region,terraced_dwellings_R1,semi_detached_dwellings_R2,detached_dwellings_R3,apartment_dwellings_R4,commercial_other_dwellings_R5_R6,total_dwellings,share_R1,share_R2,share_R3,share_R4,share_R5_R6
Flemish Region,699047,623453,921020,1000614,162267,3406401,0.205215710071,0.183023959892,0.270379206676,0.293745216726,0.047635906636
Walloon Region,457796,393702,531885,343826,85063,1812272,0.252608879903,0.217242224125,0.293490712211,0.189720969038,0.046937214723
Brussels-Capital Region,177028,17227,6208,365579,43108,609150,0.290614791102,0.028280390708,0.010191250103,0.600146105229,0.070767462858
