scenario,baseline_source_key,future_source_key,climate_year,month,month_name,n_days,T_future_year_month_C,T_future_climatology_C,T_baseline_climatology_C,T_anomaly_from_future_climatology_C,delta_T_vs_baseline_C,I_future_year_month_W_m2,I_future_climatology_W_m2,I_baseline_climatology_W_m2,solar_factor_from_future_climatology,alpha_solar_vs_baseline
rcp_2_6,rcp_2_6_baseline,rcp_2_6_future,2041,1,Jan,31,2.6097341230,2.6943410074,1.7957961872,-0.0846068844,0.8139379358,33.4375992283,40.6791874047,42.5869557046,0.8219829687,0.7851605891
rcp_2_6,rcp_2_6_baseline,rcp_2_6_future,2041,2,Feb,28,6.2856449672,3.3975578376,3.0929604117,2.8880871297,3.1926845555,66.0317642008,75.8368092174,74.8429392060,0.8707086293,0.8822711254
rcp_2_6,rcp_2_6_baseline,rcp_2_6_future,2041,3,Mar,31,7.3331552813,5.5815658077,5.0967490576,1.7515894736,2.2364062237,119.5433601872,129.8170965287,125.0433126880,0.9208599128,0.9560156206
rcp_2_6,rcp_2_6_baseline,rcp_2_6_future,2041,4,Apr,30,8.5063903809,8.4885364787,8.0480799357,0.0178539022,0.4583104451,192.0576098124,186.6435160764,186.6332404878,1.0290076711,1.0290643259
rcp_2_6,rcp_2_6_baseline,rcp_2_6_future,2041,5,May,31,11.7101330173,12.4787548434,12.0360725649,-0.7686218262,-0.3259395476,244.3204567202,233.8403748851,229.6832564433,1.0448172470,1.0637277636
rcp_2_6,rcp_2_6_baseline,rcp_2_6_future,2041,6,Jun,30,16.3410339355,17.1165529378,15.6402433042,-0.7755190023,0.7007906313,262.3771102905,264.8489715068,247.6565505981,0.9906669027,1.0594394118
rcp_2_6,rcp_2_6_baseline,rcp_2_6_future,2041,7,Jul,31,18.6579341765,19.4439457555,18.4576538195,-0.7860115790,0.2002803570,246.5344329342,253.0701313665,241.8669664526,0.9741743587,1.0192976600
rcp_2_6,rcp_2_6_baseline,rcp_2_6_future,2041,8,Aug,31,19.6353944840,18.3206846176,17.3057840764,1.3147098664,2.3296104076,222.5265968077,210.0941444274,200.3741050604,1.0591756254,1.1105556616
rcp_2_6,rcp_2_6_baseline,rcp_2_6_future,2041,9,Sep,30,15.6636932373,15.7396522013,14.0821400960,-0.0759589640,1.5815531413,162.6622422536,161.8730135059,147.0572719274,1.0048756042,1.1061149178
rcp_2_6,rcp_2_6_baseline,rcp_2_6_future,2041,10,Oct,31,10.3387350759,10.7046151930,9.3654102284,-0.3658801171,0.9733248475,90.2024335554,92.6218056925,93.3699747773,0.9738790221,0.9660753767
rcp_2_6,rcp_2_6_baseline,rcp_2_6_future,2041,11,Nov,30,5.2277313232,6.2188676961,5.1265518754,-0.9911363729,0.1011794479,50.2953677813,48.0827840439,47.7732664947,1.0460161320,1.0527931513
rcp_2_6,rcp_2_6_baseline,rcp_2_6_future,2041,12,Dec,31,2.0271801364,3.8753258490,3.0573598882,-1.8481457126,-1.0301797518,33.5122279198,30.8385268646,31.2937752367,1.0867000252,1.0708911810
rcp_2_6,rcp_2_6_baseline,rcp_2_6_future,2042,1,Jan,31,2.9587794150,2.6943410074,1.7957961872,0.2644384076,1.1629832278,30.5380496210,40.6791874047,42.5869557046,0.7507045143,0.7170751963
rcp_2_6,rcp_2_6_baseline,rcp_2_6_future,2042,2,Feb,28,4.9921737671,3.3975578376,3.0929604117,1.5946159295,1.8992133554,67.2686120101,75.8368092174,74.8429392060,0.8870179627,0.8987970372
rcp_2_6,rcp_2_6_baseline,rcp_2_6_future,2042,3,Mar,31,6.2897533786,5.5815658077,5.0967490576,0.7081875709,1.1930043210,113.6951084137,129.8170965287,125.0433126880,0.8758099777,0.9092458123
rcp_2_6,rcp_2_6_baseline,rcp_2_6_future,2042,4,Apr,30,7.9941579183,8.4885364787,8.0480799357,-0.4943785604,-0.0539220174,168.2003987630,186.6435160764,186.6332404878,0.9011853307,0.9012349479
rcp_2_6,rcp_2_6_baseline,rcp_2_6_future,2042,5,May,31,11.3212632702,12.4787548434,12.0360725649,-1.1574915732,-0.7148092947,224.7857611872,233.8403748851,229.6832564433,0.9612786556,0.9786771777
rcp_2_6,rcp_2_6_baseline,rcp_2_6_future,2042,6,Jun,30,15.5272267660,17.1165529378,15.6402433042,-1.5893261719,-0.1130165383,238.5786079407,264.8489715068,247.6565505981,0.9008100223,0.9633446293
rcp_2_6,rcp_2_6_baseline,rcp_2_6_future,2042,7,Jul,31,19.2547969695,19.4439457555,18.4576538195,-0.1891487860,0.7971431500,260.3606665827,253.0701313665,241.8669664526,1.0288083591,1.0764622817
rcp_2_6,rcp_2_6_baseline,rcp_2_6_future,2042,8,Aug,31,21.5225207913,18.3206846176,17.3057840764,3.2018361738,4.2167367149,245.8975835000,210.0941444274,200.3741050604,1.1704161683,1.2271924230
rcp_2_6,rcp_2_6_baseline,rcp_2_6_future,2042,9,Sep,30,14.4226837158,15.7396522013,14.0821400960,-1.3169684855,0.3405436198,152.0154075623,161.8730135059,147.0572719274,0.9391028453,1.0337156780
rcp_2_6,rcp_2_6_baseline,rcp_2_6_future,2042,10,Oct,31,10.6231244487,10.7046151930,9.3654102284,-0.0814907443,1.2577142203,74.2168076423,92.6218056925,93.3699747773,0.8012887148,0.7948680271
rcp_2_6,rcp_2_6_baseline,rcp_2_6_future,2042,11,Nov,30,4.8124684652,6.2188676961,5.1265518754,-1.4063992310,-0.3140834102,59.0755864461,48.0827840439,47.7732664947,1.2286224190,1.2365825237
rcp_2_6,rcp_2_6_baseline,rcp_2_6_future,2042,12,Dec,31,4.6662802419,3.8753258490,3.0573598882,0.7909543930,1.6089203537,27.8811315260,30.8385268646,31.2937752367,0.9041006287,0.8909481619
rcp_2_6,rcp_2_6_baseline,rcp_2_6_future,2043,1,Jan,31,1.9695009293,2.6943410074,1.7957961872,-0.7248400780,0.1737047421,49.0962108181,40.6791874047,42.5869557046,1.2069122800,1.1528462180
rcp_2_6,rcp_2_6_baseline,rcp_2_6_future,2043,2,Feb,28,4.3664500645,3.3975578376,3.0929604117,0.9688922270,1.2734896528,70.1910933086,75.8368092174,74.8429392060,0.9255544113,0.9378452270
rcp_2_6,rcp_2_6_baseline,rcp_2_6_future,2043,3,Mar,31,5.1840257214,5.5815658077,5.0967490576,-0.3975400863,0.0872766638,119.9371577847,129.8170965287,125.0433126880,0.9238933930,0.9591649102
rcp_2_6,rcp_2_6_baseline,rcp_2_6_future,2043,4,Apr,30,8.7735758463,8.4885364787,8.0480799357,0.2850393677,0.7254959106,220.5260346731,186.6435160764,186.6332404878,1.1815360068,1.1816010594
rcp_2_6,rcp_2_6_baseline,rcp_2_6_future,2043,5,May,31,14.7002374464,12.4787548434,12.0360725649,2.2214826030,2.6641648815,243.4331260189,233.8403748851,229.6832564433,1.0410226469,1.0598644838
rcp_2_6,rcp_2_6_baseline,rcp_2_6_future,2043,6,Jun,30,17.0864593506,17.1165529378,15.6402433042,-0.0300935872,1.4462160464,232.2919965108,264.8489715068,247.6565505981,0.8770734324,0.9379602355
rcp_2_6,rcp_2_6_baseline,rcp_2_6_future,2043,7,Jul,31,22.8835673671,19.4439457555,18.4576538195,3.4396216116,4.4259135475,273.1434353244,253.0701313665,241.8669664526,1.0793191352,1.1293126934
rcp_2_6,rcp_2_6_baseline,rcp_2_6_future,2043,8,Aug,31,15.8034321447,18.3206846176,17.3057840764,-2.5172524729,-1.5023519318,204.0195671820,210.0941444274,200.3741050604,0.9710864039,1.0181932796
rcp_2_6,rcp_2_6_baseline,rcp_2_6_future,2043,9,Sep,30,14.4583587646,15.7396522013,14.0821400960,-1.2812934367,0.3762186686,158.6783110936,161.8730135059,147.0572719274,0.9802641444,1.0790239001
rcp_2_6,rcp_2_6_baseline,rcp_2_6_future,2043,10,Oct,31,10.1665361958,10.7046151930,9.3654102284,-0.5380789972,0.8011259674,94.9351232590,92.6218056925,93.3699747773,1.0249759498,1.0167628671
rcp_2_6,rcp_2_6_baseline,rcp_2_6_future,2043,11,Nov,30,8.1221181234,6.2188676961,5.1265518754,1.9032504272,2.9955662480,46.8516736984,48.0827840439,47.7732664947,0.9743960261,0.9807090270
rcp_2_6,rcp_2_6_baseline,rcp_2_6_future,2043,12,Dec,31,4.9718803160,3.8753258490,3.0573598882,1.0965544670,1.9145204277,34.9473094171,30.8385268646,31.2937752367,1.1332353705,1.1167495501
rcp_2_6,rcp_2_6_baseline,rcp_2_6_future,2044,1,Jan,31,1.3698364258,2.6943410074,1.7957961872,-1.3245045816,-0.4259597614,44.0297107081,40.6791874047,42.5869557046,1.0823645583,1.0338778619
rcp_2_6,rcp_2_6_baseline,rcp_2_6_future,2044,2,Feb,29,1.3702510439,3.3975578376,3.0929604117,-2.0273067936,-1.7227093678,89.7202165867,75.8368092174,74.8429392060,1.1830695082,1.1987799723
rcp_2_6,rcp_2_6_baseline,rcp_2_6_future,2044,3,Mar,31,5.0211140294,5.5815658077,5.0967490576,-0.5604517783,-0.0756350282,129.1716532553,129.8170965287,125.0433126880,0.9950280565,1.0330152847
rcp_2_6,rcp_2_6_baseline,rcp_2_6_future,2044,4,Apr,30,10.4808451335,8.4885364787,8.0480799357,1.9923086548,2.4327651978,163.5587285360,186.6435160764,186.6332404878,0.8763161559,0.8763644038
rcp_2_6,rcp_2_6_baseline,rcp_2_6_future,2044,5,May,31,12.8026367188,12.4787548434,12.0360725649,0.3238818753,0.7665641539,229.5001860588,233.8403748851,229.6832564433,0.9814395233,0.9992029441
rcp_2_6,rcp_2_6_baseline,rcp_2_6_future,2044,6,Jun,30,14.8767862956,17.1165529378,15.6402433042,-2.2397666423,-0.7634570087,254.3297373454,264.8489715068,247.6565505981,0.9602821408,1.0269453270
rcp_2_6,rcp_2_6_baseline,rcp_2_6_future,2044,7,Jul,31,21.2456446494,19.4439457555,18.4576538195,1.8016988939,2.7879908299,273.2880711709,253.0701313665,241.8669664526,1.0798906599,1.1299106909
rcp_2_6,rcp_2_6_baseline,rcp_2_6_future,2044,8,Aug,31,16.7145944903,18.3206846176,17.3057840764,-1.6060901273,-0.5911895861,180.3252115557,210.0941444274,200.3741050604,0.8583066989,0.8999426922
rcp_2_6,rcp_2_6_baseline,rcp_2_6_future,2044,9,Sep,30,17.2581675212,15.7396522013,14.0821400960,1.5185153198,3.1760274251,192.1704744975,161.8730135059,147.0572719274,1.1871680791,1.3067730142
rcp_2_6,rcp_2_6_baseline,rcp_2_6_future,2044,10,Oct,31,10.2413505308,10.7046151930,9.3654102284,-0.4632646622,0.8759403024,76.5840404880,92.6218056925,93.3699747773,0.8268467659,0.8202212828
rcp_2_6,rcp_2_6_baseline,rcp_2_6_future,2044,11,Nov,30,6.7403452555,6.2188676961,5.1265518754,0.5214775594,1.6137933802,47.9451424917,48.0827840439,47.7732664947,0.9971374047,1.0035977443
rcp_2_6,rcp_2_6_baseline,rcp_2_6_future,2044,12,Dec,31,3.6745790543,3.8753258490,3.0573598882,-0.2007467947,0.6172191661,28.4617581906,30.8385268646,31.2937752367,0.9229285924,0.9095022245
rcp_2_6,rcp_2_6_baseline,rcp_2_6_future,2045,1,Jan,31,4.3950449298,2.6943410074,1.7957961872,1.7007039224,2.5992487425,35.2702330159,40.6791874047,42.5869557046,0.8670338634,0.8281933384
rcp_2_6,rcp_2_6_baseline,rcp_2_6_future,2045,2,Feb,28,2.7609366281,3.3975578376,3.0929604117,-0.6366212095,-0.3320237837,84.5569334030,75.8368092174,74.8429392060,1.1149853782,1.1297917252
rcp_2_6,rcp_2_6_baseline,rcp_2_6_future,2045,3,Mar,31,5.6531694966,5.5815658077,5.0967490576,0.0716036889,0.5564204390,126.0262456094,129.8170965287,125.0433126880,0.9707985233,1.0078607396
rcp_2_6,rcp_2_6_baseline,rcp_2_6_future,2045,4,Apr,30,9.4010874430,8.4885364787,8.0480799357,0.9125509644,1.3530075073,176.4332136790,186.6435160764,186.6332404878,0.9452951669,0.9453472126
rcp_2_6,rcp_2_6_baseline,rcp_2_6_future,2045,5,May,31,14.9101826329,12.4787548434,12.0360725649,2.4314277895,2.8741100681,258.7387129261,233.8403748851,229.6832564433,1.1064757874,1.1265022838
rcp_2_6,rcp_2_6_baseline,rcp_2_6_future,2045,6,Jun,30,18.2830708822,17.1165529378,15.6402433042,1.1665179443,2.6428275780,288.1532491048,264.8489715068,247.6565505981,1.0879908178,1.1635195936
rcp_2_6,rcp_2_6_baseline,rcp_2_6_future,2045,7,Jul,31,18.6143176663,19.4439457555,18.4576538195,-0.8296280892,0.1566638468,239.8638918477,253.0701313665,241.8669664526,0.9478158902,0.9917182795
rcp_2_6,rcp_2_6_baseline,rcp_2_6_future,2045,8,Aug,31,18.8737141271,18.3206846176,17.3057840764,0.5530295095,1.5679300506,215.4316886163,210.0941444274,200.3741050604,1.0254054876,1.0751473528
rcp_2_6,rcp_2_6_baseline,rcp_2_6_future,2045,9,Sep,30,14.8361043294,15.7396522013,14.0821400960,-0.9035478719,0.7539642334,178.7101580302,161.8730135059,147.0572719274,1.1040145245,1.2152418965
rcp_2_6,rcp_2_6_baseline,rcp_2_6_future,2045,10,Oct,31,11.2337103075,10.7046151930,9.3654102284,0.5290951144,1.8683000790,93.1395266133,92.6218056925,93.3699747773,1.0055896224,0.9975318815
rcp_2_6,rcp_2_6_baseline,rcp_2_6_future,2045,11,Nov,30,5.1809997559,6.2188676961,5.1265518754,-1.0378679403,0.0544478805,36.5488921483,48.0827840439,47.7732664947,0.7601242914,0.7650490500
rcp_2_6,rcp_2_6_baseline,rcp_2_6_future,2045,12,Dec,31,4.4786739226,3.8753258490,3.0573598882,0.6033480736,1.4213140344,28.2838155531,30.8385268646,31.2937752367,0.9171584517,0.9038160254
rcp_2_6,rcp_2_6_baseline,rcp_2_6_future,2046,1,Jan,31,2.1970714938,2.6943410074,1.7957961872,-0.4972695135,0.4012753066,47.4371544930,40.6791874047,42.5869557046,1.1661283698,1.1138893050
rcp_2_6,rcp_2_6_baseline,rcp_2_6_future,2046,2,Feb,28,3.3404229300,3.3975578376,3.0929604117,-0.0571349075,0.2474625183,68.6280885424,75.8368092174,74.8429392060,0.9049443041,0.9169614298
rcp_2_6,rcp_2_6_baseline,rcp_2_6_future,2046,3,Mar,31,7.4582291142,5.5815658077,5.0967490576,1.8766633065,2.3614800566,157.0255835748,129.8170965287,125.0433126880,1.2095909381,1.2557695426
rcp_2_6,rcp_2_6_baseline,rcp_2_6_future,2046,4,Apr,30,8.2516062419,8.4885364787,8.0480799357,-0.2369302368,0.2035263061,197.2026598612,186.6435160764,186.6332404878,1.0565738581,1.0566320305
rcp_2_6,rcp_2_6_baseline,rcp_2_6_future,2046,5,May,31,11.1623562720,12.4787548434,12.0360725649,-1.3163985714,-0.8737162929,226.6025430003,233.8403748851,229.6832564433,0.9690479803,0.9865871222
rcp_2_6,rcp_2_6_baseline,rcp_2_6_future,2046,6,Jun,30,18.8271138509,17.1165529378,15.6402433042,1.7105609131,3.1868705467,281.2661855062,264.8489715068,247.6565505981,1.0619870785,1.1357106639
rcp_2_6,rcp_2_6_baseline,rcp_2_6_future,2046,7,Jul,31,20.5989702778,19.4439457555,18.4576538195,1.1550245224,2.1413164583,278.0287086733,253.0701313665,241.8669664526,1.0986231649,1.1495108768
rcp_2_6,rcp_2_6_baseline,rcp_2_6_future,2046,8,Aug,31,15.6016292449,18.3206846176,17.3057840764,-2.7190553727,-1.7041548315,180.9000401651,210.0941444274,200.3741050604,0.8610427514,0.9028114691
rcp_2_6,rcp_2_6_baseline,rcp_2_6_future,2046,9,Sep,30,16.1677602132,15.7396522013,14.0821400960,0.4281080119,2.0856201172,134.9206715902,161.8730135059,147.0572719274,0.8334970028,0.9174702469
rcp_2_6,rcp_2_6_baseline,rcp_2_6_future,2046,10,Oct,31,9.8739051081,10.7046151930,9.3654102284,-0.8307100850,0.5084948796,98.9031244093,92.6218056925,93.3699747773,1.0678168458,1.0592604812
rcp_2_6,rcp_2_6_baseline,rcp_2_6_future,2046,11,Nov,30,8.0601023356,6.2188676961,5.1265518754,1.8412346395,2.9335504602,40.9874082883,48.0827840439,47.7732664947,0.8524341738,0.8579569976
rcp_2_6,rcp_2_6_baseline,rcp_2_6_future,2046,12,Dec,31,2.4597451487,3.8753258490,3.0573598882,-1.4155807003,-0.5976147395,32.2792371781,30.8385268646,31.2937752367,1.0467178708,1.0314906698
rcp_2_6,rcp_2_6_baseline,rcp_2_6_future,2047,1,Jan,31,2.9601399083,2.6943410074,1.7957961872,0.2657989010,1.1643437211,36.1128734466,40.6791874047,42.5869557046,0.8877481521,0.8479796888
rcp_2_6,rcp_2_6_baseline,rcp_2_6_future,2047,2,Feb,28,4.8241886684,3.3975578376,3.0929604117,1.4266308308,1.7312282567,73.1225947993,75.8368092174,74.8429392060,0.9642098020,0.9770139385
rcp_2_6,rcp_2_6_baseline,rcp_2_6_future,2047,3,Mar,31,3.6833041283,5.5815658077,5.0967490576,-1.8982616794,-1.4134449292,126.9242385126,129.8170965287,125.0433126880,0.9777158934,1.0150421945
rcp_2_6,rcp_2_6_baseline,rcp_2_6_future,2047,4,Apr,30,7.9932362874,8.4885364787,8.0480799357,-0.4953001912,-0.0548436483,180.7033856710,186.6435160764,186.6332404878,0.9681739257,0.9682272311
rcp_2_6,rcp_2_6_baseline,rcp_2_6_future,2047,5,May,31,10.1660085371,12.4787548434,12.0360725649,-2.3127463064,-1.8700640278,197.8068707374,233.8403748851,229.6832564433,0.8459055492,0.8612158927
rcp_2_6,rcp_2_6_baseline,rcp_2_6_future,2047,6,Jun,30,13.9433827718,17.1165529378,15.6402433042,-3.1731701660,-1.6968605324,256.8023325602,264.8489715068,247.6565505981,0.9696180095,1.0369292956
rcp_2_6,rcp_2_6_baseline,rcp_2_6_future,2047,7,Jul,31,20.5548615486,19.4439457555,18.4576538195,1.1109157931,2.0972077291,272.2386536137,253.0701313665,241.8669664526,1.0757439139,1.1255718696
rcp_2_6,rcp_2_6_baseline,rcp_2_6_future,2047,8,Aug,31,19.5124401462,18.3206846176,17.3057840764,1.1917555286,2.2066560697,210.1299492621,210.0941444274,200.3741050604,1.0001704228,1.0486881486
rcp_2_6,rcp_2_6_baseline,rcp_2_6_future,2047,9,Sep,30,18.2428609212,15.7396522013,14.0821400960,2.5032087199,4.1607208252,200.4575256348,161.8730135059,147.0572719274,1.2383628456,1.3631255565
rcp_2_6,rcp_2_6_baseline,rcp_2_6_future,2047,10,Oct,31,10.1833553191,10.7046151930,9.3654102284,-0.5212598739,0.8179450907,93.9880292339,92.6218056925,93.3699747773,1.0147505604,1.0066194133
rcp_2_6,rcp_2_6_baseline,rcp_2_6_future,2047,11,Nov,30,7.1910705566,6.2188676961,5.1265518754,0.9722028605,2.0645186813,44.3802212397,48.0827840439,47.7732664947,0.9229960811,0.9289760675
rcp_2_6,rcp_2_6_baseline,rcp_2_6_future,2047,12,Dec,31,4.0051287251,3.8753258490,3.0573598882,0.1298028761,0.9477688369,28.4697270393,30.8385268646,31.2937752367,0.9231869980,0.9097568709
rcp_2_6,rcp_2_6_baseline,rcp_2_6_future,2048,1,Jan,31,3.7859495101,2.6943410074,1.7957961872,1.0916085028,1.9901533229,43.3106173700,40.6791874047,42.5869557046,1.0646873778,1.0169925662
rcp_2_6,rcp_2_6_baseline,rcp_2_6_future,2048,2,Feb,29,2.6100781671,3.3975578376,3.0929604117,-0.7874796705,-0.4828822446,81.4536433384,75.8368092174,74.8429392060,1.0740647474,1.0883276927
rcp_2_6,rcp_2_6_baseline,rcp_2_6_future,2048,3,Mar,31,5.5239944950,5.5815658077,5.0967490576,-0.0575713127,0.4272454375,136.8452590204,129.8170965287,125.0433126880,1.0541389592,1.0943828669
rcp_2_6,rcp_2_6_baseline,rcp_2_6_future,2048,4,Apr,30,7.8994537354,8.4885364787,8.0480799357,-0.5890827433,-0.1486262004,164.1724721273,186.6435160764,186.6332404878,0.8796044758,0.8796529048
rcp_2_6,rcp_2_6_baseline,rcp_2_6_future,2048,5,May,31,14.6742138278,12.4787548434,12.0360725649,2.1954589844,2.6381412629,247.9737066453,233.8403748851,229.6832564433,1.0604400834,1.0796333633
rcp_2_6,rcp_2_6_baseline,rcp_2_6_future,2048,6,Jun,30,13.6265625000,17.1165529378,15.6402433042,-3.4899904378,-2.0136808042,261.2087534587,264.8489715068,247.6565505981,0.9862554949,1.0547217622
rcp_2_6,rcp_2_6_baseline,rcp_2_6_future,2048,7,Jul,31,16.6860083795,19.4439457555,18.4576538195,-2.7579373760,-1.7716454400,248.5789228870,253.0701313665,241.8669664526,0.9822531073,1.0277506124
rcp_2_6,rcp_2_6_baseline,rcp_2_6_future,2048,8,Aug,31,16.9948777722,18.3206846176,17.3057840764,-1.3258068454,-0.3109063043,203.7829049633,210.0941444274,200.3741050604,0.9699599459,1.0170121778
rcp_2_6,rcp_2_6_baseline,rcp_2_6_future,2048,9,Sep,30,14.2012685140,15.7396522013,14.0821400960,-1.5383836873,0.1191284180,166.8482852936,161.8730135059,147.0572719274,1.0307356469,1.1345803108
rcp_2_6,rcp_2_6_baseline,rcp_2_6_future,2048,10,Oct,31,10.4883539015,10.7046151930,9.3654102284,-0.2162612915,1.1229436731,108.8368735775,92.6218056925,93.3699747773,1.1750674991,1.1656517402
rcp_2_6,rcp_2_6_baseline,rcp_2_6_future,2048,11,Nov,30,4.7049631755,6.2188676961,5.1265518754,-1.5139045207,-0.4215886999,44.3466406822,48.0827840439,47.7732664947,0.9222976906,0.9282731522
rcp_2_6,rcp_2_6_baseline,rcp_2_6_future,2048,12,Dec,31,4.6249249858,3.8753258490,3.0573598882,0.7495991368,1.5675650976,29.9189391290,30.8385268646,31.2937752367,0.9701805557,0.9560667865
rcp_2_6,rcp_2_6_baseline,rcp_2_6_future,2049,1,Jan,31,4.7201605028,2.6943410074,1.7957961872,2.0258194954,2.9243643156,42.7685613632,40.6791874047,42.5869557046,1.0513622344,1.0042643494
rcp_2_6,rcp_2_6_baseline,rcp_2_6_future,2049,2,Feb,28,3.8921458653,3.3975578376,3.0929604117,0.4945880277,0.7991854536,72.6399208137,75.8368092174,74.8429392060,0.9578451620,0.9705647798
rcp_2_6,rcp_2_6_baseline,rcp_2_6_future,2049,3,Mar,31,6.6762378323,5.5815658077,5.0967490576,1.0946720246,1.5794887748,137.1938978626,129.8170965287,125.0433126880,1.0568245750,1.0971710115
rcp_2_6,rcp_2_6_baseline,rcp_2_6_future,2049,4,Apr,30,6.2579071045,8.4885364787,8.0480799357,-2.2306293742,-1.7901728312,160.7007906596,186.6435160764,186.6332404878,0.8610038754,0.8610512803
rcp_2_6,rcp_2_6_baseline,rcp_2_6_future,2049,5,May,31,11.6048582016,12.4787548434,12.0360725649,-0.8738966419,-0.4312143633,241.2931653915,233.8403748851,229.6832564433,1.0318712733,1.0505474762
rcp_2_6,rcp_2_6_baseline,rcp_2_6_future,2049,6,Jun,30,20.0547637939,17.1165529378,15.6402433042,2.9382108561,4.4145204897,284.2294158936,264.8489715068,247.6565505981,1.0731754565,1.1476757437
rcp_2_6,rcp_2_6_baseline,rcp_2_6_future,2049,7,Jul,31,20.3540745889,19.4439457555,18.4576538195,0.9101288334,1.8964207694,258.6484141196,253.0701313665,241.8669664526,1.0220424383,1.0693829666
rcp_2_6,rcp_2_6_baseline,rcp_2_6_future,2049,8,Aug,31,20.2293128229,18.3206846176,17.3057840764,1.9086282053,2.9235287465,234.2751302411,210.0941444274,200.3741050604,1.1150959532,1.1691886542
rcp_2_6,rcp_2_6_baseline,rcp_2_6_future,2049,9,Sep,30,15.5690277100,15.7396522013,14.0821400960,-0.1706244914,1.4868876139,161.0530948639,161.8730135059,147.0572719274,0.9949348034,1.0951726001
rcp_2_6,rcp_2_6_baseline,rcp_2_6_future,2049,10,Oct,31,11.0091403100,10.7046151930,9.3654102284,0.3045251170,1.6437300815,93.2272677268,92.6218056925,93.3699747773,1.0065369276,0.9984715959
rcp_2_6,rcp_2_6_baseline,rcp_2_6_future,2049,11,Nov,30,6.4603790283,6.2188676961,5.1265518754,0.2415113322,1.3338271530,49.1011356989,48.0827840439,47.7732664947,1.0211791325,1.0277952357
rcp_2_6,rcp_2_6_baseline,rcp_2_6_future,2049,12,Dec,31,1.6981573289,3.8753258490,3.0573598882,-2.1771685200,-1.3592025593,35.1550920856,30.8385268646,31.2937752367,1.1399731330,1.1233892945
rcp_2_6,rcp_2_6_baseline,rcp_2_6_future,2050,1,Jan,31,-2.1176326629,2.6943410074,1.7957961872,-4.8119736702,-3.9134288501,49.3688208057,40.6791874047,42.5869557046,1.2136137410,1.1592474735
rcp_2_6,rcp_2_6_baseline,rcp_2_6_future,2050,2,Feb,28,0.8621601650,3.3975578376,3.0929604117,-2.5353976726,-2.2308002468,90.5892335347,75.8368092174,74.8429392060,1.1945285471,1.2103911805
rcp_2_6,rcp_2_6_baseline,rcp_2_6_future,2050,3,Mar,31,3.6021224483,5.5815658077,5.0967490576,-1.9794433594,-1.4946266092,127.7888576138,129.8170965287,125.0433126880,0.9843761803,1.0219567514
rcp_2_6,rcp_2_6_baseline,rcp_2_6_future,2050,4,Apr,30,10.6893198649,8.4885364787,8.0480799357,2.2007833862,2.6412399292,201.9066708883,186.6435160764,186.6332404878,1.0817770429,1.0818366030
rcp_2_6,rcp_2_6_baseline,rcp_2_6_future,2050,5,May,31,10.8097000614,12.4787548434,12.0360725649,-1.6690547820,-1.2263725035,252.5045791134,233.8403748851,229.6832564433,1.0798160037,1.0993599752
rcp_2_6,rcp_2_6_baseline,rcp_2_6_future,2050,6,Jun,30,16.2473266602,17.1165529378,15.6402433042,-0.8692262777,0.6070833559,276.4357772827,264.8489715068,247.6565505981,1.0437487286,1.1162062001
rcp_2_6,rcp_2_6_baseline,rcp_2_6_future,2050,7,Jul,31,17.2437820927,19.4439457555,18.4576538195,-2.2001636628,-1.2138717269,238.2342578519,253.0701313665,241.8669664526,0.9413764341,0.9849805509
rcp_2_6,rcp_2_6_baseline,rcp_2_6_future,2050,8,Aug,31,16.7324590868,18.3206846176,17.3057840764,-1.5882255308,-0.5733249897,193.3777655325,210.0941444274,200.3741050604,0.9204338658,0.9650836143
rcp_2_6,rcp_2_6_baseline,rcp_2_6_future,2050,9,Sep,30,16.8213775635,15.7396522013,14.0821400960,1.0817253621,2.7392374674,182.9889241536,161.8730135059,147.0572719274,1.1304473809,1.2443378131
rcp_2_6,rcp_2_6_baseline,rcp_2_6_future,2050,10,Oct,31,11.3881794591,10.7046151930,9.3654102284,0.6835642661,2.0227692307,88.1376644258,92.6218056925,93.3699747773,0.9515865488,0.9439615319
rcp_2_6,rcp_2_6_baseline,rcp_2_6_future,2050,11,Nov,30,5.1931559245,6.2188676961,5.1265518754,-1.0257117716,0.0666040491,46.5907636484,48.0827840439,47.7732664947,0.9689697586,0.9752476032
rcp_2_6,rcp_2_6_baseline,rcp_2_6_future,2050,12,Dec,31,6.0611914850,3.8753258490,3.0573598882,2.1858656360,3.0038315968,26.5119382335,30.8385268646,31.2937752367,0.8597018382,0.8471952659
rcp_2_6,rcp_2_6_baseline,rcp_2_6_future,2051,1,Jan,31,1.7998901367,2.6943410074,1.7957961872,-0.8944508706,0.0040939495,42.3538619626,40.6791874047,42.5869557046,1.0411678469,0.9945266400
rcp_2_6,rcp_2_6_baseline,rcp_2_6_future,2051,2,Feb,28,2.1556259155,3.3975578376,3.0929604117,-1.2419319220,-0.9373344962,61.9617765972,75.8368092174,74.8429392060,0.8170409230,0.8278907437
rcp_2_6,rcp_2_6_baseline,rcp_2_6_future,2051,3,Mar,31,6.6365935295,5.5815658077,5.0967490576,1.0550277218,1.5398444719,129.3468718990,129.8170965287,125.0433126880,0.9963777912,1.0344165483
rcp_2_6,rcp_2_6_baseline,rcp_2_6_future,2051,4,Apr,30,6.1276428223,8.4885364787,8.0480799357,-2.3608936564,-1.9204371135,163.5019340515,186.6435160764,186.6332404878,0.8760118620,0.8760600932
rcp_2_6,rcp_2_6_baseline,rcp_2_6_future,2051,5,May,31,12.3710433468,12.4787548434,12.0360725649,-0.1077114967,0.3349707819,229.9250220022,233.8403748851,229.6832564433,0.9832563009,1.0010526042
rcp_2_6,rcp_2_6_baseline,rcp_2_6_future,2051,6,Jun,30,15.6184692383,17.1165529378,15.6402433042,-1.4980836996,-0.0217740659,242.8498931885,264.8489715068,247.6565505981,0.9169372711,0.9805914384
rcp_2_6,rcp_2_6_baseline,rcp_2_6_future,2051,7,Jul,31,16.7136386010,19.4439457555,18.4576538195,-2.7303071545,-1.7440152185,213.5952619122,253.0701313665,241.8669664526,0.8440160866,0.8831105175
rcp_2_6,rcp_2_6_baseline,rcp_2_6_future,2051,8,Aug,31,17.0793750394,18.3206846176,17.3057840764,-1.2413095782,-0.2264090371,195.9348891474,210.0941444274,200.3741050604,0.9326051884,0.9778453612
rcp_2_6,rcp_2_6_baseline,rcp_2_6_future,2051,9,Sep,30,16.0397776286,15.7396522013,14.0821400960,0.3001254272,1.9576375326,148.9393984477,161.8730135059,147.0572719274,0.9201002392,1.0127985954
rcp_2_6,rcp_2_6_baseline,rcp_2_6_future,2051,10,Oct,31,9.6683574061,10.7046151930,9.3654102284,-1.0362577869,0.3029471777,102.9875050822,92.6218056925,93.3699747773,1.1119142443,1.1030045293
rcp_2_6,rcp_2_6_baseline,rcp_2_6_future,2051,11,Nov,30,7.6826466878,6.2188676961,5.1265518754,1.4637789917,2.5560948125,47.0930479685,48.0827840439,47.7732664947,0.9794159990,0.9857615236
rcp_2_6,rcp_2_6_baseline,rcp_2_6_future,2051,12,Dec,31,1.4879040134,3.8753258490,3.0573598882,-2.3874218356,-1.5694558749,31.0069401649,30.8385268646,31.2937752367,1.0054611331,0.9908341173
rcp_2_6,rcp_2_6_baseline,rcp_2_6_future,2052,1,Jan,31,1.3714125110,2.6943410074,1.7957961872,-1.3229284963,-0.4243836762,38.3503295222,40.6791874047,42.5869557046,0.9427506292,0.9005182194
rcp_2_6,rcp_2_6_baseline,rcp_2_6_future,2052,2,Feb,29,4.1610498889,3.3975578376,3.0929604117,0.7634920513,1.0680894771,70.3511561032,75.8368092174,74.8429392060,0.9276650327,0.9399838762
rcp_2_6,rcp_2_6_baseline,rcp_2_6_future,2052,3,Mar,31,6.2634334441,5.5815658077,5.0967490576,0.6818676364,1.1666843865,162.1716671605,129.8170965287,125.0433126880,1.2492319694,1.2969239512
rcp_2_6,rcp_2_6_baseline,rcp_2_6_future,2052,4,Apr,30,6.1838165283,8.4885364787,8.0480799357,-2.3047199504,-1.8642634074,184.6843811035,186.6435160764,186.6332404878,0.9895033323,0.9895578120
rcp_2_6,rcp_2_6_baseline,rcp_2_6_future,2052,5,May,31,12.3213961694,12.4787548434,12.0360725649,-0.1573586741,0.2853236045,236.2149254583,233.8403748851,229.6832564433,1.0101545791,1.0284377238
rcp_2_6,rcp_2_6_baseline,rcp_2_6_future,2052,6,Jun,30,17.8853780111,17.1165529378,15.6402433042,0.7688250732,2.2451347069,286.7079915365,264.8489715068,247.6565505981,1.0825339057,1.1576838603
rcp_2_6,rcp_2_6_baseline,rcp_2_6_future,2052,7,Jul,31,20.5650662330,19.4439457555,18.4576538195,1.1211204775,2.1074124135,270.5878118700,253.0701313665,241.8669664526,1.0692206560,1.1187464574
rcp_2_6,rcp_2_6_baseline,rcp_2_6_future,2052,8,Aug,31,21.7691166047,18.3206846176,17.3057840764,3.4484319872,4.4633325283,239.6366778958,210.0941444274,200.3741050604,1.1406156918,1.1959463416
rcp_2_6,rcp_2_6_baseline,rcp_2_6_future,2052,9,Sep,30,17.5017049154,15.7396522013,14.0821400960,1.7620527140,3.4195648193,156.4040908813,161.8730135059,147.0572719274,0.9662147352,1.0635590395
rcp_2_6,rcp_2_6_baseline,rcp_2_6_future,2052,10,Oct,31,12.6148472940,10.7046151930,9.3654102284,1.9102321010,3.2494370655,96.6967246763,92.6218056925,93.3699747773,1.0439952445,1.0356297611
rcp_2_6,rcp_2_6_baseline,rcp_2_6_future,2052,11,Nov,30,5.3007385254,6.2188676961,5.1265518754,-0.9181291707,0.1741866500,49.0111692111,48.0827840439,47.7732664947,1.0193080577,1.0259120384
rcp_2_6,rcp_2_6_baseline,rcp_2_6_future,2052,12,Dec,31,3.8234605358,3.8753258490,3.0573598882,-0.0518653131,0.7661006476,24.8795147865,30.8385268646,31.2937752367,0.8067672913,0.7950307880
rcp_2_6,rcp_2_6_baseline,rcp_2_6_future,2053,1,Jan,31,2.3568438130,2.6943410074,1.7957961872,-0.3374971943,0.5610476258,40.3520735464,40.6791874047,42.5869557046,0.9919586924,0.9475219085
rcp_2_6,rcp_2_6_baseline,rcp_2_6_future,2053,2,Feb,28,3.8734494890,3.3975578376,3.0929604117,0.4758916515,0.7804890773,80.7916049276,75.8368092174,74.8429392060,1.0653349707,1.0794819897
rcp_2_6,rcp_2_6_baseline,rcp_2_6_future,2053,3,Mar,31,6.4363765594,5.5815658077,5.0967490576,0.8548107516,1.3396275018,105.4021295117,129.8170965287,125.0433126880,0.8119279535,0.8429249613
rcp_2_6,rcp_2_6_baseline,rcp_2_6_future,2053,4,Apr,30,8.7024963379,8.4885364787,8.0480799357,0.2139598592,0.6544164022,227.0491963704,186.6435160764,186.6332404878,1.2164858504,1.2165528272
rcp_2_6,rcp_2_6_baseline,rcp_2_6_future,2053,5,May,31,11.7225192162,12.4787548434,12.0360725649,-0.7562356272,-0.3135533487,238.9025124581,233.8403748851,229.6832564433,1.0216478338,1.0401389991
rcp_2_6,rcp_2_6_baseline,rcp_2_6_future,2053,6,Jun,30,17.5379231771,17.1165529378,15.6402433042,0.4213702393,1.8976798729,265.0121208191,264.8489715068,247.6565505981,1.0006160089,1.0700791890
rcp_2_6,rcp_2_6_baseline,rcp_2_6_future,2053,7,Jul,31,17.6973274477,19.4439457555,18.4576538195,-1.7466183078,-0.7603263718,232.3904463245,253.0701313665,241.8669664526,0.9182847658,0.9608192873
rcp_2_6,rcp_2_6_baseline,rcp_2_6_future,2053,8,Aug,31,18.1984369093,18.3206846176,17.3057840764,-0.1222477082,0.8926528329,210.7222098074,210.0941444274,200.3741050604,1.0029894473,1.0516439225
rcp_2_6,rcp_2_6_baseline,rcp_2_6_future,2053,9,Sep,30,16.1135823568,15.7396522013,14.0821400960,0.3739301554,2.0314422607,158.1025292714,161.8730135059,147.0572719274,0.9767071475,1.0751085424
rcp_2_6,rcp_2_6_baseline,rcp_2_6_future,2053,10,Oct,31,12.2230764081,10.7046151930,9.3654102284,1.5184612151,2.8576661797,91.4818879404,92.6218056925,93.3699747773,0.9876927712,0.9797784369
rcp_2_6,rcp_2_6_baseline,rcp_2_6_future,2053,11,Nov,30,6.6733703613,6.2188676961,5.1265518754,0.4545026652,1.5468184860,47.0631855329,48.0827840439,47.7732664947,0.9787949360,0.9851364369
rcp_2_6,rcp_2_6_baseline,rcp_2_6_future,2053,12,Dec,31,4.9080651068,3.8753258490,3.0573598882,1.0327392578,1.8507052186,30.0026703035,30.8385268646,31.2937752367,0.9728957040,0.9587424360
rcp_2_6,rcp_2_6_baseline,rcp_2_6_future,2054,1,Jan,31,0.7253829464,2.6943410074,1.7957961872,-1.9689580610,-1.0704132408,51.3025467780,40.6791874047,42.5869557046,1.2611497439,1.2046540057
rcp_2_6,rcp_2_6_baseline,rcp_2_6_future,2054,2,Feb,28,2.5286095755,3.3975578376,3.0929604117,-0.8689482620,-0.5643508362,89.4160603796,75.8368092174,74.8429392060,1.1790588410,1.1947160457
rcp_2_6,rcp_2_6_baseline,rcp_2_6_future,2054,3,Mar,31,5.9671934066,5.5815658077,5.0967490576,0.3856275989,0.8704443491,126.7060184479,129.8170965287,125.0433126880,0.9760349125,1.0132970386
rcp_2_6,rcp_2_6_baseline,rcp_2_6_future,2054,4,Apr,30,8.6443206787,8.4885364787,8.0480799357,0.1557842000,0.5962407430,190.2332054138,186.6435160764,186.6332404878,1.0192328639,1.0192889804
rcp_2_6,rcp_2_6_baseline,rcp_2_6_future,2054,5,May,31,12.6034406108,12.4787548434,12.0360725649,0.1246857674,0.5673680459,228.0669412921,233.8403748851,229.6832564433,0.9753103646,0.9929628516
rcp_2_6,rcp_2_6_baseline,rcp_2_6_future,2054,6,Jun,30,17.3979888916,17.1165529378,15.6402433042,0.2814359538,1.7577455874,250.5439956665,264.8489715068,247.6565505981,0.9459881767,1.0116590700
rcp_2_6,rcp_2_6_baseline,rcp_2_6_future,2054,7,Jul,31,19.9505593577,19.4439457555,18.4576538195,0.5066136022,1.4929055381,247.1624124589,253.0701313665,241.8669664526,0.9766558034,1.0218940440
rcp_2_6,rcp_2_6_baseline,rcp_2_6_future,2054,8,Aug,31,18.1304181499,18.3206846176,17.3057840764,-0.1902664677,0.8246340735,214.6508311610,210.0941444274,200.3741050604,1.0216887850,1.0712503549
rcp_2_6,rcp_2_6_baseline,rcp_2_6_future,2054,9,Sep,30,16.2974772135,15.7396522013,14.0821400960,0.5578250122,2.2153371175,150.3967356364,161.8730135059,147.0572719274,0.9291032049,1.0227085928
rcp_2_6,rcp_2_6_baseline,rcp_2_6_future,2054,10,Oct,31,10.3838873094,10.7046151930,9.3654102284,-0.3207278836,1.0184770810,90.9535527383,92.6218056925,93.3699747773,0.9819885507,0.9741199240
rcp_2_6,rcp_2_6_baseline,rcp_2_6_future,2054,11,Nov,30,3.3794087728,6.2188676961,5.1265518754,-2.8394589233,-1.7471431026,59.5934645335,48.0827840439,47.7732664947,1.2393929702,1.2474228560
rcp_2_6,rcp_2_6_baseline,rcp_2_6_future,2054,12,Dec,31,4.4989031392,3.8753258490,3.0573598882,0.6235772902,1.4415432510,30.0866894260,30.8385268646,31.2937752367,0.9756201896,0.9614272870
rcp_2_6,rcp_2_6_baseline,rcp_2_6_future,2055,1,Jan,31,3.4886886105,2.6943410074,1.7957961872,0.7943476031,1.6928924232,36.2085674040,40.6791874047,42.5869557046,0.8901005579,0.8502267139
rcp_2_6,rcp_2_6_baseline,rcp_2_6_future,2055,2,Feb,28,2.8255107335,3.3975578376,3.0929604117,-0.5720471041,-0.2674496783,72.8244609833,75.8368092174,74.8429392060,0.9602785472,0.9730304790
rcp_2_6,rcp_2_6_baseline,rcp_2_6_future,2055,3,Mar,31,6.0867504489,5.5815658077,5.0967490576,0.5051846412,0.9900013913,123.7533585948,129.8170965287,125.0433126880,0.9532901436,0.9896839418
rcp_2_6,rcp_2_6_baseline,rcp_2_6_future,2055,4,Apr,30,6.3060780843,8.4885364787,8.0480799357,-2.1824583944,-1.7420018514,195.5188298543,186.6435160764,186.6332404878,1.0475522213,1.0476098971
rcp_2_6,rcp_2_6_baseline,rcp_2_6_future,2055,5,May,31,13.4974668441,12.4787548434,12.0360725649,1.0187120007,1.4613942792,236.6539635197,233.8403748851,229.6832564433,1.0120320908,1.0303492174
rcp_2_6,rcp_2_6_baseline,rcp_2_6_future,2055,6,Jun,30,18.5897349040,17.1165529378,15.6402433042,1.4731819661,2.9494915997,272.0209648132,264.8489715068,247.6565505981,1.0270795588,1.0983798497
rcp_2_6,rcp_2_6_baseline,rcp_2_6_future,2055,7,Jul,31,16.7478803081,19.4439457555,18.4576538195,-2.6960654474,-1.7097735114,218.2292866861,253.0701313665,241.8669664526,0.8623273142,0.9022699126
rcp_2_6,rcp_2_6_baseline,rcp_2_6_future,2055,8,Aug,31,16.1107490786,18.3206846176,17.3057840764,-2.2099355390,-1.1950349979,199.7401753087,210.0941444274,200.3741050604,0.9507174788,0.9968362691
rcp_2_6,rcp_2_6_baseline,rcp_2_6_future,2055,9,Sep,30,14.3036285400,15.7396522013,14.0821400960,-1.4360236613,0.2214884440,147.6898338318,161.8730135059,147.0572719274,0.9123808264,1.0043014663
rcp_2_6,rcp_2_6_baseline,rcp_2_6_future,2055,10,Oct,31,8.7836971160,10.7046151930,9.3654102284,-1.9209180770,-0.5817131125,83.6608226530,92.6218056925,93.3699747773,0.9032519073,0.8960141936
rcp_2_6,rcp_2_6_baseline,rcp_2_6_future,2055,11,Nov,30,4.7339223226,6.2188676961,5.1265518754,-1.4849453735,-0.3926295528,52.3801116625,48.0827840439,47.7732664947,1.0893735191,1.0964314460
rcp_2_6,rcp_2_6_baseline,rcp_2_6_future,2055,12,Dec,31,0.0283959173,3.8753258490,3.0573598882,-3.8469299316,-3.0289639709,33.5025663376,30.8385268646,31.2937752367,1.0863867293,1.0705824428
rcp_2_6,rcp_2_6_baseline,rcp_2_6_future,2056,1,Jan,31,4.5266692131,2.6943410074,1.7957961872,1.8323282057,2.7308730259,32.7977598867,40.6791874047,42.5869557046,0.8062540572,0.7701362857
rcp_2_6,rcp_2_6_baseline,rcp_2_6_future,2056,2,Feb,29,3.0763078361,3.3975578376,3.0929604117,-0.3212500015,-0.0166525757,75.7206389986,75.8368092174,74.8429392060,0.9984681552,1.0117272224
rcp_2_6,rcp_2_6_baseline,rcp_2_6_future,2056,3,Mar,31,5.9685972152,5.5815658077,5.0967490576,0.3870314075,0.8718481577,145.8868693690,129.8170965287,125.0433126880,1.1237878005,1.1666906949
rcp_2_6,rcp_2_6_baseline,rcp_2_6_future,2056,4,Apr,30,10.9328796387,8.4885364787,8.0480799357,2.4443431600,2.8847997030,214.9314614614,186.6435160764,186.6332404878,1.1515613614,1.1516247636
rcp_2_6,rcp_2_6_baseline,rcp_2_6_future,2056,5,May,31,12.4191754741,12.4787548434,12.0360725649,-0.0595793693,0.3831029092,216.2099400182,233.8403748851,229.6832564433,0.9246048298,0.9413395794
rcp_2_6,rcp_2_6_baseline,rcp_2_6_future,2056,6,Jun,30,18.8971201579,17.1165529378,15.6402433042,1.7805672201,3.2568768537,270.9035044352,264.8489715068,247.6565505981,1.0228603226,1.0938677123
rcp_2_6,rcp_2_6_baseline,rcp_2_6_future,2056,7,Jul,31,19.0604049190,19.4439457555,18.4576538195,-0.3835408365,0.6027510995,251.7305273241,253.0701313665,241.8669664526,0.9947065897,1.0407809343
rcp_2_6,rcp_2_6_baseline,rcp_2_6_future,2056,8,Aug,31,20.7503975161,18.3206846176,17.3057840764,2.4297128985,3.4446134396,232.7422741305,210.0941444274,200.3741050604,1.1077999092,1.1615386832
rcp_2_6,rcp_2_6_baseline,rcp_2_6_future,2056,9,Sep,30,15.2082153320,15.7396522013,14.0821400960,-0.5314368693,1.1260752360,156.4339767456,161.8730135059,147.0572719274,0.9663993606,1.0637622655
rcp_2_6,rcp_2_6_baseline,rcp_2_6_future,2056,10,Oct,31,11.4180699502,10.7046151930,9.3654102284,0.7134547572,2.0526597218,93.2240348324,92.6218056925,93.3699747773,1.0065020233,0.9984369714
rcp_2_6,rcp_2_6_baseline,rcp_2_6_future,2056,11,Nov,30,4.8069091797,6.2188676961,5.1265518754,-1.4119585164,-0.3196426957,48.7828969320,48.0827840439,47.7732664947,1.0145605730,1.0211337953
rcp_2_6,rcp_2_6_baseline,rcp_2_6_future,2056,12,Dec,31,3.1961795930,3.8753258490,3.0573598882,-0.6791462560,0.1388197048,34.1106155149,30.8385268646,31.2937752367,1.1061039220,1.0900127983
rcp_2_6,rcp_2_6_baseline,rcp_2_6_future,2057,1,Jan,31,1.7902790685,2.6943410074,1.7957961872,-0.9040619389,-0.0055171187,36.5956718076,40.6791874047,42.5869557046,0.8996165888,0.8593164551
rcp_2_6,rcp_2_6_baseline,rcp_2_6_future,2057,2,Feb,28,3.0458552769,3.3975578376,3.0929604117,-0.3517025606,-0.0471051348,79.1466299466,75.8368092174,74.8429392060,1.0436439872,1.0575029627
rcp_2_6,rcp_2_6_baseline,rcp_2_6_future,2057,3,Mar,31,5.8535459457,5.5815658077,5.0967490576,0.2719801380,0.7567968881,147.7740045363,129.8170965287,125.0433126880,1.1383246775,1.1817825469
rcp_2_6,rcp_2_6_baseline,rcp_2_6_future,2057,4,Apr,30,8.1969340006,8.4885364787,8.0480799357,-0.2916024780,0.1488540649,166.9911334991,186.6435160764,186.6332404878,0.8947063204,0.8947555809
rcp_2_6,rcp_2_6_baseline,rcp_2_6_future,2057,5,May,31,14.8225735572,12.4787548434,12.0360725649,2.3438187138,2.7865009923,271.3429223337,233.8403748851,229.6832564433,1.1603766991,1.1813787672
rcp_2_6,rcp_2_6_baseline,rcp_2_6_future,2057,6,Jun,30,15.2553883870,17.1165529378,15.6402433042,-1.8611645508,-0.3848549172,249.8455604553,264.8489715068,247.6565505981,0.9433510692,1.0088388934
rcp_2_6,rcp_2_6_baseline,rcp_2_6_future,2057,7,Jul,31,18.3872156943,19.4439457555,18.4576538195,-1.0567300612,-0.0704381252,230.3388279330,253.0701313665,241.8669664526,0.9101778495,0.9523368623
rcp_2_6,rcp_2_6_baseline,rcp_2_6_future,2057,8,Aug,31,19.8061649446,18.3206846176,17.3057840764,1.4854803270,2.5003808681,215.3749635758,210.0941444274,200.3741050604,1.0251354894,1.0748642571
rcp_2_6,rcp_2_6_baseline,rcp_2_6_future,2057,9,Sep,30,17.5227254232,15.7396522013,14.0821400960,1.7830732218,3.4405853272,169.5502805074,161.8730135059,147.0572719274,1.0474277141,1.1529540721
rcp_2_6,rcp_2_6_baseline,rcp_2_6_future,2057,10,Oct,31,9.3687939059,10.7046151930,9.3654102284,-1.3358212871,0.0033836775,86.2557519482,92.6218056925,93.3699747773,0.9312683045,0.9238060967
rcp_2_6,rcp_2_6_baseline,rcp_2_6_future,2057,11,Nov,30,4.7032806397,6.2188676961,5.1265518754,-1.5155870565,-0.4232712357,44.4568111579,48.0827840439,47.7732664947,0.9245889572,0.9305792637
rcp_2_6,rcp_2_6_baseline,rcp_2_6_future,2057,12,Dec,31,3.7538519090,3.8753258490,3.0573598882,-0.1214739400,0.6964920208,36.4764588571,30.8385268646,31.2937752367,1.1828210542,1.1656138827
rcp_2_6,rcp_2_6_baseline,rcp_2_6_future,2058,1,Jan,31,3.9470862604,2.6943410074,1.7957961872,1.2527452530,2.1512900732,40.4453437713,40.6791874047,42.5869557046,0.9942515166,0.9497120210
rcp_2_6,rcp_2_6_baseline,rcp_2_6_future,2058,2,Feb,28,5.4615341187,3.3975578376,3.0929604117,2.0639762811,2.3685737069,67.1863562720,75.8368092174,74.8429392060,0.8859333214,0.8976979924
rcp_2_6,rcp_2_6_baseline,rcp_2_6_future,2058,3,Mar,31,4.6871267011,5.5815658077,5.0967490576,-0.8944391066,-0.4096223565,113.7445479362,129.8170965287,125.0433126880,0.8761908175,0.9096411914
rcp_2_6,rcp_2_6_baseline,rcp_2_6_future,2058,4,Apr,30,10.6474873861,8.4885364787,8.0480799357,2.1589509074,2.5994074504,180.2818169912,186.6435160764,186.6332404878,0.9659152420,0.9659684230
rcp_2_6,rcp_2_6_baseline,rcp_2_6_future,2058,5,May,31,14.1591282998,12.4787548434,12.0360725649,1.6803734564,2.1230557349,236.7117420320,233.8403748851,229.6832564433,1.0122791761,1.0306007747
rcp_2_6,rcp_2_6_baseline,rcp_2_6_future,2058,6,Jun,30,18.5840667725,17.1165529378,15.6402433042,1.4675138346,2.9438234682,246.2231994629,264.8489715068,247.6565505981,0.9296739876,0.9942123431
rcp_2_6,rcp_2_6_baseline,rcp_2_6_future,2058,7,Jul,31,18.8101204165,19.4439457555,18.4576538195,-0.6338253390,0.3524665969,257.0250039870,253.0701313665,241.8669664526,1.0156275756,1.0626709706
rcp_2_6,rcp_2_6_baseline,rcp_2_6_future,2058,8,Aug,31,17.1384176931,18.3206846176,17.3057840764,-1.1822669245,-0.1673663833,188.9953221967,210.0941444274,200.3741050604,0.8995744394,0.9432123085
rcp_2_6,rcp_2_6_baseline,rcp_2_6_future,2058,9,Sep,30,14.2866210938,15.7396522013,14.0821400960,-1.4530311076,0.2044809977,146.1296056112,161.8730135059,147.0572719274,0.9027422326,0.9936918025
rcp_2_6,rcp_2_6_baseline,rcp_2_6_future,2058,10,Oct,31,11.1356366557,10.7046151930,9.3654102284,0.4310214627,1.7702264273,89.9171367153,92.6218056925,93.3699747773,0.9707987881,0.9630198244
rcp_2_6,rcp_2_6_baseline,rcp_2_6_future,2058,11,Nov,30,9.0623229980,6.2188676961,5.1265518754,2.8434553019,3.9357711227,46.6437662443,48.0827840439,47.7732664947,0.9700720782,0.9763570647
rcp_2_6,rcp_2_6_baseline,rcp_2_6_future,2058,12,Dec,31,3.7514991022,3.8753258490,3.0573598882,-0.1238267468,0.6941392140,33.3846088071,30.8385268646,31.2937752367,1.0825617240,1.0668130820
rcp_2_6,rcp_2_6_baseline,rcp_2_6_future,2059,1,Jan,31,3.8705314390,2.6943410074,1.7957961872,1.1761904317,2.0747352518,44.8435836300,40.6791874047,42.5869557046,1.1023716670,1.0529887119
rcp_2_6,rcp_2_6_baseline,rcp_2_6_future,2059,2,Feb,28,2.2777736119,3.3975578376,3.0929604117,-1.1197842257,-0.8151867999,76.9868760109,75.8368092174,74.8429392060,1.0151650209,1.0286458125
rcp_2_6,rcp_2_6_baseline,rcp_2_6_future,2059,3,Mar,31,4.6025388656,5.5815658077,5.0967490576,-0.9790269421,-0.4942101920,119.8528714334,129.8170965287,125.0433126880,0.9232441230,0.9584908529
rcp_2_6,rcp_2_6_baseline,rcp_2_6_future,2059,4,Apr,30,9.0621510824,8.4885364787,8.0480799357,0.5736146037,1.0140711466,201.8344688416,186.6435160764,186.6332404878,1.0813901982,1.0814497370
rcp_2_6,rcp_2_6_baseline,rcp_2_6_future,2059,5,May,31,11.5827674127,12.4787548434,12.0360725649,-0.8959874307,-0.4533051522,220.0363068119,233.8403748851,229.6832564433,0.9409679869,0.9579988991
rcp_2_6,rcp_2_6_baseline,rcp_2_6_future,2059,6,Jun,30,18.8924875895,17.1165529378,15.6402433042,1.7759346517,3.2522442853,306.3839892069,264.8489715068,247.6565505981,1.1568252935,1.2371325873
rcp_2_6,rcp_2_6_baseline,rcp_2_6_future,2059,7,Jul,31,24.0440140263,19.4439457555,18.4576538195,4.6000682708,5.5863602067,283.8164653163,253.0701313665,241.8669664526,1.1214933338,1.1734403812
rcp_2_6,rcp_2_6_baseline,rcp_2_6_future,2059,8,Aug,31,18.1880146642,18.3206846176,17.3057840764,-0.1326699534,0.8822305878,212.3793219289,210.0941444274,200.3741050604,1.0108769214,1.0599140137
rcp_2_6,rcp_2_6_baseline,rcp_2_6_future,2059,9,Sep,30,14.7840586344,15.7396522013,14.0821400960,-0.9555935669,0.7019185384,150.6835084279,161.8730135059,147.0572719274,0.9308747960,1.0246586684
rcp_2_6,rcp_2_6_baseline,rcp_2_6_future,2059,10,Oct,31,11.6951656218,10.7046151930,9.3654102284,0.9905504288,2.3297553934,93.5432345483,92.6218056925,93.3699747773,1.0099482929,1.0018556262
rcp_2_6,rcp_2_6_baseline,rcp_2_6_future,2059,11,Nov,30,8.0278177897,6.2188676961,5.1265518754,1.8089500936,2.9012659144,47.1751663844,48.0827840439,47.7732664947,0.9811238538,0.9874804435
rcp_2_6,rcp_2_6_baseline,rcp_2_6_future,2059,12,Dec,31,6.8735930412,3.8753258490,3.0573598882,2.9982671922,3.8162331530,31.4458244539,30.8385268646,31.2937752367,1.0196928210,1.0048587687
rcp_2_6,rcp_2_6_baseline,rcp_2_6_future,2060,1,Jan,31,5.1614515735,2.6943410074,1.7957961872,2.4671105662,3.3656553863,38.9641789160,40.6791874047,42.5869557046,0.9578406404,0.9149322432
rcp_2_6,rcp_2_6_baseline,rcp_2_6_future,2060,2,Feb,29,3.3281988736,3.3975578376,3.0929604117,-0.0693589640,0.2352384619,77.5895535041,75.8368092174,74.8429392060,1.0231120521,1.0366983757
rcp_2_6,rcp_2_6_baseline,rcp_2_6_future,2060,3,Mar,31,2.7040541126,5.5815658077,5.0967490576,-2.8775116951,-2.3926949450,127.5522298505,129.8170965287,125.0433126880,0.9825534021,1.0200643850
rcp_2_6,rcp_2_6_baseline,rcp_2_6_future,2060,4,Apr,30,8.7193430583,8.4885364787,8.0480799357,0.2308065796,0.6712631225,182.3819292704,186.6435160764,186.6332404878,0.9771672389,0.9772210395
rcp_2_6,rcp_2_6_baseline,rcp_2_6_future,2060,5,May,31,10.2139959520,12.4787548434,12.0360725649,-2.2647588914,-1.8220766129,195.7841139763,233.8403748851,229.6832564433,0.8372553887,0.8524091700
rcp_2_6,rcp_2_6_baseline,rcp_2_6_future,2060,6,Jun,30,18.8587748210,17.1165529378,15.6402433042,1.7422218831,3.2185315168,270.8150446574,264.8489715068,247.6565505981,1.0225263218,1.0935105250
rcp_2_6,rcp_2_6_baseline,rcp_2_6_future,2060,7,Jul,31,20.8087303900,19.4439457555,18.4576538195,1.3647846345,2.3510765705,267.6071285125,253.0701313665,241.8669664526,1.0574425637,1.1064228094
rcp_2_6,rcp_2_6_baseline,rcp_2_6_future,2060,8,Aug,31,17.6222266413,18.3206846176,17.3057840764,-0.6984579763,0.3164425648,201.0397855697,210.0941444274,200.3741050604,0.9569033260,1.0033221883
rcp_2_6,rcp_2_6_baseline,rcp_2_6_future,2060,9,Sep,30,15.0939503988,15.7396522013,14.0821400960,-0.6457018026,1.0118103027,162.6252157847,161.8730135059,147.0572719274,1.0046468665,1.1058631352
rcp_2_6,rcp_2_6_baseline,rcp_2_6_future,2060,10,Oct,31,11.2543815367,10.7046151930,9.3654102284,0.5497663436,1.8889713082,111.5445717842,92.6218056925,93.3699747773,1.2043014164,1.1946514075
rcp_2_6,rcp_2_6_baseline,rcp_2_6_future,2060,11,Nov,30,8.3136027018,6.2188676961,5.1265518754,2.0947350057,3.1870508265,53.3332291285,48.0827840439,47.7732664947,1.1091959459,1.1163823000
rcp_2_6,rcp_2_6_baseline,rcp_2_6_future,2060,12,Dec,31,6.5169232768,3.8753258490,3.0573598882,2.6415974279,3.4595633886,26.4534723682,30.8385268646,31.2937752367,0.8578059673,0.8453269754
rcp_4_5,rcp_4_5_baseline,rcp_4_5_future,2041,1,Jan,31,5.0950374480,3.2392321187,2.0583566317,1.8558053293,3.0366808163,37.7739535301,40.8030263124,39.7337039508,0.9257635265,0.9506778824
rcp_4_5,rcp_4_5_baseline,rcp_4_5_future,2041,2,Feb,28,1.4072956630,2.8717277054,2.6536932758,-1.4644320424,-1.2463976127,94.5509594509,78.0954605246,73.6426430744,1.2107100568,1.2839158876
rcp_4_5,rcp_4_5_baseline,rcp_4_5_future,2041,3,Mar,31,4.4812275548,5.3781647221,5.0924691040,-0.8969371673,-0.6112415491,114.9121667185,124.9282399547,126.1440838195,0.9198253874,0.9109596205
rcp_4_5,rcp_4_5_baseline,rcp_4_5_future,2041,4,Apr,30,6.7617787679,8.1256573486,7.8014585707,-1.3638785807,-1.0396798028,178.4661608378,181.6885761579,181.6343653573,0.9822640730,0.9825572407
rcp_4_5,rcp_4_5_baseline,rcp_4_5_future,2041,5,May,31,15.9300229965,12.7362309117,11.3294781866,3.1937920847,4.6005448099,248.1230276785,231.4861398881,222.4173919753,1.0718699089,1.1155738563
rcp_4_5,rcp_4_5_baseline,rcp_4_5_future,2041,6,Jun,30,14.7026662191,17.4734432475,15.8790391710,-2.7707770284,-1.1763729519,243.5829683940,263.2178315353,253.9700525213,0.9254045099,0.9591011459
rcp_4_5,rcp_4_5_baseline,rcp_4_5_future,2041,7,Jul,31,21.1663973901,19.2093807590,18.5180873748,1.9570166311,2.6483100153,272.6083986836,249.2395478833,245.1870106318,1.0937606050,1.1118386654
rcp_4_5,rcp_4_5_baseline,rcp_4_5_future,2041,8,Aug,31,19.2541108162,18.5896220546,18.1405441339,0.6644887617,1.1135666823,214.4599552770,208.8841563871,205.3698040132,1.0266932590,1.0442623554
rcp_4_5,rcp_4_5_baseline,rcp_4_5_future,2041,9,Sep,30,16.8591278076,14.9607407125,14.7705158940,1.8983870951,2.0886119136,169.5140932719,155.6030604458,149.1999854229,1.0894007662,1.1361535512
rcp_4_5,rcp_4_5_baseline,rcp_4_5_future,2041,10,Oct,31,9.7036731351,10.5812702302,9.5899143233,-0.8775970951,0.1137588118,104.8979079954,93.9439950128,92.1093311412,1.1166004595,1.1388412737
rcp_4_5,rcp_4_5_baseline,rcp_4_5_future,2041,11,Nov,30,6.2908671061,6.5394053650,5.2109050044,-0.2485382589,1.0799621017,51.8356062571,48.6437340895,48.5074186714,1.0656173344,1.0686119294
rcp_4_5,rcp_4_5_baseline,rcp_4_5_future,2041,12,Dec,31,5.5642973869,3.7571349605,2.7609710365,1.8071624264,2.8033263504,27.2052058558,31.5866178989,31.3790524813,0.8612889782,0.8669862123
rcp_4_5,rcp_4_5_baseline,rcp_4_5_future,2042,1,Jan,31,4.0070936634,3.2392321187,2.0583566317,0.7678615447,1.9487370317,38.0413898960,40.8030263124,39.7337039508,0.9323178532,0.9574086006
rcp_4_5,rcp_4_5_baseline,rcp_4_5_future,2042,2,Feb,28,3.0717864990,2.8717277054,2.6536932758,0.2000587936,0.4180932233,83.3346199308,78.0954605246,73.6426430744,1.0670866062,1.1316082157
rcp_4_5,rcp_4_5_baseline,rcp_4_5_future,2042,3,Mar,31,4.5765693911,5.3781647221,5.0924691040,-0.8015953310,-0.5158997129,140.9332628558,124.9282399547,126.1440838195,1.1281137308,1.1172403698
rcp_4_5,rcp_4_5_baseline,rcp_4_5_future,2042,4,Apr,30,6.5324462891,8.1256573486,7.8014585707,-1.5932110596,-1.2690122816,209.6024981181,181.6885761579,181.6343653573,1.1536360874,1.1539804029
rcp_4_5,rcp_4_5_baseline,rcp_4_5_future,2042,5,May,31,10.8195493637,12.7362309117,11.3294781866,-1.9166815481,-0.5099288229,220.9139404297,231.4861398881,222.4173919753,0.9543290174,0.9932404048
rcp_4_5,rcp_4_5_baseline,rcp_4_5_future,2042,6,Jun,30,18.0368499756,17.4734432475,15.8790391710,0.5634067281,2.1578108046,242.1847572327,263.2178315353,253.9700525213,0.9200925174,0.9535957284
rcp_4_5,rcp_4_5_baseline,rcp_4_5_future,2042,7,Jul,31,19.6792157573,19.2093807590,18.5180873748,0.4698349983,1.1611283825,254.5323373118,249.2395478833,245.1870106318,1.0212357528,1.0381150969
rcp_4_5,rcp_4_5_baseline,rcp_4_5_future,2042,8,Aug,31,16.1950209095,18.5896220546,18.1405441339,-2.3946011451,-1.9455232244,192.8964798220,208.8841563871,205.3698040132,0.9234615165,0.9392640790
rcp_4_5,rcp_4_5_baseline,rcp_4_5_future,2042,9,Sep,30,14.8765309652,14.9607407125,14.7705158940,-0.0842097473,0.1060150712,156.5502397537,155.6030604458,149.1999854229,1.0060871509,1.0492644440
rcp_4_5,rcp_4_5_baseline,rcp_4_5_future,2042,10,Oct,31,14.3824480611,10.5812702302,9.5899143233,3.8011778308,4.7925337378,107.5091576115,93.9439950128,92.1093311412,1.1443962714,1.1671907317
rcp_4_5,rcp_4_5_baseline,rcp_4_5_future,2042,11,Nov,30,8.6188852946,6.5394053650,5.2109050044,2.0794799296,3.4079802902,45.2058165868,48.6437340895,48.5074186714,0.9293245560,0.9319361414
rcp_4_5,rcp_4_5_baseline,rcp_4_5_future,2042,12,Dec,31,3.4176594396,3.7571349605,2.7609710365,-0.3394755210,0.6566884031,35.4889548825,31.5866178989,31.3790524813,1.1235439956,1.1309759880
rcp_4_5,rcp_4_5_baseline,rcp_4_5_future,2043,1,Jan,31,1.8171611171,3.2392321187,2.0583566317,-1.4220710016,-0.2411955146,42.9089793544,40.8030263124,39.7337039508,1.0516126678,1.0799139040
rcp_4_5,rcp_4_5_baseline,rcp_4_5_future,2043,2,Feb,28,0.7429247175,2.8717277054,2.6536932758,-2.1288029879,-1.9107685583,80.3847544534,78.0954605246,73.6426430744,1.0293140461,1.0915517301
rcp_4_5,rcp_4_5_baseline,rcp_4_5_future,2043,3,Mar,31,4.8648817493,5.3781647221,5.0924691040,-0.5132829728,-0.2275873547,133.1493864982,124.9282399547,126.1440838195,1.0658069508,1.0555341358
rcp_4_5,rcp_4_5_baseline,rcp_4_5_future,2043,4,Apr,30,7.2174794515,8.1256573486,7.8014585707,-0.9081778971,-0.5839791192,169.9473609924,181.6885761579,181.6343653573,0.9353772515,0.9356564252
rcp_4_5,rcp_4_5_baseline,rcp_4_5_future,2043,5,May,31,10.6581162976,12.7362309117,11.3294781866,-2.0781146142,-0.6713618890,219.0916809574,231.4861398881,222.4173919753,0.9464570149,0.9850474327
rcp_4_5,rcp_4_5_baseline,rcp_4_5_future,2043,6,Jun,30,16.1854838053,17.4734432475,15.8790391710,-1.2879594421,0.3064446343,260.6193639119,263.2178315353,253.9700525213,0.9901280715,1.0261814782
rcp_4_5,rcp_4_5_baseline,rcp_4_5_future,2043,7,Jul,31,18.4805443548,19.2093807590,18.5180873748,-0.7288364041,-0.0375430199,260.3693340671,249.2395478833,245.1870106318,1.0446549766,1.0619214019
rcp_4_5,rcp_4_5_baseline,rcp_4_5_future,2043,8,Aug,31,18.2208692981,18.5896220546,18.1405441339,-0.3687527564,0.0803251642,230.5238534251,208.8841563871,205.3698040132,1.1035966414,1.1224817326
rcp_4_5,rcp_4_5_baseline,rcp_4_5_future,2043,9,Sep,30,13.6247324626,14.9607407125,14.7705158940,-1.3360082499,-1.1457834314,139.1159591675,155.6030604458,149.1999854229,0.8940438496,0.9324126861
rcp_4_5,rcp_4_5_baseline,rcp_4_5_future,2043,10,Oct,31,8.4070314469,10.5812702302,9.5899143233,-2.1742387833,-1.1828828764,82.5873376477,93.9439950128,92.1093311412,0.8791124716,0.8966229222
rcp_4_5,rcp_4_5_baseline,rcp_4_5_future,2043,11,Nov,30,5.7501597087,6.5394053650,5.2109050044,-0.7892456563,0.5392547042,49.1313339869,48.6437340895,48.5074186714,1.0100238994,1.0128622659
rcp_4_5,rcp_4_5_baseline,rcp_4_5_future,2043,12,Dec,31,-1.0599367203,3.7571349605,2.7609710365,-4.8170716809,-3.8209077568,35.8720299967,31.5866178989,31.3790524813,1.1356717617,1.1431839766
rcp_4_5,rcp_4_5_baseline,rcp_4_5_future,2044,1,Jan,31,3.0067983320,3.2392321187,2.0583566317,-0.2324337867,0.9484417003,35.5037452021,40.8030263124,39.7337039508,0.8701252924,0.8935422997
rcp_4_5,rcp_4_5_baseline,rcp_4_5_future,2044,2,Feb,29,2.6837865369,2.8717277054,2.6536932758,-0.1879411685,0.0300932611,70.2870513653,78.0954605246,73.6426430744,0.9000145577,0.9544341217
rcp_4_5,rcp_4_5_baseline,rcp_4_5_future,2044,3,Mar,31,4.1526664488,5.3781647221,5.0924691040,-1.2254982733,-0.9398026552,138.3769162086,124.9282399547,126.1440838195,1.1076512105,1.0969750782
rcp_4_5,rcp_4_5_baseline,rcp_4_5_future,2044,4,Apr,30,9.7208618164,8.1256573486,7.8014585707,1.5952044678,1.9194032457,184.1562843323,181.6885761579,181.6343653573,1.0135820767,1.0138845916
rcp_4_5,rcp_4_5_baseline,rcp_4_5_future,2044,5,May,31,14.6411731351,12.7362309117,11.3294781866,1.9049422233,3.3116949485,257.7194686397,231.4861398881,222.4173919753,1.1133256996,1.1587199470
rcp_4_5,rcp_4_5_baseline,rcp_4_5_future,2044,6,Jun,30,15.4899271647,17.4734432475,15.8790391710,-1.9835160828,-0.3891120063,254.1982124329,263.2178315353,253.9700525213,0.9657332520,1.0008983733
rcp_4_5,rcp_4_5_baseline,rcp_4_5_future,2044,7,Jul,31,19.0402928506,19.2093807590,18.5180873748,-0.1690879083,0.5222054758,254.8825299663,249.2395478833,245.1870106318,1.0226407973,1.0395433645
rcp_4_5,rcp_4_5_baseline,rcp_4_5_future,2044,8,Aug,31,20.4430293914,18.5896220546,18.1405441339,1.8534073368,2.3024852575,230.2198336201,208.8841563871,205.3698040132,1.1021411944,1.1210013796
rcp_4_5,rcp_4_5_baseline,rcp_4_5_future,2044,9,Sep,30,12.8619710286,14.9607407125,14.7705158940,-2.0987696838,-1.9085448654,162.1899406433,155.6030604458,149.1999854229,1.0423313023,1.0870640515
rcp_4_5,rcp_4_5_baseline,rcp_4_5_future,2044,10,Oct,31,11.6382168677,10.5812702302,9.5899143233,1.0569466375,2.0483025445,99.6371091412,93.9439950128,92.1093311412,1.0606011499,1.0817265516
rcp_4_5,rcp_4_5_baseline,rcp_4_5_future,2044,11,Nov,30,7.2286326091,6.5394053650,5.2109050044,0.6892272441,2.0177276046,41.8346509775,48.6437340895,48.5074186714,0.8600213730,0.8624382027
rcp_4_5,rcp_4_5_baseline,rcp_4_5_future,2044,12,Dec,31,3.0385356288,3.7571349605,2.7609710365,-0.7185993318,0.2775645922,32.7893948401,31.5866178989,31.3790524813,1.0380786872,1.0449453456
rcp_4_5,rcp_4_5_baseline,rcp_4_5_future,2045,1,Jan,31,2.0007627426,3.2392321187,2.0583566317,-1.2384693761,-0.0575938891,40.0501255374,40.8030263124,39.7337039508,0.9815479183,1.0079635563
rcp_4_5,rcp_4_5_baseline,rcp_4_5_future,2045,2,Feb,28,4.0426051549,2.8717277054,2.6536932758,1.1708774494,1.3889118791,72.3948976994,78.0954605246,73.6426430744,0.9270051961,0.9830567546
rcp_4_5,rcp_4_5_baseline,rcp_4_5_future,2045,3,Mar,31,6.5049160865,5.3781647221,5.0924691040,1.1267513644,1.4124469825,129.5719764463,124.9282399547,126.1440838195,1.0371712312,1.0271744225
rcp_4_5,rcp_4_5_baseline,rcp_4_5_future,2045,4,Apr,30,6.8311096191,8.1256573486,7.8014585707,-1.2945477295,-0.9703489515,166.5117600759,181.6885761579,181.6343653573,0.9164679673,0.9167414974
rcp_4_5,rcp_4_5_baseline,rcp_4_5_future,2045,5,May,31,12.0570174679,12.7362309117,11.3294781866,-0.6792134439,0.7275392813,234.7549032396,231.4861398881,222.4173919753,1.0141207735,1.0554700833
rcp_4_5,rcp_4_5_baseline,rcp_4_5_future,2045,6,Jun,30,15.6113922119,17.4734432475,15.8790391710,-1.8620510356,-0.2676469591,236.8501856486,263.2178315353,253.9700525213,0.8998257613,0.9325910016
rcp_4_5,rcp_4_5_baseline,rcp_4_5_future,2045,7,Jul,31,17.9921715521,19.2093807590,18.5180873748,-1.2172092069,-0.5259158227,239.1414856449,249.2395478833,245.1870106318,0.9594845107,0.9753432086
rcp_4_5,rcp_4_5_baseline,rcp_4_5_future,2045,8,Aug,31,16.1783622496,18.5896220546,18.1405441339,-2.4112598050,-1.9621818843,176.0745477984,208.8841563871,205.3698040132,0.8429291663,0.8573536341
rcp_4_5,rcp_4_5_baseline,rcp_4_5_future,2045,9,Sep,30,14.4601247152,14.9607407125,14.7705158940,-0.5006159973,-0.3103911788,141.5043926875,155.6030604458,149.1999854229,0.9093933775,0.9484209552
rcp_4_5,rcp_4_5_baseline,rcp_4_5_future,2045,10,Oct,31,7.8771143759,10.5812702302,9.5899143233,-2.7041558543,-1.7127999473,95.4951011904,93.9439950128,92.1093311412,1.0165109667,1.0367581656
rcp_4_5,rcp_4_5_baseline,rcp_4_5_future,2045,11,Nov,30,5.3698547363,6.5394053650,5.2109050044,-1.1695506287,0.1589497319,46.4800469716,48.6437340895,48.5074186714,0.9555197158,0.9582049147
rcp_4_5,rcp_4_5_baseline,rcp_4_5_future,2045,12,Dec,31,0.8150494976,3.7571349605,2.7609710365,-2.9420854630,-1.9459215390,35.4579010625,31.5866178989,31.3790524813,1.1225608635,1.1299863526
rcp_4_5,rcp_4_5_baseline,rcp_4_5_future,2046,1,Jan,31,-0.4329077936,3.2392321187,2.0583566317,-3.6721399123,-2.4912644253,41.5706209983,40.8030263124,39.7337039508,1.0188121999,1.0462307025
rcp_4_5,rcp_4_5_baseline,rcp_4_5_future,2046,2,Feb,28,1.4795427595,2.8717277054,2.6536932758,-1.3921849459,-1.1741505163,81.4465289797,78.0954605246,73.6426430744,1.0429099007,1.1059696608
rcp_4_5,rcp_4_5_baseline,rcp_4_5_future,2046,3,Mar,31,3.8277950164,5.3781647221,5.0924691040,-1.5503697057,-1.2646740876,142.4804580442,124.9282399547,126.1440838195,1.1404984021,1.1295056711
rcp_4_5,rcp_4_5_baseline,rcp_4_5_future,2046,4,Apr,30,7.4843383789,8.1256573486,7.8014585707,-0.6413189697,-0.3171201918,198.4737279256,181.6885761579,181.6343653573,1.0923841890,1.0927102233
rcp_4_5,rcp_4_5_baseline,rcp_4_5_future,2046,5,May,31,12.3339644894,12.7362309117,11.3294781866,-0.4022664224,1.0044863027,221.7785457488,231.4861398881,222.4173919753,0.9580640373,0.9971277146
rcp_4_5,rcp_4_5_baseline,rcp_4_5_future,2046,6,Jun,30,17.7042551676,17.4734432475,15.8790391710,0.2308119202,1.8252159966,265.0648986816,263.2178315353,253.9700525213,1.0070172569,1.0436856474
rcp_4_5,rcp_4_5_baseline,rcp_4_5_future,2046,7,Jul,31,19.2492496614,19.2093807590,18.5180873748,0.0398689024,0.7311622866,241.4780795190,249.2395478833,245.1870106318,0.9688594028,0.9848730522
rcp_4_5,rcp_4_5_baseline,rcp_4_5_future,2046,8,Aug,31,19.8019200479,18.5896220546,18.1405441339,1.2122979933,1.6613759140,210.9124416228,208.8841563871,205.3698040132,1.0097100961,1.0269885714
rcp_4_5,rcp_4_5_baseline,rcp_4_5_future,2046,9,Sep,30,14.7595977783,14.9607407125,14.7705158940,-0.2011429342,-0.0109181157,119.8219741185,155.6030604458,149.1999854229,0.7700489552,0.8030964197
rcp_4_5,rcp_4_5_baseline,rcp_4_5_future,2046,10,Oct,31,10.1688762050,10.5812702302,9.5899143233,-0.4123940252,0.5789618817,86.7179385770,93.9439950128,92.1093311412,0.9230812312,0.9414674659
rcp_4_5,rcp_4_5_baseline,rcp_4_5_future,2046,11,Nov,30,5.4045562744,6.5394053650,5.2109050044,-1.1348490906,0.1936512700,56.3836613337,48.6437340895,48.5074186714,1.1591145785,1.1623719191
rcp_4_5,rcp_4_5_baseline,rcp_4_5_future,2046,12,Dec,31,3.1634745936,3.7571349605,2.7609710365,-0.5936603669,0.4025035571,28.1857111146,31.5866178989,31.3790524813,0.8923307714,0.8982333399
rcp_4_5,rcp_4_5_baseline,rcp_4_5_future,2047,1,Jan,31,2.0115994361,3.2392321187,2.0583566317,-1.2276326826,-0.0467571956,39.5664423050,40.8030263124,39.7337039508,0.9696938164,0.9957904341
rcp_4_5,rcp_4_5_baseline,rcp_4_5_future,2047,2,Feb,28,2.2503481184,2.8717277054,2.6536932758,-0.6213795870,-0.4033451574,93.4085745130,78.0954605246,73.6426430744,1.1960819987,1.2684033410
rcp_4_5,rcp_4_5_baseline,rcp_4_5_future,2047,3,Mar,31,4.1665617912,5.3781647221,5.0924691040,-1.2116029309,-0.9259073128,126.2324106770,124.9282399547,126.1440838195,1.0104393588,1.0007002061
rcp_4_5,rcp_4_5_baseline,rcp_4_5_future,2047,4,Apr,30,8.1613301595,8.1256573486,7.8014585707,0.0356728109,0.3598715888,170.8895533244,181.6885761579,181.6343653573,0.9405630059,0.9408437274
rcp_4_5,rcp_4_5_baseline,rcp_4_5_future,2047,5,May,31,11.5770537346,12.7362309117,11.3294781866,-1.1591771772,0.2475755479,188.5363192405,231.4861398881,222.4173919753,0.8144605087,0.8476689595
rcp_4_5,rcp_4_5_baseline,rcp_4_5_future,2047,6,Jun,30,15.4546346029,17.4734432475,15.8790391710,-2.0188086446,-0.4244045681,232.2742207845,263.2178315353,253.9700525213,0.8824410544,0.9145732675
rcp_4_5,rcp_4_5_baseline,rcp_4_5_future,2047,7,Jul,31,17.8488058767,19.2093807590,18.5180873748,-1.3605748823,-0.6692814981,259.1381164059,249.2395478833,245.1870106318,1.0397150798,1.0568998567
rcp_4_5,rcp_4_5_baseline,rcp_4_5_future,2047,8,Aug,31,17.3074732627,18.5896220546,18.1405441339,-1.2821487919,-0.8330708712,185.8723078082,208.8841563871,205.3698040132,0.8898343992,0.9050615240
rcp_4_5,rcp_4_5_baseline,rcp_4_5_future,2047,9,Sep,30,14.5917653402,14.9607407125,14.7705158940,-0.3689753723,-0.1787505538,156.0389696757,155.6030604458,149.1999854229,1.0028014181,1.0458377005
rcp_4_5,rcp_4_5_baseline,rcp_4_5_future,2047,10,Oct,31,11.4465034731,10.5812702302,9.5899143233,0.8652332429,1.8565891498,86.2966704830,93.9439950128,92.1093311412,0.9185969840,0.9368939000
rcp_4_5,rcp_4_5_baseline,rcp_4_5_future,2047,11,Nov,30,3.5565399170,6.5394053650,5.2109050044,-2.9828654480,-1.6543650874,57.1392127991,48.6437340895,48.5074186714,1.1746469277,1.1779479173
rcp_4_5,rcp_4_5_baseline,rcp_4_5_future,2047,12,Dec,31,4.9070235714,3.7571349605,2.7609710365,1.1498886108,2.1460525349,30.7271322512,31.5866178989,31.3790524813,0.9727895639,0.9792243494
rcp_4_5,rcp_4_5_baseline,rcp_4_5_future,2048,1,Jan,31,3.8383186587,3.2392321187,2.0583566317,0.5990865400,1.7799620269,46.9943295756,40.8030263124,39.7337039508,1.1517363741,1.1827321619
rcp_4_5,rcp_4_5_baseline,rcp_4_5_future,2048,2,Feb,29,4.9472142713,2.8717277054,2.6536932758,2.0754865659,2.2935209955,63.0424863881,78.0954605246,73.6426430744,0.8072490509,0.8560595296
rcp_4_5,rcp_4_5_baseline,rcp_4_5_future,2048,3,Mar,31,4.2254105107,5.3781647221,5.0924691040,-1.1527542114,-0.8670585933,115.4955794427,124.9282399547,126.1440838195,0.9244953702,0.9155845914
rcp_4_5,rcp_4_5_baseline,rcp_4_5_future,2048,4,Apr,30,6.8895924886,8.1256573486,7.8014585707,-1.2360648600,-0.9118660821,169.0765865326,181.6885761579,181.6343653573,0.9305845756,0.9308623189
rcp_4_5,rcp_4_5_baseline,rcp_4_5_future,2048,5,May,31,12.2119325699,12.7362309117,11.3294781866,-0.5242983418,0.8824543833,243.3493910759,231.4861398881,222.4173919753,1.0512482138,1.0941113414
rcp_4_5,rcp_4_5_baseline,rcp_4_5_future,2048,6,Jun,30,18.9836517334,17.4734432475,15.8790391710,1.5102084859,3.1046125624,265.1588274638,263.2178315353,253.9700525213,1.0073741050,1.0440554893
rcp_4_5,rcp_4_5_baseline,rcp_4_5_future,2048,7,Jul,31,20.7013980988,19.2093807590,18.5180873748,1.4920173399,2.1833107241,261.2335623464,249.2395478833,245.1870106318,1.0481224371,1.0654461738
rcp_4_5,rcp_4_5_baseline,rcp_4_5_future,2048,8,Aug,31,19.7707438807,18.5896220546,18.1405441339,1.1811218262,1.6301997468,228.0399204377,208.8841563871,205.3698040132,1.0917052034,1.1103868046
rcp_4_5,rcp_4_5_baseline,rcp_4_5_future,2048,9,Sep,30,14.4142100016,14.9607407125,14.7705158940,-0.5465307109,-0.3563058924,158.7396654765,155.6030604458,149.1999854229,1.0201577335,1.0639388806
rcp_4_5,rcp_4_5_baseline,rcp_4_5_future,2048,10,Oct,31,9.4852007466,10.5812702302,9.5899143233,-1.0960694836,-0.1047135767,99.4702579129,93.9439950128,92.1093311412,1.0588250787,1.0799151039
rcp_4_5,rcp_4_5_baseline,rcp_4_5_future,2048,11,Nov,30,5.3256917318,6.5394053650,5.2109050044,-1.2137136332,0.1147867273,42.8848129749,48.6437340895,48.5074186714,0.8816102172,0.8840877158
rcp_4_5,rcp_4_5_baseline,rcp_4_5_future,2048,12,Dec,31,6.6035045993,3.7571349605,2.7609710365,2.8463696387,3.8425335628,28.7281746557,31.5866178989,31.3790524813,0.9095046120,0.9155207817
rcp_4_5,rcp_4_5_baseline,rcp_4_5_future,2049,1,Jan,31,4.0046542260,3.2392321187,2.0583566317,0.7654221073,1.9462975943,34.7507646622,40.8030263124,39.7337039508,0.8516712559,0.8745916239
rcp_4_5,rcp_4_5_baseline,rcp_4_5_future,2049,2,Feb,28,3.1287976946,2.8717277054,2.6536932758,0.2570699892,0.4751044189,78.5754756927,78.0954605246,73.6426430744,1.0061465182,1.0669833728
rcp_4_5,rcp_4_5_baseline,rcp_4_5_future,2049,3,Mar,31,7.0398862777,5.3781647221,5.0924691040,1.6617215556,1.9474171738,128.2795084061,124.9282399547,126.1440838195,1.0268255476,1.0169284561
rcp_4_5,rcp_4_5_baseline,rcp_4_5_future,2049,4,Apr,30,9.9609812419,8.1256573486,7.8014585707,1.8353238932,2.1595226712,190.2180843353,181.6885761579,181.6343653573,1.0469457594,1.0472582320
rcp_4_5,rcp_4_5_baseline,rcp_4_5_future,2049,5,May,31,11.9426119897,12.7362309117,11.3294781866,-0.7936189221,0.6131338031,213.8591704830,231.4861398881,222.4173919753,0.9238530246,0.9615217973
rcp_4_5,rcp_4_5_baseline,rcp_4_5_future,2049,6,Jun,30,14.5802581787,17.4734432475,15.8790391710,-2.8931850688,-1.2987809923,253.7190600077,263.2178315353,253.9700525213,0.9639128874,0.9990117240
rcp_4_5,rcp_4_5_baseline,rcp_4_5_future,2049,7,Jul,31,17.0802177183,19.2093807590,18.5180873748,-2.1291630406,-1.4378696565,232.4416676183,249.2395478833,245.1870106318,0.9326034716,0.9480178702
rcp_4_5,rcp_4_5_baseline,rcp_4_5_future,2049,8,Aug,31,18.4549834221,18.5896220546,18.1405441339,-0.1346386325,0.3144392882,219.2083513814,208.8841563871,205.3698040132,1.0494254575,1.0673835544
rcp_4_5,rcp_4_5_baseline,rcp_4_5_future,2049,9,Sep,30,13.6990468343,14.9607407125,14.7705158940,-1.2616938782,-1.0714690597,148.0539885203,155.6030604458,149.1999854229,0.9514850678,0.9923190549
rcp_4_5,rcp_4_5_baseline,rcp_4_5_future,2049,10,Oct,31,10.6044407998,10.5812702302,9.5899143233,0.0231705696,1.0145264766,84.5018755390,93.9439950128,92.1093311412,0.8994920381,0.9174084155
rcp_4_5,rcp_4_5_baseline,rcp_4_5_future,2049,11,Nov,30,5.8195587158,6.5394053650,5.2109050044,-0.7198466492,0.6086537114,53.0166217486,48.6437340895,48.5074186714,1.0898962167,1.0929590401
rcp_4_5,rcp_4_5_baseline,rcp_4_5_future,2049,12,Dec,31,5.8599506993,3.7571349605,2.7609710365,2.1028157388,3.0989796628,27.5779393411,31.5866178989,31.3790524813,0.8730893390,0.8788646298
rcp_4_5,rcp_4_5_baseline,rcp_4_5_future,2050,1,Jan,31,3.3248072470,3.2392321187,2.0583566317,0.0855751284,1.2664506153,45.0425122015,40.8030263124,39.7337039508,1.1039012611,1.1336096996
rcp_4_5,rcp_4_5_baseline,rcp_4_5_future,2050,2,Feb,28,3.9589248657,2.8717277054,2.6536932758,1.0871971603,1.3052315900,72.4893320969,78.0954605246,73.6426430744,0.9282144136,0.9843390877
rcp_4_5,rcp_4_5_baseline,rcp_4_5_future,2050,3,Mar,31,5.6242880544,5.3781647221,5.0924691040,0.2461233324,0.5318189505,117.0930033038,124.9282399547,126.1440838195,0.9372821017,0.9282480776
rcp_4_5,rcp_4_5_baseline,rcp_4_5_future,2050,4,Apr,30,8.0729573568,8.1256573486,7.8014585707,-0.0526999919,0.2714987861,179.5902191162,181.6885761579,181.6343653573,0.9884508036,0.9887458178
rcp_4_5,rcp_4_5_baseline,rcp_4_5_future,2050,5,May,31,12.9351076188,12.7362309117,11.3294781866,0.1988767070,1.6056294322,213.8585293678,231.4861398881,222.4173919753,0.9238502550,0.9615189148
rcp_4_5,rcp_4_5_baseline,rcp_4_5_future,2050,6,Jun,30,14.8801432292,17.4734432475,15.8790391710,-2.5933000183,-0.9988959419,267.4778539022,263.2178315353,253.9700525213,1.0161843988,1.0531865913
rcp_4_5,rcp_4_5_baseline,rcp_4_5_future,2050,7,Jul,31,18.1983355122,19.2093807590,18.5180873748,-1.0110452467,-0.3197518625,234.7181691816,249.2395478833,245.1870106318,0.9417372611,0.9573026262
rcp_4_5,rcp_4_5_baseline,rcp_4_5_future,2050,8,Aug,31,19.7335035755,18.5896220546,18.1405441339,1.1438815209,1.5929594416,239.3516252579,208.8841563871,205.3698040132,1.1458582087,1.1654664930
rcp_4_5,rcp_4_5_baseline,rcp_4_5_future,2050,9,Sep,30,13.3649159749,14.9607407125,14.7705158940,-1.5958247375,-1.4055999191,145.6657752991,155.6030604458,149.1999854229,0.9361369557,0.9763122623
rcp_4_5,rcp_4_5_baseline,rcp_4_5_future,2050,10,Oct,31,12.1631280715,10.5812702302,9.5899143233,1.5818578413,2.5732137482,83.2991108433,93.9439950128,92.1093311412,0.8866890410,0.9043504041
rcp_4_5,rcp_4_5_baseline,rcp_4_5_future,2050,11,Nov,30,5.7743316650,6.5394053650,5.2109050044,-0.7650736999,0.5634266606,45.6679586569,48.6437340895,48.5074186714,0.9388251028,0.9414633866
rcp_4_5,rcp_4_5_baseline,rcp_4_5_future,2050,12,Dec,31,0.2791874055,3.7571349605,2.7609710365,-3.4779475550,-2.4817836310,32.7734412224,31.5866178989,31.3790524813,1.0375736119,1.0444369294
rcp_4_5,rcp_4_5_baseline,rcp_4_5_future,2051,1,Jan,31,4.0075839135,3.2392321187,2.0583566317,0.7683517948,1.9492272818,43.6987690156,40.8030263124,39.7337039508,1.0709688218,1.0997909752
rcp_4_5,rcp_4_5_baseline,rcp_4_5_future,2051,2,Feb,28,3.7864940098,2.8717277054,2.6536932758,0.9147663044,1.1328007341,68.4453693117,78.0954605246,73.6426430744,0.8764321108,0.9294257573
rcp_4_5,rcp_4_5_baseline,rcp_4_5_future,2051,3,Mar,31,4.2516083748,5.3781647221,5.0924691040,-1.1265563473,-0.8408607292,121.8922901769,124.9282399547,126.1440838195,0.9756984507,0.9662941494
rcp_4_5,rcp_4_5_baseline,rcp_4_5_future,2051,4,Apr,30,7.6356313070,8.1256573486,7.8014585707,-0.4900260417,-0.1658272637,177.0360070547,181.6885761579,181.6343653573,0.9743926162,0.9746834345
rcp_4_5,rcp_4_5_baseline,rcp_4_5_future,2051,5,May,31,12.2710411810,12.7362309117,11.3294781866,-0.4651897307,0.9415629944,253.2727267358,231.4861398881,222.4173919753,1.0941161612,1.1387271674
rcp_4_5,rcp_4_5_baseline,rcp_4_5_future,2051,6,Jun,30,17.3905080160,17.4734432475,15.8790391710,-0.0829352315,1.5114688449,271.9197489420,263.2178315353,253.9700525213,1.0330597565,1.0706764291
rcp_4_5,rcp_4_5_baseline,rcp_4_5_future,2051,7,Jul,31,20.1552161432,19.2093807590,18.5180873748,0.9458353843,1.6371287684,266.8896002000,249.2395478833,245.1870106318,1.0708156168,1.0885144344
rcp_4_5,rcp_4_5_baseline,rcp_4_5_future,2051,8,Aug,31,21.7783083024,18.5896220546,18.1405441339,3.1886862478,3.6377641685,233.7958991758,208.8841563871,205.3698040132,1.1192610451,1.1384141904
rcp_4_5,rcp_4_5_baseline,rcp_4_5_future,2051,9,Sep,30,16.7771179199,14.9607407125,14.7705158940,1.8163772074,2.0066020259,141.8587677002,155.6030604458,149.1999854229,0.9116708071,0.9507961231
rcp_4_5,rcp_4_5_baseline,rcp_4_5_future,2051,10,Oct,31,10.1630867251,10.5812702302,9.5899143233,-0.4181835051,0.5731724018,105.4713970923,93.9439950128,92.1093311412,1.1227050444,1.1450674517
rcp_4_5,rcp_4_5_baseline,rcp_4_5_future,2051,11,Nov,30,5.9200347900,6.5394053650,5.2109050044,-0.6193705749,0.7091297856,56.6504227956,48.6437340895,48.5074186714,1.1645985625,1.1678713143
rcp_4_5,rcp_4_5_baseline,rcp_4_5_future,2051,12,Dec,31,3.4322576708,3.7571349605,2.7609710365,-0.3248772898,0.6712866342,28.8858932987,31.5866178989,31.3790524813,0.9144978228,0.9205470215
rcp_4_5,rcp_4_5_baseline,rcp_4_5_future,2052,1,Jan,31,3.6306849326,3.2392321187,2.0583566317,0.3914528139,1.5723283009,35.8638329352,40.8030263124,39.7337039508,0.8789503176,0.9026048259
rcp_4_5,rcp_4_5_baseline,rcp_4_5_future,2052,2,Feb,29,4.2302069302,2.8717277054,2.6536932758,1.3584792248,1.5765136545,70.9422080435,78.0954605246,73.6426430744,0.9084037352,0.9633305525
rcp_4_5,rcp_4_5_baseline,rcp_4_5_future,2052,3,Mar,31,6.0971589119,5.3781647221,5.0924691040,0.7189941898,1.0046898080,131.3975651649,124.9282399547,126.1440838195,1.0517843300,1.0416466725
rcp_4_5,rcp_4_5_baseline,rcp_4_5_future,2052,4,Apr,30,7.4282887777,8.1256573486,7.8014585707,-0.6973685710,-0.3731697930,160.4746695201,181.6885761579,181.6343653573,0.8832402835,0.8835038964
rcp_4_5,rcp_4_5_baseline,rcp_4_5_future,2052,5,May,31,13.2793951219,12.7362309117,11.3294781866,0.5431642102,1.9499169353,248.5782783262,231.4861398881,222.4173919753,1.0738365521,1.1176206866
rcp_4_5,rcp_4_5_baseline,rcp_4_5_future,2052,6,Jun,30,20.5447021484,17.4734432475,15.8790391710,3.0712589010,4.6656629774,291.9041221619,263.2178315353,253.9700525213,1.1089830824,1.1493643414
rcp_4_5,rcp_4_5_baseline,rcp_4_5_future,2052,7,Jul,31,24.2793764176,19.2093807590,18.5180873748,5.0699956586,5.7612890428,273.9328736336,249.2395478833,245.1870106318,1.0990746692,1.1172405623
rcp_4_5,rcp_4_5_baseline,rcp_4_5_future,2052,8,Aug,31,18.7851304577,18.5896220546,18.1405441339,0.1955084032,0.6445863238,211.1457617975,208.8841563871,205.3698040132,1.0108270797,1.0281246691
rcp_4_5,rcp_4_5_baseline,rcp_4_5_future,2052,9,Sep,30,16.9739288330,14.9607407125,14.7705158940,2.0131881205,2.2034129390,184.4372828166,155.6030604458,149.1999854229,1.1853062677,1.2361749386
rcp_4_5,rcp_4_5_baseline,rcp_4_5_future,2052,10,Oct,31,11.4821755686,10.5812702302,9.5899143233,0.9009053384,1.8922612453,110.1178572870,93.9439950128,92.1093311412,1.1721649401,1.1955125059
rcp_4_5,rcp_4_5_baseline,rcp_4_5_future,2052,11,Nov,30,7.1070261637,6.5394053650,5.2109050044,0.5676207987,1.8961211593,45.1150388082,48.6437340895,48.5074186714,0.9274583798,0.9300647209
rcp_4_5,rcp_4_5_baseline,rcp_4_5_future,2052,12,Dec,31,5.4957854240,3.7571349605,2.7609710365,1.7386504635,2.7348143875,36.9861912266,31.5866178989,31.3790524813,1.1709449662,1.1786905053
rcp_4_5,rcp_4_5_baseline,rcp_4_5_future,2053,1,Jan,31,6.2972262475,3.2392321187,2.0583566317,3.0579941288,4.2388696158,46.7525587082,40.8030263124,39.7337039508,1.1458110570,1.1766473814
rcp_4_5,rcp_4_5_baseline,rcp_4_5_future,2053,2,Feb,28,3.8804794312,2.8717277054,2.6536932758,1.0087517257,1.2267861554,81.4913226536,78.0954605246,73.6426430744,1.0434834766,1.1065779181
rcp_4_5,rcp_4_5_baseline,rcp_4_5_future,2053,3,Mar,31,4.7158713064,5.3781647221,5.0924691040,-0.6622934157,-0.3765977976,114.9208043621,124.9282399547,126.1440838195,0.9198945283,0.9110280949
rcp_4_5,rcp_4_5_baseline,rcp_4_5_future,2053,4,Apr,30,7.4264292399,8.1256573486,7.8014585707,-0.6992281087,-0.3750293308,192.3040611267,181.6885761579,181.6343653573,1.0584268158,1.0587427151
rcp_4_5,rcp_4_5_baseline,rcp_4_5_future,2053,5,May,31,12.7298700148,12.7362309117,11.3294781866,-0.0063608969,1.4003918282,249.7276174484,231.4861398881,222.4173919753,1.0788015972,1.1227881742
rcp_4_5,rcp_4_5_baseline,rcp_4_5_future,2053,6,Jun,30,18.8882690430,17.4734432475,15.8790391710,1.4148257955,3.0092298720,272.0301030477,263.2178315353,253.9700525213,1.0334790066,1.0711109454
rcp_4_5,rcp_4_5_baseline,rcp_4_5_future,2053,7,Jul,31,17.0136391917,19.2093807590,18.5180873748,-2.1957415673,-1.5044481831,232.4636861740,249.2395478833,245.1870106318,0.9326918146,0.9481076733
rcp_4_5,rcp_4_5_baseline,rcp_4_5_future,2053,8,Aug,31,19.2448984454,18.5896220546,18.1405441339,0.6552763908,1.1043543115,201.5905493459,208.8841563871,205.3698040132,0.9650830050,0.9815978075
rcp_4_5,rcp_4_5_baseline,rcp_4_5_future,2053,9,Sep,30,13.8925598145,14.9607407125,14.7705158940,-1.0681808980,-0.8779560796,154.4921488444,155.6030604458,149.1999854229,0.9928606057,1.0354702677
rcp_4_5,rcp_4_5_baseline,rcp_4_5_future,2053,10,Oct,31,9.8817412346,10.5812702302,9.5899143233,-0.6995289956,0.2918269113,77.5382425247,93.9439950128,92.1093311412,0.8253666721,0.8418065962
rcp_4_5,rcp_4_5_baseline,rcp_4_5_future,2053,11,Nov,30,9.7482238770,6.5394053650,5.2109050044,3.2088185120,4.5373188725,49.2387461026,48.6437340895,48.5074186714,1.0122320382,1.0150766100
rcp_4_5,rcp_4_5_baseline,rcp_4_5_future,2053,12,Dec,31,4.5249543221,3.7571349605,2.7609710365,0.7678193615,1.7639832856,31.8538876657,31.5866178989,31.3790524813,1.0084614873,1.0151322346
rcp_4_5,rcp_4_5_baseline,rcp_4_5_future,2054,1,Jan,31,3.7580456149,3.2392321187,2.0583566317,0.5188134963,1.6996889832,44.1116743088,40.8030263124,39.7337039508,1.0810882990,1.1101827900
rcp_4_5,rcp_4_5_baseline,rcp_4_5_future,2054,2,Feb,28,1.3673481533,2.8717277054,2.6536932758,-1.5043795522,-1.2863451225,80.2643690790,78.0954605246,73.6426430744,1.0277725304,1.0899170063
rcp_4_5,rcp_4_5_baseline,rcp_4_5_future,2054,3,Mar,31,5.9102997811,5.3781647221,5.0924691040,0.5321350590,0.8178306771,128.7631245275,124.9282399547,126.1440838195,1.0306966990,1.0207622952
rcp_4_5,rcp_4_5_baseline,rcp_4_5_future,2054,4,Apr,30,7.4144632975,8.1256573486,7.8014585707,-0.7111940511,-0.3869952732,177.3396586100,181.6885761579,181.6343653573,0.9760638911,0.9763552082
rcp_4_5,rcp_4_5_baseline,rcp_4_5_future,2054,5,May,31,15.5446096113,12.7362309117,11.3294781866,2.8083786995,4.2151314247,251.5390172159,231.4861398881,222.4173919753,1.0866266868,1.1309323205
rcp_4_5,rcp_4_5_baseline,rcp_4_5_future,2054,6,Jun,30,19.2902648926,17.4734432475,15.8790391710,1.8168216451,3.4112257216,261.1968335470,263.2178315353,253.9700525213,0.9923219564,1.0284552488
rcp_4_5,rcp_4_5_baseline,rcp_4_5_future,2054,7,Jul,31,18.1455981839,19.2093807590,18.5180873748,-1.0637825750,-0.3724891909,235.1727513959,249.2395478833,245.1870106318,0.9435611378,0.9591566486
rcp_4_5,rcp_4_5_baseline,rcp_4_5_future,2054,8,Aug,31,17.8024427845,18.5896220546,18.1405441339,-0.7871792701,-0.3381013494,189.9059903545,208.8841563871,205.3698040132,0.9091450191,0.9247025933
rcp_4_5,rcp_4_5_baseline,rcp_4_5_future,2054,9,Sep,30,14.0619527181,14.9607407125,14.7705158940,-0.8987879944,-0.7085631759,141.8888754527,155.6030604458,149.1999854229,0.9118642978,0.9509979177
rcp_4_5,rcp_4_5_baseline,rcp_4_5_future,2054,10,Oct,31,10.2913196195,10.5812702302,9.5899143233,-0.2899506107,0.7014052962,89.7606980108,93.9439950128,92.1093311412,0.9554703097,0.9745016808
rcp_4_5,rcp_4_5_baseline,rcp_4_5_future,2054,11,Nov,30,6.6849589030,6.5394053650,5.2109050044,0.1455535380,1.4740538986,53.4409958839,48.6437340895,48.5074186714,1.0986203441,1.1017076841
rcp_4_5,rcp_4_5_baseline,rcp_4_5_future,2054,12,Dec,31,3.5978066721,3.7571349605,2.7609710365,-0.1593282884,0.8368356356,27.5874086503,31.5866178989,31.3790524813,0.8733891276,0.8791664014
rcp_4_5,rcp_4_5_baseline,rcp_4_5_future,2055,1,Jan,31,5.4048026792,3.2392321187,2.0583566317,2.1655705606,3.3464460475,41.0981390245,40.8030263124,39.7337039508,1.0072326182,1.0343394886
rcp_4_5,rcp_4_5_baseline,rcp_4_5_future,2055,2,Feb,28,1.6674569266,2.8717277054,2.6536932758,-1.2042707788,-0.9862363491,83.6970013891,78.0954605246,73.6426430744,1.0717268434,1.1365290258
rcp_4_5,rcp_4_5_baseline,rcp_4_5_future,2055,3,Mar,31,7.5340209961,5.3781647221,5.0924691040,2.1558562740,2.4415518921,115.2641448359,124.9282399547,126.1440838195,0.9226428298,0.9137499068
rcp_4_5,rcp_4_5_baseline,rcp_4_5_future,2055,4,Apr,30,10.5184336344,8.1256573486,7.8014585707,2.3927762858,2.7169750638,173.4810483297,181.6885761579,181.6343653573,0.9548263958,0.9551113744
rcp_4_5,rcp_4_5_baseline,rcp_4_5_future,2055,5,May,31,11.6600241384,12.7362309117,11.3294781866,-1.0762067733,0.3305459518,243.0861619519,231.4861398881,222.4173919753,1.0501110869,1.0929278497
rcp_4_5,rcp_4_5_baseline,rcp_4_5_future,2055,6,Jun,30,21.0898763021,17.4734432475,15.8790391710,3.6164330546,5.2108371311,284.3890894572,263.2178315353,253.9700525213,1.0804324608,1.1197741097
rcp_4_5,rcp_4_5_baseline,rcp_4_5_future,2055,7,Jul,31,19.5272214828,19.2093807590,18.5180873748,0.3178407238,1.0091341080,246.6219349523,249.2395478833,245.1870106318,0.9894976020,1.0058523668
rcp_4_5,rcp_4_5_baseline,rcp_4_5_future,2055,8,Aug,31,18.5717072518,18.5896220546,18.1405441339,-0.0179148028,0.4311631179,212.8604591123,208.8841563871,205.3698040132,1.0190359230,1.0364739847
rcp_4_5,rcp_4_5_baseline,rcp_4_5_future,2055,9,Sep,30,16.9384063721,14.9607407125,14.7705158940,1.9776656596,2.1678904781,184.8034085592,155.6030604458,149.1999854229,1.1876592146,1.2386288647
rcp_4_5,rcp_4_5_baseline,rcp_4_5_future,2055,10,Oct,31,10.1260501985,10.5812702302,9.5899143233,-0.4552200317,0.5361358752,95.4901752472,93.9439950128,92.1093311412,1.0164585319,1.0367046863
rcp_4_5,rcp_4_5_baseline,rcp_4_5_future,2055,11,Nov,30,7.7471577962,6.5394053650,5.2109050044,1.2077524312,2.5362527918,52.6389027596,48.6437340895,48.5074186714,1.0821312086,1.0851722108
rcp_4_5,rcp_4_5_baseline,rcp_4_5_future,2055,12,Dec,31,3.0116801600,3.7571349605,2.7609710365,-0.7454548005,0.2507091235,33.7822985957,31.5866178989,31.3790524813,1.0695130040,1.0765875935
rcp_4_5,rcp_4_5_baseline,rcp_4_5_future,2056,1,Jan,31,2.7144143381,3.2392321187,2.0583566317,-0.5248177805,0.6560577064,39.8162742276,40.8030263124,39.7337039508,0.9758166937,1.0020780916
rcp_4_5,rcp_4_5_baseline,rcp_4_5_future,2056,2,Feb,29,5.1301008553,2.8717277054,2.6536932758,2.2583731499,2.4764075796,71.0981893868,78.0954605246,73.6426430744,0.9104010516,0.9654486371
rcp_4_5,rcp_4_5_baseline,rcp_4_5_future,2056,3,Mar,31,4.1445231776,5.3781647221,5.0924691040,-1.2336415445,-0.9479459264,127.1910512370,124.9282399547,126.1440838195,1.0181128885,1.0082997742
rcp_4_5,rcp_4_5_baseline,rcp_4_5_future,2056,4,Apr,30,6.9820271810,8.1256573486,7.8014585707,-1.1436301676,-0.8194313897,187.6648963928,181.6885761579,181.6343653573,1.0328932086,1.0332014871
rcp_4_5,rcp_4_5_baseline,rcp_4_5_future,2056,5,May,31,14.8284900296,12.7362309117,11.3294781866,2.0922591179,3.4990118430,250.4802600491,231.4861398881,222.4173919753,1.0820529478,1.1261720939
rcp_4_5,rcp_4_5_baseline,rcp_4_5_future,2056,6,Jun,30,18.2204264323,17.4734432475,15.8790391710,0.7469831848,2.3413872613,248.1396230062,263.2178315353,253.9700525213,0.9427158546,0.9770428464
rcp_4_5,rcp_4_5_baseline,rcp_4_5_future,2056,7,Jul,31,20.3038997527,19.2093807590,18.5180873748,1.0945189938,1.7858123779,250.7630839194,249.2395478833,245.1870106318,1.0061127379,1.0227421235
rcp_4_5,rcp_4_5_baseline,rcp_4_5_future,2056,8,Aug,31,17.2866898075,18.5896220546,18.1405441339,-1.3029322470,-0.8538543264,181.2702036211,208.8841563871,205.3698040132,0.8678025503,0.8826526591
rcp_4_5,rcp_4_5_baseline,rcp_4_5_future,2056,9,Sep,30,14.5088704427,14.9607407125,14.7705158940,-0.4518702698,-0.2616454513,145.7221261342,155.6030604458,149.1999854229,0.9364991004,0.9766899489
rcp_4_5,rcp_4_5_baseline,rcp_4_5_future,2056,10,Oct,31,10.9387894169,10.5812702302,9.5899143233,0.3575191867,1.3488750936,102.2661497055,93.9439950128,92.1093311412,1.0885863401,1.1102691599
rcp_4_5,rcp_4_5_baseline,rcp_4_5_future,2056,11,Nov,30,7.1682128906,6.5394053650,5.2109050044,0.6288075256,1.9573078862,39.7967190107,48.6437340895,48.5074186714,0.8181263169,0.8204254133
rcp_4_5,rcp_4_5_baseline,rcp_4_5_future,2056,12,Dec,31,4.1394080377,3.7571349605,2.7609710365,0.3822730772,1.3784370012,29.8992819017,31.5866178989,31.3790524813,0.9465806690,0.9528420885
rcp_4_5,rcp_4_5_baseline,rcp_4_5_future,2057,1,Jan,31,4.1287091655,3.2392321187,2.0583566317,0.8894770468,2.0703525338,38.3453711540,40.8030263124,39.7337039508,0.9397678216,0.9650590643
rcp_4_5,rcp_4_5_baseline,rcp_4_5_future,2057,2,Feb,28,3.6103465489,2.8717277054,2.6536932758,0.7386188435,0.9566532731,67.3253979683,78.0954605246,73.6426430744,0.8620910552,0.9142175669
rcp_4_5,rcp_4_5_baseline,rcp_4_5_future,2057,3,Mar,31,6.7781320879,5.3781647221,5.0924691040,1.3999673659,1.6856629840,118.6573614305,124.9282399547,126.1440838195,0.9498041554,0.9406494370
rcp_4_5,rcp_4_5_baseline,rcp_4_5_future,2057,4,Apr,30,8.1472279867,8.1256573486,7.8014585707,0.0215706380,0.3457694160,179.3386286418,181.6885761579,181.6343653573,0.9870660690,0.9873606698
rcp_4_5,rcp_4_5_baseline,rcp_4_5_future,2057,5,May,31,11.8861997543,12.7362309117,11.3294781866,-0.8500311575,0.5567215677,229.7389934909,231.4861398881,222.4173919753,0.9924524795,1.0329182959
rcp_4_5,rcp_4_5_baseline,rcp_4_5_future,2057,6,Jun,30,19.6325785319,17.4734432475,15.8790391710,2.1591352844,3.7535393609,296.4114746094,263.2178315353,253.9700525213,1.1261071215,1.1671119160
rcp_4_5,rcp_4_5_baseline,rcp_4_5_future,2057,7,Jul,31,16.7163989652,19.2093807590,18.5180873748,-2.4929817938,-1.8016884096,233.0827365998,249.2395478833,245.1870106318,0.9351755714,0.9506324825
rcp_4_5,rcp_4_5_baseline,rcp_4_5_future,2057,8,Aug,31,20.0055313603,18.5896220546,18.1405441339,1.4159093057,1.8649872264,228.0186137538,208.8841563871,205.3698040132,1.0916032010,1.1102830567
rcp_4_5,rcp_4_5_baseline,rcp_4_5_future,2057,9,Sep,30,13.6526784261,14.9607407125,14.7705158940,-1.3080622864,-1.1178374679,153.9248636882,155.6030604458,149.1999854229,0.9892148859,1.0316680880
rcp_4_5,rcp_4_5_baseline,rcp_4_5_future,2057,10,Oct,31,10.4793571226,10.5812702302,9.5899143233,-0.1019131076,0.8894427993,86.3194477943,93.9439950128,92.1093311412,0.9188394403,0.9371411856
rcp_4_5,rcp_4_5_baseline,rcp_4_5_future,2057,11,Nov,30,5.6682067871,6.5394053650,5.2109050044,-0.8711985779,0.4573017827,47.9149694443,48.6437340895,48.5074186714,0.9850183244,0.9877864202
rcp_4_5,rcp_4_5_baseline,rcp_4_5_future,2057,12,Dec,31,4.2259726247,3.7571349605,2.7609710365,0.4688376642,1.4650015882,31.6576659602,31.5866178989,31.3790524813,1.0022493089,1.0088789640
rcp_4_5,rcp_4_5_baseline,rcp_4_5_future,2058,1,Jan,31,2.6252616636,3.2392321187,2.0583566317,-0.6139704550,0.5669050319,38.1565520071,40.8030263124,39.7337039508,0.9351402446,0.9603069488
rcp_4_5,rcp_4_5_baseline,rcp_4_5_future,2058,2,Feb,28,0.7446631295,2.8717277054,2.6536932758,-2.1270645759,-1.9090301462,78.6652043206,78.0954605246,73.6426430744,1.0072954790,1.0682018059
rcp_4_5,rcp_4_5_baseline,rcp_4_5_future,2058,3,Mar,31,4.3113391507,5.3781647221,5.0924691040,-1.0668255714,-0.7811299532,115.4523486476,124.9282399547,126.1440838195,0.9241493252,0.9152418818
rcp_4_5,rcp_4_5_baseline,rcp_4_5_future,2058,4,Apr,30,10.1052357992,8.1256573486,7.8014585707,1.9795784505,2.3037772285,201.5483172099,181.6885761579,181.6343653573,1.1093064929,1.1096375777
rcp_4_5,rcp_4_5_baseline,rcp_4_5_future,2058,5,May,31,11.7550174836,12.7362309117,11.3294781866,-0.9812134281,0.4255392970,207.1878632576,231.4861398881,222.4173919753,0.8950335573,0.9315272579
rcp_4_5,rcp_4_5_baseline,rcp_4_5_future,2058,6,Jun,30,17.7959757487,17.4734432475,15.8790391710,0.3225325012,1.9169365777,285.1152364095,263.2178315353,253.9700525213,1.0831911909,1.1226332931
rcp_4_5,rcp_4_5_baseline,rcp_4_5_future,2058,7,Jul,31,21.2729096443,19.2093807590,18.5180873748,2.0635288854,2.7548222696,271.6490773847,249.2395478833,245.1870106318,1.0899116119,1.1079260548
rcp_4_5,rcp_4_5_baseline,rcp_4_5_future,2058,8,Aug,31,15.7843222341,18.5896220546,18.1405441339,-2.8052998204,-2.3562218998,178.0122803719,208.8841563871,205.3698040132,0.8522057558,0.8667889675
rcp_4_5,rcp_4_5_baseline,rcp_4_5_future,2058,9,Sep,30,17.4075795491,14.9607407125,14.7705158940,2.4468388367,2.6370636551,178.9204892476,155.6030604458,149.1999854229,1.1498519935,1.1991991068
rcp_4_5,rcp_4_5_baseline,rcp_4_5_future,2058,10,Oct,31,11.0715950258,10.5812702302,9.5899143233,0.4903247956,1.4816807026,84.4102989935,93.9439950128,92.1093311412,0.8985172387,0.9164141998
rcp_4_5,rcp_4_5_baseline,rcp_4_5_future,2058,11,Nov,30,8.1175323486,6.5394053650,5.2109050044,1.5781269836,2.9066273442,47.7302246094,48.6437340895,48.5074186714,0.9812204080,0.9839778310
rcp_4_5,rcp_4_5_baseline,rcp_4_5_future,2058,12,Dec,31,3.9271257954,3.7571349605,2.7609710365,0.1699908349,1.1661547589,32.2338438496,31.5866178989,31.3790524813,1.0204905113,1.0272408279
rcp_4_5,rcp_4_5_baseline,rcp_4_5_future,2059,1,Jan,31,2.5724268760,3.2392321187,2.0583566317,-0.6668052427,0.5140702442,41.4970671438,40.8030263124,39.7337039508,1.0170095430,1.0443795322
rcp_4_5,rcp_4_5_baseline,rcp_4_5_future,2059,2,Feb,28,2.0110467093,2.8717277054,2.6536932758,-0.8606809961,-0.6426465664,78.1889345646,78.0954605246,73.6426430744,1.0011969203,1.0617344965
rcp_4_5,rcp_4_5_baseline,rcp_4_5_future,2059,3,Mar,31,6.8007269090,5.3781647221,5.0924691040,1.4225621869,1.7082578051,119.1144419024,124.9282399547,126.1440838195,0.9534628995,0.9442729163
rcp_4_5,rcp_4_5_baseline,rcp_4_5_future,2059,4,Apr,30,9.0093190511,8.1256573486,7.8014585707,0.8836617025,1.2078604804,182.0113306681,181.6885761579,181.6343653573,1.0017764161,1.0020754074
rcp_4_5,rcp_4_5_baseline,rcp_4_5_future,2059,5,May,31,11.1607132450,12.7362309117,11.3294781866,-1.5755176667,-0.1687649416,220.4735936811,231.4861398881,222.4173919753,0.9524267578,0.9912605832
rcp_4_5,rcp_4_5_baseline,rcp_4_5_future,2059,6,Jun,30,17.3515777588,17.4734432475,15.8790391710,-0.1218654887,1.4725385878,249.9681686401,263.2178315353,253.9700525213,0.9496627458,0.9842426938
rcp_4_5,rcp_4_5_baseline,rcp_4_5_future,2059,7,Jul,31,17.2373281171,19.2093807590,18.5180873748,-1.9720526418,-1.2807592577,229.7706362817,249.2395478833,245.1870106318,0.9218867480,0.9371240168
rcp_4_5,rcp_4_5_baseline,rcp_4_5_future,2059,8,Aug,31,17.6233912314,18.5896220546,18.1405441339,-0.9662308232,-0.5171529025,197.5036229780,208.8841563871,205.3698040132,0.9455174887,0.9616974800
rcp_4_5,rcp_4_5_baseline,rcp_4_5_future,2059,9,Sep,30,13.0031748454,14.9607407125,14.7705158940,-1.9575658671,-1.7673410486,164.9416467031,155.6030604458,149.1999854229,1.0600154408,1.1055071234
rcp_4_5,rcp_4_5_baseline,rcp_4_5_future,2059,10,Oct,31,10.7120703913,10.5812702302,9.5899143233,0.1308001611,1.1221560680,104.2927066434,93.9439950128,92.1093311412,1.1101583090,1.1322708063
rcp_4_5,rcp_4_5_baseline,rcp_4_5_future,2059,11,Nov,30,8.3974538167,6.5394053650,5.2109050044,1.8580484517,3.1865488123,42.6714162985,48.6437340895,48.5074186714,0.8772232868,0.8796884573
rcp_4_5,rcp_4_5_baseline,rcp_4_5_future,2059,12,Dec,31,5.3191477130,3.7571349605,2.7609710365,1.5620127524,2.5581766764,30.4020485263,31.5866178989,31.3790524813,0.9624977458,0.9688644533
rcp_4_5,rcp_4_5_baseline,rcp_4_5_future,2060,1,Jan,31,0.9721618652,3.2392321187,2.0583566317,-2.2670702534,-1.0861947665,44.5174244604,40.8030263124,39.7337039508,1.0910324180,1.1203945274
rcp_4_5,rcp_4_5_baseline,rcp_4_5_future,2060,2,Feb,29,3.0888452990,2.8717277054,2.6536932758,0.2171175936,0.4351520233,92.6775964540,78.0954605246,73.6426430744,1.1867219404,1.2584773249
rcp_4_5,rcp_4_5_baseline,rcp_4_5_future,2060,3,Mar,31,7.5554108650,5.3781647221,5.0924691040,2.1772461430,2.4629417611,119.3869982073,124.9282399547,126.1440838195,0.9556446025,0.9464335908
rcp_4_5,rcp_4_5_baseline,rcp_4_5_future,2060,4,Apr,30,10.2132151286,8.1256573486,7.8014585707,2.0875577799,2.4117565579,185.6406700134,181.6885761579,181.6343653573,1.0217520217,1.0220569750
rcp_4_5,rcp_4_5_baseline,rcp_4_5_future,2060,5,May,31,14.5027079921,12.7362309117,11.3294781866,1.7664770803,3.1732298055,213.6533087454,231.4861398881,222.4173919753,0.9229637198,0.9605962324
rcp_4_5,rcp_4_5_baseline,rcp_4_5_future,2060,6,Jun,30,17.6354237874,17.4734432475,15.8790391710,0.1619805400,1.7563846164,282.1518824259,263.2178315353,253.9700525213,1.0719330099,1.1109651694
rcp_4_5,rcp_4_5_baseline,rcp_4_5_future,2060,7,Jul,31,20.0993985084,19.2093807590,18.5180873748,0.8900177494,1.5813111336,233.9008963800,249.2395478833,245.1870106318,0.9384581956,0.9539693631
rcp_4_5,rcp_4_5_baseline,rcp_4_5_future,2060,8,Aug,31,19.5500023627,18.5896220546,18.1405441339,0.9603803081,1.4094582288,216.0204307802,208.8841563871,205.3698040132,1.0341637897,1.0518607242
rcp_4_5,rcp_4_5_baseline,rcp_4_5_future,2060,9,Sep,30,18.4865224203,14.9607407125,14.7705158940,3.5257817078,3.7160065262,163.8766011556,155.6030604458,149.1999854229,1.0531708097,1.0983687478
rcp_4_5,rcp_4_5_baseline,rcp_4_5_future,2060,10,Oct,31,10.6025861186,10.5812702302,9.5899143233,0.0213158884,1.0126717954,92.8004600156,93.9439950128,92.1093311412,0.9878274817,1.0075033535
rcp_4_5,rcp_4_5_baseline,rcp_4_5_future,2060,11,Nov,30,5.0902221680,6.5394053650,5.2109050044,-1.4491831970,-0.1206828365,48.0975237846,48.6437340895,48.5074186714,0.9887712094,0.9915498516
rcp_4_5,rcp_4_5_baseline,rcp_4_5_future,2060,12,Dec,31,4.8798146894,3.7571349605,2.7609710365,1.1226797288,2.1188436529,33.6379530814,31.5866178989,31.3790524813,1.0649431727,1.0719875338
rcp_8_5,rcp_8_5_baseline,rcp_8_5_future,2041,1,Jan,31,3.0336390341,3.3171907486,1.8860647769,-0.2835517145,1.1475742572,45.3644181528,41.4687914302,41.1106140050,1.0939411685,1.1034721629
rcp_8_5,rcp_8_5_baseline,rcp_8_5_future,2041,2,Feb,28,3.5909003122,4.1948403148,2.5200088621,-0.6039400026,1.0708914500,73.5196394239,73.5564418590,76.9798542721,0.9994996708,0.9550503845
rcp_8_5,rcp_8_5_baseline,rcp_8_5_future,2041,3,Mar,31,5.8284762475,6.2058617377,4.7683142877,-0.3773854902,1.0601619597,127.7216756267,130.0654536463,131.4628407605,0.9819800112,0.9715420334
rcp_8_5,rcp_8_5_baseline,rcp_8_5_future,2041,4,Apr,30,11.3303751628,8.4370633443,7.6290807653,2.8933118184,3.7012943974,179.8025641123,188.5256779257,181.0730762694,0.9537298372,0.9929834287
rcp_8_5,rcp_8_5_baseline,rcp_8_5_future,2041,5,May,31,9.2817282400,11.8469337217,11.6712716161,-2.5652054817,-2.3895433761,211.5670613935,222.4865747175,224.7666454520,0.9509205743,0.9412742757
rcp_8_5,rcp_8_5_baseline,rcp_8_5_future,2041,6,Jun,30,14.8838633219,16.9129172770,16.3826952334,-2.0290539551,-1.4988319114,208.7678858439,251.4595156606,254.6689449875,0.8302246399,0.8197618514
rcp_8_5,rcp_8_5_baseline,rcp_8_5_future,2041,7,Jul,31,17.2666643696,18.9837136546,18.0173045278,-1.7170492849,-0.7506401582,226.7965225712,245.4100244338,243.5001420667,0.9241534574,0.9314020133
rcp_8_5,rcp_8_5_baseline,rcp_8_5_future,2041,8,Aug,31,17.4041824833,18.5775464950,17.6976414834,-1.1733640117,-0.2934590001,206.5260866227,206.2368775306,201.5290357665,1.0014023151,1.0247956868
rcp_8_5,rcp_8_5_baseline,rcp_8_5_future,2041,9,Sep,30,15.0018920899,15.6995307414,14.7166614674,-0.6976386515,0.2852306225,165.3457659403,158.5444051298,151.5570842425,1.0428987753,1.0909801199
rcp_8_5,rcp_8_5_baseline,rcp_8_5_future,2041,10,Oct,31,11.5223780478,11.1668245869,9.5417271221,0.3555534609,1.9806509257,110.5147873663,94.1792721533,96.1421562643,1.1734512790,1.1494935381
rcp_8_5,rcp_8_5_baseline,rcp_8_5_future,2041,11,Nov,30,4.8684590658,6.2815764364,4.9415954590,-1.4131173706,-0.0731363932,50.4716095924,50.1486923504,49.5438080796,1.0064391957,1.0187268914
rcp_8_5,rcp_8_5_baseline,rcp_8_5_future,2041,12,Dec,31,1.9544075258,4.8896870767,3.1374715388,-2.9352795509,-1.1830640130,30.1960380923,31.5482153381,30.3401057579,0.9571393427,0.9952515767
rcp_8_5,rcp_8_5_baseline,rcp_8_5_future,2042,1,Jan,31,4.3485341718,3.3171907486,1.8860647769,1.0313434232,2.4624693949,35.0576241862,41.4687914302,41.1106140050,0.8453977793,0.8527633322
rcp_8_5,rcp_8_5_baseline,rcp_8_5_future,2042,2,Feb,28,4.5378945487,4.1948403148,2.5200088621,0.3430542339,2.0178856866,72.0420970917,73.5564418590,76.9798542721,0.9794124793,0.9358565013
rcp_8_5,rcp_8_5_baseline,rcp_8_5_future,2042,3,Mar,31,5.8127094884,6.2058617377,4.7683142877,-0.3931522492,1.0443952007,134.0014250971,130.0654536463,131.4628407605,1.0302614671,1.0193102805
rcp_8_5,rcp_8_5_baseline,rcp_8_5_future,2042,4,Apr,30,12.6259897868,8.4370633443,7.6290807653,4.1889264425,4.9969090215,201.5781814575,188.5256779257,181.0730762694,1.0692346193,1.1132421540
rcp_8_5,rcp_8_5_baseline,rcp_8_5_future,2042,5,May,31,11.6907346664,11.8469337217,11.6712716161,-0.1561990553,0.0194630503,220.8179365589,222.4865747175,224.7666454520,0.9925000501,0.9824319623
rcp_8_5,rcp_8_5_baseline,rcp_8_5_future,2042,6,Jun,30,16.6408752441,16.9129172770,16.3826952334,-0.2720420329,0.2581800108,279.8983515421,251.4595156606,254.6689449875,1.1130950873,1.0990674641
rcp_8_5,rcp_8_5_baseline,rcp_8_5_future,2042,7,Jul,31,20.2001281738,18.9837136546,18.0173045278,1.2164145193,2.1828236460,269.8765202184,245.4100244338,243.5001420667,1.0996963993,1.1083218183
rcp_8_5,rcp_8_5_baseline,rcp_8_5_future,2042,8,Aug,31,17.1120849609,18.5775464950,17.6976414834,-1.4654615341,-0.5855565225,184.4183967344,206.2368775306,201.5290357665,0.8942066954,0.9150959118
rcp_8_5,rcp_8_5_baseline,rcp_8_5_future,2042,9,Sep,30,14.9486307780,15.6995307414,14.7166614674,-0.7508999634,0.2319693106,169.0668759664,158.5444051298,151.5570842425,1.0663692347,1.1155326510
rcp_8_5,rcp_8_5_baseline,rcp_8_5_future,2042,10,Oct,31,8.6376311271,11.1668245869,9.5417271221,-2.5291934598,-0.9040959950,85.7767423814,94.1792721533,96.1421562643,0.9107815384,0.8921865882
rcp_8_5,rcp_8_5_baseline,rcp_8_5_future,2042,11,Nov,30,4.9470011393,6.2815764364,4.9415954590,-1.3345752970,0.0054056803,39.2128450076,50.1486923504,49.5438080796,0.7819315553,0.7914782195
rcp_8_5,rcp_8_5_baseline,rcp_8_5_future,2042,12,Dec,31,1.0707149383,4.8896870767,3.1374715388,-3.8189721384,-2.0667566005,31.1884209418,31.5482153381,30.3401057579,0.9885954121,1.0279601921
rcp_8_5,rcp_8_5_baseline,rcp_8_5_future,2043,1,Jan,31,3.4104031471,3.3171907486,1.8860647769,0.0932123984,1.5243383702,42.0193913675,41.4687914302,41.1106140050,1.0132774532,1.0221056626
rcp_8_5,rcp_8_5_baseline,rcp_8_5_future,2043,2,Feb,28,5.0710213798,4.1948403148,2.5200088621,0.8761810650,2.5510125176,62.0813580922,73.5564418590,76.9798542721,0.8439962092,0.8064624008
rcp_8_5,rcp_8_5_baseline,rcp_8_5_future,2043,3,Mar,31,6.3123560752,6.2058617377,4.7683142877,0.1064943375,1.5440417874,106.5757732391,130.0654536463,131.4628407605,0.8194010804,0.8106912389
rcp_8_5,rcp_8_5_baseline,rcp_8_5_future,2043,4,Apr,30,8.5892537435,8.4370633443,7.6290807653,0.1521903992,0.9601729782,191.9695075989,188.5256779257,181.0730762694,1.0182671650,1.0601769824
rcp_8_5,rcp_8_5_baseline,rcp_8_5_future,2043,5,May,31,14.1034770350,11.8469337217,11.6712716161,2.2565433133,2.4322054190,240.1226794335,222.4865747175,224.7666454520,1.0792681749,1.0683198966
rcp_8_5,rcp_8_5_baseline,rcp_8_5_future,2043,6,Jun,30,16.0546763102,16.9129172770,16.3826952334,-0.8582409668,-0.3280189232,238.6371823629,251.4595156606,254.6689449875,0.9490083592,0.9370486157
rcp_8_5,rcp_8_5_baseline,rcp_8_5_future,2043,7,Jul,31,18.9014122748,18.9837136546,18.0173045278,-0.0823013798,0.8841077470,263.8313970258,245.4100244338,243.5001420667,1.0750636517,1.0834958649
rcp_8_5,rcp_8_5_baseline,rcp_8_5_future,2043,8,Aug,31,17.3446978169,18.5775464950,17.6976414834,-1.2328486781,-0.3529436665,206.0530607162,206.2368775306,201.5290357665,0.9991087103,1.0224485019
rcp_8_5,rcp_8_5_baseline,rcp_8_5_future,2043,9,Sep,30,14.3159861247,15.6995307414,14.7166614674,-1.3835446167,-0.4006753427,126.4783877055,158.5444051298,151.5570842425,0.7977474046,0.8345263987
rcp_8_5,rcp_8_5_baseline,rcp_8_5_future,2043,10,Oct,31,9.6686517531,11.1668245869,9.5417271221,-1.4981728338,0.1269246310,94.6150541613,94.1792721533,96.1421562643,1.0046271541,0.9841162071
rcp_8_5,rcp_8_5_baseline,rcp_8_5_future,2043,11,Nov,30,3.0842193604,6.2815764364,4.9415954590,-3.1973570760,-1.8573760986,49.1444744428,50.1486923504,49.5438080796,0.9799751926,0.9919397872
rcp_8_5,rcp_8_5_baseline,rcp_8_5_future,2043,12,Dec,31,4.9532990486,4.8896870767,3.1374715388,0.0636119719,1.8158275098,33.2911339575,31.5482153381,30.3401057579,1.0552461875,1.0972649279
rcp_8_5,rcp_8_5_baseline,rcp_8_5_future,2044,1,Jan,31,2.4757924726,3.3171907486,1.8860647769,-0.8413982760,0.5897276957,41.3959378273,41.4687914302,41.1106140050,0.9982431703,1.0069403931
rcp_8_5,rcp_8_5_baseline,rcp_8_5_future,2044,2,Feb,29,4.4781106883,4.1948403148,2.5200088621,0.2832703736,1.9581018262,71.7813968330,73.5564418590,76.9798542721,0.9758682587,0.9324698976
rcp_8_5,rcp_8_5_baseline,rcp_8_5_future,2044,3,Mar,31,5.4317831716,6.2058617377,4.7683142877,-0.7740785660,0.6634688839,150.5358452336,130.0654536463,131.4628407605,1.1573853088,1.1450828566
rcp_8_5,rcp_8_5_baseline,rcp_8_5_future,2044,4,Apr,30,6.9634338379,8.4370633443,7.6290807653,-1.4736295064,-0.6656469274,179.0248466492,188.5256779257,181.0730762694,0.9496045770,0.9886883812
rcp_8_5,rcp_8_5_baseline,rcp_8_5_future,2044,5,May,31,8.9235680365,11.8469337217,11.6712716161,-2.9233656852,-2.7477035796,219.4100516535,222.4865747175,224.7666454520,0.9861720957,0.9761681997
rcp_8_5,rcp_8_5_baseline,rcp_8_5_future,2044,6,Jun,30,15.5724873861,16.9129172770,16.3826952334,-1.3404298910,-0.8102078473,240.2846547445,251.4595156606,254.6689449875,0.9555599998,0.9435176902
rcp_8_5,rcp_8_5_baseline,rcp_8_5_future,2044,7,Jul,31,17.4148941532,18.9837136546,18.0173045278,-1.5688195013,-0.6024103746,235.4561184299,245.4100244338,243.5001420667,0.9594396927,0.9669650146
rcp_8_5,rcp_8_5_baseline,rcp_8_5_future,2044,8,Aug,31,16.9441368841,18.5775464950,17.6976414834,-1.6334096109,-0.7535045993,198.3118164309,206.2368775306,201.5290357665,0.9615730165,0.9840359513
rcp_8_5,rcp_8_5_baseline,rcp_8_5_future,2044,9,Sep,30,13.8926523844,15.6995307414,14.7166614674,-1.8068783569,-0.8240090829,139.0365762075,158.5444051298,151.5570842425,0.8769566866,0.9173875105
rcp_8_5,rcp_8_5_baseline,rcp_8_5_future,2044,10,Oct,31,11.5079816265,11.1668245869,9.5417271221,0.3411570395,1.9662545044,95.3107080152,94.1792721533,96.1421562643,1.0120136399,0.9913518868
rcp_8_5,rcp_8_5_baseline,rcp_8_5_future,2044,11,Nov,30,8.0085774740,6.2815764364,4.9415954590,1.7270010376,3.0669820150,52.3859241486,50.1486923504,49.5438080796,1.0446119668,1.0573657169
rcp_8_5,rcp_8_5_baseline,rcp_8_5_future,2044,12,Dec,31,4.8413034747,4.8896870767,3.1374715388,-0.0483836020,1.7038319359,22.9828623802,31.5482153381,30.3401057579,0.7284996040,0.7575076555
rcp_8_5,rcp_8_5_baseline,rcp_8_5_future,2045,1,Jan,31,4.2294919906,3.3171907486,1.8860647769,0.9123012420,2.3434272137,35.1742878268,41.4687914302,41.1106140050,0.8482110670,0.8556011307
rcp_8_5,rcp_8_5_baseline,rcp_8_5_future,2045,2,Feb,28,2.4586055211,4.1948403148,2.5200088621,-1.7362347937,-0.0614033410,77.6238874027,73.5564418590,76.9798542721,1.0552969317,1.0083662555
rcp_8_5,rcp_8_5_baseline,rcp_8_5_future,2045,3,Mar,31,2.7479059035,6.2058617377,4.7683142877,-3.4579558342,-2.0204083843,119.2903257801,130.0654536463,131.4628407605,0.9171561121,0.9074071813
rcp_8_5,rcp_8_5_baseline,rcp_8_5_future,2045,4,Apr,30,6.5025950114,8.4370633443,7.6290807653,-1.9344683329,-1.1264857539,155.4323387146,188.5256779257,181.0730762694,0.8244624309,0.8583956374
rcp_8_5,rcp_8_5_baseline,rcp_8_5_future,2045,5,May,31,10.1276213615,11.8469337217,11.6712716161,-1.7193123602,-1.5436502546,203.9081472581,222.4865747175,224.7666454520,0.9164964112,0.9071993171
rcp_8_5,rcp_8_5_baseline,rcp_8_5_future,2045,6,Jun,30,15.9389851888,16.9129172770,16.3826952334,-0.9739320882,-0.4437100446,260.9344192505,251.4595156606,254.6689449875,1.0376796383,1.0246024275
rcp_8_5,rcp_8_5_baseline,rcp_8_5_future,2045,7,Jul,31,18.5175129552,18.9837136546,18.0173045278,-0.4662006993,0.5002084274,236.5627581689,245.4100244338,243.5001420667,0.9639490429,0.9715097337
rcp_8_5,rcp_8_5_baseline,rcp_8_5_future,2045,8,Aug,31,15.7659467143,18.5775464950,17.6976414834,-2.8115997807,-1.9316947691,174.1038857737,206.2368775306,201.5290357665,0.8441937633,0.8639146469
rcp_8_5,rcp_8_5_baseline,rcp_8_5_future,2045,9,Sep,30,12.9680989583,15.6995307414,14.7166614674,-2.7314317830,-1.7485625090,144.7251845042,158.5444051298,151.5570842425,0.9128369077,0.9549219374
rcp_8_5,rcp_8_5_baseline,rcp_8_5_future,2045,10,Oct,31,11.4980978689,11.1668245869,9.5417271221,0.3312732820,1.9563707468,89.6850171858,94.1792721533,96.1421562643,0.9522797866,0.9328375883
rcp_8_5,rcp_8_5_baseline,rcp_8_5_future,2045,11,Nov,30,7.4667856852,6.2815764364,4.9415954590,1.1852092489,2.5251902262,44.8762099266,50.1486923504,49.5438080796,0.8948630128,0.9057884661
rcp_8_5,rcp_8_5_baseline,rcp_8_5_future,2045,12,Dec,31,4.9971892326,4.8896870767,3.1374715388,0.1075021559,1.8597176938,29.0638545559,31.5482153381,30.3401057579,0.9212519391,0.9579351762
rcp_8_5,rcp_8_5_baseline,rcp_8_5_future,2046,1,Jan,31,5.2542259955,3.3171907486,1.8860647769,1.9370352468,3.3681612186,34.6833202916,41.4687914302,41.1106140050,0.8363716206,0.8436585327
rcp_8_5,rcp_8_5_baseline,rcp_8_5_future,2046,2,Feb,28,2.1822110857,4.1948403148,2.5200088621,-2.0126292290,-0.3377977764,76.5846439089,73.5564418590,76.9798542721,1.0411684140,0.9948660547
rcp_8_5,rcp_8_5_baseline,rcp_8_5_future,2046,3,Mar,31,5.8244784447,6.2058617377,4.7683142877,-0.3813832929,1.0561641570,136.9758482902,130.0654536463,131.4628407605,1.0531301314,1.0419358619
rcp_8_5,rcp_8_5_baseline,rcp_8_5_future,2046,4,Apr,30,9.1435017904,8.4370633443,7.6290807653,0.7064384460,1.5144210250,176.3362382253,188.5256779257,181.0730762694,0.9353433451,0.9738401857
rcp_8_5,rcp_8_5_baseline,rcp_8_5_future,2046,5,May,31,13.4353901525,11.8469337217,11.6712716161,1.5884564307,1.7641185364,221.3889066635,222.4865747175,224.7666454520,0.9950663627,0.9849722418
rcp_8_5,rcp_8_5_baseline,rcp_8_5_future,2046,6,Jun,30,13.9432657878,16.9129172770,16.3826952334,-2.9696514893,-2.4394294456,232.3074601491,251.4595156606,254.6689449875,0.9238364257,0.9121939079
rcp_8_5,rcp_8_5_baseline,rcp_8_5_future,2046,7,Jul,31,17.9404560704,18.9837136546,18.0173045278,-1.0432575841,-0.0768484574,244.2994581653,245.4100244338,243.5001420667,0.9954746499,1.0032826104
rcp_8_5,rcp_8_5_baseline,rcp_8_5_future,2046,8,Aug,31,19.4635706748,18.5775464950,17.6976414834,0.8860241798,1.7659291914,212.7104494649,206.2368775306,201.5290357665,1.0313890125,1.0554828919
rcp_8_5,rcp_8_5_baseline,rcp_8_5_future,2046,9,Sep,30,13.5758555095,15.6995307414,14.7166614674,-2.1236752319,-1.1408059579,138.7742828369,158.5444051298,151.5570842425,0.8753023024,0.9156568532
rcp_8_5,rcp_8_5_baseline,rcp_8_5_future,2046,10,Oct,31,10.5491714970,11.1668245869,9.5417271221,-0.6176530900,1.0074443749,86.6502669550,94.1792721533,96.1421562643,0.9200566640,0.9012723484
rcp_8_5,rcp_8_5_baseline,rcp_8_5_future,2046,11,Nov,30,5.9962768555,6.2815764364,4.9415954590,-0.2852995809,1.0546813965,52.4911567370,50.1486923504,49.5438080796,1.0467103782,1.0594897480
rcp_8_5,rcp_8_5_baseline,rcp_8_5_future,2046,12,Dec,31,4.1363001670,4.8896870767,3.1374715388,-0.7533869097,0.9988286282,32.5759604823,31.5482153381,30.3401057579,1.0325769662,1.0736930432
rcp_8_5,rcp_8_5_baseline,rcp_8_5_future,2047,1,Jan,31,3.3577140562,3.3171907486,1.8860647769,0.0405233076,1.4716492793,42.4100864779,41.4687914302,41.1106140050,1.0226988782,1.0316091721
rcp_8_5,rcp_8_5_baseline,rcp_8_5_future,2047,2,Feb,28,6.2978716169,4.1948403148,2.5200088621,2.1030313021,3.7778627548,67.1754472596,73.5564418590,76.9798542721,0.9132503634,0.8726367164
rcp_8_5,rcp_8_5_baseline,rcp_8_5_future,2047,3,Mar,31,5.3687939059,6.2058617377,4.7683142877,-0.8370678317,0.6004796182,135.6761290027,130.0654536463,131.4628407605,1.0431373220,1.0320492712
rcp_8_5,rcp_8_5_baseline,rcp_8_5_future,2047,4,Apr,30,7.0978047689,8.4370633443,7.6290807653,-1.3392585754,-0.5312759965,169.5712056478,188.5256779257,181.0730762694,0.8994594663,0.9364793990
rcp_8_5,rcp_8_5_baseline,rcp_8_5_future,2047,5,May,31,10.7970372354,11.8469337217,11.6712716161,-1.0498964863,-0.8742343807,240.3239711638,222.4865747175,224.7666454520,1.0801729114,1.0692154553
rcp_8_5,rcp_8_5_baseline,rcp_8_5_future,2047,6,Jun,30,15.8489135742,16.9129172770,16.3826952334,-1.0640037028,-0.5337816592,228.3873700460,251.4595156606,254.6689449875,0.9082470769,0.8968010216
rcp_8_5,rcp_8_5_baseline,rcp_8_5_future,2047,7,Jul,31,17.2859327747,18.9837136546,18.0173045278,-1.6977808799,-0.7313717531,213.5539363738,245.4100244338,243.5001420667,0.8701923928,0.8770177075
rcp_8_5,rcp_8_5_baseline,rcp_8_5_future,2047,8,Aug,31,19.0582942840,18.5775464950,17.6976414834,0.4807477890,1.3606528005,239.7990417480,206.2368775306,201.5290357665,1.1627359986,1.1898982240
rcp_8_5,rcp_8_5_baseline,rcp_8_5_future,2047,9,Sep,30,15.2087331136,15.6995307414,14.7166614674,-0.4907976278,0.4920716462,159.1560080210,158.5444051298,151.5570842425,1.0038576126,1.0501390207
rcp_8_5,rcp_8_5_baseline,rcp_8_5_future,2047,10,Oct,31,10.7999127788,11.1668245869,9.5417271221,-0.3669118081,1.2581856567,85.5323307283,94.1792721533,96.1421562643,0.9081863639,0.8896443980
rcp_8_5,rcp_8_5_baseline,rcp_8_5_future,2047,11,Nov,30,4.6098195394,6.2815764364,4.9415954590,-1.6717568970,-0.3317759196,51.3914116859,50.1486923504,49.5438080796,1.0247806927,1.0372923212
rcp_8_5,rcp_8_5_baseline,rcp_8_5_future,2047,12,Dec,31,7.0043017972,4.8896870767,3.1374715388,2.1146147205,3.8668302584,27.8588004804,31.5482153381,30.3401057579,0.8830547206,0.9182169865
rcp_8_5,rcp_8_5_baseline,rcp_8_5_future,2048,1,Jan,31,3.6131294496,3.3171907486,1.8860647769,0.2959387010,1.7270646727,41.5139618228,41.4687914302,41.1106140050,1.0010892623,1.0098112818
rcp_8_5,rcp_8_5_baseline,rcp_8_5_future,2048,2,Feb,29,1.3803018504,4.1948403148,2.5200088621,-2.8145384643,-1.1397070117,75.9796514182,73.5564418590,76.9798542721,1.0329435397,0.9870069531
rcp_8_5,rcp_8_5_baseline,rcp_8_5_future,2048,3,Mar,31,7.5844763971,6.2058617377,4.7683142877,1.3786146595,2.8161621094,117.4693263885,130.0654536463,131.4628407605,0.9031554736,0.8935553629
rcp_8_5,rcp_8_5_baseline,rcp_8_5_future,2048,4,Apr,30,6.5473612467,8.4370633443,7.6290807653,-1.8897020976,-1.0817195186,191.6994885763,188.5256779257,181.0730762694,1.0168348985,1.0586857667
rcp_8_5,rcp_8_5_baseline,rcp_8_5_future,2048,5,May,31,10.8862529139,11.8469337217,11.6712716161,-0.9606808078,-0.7850187021,215.7220380229,222.4865747175,224.7666454520,0.9695957533,0.9597600106
rcp_8_5,rcp_8_5_baseline,rcp_8_5_future,2048,6,Jun,30,14.5447041829,16.9129172770,16.3826952334,-2.3682130941,-1.8379910504,226.0614941915,251.4595156606,254.6689449875,0.8989975726,0.8876680830
rcp_8_5,rcp_8_5_baseline,rcp_8_5_future,2048,7,Jul,31,21.6898654076,18.9837136546,18.0173045278,2.7061517531,3.6725608798,276.3278094876,245.4100244338,243.5001420667,1.1259841978,1.1348158040
rcp_8_5,rcp_8_5_baseline,rcp_8_5_future,2048,8,Aug,31,17.0510183027,18.5775464950,17.6976414834,-1.5265281923,-0.6466231808,190.5142999464,206.2368775306,201.5290357665,0.9237644704,0.9453441745
rcp_8_5,rcp_8_5_baseline,rcp_8_5_future,2048,9,Sep,30,15.2352244059,15.6995307414,14.7166614674,-0.4643063354,0.5185629385,164.7698582967,158.5444051298,151.5570842425,1.0392663063,1.0871801811
rcp_8_5,rcp_8_5_baseline,rcp_8_5_future,2048,10,Oct,31,10.7900841498,11.1668245869,9.5417271221,-0.3767404372,1.2483570277,104.3617756751,94.1792721533,96.1421562643,1.1081183077,1.0854944358
rcp_8_5,rcp_8_5_baseline,rcp_8_5_future,2048,11,Nov,30,7.2110148112,6.2815764364,4.9415954590,0.9294383748,2.2694193522,45.9677108924,50.1486923504,49.5438080796,0.9166283055,0.9278194930
rcp_8_5,rcp_8_5_baseline,rcp_8_5_future,2048,12,Dec,31,4.4017509214,4.8896870767,3.1374715388,-0.4879361553,1.2642793826,38.9691869982,31.5482153381,30.3401057579,1.2352263537,1.2844117060
rcp_8_5,rcp_8_5_baseline,rcp_8_5_future,2049,1,Jan,31,2.4876096664,3.3171907486,1.8860647769,-0.8295810822,0.6015448895,45.4908638001,41.4687914302,41.1106140050,1.0969903446,1.1065479050
rcp_8_5,rcp_8_5_baseline,rcp_8_5_future,2049,2,Feb,28,4.4910936628,4.1948403148,2.5200088621,0.2962533481,1.9710848007,69.2843093872,73.5564418590,76.9798542721,0.9419203490,0.9000317036
rcp_8_5,rcp_8_5_baseline,rcp_8_5_future,2049,3,Mar,31,6.2430654218,6.2058617377,4.7683142877,0.0372036842,1.4747511341,127.2518594188,130.0654536463,131.4628407605,0.9783678590,0.9679682767
rcp_8_5,rcp_8_5_baseline,rcp_8_5_future,2049,4,Apr,30,9.7132659912,8.4370633443,7.6290807653,1.2762026469,2.0841852259,161.2855244954,188.5256779257,181.0730762694,0.8555095851,0.8907206296
rcp_8_5,rcp_8_5_baseline,rcp_8_5_future,2049,5,May,31,13.7074228594,11.8469337217,11.6712716161,1.8604891377,2.0361512434,255.9835879418,222.4865747175,224.7666454520,1.1505574584,1.1388860097
rcp_8_5,rcp_8_5_baseline,rcp_8_5_future,2049,6,Jun,30,21.1947682699,16.9129172770,16.3826952334,4.2818509928,4.8120730365,281.6042205811,251.4595156606,254.6689449875,1.1198789588,1.1057658428
rcp_8_5,rcp_8_5_baseline,rcp_8_5_future,2049,7,Jul,31,17.8512620495,18.9837136546,18.0173045278,-1.1324516050,-0.1660424783,235.6282415082,245.4100244338,243.5001420667,0.9601410621,0.9676718852
rcp_8_5,rcp_8_5_baseline,rcp_8_5_future,2049,8,Aug,31,17.0411699849,18.5775464950,17.6976414834,-1.5363765101,-0.6564714985,185.0174021567,206.2368775306,201.5290357665,0.8971111489,0.9180682151
rcp_8_5,rcp_8_5_baseline,rcp_8_5_future,2049,9,Sep,30,17.2841308594,15.6995307414,14.7166614674,1.5846001180,2.5674693920,177.3916027069,158.5444051298,151.5570842425,1.1188764596,1.1704606459
rcp_8_5,rcp_8_5_baseline,rcp_8_5_future,2049,10,Oct,31,11.4367742723,11.1668245869,9.5417271221,0.2699496854,1.8950471502,98.7904213321,94.1792721533,96.1421562643,1.0489614017,1.0275453055
rcp_8_5,rcp_8_5_baseline,rcp_8_5_future,2049,11,Nov,30,3.9365804036,6.2815764364,4.9415954590,-2.3449960327,-1.0050150553,46.9638847351,50.1486923504,49.5438080796,0.9364927087,0.9479264222
rcp_8_5,rcp_8_5_baseline,rcp_8_5_future,2049,12,Dec,31,4.6158996582,4.8896870767,3.1374715388,-0.2737874185,1.4784281194,25.6335501671,31.5482153381,30.3401057579,0.8125198174,0.8448734613
rcp_8_5,rcp_8_5_baseline,rcp_8_5_future,2050,1,Jan,31,3.7299152990,3.3171907486,1.8860647769,0.4127245503,1.8438505221,37.8186481845,41.4687914302,41.1106140050,0.9119785477,0.9199241875
rcp_8_5,rcp_8_5_baseline,rcp_8_5_future,2050,2,Feb,28,5.5200810024,4.1948403148,2.5200088621,1.3252406876,3.0000721403,83.0783967291,73.5564418590,76.9798542721,1.1294509988,1.0792225773
rcp_8_5,rcp_8_5_baseline,rcp_8_5_future,2050,3,Mar,31,6.1094023674,6.2058617377,4.7683142877,-0.0964593703,1.3410880796,135.9754154451,130.0654536463,131.4628407605,1.0454383669,1.0343258571
rcp_8_5,rcp_8_5_baseline,rcp_8_5_future,2050,4,Apr,30,7.8782307943,8.4370633443,7.6290807653,-0.5588325500,0.2491500289,215.3172683716,188.5256779257,181.0730762694,1.1421110946,1.1891180777
rcp_8_5,rcp_8_5_baseline,rcp_8_5_future,2050,5,May,31,13.0743396390,11.8469337217,11.6712716161,1.2274059173,1.4030680229,234.3228207250,222.4865747175,224.7666454520,1.0531998213,1.0425159848
rcp_8_5,rcp_8_5_baseline,rcp_8_5_future,2050,6,Jun,30,21.2070373535,16.9129172770,16.3826952334,4.2941200765,4.8243421201,279.9956700643,251.4595156606,254.6689449875,1.1134821020,1.0994496014
rcp_8_5,rcp_8_5_baseline,rcp_8_5_future,2050,7,Jul,31,21.3864261750,18.9837136546,18.0173045278,2.4027125205,3.3691216472,261.0183605071,245.4100244338,243.5001420667,1.0636010534,1.0719433602
rcp_8_5,rcp_8_5_baseline,rcp_8_5_future,2050,8,Aug,31,22.9338652580,18.5775464950,17.6976414834,4.3563187630,5.2362237746,224.9514773584,206.2368775306,201.5290357665,1.0907432272,1.1162236573
rcp_8_5,rcp_8_5_baseline,rcp_8_5_future,2050,9,Sep,30,17.8781158447,15.6995307414,14.7166614674,2.1785851034,3.1614543774,184.8841156006,158.5444051298,151.5570842425,1.1661345946,1.2198975490
rcp_8_5,rcp_8_5_baseline,rcp_8_5_future,2050,10,Oct,31,13.1385870164,11.1668245869,9.5417271221,1.9717624295,3.5968598943,95.4749163351,94.1792721533,96.1421562643,1.0137572117,0.9930598610
rcp_8_5,rcp_8_5_baseline,rcp_8_5_future,2050,11,Nov,30,6.7933787028,6.2815764364,4.9415954590,0.5118022664,1.8517832438,59.6470587095,50.1486923504,49.5438080796,1.1894040685,1.2039255968
rcp_8_5,rcp_8_5_baseline,rcp_8_5_future,2050,12,Dec,31,7.3656181089,4.8896870767,3.1374715388,2.4759310322,4.2281465701,30.7781629562,31.5482153381,30.3401057579,0.9755912538,1.0144382225
rcp_8_5,rcp_8_5_baseline,rcp_8_5_future,2051,1,Jan,31,3.3271807271,3.3171907486,1.8860647769,0.0099899784,1.4411159502,41.2647673084,41.4687914302,41.1106140050,0.9950800562,1.0037497203
rcp_8_5,rcp_8_5_baseline,rcp_8_5_future,2051,2,Feb,28,5.2116790772,4.1948403148,2.5200088621,1.0168387624,2.6916702150,66.7225158896,73.5564418590,76.9798542721,0.9070927604,0.8667529514
rcp_8_5,rcp_8_5_baseline,rcp_8_5_future,2051,3,Mar,31,6.2228450652,6.2058617377,4.7683142877,0.0169833276,1.4545307775,132.1365609938,130.0654536463,131.4628407605,1.0159235776,1.0051247959
rcp_8_5,rcp_8_5_baseline,rcp_8_5_future,2051,4,Apr,30,7.6345143636,8.4370633443,7.6290807653,-0.8025489807,0.0054335983,191.2421639125,188.5256779257,181.0730762694,1.0144091034,1.0561601308
rcp_8_5,rcp_8_5_baseline,rcp_8_5_future,2051,5,May,31,15.1570708244,11.8469337217,11.6712716161,3.3101371027,3.4857992083,269.6067971260,222.4865747175,224.7666454520,1.2117890595,1.1994964670
rcp_8_5,rcp_8_5_baseline,rcp_8_5_future,2051,6,Jun,30,14.4524200439,16.9129172770,16.3826952334,-2.4604972331,-1.9302751894,211.1915992737,251.4595156606,254.6689449875,0.8398632230,0.8292789656
rcp_8_5,rcp_8_5_baseline,rcp_8_5_future,2051,7,Jul,31,15.8811830582,18.9837136546,18.0173045278,-3.1025305963,-2.1361214696,231.0747513310,245.4100244338,243.5001420667,0.9415864403,0.9489717311
rcp_8_5,rcp_8_5_baseline,rcp_8_5_future,2051,8,Aug,31,17.1718649587,18.5775464950,17.6976414834,-1.4056815363,-0.5257765247,206.1543896583,206.2368775306,201.5290357665,0.9996000334,1.0229513026
rcp_8_5,rcp_8_5_baseline,rcp_8_5_future,2051,9,Sep,30,13.8785054525,15.6995307414,14.7166614674,-1.8210252889,-0.8381560149,139.5208751678,158.5444051298,151.5570842425,0.8800113448,0.9205829992
rcp_8_5,rcp_8_5_baseline,rcp_8_5_future,2051,10,Oct,31,9.9543622417,11.1668245869,9.5417271221,-1.2124623452,0.4126351196,107.2856862468,94.1792721533,96.1421562643,1.1391645295,1.1159068032
rcp_8_5,rcp_8_5_baseline,rcp_8_5_future,2051,11,Nov,30,6.5229797363,6.2815764364,4.9415954590,0.2414033000,1.5813842773,49.0318307241,50.1486923504,49.5438080796,0.9777289980,0.9896661687
rcp_8_5,rcp_8_5_baseline,rcp_8_5_future,2051,12,Dec,31,4.6578308105,4.8896870767,3.1374715388,-0.2318562662,1.5203592717,39.8875464162,31.5482153381,30.3401057579,1.2643360643,1.3146805332
rcp_8_5,rcp_8_5_baseline,rcp_8_5_future,2052,1,Jan,31,5.4290080409,3.3171907486,1.8860647769,2.1118172922,3.5429432640,46.6581778065,41.4687914302,41.1106140050,1.1251395615,1.1349423728
rcp_8_5,rcp_8_5_baseline,rcp_8_5_future,2052,2,Feb,29,6.6328842689,4.1948403148,2.5200088621,2.4380439542,4.1128754068,79.9165662897,73.5564418590,76.9798542721,1.0864659066,1.0381490982
rcp_8_5,rcp_8_5_baseline,rcp_8_5_future,2052,3,Mar,31,7.5738917197,6.2058617377,4.7683142877,1.3680299820,2.8055774320,133.6239285008,130.0654536463,131.4628407605,1.0273591085,1.0164387726
rcp_8_5,rcp_8_5_baseline,rcp_8_5_future,2052,4,Apr,30,8.5898213705,8.4370633443,7.6290807653,0.1527580261,0.9607406051,178.5758628845,188.5256779257,181.0730762694,0.9472230247,0.9862088090
rcp_8_5,rcp_8_5_baseline,rcp_8_5_future,2052,5,May,31,12.6106112572,11.8469337217,11.6712716161,0.7636775355,0.9393396412,222.7419277314,222.4865747175,224.7666454520,1.0011477232,0.9909919120
rcp_8_5,rcp_8_5_baseline,rcp_8_5_future,2052,6,Jun,30,15.3469604492,16.9129172770,16.3826952334,-1.5659568278,-1.0357347842,244.0597610474,251.4595156606,254.6689449875,0.9705727795,0.9583412734
rcp_8_5,rcp_8_5_baseline,rcp_8_5_future,2052,7,Jul,31,18.1304614652,18.9837136546,18.0173045278,-0.8532521894,0.1131569373,225.8767343337,245.4100244338,243.5001420667,0.9204054922,0.9276246511
rcp_8_5,rcp_8_5_baseline,rcp_8_5_future,2052,8,Aug,31,18.8062870149,18.5775464950,17.6976414834,0.2287405199,1.1086455314,218.2710844471,206.2368775306,201.5290357665,1.0583513825,1.0830751193
rcp_8_5,rcp_8_5_baseline,rcp_8_5_future,2052,9,Sep,30,16.2495402018,15.6995307414,14.7166614674,0.5500094604,1.5328787344,171.2052494049,158.5444051298,151.5570842425,1.0798567711,1.1296420109
rcp_8_5,rcp_8_5_baseline,rcp_8_5_future,2052,10,Oct,31,11.6247615691,11.1668245869,9.5417271221,0.4579369822,2.0830344470,89.9891558001,94.1792721533,96.1421562643,0.9555091449,0.9360010145
rcp_8_5,rcp_8_5_baseline,rcp_8_5_future,2052,11,Nov,30,7.4910003662,6.2815764364,4.9415954590,1.2094239299,2.5494049072,55.1613664150,50.1486923504,49.5438080796,1.0999562268,1.1133856793
rcp_8_5,rcp_8_5_baseline,rcp_8_5_future,2052,12,Dec,31,6.5687933153,4.8896870767,3.1374715388,1.6791062386,3.4313217765,32.4804535220,31.5482153381,30.3401057579,1.0295496330,1.0705451649
rcp_8_5,rcp_8_5_baseline,rcp_8_5_future,2053,1,Jan,31,0.0973174064,3.3171907486,1.8860647769,-3.2198733422,-1.7887473705,55.5048517719,41.4687914302,41.1106140050,1.3384728577,1.3501343416
rcp_8_5,rcp_8_5_baseline,rcp_8_5_future,2053,2,Feb,28,4.2428963798,4.1948403148,2.5200088621,0.0480560650,1.7228875176,70.0416679382,73.5564418590,76.9798542721,0.9522166403,0.9098701030
rcp_8_5,rcp_8_5_baseline,rcp_8_5_future,2053,3,Mar,31,6.2980787708,6.2058617377,4.7683142877,0.0922170331,1.5297644830,130.9381748938,130.0654536463,131.4628407605,1.0067098620,0.9960090177
rcp_8_5,rcp_8_5_baseline,rcp_8_5_future,2053,4,Apr,30,8.0522155762,8.4370633443,7.6290807653,-0.3848477681,0.4231348108,211.5620379130,188.5256779257,181.0730762694,1.1221921610,1.1683793211
rcp_8_5,rcp_8_5_baseline,rcp_8_5_future,2053,5,May,31,12.1229039346,11.8469337217,11.6712716161,0.2759702129,0.4516323185,207.3504737116,222.4865747175,224.7666454520,0.9319684748,0.9225144296
rcp_8_5,rcp_8_5_baseline,rcp_8_5_future,2053,6,Jun,30,19.8828928629,16.9129172770,16.3826952334,2.9699755859,3.5001976296,272.9579068502,251.4595156606,254.6689449875,1.0854944428,1.0718146528
rcp_8_5,rcp_8_5_baseline,rcp_8_5_future,2053,7,Jul,31,20.1225721790,18.9837136546,18.0173045278,1.1388585244,2.1052676512,243.4905919721,245.4100244338,243.5001420667,0.9921786713,0.9999607799
rcp_8_5,rcp_8_5_baseline,rcp_8_5_future,2053,8,Aug,31,20.2107571510,18.5775464950,17.6976414834,1.6332106559,2.5131156675,215.1890982351,206.2368775306,201.5290357665,1.0434074682,1.0677821060
rcp_8_5,rcp_8_5_baseline,rcp_8_5_future,2053,9,Sep,30,18.4160776774,15.6995307414,14.7166614674,2.7165469360,3.6994162100,172.5312896729,158.5444051298,151.5570842425,1.0882206126,1.1383914552
rcp_8_5,rcp_8_5_baseline,rcp_8_5_future,2053,10,Oct,31,10.8455208071,11.1668245869,9.5417271221,-0.3213037798,1.3037936850,96.5331118184,94.1792721533,96.1421562643,1.0249931817,1.0040664321
rcp_8_5,rcp_8_5_baseline,rcp_8_5_future,2053,11,Nov,30,5.8487284342,6.2815764364,4.9415954590,-0.4328480021,0.9071329752,50.2141750336,50.1486923504,49.5438080796,1.0013057705,1.0135307918
rcp_8_5,rcp_8_5_baseline,rcp_8_5_future,2053,12,Dec,31,2.9709825085,4.8896870767,3.1374715388,-1.9187045682,-0.1664890303,32.3050376369,31.5482153381,30.3401057579,1.0239893855,1.0647635145
rcp_8_5,rcp_8_5_baseline,rcp_8_5_future,2054,1,Jan,31,0.3173698179,3.3171907486,1.8860647769,-2.9998209307,-1.5686949590,42.0877986108,41.4687914302,41.1106140050,1.0149270610,1.0237696427
rcp_8_5,rcp_8_5_baseline,rcp_8_5_future,2054,2,Feb,28,0.0693821498,4.1948403148,2.5200088621,-4.1254581649,-2.4506267123,73.2882141386,73.5564418590,76.9798542721,0.9963534435,0.9520440748
rcp_8_5,rcp_8_5_baseline,rcp_8_5_future,2054,3,Mar,31,4.3832986155,6.2058617377,4.7683142877,-1.8225631222,-0.3850156723,123.2920631901,130.0654536463,131.4628407605,0.9479232166,0.9378472462
rcp_8_5,rcp_8_5_baseline,rcp_8_5_future,2054,4,Apr,30,6.9974873861,8.4370633443,7.6290807653,-1.4395759582,-0.6315933793,202.5062210083,188.5256779257,181.0730762694,1.0741572354,1.1183673751
rcp_8_5,rcp_8_5_baseline,rcp_8_5_future,2054,5,May,31,12.5098559964,11.8469337217,11.6712716161,0.6629222747,0.8385843803,224.4882271059,222.4865747175,224.7666454520,1.0089967334,0.9987613004
rcp_8_5,rcp_8_5_baseline,rcp_8_5_future,2054,6,Jun,30,20.9723897298,16.9129172770,16.3826952334,4.0594724528,4.5896944964,283.5330813090,251.4595156606,254.6689449875,1.1275496199,1.1133398355
rcp_8_5,rcp_8_5_baseline,rcp_8_5_future,2054,7,Jul,31,21.7760037330,18.9837136546,18.0173045278,2.7922900784,3.7586992052,253.2105673513,245.4100244338,243.5001420667,1.0317857550,1.0398785200
rcp_8_5,rcp_8_5_baseline,rcp_8_5_future,2054,8,Aug,31,21.3536936114,18.5775464950,17.6976414834,2.7761471164,3.6560521280,231.5585181944,206.2368775306,201.5290357665,1.1227794028,1.1490082177
rcp_8_5,rcp_8_5_baseline,rcp_8_5_future,2054,9,Sep,30,19.3331746419,15.6995307414,14.7166614674,3.6336439006,4.6165131746,165.8691173553,158.5444051298,151.5570842425,1.0461997522,1.0944332836
rcp_8_5,rcp_8_5_baseline,rcp_8_5_future,2054,10,Oct,31,12.0281685122,11.1668245869,9.5417271221,0.8613439252,2.4864413901,94.9252456542,94.1792721533,96.1421562643,1.0079207822,0.9873425908
rcp_8_5,rcp_8_5_baseline,rcp_8_5_future,2054,11,Nov,30,7.0430023193,6.2815764364,4.9415954590,0.7614258830,2.1014068604,48.7293420792,50.1486923504,49.5438080796,0.9716971629,0.9835606904
rcp_8_5,rcp_8_5_baseline,rcp_8_5_future,2054,12,Dec,31,5.8809251355,4.8896870767,3.1374715388,0.9912380588,2.7434535967,35.4158029710,31.5482153381,30.3401057579,1.1225929135,1.1672933263
rcp_8_5,rcp_8_5_baseline,rcp_8_5_future,2055,1,Jan,31,3.2754681987,3.3171907486,1.8860647769,-0.0417225499,1.3894034218,45.9722656435,41.4687914302,41.1106140050,1.1085991189,1.1182578212
rcp_8_5,rcp_8_5_baseline,rcp_8_5_future,2055,2,Feb,28,6.2893495832,4.1948403148,2.5200088621,2.0945092685,3.7693407211,77.0373464993,73.5564418590,76.9798542721,1.0473229068,1.0007468477
rcp_8_5,rcp_8_5_baseline,rcp_8_5_future,2055,3,Mar,31,5.8622434554,6.2058617377,4.7683142877,-0.3436182822,1.0939291677,120.0192428097,130.0654536463,131.4628407605,0.9227603445,0.9129518434
rcp_8_5,rcp_8_5_baseline,rcp_8_5_future,2055,4,Apr,30,7.6086385091,8.4370633443,7.6290807653,-0.8284248352,-0.0204422562,177.6767183940,188.5256779257,181.0730762694,0.9424536771,0.9812431647
rcp_8_5,rcp_8_5_baseline,rcp_8_5_future,2055,5,May,31,11.0467793126,11.8469337217,11.6712716161,-0.8001544091,-0.6244923034,215.0458687813,222.4865747175,224.7666454520,0.9665566071,0.9567516940
rcp_8_5,rcp_8_5_baseline,rcp_8_5_future,2055,6,Jun,30,16.9143554687,16.9129172770,16.3826952334,0.0014381917,0.5316602354,252.1210927328,251.4595156606,254.6689449875,1.0026309486,0.9899954341
rcp_8_5,rcp_8_5_baseline,rcp_8_5_future,2055,7,Jul,31,20.4342413133,18.9837136546,18.0173045278,1.4505276588,2.4169367855,242.5156877579,245.4100244338,243.5001420667,0.9882061188,0.9959570689
rcp_8_5,rcp_8_5_baseline,rcp_8_5_future,2055,8,Aug,31,17.0938748267,18.5775464950,17.6976414834,-1.4836716683,-0.6037666567,195.0291520396,206.2368775306,201.5290357665,0.9456560552,0.9677471601
rcp_8_5,rcp_8_5_baseline,rcp_8_5_future,2055,9,Sep,30,15.6312235514,15.6995307414,14.7166614674,-0.0683071899,0.9145620841,156.9060810089,158.5444051298,151.5570842425,0.9896664652,1.0352936109
rcp_8_5,rcp_8_5_baseline,rcp_8_5_future,2055,10,Oct,31,10.8002051569,11.1668245869,9.5417271221,-0.3666194301,1.2584780348,89.6888538484,94.1792721533,96.1421562643,0.9523205244,0.9328774945
rcp_8_5,rcp_8_5_baseline,rcp_8_5_future,2055,11,Nov,30,9.1211140951,6.2815764364,4.9415954590,2.8395376587,4.1795186361,50.8245355606,50.1486923504,49.5438080796,1.0134767863,1.0258504045
rcp_8_5,rcp_8_5_baseline,rcp_8_5_future,2055,12,Dec,31,5.3729885963,4.8896870767,3.1374715388,0.4833015196,2.2355170575,33.1169743538,31.5482153381,30.3401057579,1.0497257610,1.0915246841
rcp_8_5,rcp_8_5_baseline,rcp_8_5_future,2056,1,Jan,31,3.6239986297,3.3171907486,1.8860647769,0.3068078810,1.7379338528,43.3467958512,41.4687914302,41.1106140050,1.0452871752,1.0543942702
rcp_8_5,rcp_8_5_baseline,rcp_8_5_future,2056,2,Feb,29,3.6175844390,4.1948403148,2.5200088621,-0.5772558758,1.0975755769,63.0049791007,73.5564418590,76.9798542721,0.8565528390,0.8184606180
rcp_8_5,rcp_8_5_baseline,rcp_8_5_future,2056,3,Mar,31,8.3450039771,6.2058617377,4.7683142877,2.1391422395,3.5766896894,137.6851069543,130.0654536463,131.4628407605,1.0585832217,1.0473309884
rcp_8_5,rcp_8_5_baseline,rcp_8_5_future,2056,4,Apr,30,10.4498616536,8.4370633443,7.6290807653,2.0127983093,2.8207808883,228.1721056620,188.5256779257,181.0730762694,1.2102972294,1.2601106159
rcp_8_5,rcp_8_5_baseline,rcp_8_5_future,2056,5,May,31,9.9640796292,11.8469337217,11.6712716161,-1.8828540925,-1.7071919868,191.0112713229,222.4865747175,224.7666454520,0.8585294262,0.8498203590
rcp_8_5,rcp_8_5_baseline,rcp_8_5_future,2056,6,Jun,30,17.6690673828,16.9129172770,16.3826952334,0.7561501058,1.2863721494,265.7043896993,251.4595156606,254.6689449875,1.0566487770,1.0433325104
rcp_8_5,rcp_8_5_baseline,rcp_8_5_future,2056,7,Jul,31,19.2610914661,18.9837136546,18.0173045278,0.2773778116,1.2437869383,250.3325544788,245.4100244338,243.5001420667,1.0200583903,1.0280591722
rcp_8_5,rcp_8_5_baseline,rcp_8_5_future,2056,8,Aug,31,22.4826648343,18.5775464950,17.6976414834,3.9051183393,4.7850233509,229.2737643334,206.2368775306,201.5290357665,1.1117011035,1.1376711225
rcp_8_5,rcp_8_5_baseline,rcp_8_5_future,2056,9,Sep,30,14.2632934570,15.6995307414,14.7166614674,-1.4362372843,-0.4533680103,152.9014081319,158.5444051298,151.5570842425,0.9644074668,1.0088700828
rcp_8_5,rcp_8_5_baseline,rcp_8_5_future,2056,10,Oct,31,12.6236993605,11.1668245869,9.5417271221,1.4568747736,3.0819722384,93.6727556413,94.1792721533,96.1421562643,0.9946217835,0.9743151109
rcp_8_5,rcp_8_5_baseline,rcp_8_5_future,2056,11,Nov,30,8.8626953125,6.2815764364,4.9415954590,2.5811188761,3.9210998535,46.4593709310,50.1486923504,49.5438080796,0.9264323505,0.9377432364
rcp_8_5,rcp_8_5_baseline,rcp_8_5_future,2056,12,Dec,31,5.0558430333,4.8896870767,3.1374715388,0.1661559566,1.9183714945,32.8143851219,31.5482153381,30.3401057579,1.0401344346,1.0815514416
rcp_8_5,rcp_8_5_baseline,rcp_8_5_future,2057,1,Jan,31,2.6843594459,3.3171907486,1.8860647769,-0.6328313028,0.7982946690,35.2528609922,41.4687914302,41.1106140050,0.8501058212,0.8575123930
rcp_8_5,rcp_8_5_baseline,rcp_8_5_future,2057,2,Feb,28,4.0187992641,4.1948403148,2.5200088621,-0.1760410507,1.4987904020,79.0788121905,73.5564418590,76.9798542721,1.0750766376,1.0272663275
rcp_8_5,rcp_8_5_baseline,rcp_8_5_future,2057,3,Mar,31,7.6874456590,6.2058617377,4.7683142877,1.4815839214,2.9191313713,123.0584295950,130.0654536463,131.4628407605,0.9461269395,0.9360700627
rcp_8_5,rcp_8_5_baseline,rcp_8_5_future,2057,4,Apr,30,8.0361612956,8.4370633443,7.6290807653,-0.4009020488,0.4070805302,186.1764558156,188.5256779257,181.0730762694,0.9875389807,1.0281840882
rcp_8_5,rcp_8_5_baseline,rcp_8_5_future,2057,5,May,31,11.3121365455,11.8469337217,11.6712716161,-0.5347971762,-0.3591350706,201.2183856349,222.4865747175,224.7666454520,0.9044068654,0.8952324097
rcp_8_5,rcp_8_5_baseline,rcp_8_5_future,2057,6,Jun,30,18.5519755046,16.9129172770,16.3826952334,1.6390582275,2.1692802712,264.5268648783,251.4595156606,254.6689449875,1.0519660160,1.0387087632
rcp_8_5,rcp_8_5_baseline,rcp_8_5_future,2057,7,Jul,31,16.9913948305,18.9837136546,18.0173045278,-1.9923188240,-1.0259096973,233.5557159916,245.4100244338,243.5001420667,0.9516959078,0.9591604917
rcp_8_5,rcp_8_5_baseline,rcp_8_5_future,2057,8,Aug,31,17.8970620432,18.5775464950,17.6976414834,-0.6804844518,0.1994205598,194.8276679747,206.2368775306,201.5290357665,0.9446791006,0.9667473832
rcp_8_5,rcp_8_5_baseline,rcp_8_5_future,2057,9,Sep,30,15.7359456380,15.6995307414,14.7166614674,0.0364148966,1.0192841706,160.1971875509,158.5444051298,151.5570842425,1.0104247288,1.0570089043
rcp_8_5,rcp_8_5_baseline,rcp_8_5_future,2057,10,Oct,31,11.4727919056,11.1668245869,9.5417271221,0.3059673186,1.9310647835,88.5699441971,94.1792721533,96.1421562643,0.9404398884,0.9212394192
rcp_8_5,rcp_8_5_baseline,rcp_8_5_future,2057,11,Nov,30,7.4463470459,6.2815764364,4.9415954590,1.1647706095,2.5047515869,47.4388552984,50.1486923504,49.5438080796,0.9459639539,0.9575133026
rcp_8_5,rcp_8_5_baseline,rcp_8_5_future,2057,12,Dec,31,7.0531240156,4.8896870767,3.1374715388,2.1634369389,3.9156524768,33.1952717073,31.5482153381,30.3401057579,1.0522075925,1.0941053394
rcp_8_5,rcp_8_5_baseline,rcp_8_5_future,2058,1,Jan,31,5.1020013625,3.3171907486,1.8860647769,1.7848106138,3.2159365856,35.8304665473,41.4687914302,41.1106140050,0.8640345019,0.8715624277
rcp_8_5,rcp_8_5_baseline,rcp_8_5_future,2058,2,Feb,28,6.1066299439,4.1948403148,2.5200088621,1.9117896291,3.5866210817,77.2262053830,73.5564418590,76.9798542721,1.0498904437,1.0032002024
rcp_8_5,rcp_8_5_baseline,rcp_8_5_future,2058,3,Mar,31,9.1247025028,6.2058617377,4.7683142877,2.9188407652,4.3563882151,134.7367098408,130.0654536463,131.4628407605,1.0359146573,1.0249033800
rcp_8_5,rcp_8_5_baseline,rcp_8_5_future,2058,4,Apr,30,7.6498697917,8.4370633443,7.6290807653,-0.7871935527,0.0207890263,197.4703783671,188.5256779257,181.0730762694,1.0474455286,1.0905562684
rcp_8_5,rcp_8_5_baseline,rcp_8_5_future,2058,5,May,31,11.1414103846,11.8469337217,11.6712716161,-0.7055233371,-0.5298612314,202.5280699576,222.4865747175,224.7666454520,0.9102934423,0.9010592722
rcp_8_5,rcp_8_5_baseline,rcp_8_5_future,2058,6,Jun,30,13.5849365234,16.9129172770,16.3826952334,-3.3279807536,-2.7977587099,243.6418837230,251.4595156606,254.6689449875,0.9689109719,0.9567004086
rcp_8_5,rcp_8_5_baseline,rcp_8_5_future,2058,7,Jul,31,18.6121834047,18.9837136546,18.0173045278,-0.3715302498,0.5948788769,243.7163947321,245.4100244338,243.5001420667,0.9930987754,1.0008881008
rcp_8_5,rcp_8_5_baseline,rcp_8_5_future,2058,8,Aug,31,20.3728911369,18.5775464950,17.6976414834,1.7953446419,2.6752496535,215.6186589887,206.2368775306,201.5290357665,1.0454903195,1.0699136140
rcp_8_5,rcp_8_5_baseline,rcp_8_5_future,2058,9,Sep,30,16.7728088379,15.6995307414,14.7166614674,1.0732780965,2.0561473705,155.4226656596,158.5444051298,151.5570842425,0.9803099992,1.0255057785
rcp_8_5,rcp_8_5_baseline,rcp_8_5_future,2058,10,Oct,31,11.5712996944,11.1668245869,9.5417271221,0.4044751075,2.0295725723,96.8303455230,94.1792721533,96.1421562643,1.0281492234,1.0071580385
rcp_8_5,rcp_8_5_baseline,rcp_8_5_future,2058,11,Nov,30,4.4861328125,6.2815764364,4.9415954590,-1.7954436239,-0.4554626465,54.9157997449,50.1486923504,49.5438080796,1.0950594556,1.1084291231
rcp_8_5,rcp_8_5_baseline,rcp_8_5_future,2058,12,Dec,31,4.4345720845,4.8896870767,3.1374715388,-0.4551149922,1.2971005457,29.4474259038,31.5482153381,30.3401057579,0.9334101973,0.9705775629
rcp_8_5,rcp_8_5_baseline,rcp_8_5_future,2059,1,Jan,31,3.9483138546,3.3171907486,1.8860647769,0.6311231059,2.0622490777,41.1136309716,41.4687914302,41.1106140050,0.9914354760,1.0000733866
rcp_8_5,rcp_8_5_baseline,rcp_8_5_future,2059,2,Feb,28,1.1736160278,4.1948403148,2.5200088621,-3.0212242869,-1.3463928343,81.5465503420,73.5564418590,76.9798542721,1.1086255436,1.0593232621
rcp_8_5,rcp_8_5_baseline,rcp_8_5_future,2059,3,Mar,31,5.4903719994,6.2058617377,4.7683142877,-0.7154897382,0.7220577117,128.3733040594,130.0654536463,131.4628407605,0.9869900151,0.9764987834
rcp_8_5,rcp_8_5_baseline,rcp_8_5_future,2059,4,Apr,30,9.3616160075,8.4370633443,7.6290807653,0.9245526632,1.7325352422,181.6056680044,188.5256779257,181.0730762694,0.9632940722,1.0029413083
rcp_8_5,rcp_8_5_baseline,rcp_8_5_future,2059,5,May,31,14.2656779628,11.8469337217,11.6712716161,2.4187442410,2.5944063467,244.9791451731,222.4865747175,224.7666454520,1.1010963043,1.0899265978
rcp_8_5,rcp_8_5_baseline,rcp_8_5_future,2059,6,Jun,30,16.7174621582,16.9129172770,16.3826952334,-0.1954551188,0.3347669248,243.7961502075,251.4595156606,254.6689449875,0.9695244563,0.9573061616
rcp_8_5,rcp_8_5_baseline,rcp_8_5_future,2059,7,Jul,31,20.9795648390,18.9837136546,18.0173045278,1.9958511845,2.9622603112,262.6079864502,245.4100244338,243.5001420667,1.0700784821,1.0784715944
rcp_8_5,rcp_8_5_baseline,rcp_8_5_future,2059,8,Aug,31,19.8738647461,18.5775464950,17.6976414834,1.2963182511,2.1762232627,213.3869055471,206.2368775306,201.5290357665,1.0346690083,1.0588395103
rcp_8_5,rcp_8_5_baseline,rcp_8_5_future,2059,9,Sep,30,17.6144866943,15.6995307414,14.7166614674,1.9149559530,2.8978252270,169.0853917440,158.5444051298,151.5570842425,1.0664860208,1.1156548213
rcp_8_5,rcp_8_5_baseline,rcp_8_5_future,2059,10,Oct,31,11.6613728185,11.1668245869,9.5417271221,0.4945482316,2.1196456964,91.1302066926,94.1792721533,96.1421562643,0.9676248776,0.9478693867
rcp_8_5,rcp_8_5_baseline,rcp_8_5_future,2059,11,Nov,30,7.2132476807,6.2815764364,4.9415954590,0.9316712443,2.2716522217,45.1717670123,50.1486923504,49.5438080796,0.9007566278,0.9117540367
rcp_8_5,rcp_8_5_baseline,rcp_8_5_future,2059,12,Dec,31,5.5268011278,4.8896870767,3.1374715388,0.6371140511,2.3893295890,32.4198092338,31.5482153381,30.3401057579,1.0276273598,1.0685463489
rcp_8_5,rcp_8_5_baseline,rcp_8_5_future,2060,1,Jan,31,2.5983422064,3.3171907486,1.8860647769,-0.7188485422,0.7122774295,41.4156731636,41.4687914302,41.1106140050,0.9987190785,1.0074204476
rcp_8_5,rcp_8_5_baseline,rcp_8_5_future,2060,2,Feb,29,6.4686323495,4.1948403148,2.5200088621,2.2737920347,3.9486234874,74.2180644068,73.5564418590,76.9798542721,1.0089947601,0.9641232126
rcp_8_5,rcp_8_5_baseline,rcp_8_5_future,2060,3,Mar,31,5.8659055648,6.2058617377,4.7683142877,-0.3399561728,1.0975912771,145.9719285657,130.0654536463,131.4628407605,1.1222959247,1.1103664558
rcp_8_5,rcp_8_5_baseline,rcp_8_5_future,2060,4,Apr,30,7.9692687988,8.4370633443,7.6290807653,-0.4677945455,0.3401880335,193.5087827047,188.5256779257,181.0730762694,1.0264319685,1.0686778327
rcp_8_5,rcp_8_5_baseline,rcp_8_5_future,2060,5,May,31,10.7805764475,11.8469337217,11.6712716161,-1.0663572742,-0.8906951685,207.1941269905,222.4865747175,224.7666454520,0.9312657505,0.9218188338
rcp_8_5,rcp_8_5_baseline,rcp_8_5_future,2060,6,Jun,30,18.3363087972,16.9129172770,16.3826952334,1.4233915202,1.9536135638,270.7788747152,251.4595156606,254.6689449875,1.0768289043,1.0632583204
rcp_8_5,rcp_8_5_baseline,rcp_8_5_future,2060,7,Jul,31,19.0310223979,18.9837136546,18.0173045278,0.0473087434,1.0137178701,258.4683818202,245.4100244338,243.5001420667,1.0532103667,1.0614711746
rcp_8_5,rcp_8_5_baseline,rcp_8_5_future,2060,8,Aug,31,16.1690022130,18.5775464950,17.6976414834,-2.4085442820,-1.5286392704,183.0223942418,206.2368775306,201.5290357665,0.8874377678,0.9081688579
rcp_8_5,rcp_8_5_baseline,rcp_8_5_future,2060,9,Sep,30,15.7862386068,15.6995307414,14.7166614674,0.0867078654,1.0695771394,157.6201791128,158.5444051298,151.5570842425,0.9941705542,1.0400053544
rcp_8_5,rcp_8_5_baseline,rcp_8_5_future,2060,10,Oct,31,11.2050395350,11.1668245869,9.5417271221,0.0382149481,1.6633124129,88.2481175084,94.1792721533,96.1421562643,0.9370227173,0.9178920147
rcp_8_5,rcp_8_5_baseline,rcp_8_5_future,2060,11,Nov,30,4.6741678874,6.2815764364,4.9415954590,-1.6074085490,-0.2674275716,62.4745183309,50.1486923504,49.5438080796,1.2457855909,1.2609954857
rcp_8_5,rcp_8_5_baseline,rcp_8_5_future,2060,12,Dec,31,4.9310960339,4.8896870767,3.1374715388,0.0414089572,1.7936244951,27.3436288834,31.5482153381,30.3401057579,0.8667250616,0.9012370986
