run_id,archetype_id,dwelling_type,construction_period,state_id,archetype_state_sha256,climate_scenario_id,weather_member_id,weather_pair_id,observed_pvgis_year,occupant_seed,occupant_seed_rank,model_scenario_id,model_scenario_axis,weather_contract_sha256,model_scenario_sha256,weather_forcing_sha256,effective_thermal_assumptions_sha256,behaviour_assumptions_sha256,occupant_distribution_sha256
mc_7156ee5883fad2174d7af41e253a02151da6e8b5a366ef5651bd6a7122f5a0da,BE_TABULA_11,Detached house,1971-1990,TABULA_existing,231ef175659def943b74235aceb0ef9def0e53fc195cdad7a8338fa6b54777e3,rcp_2_6,weather_2050_rcp_2_6_pvgis_2006,pvgis_2006,2006,1203443498,1,central,central,fb59b12e82b041c59cc8a3933745a40e92c5e89aa7df64846e5855fbd3acb00e,2987a546cb3f48253dcdfdc400036a68d1977eddb1012f753e54eca010acedd8,38669e3f0e715d12f919bbd64ba6e09fbb431145f819869ebd01d20e8fde4ed0,4b5b7791539478f9b2562d1b176e235ac7b641e1afdc40c3d5242661d9dbed3d,2ad0e9f7bbdfe12695c931891fd0e8132d060fd7bcbca23623db43d4c7393a5c,561839806dcdb8279ac4e42025bc5a82751f2588a2b2066fa84637918d8e4896
mc_37f60b90354bc060e9c702f69e11c96198d57078e6b236231fd1cf07904f80ff,BE_TABULA_11,Detached house,1971-1990,TABULA_existing,231ef175659def943b74235aceb0ef9def0e53fc195cdad7a8338fa6b54777e3,rcp_2_6,weather_2050_rcp_2_6_pvgis_2006,pvgis_2006,2006,2404203277,2,central,central,fb59b12e82b041c59cc8a3933745a40e92c5e89aa7df64846e5855fbd3acb00e,2987a546cb3f48253dcdfdc400036a68d1977eddb1012f753e54eca010acedd8,38669e3f0e715d12f919bbd64ba6e09fbb431145f819869ebd01d20e8fde4ed0,4b5b7791539478f9b2562d1b176e235ac7b641e1afdc40c3d5242661d9dbed3d,2ad0e9f7bbdfe12695c931891fd0e8132d060fd7bcbca23623db43d4c7393a5c,561839806dcdb8279ac4e42025bc5a82751f2588a2b2066fa84637918d8e4896
mc_149a0185a4bca49a7ca8ea4d9f0ac79f49df97cb8f23b224eca772870fabb0b7,BE_TABULA_11,Detached house,1971-1990,TABULA_existing,231ef175659def943b74235aceb0ef9def0e53fc195cdad7a8338fa6b54777e3,rcp_2_6,weather_2050_rcp_2_6_pvgis_2006,pvgis_2006,2006,556301278,3,central,central,fb59b12e82b041c59cc8a3933745a40e92c5e89aa7df64846e5855fbd3acb00e,2987a546cb3f48253dcdfdc400036a68d1977eddb1012f753e54eca010acedd8,38669e3f0e715d12f919bbd64ba6e09fbb431145f819869ebd01d20e8fde4ed0,4b5b7791539478f9b2562d1b176e235ac7b641e1afdc40c3d5242661d9dbed3d,2ad0e9f7bbdfe12695c931891fd0e8132d060fd7bcbca23623db43d4c7393a5c,561839806dcdb8279ac4e42025bc5a82751f2588a2b2066fa84637918d8e4896
mc_bf394f1f03a7792849e1862cd0b2f24d428a776f4ba9b2a0457902d2edeefff7,BE_TABULA_11,Detached house,1971-1990,TABULA_existing,231ef175659def943b74235aceb0ef9def0e53fc195cdad7a8338fa6b54777e3,rcp_2_6,weather_2050_rcp_2_6_pvgis_2006,pvgis_2006,2006,3323552575,4,central,central,fb59b12e82b041c59cc8a3933745a40e92c5e89aa7df64846e5855fbd3acb00e,2987a546cb3f48253dcdfdc400036a68d1977eddb1012f753e54eca010acedd8,38669e3f0e715d12f919bbd64ba6e09fbb431145f819869ebd01d20e8fde4ed0,4b5b7791539478f9b2562d1b176e235ac7b641e1afdc40c3d5242661d9dbed3d,2ad0e9f7bbdfe12695c931891fd0e8132d060fd7bcbca23623db43d4c7393a5c,561839806dcdb8279ac4e42025bc5a82751f2588a2b2066fa84637918d8e4896
mc_c3eb4b447b188452d3729b17164534f8c85ef6e98c71efa572ceb268ed114a78,BE_TABULA_11,Detached house,1971-1990,TABULA_existing,231ef175659def943b74235aceb0ef9def0e53fc195cdad7a8338fa6b54777e3,rcp_2_6,weather_2050_rcp_2_6_pvgis_2006,pvgis_2006,2006,3843248486,5,central,central,fb59b12e82b041c59cc8a3933745a40e92c5e89aa7df64846e5855fbd3acb00e,2987a546cb3f48253dcdfdc400036a68d1977eddb1012f753e54eca010acedd8,38669e3f0e715d12f919bbd64ba6e09fbb431145f819869ebd01d20e8fde4ed0,4b5b7791539478f9b2562d1b176e235ac7b641e1afdc40c3d5242661d9dbed3d,2ad0e9f7bbdfe12695c931891fd0e8132d060fd7bcbca23623db43d4c7393a5c,561839806dcdb8279ac4e42025bc5a82751f2588a2b2066fa84637918d8e4896
mc_6e7984a963717a1639563d27998e2a82204cc39f60e0475fc55ec54917ed709a,BE_TABULA_11,Detached house,1971-1990,TABULA_existing,231ef175659def943b74235aceb0ef9def0e53fc195cdad7a8338fa6b54777e3,rcp_2_6,weather_2050_rcp_2_6_pvgis_2006,pvgis_2006,2006,3312507027,6,central,central,fb59b12e82b041c59cc8a3933745a40e92c5e89aa7df64846e5855fbd3acb00e,2987a546cb3f48253dcdfdc400036a68d1977eddb1012f753e54eca010acedd8,38669e3f0e715d12f919bbd64ba6e09fbb431145f819869ebd01d20e8fde4ed0,4b5b7791539478f9b2562d1b176e235ac7b641e1afdc40c3d5242661d9dbed3d,2ad0e9f7bbdfe12695c931891fd0e8132d060fd7bcbca23623db43d4c7393a5c,561839806dcdb8279ac4e42025bc5a82751f2588a2b2066fa84637918d8e4896
mc_8b9aac6b15cd258a632de78e06c071293fd48f58a5ae2c67836a1f72e14370ea,BE_TABULA_11,Detached house,1971-1990,TABULA_existing,231ef175659def943b74235aceb0ef9def0e53fc195cdad7a8338fa6b54777e3,rcp_2_6,weather_2050_rcp_2_6_pvgis_2006,pvgis_2006,2006,526650457,7,central,central,fb59b12e82b041c59cc8a3933745a40e92c5e89aa7df64846e5855fbd3acb00e,2987a546cb3f48253dcdfdc400036a68d1977eddb1012f753e54eca010acedd8,38669e3f0e715d12f919bbd64ba6e09fbb431145f819869ebd01d20e8fde4ed0,4b5b7791539478f9b2562d1b176e235ac7b641e1afdc40c3d5242661d9dbed3d,2ad0e9f7bbdfe12695c931891fd0e8132d060fd7bcbca23623db43d4c7393a5c,561839806dcdb8279ac4e42025bc5a82751f2588a2b2066fa84637918d8e4896
mc_378fe8f5919efb7d188df03f0f3cd8f41636f46c2ee099e022fe51242e892861,BE_TABULA_11,Detached house,1971-1990,TABULA_existing,231ef175659def943b74235aceb0ef9def0e53fc195cdad7a8338fa6b54777e3,rcp_2_6,weather_2050_rcp_2_6_pvgis_2006,pvgis_2006,2006,2006049321,8,central,central,fb59b12e82b041c59cc8a3933745a40e92c5e89aa7df64846e5855fbd3acb00e,2987a546cb3f48253dcdfdc400036a68d1977eddb1012f753e54eca010acedd8,38669e3f0e715d12f919bbd64ba6e09fbb431145f819869ebd01d20e8fde4ed0,4b5b7791539478f9b2562d1b176e235ac7b641e1afdc40c3d5242661d9dbed3d,2ad0e9f7bbdfe12695c931891fd0e8132d060fd7bcbca23623db43d4c7393a5c,561839806dcdb8279ac4e42025bc5a82751f2588a2b2066fa84637918d8e4896
mc_72116e551714fd21855317fe6e72559f3401c5eb936e61a650cbd13fd9a79f1f,BE_TABULA_11,Detached house,1971-1990,TABULA_existing,231ef175659def943b74235aceb0ef9def0e53fc195cdad7a8338fa6b54777e3,rcp_2_6,weather_2050_rcp_2_6_pvgis_2006,pvgis_2006,2006,3087163335,9,central,central,fb59b12e82b041c59cc8a3933745a40e92c5e89aa7df64846e5855fbd3acb00e,2987a546cb3f48253dcdfdc400036a68d1977eddb1012f753e54eca010acedd8,38669e3f0e715d12f919bbd64ba6e09fbb431145f819869ebd01d20e8fde4ed0,4b5b7791539478f9b2562d1b176e235ac7b641e1afdc40c3d5242661d9dbed3d,2ad0e9f7bbdfe12695c931891fd0e8132d060fd7bcbca23623db43d4c7393a5c,561839806dcdb8279ac4e42025bc5a82751f2588a2b2066fa84637918d8e4896
mc_b63995656113ded885754820b398d2cdaed8411e53f30aa07734793d5f95f35e,BE_TABULA_11,Detached house,1971-1990,TABULA_existing,231ef175659def943b74235aceb0ef9def0e53fc195cdad7a8338fa6b54777e3,rcp_2_6,weather_2050_rcp_2_6_pvgis_2006,pvgis_2006,2006,1341830702,10,central,central,fb59b12e82b041c59cc8a3933745a40e92c5e89aa7df64846e5855fbd3acb00e,2987a546cb3f48253dcdfdc400036a68d1977eddb1012f753e54eca010acedd8,38669e3f0e715d12f919bbd64ba6e09fbb431145f819869ebd01d20e8fde4ed0,4b5b7791539478f9b2562d1b176e235ac7b641e1afdc40c3d5242661d9dbed3d,2ad0e9f7bbdfe12695c931891fd0e8132d060fd7bcbca23623db43d4c7393a5c,561839806dcdb8279ac4e42025bc5a82751f2588a2b2066fa84637918d8e4896
mc_51d87fcf0ee1adc7e487f9ca9a23a00afbc0e90edcc58af90c2a13b975c2e227,BE_TABULA_11,Detached house,1971-1990,TABULA_existing,231ef175659def943b74235aceb0ef9def0e53fc195cdad7a8338fa6b54777e3,rcp_2_6,weather_2050_rcp_2_6_pvgis_2006,pvgis_2006,2006,3835840985,11,central,central,fb59b12e82b041c59cc8a3933745a40e92c5e89aa7df64846e5855fbd3acb00e,2987a546cb3f48253dcdfdc400036a68d1977eddb1012f753e54eca010acedd8,38669e3f0e715d12f919bbd64ba6e09fbb431145f819869ebd01d20e8fde4ed0,4b5b7791539478f9b2562d1b176e235ac7b641e1afdc40c3d5242661d9dbed3d,2ad0e9f7bbdfe12695c931891fd0e8132d060fd7bcbca23623db43d4c7393a5c,561839806dcdb8279ac4e42025bc5a82751f2588a2b2066fa84637918d8e4896
mc_4b8fd2394ad64d9289158a435437a8ead099f7f2c06db204d5a59c0076b8fcda,BE_TABULA_11,Detached house,1971-1990,TABULA_existing,231ef175659def943b74235aceb0ef9def0e53fc195cdad7a8338fa6b54777e3,rcp_2_6,weather_2050_rcp_2_6_pvgis_2006,pvgis_2006,2006,2527946898,12,central,central,fb59b12e82b041c59cc8a3933745a40e92c5e89aa7df64846e5855fbd3acb00e,2987a546cb3f48253dcdfdc400036a68d1977eddb1012f753e54eca010acedd8,38669e3f0e715d12f919bbd64ba6e09fbb431145f819869ebd01d20e8fde4ed0,4b5b7791539478f9b2562d1b176e235ac7b641e1afdc40c3d5242661d9dbed3d,2ad0e9f7bbdfe12695c931891fd0e8132d060fd7bcbca23623db43d4c7393a5c,561839806dcdb8279ac4e42025bc5a82751f2588a2b2066fa84637918d8e4896
mc_d4c8e793fcfc8fad6054081538006655032327dfdcb3682270fb30fda027a577,BE_TABULA_11,Detached house,1971-1990,TABULA_existing,231ef175659def943b74235aceb0ef9def0e53fc195cdad7a8338fa6b54777e3,rcp_2_6,weather_2050_rcp_2_6_pvgis_2006,pvgis_2006,2006,1636053932,13,central,central,fb59b12e82b041c59cc8a3933745a40e92c5e89aa7df64846e5855fbd3acb00e,2987a546cb3f48253dcdfdc400036a68d1977eddb1012f753e54eca010acedd8,38669e3f0e715d12f919bbd64ba6e09fbb431145f819869ebd01d20e8fde4ed0,4b5b7791539478f9b2562d1b176e235ac7b641e1afdc40c3d5242661d9dbed3d,2ad0e9f7bbdfe12695c931891fd0e8132d060fd7bcbca23623db43d4c7393a5c,561839806dcdb8279ac4e42025bc5a82751f2588a2b2066fa84637918d8e4896
mc_6374e3dc95bb8fcbc5468a6de27763e8d4c4b6ae31804ef150ee0fe0310a851f,BE_TABULA_11,Detached house,1971-1990,TABULA_existing,231ef175659def943b74235aceb0ef9def0e53fc195cdad7a8338fa6b54777e3,rcp_2_6,weather_2050_rcp_2_6_pvgis_2006,pvgis_2006,2006,4263654691,14,central,central,fb59b12e82b041c59cc8a3933745a40e92c5e89aa7df64846e5855fbd3acb00e,2987a546cb3f48253dcdfdc400036a68d1977eddb1012f753e54eca010acedd8,38669e3f0e715d12f919bbd64ba6e09fbb431145f819869ebd01d20e8fde4ed0,4b5b7791539478f9b2562d1b176e235ac7b641e1afdc40c3d5242661d9dbed3d,2ad0e9f7bbdfe12695c931891fd0e8132d060fd7bcbca23623db43d4c7393a5c,561839806dcdb8279ac4e42025bc5a82751f2588a2b2066fa84637918d8e4896
mc_cd80924eb6896c16ef2383538c3f1ce1a20413c845cd0d28292c1e582722fc9e,BE_TABULA_11,Detached house,1971-1990,TABULA_existing,231ef175659def943b74235aceb0ef9def0e53fc195cdad7a8338fa6b54777e3,rcp_2_6,weather_2050_rcp_2_6_pvgis_2006,pvgis_2006,2006,2949107545,15,central,central,fb59b12e82b041c59cc8a3933745a40e92c5e89aa7df64846e5855fbd3acb00e,2987a546cb3f48253dcdfdc400036a68d1977eddb1012f753e54eca010acedd8,38669e3f0e715d12f919bbd64ba6e09fbb431145f819869ebd01d20e8fde4ed0,4b5b7791539478f9b2562d1b176e235ac7b641e1afdc40c3d5242661d9dbed3d,2ad0e9f7bbdfe12695c931891fd0e8132d060fd7bcbca23623db43d4c7393a5c,561839806dcdb8279ac4e42025bc5a82751f2588a2b2066fa84637918d8e4896
mc_01a0b5497cc14783b915f2ef6ea7d64319a984777ec4f56476c243ad2d71cc15,BE_TABULA_11,Detached house,1971-1990,TABULA_existing,231ef175659def943b74235aceb0ef9def0e53fc195cdad7a8338fa6b54777e3,rcp_2_6,weather_2050_rcp_2_6_pvgis_2006,pvgis_2006,2006,74780820,16,central,central,fb59b12e82b041c59cc8a3933745a40e92c5e89aa7df64846e5855fbd3acb00e,2987a546cb3f48253dcdfdc400036a68d1977eddb1012f753e54eca010acedd8,38669e3f0e715d12f919bbd64ba6e09fbb431145f819869ebd01d20e8fde4ed0,4b5b7791539478f9b2562d1b176e235ac7b641e1afdc40c3d5242661d9dbed3d,2ad0e9f7bbdfe12695c931891fd0e8132d060fd7bcbca23623db43d4c7393a5c,561839806dcdb8279ac4e42025bc5a82751f2588a2b2066fa84637918d8e4896
mc_18c0dca956c591edb9ddf21c6fc0fb9717ff9a47cb6e04ad86afa2d1302a19a0,BE_TABULA_11,Detached house,1971-1990,TABULA_existing,231ef175659def943b74235aceb0ef9def0e53fc195cdad7a8338fa6b54777e3,rcp_2_6,weather_2050_rcp_2_6_pvgis_2006,pvgis_2006,2006,4191004058,17,central,central,fb59b12e82b041c59cc8a3933745a40e92c5e89aa7df64846e5855fbd3acb00e,2987a546cb3f48253dcdfdc400036a68d1977eddb1012f753e54eca010acedd8,38669e3f0e715d12f919bbd64ba6e09fbb431145f819869ebd01d20e8fde4ed0,4b5b7791539478f9b2562d1b176e235ac7b641e1afdc40c3d5242661d9dbed3d,2ad0e9f7bbdfe12695c931891fd0e8132d060fd7bcbca23623db43d4c7393a5c,561839806dcdb8279ac4e42025bc5a82751f2588a2b2066fa84637918d8e4896
mc_af341f290fe5f5165e34af1b2a25da2a160ee62caf6719d5610ab392cef900f7,BE_TABULA_11,Detached house,1971-1990,TABULA_existing,231ef175659def943b74235aceb0ef9def0e53fc195cdad7a8338fa6b54777e3,rcp_2_6,weather_2050_rcp_2_6_pvgis_2006,pvgis_2006,2006,406410021,18,central,central,fb59b12e82b041c59cc8a3933745a40e92c5e89aa7df64846e5855fbd3acb00e,2987a546cb3f48253dcdfdc400036a68d1977eddb1012f753e54eca010acedd8,38669e3f0e715d12f919bbd64ba6e09fbb431145f819869ebd01d20e8fde4ed0,4b5b7791539478f9b2562d1b176e235ac7b641e1afdc40c3d5242661d9dbed3d,2ad0e9f7bbdfe12695c931891fd0e8132d060fd7bcbca23623db43d4c7393a5c,561839806dcdb8279ac4e42025bc5a82751f2588a2b2066fa84637918d8e4896
mc_e044d291a3631bd145ad99e91400acaa7aad6a0528986357e29e1a35382b1a06,BE_TABULA_11,Detached house,1971-1990,TABULA_existing,231ef175659def943b74235aceb0ef9def0e53fc195cdad7a8338fa6b54777e3,rcp_2_6,weather_2050_rcp_2_6_pvgis_2006,pvgis_2006,2006,4239089345,19,central,central,fb59b12e82b041c59cc8a3933745a40e92c5e89aa7df64846e5855fbd3acb00e,2987a546cb3f48253dcdfdc400036a68d1977eddb1012f753e54eca010acedd8,38669e3f0e715d12f919bbd64ba6e09fbb431145f819869ebd01d20e8fde4ed0,4b5b7791539478f9b2562d1b176e235ac7b641e1afdc40c3d5242661d9dbed3d,2ad0e9f7bbdfe12695c931891fd0e8132d060fd7bcbca23623db43d4c7393a5c,561839806dcdb8279ac4e42025bc5a82751f2588a2b2066fa84637918d8e4896
mc_e50ba2c0a435f7395f53c4e873a82a0de2a7776f1d403addf8475d3e1a5b9971,BE_TABULA_11,Detached house,1971-1990,TABULA_existing,231ef175659def943b74235aceb0ef9def0e53fc195cdad7a8338fa6b54777e3,rcp_2_6,weather_2050_rcp_2_6_pvgis_2006,pvgis_2006,2006,4121713922,20,central,central,fb59b12e82b041c59cc8a3933745a40e92c5e89aa7df64846e5855fbd3acb00e,2987a546cb3f48253dcdfdc400036a68d1977eddb1012f753e54eca010acedd8,38669e3f0e715d12f919bbd64ba6e09fbb431145f819869ebd01d20e8fde4ed0,4b5b7791539478f9b2562d1b176e235ac7b641e1afdc40c3d5242661d9dbed3d,2ad0e9f7bbdfe12695c931891fd0e8132d060fd7bcbca23623db43d4c7393a5c,561839806dcdb8279ac4e42025bc5a82751f2588a2b2066fa84637918d8e4896
mc_0ca955f8b34109598f0d2f89a008357ca49ff5c12d717f49b50551c62cd8823b,BE_TABULA_11,Detached house,1971-1990,TABULA_existing,231ef175659def943b74235aceb0ef9def0e53fc195cdad7a8338fa6b54777e3,rcp_2_6,weather_2050_rcp_2_6_pvgis_2006,pvgis_2006,2006,528153456,21,central,central,fb59b12e82b041c59cc8a3933745a40e92c5e89aa7df64846e5855fbd3acb00e,2987a546cb3f48253dcdfdc400036a68d1977eddb1012f753e54eca010acedd8,38669e3f0e715d12f919bbd64ba6e09fbb431145f819869ebd01d20e8fde4ed0,4b5b7791539478f9b2562d1b176e235ac7b641e1afdc40c3d5242661d9dbed3d,2ad0e9f7bbdfe12695c931891fd0e8132d060fd7bcbca23623db43d4c7393a5c,561839806dcdb8279ac4e42025bc5a82751f2588a2b2066fa84637918d8e4896
mc_c647fcc2c39222eb3dec08a864c814b77b085057a18ef3feb2dee82257e27a6a,BE_TABULA_11,Detached house,1971-1990,TABULA_existing,231ef175659def943b74235aceb0ef9def0e53fc195cdad7a8338fa6b54777e3,rcp_2_6,weather_2050_rcp_2_6_pvgis_2006,pvgis_2006,2006,1536553193,22,central,central,fb59b12e82b041c59cc8a3933745a40e92c5e89aa7df64846e5855fbd3acb00e,2987a546cb3f48253dcdfdc400036a68d1977eddb1012f753e54eca010acedd8,38669e3f0e715d12f919bbd64ba6e09fbb431145f819869ebd01d20e8fde4ed0,4b5b7791539478f9b2562d1b176e235ac7b641e1afdc40c3d5242661d9dbed3d,2ad0e9f7bbdfe12695c931891fd0e8132d060fd7bcbca23623db43d4c7393a5c,561839806dcdb8279ac4e42025bc5a82751f2588a2b2066fa84637918d8e4896
mc_b7ae03c33cf530dca42a52d74d147bc7efc952c8a708bf3b706e243b7843ef85,BE_TABULA_11,Detached house,1971-1990,TABULA_existing,231ef175659def943b74235aceb0ef9def0e53fc195cdad7a8338fa6b54777e3,rcp_2_6,weather_2050_rcp_2_6_pvgis_2006,pvgis_2006,2006,2701107225,23,central,central,fb59b12e82b041c59cc8a3933745a40e92c5e89aa7df64846e5855fbd3acb00e,2987a546cb3f48253dcdfdc400036a68d1977eddb1012f753e54eca010acedd8,38669e3f0e715d12f919bbd64ba6e09fbb431145f819869ebd01d20e8fde4ed0,4b5b7791539478f9b2562d1b176e235ac7b641e1afdc40c3d5242661d9dbed3d,2ad0e9f7bbdfe12695c931891fd0e8132d060fd7bcbca23623db43d4c7393a5c,561839806dcdb8279ac4e42025bc5a82751f2588a2b2066fa84637918d8e4896
mc_6a2ddd4fd1a751daa71f487db4994508e31583b61d24508b8bd6e7b7e7976ef7,BE_TABULA_11,Detached house,1971-1990,TABULA_existing,231ef175659def943b74235aceb0ef9def0e53fc195cdad7a8338fa6b54777e3,rcp_2_6,weather_2050_rcp_2_6_pvgis_2006,pvgis_2006,2006,460941366,24,central,central,fb59b12e82b041c59cc8a3933745a40e92c5e89aa7df64846e5855fbd3acb00e,2987a546cb3f48253dcdfdc400036a68d1977eddb1012f753e54eca010acedd8,38669e3f0e715d12f919bbd64ba6e09fbb431145f819869ebd01d20e8fde4ed0,4b5b7791539478f9b2562d1b176e235ac7b641e1afdc40c3d5242661d9dbed3d,2ad0e9f7bbdfe12695c931891fd0e8132d060fd7bcbca23623db43d4c7393a5c,561839806dcdb8279ac4e42025bc5a82751f2588a2b2066fa84637918d8e4896
mc_ec91aa29ae97510b50faf0a8f23f4281e01a626149ca75f5fba9b78035d9d00d,BE_TABULA_11,Detached house,1971-1990,TABULA_existing,231ef175659def943b74235aceb0ef9def0e53fc195cdad7a8338fa6b54777e3,rcp_2_6,weather_2050_rcp_2_6_pvgis_2006,pvgis_2006,2006,2869373249,25,central,central,fb59b12e82b041c59cc8a3933745a40e92c5e89aa7df64846e5855fbd3acb00e,2987a546cb3f48253dcdfdc400036a68d1977eddb1012f753e54eca010acedd8,38669e3f0e715d12f919bbd64ba6e09fbb431145f819869ebd01d20e8fde4ed0,4b5b7791539478f9b2562d1b176e235ac7b641e1afdc40c3d5242661d9dbed3d,2ad0e9f7bbdfe12695c931891fd0e8132d060fd7bcbca23623db43d4c7393a5c,561839806dcdb8279ac4e42025bc5a82751f2588a2b2066fa84637918d8e4896
mc_8f8c31a9f1cea72dd6c9c4e89bf292d212ff025b50c846b446e8082eb0496e3a,BE_TABULA_11,Detached house,1971-1990,TABULA_existing,231ef175659def943b74235aceb0ef9def0e53fc195cdad7a8338fa6b54777e3,rcp_2_6,weather_2050_rcp_2_6_pvgis_2006,pvgis_2006,2006,2053834706,26,central,central,fb59b12e82b041c59cc8a3933745a40e92c5e89aa7df64846e5855fbd3acb00e,2987a546cb3f48253dcdfdc400036a68d1977eddb1012f753e54eca010acedd8,38669e3f0e715d12f919bbd64ba6e09fbb431145f819869ebd01d20e8fde4ed0,4b5b7791539478f9b2562d1b176e235ac7b641e1afdc40c3d5242661d9dbed3d,2ad0e9f7bbdfe12695c931891fd0e8132d060fd7bcbca23623db43d4c7393a5c,561839806dcdb8279ac4e42025bc5a82751f2588a2b2066fa84637918d8e4896
mc_bbce6dba009a40f32c31799808ad2b72ed18eb263ba4c7e376a55e2baa19c5c0,BE_TABULA_11,Detached house,1971-1990,TABULA_existing,231ef175659def943b74235aceb0ef9def0e53fc195cdad7a8338fa6b54777e3,rcp_2_6,weather_2050_rcp_2_6_pvgis_2006,pvgis_2006,2006,3560160567,27,central,central,fb59b12e82b041c59cc8a3933745a40e92c5e89aa7df64846e5855fbd3acb00e,2987a546cb3f48253dcdfdc400036a68d1977eddb1012f753e54eca010acedd8,38669e3f0e715d12f919bbd64ba6e09fbb431145f819869ebd01d20e8fde4ed0,4b5b7791539478f9b2562d1b176e235ac7b641e1afdc40c3d5242661d9dbed3d,2ad0e9f7bbdfe12695c931891fd0e8132d060fd7bcbca23623db43d4c7393a5c,561839806dcdb8279ac4e42025bc5a82751f2588a2b2066fa84637918d8e4896
mc_dac2734958def5325a58711950d11a915cf1768f2220c50e84157c412f75dbca,BE_TABULA_11,Detached house,1971-1990,TABULA_existing,231ef175659def943b74235aceb0ef9def0e53fc195cdad7a8338fa6b54777e3,rcp_2_6,weather_2050_rcp_2_6_pvgis_2006,pvgis_2006,2006,3815772485,28,central,central,fb59b12e82b041c59cc8a3933745a40e92c5e89aa7df64846e5855fbd3acb00e,2987a546cb3f48253dcdfdc400036a68d1977eddb1012f753e54eca010acedd8,38669e3f0e715d12f919bbd64ba6e09fbb431145f819869ebd01d20e8fde4ed0,4b5b7791539478f9b2562d1b176e235ac7b641e1afdc40c3d5242661d9dbed3d,2ad0e9f7bbdfe12695c931891fd0e8132d060fd7bcbca23623db43d4c7393a5c,561839806dcdb8279ac4e42025bc5a82751f2588a2b2066fa84637918d8e4896
mc_ae75473e9419d2e5dba8be9321739ca2cbf525a49a3eb99aebe1bca8721d72de,BE_TABULA_11,Detached house,1971-1990,TABULA_existing,231ef175659def943b74235aceb0ef9def0e53fc195cdad7a8338fa6b54777e3,rcp_2_6,weather_2050_rcp_2_6_pvgis_2006,pvgis_2006,2006,1523204169,29,central,central,fb59b12e82b041c59cc8a3933745a40e92c5e89aa7df64846e5855fbd3acb00e,2987a546cb3f48253dcdfdc400036a68d1977eddb1012f753e54eca010acedd8,38669e3f0e715d12f919bbd64ba6e09fbb431145f819869ebd01d20e8fde4ed0,4b5b7791539478f9b2562d1b176e235ac7b641e1afdc40c3d5242661d9dbed3d,2ad0e9f7bbdfe12695c931891fd0e8132d060fd7bcbca23623db43d4c7393a5c,561839806dcdb8279ac4e42025bc5a82751f2588a2b2066fa84637918d8e4896
mc_c5324d61416845e81452329db1fbec4c01d0d248a643f2e16802d38df583b21d,BE_TABULA_11,Detached house,1971-1990,TABULA_existing,231ef175659def943b74235aceb0ef9def0e53fc195cdad7a8338fa6b54777e3,rcp_2_6,weather_2050_rcp_2_6_pvgis_2006,pvgis_2006,2006,3168655264,30,central,central,fb59b12e82b041c59cc8a3933745a40e92c5e89aa7df64846e5855fbd3acb00e,2987a546cb3f48253dcdfdc400036a68d1977eddb1012f753e54eca010acedd8,38669e3f0e715d12f919bbd64ba6e09fbb431145f819869ebd01d20e8fde4ed0,4b5b7791539478f9b2562d1b176e235ac7b641e1afdc40c3d5242661d9dbed3d,2ad0e9f7bbdfe12695c931891fd0e8132d060fd7bcbca23623db43d4c7393a5c,561839806dcdb8279ac4e42025bc5a82751f2588a2b2066fa84637918d8e4896
mc_e66b9d60a963dcb320d2519d20b145f95f3796d21dfbde705d5ea06b2ed3aacc,BE_TABULA_11,Detached house,1971-1990,TABULA_existing,231ef175659def943b74235aceb0ef9def0e53fc195cdad7a8338fa6b54777e3,rcp_2_6,weather_2050_rcp_2_6_pvgis_2006,pvgis_2006,2006,871166546,31,central,central,fb59b12e82b041c59cc8a3933745a40e92c5e89aa7df64846e5855fbd3acb00e,2987a546cb3f48253dcdfdc400036a68d1977eddb1012f753e54eca010acedd8,38669e3f0e715d12f919bbd64ba6e09fbb431145f819869ebd01d20e8fde4ed0,4b5b7791539478f9b2562d1b176e235ac7b641e1afdc40c3d5242661d9dbed3d,2ad0e9f7bbdfe12695c931891fd0e8132d060fd7bcbca23623db43d4c7393a5c,561839806dcdb8279ac4e42025bc5a82751f2588a2b2066fa84637918d8e4896
mc_bb9bd04490a85424795ca116d1f9cbf6e373f94c12f8b46d515f4e84959afece,BE_TABULA_11,Detached house,1971-1990,TABULA_existing,231ef175659def943b74235aceb0ef9def0e53fc195cdad7a8338fa6b54777e3,rcp_2_6,weather_2050_rcp_2_6_pvgis_2006,pvgis_2006,2006,2626399861,32,central,central,fb59b12e82b041c59cc8a3933745a40e92c5e89aa7df64846e5855fbd3acb00e,2987a546cb3f48253dcdfdc400036a68d1977eddb1012f753e54eca010acedd8,38669e3f0e715d12f919bbd64ba6e09fbb431145f819869ebd01d20e8fde4ed0,4b5b7791539478f9b2562d1b176e235ac7b641e1afdc40c3d5242661d9dbed3d,2ad0e9f7bbdfe12695c931891fd0e8132d060fd7bcbca23623db43d4c7393a5c,561839806dcdb8279ac4e42025bc5a82751f2588a2b2066fa84637918d8e4896
mc_15c62002d4969591904ce7da39e5154e5cd32549e0b27bd60cec8939f6e0c198,BE_TABULA_11,Detached house,1971-1990,TABULA_existing,231ef175659def943b74235aceb0ef9def0e53fc195cdad7a8338fa6b54777e3,rcp_2_6,weather_2050_rcp_2_6_pvgis_2006,pvgis_2006,2006,1170469307,33,central,central,fb59b12e82b041c59cc8a3933745a40e92c5e89aa7df64846e5855fbd3acb00e,2987a546cb3f48253dcdfdc400036a68d1977eddb1012f753e54eca010acedd8,38669e3f0e715d12f919bbd64ba6e09fbb431145f819869ebd01d20e8fde4ed0,4b5b7791539478f9b2562d1b176e235ac7b641e1afdc40c3d5242661d9dbed3d,2ad0e9f7bbdfe12695c931891fd0e8132d060fd7bcbca23623db43d4c7393a5c,561839806dcdb8279ac4e42025bc5a82751f2588a2b2066fa84637918d8e4896
mc_e04accbb0f6255b25fca0241cb0cf8be1ead822ba06689fa10e076dfce3d7f45,BE_TABULA_11,Detached house,1971-1990,TABULA_existing,231ef175659def943b74235aceb0ef9def0e53fc195cdad7a8338fa6b54777e3,rcp_2_6,weather_2050_rcp_2_6_pvgis_2006,pvgis_2006,2006,1630191912,34,central,central,fb59b12e82b041c59cc8a3933745a40e92c5e89aa7df64846e5855fbd3acb00e,2987a546cb3f48253dcdfdc400036a68d1977eddb1012f753e54eca010acedd8,38669e3f0e715d12f919bbd64ba6e09fbb431145f819869ebd01d20e8fde4ed0,4b5b7791539478f9b2562d1b176e235ac7b641e1afdc40c3d5242661d9dbed3d,2ad0e9f7bbdfe12695c931891fd0e8132d060fd7bcbca23623db43d4c7393a5c,561839806dcdb8279ac4e42025bc5a82751f2588a2b2066fa84637918d8e4896
mc_06717348513f4d40735ff42bef3ef8fae2d4044560e99e38aa77be354c0fc1d6,BE_TABULA_11,Detached house,1971-1990,TABULA_existing,231ef175659def943b74235aceb0ef9def0e53fc195cdad7a8338fa6b54777e3,rcp_2_6,weather_2050_rcp_2_6_pvgis_2006,pvgis_2006,2006,2418138936,35,central,central,fb59b12e82b041c59cc8a3933745a40e92c5e89aa7df64846e5855fbd3acb00e,2987a546cb3f48253dcdfdc400036a68d1977eddb1012f753e54eca010acedd8,38669e3f0e715d12f919bbd64ba6e09fbb431145f819869ebd01d20e8fde4ed0,4b5b7791539478f9b2562d1b176e235ac7b641e1afdc40c3d5242661d9dbed3d,2ad0e9f7bbdfe12695c931891fd0e8132d060fd7bcbca23623db43d4c7393a5c,561839806dcdb8279ac4e42025bc5a82751f2588a2b2066fa84637918d8e4896
mc_c1d729cddbe58ae119ee5886ee57c371e9d030e117874944b2f32c3c5c41011d,BE_TABULA_11,Detached house,1971-1990,TABULA_existing,231ef175659def943b74235aceb0ef9def0e53fc195cdad7a8338fa6b54777e3,rcp_2_6,weather_2050_rcp_2_6_pvgis_2006,pvgis_2006,2006,4284547342,36,central,central,fb59b12e82b041c59cc8a3933745a40e92c5e89aa7df64846e5855fbd3acb00e,2987a546cb3f48253dcdfdc400036a68d1977eddb1012f753e54eca010acedd8,38669e3f0e715d12f919bbd64ba6e09fbb431145f819869ebd01d20e8fde4ed0,4b5b7791539478f9b2562d1b176e235ac7b641e1afdc40c3d5242661d9dbed3d,2ad0e9f7bbdfe12695c931891fd0e8132d060fd7bcbca23623db43d4c7393a5c,561839806dcdb8279ac4e42025bc5a82751f2588a2b2066fa84637918d8e4896
mc_4d841bd55bbfba3c79f5678ceeb5f5cf33969dea69da76d5d949e59a9b1d384f,BE_TABULA_11,Detached house,1971-1990,TABULA_existing,231ef175659def943b74235aceb0ef9def0e53fc195cdad7a8338fa6b54777e3,rcp_2_6,weather_2050_rcp_2_6_pvgis_2006,pvgis_2006,2006,2078907488,37,central,central,fb59b12e82b041c59cc8a3933745a40e92c5e89aa7df64846e5855fbd3acb00e,2987a546cb3f48253dcdfdc400036a68d1977eddb1012f753e54eca010acedd8,38669e3f0e715d12f919bbd64ba6e09fbb431145f819869ebd01d20e8fde4ed0,4b5b7791539478f9b2562d1b176e235ac7b641e1afdc40c3d5242661d9dbed3d,2ad0e9f7bbdfe12695c931891fd0e8132d060fd7bcbca23623db43d4c7393a5c,561839806dcdb8279ac4e42025bc5a82751f2588a2b2066fa84637918d8e4896
mc_19a5774067c5ab125015a0bdb3f3762db482676effac969de12004a44e9ecbe6,BE_TABULA_11,Detached house,1971-1990,TABULA_existing,231ef175659def943b74235aceb0ef9def0e53fc195cdad7a8338fa6b54777e3,rcp_2_6,weather_2050_rcp_2_6_pvgis_2006,pvgis_2006,2006,1049765411,38,central,central,fb59b12e82b041c59cc8a3933745a40e92c5e89aa7df64846e5855fbd3acb00e,2987a546cb3f48253dcdfdc400036a68d1977eddb1012f753e54eca010acedd8,38669e3f0e715d12f919bbd64ba6e09fbb431145f819869ebd01d20e8fde4ed0,4b5b7791539478f9b2562d1b176e235ac7b641e1afdc40c3d5242661d9dbed3d,2ad0e9f7bbdfe12695c931891fd0e8132d060fd7bcbca23623db43d4c7393a5c,561839806dcdb8279ac4e42025bc5a82751f2588a2b2066fa84637918d8e4896
mc_94b010e46e71161bc017b410196856d96312df6b1418fbfc976f457f281581a1,BE_TABULA_11,Detached house,1971-1990,TABULA_existing,231ef175659def943b74235aceb0ef9def0e53fc195cdad7a8338fa6b54777e3,rcp_2_6,weather_2050_rcp_2_6_pvgis_2006,pvgis_2006,2006,179219561,39,central,central,fb59b12e82b041c59cc8a3933745a40e92c5e89aa7df64846e5855fbd3acb00e,2987a546cb3f48253dcdfdc400036a68d1977eddb1012f753e54eca010acedd8,38669e3f0e715d12f919bbd64ba6e09fbb431145f819869ebd01d20e8fde4ed0,4b5b7791539478f9b2562d1b176e235ac7b641e1afdc40c3d5242661d9dbed3d,2ad0e9f7bbdfe12695c931891fd0e8132d060fd7bcbca23623db43d4c7393a5c,561839806dcdb8279ac4e42025bc5a82751f2588a2b2066fa84637918d8e4896
mc_0bfd63bf89f5d32d52e0be91d52c221e6d38e7ba2fdad6a69a9f730010d681bb,BE_TABULA_11,Detached house,1971-1990,TABULA_existing,231ef175659def943b74235aceb0ef9def0e53fc195cdad7a8338fa6b54777e3,rcp_2_6,weather_2050_rcp_2_6_pvgis_2006,pvgis_2006,2006,1182233951,40,central,central,fb59b12e82b041c59cc8a3933745a40e92c5e89aa7df64846e5855fbd3acb00e,2987a546cb3f48253dcdfdc400036a68d1977eddb1012f753e54eca010acedd8,38669e3f0e715d12f919bbd64ba6e09fbb431145f819869ebd01d20e8fde4ed0,4b5b7791539478f9b2562d1b176e235ac7b641e1afdc40c3d5242661d9dbed3d,2ad0e9f7bbdfe12695c931891fd0e8132d060fd7bcbca23623db43d4c7393a5c,561839806dcdb8279ac4e42025bc5a82751f2588a2b2066fa84637918d8e4896
mc_1baaf7a55f5d6dc0b4724b3ab1f807add4be5c3d3a0d6a2b98ac0abfda09016e,BE_TABULA_11,Detached house,1971-1990,TABULA_existing,231ef175659def943b74235aceb0ef9def0e53fc195cdad7a8338fa6b54777e3,rcp_2_6,weather_2050_rcp_2_6_pvgis_2006,pvgis_2006,2006,2553148887,41,central,central,fb59b12e82b041c59cc8a3933745a40e92c5e89aa7df64846e5855fbd3acb00e,2987a546cb3f48253dcdfdc400036a68d1977eddb1012f753e54eca010acedd8,38669e3f0e715d12f919bbd64ba6e09fbb431145f819869ebd01d20e8fde4ed0,4b5b7791539478f9b2562d1b176e235ac7b641e1afdc40c3d5242661d9dbed3d,2ad0e9f7bbdfe12695c931891fd0e8132d060fd7bcbca23623db43d4c7393a5c,561839806dcdb8279ac4e42025bc5a82751f2588a2b2066fa84637918d8e4896
mc_26505756ac3ca8175186c171c2d31305adfa25809175fa9d0f18c70853964125,BE_TABULA_11,Detached house,1971-1990,TABULA_existing,231ef175659def943b74235aceb0ef9def0e53fc195cdad7a8338fa6b54777e3,rcp_2_6,weather_2050_rcp_2_6_pvgis_2006,pvgis_2006,2006,3936058544,42,central,central,fb59b12e82b041c59cc8a3933745a40e92c5e89aa7df64846e5855fbd3acb00e,2987a546cb3f48253dcdfdc400036a68d1977eddb1012f753e54eca010acedd8,38669e3f0e715d12f919bbd64ba6e09fbb431145f819869ebd01d20e8fde4ed0,4b5b7791539478f9b2562d1b176e235ac7b641e1afdc40c3d5242661d9dbed3d,2ad0e9f7bbdfe12695c931891fd0e8132d060fd7bcbca23623db43d4c7393a5c,561839806dcdb8279ac4e42025bc5a82751f2588a2b2066fa84637918d8e4896
mc_138af28bbf38339a5ab6dc93d86a2c7abdcdaf24872bb9d76924ed2a458b9b19,BE_TABULA_11,Detached house,1971-1990,TABULA_existing,231ef175659def943b74235aceb0ef9def0e53fc195cdad7a8338fa6b54777e3,rcp_2_6,weather_2050_rcp_2_6_pvgis_2006,pvgis_2006,2006,3672343387,43,central,central,fb59b12e82b041c59cc8a3933745a40e92c5e89aa7df64846e5855fbd3acb00e,2987a546cb3f48253dcdfdc400036a68d1977eddb1012f753e54eca010acedd8,38669e3f0e715d12f919bbd64ba6e09fbb431145f819869ebd01d20e8fde4ed0,4b5b7791539478f9b2562d1b176e235ac7b641e1afdc40c3d5242661d9dbed3d,2ad0e9f7bbdfe12695c931891fd0e8132d060fd7bcbca23623db43d4c7393a5c,561839806dcdb8279ac4e42025bc5a82751f2588a2b2066fa84637918d8e4896
mc_dea5433dee43cb2cfcc78a710755d1c04c9bd354f149c7d7476ef8ddeb1f6f3a,BE_TABULA_11,Detached house,1971-1990,TABULA_existing,231ef175659def943b74235aceb0ef9def0e53fc195cdad7a8338fa6b54777e3,rcp_2_6,weather_2050_rcp_2_6_pvgis_2006,pvgis_2006,2006,1536720057,44,central,central,fb59b12e82b041c59cc8a3933745a40e92c5e89aa7df64846e5855fbd3acb00e,2987a546cb3f48253dcdfdc400036a68d1977eddb1012f753e54eca010acedd8,38669e3f0e715d12f919bbd64ba6e09fbb431145f819869ebd01d20e8fde4ed0,4b5b7791539478f9b2562d1b176e235ac7b641e1afdc40c3d5242661d9dbed3d,2ad0e9f7bbdfe12695c931891fd0e8132d060fd7bcbca23623db43d4c7393a5c,561839806dcdb8279ac4e42025bc5a82751f2588a2b2066fa84637918d8e4896
mc_24257cb157417520325f9210c99833df2dfbab3a0f5189f7debf413dac4ebec6,BE_TABULA_11,Detached house,1971-1990,TABULA_existing,231ef175659def943b74235aceb0ef9def0e53fc195cdad7a8338fa6b54777e3,rcp_2_6,weather_2050_rcp_2_6_pvgis_2006,pvgis_2006,2006,1105527356,45,central,central,fb59b12e82b041c59cc8a3933745a40e92c5e89aa7df64846e5855fbd3acb00e,2987a546cb3f48253dcdfdc400036a68d1977eddb1012f753e54eca010acedd8,38669e3f0e715d12f919bbd64ba6e09fbb431145f819869ebd01d20e8fde4ed0,4b5b7791539478f9b2562d1b176e235ac7b641e1afdc40c3d5242661d9dbed3d,2ad0e9f7bbdfe12695c931891fd0e8132d060fd7bcbca23623db43d4c7393a5c,561839806dcdb8279ac4e42025bc5a82751f2588a2b2066fa84637918d8e4896
mc_0caa1fad3de2cd7925bc2e4a37bbc72ac117c7e7cfd798ca4cb0870688e543c0,BE_TABULA_11,Detached house,1971-1990,TABULA_existing,231ef175659def943b74235aceb0ef9def0e53fc195cdad7a8338fa6b54777e3,rcp_2_6,weather_2050_rcp_2_6_pvgis_2006,pvgis_2006,2006,2803026148,46,central,central,fb59b12e82b041c59cc8a3933745a40e92c5e89aa7df64846e5855fbd3acb00e,2987a546cb3f48253dcdfdc400036a68d1977eddb1012f753e54eca010acedd8,38669e3f0e715d12f919bbd64ba6e09fbb431145f819869ebd01d20e8fde4ed0,4b5b7791539478f9b2562d1b176e235ac7b641e1afdc40c3d5242661d9dbed3d,2ad0e9f7bbdfe12695c931891fd0e8132d060fd7bcbca23623db43d4c7393a5c,561839806dcdb8279ac4e42025bc5a82751f2588a2b2066fa84637918d8e4896
mc_43e4b504fbd5ec237b679a65dfde2de6544f7c1367945ac4551f24bcab761376,BE_TABULA_11,Detached house,1971-1990,TABULA_existing,231ef175659def943b74235aceb0ef9def0e53fc195cdad7a8338fa6b54777e3,rcp_2_6,weather_2050_rcp_2_6_pvgis_2006,pvgis_2006,2006,2970899734,47,central,central,fb59b12e82b041c59cc8a3933745a40e92c5e89aa7df64846e5855fbd3acb00e,2987a546cb3f48253dcdfdc400036a68d1977eddb1012f753e54eca010acedd8,38669e3f0e715d12f919bbd64ba6e09fbb431145f819869ebd01d20e8fde4ed0,4b5b7791539478f9b2562d1b176e235ac7b641e1afdc40c3d5242661d9dbed3d,2ad0e9f7bbdfe12695c931891fd0e8132d060fd7bcbca23623db43d4c7393a5c,561839806dcdb8279ac4e42025bc5a82751f2588a2b2066fa84637918d8e4896
mc_d6515a6736c2fdacac5ec99b8513820c7d6e8a4b734397bc03667cc4028af23e,BE_TABULA_11,Detached house,1971-1990,TABULA_existing,231ef175659def943b74235aceb0ef9def0e53fc195cdad7a8338fa6b54777e3,rcp_2_6,weather_2050_rcp_2_6_pvgis_2006,pvgis_2006,2006,387036528,48,central,central,fb59b12e82b041c59cc8a3933745a40e92c5e89aa7df64846e5855fbd3acb00e,2987a546cb3f48253dcdfdc400036a68d1977eddb1012f753e54eca010acedd8,38669e3f0e715d12f919bbd64ba6e09fbb431145f819869ebd01d20e8fde4ed0,4b5b7791539478f9b2562d1b176e235ac7b641e1afdc40c3d5242661d9dbed3d,2ad0e9f7bbdfe12695c931891fd0e8132d060fd7bcbca23623db43d4c7393a5c,561839806dcdb8279ac4e42025bc5a82751f2588a2b2066fa84637918d8e4896
mc_6ba39f79e778c6c8050ec24125d5f4d544e545bde88b3413b02efd4649c358d3,BE_TABULA_11,Detached house,1971-1990,TABULA_existing,231ef175659def943b74235aceb0ef9def0e53fc195cdad7a8338fa6b54777e3,rcp_2_6,weather_2050_rcp_2_6_pvgis_2006,pvgis_2006,2006,247910426,49,central,central,fb59b12e82b041c59cc8a3933745a40e92c5e89aa7df64846e5855fbd3acb00e,2987a546cb3f48253dcdfdc400036a68d1977eddb1012f753e54eca010acedd8,38669e3f0e715d12f919bbd64ba6e09fbb431145f819869ebd01d20e8fde4ed0,4b5b7791539478f9b2562d1b176e235ac7b641e1afdc40c3d5242661d9dbed3d,2ad0e9f7bbdfe12695c931891fd0e8132d060fd7bcbca23623db43d4c7393a5c,561839806dcdb8279ac4e42025bc5a82751f2588a2b2066fa84637918d8e4896
mc_c0ae3e405dd0ecd5accdb47fdd20288cdcc1db2455a7ba063b234ec94df90032,BE_TABULA_11,Detached house,1971-1990,TABULA_existing,231ef175659def943b74235aceb0ef9def0e53fc195cdad7a8338fa6b54777e3,rcp_2_6,weather_2050_rcp_2_6_pvgis_2006,pvgis_2006,2006,2703791916,50,central,central,fb59b12e82b041c59cc8a3933745a40e92c5e89aa7df64846e5855fbd3acb00e,2987a546cb3f48253dcdfdc400036a68d1977eddb1012f753e54eca010acedd8,38669e3f0e715d12f919bbd64ba6e09fbb431145f819869ebd01d20e8fde4ed0,4b5b7791539478f9b2562d1b176e235ac7b641e1afdc40c3d5242661d9dbed3d,2ad0e9f7bbdfe12695c931891fd0e8132d060fd7bcbca23623db43d4c7393a5c,561839806dcdb8279ac4e42025bc5a82751f2588a2b2066fa84637918d8e4896
mc_9cffeb10c5b2c3cbfb25bbe7693a579fe22e3688ec0e304bf06154fd4fda377d,BE_TABULA_11,Detached house,1971-1990,TABULA_existing,231ef175659def943b74235aceb0ef9def0e53fc195cdad7a8338fa6b54777e3,rcp_2_6,weather_2050_rcp_2_6_pvgis_2006,pvgis_2006,2006,2308038042,51,central,central,fb59b12e82b041c59cc8a3933745a40e92c5e89aa7df64846e5855fbd3acb00e,2987a546cb3f48253dcdfdc400036a68d1977eddb1012f753e54eca010acedd8,38669e3f0e715d12f919bbd64ba6e09fbb431145f819869ebd01d20e8fde4ed0,4b5b7791539478f9b2562d1b176e235ac7b641e1afdc40c3d5242661d9dbed3d,2ad0e9f7bbdfe12695c931891fd0e8132d060fd7bcbca23623db43d4c7393a5c,561839806dcdb8279ac4e42025bc5a82751f2588a2b2066fa84637918d8e4896
mc_bcfb22577879ca27cfca2f060d3bb7116ad8e5ab6b75812d601ea4aa07c2cc1a,BE_TABULA_11,Detached house,1971-1990,TABULA_existing,231ef175659def943b74235aceb0ef9def0e53fc195cdad7a8338fa6b54777e3,rcp_2_6,weather_2050_rcp_2_6_pvgis_2006,pvgis_2006,2006,121872340,52,central,central,fb59b12e82b041c59cc8a3933745a40e92c5e89aa7df64846e5855fbd3acb00e,2987a546cb3f48253dcdfdc400036a68d1977eddb1012f753e54eca010acedd8,38669e3f0e715d12f919bbd64ba6e09fbb431145f819869ebd01d20e8fde4ed0,4b5b7791539478f9b2562d1b176e235ac7b641e1afdc40c3d5242661d9dbed3d,2ad0e9f7bbdfe12695c931891fd0e8132d060fd7bcbca23623db43d4c7393a5c,561839806dcdb8279ac4e42025bc5a82751f2588a2b2066fa84637918d8e4896
mc_c4ff255401f856bd158b9a04c4851f18b636b01f66e3c1956f765c3a9f05b64c,BE_TABULA_11,Detached house,1971-1990,TABULA_existing,231ef175659def943b74235aceb0ef9def0e53fc195cdad7a8338fa6b54777e3,rcp_2_6,weather_2050_rcp_2_6_pvgis_2006,pvgis_2006,2006,3159291459,53,central,central,fb59b12e82b041c59cc8a3933745a40e92c5e89aa7df64846e5855fbd3acb00e,2987a546cb3f48253dcdfdc400036a68d1977eddb1012f753e54eca010acedd8,38669e3f0e715d12f919bbd64ba6e09fbb431145f819869ebd01d20e8fde4ed0,4b5b7791539478f9b2562d1b176e235ac7b641e1afdc40c3d5242661d9dbed3d,2ad0e9f7bbdfe12695c931891fd0e8132d060fd7bcbca23623db43d4c7393a5c,561839806dcdb8279ac4e42025bc5a82751f2588a2b2066fa84637918d8e4896
mc_2d0569a960ba12f05410ffb1b380b19cb089043ae83626b60e67139231707765,BE_TABULA_11,Detached house,1971-1990,TABULA_existing,231ef175659def943b74235aceb0ef9def0e53fc195cdad7a8338fa6b54777e3,rcp_2_6,weather_2050_rcp_2_6_pvgis_2006,pvgis_2006,2006,3292453555,54,central,central,fb59b12e82b041c59cc8a3933745a40e92c5e89aa7df64846e5855fbd3acb00e,2987a546cb3f48253dcdfdc400036a68d1977eddb1012f753e54eca010acedd8,38669e3f0e715d12f919bbd64ba6e09fbb431145f819869ebd01d20e8fde4ed0,4b5b7791539478f9b2562d1b176e235ac7b641e1afdc40c3d5242661d9dbed3d,2ad0e9f7bbdfe12695c931891fd0e8132d060fd7bcbca23623db43d4c7393a5c,561839806dcdb8279ac4e42025bc5a82751f2588a2b2066fa84637918d8e4896
mc_a49d7c438d95353219b7bf8913e0691f68623a95837740d26593b2f4eda9f602,BE_TABULA_11,Detached house,1971-1990,TABULA_existing,231ef175659def943b74235aceb0ef9def0e53fc195cdad7a8338fa6b54777e3,rcp_2_6,weather_2050_rcp_2_6_pvgis_2006,pvgis_2006,2006,4217880632,55,central,central,fb59b12e82b041c59cc8a3933745a40e92c5e89aa7df64846e5855fbd3acb00e,2987a546cb3f48253dcdfdc400036a68d1977eddb1012f753e54eca010acedd8,38669e3f0e715d12f919bbd64ba6e09fbb431145f819869ebd01d20e8fde4ed0,4b5b7791539478f9b2562d1b176e235ac7b641e1afdc40c3d5242661d9dbed3d,2ad0e9f7bbdfe12695c931891fd0e8132d060fd7bcbca23623db43d4c7393a5c,561839806dcdb8279ac4e42025bc5a82751f2588a2b2066fa84637918d8e4896
mc_ca7899262d40256513d521260bed2bae32d3d4f7f964154664b1b79a147c3fdd,BE_TABULA_11,Detached house,1971-1990,TABULA_existing,231ef175659def943b74235aceb0ef9def0e53fc195cdad7a8338fa6b54777e3,rcp_2_6,weather_2050_rcp_2_6_pvgis_2006,pvgis_2006,2006,3936536578,56,central,central,fb59b12e82b041c59cc8a3933745a40e92c5e89aa7df64846e5855fbd3acb00e,2987a546cb3f48253dcdfdc400036a68d1977eddb1012f753e54eca010acedd8,38669e3f0e715d12f919bbd64ba6e09fbb431145f819869ebd01d20e8fde4ed0,4b5b7791539478f9b2562d1b176e235ac7b641e1afdc40c3d5242661d9dbed3d,2ad0e9f7bbdfe12695c931891fd0e8132d060fd7bcbca23623db43d4c7393a5c,561839806dcdb8279ac4e42025bc5a82751f2588a2b2066fa84637918d8e4896
mc_1d5e02c131a9641514fdf7a7d03abb1b0ad2dc7c8318a2e5d3f5e69b54875d8e,BE_TABULA_11,Detached house,1971-1990,TABULA_existing,231ef175659def943b74235aceb0ef9def0e53fc195cdad7a8338fa6b54777e3,rcp_2_6,weather_2050_rcp_2_6_pvgis_2006,pvgis_2006,2006,2415921962,57,central,central,fb59b12e82b041c59cc8a3933745a40e92c5e89aa7df64846e5855fbd3acb00e,2987a546cb3f48253dcdfdc400036a68d1977eddb1012f753e54eca010acedd8,38669e3f0e715d12f919bbd64ba6e09fbb431145f819869ebd01d20e8fde4ed0,4b5b7791539478f9b2562d1b176e235ac7b641e1afdc40c3d5242661d9dbed3d,2ad0e9f7bbdfe12695c931891fd0e8132d060fd7bcbca23623db43d4c7393a5c,561839806dcdb8279ac4e42025bc5a82751f2588a2b2066fa84637918d8e4896
mc_b9da9438dcfb87355ffd9104a27e214c753052727c2be7ce0c552c102678c1d4,BE_TABULA_11,Detached house,1971-1990,TABULA_existing,231ef175659def943b74235aceb0ef9def0e53fc195cdad7a8338fa6b54777e3,rcp_2_6,weather_2050_rcp_2_6_pvgis_2006,pvgis_2006,2006,1719658758,58,central,central,fb59b12e82b041c59cc8a3933745a40e92c5e89aa7df64846e5855fbd3acb00e,2987a546cb3f48253dcdfdc400036a68d1977eddb1012f753e54eca010acedd8,38669e3f0e715d12f919bbd64ba6e09fbb431145f819869ebd01d20e8fde4ed0,4b5b7791539478f9b2562d1b176e235ac7b641e1afdc40c3d5242661d9dbed3d,2ad0e9f7bbdfe12695c931891fd0e8132d060fd7bcbca23623db43d4c7393a5c,561839806dcdb8279ac4e42025bc5a82751f2588a2b2066fa84637918d8e4896
mc_d8cc838ca31db346c41ac6021322d50d6df807badfd86699c64d324ab62283b1,BE_TABULA_11,Detached house,1971-1990,TABULA_existing,231ef175659def943b74235aceb0ef9def0e53fc195cdad7a8338fa6b54777e3,rcp_2_6,weather_2050_rcp_2_6_pvgis_2006,pvgis_2006,2006,229503377,59,central,central,fb59b12e82b041c59cc8a3933745a40e92c5e89aa7df64846e5855fbd3acb00e,2987a546cb3f48253dcdfdc400036a68d1977eddb1012f753e54eca010acedd8,38669e3f0e715d12f919bbd64ba6e09fbb431145f819869ebd01d20e8fde4ed0,4b5b7791539478f9b2562d1b176e235ac7b641e1afdc40c3d5242661d9dbed3d,2ad0e9f7bbdfe12695c931891fd0e8132d060fd7bcbca23623db43d4c7393a5c,561839806dcdb8279ac4e42025bc5a82751f2588a2b2066fa84637918d8e4896
mc_720ccabf5ff6e0a486aa2a621ebcfb8378ccb599df1e01dd75fced315d78338f,BE_TABULA_11,Detached house,1971-1990,TABULA_existing,231ef175659def943b74235aceb0ef9def0e53fc195cdad7a8338fa6b54777e3,rcp_2_6,weather_2050_rcp_2_6_pvgis_2006,pvgis_2006,2006,3209387723,60,central,central,fb59b12e82b041c59cc8a3933745a40e92c5e89aa7df64846e5855fbd3acb00e,2987a546cb3f48253dcdfdc400036a68d1977eddb1012f753e54eca010acedd8,38669e3f0e715d12f919bbd64ba6e09fbb431145f819869ebd01d20e8fde4ed0,4b5b7791539478f9b2562d1b176e235ac7b641e1afdc40c3d5242661d9dbed3d,2ad0e9f7bbdfe12695c931891fd0e8132d060fd7bcbca23623db43d4c7393a5c,561839806dcdb8279ac4e42025bc5a82751f2588a2b2066fa84637918d8e4896
mc_3c1494244eecf95241aefe43de6fa4a942d46d0fdef1c7a0ce35c8954b457eed,BE_TABULA_11,Detached house,1971-1990,TABULA_existing,231ef175659def943b74235aceb0ef9def0e53fc195cdad7a8338fa6b54777e3,rcp_2_6,weather_2050_rcp_2_6_pvgis_2006,pvgis_2006,2006,3772491886,61,central,central,fb59b12e82b041c59cc8a3933745a40e92c5e89aa7df64846e5855fbd3acb00e,2987a546cb3f48253dcdfdc400036a68d1977eddb1012f753e54eca010acedd8,38669e3f0e715d12f919bbd64ba6e09fbb431145f819869ebd01d20e8fde4ed0,4b5b7791539478f9b2562d1b176e235ac7b641e1afdc40c3d5242661d9dbed3d,2ad0e9f7bbdfe12695c931891fd0e8132d060fd7bcbca23623db43d4c7393a5c,561839806dcdb8279ac4e42025bc5a82751f2588a2b2066fa84637918d8e4896
mc_a090bf1363d93d02e10e256a24e25623e1be509489376efa91f31591319eb252,BE_TABULA_11,Detached house,1971-1990,TABULA_existing,231ef175659def943b74235aceb0ef9def0e53fc195cdad7a8338fa6b54777e3,rcp_2_6,weather_2050_rcp_2_6_pvgis_2006,pvgis_2006,2006,1635250833,62,central,central,fb59b12e82b041c59cc8a3933745a40e92c5e89aa7df64846e5855fbd3acb00e,2987a546cb3f48253dcdfdc400036a68d1977eddb1012f753e54eca010acedd8,38669e3f0e715d12f919bbd64ba6e09fbb431145f819869ebd01d20e8fde4ed0,4b5b7791539478f9b2562d1b176e235ac7b641e1afdc40c3d5242661d9dbed3d,2ad0e9f7bbdfe12695c931891fd0e8132d060fd7bcbca23623db43d4c7393a5c,561839806dcdb8279ac4e42025bc5a82751f2588a2b2066fa84637918d8e4896
mc_6ac7d4a236b0eabd557a5b81e262c02e8580d3ed6f8f228622586c6f7bd884a8,BE_TABULA_11,Detached house,1971-1990,TABULA_existing,231ef175659def943b74235aceb0ef9def0e53fc195cdad7a8338fa6b54777e3,rcp_2_6,weather_2050_rcp_2_6_pvgis_2006,pvgis_2006,2006,4035582952,63,central,central,fb59b12e82b041c59cc8a3933745a40e92c5e89aa7df64846e5855fbd3acb00e,2987a546cb3f48253dcdfdc400036a68d1977eddb1012f753e54eca010acedd8,38669e3f0e715d12f919bbd64ba6e09fbb431145f819869ebd01d20e8fde4ed0,4b5b7791539478f9b2562d1b176e235ac7b641e1afdc40c3d5242661d9dbed3d,2ad0e9f7bbdfe12695c931891fd0e8132d060fd7bcbca23623db43d4c7393a5c,561839806dcdb8279ac4e42025bc5a82751f2588a2b2066fa84637918d8e4896
mc_6b7387b6e346b76a98bc7998315e1cb17e561f1ef8c2a20f0d9e29a159c54dc4,BE_TABULA_11,Detached house,1971-1990,TABULA_existing,231ef175659def943b74235aceb0ef9def0e53fc195cdad7a8338fa6b54777e3,rcp_2_6,weather_2050_rcp_2_6_pvgis_2006,pvgis_2006,2006,615541883,64,central,central,fb59b12e82b041c59cc8a3933745a40e92c5e89aa7df64846e5855fbd3acb00e,2987a546cb3f48253dcdfdc400036a68d1977eddb1012f753e54eca010acedd8,38669e3f0e715d12f919bbd64ba6e09fbb431145f819869ebd01d20e8fde4ed0,4b5b7791539478f9b2562d1b176e235ac7b641e1afdc40c3d5242661d9dbed3d,2ad0e9f7bbdfe12695c931891fd0e8132d060fd7bcbca23623db43d4c7393a5c,561839806dcdb8279ac4e42025bc5a82751f2588a2b2066fa84637918d8e4896
mc_bfcd170409d001ba6edb9b897ec2f1168ee7b3b18e94c64caca06db36f8a423f,BE_TABULA_11,Detached house,1971-1990,TABULA_existing,231ef175659def943b74235aceb0ef9def0e53fc195cdad7a8338fa6b54777e3,rcp_2_6,weather_2050_rcp_2_6_pvgis_2006,pvgis_2006,2006,3820219209,65,central,central,fb59b12e82b041c59cc8a3933745a40e92c5e89aa7df64846e5855fbd3acb00e,2987a546cb3f48253dcdfdc400036a68d1977eddb1012f753e54eca010acedd8,38669e3f0e715d12f919bbd64ba6e09fbb431145f819869ebd01d20e8fde4ed0,4b5b7791539478f9b2562d1b176e235ac7b641e1afdc40c3d5242661d9dbed3d,2ad0e9f7bbdfe12695c931891fd0e8132d060fd7bcbca23623db43d4c7393a5c,561839806dcdb8279ac4e42025bc5a82751f2588a2b2066fa84637918d8e4896
mc_be4ac290db48bd1b397667f471bfde704e80fb2e9ed130510e0bc82fedf8c8dd,BE_TABULA_11,Detached house,1971-1990,TABULA_existing,231ef175659def943b74235aceb0ef9def0e53fc195cdad7a8338fa6b54777e3,rcp_2_6,weather_2050_rcp_2_6_pvgis_2006,pvgis_2006,2006,2055890937,66,central,central,fb59b12e82b041c59cc8a3933745a40e92c5e89aa7df64846e5855fbd3acb00e,2987a546cb3f48253dcdfdc400036a68d1977eddb1012f753e54eca010acedd8,38669e3f0e715d12f919bbd64ba6e09fbb431145f819869ebd01d20e8fde4ed0,4b5b7791539478f9b2562d1b176e235ac7b641e1afdc40c3d5242661d9dbed3d,2ad0e9f7bbdfe12695c931891fd0e8132d060fd7bcbca23623db43d4c7393a5c,561839806dcdb8279ac4e42025bc5a82751f2588a2b2066fa84637918d8e4896
mc_a61880b361ad0acb5547484fa668a5a46f0a87756a5c95dcfc470d721f39a15f,BE_TABULA_11,Detached house,1971-1990,TABULA_existing,231ef175659def943b74235aceb0ef9def0e53fc195cdad7a8338fa6b54777e3,rcp_2_6,weather_2050_rcp_2_6_pvgis_2006,pvgis_2006,2006,3962631770,67,central,central,fb59b12e82b041c59cc8a3933745a40e92c5e89aa7df64846e5855fbd3acb00e,2987a546cb3f48253dcdfdc400036a68d1977eddb1012f753e54eca010acedd8,38669e3f0e715d12f919bbd64ba6e09fbb431145f819869ebd01d20e8fde4ed0,4b5b7791539478f9b2562d1b176e235ac7b641e1afdc40c3d5242661d9dbed3d,2ad0e9f7bbdfe12695c931891fd0e8132d060fd7bcbca23623db43d4c7393a5c,561839806dcdb8279ac4e42025bc5a82751f2588a2b2066fa84637918d8e4896
mc_8c569bf81a95068cc040181cd3753fc695799012c714ba843a483085288c68e9,BE_TABULA_11,Detached house,1971-1990,TABULA_existing,231ef175659def943b74235aceb0ef9def0e53fc195cdad7a8338fa6b54777e3,rcp_2_6,weather_2050_rcp_2_6_pvgis_2006,pvgis_2006,2006,292497774,68,central,central,fb59b12e82b041c59cc8a3933745a40e92c5e89aa7df64846e5855fbd3acb00e,2987a546cb3f48253dcdfdc400036a68d1977eddb1012f753e54eca010acedd8,38669e3f0e715d12f919bbd64ba6e09fbb431145f819869ebd01d20e8fde4ed0,4b5b7791539478f9b2562d1b176e235ac7b641e1afdc40c3d5242661d9dbed3d,2ad0e9f7bbdfe12695c931891fd0e8132d060fd7bcbca23623db43d4c7393a5c,561839806dcdb8279ac4e42025bc5a82751f2588a2b2066fa84637918d8e4896
mc_9e5827b2984c0c2283c1f8a68dedaa81f3e8da2292d5684947028879e5b0b914,BE_TABULA_11,Detached house,1971-1990,TABULA_existing,231ef175659def943b74235aceb0ef9def0e53fc195cdad7a8338fa6b54777e3,rcp_2_6,weather_2050_rcp_2_6_pvgis_2006,pvgis_2006,2006,238028136,69,central,central,fb59b12e82b041c59cc8a3933745a40e92c5e89aa7df64846e5855fbd3acb00e,2987a546cb3f48253dcdfdc400036a68d1977eddb1012f753e54eca010acedd8,38669e3f0e715d12f919bbd64ba6e09fbb431145f819869ebd01d20e8fde4ed0,4b5b7791539478f9b2562d1b176e235ac7b641e1afdc40c3d5242661d9dbed3d,2ad0e9f7bbdfe12695c931891fd0e8132d060fd7bcbca23623db43d4c7393a5c,561839806dcdb8279ac4e42025bc5a82751f2588a2b2066fa84637918d8e4896
mc_b31a0190a3f2f45eea88913b14fd81394191d006d8467669e7151984bb7309c8,BE_TABULA_11,Detached house,1971-1990,TABULA_existing,231ef175659def943b74235aceb0ef9def0e53fc195cdad7a8338fa6b54777e3,rcp_2_6,weather_2050_rcp_2_6_pvgis_2006,pvgis_2006,2006,2973159850,70,central,central,fb59b12e82b041c59cc8a3933745a40e92c5e89aa7df64846e5855fbd3acb00e,2987a546cb3f48253dcdfdc400036a68d1977eddb1012f753e54eca010acedd8,38669e3f0e715d12f919bbd64ba6e09fbb431145f819869ebd01d20e8fde4ed0,4b5b7791539478f9b2562d1b176e235ac7b641e1afdc40c3d5242661d9dbed3d,2ad0e9f7bbdfe12695c931891fd0e8132d060fd7bcbca23623db43d4c7393a5c,561839806dcdb8279ac4e42025bc5a82751f2588a2b2066fa84637918d8e4896
mc_cca48d679227045dca483e36eb1bad3648e6014d33ec0473c8e804e46cfeed8f,BE_TABULA_11,Detached house,1971-1990,TABULA_existing,231ef175659def943b74235aceb0ef9def0e53fc195cdad7a8338fa6b54777e3,rcp_2_6,weather_2050_rcp_2_6_pvgis_2006,pvgis_2006,2006,3979556006,71,central,central,fb59b12e82b041c59cc8a3933745a40e92c5e89aa7df64846e5855fbd3acb00e,2987a546cb3f48253dcdfdc400036a68d1977eddb1012f753e54eca010acedd8,38669e3f0e715d12f919bbd64ba6e09fbb431145f819869ebd01d20e8fde4ed0,4b5b7791539478f9b2562d1b176e235ac7b641e1afdc40c3d5242661d9dbed3d,2ad0e9f7bbdfe12695c931891fd0e8132d060fd7bcbca23623db43d4c7393a5c,561839806dcdb8279ac4e42025bc5a82751f2588a2b2066fa84637918d8e4896
mc_8bd5d78850a99d1b58fec157b2b1aa8271105b8a52ad91b76105dcc624539f14,BE_TABULA_11,Detached house,1971-1990,TABULA_existing,231ef175659def943b74235aceb0ef9def0e53fc195cdad7a8338fa6b54777e3,rcp_2_6,weather_2050_rcp_2_6_pvgis_2006,pvgis_2006,2006,2849274450,72,central,central,fb59b12e82b041c59cc8a3933745a40e92c5e89aa7df64846e5855fbd3acb00e,2987a546cb3f48253dcdfdc400036a68d1977eddb1012f753e54eca010acedd8,38669e3f0e715d12f919bbd64ba6e09fbb431145f819869ebd01d20e8fde4ed0,4b5b7791539478f9b2562d1b176e235ac7b641e1afdc40c3d5242661d9dbed3d,2ad0e9f7bbdfe12695c931891fd0e8132d060fd7bcbca23623db43d4c7393a5c,561839806dcdb8279ac4e42025bc5a82751f2588a2b2066fa84637918d8e4896
mc_667f50d5e6fed6fc23f48093bd2f5c47919c4a99442f96989f5965a9c9cf8832,BE_TABULA_11,Detached house,1971-1990,TABULA_existing,231ef175659def943b74235aceb0ef9def0e53fc195cdad7a8338fa6b54777e3,rcp_2_6,weather_2050_rcp_2_6_pvgis_2006,pvgis_2006,2006,1707147214,73,central,central,fb59b12e82b041c59cc8a3933745a40e92c5e89aa7df64846e5855fbd3acb00e,2987a546cb3f48253dcdfdc400036a68d1977eddb1012f753e54eca010acedd8,38669e3f0e715d12f919bbd64ba6e09fbb431145f819869ebd01d20e8fde4ed0,4b5b7791539478f9b2562d1b176e235ac7b641e1afdc40c3d5242661d9dbed3d,2ad0e9f7bbdfe12695c931891fd0e8132d060fd7bcbca23623db43d4c7393a5c,561839806dcdb8279ac4e42025bc5a82751f2588a2b2066fa84637918d8e4896
mc_835c22cfd56d7ffb730fc4456227967ae8457e8394fdc6d73d9b4ac02131759c,BE_TABULA_11,Detached house,1971-1990,TABULA_existing,231ef175659def943b74235aceb0ef9def0e53fc195cdad7a8338fa6b54777e3,rcp_2_6,weather_2050_rcp_2_6_pvgis_2006,pvgis_2006,2006,422447889,74,central,central,fb59b12e82b041c59cc8a3933745a40e92c5e89aa7df64846e5855fbd3acb00e,2987a546cb3f48253dcdfdc400036a68d1977eddb1012f753e54eca010acedd8,38669e3f0e715d12f919bbd64ba6e09fbb431145f819869ebd01d20e8fde4ed0,4b5b7791539478f9b2562d1b176e235ac7b641e1afdc40c3d5242661d9dbed3d,2ad0e9f7bbdfe12695c931891fd0e8132d060fd7bcbca23623db43d4c7393a5c,561839806dcdb8279ac4e42025bc5a82751f2588a2b2066fa84637918d8e4896
mc_46fe16c0298343ec344720effe9a269f89fa2b3a407a70015ab1bd6c6dec15b0,BE_TABULA_11,Detached house,1971-1990,TABULA_existing,231ef175659def943b74235aceb0ef9def0e53fc195cdad7a8338fa6b54777e3,rcp_2_6,weather_2050_rcp_2_6_pvgis_2006,pvgis_2006,2006,216697226,75,central,central,fb59b12e82b041c59cc8a3933745a40e92c5e89aa7df64846e5855fbd3acb00e,2987a546cb3f48253dcdfdc400036a68d1977eddb1012f753e54eca010acedd8,38669e3f0e715d12f919bbd64ba6e09fbb431145f819869ebd01d20e8fde4ed0,4b5b7791539478f9b2562d1b176e235ac7b641e1afdc40c3d5242661d9dbed3d,2ad0e9f7bbdfe12695c931891fd0e8132d060fd7bcbca23623db43d4c7393a5c,561839806dcdb8279ac4e42025bc5a82751f2588a2b2066fa84637918d8e4896
mc_2fee7767e53d60ca61e03f8fa9094f9ea8ea4e0b4578e4cb73480c901a203bc4,BE_TABULA_11,Detached house,1971-1990,TABULA_existing,231ef175659def943b74235aceb0ef9def0e53fc195cdad7a8338fa6b54777e3,rcp_2_6,weather_2050_rcp_2_6_pvgis_2006,pvgis_2006,2006,1850706042,76,central,central,fb59b12e82b041c59cc8a3933745a40e92c5e89aa7df64846e5855fbd3acb00e,2987a546cb3f48253dcdfdc400036a68d1977eddb1012f753e54eca010acedd8,38669e3f0e715d12f919bbd64ba6e09fbb431145f819869ebd01d20e8fde4ed0,4b5b7791539478f9b2562d1b176e235ac7b641e1afdc40c3d5242661d9dbed3d,2ad0e9f7bbdfe12695c931891fd0e8132d060fd7bcbca23623db43d4c7393a5c,561839806dcdb8279ac4e42025bc5a82751f2588a2b2066fa84637918d8e4896
mc_ebde2bf3e0d5d208a8ed2773c302ffeb3a69bf10406ab586557d4a24a7821e62,BE_TABULA_11,Detached house,1971-1990,TABULA_existing,231ef175659def943b74235aceb0ef9def0e53fc195cdad7a8338fa6b54777e3,rcp_2_6,weather_2050_rcp_2_6_pvgis_2006,pvgis_2006,2006,2345298607,77,central,central,fb59b12e82b041c59cc8a3933745a40e92c5e89aa7df64846e5855fbd3acb00e,2987a546cb3f48253dcdfdc400036a68d1977eddb1012f753e54eca010acedd8,38669e3f0e715d12f919bbd64ba6e09fbb431145f819869ebd01d20e8fde4ed0,4b5b7791539478f9b2562d1b176e235ac7b641e1afdc40c3d5242661d9dbed3d,2ad0e9f7bbdfe12695c931891fd0e8132d060fd7bcbca23623db43d4c7393a5c,561839806dcdb8279ac4e42025bc5a82751f2588a2b2066fa84637918d8e4896
mc_bf179377ef2245d0b0596e407a46a95593ac1080115d48abc93cae75a051f56b,BE_TABULA_11,Detached house,1971-1990,TABULA_existing,231ef175659def943b74235aceb0ef9def0e53fc195cdad7a8338fa6b54777e3,rcp_2_6,weather_2050_rcp_2_6_pvgis_2006,pvgis_2006,2006,2582489112,78,central,central,fb59b12e82b041c59cc8a3933745a40e92c5e89aa7df64846e5855fbd3acb00e,2987a546cb3f48253dcdfdc400036a68d1977eddb1012f753e54eca010acedd8,38669e3f0e715d12f919bbd64ba6e09fbb431145f819869ebd01d20e8fde4ed0,4b5b7791539478f9b2562d1b176e235ac7b641e1afdc40c3d5242661d9dbed3d,2ad0e9f7bbdfe12695c931891fd0e8132d060fd7bcbca23623db43d4c7393a5c,561839806dcdb8279ac4e42025bc5a82751f2588a2b2066fa84637918d8e4896
mc_2ce9483e5b7838dcce10cdc44a1f1c1a8b9166d0491d409056b9b85f451465e8,BE_TABULA_11,Detached house,1971-1990,TABULA_existing,231ef175659def943b74235aceb0ef9def0e53fc195cdad7a8338fa6b54777e3,rcp_2_6,weather_2050_rcp_2_6_pvgis_2006,pvgis_2006,2006,1092453103,79,central,central,fb59b12e82b041c59cc8a3933745a40e92c5e89aa7df64846e5855fbd3acb00e,2987a546cb3f48253dcdfdc400036a68d1977eddb1012f753e54eca010acedd8,38669e3f0e715d12f919bbd64ba6e09fbb431145f819869ebd01d20e8fde4ed0,4b5b7791539478f9b2562d1b176e235ac7b641e1afdc40c3d5242661d9dbed3d,2ad0e9f7bbdfe12695c931891fd0e8132d060fd7bcbca23623db43d4c7393a5c,561839806dcdb8279ac4e42025bc5a82751f2588a2b2066fa84637918d8e4896
mc_894d292427a2941f3d10b427f1876986eef37d3d0dbda992abd87b05a2da1aca,BE_TABULA_11,Detached house,1971-1990,TABULA_existing,231ef175659def943b74235aceb0ef9def0e53fc195cdad7a8338fa6b54777e3,rcp_2_6,weather_2050_rcp_2_6_pvgis_2006,pvgis_2006,2006,2333746188,80,central,central,fb59b12e82b041c59cc8a3933745a40e92c5e89aa7df64846e5855fbd3acb00e,2987a546cb3f48253dcdfdc400036a68d1977eddb1012f753e54eca010acedd8,38669e3f0e715d12f919bbd64ba6e09fbb431145f819869ebd01d20e8fde4ed0,4b5b7791539478f9b2562d1b176e235ac7b641e1afdc40c3d5242661d9dbed3d,2ad0e9f7bbdfe12695c931891fd0e8132d060fd7bcbca23623db43d4c7393a5c,561839806dcdb8279ac4e42025bc5a82751f2588a2b2066fa84637918d8e4896
mc_8dd9fcaaf16d9bc7ea1963700406a8b7e61541bc470565b4a0fcc5d22c347729,BE_TABULA_13,Terraced house,1971-1990,TABULA_standard_B_proxy,5425e9370287189ca45179f958739e4d1ea29f5439b14d2d1b6a877cf57e26a0,rcp_2_6,weather_2050_rcp_2_6_pvgis_2006,pvgis_2006,2006,1203443498,1,central,central,fb59b12e82b041c59cc8a3933745a40e92c5e89aa7df64846e5855fbd3acb00e,2987a546cb3f48253dcdfdc400036a68d1977eddb1012f753e54eca010acedd8,38669e3f0e715d12f919bbd64ba6e09fbb431145f819869ebd01d20e8fde4ed0,4b5b7791539478f9b2562d1b176e235ac7b641e1afdc40c3d5242661d9dbed3d,2ad0e9f7bbdfe12695c931891fd0e8132d060fd7bcbca23623db43d4c7393a5c,561839806dcdb8279ac4e42025bc5a82751f2588a2b2066fa84637918d8e4896
mc_db4795579461ffbe22e3aca90b838bedac1fb48d953cfb93b2a36a4b93c223c5,BE_TABULA_13,Terraced house,1971-1990,TABULA_standard_B_proxy,5425e9370287189ca45179f958739e4d1ea29f5439b14d2d1b6a877cf57e26a0,rcp_2_6,weather_2050_rcp_2_6_pvgis_2006,pvgis_2006,2006,2404203277,2,central,central,fb59b12e82b041c59cc8a3933745a40e92c5e89aa7df64846e5855fbd3acb00e,2987a546cb3f48253dcdfdc400036a68d1977eddb1012f753e54eca010acedd8,38669e3f0e715d12f919bbd64ba6e09fbb431145f819869ebd01d20e8fde4ed0,4b5b7791539478f9b2562d1b176e235ac7b641e1afdc40c3d5242661d9dbed3d,2ad0e9f7bbdfe12695c931891fd0e8132d060fd7bcbca23623db43d4c7393a5c,561839806dcdb8279ac4e42025bc5a82751f2588a2b2066fa84637918d8e4896
mc_b9cfbf4bd4cb92256547e2ed34c8d3c65f4339cb0a091570f5a06dc4e0dc6b97,BE_TABULA_13,Terraced house,1971-1990,TABULA_standard_B_proxy,5425e9370287189ca45179f958739e4d1ea29f5439b14d2d1b6a877cf57e26a0,rcp_2_6,weather_2050_rcp_2_6_pvgis_2006,pvgis_2006,2006,556301278,3,central,central,fb59b12e82b041c59cc8a3933745a40e92c5e89aa7df64846e5855fbd3acb00e,2987a546cb3f48253dcdfdc400036a68d1977eddb1012f753e54eca010acedd8,38669e3f0e715d12f919bbd64ba6e09fbb431145f819869ebd01d20e8fde4ed0,4b5b7791539478f9b2562d1b176e235ac7b641e1afdc40c3d5242661d9dbed3d,2ad0e9f7bbdfe12695c931891fd0e8132d060fd7bcbca23623db43d4c7393a5c,561839806dcdb8279ac4e42025bc5a82751f2588a2b2066fa84637918d8e4896
mc_8e8ee9a670f3d32b274ae0a226e05815590199999b2a24754196a3ecbc496b48,BE_TABULA_13,Terraced house,1971-1990,TABULA_standard_B_proxy,5425e9370287189ca45179f958739e4d1ea29f5439b14d2d1b6a877cf57e26a0,rcp_2_6,weather_2050_rcp_2_6_pvgis_2006,pvgis_2006,2006,3323552575,4,central,central,fb59b12e82b041c59cc8a3933745a40e92c5e89aa7df64846e5855fbd3acb00e,2987a546cb3f48253dcdfdc400036a68d1977eddb1012f753e54eca010acedd8,38669e3f0e715d12f919bbd64ba6e09fbb431145f819869ebd01d20e8fde4ed0,4b5b7791539478f9b2562d1b176e235ac7b641e1afdc40c3d5242661d9dbed3d,2ad0e9f7bbdfe12695c931891fd0e8132d060fd7bcbca23623db43d4c7393a5c,561839806dcdb8279ac4e42025bc5a82751f2588a2b2066fa84637918d8e4896
mc_794c4e629b3a2f96ae5e303206513dffca738f456eefec077d697acefa3f488a,BE_TABULA_13,Terraced house,1971-1990,TABULA_standard_B_proxy,5425e9370287189ca45179f958739e4d1ea29f5439b14d2d1b6a877cf57e26a0,rcp_2_6,weather_2050_rcp_2_6_pvgis_2006,pvgis_2006,2006,3843248486,5,central,central,fb59b12e82b041c59cc8a3933745a40e92c5e89aa7df64846e5855fbd3acb00e,2987a546cb3f48253dcdfdc400036a68d1977eddb1012f753e54eca010acedd8,38669e3f0e715d12f919bbd64ba6e09fbb431145f819869ebd01d20e8fde4ed0,4b5b7791539478f9b2562d1b176e235ac7b641e1afdc40c3d5242661d9dbed3d,2ad0e9f7bbdfe12695c931891fd0e8132d060fd7bcbca23623db43d4c7393a5c,561839806dcdb8279ac4e42025bc5a82751f2588a2b2066fa84637918d8e4896
mc_b640adc109e09194266c8d4197283b6dbed98b0a5f857b9eee52420f2d05fb7f,BE_TABULA_13,Terraced house,1971-1990,TABULA_standard_B_proxy,5425e9370287189ca45179f958739e4d1ea29f5439b14d2d1b6a877cf57e26a0,rcp_2_6,weather_2050_rcp_2_6_pvgis_2006,pvgis_2006,2006,3312507027,6,central,central,fb59b12e82b041c59cc8a3933745a40e92c5e89aa7df64846e5855fbd3acb00e,2987a546cb3f48253dcdfdc400036a68d1977eddb1012f753e54eca010acedd8,38669e3f0e715d12f919bbd64ba6e09fbb431145f819869ebd01d20e8fde4ed0,4b5b7791539478f9b2562d1b176e235ac7b641e1afdc40c3d5242661d9dbed3d,2ad0e9f7bbdfe12695c931891fd0e8132d060fd7bcbca23623db43d4c7393a5c,561839806dcdb8279ac4e42025bc5a82751f2588a2b2066fa84637918d8e4896
mc_73d7af90f1acd76c28685c8e6bea3fab76bff2bb24f476f329976bbb06690906,BE_TABULA_13,Terraced house,1971-1990,TABULA_standard_B_proxy,5425e9370287189ca45179f958739e4d1ea29f5439b14d2d1b6a877cf57e26a0,rcp_2_6,weather_2050_rcp_2_6_pvgis_2006,pvgis_2006,2006,526650457,7,central,central,fb59b12e82b041c59cc8a3933745a40e92c5e89aa7df64846e5855fbd3acb00e,2987a546cb3f48253dcdfdc400036a68d1977eddb1012f753e54eca010acedd8,38669e3f0e715d12f919bbd64ba6e09fbb431145f819869ebd01d20e8fde4ed0,4b5b7791539478f9b2562d1b176e235ac7b641e1afdc40c3d5242661d9dbed3d,2ad0e9f7bbdfe12695c931891fd0e8132d060fd7bcbca23623db43d4c7393a5c,561839806dcdb8279ac4e42025bc5a82751f2588a2b2066fa84637918d8e4896
mc_40681089093946ae4eed845130639174333f7dc43c9450a11ffb8aafa902c443,BE_TABULA_13,Terraced house,1971-1990,TABULA_standard_B_proxy,5425e9370287189ca45179f958739e4d1ea29f5439b14d2d1b6a877cf57e26a0,rcp_2_6,weather_2050_rcp_2_6_pvgis_2006,pvgis_2006,2006,2006049321,8,central,central,fb59b12e82b041c59cc8a3933745a40e92c5e89aa7df64846e5855fbd3acb00e,2987a546cb3f48253dcdfdc400036a68d1977eddb1012f753e54eca010acedd8,38669e3f0e715d12f919bbd64ba6e09fbb431145f819869ebd01d20e8fde4ed0,4b5b7791539478f9b2562d1b176e235ac7b641e1afdc40c3d5242661d9dbed3d,2ad0e9f7bbdfe12695c931891fd0e8132d060fd7bcbca23623db43d4c7393a5c,561839806dcdb8279ac4e42025bc5a82751f2588a2b2066fa84637918d8e4896
mc_7298351d3a2371df7fe1e6e90b813706c51984dab2e21edbde1e181efae588af,BE_TABULA_13,Terraced house,1971-1990,TABULA_standard_B_proxy,5425e9370287189ca45179f958739e4d1ea29f5439b14d2d1b6a877cf57e26a0,rcp_2_6,weather_2050_rcp_2_6_pvgis_2006,pvgis_2006,2006,3087163335,9,central,central,fb59b12e82b041c59cc8a3933745a40e92c5e89aa7df64846e5855fbd3acb00e,2987a546cb3f48253dcdfdc400036a68d1977eddb1012f753e54eca010acedd8,38669e3f0e715d12f919bbd64ba6e09fbb431145f819869ebd01d20e8fde4ed0,4b5b7791539478f9b2562d1b176e235ac7b641e1afdc40c3d5242661d9dbed3d,2ad0e9f7bbdfe12695c931891fd0e8132d060fd7bcbca23623db43d4c7393a5c,561839806dcdb8279ac4e42025bc5a82751f2588a2b2066fa84637918d8e4896
mc_c6c27260ab2803c3a874d4c4d0ae75318a9df28daed3a3b5f040dea70f07b3ae,BE_TABULA_13,Terraced house,1971-1990,TABULA_standard_B_proxy,5425e9370287189ca45179f958739e4d1ea29f5439b14d2d1b6a877cf57e26a0,rcp_2_6,weather_2050_rcp_2_6_pvgis_2006,pvgis_2006,2006,1341830702,10,central,central,fb59b12e82b041c59cc8a3933745a40e92c5e89aa7df64846e5855fbd3acb00e,2987a546cb3f48253dcdfdc400036a68d1977eddb1012f753e54eca010acedd8,38669e3f0e715d12f919bbd64ba6e09fbb431145f819869ebd01d20e8fde4ed0,4b5b7791539478f9b2562d1b176e235ac7b641e1afdc40c3d5242661d9dbed3d,2ad0e9f7bbdfe12695c931891fd0e8132d060fd7bcbca23623db43d4c7393a5c,561839806dcdb8279ac4e42025bc5a82751f2588a2b2066fa84637918d8e4896
mc_8a6d46b409444f0d10f157cf7c49b8490de2e6d1b6e0406530c552baf270ba48,BE_TABULA_13,Terraced house,1971-1990,TABULA_standard_B_proxy,5425e9370287189ca45179f958739e4d1ea29f5439b14d2d1b6a877cf57e26a0,rcp_2_6,weather_2050_rcp_2_6_pvgis_2006,pvgis_2006,2006,3835840985,11,central,central,fb59b12e82b041c59cc8a3933745a40e92c5e89aa7df64846e5855fbd3acb00e,2987a546cb3f48253dcdfdc400036a68d1977eddb1012f753e54eca010acedd8,38669e3f0e715d12f919bbd64ba6e09fbb431145f819869ebd01d20e8fde4ed0,4b5b7791539478f9b2562d1b176e235ac7b641e1afdc40c3d5242661d9dbed3d,2ad0e9f7bbdfe12695c931891fd0e8132d060fd7bcbca23623db43d4c7393a5c,561839806dcdb8279ac4e42025bc5a82751f2588a2b2066fa84637918d8e4896
mc_c54400c4d656cb8195a9e007fec3156a83b58ba235c18842957ca581e61bc557,BE_TABULA_13,Terraced house,1971-1990,TABULA_standard_B_proxy,5425e9370287189ca45179f958739e4d1ea29f5439b14d2d1b6a877cf57e26a0,rcp_2_6,weather_2050_rcp_2_6_pvgis_2006,pvgis_2006,2006,2527946898,12,central,central,fb59b12e82b041c59cc8a3933745a40e92c5e89aa7df64846e5855fbd3acb00e,2987a546cb3f48253dcdfdc400036a68d1977eddb1012f753e54eca010acedd8,38669e3f0e715d12f919bbd64ba6e09fbb431145f819869ebd01d20e8fde4ed0,4b5b7791539478f9b2562d1b176e235ac7b641e1afdc40c3d5242661d9dbed3d,2ad0e9f7bbdfe12695c931891fd0e8132d060fd7bcbca23623db43d4c7393a5c,561839806dcdb8279ac4e42025bc5a82751f2588a2b2066fa84637918d8e4896
mc_1cac49460e96d9fb816805d889e9cc116144bcf30e438c435da0022f22fbe54d,BE_TABULA_13,Terraced house,1971-1990,TABULA_standard_B_proxy,5425e9370287189ca45179f958739e4d1ea29f5439b14d2d1b6a877cf57e26a0,rcp_2_6,weather_2050_rcp_2_6_pvgis_2006,pvgis_2006,2006,1636053932,13,central,central,fb59b12e82b041c59cc8a3933745a40e92c5e89aa7df64846e5855fbd3acb00e,2987a546cb3f48253dcdfdc400036a68d1977eddb1012f753e54eca010acedd8,38669e3f0e715d12f919bbd64ba6e09fbb431145f819869ebd01d20e8fde4ed0,4b5b7791539478f9b2562d1b176e235ac7b641e1afdc40c3d5242661d9dbed3d,2ad0e9f7bbdfe12695c931891fd0e8132d060fd7bcbca23623db43d4c7393a5c,561839806dcdb8279ac4e42025bc5a82751f2588a2b2066fa84637918d8e4896
mc_0ff89d72aa5d8106f8f90b04ec4f554a8395f33de1993d23e4d736b24a61e132,BE_TABULA_13,Terraced house,1971-1990,TABULA_standard_B_proxy,5425e9370287189ca45179f958739e4d1ea29f5439b14d2d1b6a877cf57e26a0,rcp_2_6,weather_2050_rcp_2_6_pvgis_2006,pvgis_2006,2006,4263654691,14,central,central,fb59b12e82b041c59cc8a3933745a40e92c5e89aa7df64846e5855fbd3acb00e,2987a546cb3f48253dcdfdc400036a68d1977eddb1012f753e54eca010acedd8,38669e3f0e715d12f919bbd64ba6e09fbb431145f819869ebd01d20e8fde4ed0,4b5b7791539478f9b2562d1b176e235ac7b641e1afdc40c3d5242661d9dbed3d,2ad0e9f7bbdfe12695c931891fd0e8132d060fd7bcbca23623db43d4c7393a5c,561839806dcdb8279ac4e42025bc5a82751f2588a2b2066fa84637918d8e4896
mc_8875694dea72b13b6c24ab0ff75bbb7f6c22a101c61aa7358888f6e44d7d6adb,BE_TABULA_13,Terraced house,1971-1990,TABULA_standard_B_proxy,5425e9370287189ca45179f958739e4d1ea29f5439b14d2d1b6a877cf57e26a0,rcp_2_6,weather_2050_rcp_2_6_pvgis_2006,pvgis_2006,2006,2949107545,15,central,central,fb59b12e82b041c59cc8a3933745a40e92c5e89aa7df64846e5855fbd3acb00e,2987a546cb3f48253dcdfdc400036a68d1977eddb1012f753e54eca010acedd8,38669e3f0e715d12f919bbd64ba6e09fbb431145f819869ebd01d20e8fde4ed0,4b5b7791539478f9b2562d1b176e235ac7b641e1afdc40c3d5242661d9dbed3d,2ad0e9f7bbdfe12695c931891fd0e8132d060fd7bcbca23623db43d4c7393a5c,561839806dcdb8279ac4e42025bc5a82751f2588a2b2066fa84637918d8e4896
mc_f82b3d66e0cd478b5170bc83ec42d6bea7641b24fc82d71d3d326d0cef0e54bf,BE_TABULA_13,Terraced house,1971-1990,TABULA_standard_B_proxy,5425e9370287189ca45179f958739e4d1ea29f5439b14d2d1b6a877cf57e26a0,rcp_2_6,weather_2050_rcp_2_6_pvgis_2006,pvgis_2006,2006,74780820,16,central,central,fb59b12e82b041c59cc8a3933745a40e92c5e89aa7df64846e5855fbd3acb00e,2987a546cb3f48253dcdfdc400036a68d1977eddb1012f753e54eca010acedd8,38669e3f0e715d12f919bbd64ba6e09fbb431145f819869ebd01d20e8fde4ed0,4b5b7791539478f9b2562d1b176e235ac7b641e1afdc40c3d5242661d9dbed3d,2ad0e9f7bbdfe12695c931891fd0e8132d060fd7bcbca23623db43d4c7393a5c,561839806dcdb8279ac4e42025bc5a82751f2588a2b2066fa84637918d8e4896
mc_dc3845d09c0fc565b58aa9be12d4e3ad2f3364e9494b1422a62595deb2135cfe,BE_TABULA_13,Terraced house,1971-1990,TABULA_standard_B_proxy,5425e9370287189ca45179f958739e4d1ea29f5439b14d2d1b6a877cf57e26a0,rcp_2_6,weather_2050_rcp_2_6_pvgis_2006,pvgis_2006,2006,4191004058,17,central,central,fb59b12e82b041c59cc8a3933745a40e92c5e89aa7df64846e5855fbd3acb00e,2987a546cb3f48253dcdfdc400036a68d1977eddb1012f753e54eca010acedd8,38669e3f0e715d12f919bbd64ba6e09fbb431145f819869ebd01d20e8fde4ed0,4b5b7791539478f9b2562d1b176e235ac7b641e1afdc40c3d5242661d9dbed3d,2ad0e9f7bbdfe12695c931891fd0e8132d060fd7bcbca23623db43d4c7393a5c,561839806dcdb8279ac4e42025bc5a82751f2588a2b2066fa84637918d8e4896
mc_516360df7a7c1ce2b7ac62aeb188d2c3f6de58798a05614b83418a22c6221ac0,BE_TABULA_13,Terraced house,1971-1990,TABULA_standard_B_proxy,5425e9370287189ca45179f958739e4d1ea29f5439b14d2d1b6a877cf57e26a0,rcp_2_6,weather_2050_rcp_2_6_pvgis_2006,pvgis_2006,2006,406410021,18,central,central,fb59b12e82b041c59cc8a3933745a40e92c5e89aa7df64846e5855fbd3acb00e,2987a546cb3f48253dcdfdc400036a68d1977eddb1012f753e54eca010acedd8,38669e3f0e715d12f919bbd64ba6e09fbb431145f819869ebd01d20e8fde4ed0,4b5b7791539478f9b2562d1b176e235ac7b641e1afdc40c3d5242661d9dbed3d,2ad0e9f7bbdfe12695c931891fd0e8132d060fd7bcbca23623db43d4c7393a5c,561839806dcdb8279ac4e42025bc5a82751f2588a2b2066fa84637918d8e4896
mc_a75f3417f85d136a6e2d4910340e922aeec6bbd7a393fc1c707707dcee6066a0,BE_TABULA_13,Terraced house,1971-1990,TABULA_standard_B_proxy,5425e9370287189ca45179f958739e4d1ea29f5439b14d2d1b6a877cf57e26a0,rcp_2_6,weather_2050_rcp_2_6_pvgis_2006,pvgis_2006,2006,4239089345,19,central,central,fb59b12e82b041c59cc8a3933745a40e92c5e89aa7df64846e5855fbd3acb00e,2987a546cb3f48253dcdfdc400036a68d1977eddb1012f753e54eca010acedd8,38669e3f0e715d12f919bbd64ba6e09fbb431145f819869ebd01d20e8fde4ed0,4b5b7791539478f9b2562d1b176e235ac7b641e1afdc40c3d5242661d9dbed3d,2ad0e9f7bbdfe12695c931891fd0e8132d060fd7bcbca23623db43d4c7393a5c,561839806dcdb8279ac4e42025bc5a82751f2588a2b2066fa84637918d8e4896
mc_4cb6ebd17a595379c05d894fa811082b8383dff1a26dc2a8f6d07c4a52561ddc,BE_TABULA_13,Terraced house,1971-1990,TABULA_standard_B_proxy,5425e9370287189ca45179f958739e4d1ea29f5439b14d2d1b6a877cf57e26a0,rcp_2_6,weather_2050_rcp_2_6_pvgis_2006,pvgis_2006,2006,4121713922,20,central,central,fb59b12e82b041c59cc8a3933745a40e92c5e89aa7df64846e5855fbd3acb00e,2987a546cb3f48253dcdfdc400036a68d1977eddb1012f753e54eca010acedd8,38669e3f0e715d12f919bbd64ba6e09fbb431145f819869ebd01d20e8fde4ed0,4b5b7791539478f9b2562d1b176e235ac7b641e1afdc40c3d5242661d9dbed3d,2ad0e9f7bbdfe12695c931891fd0e8132d060fd7bcbca23623db43d4c7393a5c,561839806dcdb8279ac4e42025bc5a82751f2588a2b2066fa84637918d8e4896
mc_0145a4d43719a7bda627ce870cd77c8d1ec00d3dd1bcca932dbde89b9c7e70f5,BE_TABULA_13,Terraced house,1971-1990,TABULA_standard_B_proxy,5425e9370287189ca45179f958739e4d1ea29f5439b14d2d1b6a877cf57e26a0,rcp_2_6,weather_2050_rcp_2_6_pvgis_2006,pvgis_2006,2006,528153456,21,central,central,fb59b12e82b041c59cc8a3933745a40e92c5e89aa7df64846e5855fbd3acb00e,2987a546cb3f48253dcdfdc400036a68d1977eddb1012f753e54eca010acedd8,38669e3f0e715d12f919bbd64ba6e09fbb431145f819869ebd01d20e8fde4ed0,4b5b7791539478f9b2562d1b176e235ac7b641e1afdc40c3d5242661d9dbed3d,2ad0e9f7bbdfe12695c931891fd0e8132d060fd7bcbca23623db43d4c7393a5c,561839806dcdb8279ac4e42025bc5a82751f2588a2b2066fa84637918d8e4896
mc_76fc64e47da5fede2e288d5381943f7c07b7d4318d7bc68e07d7f6cabedc7332,BE_TABULA_13,Terraced house,1971-1990,TABULA_standard_B_proxy,5425e9370287189ca45179f958739e4d1ea29f5439b14d2d1b6a877cf57e26a0,rcp_2_6,weather_2050_rcp_2_6_pvgis_2006,pvgis_2006,2006,1536553193,22,central,central,fb59b12e82b041c59cc8a3933745a40e92c5e89aa7df64846e5855fbd3acb00e,2987a546cb3f48253dcdfdc400036a68d1977eddb1012f753e54eca010acedd8,38669e3f0e715d12f919bbd64ba6e09fbb431145f819869ebd01d20e8fde4ed0,4b5b7791539478f9b2562d1b176e235ac7b641e1afdc40c3d5242661d9dbed3d,2ad0e9f7bbdfe12695c931891fd0e8132d060fd7bcbca23623db43d4c7393a5c,561839806dcdb8279ac4e42025bc5a82751f2588a2b2066fa84637918d8e4896
mc_c77bf3cc97e52fac970ce2a6aa8a61530db78338f5ada982b94139f7bd88f0b2,BE_TABULA_13,Terraced house,1971-1990,TABULA_standard_B_proxy,5425e9370287189ca45179f958739e4d1ea29f5439b14d2d1b6a877cf57e26a0,rcp_2_6,weather_2050_rcp_2_6_pvgis_2006,pvgis_2006,2006,2701107225,23,central,central,fb59b12e82b041c59cc8a3933745a40e92c5e89aa7df64846e5855fbd3acb00e,2987a546cb3f48253dcdfdc400036a68d1977eddb1012f753e54eca010acedd8,38669e3f0e715d12f919bbd64ba6e09fbb431145f819869ebd01d20e8fde4ed0,4b5b7791539478f9b2562d1b176e235ac7b641e1afdc40c3d5242661d9dbed3d,2ad0e9f7bbdfe12695c931891fd0e8132d060fd7bcbca23623db43d4c7393a5c,561839806dcdb8279ac4e42025bc5a82751f2588a2b2066fa84637918d8e4896
mc_6f9921c900a14752bd691896c92b7f8a112b0965bf12267a93269e366f797908,BE_TABULA_13,Terraced house,1971-1990,TABULA_standard_B_proxy,5425e9370287189ca45179f958739e4d1ea29f5439b14d2d1b6a877cf57e26a0,rcp_2_6,weather_2050_rcp_2_6_pvgis_2006,pvgis_2006,2006,460941366,24,central,central,fb59b12e82b041c59cc8a3933745a40e92c5e89aa7df64846e5855fbd3acb00e,2987a546cb3f48253dcdfdc400036a68d1977eddb1012f753e54eca010acedd8,38669e3f0e715d12f919bbd64ba6e09fbb431145f819869ebd01d20e8fde4ed0,4b5b7791539478f9b2562d1b176e235ac7b641e1afdc40c3d5242661d9dbed3d,2ad0e9f7bbdfe12695c931891fd0e8132d060fd7bcbca23623db43d4c7393a5c,561839806dcdb8279ac4e42025bc5a82751f2588a2b2066fa84637918d8e4896
mc_cc93eec7c936e157908e06d67b8ac9de0780bf29bc159971b31437e78b1a0377,BE_TABULA_13,Terraced house,1971-1990,TABULA_standard_B_proxy,5425e9370287189ca45179f958739e4d1ea29f5439b14d2d1b6a877cf57e26a0,rcp_2_6,weather_2050_rcp_2_6_pvgis_2006,pvgis_2006,2006,2869373249,25,central,central,fb59b12e82b041c59cc8a3933745a40e92c5e89aa7df64846e5855fbd3acb00e,2987a546cb3f48253dcdfdc400036a68d1977eddb1012f753e54eca010acedd8,38669e3f0e715d12f919bbd64ba6e09fbb431145f819869ebd01d20e8fde4ed0,4b5b7791539478f9b2562d1b176e235ac7b641e1afdc40c3d5242661d9dbed3d,2ad0e9f7bbdfe12695c931891fd0e8132d060fd7bcbca23623db43d4c7393a5c,561839806dcdb8279ac4e42025bc5a82751f2588a2b2066fa84637918d8e4896
mc_532a212097eeabefef3e740184881d668bfffd165c7efb1c40e3518946820bb7,BE_TABULA_13,Terraced house,1971-1990,TABULA_standard_B_proxy,5425e9370287189ca45179f958739e4d1ea29f5439b14d2d1b6a877cf57e26a0,rcp_2_6,weather_2050_rcp_2_6_pvgis_2006,pvgis_2006,2006,2053834706,26,central,central,fb59b12e82b041c59cc8a3933745a40e92c5e89aa7df64846e5855fbd3acb00e,2987a546cb3f48253dcdfdc400036a68d1977eddb1012f753e54eca010acedd8,38669e3f0e715d12f919bbd64ba6e09fbb431145f819869ebd01d20e8fde4ed0,4b5b7791539478f9b2562d1b176e235ac7b641e1afdc40c3d5242661d9dbed3d,2ad0e9f7bbdfe12695c931891fd0e8132d060fd7bcbca23623db43d4c7393a5c,561839806dcdb8279ac4e42025bc5a82751f2588a2b2066fa84637918d8e4896
mc_064990b85483a4776ec71a198c1fd69a5ea0b72eee3666598c1d1c5eba98138e,BE_TABULA_13,Terraced house,1971-1990,TABULA_standard_B_proxy,5425e9370287189ca45179f958739e4d1ea29f5439b14d2d1b6a877cf57e26a0,rcp_2_6,weather_2050_rcp_2_6_pvgis_2006,pvgis_2006,2006,3560160567,27,central,central,fb59b12e82b041c59cc8a3933745a40e92c5e89aa7df64846e5855fbd3acb00e,2987a546cb3f48253dcdfdc400036a68d1977eddb1012f753e54eca010acedd8,38669e3f0e715d12f919bbd64ba6e09fbb431145f819869ebd01d20e8fde4ed0,4b5b7791539478f9b2562d1b176e235ac7b641e1afdc40c3d5242661d9dbed3d,2ad0e9f7bbdfe12695c931891fd0e8132d060fd7bcbca23623db43d4c7393a5c,561839806dcdb8279ac4e42025bc5a82751f2588a2b2066fa84637918d8e4896
mc_62bffa4fbe373d4fab805f0c348263748fea3a95c20f8be80f9632cfb2f398b3,BE_TABULA_13,Terraced house,1971-1990,TABULA_standard_B_proxy,5425e9370287189ca45179f958739e4d1ea29f5439b14d2d1b6a877cf57e26a0,rcp_2_6,weather_2050_rcp_2_6_pvgis_2006,pvgis_2006,2006,3815772485,28,central,central,fb59b12e82b041c59cc8a3933745a40e92c5e89aa7df64846e5855fbd3acb00e,2987a546cb3f48253dcdfdc400036a68d1977eddb1012f753e54eca010acedd8,38669e3f0e715d12f919bbd64ba6e09fbb431145f819869ebd01d20e8fde4ed0,4b5b7791539478f9b2562d1b176e235ac7b641e1afdc40c3d5242661d9dbed3d,2ad0e9f7bbdfe12695c931891fd0e8132d060fd7bcbca23623db43d4c7393a5c,561839806dcdb8279ac4e42025bc5a82751f2588a2b2066fa84637918d8e4896
mc_012fbaddee4fa038896e84a919f4ae5cc7975c0b00dccb14c43014d121d3848f,BE_TABULA_13,Terraced house,1971-1990,TABULA_standard_B_proxy,5425e9370287189ca45179f958739e4d1ea29f5439b14d2d1b6a877cf57e26a0,rcp_2_6,weather_2050_rcp_2_6_pvgis_2006,pvgis_2006,2006,1523204169,29,central,central,fb59b12e82b041c59cc8a3933745a40e92c5e89aa7df64846e5855fbd3acb00e,2987a546cb3f48253dcdfdc400036a68d1977eddb1012f753e54eca010acedd8,38669e3f0e715d12f919bbd64ba6e09fbb431145f819869ebd01d20e8fde4ed0,4b5b7791539478f9b2562d1b176e235ac7b641e1afdc40c3d5242661d9dbed3d,2ad0e9f7bbdfe12695c931891fd0e8132d060fd7bcbca23623db43d4c7393a5c,561839806dcdb8279ac4e42025bc5a82751f2588a2b2066fa84637918d8e4896
mc_a58311ed0cf531aad21c84254d7c4bcd0766d532618ca1410134abbda7332e8f,BE_TABULA_13,Terraced house,1971-1990,TABULA_standard_B_proxy,5425e9370287189ca45179f958739e4d1ea29f5439b14d2d1b6a877cf57e26a0,rcp_2_6,weather_2050_rcp_2_6_pvgis_2006,pvgis_2006,2006,3168655264,30,central,central,fb59b12e82b041c59cc8a3933745a40e92c5e89aa7df64846e5855fbd3acb00e,2987a546cb3f48253dcdfdc400036a68d1977eddb1012f753e54eca010acedd8,38669e3f0e715d12f919bbd64ba6e09fbb431145f819869ebd01d20e8fde4ed0,4b5b7791539478f9b2562d1b176e235ac7b641e1afdc40c3d5242661d9dbed3d,2ad0e9f7bbdfe12695c931891fd0e8132d060fd7bcbca23623db43d4c7393a5c,561839806dcdb8279ac4e42025bc5a82751f2588a2b2066fa84637918d8e4896
mc_2ff6e326dbeda666ec71675064eb633cd2af127932ed6f2bc0b71fd3da4936c9,BE_TABULA_13,Terraced house,1971-1990,TABULA_standard_B_proxy,5425e9370287189ca45179f958739e4d1ea29f5439b14d2d1b6a877cf57e26a0,rcp_2_6,weather_2050_rcp_2_6_pvgis_2006,pvgis_2006,2006,871166546,31,central,central,fb59b12e82b041c59cc8a3933745a40e92c5e89aa7df64846e5855fbd3acb00e,2987a546cb3f48253dcdfdc400036a68d1977eddb1012f753e54eca010acedd8,38669e3f0e715d12f919bbd64ba6e09fbb431145f819869ebd01d20e8fde4ed0,4b5b7791539478f9b2562d1b176e235ac7b641e1afdc40c3d5242661d9dbed3d,2ad0e9f7bbdfe12695c931891fd0e8132d060fd7bcbca23623db43d4c7393a5c,561839806dcdb8279ac4e42025bc5a82751f2588a2b2066fa84637918d8e4896
mc_980709b5982f978da87d7edd07120df1ad3aa542c998955a4d95287e94cc4370,BE_TABULA_13,Terraced house,1971-1990,TABULA_standard_B_proxy,5425e9370287189ca45179f958739e4d1ea29f5439b14d2d1b6a877cf57e26a0,rcp_2_6,weather_2050_rcp_2_6_pvgis_2006,pvgis_2006,2006,2626399861,32,central,central,fb59b12e82b041c59cc8a3933745a40e92c5e89aa7df64846e5855fbd3acb00e,2987a546cb3f48253dcdfdc400036a68d1977eddb1012f753e54eca010acedd8,38669e3f0e715d12f919bbd64ba6e09fbb431145f819869ebd01d20e8fde4ed0,4b5b7791539478f9b2562d1b176e235ac7b641e1afdc40c3d5242661d9dbed3d,2ad0e9f7bbdfe12695c931891fd0e8132d060fd7bcbca23623db43d4c7393a5c,561839806dcdb8279ac4e42025bc5a82751f2588a2b2066fa84637918d8e4896
mc_bbdf08bc69920c93c1840555c5d53ada965c167a5a91716e159fbaad5704f060,BE_TABULA_13,Terraced house,1971-1990,TABULA_standard_B_proxy,5425e9370287189ca45179f958739e4d1ea29f5439b14d2d1b6a877cf57e26a0,rcp_2_6,weather_2050_rcp_2_6_pvgis_2006,pvgis_2006,2006,1170469307,33,central,central,fb59b12e82b041c59cc8a3933745a40e92c5e89aa7df64846e5855fbd3acb00e,2987a546cb3f48253dcdfdc400036a68d1977eddb1012f753e54eca010acedd8,38669e3f0e715d12f919bbd64ba6e09fbb431145f819869ebd01d20e8fde4ed0,4b5b7791539478f9b2562d1b176e235ac7b641e1afdc40c3d5242661d9dbed3d,2ad0e9f7bbdfe12695c931891fd0e8132d060fd7bcbca23623db43d4c7393a5c,561839806dcdb8279ac4e42025bc5a82751f2588a2b2066fa84637918d8e4896
mc_e9af34d5e948e6141a773aa86bbe8d544facdf2bf95b5fe142f96c02f039aaa8,BE_TABULA_13,Terraced house,1971-1990,TABULA_standard_B_proxy,5425e9370287189ca45179f958739e4d1ea29f5439b14d2d1b6a877cf57e26a0,rcp_2_6,weather_2050_rcp_2_6_pvgis_2006,pvgis_2006,2006,1630191912,34,central,central,fb59b12e82b041c59cc8a3933745a40e92c5e89aa7df64846e5855fbd3acb00e,2987a546cb3f48253dcdfdc400036a68d1977eddb1012f753e54eca010acedd8,38669e3f0e715d12f919bbd64ba6e09fbb431145f819869ebd01d20e8fde4ed0,4b5b7791539478f9b2562d1b176e235ac7b641e1afdc40c3d5242661d9dbed3d,2ad0e9f7bbdfe12695c931891fd0e8132d060fd7bcbca23623db43d4c7393a5c,561839806dcdb8279ac4e42025bc5a82751f2588a2b2066fa84637918d8e4896
mc_e2384ebaa670ce82832d8e6606cec53d207dd7cdd4bf5e39362a9d8accaf5f9d,BE_TABULA_13,Terraced house,1971-1990,TABULA_standard_B_proxy,5425e9370287189ca45179f958739e4d1ea29f5439b14d2d1b6a877cf57e26a0,rcp_2_6,weather_2050_rcp_2_6_pvgis_2006,pvgis_2006,2006,2418138936,35,central,central,fb59b12e82b041c59cc8a3933745a40e92c5e89aa7df64846e5855fbd3acb00e,2987a546cb3f48253dcdfdc400036a68d1977eddb1012f753e54eca010acedd8,38669e3f0e715d12f919bbd64ba6e09fbb431145f819869ebd01d20e8fde4ed0,4b5b7791539478f9b2562d1b176e235ac7b641e1afdc40c3d5242661d9dbed3d,2ad0e9f7bbdfe12695c931891fd0e8132d060fd7bcbca23623db43d4c7393a5c,561839806dcdb8279ac4e42025bc5a82751f2588a2b2066fa84637918d8e4896
mc_651f1069801d6934f2ad0dd0ef337958d25e60180728a1394a2b824473fe64b9,BE_TABULA_13,Terraced house,1971-1990,TABULA_standard_B_proxy,5425e9370287189ca45179f958739e4d1ea29f5439b14d2d1b6a877cf57e26a0,rcp_2_6,weather_2050_rcp_2_6_pvgis_2006,pvgis_2006,2006,4284547342,36,central,central,fb59b12e82b041c59cc8a3933745a40e92c5e89aa7df64846e5855fbd3acb00e,2987a546cb3f48253dcdfdc400036a68d1977eddb1012f753e54eca010acedd8,38669e3f0e715d12f919bbd64ba6e09fbb431145f819869ebd01d20e8fde4ed0,4b5b7791539478f9b2562d1b176e235ac7b641e1afdc40c3d5242661d9dbed3d,2ad0e9f7bbdfe12695c931891fd0e8132d060fd7bcbca23623db43d4c7393a5c,561839806dcdb8279ac4e42025bc5a82751f2588a2b2066fa84637918d8e4896
mc_44010dc55e392bfd82d13bc8778e298ddb2c1c1b90d6f2ca0ab8b5299b0ed606,BE_TABULA_13,Terraced house,1971-1990,TABULA_standard_B_proxy,5425e9370287189ca45179f958739e4d1ea29f5439b14d2d1b6a877cf57e26a0,rcp_2_6,weather_2050_rcp_2_6_pvgis_2006,pvgis_2006,2006,2078907488,37,central,central,fb59b12e82b041c59cc8a3933745a40e92c5e89aa7df64846e5855fbd3acb00e,2987a546cb3f48253dcdfdc400036a68d1977eddb1012f753e54eca010acedd8,38669e3f0e715d12f919bbd64ba6e09fbb431145f819869ebd01d20e8fde4ed0,4b5b7791539478f9b2562d1b176e235ac7b641e1afdc40c3d5242661d9dbed3d,2ad0e9f7bbdfe12695c931891fd0e8132d060fd7bcbca23623db43d4c7393a5c,561839806dcdb8279ac4e42025bc5a82751f2588a2b2066fa84637918d8e4896
mc_a0a06ddf73527b99ef70d21d5cdf9c92b9a0e35e18ec53bd542898f8664071db,BE_TABULA_13,Terraced house,1971-1990,TABULA_standard_B_proxy,5425e9370287189ca45179f958739e4d1ea29f5439b14d2d1b6a877cf57e26a0,rcp_2_6,weather_2050_rcp_2_6_pvgis_2006,pvgis_2006,2006,1049765411,38,central,central,fb59b12e82b041c59cc8a3933745a40e92c5e89aa7df64846e5855fbd3acb00e,2987a546cb3f48253dcdfdc400036a68d1977eddb1012f753e54eca010acedd8,38669e3f0e715d12f919bbd64ba6e09fbb431145f819869ebd01d20e8fde4ed0,4b5b7791539478f9b2562d1b176e235ac7b641e1afdc40c3d5242661d9dbed3d,2ad0e9f7bbdfe12695c931891fd0e8132d060fd7bcbca23623db43d4c7393a5c,561839806dcdb8279ac4e42025bc5a82751f2588a2b2066fa84637918d8e4896
mc_8bafe6f43eed1dd3c07ca1ce84137803098b3ba9e7a4a3d6709e0284652188eb,BE_TABULA_13,Terraced house,1971-1990,TABULA_standard_B_proxy,5425e9370287189ca45179f958739e4d1ea29f5439b14d2d1b6a877cf57e26a0,rcp_2_6,weather_2050_rcp_2_6_pvgis_2006,pvgis_2006,2006,179219561,39,central,central,fb59b12e82b041c59cc8a3933745a40e92c5e89aa7df64846e5855fbd3acb00e,2987a546cb3f48253dcdfdc400036a68d1977eddb1012f753e54eca010acedd8,38669e3f0e715d12f919bbd64ba6e09fbb431145f819869ebd01d20e8fde4ed0,4b5b7791539478f9b2562d1b176e235ac7b641e1afdc40c3d5242661d9dbed3d,2ad0e9f7bbdfe12695c931891fd0e8132d060fd7bcbca23623db43d4c7393a5c,561839806dcdb8279ac4e42025bc5a82751f2588a2b2066fa84637918d8e4896
mc_6535ab575d3f8a623c58fdf4f1c5775c30cc35779fec3ccb62e2380d737d1df8,BE_TABULA_13,Terraced house,1971-1990,TABULA_standard_B_proxy,5425e9370287189ca45179f958739e4d1ea29f5439b14d2d1b6a877cf57e26a0,rcp_2_6,weather_2050_rcp_2_6_pvgis_2006,pvgis_2006,2006,1182233951,40,central,central,fb59b12e82b041c59cc8a3933745a40e92c5e89aa7df64846e5855fbd3acb00e,2987a546cb3f48253dcdfdc400036a68d1977eddb1012f753e54eca010acedd8,38669e3f0e715d12f919bbd64ba6e09fbb431145f819869ebd01d20e8fde4ed0,4b5b7791539478f9b2562d1b176e235ac7b641e1afdc40c3d5242661d9dbed3d,2ad0e9f7bbdfe12695c931891fd0e8132d060fd7bcbca23623db43d4c7393a5c,561839806dcdb8279ac4e42025bc5a82751f2588a2b2066fa84637918d8e4896
mc_aba1c3923b54c717b06d851dd66486aa1b9787fcb99d58fd024aa138de39e346,BE_TABULA_13,Terraced house,1971-1990,TABULA_standard_B_proxy,5425e9370287189ca45179f958739e4d1ea29f5439b14d2d1b6a877cf57e26a0,rcp_2_6,weather_2050_rcp_2_6_pvgis_2006,pvgis_2006,2006,2553148887,41,central,central,fb59b12e82b041c59cc8a3933745a40e92c5e89aa7df64846e5855fbd3acb00e,2987a546cb3f48253dcdfdc400036a68d1977eddb1012f753e54eca010acedd8,38669e3f0e715d12f919bbd64ba6e09fbb431145f819869ebd01d20e8fde4ed0,4b5b7791539478f9b2562d1b176e235ac7b641e1afdc40c3d5242661d9dbed3d,2ad0e9f7bbdfe12695c931891fd0e8132d060fd7bcbca23623db43d4c7393a5c,561839806dcdb8279ac4e42025bc5a82751f2588a2b2066fa84637918d8e4896
mc_00e8976f30ac29f9f48dc05f74239568e3ac8fa08f6f64991c1d42e4dd7e9720,BE_TABULA_13,Terraced house,1971-1990,TABULA_standard_B_proxy,5425e9370287189ca45179f958739e4d1ea29f5439b14d2d1b6a877cf57e26a0,rcp_2_6,weather_2050_rcp_2_6_pvgis_2006,pvgis_2006,2006,3936058544,42,central,central,fb59b12e82b041c59cc8a3933745a40e92c5e89aa7df64846e5855fbd3acb00e,2987a546cb3f48253dcdfdc400036a68d1977eddb1012f753e54eca010acedd8,38669e3f0e715d12f919bbd64ba6e09fbb431145f819869ebd01d20e8fde4ed0,4b5b7791539478f9b2562d1b176e235ac7b641e1afdc40c3d5242661d9dbed3d,2ad0e9f7bbdfe12695c931891fd0e8132d060fd7bcbca23623db43d4c7393a5c,561839806dcdb8279ac4e42025bc5a82751f2588a2b2066fa84637918d8e4896
mc_abda7fea10cce7fed702dd96c718768b344fbac68ecb673c4e41dd20deb21340,BE_TABULA_13,Terraced house,1971-1990,TABULA_standard_B_proxy,5425e9370287189ca45179f958739e4d1ea29f5439b14d2d1b6a877cf57e26a0,rcp_2_6,weather_2050_rcp_2_6_pvgis_2006,pvgis_2006,2006,3672343387,43,central,central,fb59b12e82b041c59cc8a3933745a40e92c5e89aa7df64846e5855fbd3acb00e,2987a546cb3f48253dcdfdc400036a68d1977eddb1012f753e54eca010acedd8,38669e3f0e715d12f919bbd64ba6e09fbb431145f819869ebd01d20e8fde4ed0,4b5b7791539478f9b2562d1b176e235ac7b641e1afdc40c3d5242661d9dbed3d,2ad0e9f7bbdfe12695c931891fd0e8132d060fd7bcbca23623db43d4c7393a5c,561839806dcdb8279ac4e42025bc5a82751f2588a2b2066fa84637918d8e4896
mc_d049465f366baa59f630d7ff44c6e6be0439a48ee414019fd6a4ac04b09c415f,BE_TABULA_13,Terraced house,1971-1990,TABULA_standard_B_proxy,5425e9370287189ca45179f958739e4d1ea29f5439b14d2d1b6a877cf57e26a0,rcp_2_6,weather_2050_rcp_2_6_pvgis_2006,pvgis_2006,2006,1536720057,44,central,central,fb59b12e82b041c59cc8a3933745a40e92c5e89aa7df64846e5855fbd3acb00e,2987a546cb3f48253dcdfdc400036a68d1977eddb1012f753e54eca010acedd8,38669e3f0e715d12f919bbd64ba6e09fbb431145f819869ebd01d20e8fde4ed0,4b5b7791539478f9b2562d1b176e235ac7b641e1afdc40c3d5242661d9dbed3d,2ad0e9f7bbdfe12695c931891fd0e8132d060fd7bcbca23623db43d4c7393a5c,561839806dcdb8279ac4e42025bc5a82751f2588a2b2066fa84637918d8e4896
mc_f59527c80a695437e5a42db9ec2c046e2ac073212eba3dad8d1d4456648a6837,BE_TABULA_13,Terraced house,1971-1990,TABULA_standard_B_proxy,5425e9370287189ca45179f958739e4d1ea29f5439b14d2d1b6a877cf57e26a0,rcp_2_6,weather_2050_rcp_2_6_pvgis_2006,pvgis_2006,2006,1105527356,45,central,central,fb59b12e82b041c59cc8a3933745a40e92c5e89aa7df64846e5855fbd3acb00e,2987a546cb3f48253dcdfdc400036a68d1977eddb1012f753e54eca010acedd8,38669e3f0e715d12f919bbd64ba6e09fbb431145f819869ebd01d20e8fde4ed0,4b5b7791539478f9b2562d1b176e235ac7b641e1afdc40c3d5242661d9dbed3d,2ad0e9f7bbdfe12695c931891fd0e8132d060fd7bcbca23623db43d4c7393a5c,561839806dcdb8279ac4e42025bc5a82751f2588a2b2066fa84637918d8e4896
mc_f36c9b6a3ffb46fe75b154c96ff251e9928e0bd60c11d1205b47f594c72995a5,BE_TABULA_13,Terraced house,1971-1990,TABULA_standard_B_proxy,5425e9370287189ca45179f958739e4d1ea29f5439b14d2d1b6a877cf57e26a0,rcp_2_6,weather_2050_rcp_2_6_pvgis_2006,pvgis_2006,2006,2803026148,46,central,central,fb59b12e82b041c59cc8a3933745a40e92c5e89aa7df64846e5855fbd3acb00e,2987a546cb3f48253dcdfdc400036a68d1977eddb1012f753e54eca010acedd8,38669e3f0e715d12f919bbd64ba6e09fbb431145f819869ebd01d20e8fde4ed0,4b5b7791539478f9b2562d1b176e235ac7b641e1afdc40c3d5242661d9dbed3d,2ad0e9f7bbdfe12695c931891fd0e8132d060fd7bcbca23623db43d4c7393a5c,561839806dcdb8279ac4e42025bc5a82751f2588a2b2066fa84637918d8e4896
mc_2f40c4880837e68ec14a34ceb0817cfba499609dc65d8ace2cfefd07556afd52,BE_TABULA_13,Terraced house,1971-1990,TABULA_standard_B_proxy,5425e9370287189ca45179f958739e4d1ea29f5439b14d2d1b6a877cf57e26a0,rcp_2_6,weather_2050_rcp_2_6_pvgis_2006,pvgis_2006,2006,2970899734,47,central,central,fb59b12e82b041c59cc8a3933745a40e92c5e89aa7df64846e5855fbd3acb00e,2987a546cb3f48253dcdfdc400036a68d1977eddb1012f753e54eca010acedd8,38669e3f0e715d12f919bbd64ba6e09fbb431145f819869ebd01d20e8fde4ed0,4b5b7791539478f9b2562d1b176e235ac7b641e1afdc40c3d5242661d9dbed3d,2ad0e9f7bbdfe12695c931891fd0e8132d060fd7bcbca23623db43d4c7393a5c,561839806dcdb8279ac4e42025bc5a82751f2588a2b2066fa84637918d8e4896
mc_f4df695eeea9b0d0b34f282b7b2aef7f3a5d1ce05d60cf082b0f4a993bf6ea65,BE_TABULA_13,Terraced house,1971-1990,TABULA_standard_B_proxy,5425e9370287189ca45179f958739e4d1ea29f5439b14d2d1b6a877cf57e26a0,rcp_2_6,weather_2050_rcp_2_6_pvgis_2006,pvgis_2006,2006,387036528,48,central,central,fb59b12e82b041c59cc8a3933745a40e92c5e89aa7df64846e5855fbd3acb00e,2987a546cb3f48253dcdfdc400036a68d1977eddb1012f753e54eca010acedd8,38669e3f0e715d12f919bbd64ba6e09fbb431145f819869ebd01d20e8fde4ed0,4b5b7791539478f9b2562d1b176e235ac7b641e1afdc40c3d5242661d9dbed3d,2ad0e9f7bbdfe12695c931891fd0e8132d060fd7bcbca23623db43d4c7393a5c,561839806dcdb8279ac4e42025bc5a82751f2588a2b2066fa84637918d8e4896
mc_8e58887e41392e8eb7fcbd2a7cccb8af8f36e6ba866982e72cc8d0484d7afe12,BE_TABULA_13,Terraced house,1971-1990,TABULA_standard_B_proxy,5425e9370287189ca45179f958739e4d1ea29f5439b14d2d1b6a877cf57e26a0,rcp_2_6,weather_2050_rcp_2_6_pvgis_2006,pvgis_2006,2006,247910426,49,central,central,fb59b12e82b041c59cc8a3933745a40e92c5e89aa7df64846e5855fbd3acb00e,2987a546cb3f48253dcdfdc400036a68d1977eddb1012f753e54eca010acedd8,38669e3f0e715d12f919bbd64ba6e09fbb431145f819869ebd01d20e8fde4ed0,4b5b7791539478f9b2562d1b176e235ac7b641e1afdc40c3d5242661d9dbed3d,2ad0e9f7bbdfe12695c931891fd0e8132d060fd7bcbca23623db43d4c7393a5c,561839806dcdb8279ac4e42025bc5a82751f2588a2b2066fa84637918d8e4896
mc_e8e8ed7f844cde983425852d8c78040a70108e17516bc96c8df586955a02f25b,BE_TABULA_13,Terraced house,1971-1990,TABULA_standard_B_proxy,5425e9370287189ca45179f958739e4d1ea29f5439b14d2d1b6a877cf57e26a0,rcp_2_6,weather_2050_rcp_2_6_pvgis_2006,pvgis_2006,2006,2703791916,50,central,central,fb59b12e82b041c59cc8a3933745a40e92c5e89aa7df64846e5855fbd3acb00e,2987a546cb3f48253dcdfdc400036a68d1977eddb1012f753e54eca010acedd8,38669e3f0e715d12f919bbd64ba6e09fbb431145f819869ebd01d20e8fde4ed0,4b5b7791539478f9b2562d1b176e235ac7b641e1afdc40c3d5242661d9dbed3d,2ad0e9f7bbdfe12695c931891fd0e8132d060fd7bcbca23623db43d4c7393a5c,561839806dcdb8279ac4e42025bc5a82751f2588a2b2066fa84637918d8e4896
mc_2ba70a84fa2b362e733ecdabd7cb23819f1b9afab372cc86f5546da6ee76ada7,BE_TABULA_13,Terraced house,1971-1990,TABULA_standard_B_proxy,5425e9370287189ca45179f958739e4d1ea29f5439b14d2d1b6a877cf57e26a0,rcp_2_6,weather_2050_rcp_2_6_pvgis_2006,pvgis_2006,2006,2308038042,51,central,central,fb59b12e82b041c59cc8a3933745a40e92c5e89aa7df64846e5855fbd3acb00e,2987a546cb3f48253dcdfdc400036a68d1977eddb1012f753e54eca010acedd8,38669e3f0e715d12f919bbd64ba6e09fbb431145f819869ebd01d20e8fde4ed0,4b5b7791539478f9b2562d1b176e235ac7b641e1afdc40c3d5242661d9dbed3d,2ad0e9f7bbdfe12695c931891fd0e8132d060fd7bcbca23623db43d4c7393a5c,561839806dcdb8279ac4e42025bc5a82751f2588a2b2066fa84637918d8e4896
mc_e124b0f40d78eb802873d2b0e5e4bea16be548407676ff60875803ad1f896f44,BE_TABULA_13,Terraced house,1971-1990,TABULA_standard_B_proxy,5425e9370287189ca45179f958739e4d1ea29f5439b14d2d1b6a877cf57e26a0,rcp_2_6,weather_2050_rcp_2_6_pvgis_2006,pvgis_2006,2006,121872340,52,central,central,fb59b12e82b041c59cc8a3933745a40e92c5e89aa7df64846e5855fbd3acb00e,2987a546cb3f48253dcdfdc400036a68d1977eddb1012f753e54eca010acedd8,38669e3f0e715d12f919bbd64ba6e09fbb431145f819869ebd01d20e8fde4ed0,4b5b7791539478f9b2562d1b176e235ac7b641e1afdc40c3d5242661d9dbed3d,2ad0e9f7bbdfe12695c931891fd0e8132d060fd7bcbca23623db43d4c7393a5c,561839806dcdb8279ac4e42025bc5a82751f2588a2b2066fa84637918d8e4896
mc_7d38060781fe950426de335632e6495a25e7b4bb02a1ec46f0bd829d6ec67593,BE_TABULA_13,Terraced house,1971-1990,TABULA_standard_B_proxy,5425e9370287189ca45179f958739e4d1ea29f5439b14d2d1b6a877cf57e26a0,rcp_2_6,weather_2050_rcp_2_6_pvgis_2006,pvgis_2006,2006,3159291459,53,central,central,fb59b12e82b041c59cc8a3933745a40e92c5e89aa7df64846e5855fbd3acb00e,2987a546cb3f48253dcdfdc400036a68d1977eddb1012f753e54eca010acedd8,38669e3f0e715d12f919bbd64ba6e09fbb431145f819869ebd01d20e8fde4ed0,4b5b7791539478f9b2562d1b176e235ac7b641e1afdc40c3d5242661d9dbed3d,2ad0e9f7bbdfe12695c931891fd0e8132d060fd7bcbca23623db43d4c7393a5c,561839806dcdb8279ac4e42025bc5a82751f2588a2b2066fa84637918d8e4896
mc_1c84b2d68acc513edd06d982d50f7a18a7624a43abd6e5d5807042e5bb70a69d,BE_TABULA_13,Terraced house,1971-1990,TABULA_standard_B_proxy,5425e9370287189ca45179f958739e4d1ea29f5439b14d2d1b6a877cf57e26a0,rcp_2_6,weather_2050_rcp_2_6_pvgis_2006,pvgis_2006,2006,3292453555,54,central,central,fb59b12e82b041c59cc8a3933745a40e92c5e89aa7df64846e5855fbd3acb00e,2987a546cb3f48253dcdfdc400036a68d1977eddb1012f753e54eca010acedd8,38669e3f0e715d12f919bbd64ba6e09fbb431145f819869ebd01d20e8fde4ed0,4b5b7791539478f9b2562d1b176e235ac7b641e1afdc40c3d5242661d9dbed3d,2ad0e9f7bbdfe12695c931891fd0e8132d060fd7bcbca23623db43d4c7393a5c,561839806dcdb8279ac4e42025bc5a82751f2588a2b2066fa84637918d8e4896
mc_97dca81f7f3286abe261b082ba82768390e296d5c213a2f029ca58571514d678,BE_TABULA_13,Terraced house,1971-1990,TABULA_standard_B_proxy,5425e9370287189ca45179f958739e4d1ea29f5439b14d2d1b6a877cf57e26a0,rcp_2_6,weather_2050_rcp_2_6_pvgis_2006,pvgis_2006,2006,4217880632,55,central,central,fb59b12e82b041c59cc8a3933745a40e92c5e89aa7df64846e5855fbd3acb00e,2987a546cb3f48253dcdfdc400036a68d1977eddb1012f753e54eca010acedd8,38669e3f0e715d12f919bbd64ba6e09fbb431145f819869ebd01d20e8fde4ed0,4b5b7791539478f9b2562d1b176e235ac7b641e1afdc40c3d5242661d9dbed3d,2ad0e9f7bbdfe12695c931891fd0e8132d060fd7bcbca23623db43d4c7393a5c,561839806dcdb8279ac4e42025bc5a82751f2588a2b2066fa84637918d8e4896
mc_c5efd42101cfb981776fb5533ef8c7f7d2c0416ac6f82910b58f8d2b6a6f1df0,BE_TABULA_13,Terraced house,1971-1990,TABULA_standard_B_proxy,5425e9370287189ca45179f958739e4d1ea29f5439b14d2d1b6a877cf57e26a0,rcp_2_6,weather_2050_rcp_2_6_pvgis_2006,pvgis_2006,2006,3936536578,56,central,central,fb59b12e82b041c59cc8a3933745a40e92c5e89aa7df64846e5855fbd3acb00e,2987a546cb3f48253dcdfdc400036a68d1977eddb1012f753e54eca010acedd8,38669e3f0e715d12f919bbd64ba6e09fbb431145f819869ebd01d20e8fde4ed0,4b5b7791539478f9b2562d1b176e235ac7b641e1afdc40c3d5242661d9dbed3d,2ad0e9f7bbdfe12695c931891fd0e8132d060fd7bcbca23623db43d4c7393a5c,561839806dcdb8279ac4e42025bc5a82751f2588a2b2066fa84637918d8e4896
mc_05f8de947bf397fb8e89d8aea84de3cedcb0fb7eebcca0ca20c2b740858118d5,BE_TABULA_13,Terraced house,1971-1990,TABULA_standard_B_proxy,5425e9370287189ca45179f958739e4d1ea29f5439b14d2d1b6a877cf57e26a0,rcp_2_6,weather_2050_rcp_2_6_pvgis_2006,pvgis_2006,2006,2415921962,57,central,central,fb59b12e82b041c59cc8a3933745a40e92c5e89aa7df64846e5855fbd3acb00e,2987a546cb3f48253dcdfdc400036a68d1977eddb1012f753e54eca010acedd8,38669e3f0e715d12f919bbd64ba6e09fbb431145f819869ebd01d20e8fde4ed0,4b5b7791539478f9b2562d1b176e235ac7b641e1afdc40c3d5242661d9dbed3d,2ad0e9f7bbdfe12695c931891fd0e8132d060fd7bcbca23623db43d4c7393a5c,561839806dcdb8279ac4e42025bc5a82751f2588a2b2066fa84637918d8e4896
mc_d0750cca306e9a8a3c1103888d821540598c5cdc2fbb15fc6ec82b6980de71d7,BE_TABULA_13,Terraced house,1971-1990,TABULA_standard_B_proxy,5425e9370287189ca45179f958739e4d1ea29f5439b14d2d1b6a877cf57e26a0,rcp_2_6,weather_2050_rcp_2_6_pvgis_2006,pvgis_2006,2006,1719658758,58,central,central,fb59b12e82b041c59cc8a3933745a40e92c5e89aa7df64846e5855fbd3acb00e,2987a546cb3f48253dcdfdc400036a68d1977eddb1012f753e54eca010acedd8,38669e3f0e715d12f919bbd64ba6e09fbb431145f819869ebd01d20e8fde4ed0,4b5b7791539478f9b2562d1b176e235ac7b641e1afdc40c3d5242661d9dbed3d,2ad0e9f7bbdfe12695c931891fd0e8132d060fd7bcbca23623db43d4c7393a5c,561839806dcdb8279ac4e42025bc5a82751f2588a2b2066fa84637918d8e4896
mc_faf754b57619d3fb7e68a71b17d90d8509d632d0810f4740b22aa87e12680b24,BE_TABULA_13,Terraced house,1971-1990,TABULA_standard_B_proxy,5425e9370287189ca45179f958739e4d1ea29f5439b14d2d1b6a877cf57e26a0,rcp_2_6,weather_2050_rcp_2_6_pvgis_2006,pvgis_2006,2006,229503377,59,central,central,fb59b12e82b041c59cc8a3933745a40e92c5e89aa7df64846e5855fbd3acb00e,2987a546cb3f48253dcdfdc400036a68d1977eddb1012f753e54eca010acedd8,38669e3f0e715d12f919bbd64ba6e09fbb431145f819869ebd01d20e8fde4ed0,4b5b7791539478f9b2562d1b176e235ac7b641e1afdc40c3d5242661d9dbed3d,2ad0e9f7bbdfe12695c931891fd0e8132d060fd7bcbca23623db43d4c7393a5c,561839806dcdb8279ac4e42025bc5a82751f2588a2b2066fa84637918d8e4896
mc_61558d421867e645d9cab78d6036c7615948c7702a86876a607f32759519493a,BE_TABULA_13,Terraced house,1971-1990,TABULA_standard_B_proxy,5425e9370287189ca45179f958739e4d1ea29f5439b14d2d1b6a877cf57e26a0,rcp_2_6,weather_2050_rcp_2_6_pvgis_2006,pvgis_2006,2006,3209387723,60,central,central,fb59b12e82b041c59cc8a3933745a40e92c5e89aa7df64846e5855fbd3acb00e,2987a546cb3f48253dcdfdc400036a68d1977eddb1012f753e54eca010acedd8,38669e3f0e715d12f919bbd64ba6e09fbb431145f819869ebd01d20e8fde4ed0,4b5b7791539478f9b2562d1b176e235ac7b641e1afdc40c3d5242661d9dbed3d,2ad0e9f7bbdfe12695c931891fd0e8132d060fd7bcbca23623db43d4c7393a5c,561839806dcdb8279ac4e42025bc5a82751f2588a2b2066fa84637918d8e4896
mc_4b235b7261f00d4788906cd0fc6f3bb9d7f8dedf0625e2d36bc1ea004336bdb9,BE_TABULA_13,Terraced house,1971-1990,TABULA_standard_B_proxy,5425e9370287189ca45179f958739e4d1ea29f5439b14d2d1b6a877cf57e26a0,rcp_2_6,weather_2050_rcp_2_6_pvgis_2006,pvgis_2006,2006,3772491886,61,central,central,fb59b12e82b041c59cc8a3933745a40e92c5e89aa7df64846e5855fbd3acb00e,2987a546cb3f48253dcdfdc400036a68d1977eddb1012f753e54eca010acedd8,38669e3f0e715d12f919bbd64ba6e09fbb431145f819869ebd01d20e8fde4ed0,4b5b7791539478f9b2562d1b176e235ac7b641e1afdc40c3d5242661d9dbed3d,2ad0e9f7bbdfe12695c931891fd0e8132d060fd7bcbca23623db43d4c7393a5c,561839806dcdb8279ac4e42025bc5a82751f2588a2b2066fa84637918d8e4896
mc_ff362d53c861e898dc41619fcb5932f2bfdaea8fc81b6791d9e4bdefd0f4c7fe,BE_TABULA_13,Terraced house,1971-1990,TABULA_standard_B_proxy,5425e9370287189ca45179f958739e4d1ea29f5439b14d2d1b6a877cf57e26a0,rcp_2_6,weather_2050_rcp_2_6_pvgis_2006,pvgis_2006,2006,1635250833,62,central,central,fb59b12e82b041c59cc8a3933745a40e92c5e89aa7df64846e5855fbd3acb00e,2987a546cb3f48253dcdfdc400036a68d1977eddb1012f753e54eca010acedd8,38669e3f0e715d12f919bbd64ba6e09fbb431145f819869ebd01d20e8fde4ed0,4b5b7791539478f9b2562d1b176e235ac7b641e1afdc40c3d5242661d9dbed3d,2ad0e9f7bbdfe12695c931891fd0e8132d060fd7bcbca23623db43d4c7393a5c,561839806dcdb8279ac4e42025bc5a82751f2588a2b2066fa84637918d8e4896
mc_9d97560bf5e71a93ea2a9a05d4056b0327708e89f7dd9f3055c5418546c8983f,BE_TABULA_13,Terraced house,1971-1990,TABULA_standard_B_proxy,5425e9370287189ca45179f958739e4d1ea29f5439b14d2d1b6a877cf57e26a0,rcp_2_6,weather_2050_rcp_2_6_pvgis_2006,pvgis_2006,2006,4035582952,63,central,central,fb59b12e82b041c59cc8a3933745a40e92c5e89aa7df64846e5855fbd3acb00e,2987a546cb3f48253dcdfdc400036a68d1977eddb1012f753e54eca010acedd8,38669e3f0e715d12f919bbd64ba6e09fbb431145f819869ebd01d20e8fde4ed0,4b5b7791539478f9b2562d1b176e235ac7b641e1afdc40c3d5242661d9dbed3d,2ad0e9f7bbdfe12695c931891fd0e8132d060fd7bcbca23623db43d4c7393a5c,561839806dcdb8279ac4e42025bc5a82751f2588a2b2066fa84637918d8e4896
mc_d1573a13fdee5a9f0a30b136c6d25578f98d2cadd4208791698158ea293df88d,BE_TABULA_13,Terraced house,1971-1990,TABULA_standard_B_proxy,5425e9370287189ca45179f958739e4d1ea29f5439b14d2d1b6a877cf57e26a0,rcp_2_6,weather_2050_rcp_2_6_pvgis_2006,pvgis_2006,2006,615541883,64,central,central,fb59b12e82b041c59cc8a3933745a40e92c5e89aa7df64846e5855fbd3acb00e,2987a546cb3f48253dcdfdc400036a68d1977eddb1012f753e54eca010acedd8,38669e3f0e715d12f919bbd64ba6e09fbb431145f819869ebd01d20e8fde4ed0,4b5b7791539478f9b2562d1b176e235ac7b641e1afdc40c3d5242661d9dbed3d,2ad0e9f7bbdfe12695c931891fd0e8132d060fd7bcbca23623db43d4c7393a5c,561839806dcdb8279ac4e42025bc5a82751f2588a2b2066fa84637918d8e4896
mc_83973139a5733538a8c530756efa3a2d1d7bd9cbf496dff8514c622a7c9aa426,BE_TABULA_13,Terraced house,1971-1990,TABULA_standard_B_proxy,5425e9370287189ca45179f958739e4d1ea29f5439b14d2d1b6a877cf57e26a0,rcp_2_6,weather_2050_rcp_2_6_pvgis_2006,pvgis_2006,2006,3820219209,65,central,central,fb59b12e82b041c59cc8a3933745a40e92c5e89aa7df64846e5855fbd3acb00e,2987a546cb3f48253dcdfdc400036a68d1977eddb1012f753e54eca010acedd8,38669e3f0e715d12f919bbd64ba6e09fbb431145f819869ebd01d20e8fde4ed0,4b5b7791539478f9b2562d1b176e235ac7b641e1afdc40c3d5242661d9dbed3d,2ad0e9f7bbdfe12695c931891fd0e8132d060fd7bcbca23623db43d4c7393a5c,561839806dcdb8279ac4e42025bc5a82751f2588a2b2066fa84637918d8e4896
mc_14510b148e73826d48d60113f8243ef64d913b4fa6c2be4968b6053f519e47aa,BE_TABULA_13,Terraced house,1971-1990,TABULA_standard_B_proxy,5425e9370287189ca45179f958739e4d1ea29f5439b14d2d1b6a877cf57e26a0,rcp_2_6,weather_2050_rcp_2_6_pvgis_2006,pvgis_2006,2006,2055890937,66,central,central,fb59b12e82b041c59cc8a3933745a40e92c5e89aa7df64846e5855fbd3acb00e,2987a546cb3f48253dcdfdc400036a68d1977eddb1012f753e54eca010acedd8,38669e3f0e715d12f919bbd64ba6e09fbb431145f819869ebd01d20e8fde4ed0,4b5b7791539478f9b2562d1b176e235ac7b641e1afdc40c3d5242661d9dbed3d,2ad0e9f7bbdfe12695c931891fd0e8132d060fd7bcbca23623db43d4c7393a5c,561839806dcdb8279ac4e42025bc5a82751f2588a2b2066fa84637918d8e4896
mc_aaa6fb695dfc7d59e2a4765b9456a236ea2399b0aa1246c6e261a13c9d182bbf,BE_TABULA_13,Terraced house,1971-1990,TABULA_standard_B_proxy,5425e9370287189ca45179f958739e4d1ea29f5439b14d2d1b6a877cf57e26a0,rcp_2_6,weather_2050_rcp_2_6_pvgis_2006,pvgis_2006,2006,3962631770,67,central,central,fb59b12e82b041c59cc8a3933745a40e92c5e89aa7df64846e5855fbd3acb00e,2987a546cb3f48253dcdfdc400036a68d1977eddb1012f753e54eca010acedd8,38669e3f0e715d12f919bbd64ba6e09fbb431145f819869ebd01d20e8fde4ed0,4b5b7791539478f9b2562d1b176e235ac7b641e1afdc40c3d5242661d9dbed3d,2ad0e9f7bbdfe12695c931891fd0e8132d060fd7bcbca23623db43d4c7393a5c,561839806dcdb8279ac4e42025bc5a82751f2588a2b2066fa84637918d8e4896
mc_569ded913dce7c40cdba743c3bab858fe50d206c961c3da7b182db49bf22c331,BE_TABULA_13,Terraced house,1971-1990,TABULA_standard_B_proxy,5425e9370287189ca45179f958739e4d1ea29f5439b14d2d1b6a877cf57e26a0,rcp_2_6,weather_2050_rcp_2_6_pvgis_2006,pvgis_2006,2006,292497774,68,central,central,fb59b12e82b041c59cc8a3933745a40e92c5e89aa7df64846e5855fbd3acb00e,2987a546cb3f48253dcdfdc400036a68d1977eddb1012f753e54eca010acedd8,38669e3f0e715d12f919bbd64ba6e09fbb431145f819869ebd01d20e8fde4ed0,4b5b7791539478f9b2562d1b176e235ac7b641e1afdc40c3d5242661d9dbed3d,2ad0e9f7bbdfe12695c931891fd0e8132d060fd7bcbca23623db43d4c7393a5c,561839806dcdb8279ac4e42025bc5a82751f2588a2b2066fa84637918d8e4896
mc_95ead4acc2ccf866738551ab57694da95016cd4932aea84bd5fe662102dc0907,BE_TABULA_13,Terraced house,1971-1990,TABULA_standard_B_proxy,5425e9370287189ca45179f958739e4d1ea29f5439b14d2d1b6a877cf57e26a0,rcp_2_6,weather_2050_rcp_2_6_pvgis_2006,pvgis_2006,2006,238028136,69,central,central,fb59b12e82b041c59cc8a3933745a40e92c5e89aa7df64846e5855fbd3acb00e,2987a546cb3f48253dcdfdc400036a68d1977eddb1012f753e54eca010acedd8,38669e3f0e715d12f919bbd64ba6e09fbb431145f819869ebd01d20e8fde4ed0,4b5b7791539478f9b2562d1b176e235ac7b641e1afdc40c3d5242661d9dbed3d,2ad0e9f7bbdfe12695c931891fd0e8132d060fd7bcbca23623db43d4c7393a5c,561839806dcdb8279ac4e42025bc5a82751f2588a2b2066fa84637918d8e4896
mc_80bbb383c1de4416540df0f9a666106165d6cc8512e8f4d9b6523b960951ac9a,BE_TABULA_13,Terraced house,1971-1990,TABULA_standard_B_proxy,5425e9370287189ca45179f958739e4d1ea29f5439b14d2d1b6a877cf57e26a0,rcp_2_6,weather_2050_rcp_2_6_pvgis_2006,pvgis_2006,2006,2973159850,70,central,central,fb59b12e82b041c59cc8a3933745a40e92c5e89aa7df64846e5855fbd3acb00e,2987a546cb3f48253dcdfdc400036a68d1977eddb1012f753e54eca010acedd8,38669e3f0e715d12f919bbd64ba6e09fbb431145f819869ebd01d20e8fde4ed0,4b5b7791539478f9b2562d1b176e235ac7b641e1afdc40c3d5242661d9dbed3d,2ad0e9f7bbdfe12695c931891fd0e8132d060fd7bcbca23623db43d4c7393a5c,561839806dcdb8279ac4e42025bc5a82751f2588a2b2066fa84637918d8e4896
mc_b08c1a1333d54ad00c80b7589a42bda01a0d8e44cbbc97ee5851403070a70927,BE_TABULA_13,Terraced house,1971-1990,TABULA_standard_B_proxy,5425e9370287189ca45179f958739e4d1ea29f5439b14d2d1b6a877cf57e26a0,rcp_2_6,weather_2050_rcp_2_6_pvgis_2006,pvgis_2006,2006,3979556006,71,central,central,fb59b12e82b041c59cc8a3933745a40e92c5e89aa7df64846e5855fbd3acb00e,2987a546cb3f48253dcdfdc400036a68d1977eddb1012f753e54eca010acedd8,38669e3f0e715d12f919bbd64ba6e09fbb431145f819869ebd01d20e8fde4ed0,4b5b7791539478f9b2562d1b176e235ac7b641e1afdc40c3d5242661d9dbed3d,2ad0e9f7bbdfe12695c931891fd0e8132d060fd7bcbca23623db43d4c7393a5c,561839806dcdb8279ac4e42025bc5a82751f2588a2b2066fa84637918d8e4896
mc_0893086e9795a36bd6ae63f4d47e18b962af047e615a4417bd5b51c71e8327f0,BE_TABULA_13,Terraced house,1971-1990,TABULA_standard_B_proxy,5425e9370287189ca45179f958739e4d1ea29f5439b14d2d1b6a877cf57e26a0,rcp_2_6,weather_2050_rcp_2_6_pvgis_2006,pvgis_2006,2006,2849274450,72,central,central,fb59b12e82b041c59cc8a3933745a40e92c5e89aa7df64846e5855fbd3acb00e,2987a546cb3f48253dcdfdc400036a68d1977eddb1012f753e54eca010acedd8,38669e3f0e715d12f919bbd64ba6e09fbb431145f819869ebd01d20e8fde4ed0,4b5b7791539478f9b2562d1b176e235ac7b641e1afdc40c3d5242661d9dbed3d,2ad0e9f7bbdfe12695c931891fd0e8132d060fd7bcbca23623db43d4c7393a5c,561839806dcdb8279ac4e42025bc5a82751f2588a2b2066fa84637918d8e4896
mc_34e794f0520375cc75787e3f6502835d79cf2c94b780417134e87a61c41e32e0,BE_TABULA_13,Terraced house,1971-1990,TABULA_standard_B_proxy,5425e9370287189ca45179f958739e4d1ea29f5439b14d2d1b6a877cf57e26a0,rcp_2_6,weather_2050_rcp_2_6_pvgis_2006,pvgis_2006,2006,1707147214,73,central,central,fb59b12e82b041c59cc8a3933745a40e92c5e89aa7df64846e5855fbd3acb00e,2987a546cb3f48253dcdfdc400036a68d1977eddb1012f753e54eca010acedd8,38669e3f0e715d12f919bbd64ba6e09fbb431145f819869ebd01d20e8fde4ed0,4b5b7791539478f9b2562d1b176e235ac7b641e1afdc40c3d5242661d9dbed3d,2ad0e9f7bbdfe12695c931891fd0e8132d060fd7bcbca23623db43d4c7393a5c,561839806dcdb8279ac4e42025bc5a82751f2588a2b2066fa84637918d8e4896
mc_270aa60b1121a6fa769c9c5da19ecc1174cfb65cd2a58d4ff1cac2a86b0a749f,BE_TABULA_13,Terraced house,1971-1990,TABULA_standard_B_proxy,5425e9370287189ca45179f958739e4d1ea29f5439b14d2d1b6a877cf57e26a0,rcp_2_6,weather_2050_rcp_2_6_pvgis_2006,pvgis_2006,2006,422447889,74,central,central,fb59b12e82b041c59cc8a3933745a40e92c5e89aa7df64846e5855fbd3acb00e,2987a546cb3f48253dcdfdc400036a68d1977eddb1012f753e54eca010acedd8,38669e3f0e715d12f919bbd64ba6e09fbb431145f819869ebd01d20e8fde4ed0,4b5b7791539478f9b2562d1b176e235ac7b641e1afdc40c3d5242661d9dbed3d,2ad0e9f7bbdfe12695c931891fd0e8132d060fd7bcbca23623db43d4c7393a5c,561839806dcdb8279ac4e42025bc5a82751f2588a2b2066fa84637918d8e4896
mc_b7f2d70e922eee0695070c9a08d262f524292f5d53b30eaf1c9391a1220644e9,BE_TABULA_13,Terraced house,1971-1990,TABULA_standard_B_proxy,5425e9370287189ca45179f958739e4d1ea29f5439b14d2d1b6a877cf57e26a0,rcp_2_6,weather_2050_rcp_2_6_pvgis_2006,pvgis_2006,2006,216697226,75,central,central,fb59b12e82b041c59cc8a3933745a40e92c5e89aa7df64846e5855fbd3acb00e,2987a546cb3f48253dcdfdc400036a68d1977eddb1012f753e54eca010acedd8,38669e3f0e715d12f919bbd64ba6e09fbb431145f819869ebd01d20e8fde4ed0,4b5b7791539478f9b2562d1b176e235ac7b641e1afdc40c3d5242661d9dbed3d,2ad0e9f7bbdfe12695c931891fd0e8132d060fd7bcbca23623db43d4c7393a5c,561839806dcdb8279ac4e42025bc5a82751f2588a2b2066fa84637918d8e4896
mc_22ae51fe4451bca5c36a83b374c6fabc0e86f5f691a89142abb453a9aed1dbee,BE_TABULA_13,Terraced house,1971-1990,TABULA_standard_B_proxy,5425e9370287189ca45179f958739e4d1ea29f5439b14d2d1b6a877cf57e26a0,rcp_2_6,weather_2050_rcp_2_6_pvgis_2006,pvgis_2006,2006,1850706042,76,central,central,fb59b12e82b041c59cc8a3933745a40e92c5e89aa7df64846e5855fbd3acb00e,2987a546cb3f48253dcdfdc400036a68d1977eddb1012f753e54eca010acedd8,38669e3f0e715d12f919bbd64ba6e09fbb431145f819869ebd01d20e8fde4ed0,4b5b7791539478f9b2562d1b176e235ac7b641e1afdc40c3d5242661d9dbed3d,2ad0e9f7bbdfe12695c931891fd0e8132d060fd7bcbca23623db43d4c7393a5c,561839806dcdb8279ac4e42025bc5a82751f2588a2b2066fa84637918d8e4896
mc_91f2e982e456bedc11f7662e0a85a4deb671c556f3d460e996e73b13c4de761e,BE_TABULA_13,Terraced house,1971-1990,TABULA_standard_B_proxy,5425e9370287189ca45179f958739e4d1ea29f5439b14d2d1b6a877cf57e26a0,rcp_2_6,weather_2050_rcp_2_6_pvgis_2006,pvgis_2006,2006,2345298607,77,central,central,fb59b12e82b041c59cc8a3933745a40e92c5e89aa7df64846e5855fbd3acb00e,2987a546cb3f48253dcdfdc400036a68d1977eddb1012f753e54eca010acedd8,38669e3f0e715d12f919bbd64ba6e09fbb431145f819869ebd01d20e8fde4ed0,4b5b7791539478f9b2562d1b176e235ac7b641e1afdc40c3d5242661d9dbed3d,2ad0e9f7bbdfe12695c931891fd0e8132d060fd7bcbca23623db43d4c7393a5c,561839806dcdb8279ac4e42025bc5a82751f2588a2b2066fa84637918d8e4896
mc_25ea1b5c804e51baeb92a9eca893eacd2ec8fe75db79eca2fe0bbba570e4399a,BE_TABULA_13,Terraced house,1971-1990,TABULA_standard_B_proxy,5425e9370287189ca45179f958739e4d1ea29f5439b14d2d1b6a877cf57e26a0,rcp_2_6,weather_2050_rcp_2_6_pvgis_2006,pvgis_2006,2006,2582489112,78,central,central,fb59b12e82b041c59cc8a3933745a40e92c5e89aa7df64846e5855fbd3acb00e,2987a546cb3f48253dcdfdc400036a68d1977eddb1012f753e54eca010acedd8,38669e3f0e715d12f919bbd64ba6e09fbb431145f819869ebd01d20e8fde4ed0,4b5b7791539478f9b2562d1b176e235ac7b641e1afdc40c3d5242661d9dbed3d,2ad0e9f7bbdfe12695c931891fd0e8132d060fd7bcbca23623db43d4c7393a5c,561839806dcdb8279ac4e42025bc5a82751f2588a2b2066fa84637918d8e4896
mc_7203d646ffedbadd35359ad30c76540d974969c2e8fcae483610d0a659e92e8e,BE_TABULA_13,Terraced house,1971-1990,TABULA_standard_B_proxy,5425e9370287189ca45179f958739e4d1ea29f5439b14d2d1b6a877cf57e26a0,rcp_2_6,weather_2050_rcp_2_6_pvgis_2006,pvgis_2006,2006,1092453103,79,central,central,fb59b12e82b041c59cc8a3933745a40e92c5e89aa7df64846e5855fbd3acb00e,2987a546cb3f48253dcdfdc400036a68d1977eddb1012f753e54eca010acedd8,38669e3f0e715d12f919bbd64ba6e09fbb431145f819869ebd01d20e8fde4ed0,4b5b7791539478f9b2562d1b176e235ac7b641e1afdc40c3d5242661d9dbed3d,2ad0e9f7bbdfe12695c931891fd0e8132d060fd7bcbca23623db43d4c7393a5c,561839806dcdb8279ac4e42025bc5a82751f2588a2b2066fa84637918d8e4896
mc_9b30d939b4fd7985f8b5c7269351befe34c6b89a6eff4b6dd4581feba8def1d4,BE_TABULA_13,Terraced house,1971-1990,TABULA_standard_B_proxy,5425e9370287189ca45179f958739e4d1ea29f5439b14d2d1b6a877cf57e26a0,rcp_2_6,weather_2050_rcp_2_6_pvgis_2006,pvgis_2006,2006,2333746188,80,central,central,fb59b12e82b041c59cc8a3933745a40e92c5e89aa7df64846e5855fbd3acb00e,2987a546cb3f48253dcdfdc400036a68d1977eddb1012f753e54eca010acedd8,38669e3f0e715d12f919bbd64ba6e09fbb431145f819869ebd01d20e8fde4ed0,4b5b7791539478f9b2562d1b176e235ac7b641e1afdc40c3d5242661d9dbed3d,2ad0e9f7bbdfe12695c931891fd0e8132d060fd7bcbca23623db43d4c7393a5c,561839806dcdb8279ac4e42025bc5a82751f2588a2b2066fa84637918d8e4896
mc_fd9dcbe049ec26c12a41facac9fbc203711a5082d7d29711ff000efc6fec13f3,BE_TABULA_14,"Apartment, enclosed",1971-1990,TABULA_advanced_A_proxy,2851cf077281e480136cab6af02d4720b94564326517124af576ab8634ba52a3,rcp_2_6,weather_2050_rcp_2_6_pvgis_2006,pvgis_2006,2006,1203443498,1,central,central,fb59b12e82b041c59cc8a3933745a40e92c5e89aa7df64846e5855fbd3acb00e,2987a546cb3f48253dcdfdc400036a68d1977eddb1012f753e54eca010acedd8,38669e3f0e715d12f919bbd64ba6e09fbb431145f819869ebd01d20e8fde4ed0,4b5b7791539478f9b2562d1b176e235ac7b641e1afdc40c3d5242661d9dbed3d,2ad0e9f7bbdfe12695c931891fd0e8132d060fd7bcbca23623db43d4c7393a5c,561839806dcdb8279ac4e42025bc5a82751f2588a2b2066fa84637918d8e4896
mc_7552fcf88cc829327857b168ecf321b566b1aa0d6f5cd53754817e61cc8896fe,BE_TABULA_14,"Apartment, enclosed",1971-1990,TABULA_advanced_A_proxy,2851cf077281e480136cab6af02d4720b94564326517124af576ab8634ba52a3,rcp_2_6,weather_2050_rcp_2_6_pvgis_2006,pvgis_2006,2006,2404203277,2,central,central,fb59b12e82b041c59cc8a3933745a40e92c5e89aa7df64846e5855fbd3acb00e,2987a546cb3f48253dcdfdc400036a68d1977eddb1012f753e54eca010acedd8,38669e3f0e715d12f919bbd64ba6e09fbb431145f819869ebd01d20e8fde4ed0,4b5b7791539478f9b2562d1b176e235ac7b641e1afdc40c3d5242661d9dbed3d,2ad0e9f7bbdfe12695c931891fd0e8132d060fd7bcbca23623db43d4c7393a5c,561839806dcdb8279ac4e42025bc5a82751f2588a2b2066fa84637918d8e4896
mc_ed127c4109570613807705cd40eac777b5720879bf6e53dc451b970792d6b869,BE_TABULA_14,"Apartment, enclosed",1971-1990,TABULA_advanced_A_proxy,2851cf077281e480136cab6af02d4720b94564326517124af576ab8634ba52a3,rcp_2_6,weather_2050_rcp_2_6_pvgis_2006,pvgis_2006,2006,556301278,3,central,central,fb59b12e82b041c59cc8a3933745a40e92c5e89aa7df64846e5855fbd3acb00e,2987a546cb3f48253dcdfdc400036a68d1977eddb1012f753e54eca010acedd8,38669e3f0e715d12f919bbd64ba6e09fbb431145f819869ebd01d20e8fde4ed0,4b5b7791539478f9b2562d1b176e235ac7b641e1afdc40c3d5242661d9dbed3d,2ad0e9f7bbdfe12695c931891fd0e8132d060fd7bcbca23623db43d4c7393a5c,561839806dcdb8279ac4e42025bc5a82751f2588a2b2066fa84637918d8e4896
mc_2a0223a2ca1821fb34623352e6e44ba93a400b3ed0f192f0f0ea7d5aedcca7ea,BE_TABULA_14,"Apartment, enclosed",1971-1990,TABULA_advanced_A_proxy,2851cf077281e480136cab6af02d4720b94564326517124af576ab8634ba52a3,rcp_2_6,weather_2050_rcp_2_6_pvgis_2006,pvgis_2006,2006,3323552575,4,central,central,fb59b12e82b041c59cc8a3933745a40e92c5e89aa7df64846e5855fbd3acb00e,2987a546cb3f48253dcdfdc400036a68d1977eddb1012f753e54eca010acedd8,38669e3f0e715d12f919bbd64ba6e09fbb431145f819869ebd01d20e8fde4ed0,4b5b7791539478f9b2562d1b176e235ac7b641e1afdc40c3d5242661d9dbed3d,2ad0e9f7bbdfe12695c931891fd0e8132d060fd7bcbca23623db43d4c7393a5c,561839806dcdb8279ac4e42025bc5a82751f2588a2b2066fa84637918d8e4896
mc_e12aef988bbfd25de337ef9787fa99750b5db02c9e4eb0ff85ff0ba015572444,BE_TABULA_14,"Apartment, enclosed",1971-1990,TABULA_advanced_A_proxy,2851cf077281e480136cab6af02d4720b94564326517124af576ab8634ba52a3,rcp_2_6,weather_2050_rcp_2_6_pvgis_2006,pvgis_2006,2006,3843248486,5,central,central,fb59b12e82b041c59cc8a3933745a40e92c5e89aa7df64846e5855fbd3acb00e,2987a546cb3f48253dcdfdc400036a68d1977eddb1012f753e54eca010acedd8,38669e3f0e715d12f919bbd64ba6e09fbb431145f819869ebd01d20e8fde4ed0,4b5b7791539478f9b2562d1b176e235ac7b641e1afdc40c3d5242661d9dbed3d,2ad0e9f7bbdfe12695c931891fd0e8132d060fd7bcbca23623db43d4c7393a5c,561839806dcdb8279ac4e42025bc5a82751f2588a2b2066fa84637918d8e4896
mc_e76fe70aba52ef0b549c8f394e28220ea30b4524da9628a739a7e9d084c1ce68,BE_TABULA_14,"Apartment, enclosed",1971-1990,TABULA_advanced_A_proxy,2851cf077281e480136cab6af02d4720b94564326517124af576ab8634ba52a3,rcp_2_6,weather_2050_rcp_2_6_pvgis_2006,pvgis_2006,2006,3312507027,6,central,central,fb59b12e82b041c59cc8a3933745a40e92c5e89aa7df64846e5855fbd3acb00e,2987a546cb3f48253dcdfdc400036a68d1977eddb1012f753e54eca010acedd8,38669e3f0e715d12f919bbd64ba6e09fbb431145f819869ebd01d20e8fde4ed0,4b5b7791539478f9b2562d1b176e235ac7b641e1afdc40c3d5242661d9dbed3d,2ad0e9f7bbdfe12695c931891fd0e8132d060fd7bcbca23623db43d4c7393a5c,561839806dcdb8279ac4e42025bc5a82751f2588a2b2066fa84637918d8e4896
mc_6e2cbce351acabd2f8e852095e979260d4826c9d70f35b8e67b83ab97bbfd385,BE_TABULA_14,"Apartment, enclosed",1971-1990,TABULA_advanced_A_proxy,2851cf077281e480136cab6af02d4720b94564326517124af576ab8634ba52a3,rcp_2_6,weather_2050_rcp_2_6_pvgis_2006,pvgis_2006,2006,526650457,7,central,central,fb59b12e82b041c59cc8a3933745a40e92c5e89aa7df64846e5855fbd3acb00e,2987a546cb3f48253dcdfdc400036a68d1977eddb1012f753e54eca010acedd8,38669e3f0e715d12f919bbd64ba6e09fbb431145f819869ebd01d20e8fde4ed0,4b5b7791539478f9b2562d1b176e235ac7b641e1afdc40c3d5242661d9dbed3d,2ad0e9f7bbdfe12695c931891fd0e8132d060fd7bcbca23623db43d4c7393a5c,561839806dcdb8279ac4e42025bc5a82751f2588a2b2066fa84637918d8e4896
mc_6a8ddee15d22ec321ae91adabc57293c83bd782c471a9ef491a1840b00486e82,BE_TABULA_14,"Apartment, enclosed",1971-1990,TABULA_advanced_A_proxy,2851cf077281e480136cab6af02d4720b94564326517124af576ab8634ba52a3,rcp_2_6,weather_2050_rcp_2_6_pvgis_2006,pvgis_2006,2006,2006049321,8,central,central,fb59b12e82b041c59cc8a3933745a40e92c5e89aa7df64846e5855fbd3acb00e,2987a546cb3f48253dcdfdc400036a68d1977eddb1012f753e54eca010acedd8,38669e3f0e715d12f919bbd64ba6e09fbb431145f819869ebd01d20e8fde4ed0,4b5b7791539478f9b2562d1b176e235ac7b641e1afdc40c3d5242661d9dbed3d,2ad0e9f7bbdfe12695c931891fd0e8132d060fd7bcbca23623db43d4c7393a5c,561839806dcdb8279ac4e42025bc5a82751f2588a2b2066fa84637918d8e4896
mc_634bedbb676a6afa5770f7b989e5021579df2544a259b96da203ddd2f59cedd3,BE_TABULA_14,"Apartment, enclosed",1971-1990,TABULA_advanced_A_proxy,2851cf077281e480136cab6af02d4720b94564326517124af576ab8634ba52a3,rcp_2_6,weather_2050_rcp_2_6_pvgis_2006,pvgis_2006,2006,3087163335,9,central,central,fb59b12e82b041c59cc8a3933745a40e92c5e89aa7df64846e5855fbd3acb00e,2987a546cb3f48253dcdfdc400036a68d1977eddb1012f753e54eca010acedd8,38669e3f0e715d12f919bbd64ba6e09fbb431145f819869ebd01d20e8fde4ed0,4b5b7791539478f9b2562d1b176e235ac7b641e1afdc40c3d5242661d9dbed3d,2ad0e9f7bbdfe12695c931891fd0e8132d060fd7bcbca23623db43d4c7393a5c,561839806dcdb8279ac4e42025bc5a82751f2588a2b2066fa84637918d8e4896
mc_5dac4ba32544b1e7c09a1c0bf9d8d91ad4ea8b1d032767245b1dc637a467fbb1,BE_TABULA_14,"Apartment, enclosed",1971-1990,TABULA_advanced_A_proxy,2851cf077281e480136cab6af02d4720b94564326517124af576ab8634ba52a3,rcp_2_6,weather_2050_rcp_2_6_pvgis_2006,pvgis_2006,2006,1341830702,10,central,central,fb59b12e82b041c59cc8a3933745a40e92c5e89aa7df64846e5855fbd3acb00e,2987a546cb3f48253dcdfdc400036a68d1977eddb1012f753e54eca010acedd8,38669e3f0e715d12f919bbd64ba6e09fbb431145f819869ebd01d20e8fde4ed0,4b5b7791539478f9b2562d1b176e235ac7b641e1afdc40c3d5242661d9dbed3d,2ad0e9f7bbdfe12695c931891fd0e8132d060fd7bcbca23623db43d4c7393a5c,561839806dcdb8279ac4e42025bc5a82751f2588a2b2066fa84637918d8e4896
mc_5edfc08534c25e4416efb3b99cc2bd9973643f7c129d463a3670a1edfb8d8697,BE_TABULA_14,"Apartment, enclosed",1971-1990,TABULA_advanced_A_proxy,2851cf077281e480136cab6af02d4720b94564326517124af576ab8634ba52a3,rcp_2_6,weather_2050_rcp_2_6_pvgis_2006,pvgis_2006,2006,3835840985,11,central,central,fb59b12e82b041c59cc8a3933745a40e92c5e89aa7df64846e5855fbd3acb00e,2987a546cb3f48253dcdfdc400036a68d1977eddb1012f753e54eca010acedd8,38669e3f0e715d12f919bbd64ba6e09fbb431145f819869ebd01d20e8fde4ed0,4b5b7791539478f9b2562d1b176e235ac7b641e1afdc40c3d5242661d9dbed3d,2ad0e9f7bbdfe12695c931891fd0e8132d060fd7bcbca23623db43d4c7393a5c,561839806dcdb8279ac4e42025bc5a82751f2588a2b2066fa84637918d8e4896
mc_1e179806ed0bbb40db6659212b0a15ba1f10d716688a621eca29a1998121ad32,BE_TABULA_14,"Apartment, enclosed",1971-1990,TABULA_advanced_A_proxy,2851cf077281e480136cab6af02d4720b94564326517124af576ab8634ba52a3,rcp_2_6,weather_2050_rcp_2_6_pvgis_2006,pvgis_2006,2006,2527946898,12,central,central,fb59b12e82b041c59cc8a3933745a40e92c5e89aa7df64846e5855fbd3acb00e,2987a546cb3f48253dcdfdc400036a68d1977eddb1012f753e54eca010acedd8,38669e3f0e715d12f919bbd64ba6e09fbb431145f819869ebd01d20e8fde4ed0,4b5b7791539478f9b2562d1b176e235ac7b641e1afdc40c3d5242661d9dbed3d,2ad0e9f7bbdfe12695c931891fd0e8132d060fd7bcbca23623db43d4c7393a5c,561839806dcdb8279ac4e42025bc5a82751f2588a2b2066fa84637918d8e4896
mc_6fc306f9f88fce2c211b2f3165da222cefb2143d7524a96f25b21e38d0d04988,BE_TABULA_14,"Apartment, enclosed",1971-1990,TABULA_advanced_A_proxy,2851cf077281e480136cab6af02d4720b94564326517124af576ab8634ba52a3,rcp_2_6,weather_2050_rcp_2_6_pvgis_2006,pvgis_2006,2006,1636053932,13,central,central,fb59b12e82b041c59cc8a3933745a40e92c5e89aa7df64846e5855fbd3acb00e,2987a546cb3f48253dcdfdc400036a68d1977eddb1012f753e54eca010acedd8,38669e3f0e715d12f919bbd64ba6e09fbb431145f819869ebd01d20e8fde4ed0,4b5b7791539478f9b2562d1b176e235ac7b641e1afdc40c3d5242661d9dbed3d,2ad0e9f7bbdfe12695c931891fd0e8132d060fd7bcbca23623db43d4c7393a5c,561839806dcdb8279ac4e42025bc5a82751f2588a2b2066fa84637918d8e4896
mc_fafda4d2b256a5b605c6758fc70b3253cdf8fe4b342633e86918c7b154bb4bbc,BE_TABULA_14,"Apartment, enclosed",1971-1990,TABULA_advanced_A_proxy,2851cf077281e480136cab6af02d4720b94564326517124af576ab8634ba52a3,rcp_2_6,weather_2050_rcp_2_6_pvgis_2006,pvgis_2006,2006,4263654691,14,central,central,fb59b12e82b041c59cc8a3933745a40e92c5e89aa7df64846e5855fbd3acb00e,2987a546cb3f48253dcdfdc400036a68d1977eddb1012f753e54eca010acedd8,38669e3f0e715d12f919bbd64ba6e09fbb431145f819869ebd01d20e8fde4ed0,4b5b7791539478f9b2562d1b176e235ac7b641e1afdc40c3d5242661d9dbed3d,2ad0e9f7bbdfe12695c931891fd0e8132d060fd7bcbca23623db43d4c7393a5c,561839806dcdb8279ac4e42025bc5a82751f2588a2b2066fa84637918d8e4896
mc_5bc381da4e67845b2b0c2c88b563b96f7bd80d9089d5c447b9ab495653023e16,BE_TABULA_14,"Apartment, enclosed",1971-1990,TABULA_advanced_A_proxy,2851cf077281e480136cab6af02d4720b94564326517124af576ab8634ba52a3,rcp_2_6,weather_2050_rcp_2_6_pvgis_2006,pvgis_2006,2006,2949107545,15,central,central,fb59b12e82b041c59cc8a3933745a40e92c5e89aa7df64846e5855fbd3acb00e,2987a546cb3f48253dcdfdc400036a68d1977eddb1012f753e54eca010acedd8,38669e3f0e715d12f919bbd64ba6e09fbb431145f819869ebd01d20e8fde4ed0,4b5b7791539478f9b2562d1b176e235ac7b641e1afdc40c3d5242661d9dbed3d,2ad0e9f7bbdfe12695c931891fd0e8132d060fd7bcbca23623db43d4c7393a5c,561839806dcdb8279ac4e42025bc5a82751f2588a2b2066fa84637918d8e4896
mc_5596b57ec48fdc9c7d18b165c9835f5825835283746fc18a2f0a816e2cc6d23d,BE_TABULA_14,"Apartment, enclosed",1971-1990,TABULA_advanced_A_proxy,2851cf077281e480136cab6af02d4720b94564326517124af576ab8634ba52a3,rcp_2_6,weather_2050_rcp_2_6_pvgis_2006,pvgis_2006,2006,74780820,16,central,central,fb59b12e82b041c59cc8a3933745a40e92c5e89aa7df64846e5855fbd3acb00e,2987a546cb3f48253dcdfdc400036a68d1977eddb1012f753e54eca010acedd8,38669e3f0e715d12f919bbd64ba6e09fbb431145f819869ebd01d20e8fde4ed0,4b5b7791539478f9b2562d1b176e235ac7b641e1afdc40c3d5242661d9dbed3d,2ad0e9f7bbdfe12695c931891fd0e8132d060fd7bcbca23623db43d4c7393a5c,561839806dcdb8279ac4e42025bc5a82751f2588a2b2066fa84637918d8e4896
mc_1da3776af61fe10638e4c1f1aef0d7c763e5ab8fd8f28546e12dbc35ca28ff36,BE_TABULA_14,"Apartment, enclosed",1971-1990,TABULA_advanced_A_proxy,2851cf077281e480136cab6af02d4720b94564326517124af576ab8634ba52a3,rcp_2_6,weather_2050_rcp_2_6_pvgis_2006,pvgis_2006,2006,4191004058,17,central,central,fb59b12e82b041c59cc8a3933745a40e92c5e89aa7df64846e5855fbd3acb00e,2987a546cb3f48253dcdfdc400036a68d1977eddb1012f753e54eca010acedd8,38669e3f0e715d12f919bbd64ba6e09fbb431145f819869ebd01d20e8fde4ed0,4b5b7791539478f9b2562d1b176e235ac7b641e1afdc40c3d5242661d9dbed3d,2ad0e9f7bbdfe12695c931891fd0e8132d060fd7bcbca23623db43d4c7393a5c,561839806dcdb8279ac4e42025bc5a82751f2588a2b2066fa84637918d8e4896
mc_283c112a5729310440f76ed65f956b74bb0d566ab94270643f06ae4abb5013e6,BE_TABULA_14,"Apartment, enclosed",1971-1990,TABULA_advanced_A_proxy,2851cf077281e480136cab6af02d4720b94564326517124af576ab8634ba52a3,rcp_2_6,weather_2050_rcp_2_6_pvgis_2006,pvgis_2006,2006,406410021,18,central,central,fb59b12e82b041c59cc8a3933745a40e92c5e89aa7df64846e5855fbd3acb00e,2987a546cb3f48253dcdfdc400036a68d1977eddb1012f753e54eca010acedd8,38669e3f0e715d12f919bbd64ba6e09fbb431145f819869ebd01d20e8fde4ed0,4b5b7791539478f9b2562d1b176e235ac7b641e1afdc40c3d5242661d9dbed3d,2ad0e9f7bbdfe12695c931891fd0e8132d060fd7bcbca23623db43d4c7393a5c,561839806dcdb8279ac4e42025bc5a82751f2588a2b2066fa84637918d8e4896
mc_5804b05cced99559614fe6aa216bc3011458dd1f39e641bfa66c86f270dd9d33,BE_TABULA_14,"Apartment, enclosed",1971-1990,TABULA_advanced_A_proxy,2851cf077281e480136cab6af02d4720b94564326517124af576ab8634ba52a3,rcp_2_6,weather_2050_rcp_2_6_pvgis_2006,pvgis_2006,2006,4239089345,19,central,central,fb59b12e82b041c59cc8a3933745a40e92c5e89aa7df64846e5855fbd3acb00e,2987a546cb3f48253dcdfdc400036a68d1977eddb1012f753e54eca010acedd8,38669e3f0e715d12f919bbd64ba6e09fbb431145f819869ebd01d20e8fde4ed0,4b5b7791539478f9b2562d1b176e235ac7b641e1afdc40c3d5242661d9dbed3d,2ad0e9f7bbdfe12695c931891fd0e8132d060fd7bcbca23623db43d4c7393a5c,561839806dcdb8279ac4e42025bc5a82751f2588a2b2066fa84637918d8e4896
mc_76f398cf3c3f275628c4083f65f485cceab9e717fbb56cd6a3c8645ebd49e765,BE_TABULA_14,"Apartment, enclosed",1971-1990,TABULA_advanced_A_proxy,2851cf077281e480136cab6af02d4720b94564326517124af576ab8634ba52a3,rcp_2_6,weather_2050_rcp_2_6_pvgis_2006,pvgis_2006,2006,4121713922,20,central,central,fb59b12e82b041c59cc8a3933745a40e92c5e89aa7df64846e5855fbd3acb00e,2987a546cb3f48253dcdfdc400036a68d1977eddb1012f753e54eca010acedd8,38669e3f0e715d12f919bbd64ba6e09fbb431145f819869ebd01d20e8fde4ed0,4b5b7791539478f9b2562d1b176e235ac7b641e1afdc40c3d5242661d9dbed3d,2ad0e9f7bbdfe12695c931891fd0e8132d060fd7bcbca23623db43d4c7393a5c,561839806dcdb8279ac4e42025bc5a82751f2588a2b2066fa84637918d8e4896
mc_701a724d737e2fe99dcf4a483ba2c188b24c9f4ade173ae88f4724ea66c9ddc1,BE_TABULA_14,"Apartment, enclosed",1971-1990,TABULA_advanced_A_proxy,2851cf077281e480136cab6af02d4720b94564326517124af576ab8634ba52a3,rcp_2_6,weather_2050_rcp_2_6_pvgis_2006,pvgis_2006,2006,528153456,21,central,central,fb59b12e82b041c59cc8a3933745a40e92c5e89aa7df64846e5855fbd3acb00e,2987a546cb3f48253dcdfdc400036a68d1977eddb1012f753e54eca010acedd8,38669e3f0e715d12f919bbd64ba6e09fbb431145f819869ebd01d20e8fde4ed0,4b5b7791539478f9b2562d1b176e235ac7b641e1afdc40c3d5242661d9dbed3d,2ad0e9f7bbdfe12695c931891fd0e8132d060fd7bcbca23623db43d4c7393a5c,561839806dcdb8279ac4e42025bc5a82751f2588a2b2066fa84637918d8e4896
mc_d08dff656b90961bb5f20ec4a59210a354277b8c8f7e751e68dcbe9c9fdb3bcd,BE_TABULA_14,"Apartment, enclosed",1971-1990,TABULA_advanced_A_proxy,2851cf077281e480136cab6af02d4720b94564326517124af576ab8634ba52a3,rcp_2_6,weather_2050_rcp_2_6_pvgis_2006,pvgis_2006,2006,1536553193,22,central,central,fb59b12e82b041c59cc8a3933745a40e92c5e89aa7df64846e5855fbd3acb00e,2987a546cb3f48253dcdfdc400036a68d1977eddb1012f753e54eca010acedd8,38669e3f0e715d12f919bbd64ba6e09fbb431145f819869ebd01d20e8fde4ed0,4b5b7791539478f9b2562d1b176e235ac7b641e1afdc40c3d5242661d9dbed3d,2ad0e9f7bbdfe12695c931891fd0e8132d060fd7bcbca23623db43d4c7393a5c,561839806dcdb8279ac4e42025bc5a82751f2588a2b2066fa84637918d8e4896
mc_694fb2c021ba4a5fdb9adac6c860803ea98ce306cff7f04addcc803ad7251df8,BE_TABULA_14,"Apartment, enclosed",1971-1990,TABULA_advanced_A_proxy,2851cf077281e480136cab6af02d4720b94564326517124af576ab8634ba52a3,rcp_2_6,weather_2050_rcp_2_6_pvgis_2006,pvgis_2006,2006,2701107225,23,central,central,fb59b12e82b041c59cc8a3933745a40e92c5e89aa7df64846e5855fbd3acb00e,2987a546cb3f48253dcdfdc400036a68d1977eddb1012f753e54eca010acedd8,38669e3f0e715d12f919bbd64ba6e09fbb431145f819869ebd01d20e8fde4ed0,4b5b7791539478f9b2562d1b176e235ac7b641e1afdc40c3d5242661d9dbed3d,2ad0e9f7bbdfe12695c931891fd0e8132d060fd7bcbca23623db43d4c7393a5c,561839806dcdb8279ac4e42025bc5a82751f2588a2b2066fa84637918d8e4896
mc_b3c0ba176ddf7f11b0de5ce5e6134eea938a3a6e727290d634a333d8e1199c64,BE_TABULA_14,"Apartment, enclosed",1971-1990,TABULA_advanced_A_proxy,2851cf077281e480136cab6af02d4720b94564326517124af576ab8634ba52a3,rcp_2_6,weather_2050_rcp_2_6_pvgis_2006,pvgis_2006,2006,460941366,24,central,central,fb59b12e82b041c59cc8a3933745a40e92c5e89aa7df64846e5855fbd3acb00e,2987a546cb3f48253dcdfdc400036a68d1977eddb1012f753e54eca010acedd8,38669e3f0e715d12f919bbd64ba6e09fbb431145f819869ebd01d20e8fde4ed0,4b5b7791539478f9b2562d1b176e235ac7b641e1afdc40c3d5242661d9dbed3d,2ad0e9f7bbdfe12695c931891fd0e8132d060fd7bcbca23623db43d4c7393a5c,561839806dcdb8279ac4e42025bc5a82751f2588a2b2066fa84637918d8e4896
mc_a8ccf0333b9f2045d8546005e22c2b6ed16baf1ec588ca4845854bb0528593b0,BE_TABULA_14,"Apartment, enclosed",1971-1990,TABULA_advanced_A_proxy,2851cf077281e480136cab6af02d4720b94564326517124af576ab8634ba52a3,rcp_2_6,weather_2050_rcp_2_6_pvgis_2006,pvgis_2006,2006,2869373249,25,central,central,fb59b12e82b041c59cc8a3933745a40e92c5e89aa7df64846e5855fbd3acb00e,2987a546cb3f48253dcdfdc400036a68d1977eddb1012f753e54eca010acedd8,38669e3f0e715d12f919bbd64ba6e09fbb431145f819869ebd01d20e8fde4ed0,4b5b7791539478f9b2562d1b176e235ac7b641e1afdc40c3d5242661d9dbed3d,2ad0e9f7bbdfe12695c931891fd0e8132d060fd7bcbca23623db43d4c7393a5c,561839806dcdb8279ac4e42025bc5a82751f2588a2b2066fa84637918d8e4896
mc_99954917f00638fc80c041cf469723e77fd94ea0419344becc2bfdfb532e479a,BE_TABULA_14,"Apartment, enclosed",1971-1990,TABULA_advanced_A_proxy,2851cf077281e480136cab6af02d4720b94564326517124af576ab8634ba52a3,rcp_2_6,weather_2050_rcp_2_6_pvgis_2006,pvgis_2006,2006,2053834706,26,central,central,fb59b12e82b041c59cc8a3933745a40e92c5e89aa7df64846e5855fbd3acb00e,2987a546cb3f48253dcdfdc400036a68d1977eddb1012f753e54eca010acedd8,38669e3f0e715d12f919bbd64ba6e09fbb431145f819869ebd01d20e8fde4ed0,4b5b7791539478f9b2562d1b176e235ac7b641e1afdc40c3d5242661d9dbed3d,2ad0e9f7bbdfe12695c931891fd0e8132d060fd7bcbca23623db43d4c7393a5c,561839806dcdb8279ac4e42025bc5a82751f2588a2b2066fa84637918d8e4896
mc_666619dcaefc50ea6ab11836f6cb86a2bb76d7b0c1b3e7699a82cb2cd0ca8a1e,BE_TABULA_14,"Apartment, enclosed",1971-1990,TABULA_advanced_A_proxy,2851cf077281e480136cab6af02d4720b94564326517124af576ab8634ba52a3,rcp_2_6,weather_2050_rcp_2_6_pvgis_2006,pvgis_2006,2006,3560160567,27,central,central,fb59b12e82b041c59cc8a3933745a40e92c5e89aa7df64846e5855fbd3acb00e,2987a546cb3f48253dcdfdc400036a68d1977eddb1012f753e54eca010acedd8,38669e3f0e715d12f919bbd64ba6e09fbb431145f819869ebd01d20e8fde4ed0,4b5b7791539478f9b2562d1b176e235ac7b641e1afdc40c3d5242661d9dbed3d,2ad0e9f7bbdfe12695c931891fd0e8132d060fd7bcbca23623db43d4c7393a5c,561839806dcdb8279ac4e42025bc5a82751f2588a2b2066fa84637918d8e4896
mc_87c3c0deeb1cc201510238460fcbf92cfac9b8cd4a972e4c647f7ef22a8280ac,BE_TABULA_14,"Apartment, enclosed",1971-1990,TABULA_advanced_A_proxy,2851cf077281e480136cab6af02d4720b94564326517124af576ab8634ba52a3,rcp_2_6,weather_2050_rcp_2_6_pvgis_2006,pvgis_2006,2006,3815772485,28,central,central,fb59b12e82b041c59cc8a3933745a40e92c5e89aa7df64846e5855fbd3acb00e,2987a546cb3f48253dcdfdc400036a68d1977eddb1012f753e54eca010acedd8,38669e3f0e715d12f919bbd64ba6e09fbb431145f819869ebd01d20e8fde4ed0,4b5b7791539478f9b2562d1b176e235ac7b641e1afdc40c3d5242661d9dbed3d,2ad0e9f7bbdfe12695c931891fd0e8132d060fd7bcbca23623db43d4c7393a5c,561839806dcdb8279ac4e42025bc5a82751f2588a2b2066fa84637918d8e4896
mc_60a3ff6d5865d12b7fdcc7fd944e352418d215e6e7d3cd0dd16ab318385d78cc,BE_TABULA_14,"Apartment, enclosed",1971-1990,TABULA_advanced_A_proxy,2851cf077281e480136cab6af02d4720b94564326517124af576ab8634ba52a3,rcp_2_6,weather_2050_rcp_2_6_pvgis_2006,pvgis_2006,2006,1523204169,29,central,central,fb59b12e82b041c59cc8a3933745a40e92c5e89aa7df64846e5855fbd3acb00e,2987a546cb3f48253dcdfdc400036a68d1977eddb1012f753e54eca010acedd8,38669e3f0e715d12f919bbd64ba6e09fbb431145f819869ebd01d20e8fde4ed0,4b5b7791539478f9b2562d1b176e235ac7b641e1afdc40c3d5242661d9dbed3d,2ad0e9f7bbdfe12695c931891fd0e8132d060fd7bcbca23623db43d4c7393a5c,561839806dcdb8279ac4e42025bc5a82751f2588a2b2066fa84637918d8e4896
mc_7ad813f7e4af04ef9291cfa9b29d0c71deda1d5567b401f7138279bc35a64c6f,BE_TABULA_14,"Apartment, enclosed",1971-1990,TABULA_advanced_A_proxy,2851cf077281e480136cab6af02d4720b94564326517124af576ab8634ba52a3,rcp_2_6,weather_2050_rcp_2_6_pvgis_2006,pvgis_2006,2006,3168655264,30,central,central,fb59b12e82b041c59cc8a3933745a40e92c5e89aa7df64846e5855fbd3acb00e,2987a546cb3f48253dcdfdc400036a68d1977eddb1012f753e54eca010acedd8,38669e3f0e715d12f919bbd64ba6e09fbb431145f819869ebd01d20e8fde4ed0,4b5b7791539478f9b2562d1b176e235ac7b641e1afdc40c3d5242661d9dbed3d,2ad0e9f7bbdfe12695c931891fd0e8132d060fd7bcbca23623db43d4c7393a5c,561839806dcdb8279ac4e42025bc5a82751f2588a2b2066fa84637918d8e4896
mc_710bfc75f43e6000dd6993cbb4d9317046d0fdfc86f7586943b20c233345bb02,BE_TABULA_14,"Apartment, enclosed",1971-1990,TABULA_advanced_A_proxy,2851cf077281e480136cab6af02d4720b94564326517124af576ab8634ba52a3,rcp_2_6,weather_2050_rcp_2_6_pvgis_2006,pvgis_2006,2006,871166546,31,central,central,fb59b12e82b041c59cc8a3933745a40e92c5e89aa7df64846e5855fbd3acb00e,2987a546cb3f48253dcdfdc400036a68d1977eddb1012f753e54eca010acedd8,38669e3f0e715d12f919bbd64ba6e09fbb431145f819869ebd01d20e8fde4ed0,4b5b7791539478f9b2562d1b176e235ac7b641e1afdc40c3d5242661d9dbed3d,2ad0e9f7bbdfe12695c931891fd0e8132d060fd7bcbca23623db43d4c7393a5c,561839806dcdb8279ac4e42025bc5a82751f2588a2b2066fa84637918d8e4896
mc_ff0a2f436ba60730f448a8308b47e1194c927d15dbade17a9d4b3efa4957becd,BE_TABULA_14,"Apartment, enclosed",1971-1990,TABULA_advanced_A_proxy,2851cf077281e480136cab6af02d4720b94564326517124af576ab8634ba52a3,rcp_2_6,weather_2050_rcp_2_6_pvgis_2006,pvgis_2006,2006,2626399861,32,central,central,fb59b12e82b041c59cc8a3933745a40e92c5e89aa7df64846e5855fbd3acb00e,2987a546cb3f48253dcdfdc400036a68d1977eddb1012f753e54eca010acedd8,38669e3f0e715d12f919bbd64ba6e09fbb431145f819869ebd01d20e8fde4ed0,4b5b7791539478f9b2562d1b176e235ac7b641e1afdc40c3d5242661d9dbed3d,2ad0e9f7bbdfe12695c931891fd0e8132d060fd7bcbca23623db43d4c7393a5c,561839806dcdb8279ac4e42025bc5a82751f2588a2b2066fa84637918d8e4896
mc_f3e2b4a249c0481f053c22dd0c4f870a215f525cd87983f7cbb43e78b0a194de,BE_TABULA_14,"Apartment, enclosed",1971-1990,TABULA_advanced_A_proxy,2851cf077281e480136cab6af02d4720b94564326517124af576ab8634ba52a3,rcp_2_6,weather_2050_rcp_2_6_pvgis_2006,pvgis_2006,2006,1170469307,33,central,central,fb59b12e82b041c59cc8a3933745a40e92c5e89aa7df64846e5855fbd3acb00e,2987a546cb3f48253dcdfdc400036a68d1977eddb1012f753e54eca010acedd8,38669e3f0e715d12f919bbd64ba6e09fbb431145f819869ebd01d20e8fde4ed0,4b5b7791539478f9b2562d1b176e235ac7b641e1afdc40c3d5242661d9dbed3d,2ad0e9f7bbdfe12695c931891fd0e8132d060fd7bcbca23623db43d4c7393a5c,561839806dcdb8279ac4e42025bc5a82751f2588a2b2066fa84637918d8e4896
mc_a269a918ca16873be9d531af42bd1b6da6c2774f396c803fafe9a32235ee4c34,BE_TABULA_14,"Apartment, enclosed",1971-1990,TABULA_advanced_A_proxy,2851cf077281e480136cab6af02d4720b94564326517124af576ab8634ba52a3,rcp_2_6,weather_2050_rcp_2_6_pvgis_2006,pvgis_2006,2006,1630191912,34,central,central,fb59b12e82b041c59cc8a3933745a40e92c5e89aa7df64846e5855fbd3acb00e,2987a546cb3f48253dcdfdc400036a68d1977eddb1012f753e54eca010acedd8,38669e3f0e715d12f919bbd64ba6e09fbb431145f819869ebd01d20e8fde4ed0,4b5b7791539478f9b2562d1b176e235ac7b641e1afdc40c3d5242661d9dbed3d,2ad0e9f7bbdfe12695c931891fd0e8132d060fd7bcbca23623db43d4c7393a5c,561839806dcdb8279ac4e42025bc5a82751f2588a2b2066fa84637918d8e4896
mc_9dfbb695dd0e14ca987d46ae546d1d290acee3f9bdd6e34894c1b61a48c65112,BE_TABULA_14,"Apartment, enclosed",1971-1990,TABULA_advanced_A_proxy,2851cf077281e480136cab6af02d4720b94564326517124af576ab8634ba52a3,rcp_2_6,weather_2050_rcp_2_6_pvgis_2006,pvgis_2006,2006,2418138936,35,central,central,fb59b12e82b041c59cc8a3933745a40e92c5e89aa7df64846e5855fbd3acb00e,2987a546cb3f48253dcdfdc400036a68d1977eddb1012f753e54eca010acedd8,38669e3f0e715d12f919bbd64ba6e09fbb431145f819869ebd01d20e8fde4ed0,4b5b7791539478f9b2562d1b176e235ac7b641e1afdc40c3d5242661d9dbed3d,2ad0e9f7bbdfe12695c931891fd0e8132d060fd7bcbca23623db43d4c7393a5c,561839806dcdb8279ac4e42025bc5a82751f2588a2b2066fa84637918d8e4896
mc_6d9804ab4e66be1be1e42b9987f6430b412bb7dd7278516c1336afac3aa77409,BE_TABULA_14,"Apartment, enclosed",1971-1990,TABULA_advanced_A_proxy,2851cf077281e480136cab6af02d4720b94564326517124af576ab8634ba52a3,rcp_2_6,weather_2050_rcp_2_6_pvgis_2006,pvgis_2006,2006,4284547342,36,central,central,fb59b12e82b041c59cc8a3933745a40e92c5e89aa7df64846e5855fbd3acb00e,2987a546cb3f48253dcdfdc400036a68d1977eddb1012f753e54eca010acedd8,38669e3f0e715d12f919bbd64ba6e09fbb431145f819869ebd01d20e8fde4ed0,4b5b7791539478f9b2562d1b176e235ac7b641e1afdc40c3d5242661d9dbed3d,2ad0e9f7bbdfe12695c931891fd0e8132d060fd7bcbca23623db43d4c7393a5c,561839806dcdb8279ac4e42025bc5a82751f2588a2b2066fa84637918d8e4896
mc_a07e6f1386bbbc70e7f25850011d084396ee9e3457f34b11b214fae14968788b,BE_TABULA_14,"Apartment, enclosed",1971-1990,TABULA_advanced_A_proxy,2851cf077281e480136cab6af02d4720b94564326517124af576ab8634ba52a3,rcp_2_6,weather_2050_rcp_2_6_pvgis_2006,pvgis_2006,2006,2078907488,37,central,central,fb59b12e82b041c59cc8a3933745a40e92c5e89aa7df64846e5855fbd3acb00e,2987a546cb3f48253dcdfdc400036a68d1977eddb1012f753e54eca010acedd8,38669e3f0e715d12f919bbd64ba6e09fbb431145f819869ebd01d20e8fde4ed0,4b5b7791539478f9b2562d1b176e235ac7b641e1afdc40c3d5242661d9dbed3d,2ad0e9f7bbdfe12695c931891fd0e8132d060fd7bcbca23623db43d4c7393a5c,561839806dcdb8279ac4e42025bc5a82751f2588a2b2066fa84637918d8e4896
mc_374f29a269e3e6accb6360039917ba4cf9ec42758cb7444ff8896a2a965fb201,BE_TABULA_14,"Apartment, enclosed",1971-1990,TABULA_advanced_A_proxy,2851cf077281e480136cab6af02d4720b94564326517124af576ab8634ba52a3,rcp_2_6,weather_2050_rcp_2_6_pvgis_2006,pvgis_2006,2006,1049765411,38,central,central,fb59b12e82b041c59cc8a3933745a40e92c5e89aa7df64846e5855fbd3acb00e,2987a546cb3f48253dcdfdc400036a68d1977eddb1012f753e54eca010acedd8,38669e3f0e715d12f919bbd64ba6e09fbb431145f819869ebd01d20e8fde4ed0,4b5b7791539478f9b2562d1b176e235ac7b641e1afdc40c3d5242661d9dbed3d,2ad0e9f7bbdfe12695c931891fd0e8132d060fd7bcbca23623db43d4c7393a5c,561839806dcdb8279ac4e42025bc5a82751f2588a2b2066fa84637918d8e4896
mc_3aa9648e0a516eb777912c7080b548300f8eec6415dd5a8e69ff3fbfe7dc34a3,BE_TABULA_14,"Apartment, enclosed",1971-1990,TABULA_advanced_A_proxy,2851cf077281e480136cab6af02d4720b94564326517124af576ab8634ba52a3,rcp_2_6,weather_2050_rcp_2_6_pvgis_2006,pvgis_2006,2006,179219561,39,central,central,fb59b12e82b041c59cc8a3933745a40e92c5e89aa7df64846e5855fbd3acb00e,2987a546cb3f48253dcdfdc400036a68d1977eddb1012f753e54eca010acedd8,38669e3f0e715d12f919bbd64ba6e09fbb431145f819869ebd01d20e8fde4ed0,4b5b7791539478f9b2562d1b176e235ac7b641e1afdc40c3d5242661d9dbed3d,2ad0e9f7bbdfe12695c931891fd0e8132d060fd7bcbca23623db43d4c7393a5c,561839806dcdb8279ac4e42025bc5a82751f2588a2b2066fa84637918d8e4896
mc_a454333664c4f9983074b4de9f07b61c4167ef7d21e594ed53be5ea25e9f749c,BE_TABULA_14,"Apartment, enclosed",1971-1990,TABULA_advanced_A_proxy,2851cf077281e480136cab6af02d4720b94564326517124af576ab8634ba52a3,rcp_2_6,weather_2050_rcp_2_6_pvgis_2006,pvgis_2006,2006,1182233951,40,central,central,fb59b12e82b041c59cc8a3933745a40e92c5e89aa7df64846e5855fbd3acb00e,2987a546cb3f48253dcdfdc400036a68d1977eddb1012f753e54eca010acedd8,38669e3f0e715d12f919bbd64ba6e09fbb431145f819869ebd01d20e8fde4ed0,4b5b7791539478f9b2562d1b176e235ac7b641e1afdc40c3d5242661d9dbed3d,2ad0e9f7bbdfe12695c931891fd0e8132d060fd7bcbca23623db43d4c7393a5c,561839806dcdb8279ac4e42025bc5a82751f2588a2b2066fa84637918d8e4896
mc_9e990bc928009683207c12c99dad8fb22b5f37967d50e75178ca050da79ddfdf,BE_TABULA_14,"Apartment, enclosed",1971-1990,TABULA_advanced_A_proxy,2851cf077281e480136cab6af02d4720b94564326517124af576ab8634ba52a3,rcp_2_6,weather_2050_rcp_2_6_pvgis_2006,pvgis_2006,2006,2553148887,41,central,central,fb59b12e82b041c59cc8a3933745a40e92c5e89aa7df64846e5855fbd3acb00e,2987a546cb3f48253dcdfdc400036a68d1977eddb1012f753e54eca010acedd8,38669e3f0e715d12f919bbd64ba6e09fbb431145f819869ebd01d20e8fde4ed0,4b5b7791539478f9b2562d1b176e235ac7b641e1afdc40c3d5242661d9dbed3d,2ad0e9f7bbdfe12695c931891fd0e8132d060fd7bcbca23623db43d4c7393a5c,561839806dcdb8279ac4e42025bc5a82751f2588a2b2066fa84637918d8e4896
mc_6dd344fe754aa443f7412d46e7c47bd0e8c6f187b092a7762d638928344a9411,BE_TABULA_14,"Apartment, enclosed",1971-1990,TABULA_advanced_A_proxy,2851cf077281e480136cab6af02d4720b94564326517124af576ab8634ba52a3,rcp_2_6,weather_2050_rcp_2_6_pvgis_2006,pvgis_2006,2006,3936058544,42,central,central,fb59b12e82b041c59cc8a3933745a40e92c5e89aa7df64846e5855fbd3acb00e,2987a546cb3f48253dcdfdc400036a68d1977eddb1012f753e54eca010acedd8,38669e3f0e715d12f919bbd64ba6e09fbb431145f819869ebd01d20e8fde4ed0,4b5b7791539478f9b2562d1b176e235ac7b641e1afdc40c3d5242661d9dbed3d,2ad0e9f7bbdfe12695c931891fd0e8132d060fd7bcbca23623db43d4c7393a5c,561839806dcdb8279ac4e42025bc5a82751f2588a2b2066fa84637918d8e4896
mc_e73a834efae0120f52eaf3ef5cd5789757b9e83ef925f447a9ceb8415ff1ec23,BE_TABULA_14,"Apartment, enclosed",1971-1990,TABULA_advanced_A_proxy,2851cf077281e480136cab6af02d4720b94564326517124af576ab8634ba52a3,rcp_2_6,weather_2050_rcp_2_6_pvgis_2006,pvgis_2006,2006,3672343387,43,central,central,fb59b12e82b041c59cc8a3933745a40e92c5e89aa7df64846e5855fbd3acb00e,2987a546cb3f48253dcdfdc400036a68d1977eddb1012f753e54eca010acedd8,38669e3f0e715d12f919bbd64ba6e09fbb431145f819869ebd01d20e8fde4ed0,4b5b7791539478f9b2562d1b176e235ac7b641e1afdc40c3d5242661d9dbed3d,2ad0e9f7bbdfe12695c931891fd0e8132d060fd7bcbca23623db43d4c7393a5c,561839806dcdb8279ac4e42025bc5a82751f2588a2b2066fa84637918d8e4896
mc_fdd02b5efa22ce589859f61c1fe88cdabaf419cde5bb983b9f5468130d81ed3e,BE_TABULA_14,"Apartment, enclosed",1971-1990,TABULA_advanced_A_proxy,2851cf077281e480136cab6af02d4720b94564326517124af576ab8634ba52a3,rcp_2_6,weather_2050_rcp_2_6_pvgis_2006,pvgis_2006,2006,1536720057,44,central,central,fb59b12e82b041c59cc8a3933745a40e92c5e89aa7df64846e5855fbd3acb00e,2987a546cb3f48253dcdfdc400036a68d1977eddb1012f753e54eca010acedd8,38669e3f0e715d12f919bbd64ba6e09fbb431145f819869ebd01d20e8fde4ed0,4b5b7791539478f9b2562d1b176e235ac7b641e1afdc40c3d5242661d9dbed3d,2ad0e9f7bbdfe12695c931891fd0e8132d060fd7bcbca23623db43d4c7393a5c,561839806dcdb8279ac4e42025bc5a82751f2588a2b2066fa84637918d8e4896
mc_25035c05ee64e9a47d9fb200c50d5e02fe2fbf7368ebc045861f4bfd7b02d210,BE_TABULA_14,"Apartment, enclosed",1971-1990,TABULA_advanced_A_proxy,2851cf077281e480136cab6af02d4720b94564326517124af576ab8634ba52a3,rcp_2_6,weather_2050_rcp_2_6_pvgis_2006,pvgis_2006,2006,1105527356,45,central,central,fb59b12e82b041c59cc8a3933745a40e92c5e89aa7df64846e5855fbd3acb00e,2987a546cb3f48253dcdfdc400036a68d1977eddb1012f753e54eca010acedd8,38669e3f0e715d12f919bbd64ba6e09fbb431145f819869ebd01d20e8fde4ed0,4b5b7791539478f9b2562d1b176e235ac7b641e1afdc40c3d5242661d9dbed3d,2ad0e9f7bbdfe12695c931891fd0e8132d060fd7bcbca23623db43d4c7393a5c,561839806dcdb8279ac4e42025bc5a82751f2588a2b2066fa84637918d8e4896
mc_73bdf808838670f2f88e12ef6157b9d549c82b8b3cf8a64725c31ad4294bd844,BE_TABULA_14,"Apartment, enclosed",1971-1990,TABULA_advanced_A_proxy,2851cf077281e480136cab6af02d4720b94564326517124af576ab8634ba52a3,rcp_2_6,weather_2050_rcp_2_6_pvgis_2006,pvgis_2006,2006,2803026148,46,central,central,fb59b12e82b041c59cc8a3933745a40e92c5e89aa7df64846e5855fbd3acb00e,2987a546cb3f48253dcdfdc400036a68d1977eddb1012f753e54eca010acedd8,38669e3f0e715d12f919bbd64ba6e09fbb431145f819869ebd01d20e8fde4ed0,4b5b7791539478f9b2562d1b176e235ac7b641e1afdc40c3d5242661d9dbed3d,2ad0e9f7bbdfe12695c931891fd0e8132d060fd7bcbca23623db43d4c7393a5c,561839806dcdb8279ac4e42025bc5a82751f2588a2b2066fa84637918d8e4896
mc_215457063b5cb624ad6fe166f87083c70d11a480e69f98b0bafd72eda264cc39,BE_TABULA_14,"Apartment, enclosed",1971-1990,TABULA_advanced_A_proxy,2851cf077281e480136cab6af02d4720b94564326517124af576ab8634ba52a3,rcp_2_6,weather_2050_rcp_2_6_pvgis_2006,pvgis_2006,2006,2970899734,47,central,central,fb59b12e82b041c59cc8a3933745a40e92c5e89aa7df64846e5855fbd3acb00e,2987a546cb3f48253dcdfdc400036a68d1977eddb1012f753e54eca010acedd8,38669e3f0e715d12f919bbd64ba6e09fbb431145f819869ebd01d20e8fde4ed0,4b5b7791539478f9b2562d1b176e235ac7b641e1afdc40c3d5242661d9dbed3d,2ad0e9f7bbdfe12695c931891fd0e8132d060fd7bcbca23623db43d4c7393a5c,561839806dcdb8279ac4e42025bc5a82751f2588a2b2066fa84637918d8e4896
mc_748be016c1eb4c335bd8ba493075321aa2ed9cb040ed7ea4fe18d6c46d4e7e59,BE_TABULA_14,"Apartment, enclosed",1971-1990,TABULA_advanced_A_proxy,2851cf077281e480136cab6af02d4720b94564326517124af576ab8634ba52a3,rcp_2_6,weather_2050_rcp_2_6_pvgis_2006,pvgis_2006,2006,387036528,48,central,central,fb59b12e82b041c59cc8a3933745a40e92c5e89aa7df64846e5855fbd3acb00e,2987a546cb3f48253dcdfdc400036a68d1977eddb1012f753e54eca010acedd8,38669e3f0e715d12f919bbd64ba6e09fbb431145f819869ebd01d20e8fde4ed0,4b5b7791539478f9b2562d1b176e235ac7b641e1afdc40c3d5242661d9dbed3d,2ad0e9f7bbdfe12695c931891fd0e8132d060fd7bcbca23623db43d4c7393a5c,561839806dcdb8279ac4e42025bc5a82751f2588a2b2066fa84637918d8e4896
mc_380c6acfd02d2d3ff887783278556d6d15edc58377360568d02465c94acb0521,BE_TABULA_14,"Apartment, enclosed",1971-1990,TABULA_advanced_A_proxy,2851cf077281e480136cab6af02d4720b94564326517124af576ab8634ba52a3,rcp_2_6,weather_2050_rcp_2_6_pvgis_2006,pvgis_2006,2006,247910426,49,central,central,fb59b12e82b041c59cc8a3933745a40e92c5e89aa7df64846e5855fbd3acb00e,2987a546cb3f48253dcdfdc400036a68d1977eddb1012f753e54eca010acedd8,38669e3f0e715d12f919bbd64ba6e09fbb431145f819869ebd01d20e8fde4ed0,4b5b7791539478f9b2562d1b176e235ac7b641e1afdc40c3d5242661d9dbed3d,2ad0e9f7bbdfe12695c931891fd0e8132d060fd7bcbca23623db43d4c7393a5c,561839806dcdb8279ac4e42025bc5a82751f2588a2b2066fa84637918d8e4896
mc_43c0cc01b60bc04abf3b29c310686c7a989bf7af71d811882a71ee8bd39a84ed,BE_TABULA_14,"Apartment, enclosed",1971-1990,TABULA_advanced_A_proxy,2851cf077281e480136cab6af02d4720b94564326517124af576ab8634ba52a3,rcp_2_6,weather_2050_rcp_2_6_pvgis_2006,pvgis_2006,2006,2703791916,50,central,central,fb59b12e82b041c59cc8a3933745a40e92c5e89aa7df64846e5855fbd3acb00e,2987a546cb3f48253dcdfdc400036a68d1977eddb1012f753e54eca010acedd8,38669e3f0e715d12f919bbd64ba6e09fbb431145f819869ebd01d20e8fde4ed0,4b5b7791539478f9b2562d1b176e235ac7b641e1afdc40c3d5242661d9dbed3d,2ad0e9f7bbdfe12695c931891fd0e8132d060fd7bcbca23623db43d4c7393a5c,561839806dcdb8279ac4e42025bc5a82751f2588a2b2066fa84637918d8e4896
mc_5d40831fb497dce99f055ea9bf892f3c87e9b5fa60768ef444670d0af8afd9e9,BE_TABULA_14,"Apartment, enclosed",1971-1990,TABULA_advanced_A_proxy,2851cf077281e480136cab6af02d4720b94564326517124af576ab8634ba52a3,rcp_2_6,weather_2050_rcp_2_6_pvgis_2006,pvgis_2006,2006,2308038042,51,central,central,fb59b12e82b041c59cc8a3933745a40e92c5e89aa7df64846e5855fbd3acb00e,2987a546cb3f48253dcdfdc400036a68d1977eddb1012f753e54eca010acedd8,38669e3f0e715d12f919bbd64ba6e09fbb431145f819869ebd01d20e8fde4ed0,4b5b7791539478f9b2562d1b176e235ac7b641e1afdc40c3d5242661d9dbed3d,2ad0e9f7bbdfe12695c931891fd0e8132d060fd7bcbca23623db43d4c7393a5c,561839806dcdb8279ac4e42025bc5a82751f2588a2b2066fa84637918d8e4896
mc_0941a2e9281e19c150108d155a98c641e4b1790e88b09c64a6bb8abb1c06c67c,BE_TABULA_14,"Apartment, enclosed",1971-1990,TABULA_advanced_A_proxy,2851cf077281e480136cab6af02d4720b94564326517124af576ab8634ba52a3,rcp_2_6,weather_2050_rcp_2_6_pvgis_2006,pvgis_2006,2006,121872340,52,central,central,fb59b12e82b041c59cc8a3933745a40e92c5e89aa7df64846e5855fbd3acb00e,2987a546cb3f48253dcdfdc400036a68d1977eddb1012f753e54eca010acedd8,38669e3f0e715d12f919bbd64ba6e09fbb431145f819869ebd01d20e8fde4ed0,4b5b7791539478f9b2562d1b176e235ac7b641e1afdc40c3d5242661d9dbed3d,2ad0e9f7bbdfe12695c931891fd0e8132d060fd7bcbca23623db43d4c7393a5c,561839806dcdb8279ac4e42025bc5a82751f2588a2b2066fa84637918d8e4896
mc_337dffd1b899d2685d76e071392971bab49f95729f2aa0e7b6eaf179e6cd4333,BE_TABULA_14,"Apartment, enclosed",1971-1990,TABULA_advanced_A_proxy,2851cf077281e480136cab6af02d4720b94564326517124af576ab8634ba52a3,rcp_2_6,weather_2050_rcp_2_6_pvgis_2006,pvgis_2006,2006,3159291459,53,central,central,fb59b12e82b041c59cc8a3933745a40e92c5e89aa7df64846e5855fbd3acb00e,2987a546cb3f48253dcdfdc400036a68d1977eddb1012f753e54eca010acedd8,38669e3f0e715d12f919bbd64ba6e09fbb431145f819869ebd01d20e8fde4ed0,4b5b7791539478f9b2562d1b176e235ac7b641e1afdc40c3d5242661d9dbed3d,2ad0e9f7bbdfe12695c931891fd0e8132d060fd7bcbca23623db43d4c7393a5c,561839806dcdb8279ac4e42025bc5a82751f2588a2b2066fa84637918d8e4896
mc_4334993de0c8ad7451133d6c29c4c4b7cdf87cbca3787dcdc00238544efb8258,BE_TABULA_14,"Apartment, enclosed",1971-1990,TABULA_advanced_A_proxy,2851cf077281e480136cab6af02d4720b94564326517124af576ab8634ba52a3,rcp_2_6,weather_2050_rcp_2_6_pvgis_2006,pvgis_2006,2006,3292453555,54,central,central,fb59b12e82b041c59cc8a3933745a40e92c5e89aa7df64846e5855fbd3acb00e,2987a546cb3f48253dcdfdc400036a68d1977eddb1012f753e54eca010acedd8,38669e3f0e715d12f919bbd64ba6e09fbb431145f819869ebd01d20e8fde4ed0,4b5b7791539478f9b2562d1b176e235ac7b641e1afdc40c3d5242661d9dbed3d,2ad0e9f7bbdfe12695c931891fd0e8132d060fd7bcbca23623db43d4c7393a5c,561839806dcdb8279ac4e42025bc5a82751f2588a2b2066fa84637918d8e4896
mc_75696c4df1a0269ef13bc72d870f4f7b118837463b9bcae442d869b8ed8dc1d6,BE_TABULA_14,"Apartment, enclosed",1971-1990,TABULA_advanced_A_proxy,2851cf077281e480136cab6af02d4720b94564326517124af576ab8634ba52a3,rcp_2_6,weather_2050_rcp_2_6_pvgis_2006,pvgis_2006,2006,4217880632,55,central,central,fb59b12e82b041c59cc8a3933745a40e92c5e89aa7df64846e5855fbd3acb00e,2987a546cb3f48253dcdfdc400036a68d1977eddb1012f753e54eca010acedd8,38669e3f0e715d12f919bbd64ba6e09fbb431145f819869ebd01d20e8fde4ed0,4b5b7791539478f9b2562d1b176e235ac7b641e1afdc40c3d5242661d9dbed3d,2ad0e9f7bbdfe12695c931891fd0e8132d060fd7bcbca23623db43d4c7393a5c,561839806dcdb8279ac4e42025bc5a82751f2588a2b2066fa84637918d8e4896
mc_8a66b0d588b3e20121c35b6a2337fb65c2779cac930f0a2979447c21043acfe0,BE_TABULA_14,"Apartment, enclosed",1971-1990,TABULA_advanced_A_proxy,2851cf077281e480136cab6af02d4720b94564326517124af576ab8634ba52a3,rcp_2_6,weather_2050_rcp_2_6_pvgis_2006,pvgis_2006,2006,3936536578,56,central,central,fb59b12e82b041c59cc8a3933745a40e92c5e89aa7df64846e5855fbd3acb00e,2987a546cb3f48253dcdfdc400036a68d1977eddb1012f753e54eca010acedd8,38669e3f0e715d12f919bbd64ba6e09fbb431145f819869ebd01d20e8fde4ed0,4b5b7791539478f9b2562d1b176e235ac7b641e1afdc40c3d5242661d9dbed3d,2ad0e9f7bbdfe12695c931891fd0e8132d060fd7bcbca23623db43d4c7393a5c,561839806dcdb8279ac4e42025bc5a82751f2588a2b2066fa84637918d8e4896
mc_a76e46b053c8088c2194370155dd6339295a40b8fbeaa313b66a39c1143a101c,BE_TABULA_14,"Apartment, enclosed",1971-1990,TABULA_advanced_A_proxy,2851cf077281e480136cab6af02d4720b94564326517124af576ab8634ba52a3,rcp_2_6,weather_2050_rcp_2_6_pvgis_2006,pvgis_2006,2006,2415921962,57,central,central,fb59b12e82b041c59cc8a3933745a40e92c5e89aa7df64846e5855fbd3acb00e,2987a546cb3f48253dcdfdc400036a68d1977eddb1012f753e54eca010acedd8,38669e3f0e715d12f919bbd64ba6e09fbb431145f819869ebd01d20e8fde4ed0,4b5b7791539478f9b2562d1b176e235ac7b641e1afdc40c3d5242661d9dbed3d,2ad0e9f7bbdfe12695c931891fd0e8132d060fd7bcbca23623db43d4c7393a5c,561839806dcdb8279ac4e42025bc5a82751f2588a2b2066fa84637918d8e4896
mc_17c3c3e51422b653a938a881bd0838307c693f113daa86c6de404be624e50dcc,BE_TABULA_14,"Apartment, enclosed",1971-1990,TABULA_advanced_A_proxy,2851cf077281e480136cab6af02d4720b94564326517124af576ab8634ba52a3,rcp_2_6,weather_2050_rcp_2_6_pvgis_2006,pvgis_2006,2006,1719658758,58,central,central,fb59b12e82b041c59cc8a3933745a40e92c5e89aa7df64846e5855fbd3acb00e,2987a546cb3f48253dcdfdc400036a68d1977eddb1012f753e54eca010acedd8,38669e3f0e715d12f919bbd64ba6e09fbb431145f819869ebd01d20e8fde4ed0,4b5b7791539478f9b2562d1b176e235ac7b641e1afdc40c3d5242661d9dbed3d,2ad0e9f7bbdfe12695c931891fd0e8132d060fd7bcbca23623db43d4c7393a5c,561839806dcdb8279ac4e42025bc5a82751f2588a2b2066fa84637918d8e4896
mc_2298bc636fa0c95d2e2e7287a8939d61496e19d4fa7911c855ce32d766f16810,BE_TABULA_14,"Apartment, enclosed",1971-1990,TABULA_advanced_A_proxy,2851cf077281e480136cab6af02d4720b94564326517124af576ab8634ba52a3,rcp_2_6,weather_2050_rcp_2_6_pvgis_2006,pvgis_2006,2006,229503377,59,central,central,fb59b12e82b041c59cc8a3933745a40e92c5e89aa7df64846e5855fbd3acb00e,2987a546cb3f48253dcdfdc400036a68d1977eddb1012f753e54eca010acedd8,38669e3f0e715d12f919bbd64ba6e09fbb431145f819869ebd01d20e8fde4ed0,4b5b7791539478f9b2562d1b176e235ac7b641e1afdc40c3d5242661d9dbed3d,2ad0e9f7bbdfe12695c931891fd0e8132d060fd7bcbca23623db43d4c7393a5c,561839806dcdb8279ac4e42025bc5a82751f2588a2b2066fa84637918d8e4896
mc_ace192d89aa351b422467571cbaf0ec83b154c3fb90e70ff9096d7e9d9c20517,BE_TABULA_14,"Apartment, enclosed",1971-1990,TABULA_advanced_A_proxy,2851cf077281e480136cab6af02d4720b94564326517124af576ab8634ba52a3,rcp_2_6,weather_2050_rcp_2_6_pvgis_2006,pvgis_2006,2006,3209387723,60,central,central,fb59b12e82b041c59cc8a3933745a40e92c5e89aa7df64846e5855fbd3acb00e,2987a546cb3f48253dcdfdc400036a68d1977eddb1012f753e54eca010acedd8,38669e3f0e715d12f919bbd64ba6e09fbb431145f819869ebd01d20e8fde4ed0,4b5b7791539478f9b2562d1b176e235ac7b641e1afdc40c3d5242661d9dbed3d,2ad0e9f7bbdfe12695c931891fd0e8132d060fd7bcbca23623db43d4c7393a5c,561839806dcdb8279ac4e42025bc5a82751f2588a2b2066fa84637918d8e4896
mc_4b47cdc6aa5dd60139764751292f9f6ec4da2f66ffe118cd6662839185b395db,BE_TABULA_14,"Apartment, enclosed",1971-1990,TABULA_advanced_A_proxy,2851cf077281e480136cab6af02d4720b94564326517124af576ab8634ba52a3,rcp_2_6,weather_2050_rcp_2_6_pvgis_2006,pvgis_2006,2006,3772491886,61,central,central,fb59b12e82b041c59cc8a3933745a40e92c5e89aa7df64846e5855fbd3acb00e,2987a546cb3f48253dcdfdc400036a68d1977eddb1012f753e54eca010acedd8,38669e3f0e715d12f919bbd64ba6e09fbb431145f819869ebd01d20e8fde4ed0,4b5b7791539478f9b2562d1b176e235ac7b641e1afdc40c3d5242661d9dbed3d,2ad0e9f7bbdfe12695c931891fd0e8132d060fd7bcbca23623db43d4c7393a5c,561839806dcdb8279ac4e42025bc5a82751f2588a2b2066fa84637918d8e4896
mc_3c48b8383e2ff8da8f5605ac2beefc03ee5d8c04eafee8e8880215da4ae90002,BE_TABULA_14,"Apartment, enclosed",1971-1990,TABULA_advanced_A_proxy,2851cf077281e480136cab6af02d4720b94564326517124af576ab8634ba52a3,rcp_2_6,weather_2050_rcp_2_6_pvgis_2006,pvgis_2006,2006,1635250833,62,central,central,fb59b12e82b041c59cc8a3933745a40e92c5e89aa7df64846e5855fbd3acb00e,2987a546cb3f48253dcdfdc400036a68d1977eddb1012f753e54eca010acedd8,38669e3f0e715d12f919bbd64ba6e09fbb431145f819869ebd01d20e8fde4ed0,4b5b7791539478f9b2562d1b176e235ac7b641e1afdc40c3d5242661d9dbed3d,2ad0e9f7bbdfe12695c931891fd0e8132d060fd7bcbca23623db43d4c7393a5c,561839806dcdb8279ac4e42025bc5a82751f2588a2b2066fa84637918d8e4896
mc_bff7b7ae88dd48970aa7c853a03a7f5a0ddef2b62b2c553f9f30ffa61082bbf3,BE_TABULA_14,"Apartment, enclosed",1971-1990,TABULA_advanced_A_proxy,2851cf077281e480136cab6af02d4720b94564326517124af576ab8634ba52a3,rcp_2_6,weather_2050_rcp_2_6_pvgis_2006,pvgis_2006,2006,4035582952,63,central,central,fb59b12e82b041c59cc8a3933745a40e92c5e89aa7df64846e5855fbd3acb00e,2987a546cb3f48253dcdfdc400036a68d1977eddb1012f753e54eca010acedd8,38669e3f0e715d12f919bbd64ba6e09fbb431145f819869ebd01d20e8fde4ed0,4b5b7791539478f9b2562d1b176e235ac7b641e1afdc40c3d5242661d9dbed3d,2ad0e9f7bbdfe12695c931891fd0e8132d060fd7bcbca23623db43d4c7393a5c,561839806dcdb8279ac4e42025bc5a82751f2588a2b2066fa84637918d8e4896
mc_accc6ab34123550a8929ac5692978cf3490156799984478cdc68360b37c33d8a,BE_TABULA_14,"Apartment, enclosed",1971-1990,TABULA_advanced_A_proxy,2851cf077281e480136cab6af02d4720b94564326517124af576ab8634ba52a3,rcp_2_6,weather_2050_rcp_2_6_pvgis_2006,pvgis_2006,2006,615541883,64,central,central,fb59b12e82b041c59cc8a3933745a40e92c5e89aa7df64846e5855fbd3acb00e,2987a546cb3f48253dcdfdc400036a68d1977eddb1012f753e54eca010acedd8,38669e3f0e715d12f919bbd64ba6e09fbb431145f819869ebd01d20e8fde4ed0,4b5b7791539478f9b2562d1b176e235ac7b641e1afdc40c3d5242661d9dbed3d,2ad0e9f7bbdfe12695c931891fd0e8132d060fd7bcbca23623db43d4c7393a5c,561839806dcdb8279ac4e42025bc5a82751f2588a2b2066fa84637918d8e4896
mc_6b05c2b4043c812c3f2a8ff7218817d268c464ab43c4ad4df665cedc484adc85,BE_TABULA_14,"Apartment, enclosed",1971-1990,TABULA_advanced_A_proxy,2851cf077281e480136cab6af02d4720b94564326517124af576ab8634ba52a3,rcp_2_6,weather_2050_rcp_2_6_pvgis_2006,pvgis_2006,2006,3820219209,65,central,central,fb59b12e82b041c59cc8a3933745a40e92c5e89aa7df64846e5855fbd3acb00e,2987a546cb3f48253dcdfdc400036a68d1977eddb1012f753e54eca010acedd8,38669e3f0e715d12f919bbd64ba6e09fbb431145f819869ebd01d20e8fde4ed0,4b5b7791539478f9b2562d1b176e235ac7b641e1afdc40c3d5242661d9dbed3d,2ad0e9f7bbdfe12695c931891fd0e8132d060fd7bcbca23623db43d4c7393a5c,561839806dcdb8279ac4e42025bc5a82751f2588a2b2066fa84637918d8e4896
mc_7f16d723719b2fd2635cb330399f6acfa238a7f0486adf3a283213590e87005a,BE_TABULA_14,"Apartment, enclosed",1971-1990,TABULA_advanced_A_proxy,2851cf077281e480136cab6af02d4720b94564326517124af576ab8634ba52a3,rcp_2_6,weather_2050_rcp_2_6_pvgis_2006,pvgis_2006,2006,2055890937,66,central,central,fb59b12e82b041c59cc8a3933745a40e92c5e89aa7df64846e5855fbd3acb00e,2987a546cb3f48253dcdfdc400036a68d1977eddb1012f753e54eca010acedd8,38669e3f0e715d12f919bbd64ba6e09fbb431145f819869ebd01d20e8fde4ed0,4b5b7791539478f9b2562d1b176e235ac7b641e1afdc40c3d5242661d9dbed3d,2ad0e9f7bbdfe12695c931891fd0e8132d060fd7bcbca23623db43d4c7393a5c,561839806dcdb8279ac4e42025bc5a82751f2588a2b2066fa84637918d8e4896
mc_b336044691a519868e525a2898abf98c1d9616885441f5bcda3639e4842d1523,BE_TABULA_14,"Apartment, enclosed",1971-1990,TABULA_advanced_A_proxy,2851cf077281e480136cab6af02d4720b94564326517124af576ab8634ba52a3,rcp_2_6,weather_2050_rcp_2_6_pvgis_2006,pvgis_2006,2006,3962631770,67,central,central,fb59b12e82b041c59cc8a3933745a40e92c5e89aa7df64846e5855fbd3acb00e,2987a546cb3f48253dcdfdc400036a68d1977eddb1012f753e54eca010acedd8,38669e3f0e715d12f919bbd64ba6e09fbb431145f819869ebd01d20e8fde4ed0,4b5b7791539478f9b2562d1b176e235ac7b641e1afdc40c3d5242661d9dbed3d,2ad0e9f7bbdfe12695c931891fd0e8132d060fd7bcbca23623db43d4c7393a5c,561839806dcdb8279ac4e42025bc5a82751f2588a2b2066fa84637918d8e4896
mc_66d161c41557ec82896489fb3be87ae2a26a91beac616cbcce33e0dba39c938d,BE_TABULA_14,"Apartment, enclosed",1971-1990,TABULA_advanced_A_proxy,2851cf077281e480136cab6af02d4720b94564326517124af576ab8634ba52a3,rcp_2_6,weather_2050_rcp_2_6_pvgis_2006,pvgis_2006,2006,292497774,68,central,central,fb59b12e82b041c59cc8a3933745a40e92c5e89aa7df64846e5855fbd3acb00e,2987a546cb3f48253dcdfdc400036a68d1977eddb1012f753e54eca010acedd8,38669e3f0e715d12f919bbd64ba6e09fbb431145f819869ebd01d20e8fde4ed0,4b5b7791539478f9b2562d1b176e235ac7b641e1afdc40c3d5242661d9dbed3d,2ad0e9f7bbdfe12695c931891fd0e8132d060fd7bcbca23623db43d4c7393a5c,561839806dcdb8279ac4e42025bc5a82751f2588a2b2066fa84637918d8e4896
mc_a24e454b88c5ec3e1bafb52f76570aef7ba3135b09ab90d605506cc07b487f21,BE_TABULA_14,"Apartment, enclosed",1971-1990,TABULA_advanced_A_proxy,2851cf077281e480136cab6af02d4720b94564326517124af576ab8634ba52a3,rcp_2_6,weather_2050_rcp_2_6_pvgis_2006,pvgis_2006,2006,238028136,69,central,central,fb59b12e82b041c59cc8a3933745a40e92c5e89aa7df64846e5855fbd3acb00e,2987a546cb3f48253dcdfdc400036a68d1977eddb1012f753e54eca010acedd8,38669e3f0e715d12f919bbd64ba6e09fbb431145f819869ebd01d20e8fde4ed0,4b5b7791539478f9b2562d1b176e235ac7b641e1afdc40c3d5242661d9dbed3d,2ad0e9f7bbdfe12695c931891fd0e8132d060fd7bcbca23623db43d4c7393a5c,561839806dcdb8279ac4e42025bc5a82751f2588a2b2066fa84637918d8e4896
mc_49a69d02ab249a081189decb3a6e2e9e47cd04030cd0acb3f1f548c99d6511f9,BE_TABULA_14,"Apartment, enclosed",1971-1990,TABULA_advanced_A_proxy,2851cf077281e480136cab6af02d4720b94564326517124af576ab8634ba52a3,rcp_2_6,weather_2050_rcp_2_6_pvgis_2006,pvgis_2006,2006,2973159850,70,central,central,fb59b12e82b041c59cc8a3933745a40e92c5e89aa7df64846e5855fbd3acb00e,2987a546cb3f48253dcdfdc400036a68d1977eddb1012f753e54eca010acedd8,38669e3f0e715d12f919bbd64ba6e09fbb431145f819869ebd01d20e8fde4ed0,4b5b7791539478f9b2562d1b176e235ac7b641e1afdc40c3d5242661d9dbed3d,2ad0e9f7bbdfe12695c931891fd0e8132d060fd7bcbca23623db43d4c7393a5c,561839806dcdb8279ac4e42025bc5a82751f2588a2b2066fa84637918d8e4896
mc_109e59871641f695bac043e8f0f9d9497791c011c64ed25616eff520fb0bae35,BE_TABULA_14,"Apartment, enclosed",1971-1990,TABULA_advanced_A_proxy,2851cf077281e480136cab6af02d4720b94564326517124af576ab8634ba52a3,rcp_2_6,weather_2050_rcp_2_6_pvgis_2006,pvgis_2006,2006,3979556006,71,central,central,fb59b12e82b041c59cc8a3933745a40e92c5e89aa7df64846e5855fbd3acb00e,2987a546cb3f48253dcdfdc400036a68d1977eddb1012f753e54eca010acedd8,38669e3f0e715d12f919bbd64ba6e09fbb431145f819869ebd01d20e8fde4ed0,4b5b7791539478f9b2562d1b176e235ac7b641e1afdc40c3d5242661d9dbed3d,2ad0e9f7bbdfe12695c931891fd0e8132d060fd7bcbca23623db43d4c7393a5c,561839806dcdb8279ac4e42025bc5a82751f2588a2b2066fa84637918d8e4896
mc_7cf26b787ab94409bf076f26b9ad533afbd276333aa2f495ad91b0ea7ccc982d,BE_TABULA_14,"Apartment, enclosed",1971-1990,TABULA_advanced_A_proxy,2851cf077281e480136cab6af02d4720b94564326517124af576ab8634ba52a3,rcp_2_6,weather_2050_rcp_2_6_pvgis_2006,pvgis_2006,2006,2849274450,72,central,central,fb59b12e82b041c59cc8a3933745a40e92c5e89aa7df64846e5855fbd3acb00e,2987a546cb3f48253dcdfdc400036a68d1977eddb1012f753e54eca010acedd8,38669e3f0e715d12f919bbd64ba6e09fbb431145f819869ebd01d20e8fde4ed0,4b5b7791539478f9b2562d1b176e235ac7b641e1afdc40c3d5242661d9dbed3d,2ad0e9f7bbdfe12695c931891fd0e8132d060fd7bcbca23623db43d4c7393a5c,561839806dcdb8279ac4e42025bc5a82751f2588a2b2066fa84637918d8e4896
mc_bdfed77cd0fe5e78a3d178942d30eb9291f116cf2d51c32a660174d05cb61375,BE_TABULA_14,"Apartment, enclosed",1971-1990,TABULA_advanced_A_proxy,2851cf077281e480136cab6af02d4720b94564326517124af576ab8634ba52a3,rcp_2_6,weather_2050_rcp_2_6_pvgis_2006,pvgis_2006,2006,1707147214,73,central,central,fb59b12e82b041c59cc8a3933745a40e92c5e89aa7df64846e5855fbd3acb00e,2987a546cb3f48253dcdfdc400036a68d1977eddb1012f753e54eca010acedd8,38669e3f0e715d12f919bbd64ba6e09fbb431145f819869ebd01d20e8fde4ed0,4b5b7791539478f9b2562d1b176e235ac7b641e1afdc40c3d5242661d9dbed3d,2ad0e9f7bbdfe12695c931891fd0e8132d060fd7bcbca23623db43d4c7393a5c,561839806dcdb8279ac4e42025bc5a82751f2588a2b2066fa84637918d8e4896
mc_23af073121b4dce5a01517ff10b1813360b925ca95e0f3e695808ceafce0369d,BE_TABULA_14,"Apartment, enclosed",1971-1990,TABULA_advanced_A_proxy,2851cf077281e480136cab6af02d4720b94564326517124af576ab8634ba52a3,rcp_2_6,weather_2050_rcp_2_6_pvgis_2006,pvgis_2006,2006,422447889,74,central,central,fb59b12e82b041c59cc8a3933745a40e92c5e89aa7df64846e5855fbd3acb00e,2987a546cb3f48253dcdfdc400036a68d1977eddb1012f753e54eca010acedd8,38669e3f0e715d12f919bbd64ba6e09fbb431145f819869ebd01d20e8fde4ed0,4b5b7791539478f9b2562d1b176e235ac7b641e1afdc40c3d5242661d9dbed3d,2ad0e9f7bbdfe12695c931891fd0e8132d060fd7bcbca23623db43d4c7393a5c,561839806dcdb8279ac4e42025bc5a82751f2588a2b2066fa84637918d8e4896
mc_0f762c9ac3ffc46a2f6eadf89ab7774c91d52d4e133c5a966ef2845640f90436,BE_TABULA_14,"Apartment, enclosed",1971-1990,TABULA_advanced_A_proxy,2851cf077281e480136cab6af02d4720b94564326517124af576ab8634ba52a3,rcp_2_6,weather_2050_rcp_2_6_pvgis_2006,pvgis_2006,2006,216697226,75,central,central,fb59b12e82b041c59cc8a3933745a40e92c5e89aa7df64846e5855fbd3acb00e,2987a546cb3f48253dcdfdc400036a68d1977eddb1012f753e54eca010acedd8,38669e3f0e715d12f919bbd64ba6e09fbb431145f819869ebd01d20e8fde4ed0,4b5b7791539478f9b2562d1b176e235ac7b641e1afdc40c3d5242661d9dbed3d,2ad0e9f7bbdfe12695c931891fd0e8132d060fd7bcbca23623db43d4c7393a5c,561839806dcdb8279ac4e42025bc5a82751f2588a2b2066fa84637918d8e4896
mc_c2f9a83409fac7369dca9f9aaf50171aee34cf711fbbbe1efb84699414e6110e,BE_TABULA_14,"Apartment, enclosed",1971-1990,TABULA_advanced_A_proxy,2851cf077281e480136cab6af02d4720b94564326517124af576ab8634ba52a3,rcp_2_6,weather_2050_rcp_2_6_pvgis_2006,pvgis_2006,2006,1850706042,76,central,central,fb59b12e82b041c59cc8a3933745a40e92c5e89aa7df64846e5855fbd3acb00e,2987a546cb3f48253dcdfdc400036a68d1977eddb1012f753e54eca010acedd8,38669e3f0e715d12f919bbd64ba6e09fbb431145f819869ebd01d20e8fde4ed0,4b5b7791539478f9b2562d1b176e235ac7b641e1afdc40c3d5242661d9dbed3d,2ad0e9f7bbdfe12695c931891fd0e8132d060fd7bcbca23623db43d4c7393a5c,561839806dcdb8279ac4e42025bc5a82751f2588a2b2066fa84637918d8e4896
mc_7650cd62a8d70df334bd5d3936f6cd384b46a7140775602dc22407b9948a9dd8,BE_TABULA_14,"Apartment, enclosed",1971-1990,TABULA_advanced_A_proxy,2851cf077281e480136cab6af02d4720b94564326517124af576ab8634ba52a3,rcp_2_6,weather_2050_rcp_2_6_pvgis_2006,pvgis_2006,2006,2345298607,77,central,central,fb59b12e82b041c59cc8a3933745a40e92c5e89aa7df64846e5855fbd3acb00e,2987a546cb3f48253dcdfdc400036a68d1977eddb1012f753e54eca010acedd8,38669e3f0e715d12f919bbd64ba6e09fbb431145f819869ebd01d20e8fde4ed0,4b5b7791539478f9b2562d1b176e235ac7b641e1afdc40c3d5242661d9dbed3d,2ad0e9f7bbdfe12695c931891fd0e8132d060fd7bcbca23623db43d4c7393a5c,561839806dcdb8279ac4e42025bc5a82751f2588a2b2066fa84637918d8e4896
mc_a3305850f07ffc67968f45d11690dcc9ba6d83c45e804414f9ac8f9f07491e72,BE_TABULA_14,"Apartment, enclosed",1971-1990,TABULA_advanced_A_proxy,2851cf077281e480136cab6af02d4720b94564326517124af576ab8634ba52a3,rcp_2_6,weather_2050_rcp_2_6_pvgis_2006,pvgis_2006,2006,2582489112,78,central,central,fb59b12e82b041c59cc8a3933745a40e92c5e89aa7df64846e5855fbd3acb00e,2987a546cb3f48253dcdfdc400036a68d1977eddb1012f753e54eca010acedd8,38669e3f0e715d12f919bbd64ba6e09fbb431145f819869ebd01d20e8fde4ed0,4b5b7791539478f9b2562d1b176e235ac7b641e1afdc40c3d5242661d9dbed3d,2ad0e9f7bbdfe12695c931891fd0e8132d060fd7bcbca23623db43d4c7393a5c,561839806dcdb8279ac4e42025bc5a82751f2588a2b2066fa84637918d8e4896
mc_63c9ec64e4b770ee3d5f415de03d8c2cc24a960d130d35929135644175128d10,BE_TABULA_14,"Apartment, enclosed",1971-1990,TABULA_advanced_A_proxy,2851cf077281e480136cab6af02d4720b94564326517124af576ab8634ba52a3,rcp_2_6,weather_2050_rcp_2_6_pvgis_2006,pvgis_2006,2006,1092453103,79,central,central,fb59b12e82b041c59cc8a3933745a40e92c5e89aa7df64846e5855fbd3acb00e,2987a546cb3f48253dcdfdc400036a68d1977eddb1012f753e54eca010acedd8,38669e3f0e715d12f919bbd64ba6e09fbb431145f819869ebd01d20e8fde4ed0,4b5b7791539478f9b2562d1b176e235ac7b641e1afdc40c3d5242661d9dbed3d,2ad0e9f7bbdfe12695c931891fd0e8132d060fd7bcbca23623db43d4c7393a5c,561839806dcdb8279ac4e42025bc5a82751f2588a2b2066fa84637918d8e4896
mc_c1f9d4cdac6212aab66c9edbadc07aceded912fec7c8c6daca6922581454056d,BE_TABULA_14,"Apartment, enclosed",1971-1990,TABULA_advanced_A_proxy,2851cf077281e480136cab6af02d4720b94564326517124af576ab8634ba52a3,rcp_2_6,weather_2050_rcp_2_6_pvgis_2006,pvgis_2006,2006,2333746188,80,central,central,fb59b12e82b041c59cc8a3933745a40e92c5e89aa7df64846e5855fbd3acb00e,2987a546cb3f48253dcdfdc400036a68d1977eddb1012f753e54eca010acedd8,38669e3f0e715d12f919bbd64ba6e09fbb431145f819869ebd01d20e8fde4ed0,4b5b7791539478f9b2562d1b176e235ac7b641e1afdc40c3d5242661d9dbed3d,2ad0e9f7bbdfe12695c931891fd0e8132d060fd7bcbca23623db43d4c7393a5c,561839806dcdb8279ac4e42025bc5a82751f2588a2b2066fa84637918d8e4896
