scenario,target_year,region,archetype_id,dwelling_type,construction_period,renovation_state,state_dwellings,regional_modelled_stock_dwellings,heating_variant_id,variant_share,variant_dwellings,energy_carrier,space_heating_system,dhw_system,heat_emitter,supply_temperature_c,ventilation_system,hrv_eta,summer_bypass,reversible_cooling_capable,source_id,assumption_id
central,2050,Flemish Region,BE_TABULA_01,Detached house,pre-1946,TABULA_existing,0,3244134,current_electricity,0.075,0,electricity,electric_resistance_or_existing_heat_pump_unspecified,electric_DHW_unspecified,direct_electric_or_hydronic_unspecified,,,,false,false,SCP_BE_SILC_2022,REGIONAL_CURRENT_HEATING_UNIFORM_V2+CURRENT_SYSTEM_MAPPING_V2
central,2050,Flemish Region,BE_TABULA_01,Detached house,pre-1946,TABULA_existing,0,3244134,current_gas,0.712,0,gas,gas_boiler_unspecified,gas_DHW_or_combiboiler,standard_hydronic_radiators,,,,false,false,SCP_BE_SILC_2022,REGIONAL_CURRENT_HEATING_UNIFORM_V2+CURRENT_SYSTEM_MAPPING_V2
central,2050,Flemish Region,BE_TABULA_01,Detached house,pre-1946,TABULA_existing,0,3244134,current_oil,0.147,0,oil,oil_boiler_unspecified,oil_DHW_or_separate_tank,standard_hydronic_radiators,,,,false,false,SCP_BE_SILC_2022,REGIONAL_CURRENT_HEATING_UNIFORM_V2+CURRENT_SYSTEM_MAPPING_V2
central,2050,Flemish Region,BE_TABULA_01,Detached house,pre-1946,TABULA_existing,0,3244134,current_other,0.066,0,other,biomass_propane_district_or_other_lumped,other_or_unknown_DHW,unknown_or_hydronic_emitters,,,,false,false,SCP_BE_SILC_2022,REGIONAL_CURRENT_HEATING_UNIFORM_V2+CURRENT_SYSTEM_MAPPING_V2
central,2050,Flemish Region,BE_TABULA_01,Detached house,pre-1946,TABULA_standard_B_proxy,88869.6418435,3244134,current_electricity,0.075,6665.2231382625,electricity,electric_resistance_or_existing_heat_pump_unspecified,electric_DHW_unspecified,direct_electric_or_hydronic_unspecified,,,,false,false,SCP_BE_SILC_2022,REGIONAL_CURRENT_HEATING_UNIFORM_V2+CURRENT_SYSTEM_MAPPING_V2
central,2050,Flemish Region,BE_TABULA_01,Detached house,pre-1946,TABULA_standard_B_proxy,88869.6418435,3244134,current_gas,0.712,63275.184992571994,gas,gas_boiler_unspecified,gas_DHW_or_combiboiler,standard_hydronic_radiators,,,,false,false,SCP_BE_SILC_2022,REGIONAL_CURRENT_HEATING_UNIFORM_V2+CURRENT_SYSTEM_MAPPING_V2
central,2050,Flemish Region,BE_TABULA_01,Detached house,pre-1946,TABULA_standard_B_proxy,88869.6418435,3244134,current_oil,0.147,13063.837350994498,oil,oil_boiler_unspecified,oil_DHW_or_separate_tank,standard_hydronic_radiators,,,,false,false,SCP_BE_SILC_2022,REGIONAL_CURRENT_HEATING_UNIFORM_V2+CURRENT_SYSTEM_MAPPING_V2
central,2050,Flemish Region,BE_TABULA_01,Detached house,pre-1946,TABULA_standard_B_proxy,88869.6418435,3244134,current_other,0.066,5865.396361671,other,biomass_propane_district_or_other_lumped,other_or_unknown_DHW,unknown_or_hydronic_emitters,,,,false,false,SCP_BE_SILC_2022,REGIONAL_CURRENT_HEATING_UNIFORM_V2+CURRENT_SYSTEM_MAPPING_V2
central,2050,Flemish Region,BE_TABULA_01,Detached house,pre-1946,TABULA_advanced_A_proxy,18771.2560065,3244134,advanced_air_water_heat_pump,1,18771.2560065,electricity_plus_ambient_heat,air_water_heat_pump,heat_pump_DHW_tank_or_integrated_HP_DHW,low_temperature_radiators,45,balanced_mechanical_HRV,0.80,true,true,EC_EPBD_45C_GUIDANCE,ADVANCED_TECHNOLOGY_PACKAGE_V2
central,2050,Flemish Region,BE_TABULA_02,Semi-detached house,pre-1946,TABULA_existing,0,3244134,current_electricity,0.075,0,electricity,electric_resistance_or_existing_heat_pump_unspecified,electric_DHW_unspecified,direct_electric_or_hydronic_unspecified,,,,false,false,SCP_BE_SILC_2022,REGIONAL_CURRENT_HEATING_UNIFORM_V2+CURRENT_SYSTEM_MAPPING_V2
central,2050,Flemish Region,BE_TABULA_02,Semi-detached house,pre-1946,TABULA_existing,0,3244134,current_gas,0.712,0,gas,gas_boiler_unspecified,gas_DHW_or_combiboiler,standard_hydronic_radiators,,,,false,false,SCP_BE_SILC_2022,REGIONAL_CURRENT_HEATING_UNIFORM_V2+CURRENT_SYSTEM_MAPPING_V2
central,2050,Flemish Region,BE_TABULA_02,Semi-detached house,pre-1946,TABULA_existing,0,3244134,current_oil,0.147,0,oil,oil_boiler_unspecified,oil_DHW_or_separate_tank,standard_hydronic_radiators,,,,false,false,SCP_BE_SILC_2022,REGIONAL_CURRENT_HEATING_UNIFORM_V2+CURRENT_SYSTEM_MAPPING_V2
central,2050,Flemish Region,BE_TABULA_02,Semi-detached house,pre-1946,TABULA_existing,0,3244134,current_other,0.066,0,other,biomass_propane_district_or_other_lumped,other_or_unknown_DHW,unknown_or_hydronic_emitters,,,,false,false,SCP_BE_SILC_2022,REGIONAL_CURRENT_HEATING_UNIFORM_V2+CURRENT_SYSTEM_MAPPING_V2
central,2050,Flemish Region,BE_TABULA_02,Semi-detached house,pre-1946,TABULA_standard_B_proxy,115048.63274239999,3244134,current_electricity,0.075,8628.647455679999,electricity,electric_resistance_or_existing_heat_pump_unspecified,electric_DHW_unspecified,direct_electric_or_hydronic_unspecified,,,,false,false,SCP_BE_SILC_2022,REGIONAL_CURRENT_HEATING_UNIFORM_V2+CURRENT_SYSTEM_MAPPING_V2
central,2050,Flemish Region,BE_TABULA_02,Semi-detached house,pre-1946,TABULA_standard_B_proxy,115048.63274239999,3244134,current_gas,0.712,81914.62651258879,gas,gas_boiler_unspecified,gas_DHW_or_combiboiler,standard_hydronic_radiators,,,,false,false,SCP_BE_SILC_2022,REGIONAL_CURRENT_HEATING_UNIFORM_V2+CURRENT_SYSTEM_MAPPING_V2
central,2050,Flemish Region,BE_TABULA_02,Semi-detached house,pre-1946,TABULA_standard_B_proxy,115048.63274239999,3244134,current_oil,0.147,16912.1490131328,oil,oil_boiler_unspecified,oil_DHW_or_separate_tank,standard_hydronic_radiators,,,,false,false,SCP_BE_SILC_2022,REGIONAL_CURRENT_HEATING_UNIFORM_V2+CURRENT_SYSTEM_MAPPING_V2
central,2050,Flemish Region,BE_TABULA_02,Semi-detached house,pre-1946,TABULA_standard_B_proxy,115048.63274239999,3244134,current_other,0.066,7593.209760998399,other,biomass_propane_district_or_other_lumped,other_or_unknown_DHW,unknown_or_hydronic_emitters,,,,false,false,SCP_BE_SILC_2022,REGIONAL_CURRENT_HEATING_UNIFORM_V2+CURRENT_SYSTEM_MAPPING_V2
central,2050,Flemish Region,BE_TABULA_02,Semi-detached house,pre-1946,TABULA_advanced_A_proxy,21360.3869745,3244134,advanced_air_water_heat_pump,1,21360.3869745,electricity_plus_ambient_heat,air_water_heat_pump,heat_pump_DHW_tank_or_integrated_HP_DHW,low_temperature_radiators,45,balanced_mechanical_HRV,0.80,true,true,EC_EPBD_45C_GUIDANCE,ADVANCED_TECHNOLOGY_PACKAGE_V2
central,2050,Flemish Region,BE_TABULA_03,Terraced house,pre-1946,TABULA_existing,0,3244134,current_electricity,0.075,0,electricity,electric_resistance_or_existing_heat_pump_unspecified,electric_DHW_unspecified,direct_electric_or_hydronic_unspecified,,,,false,false,SCP_BE_SILC_2022,REGIONAL_CURRENT_HEATING_UNIFORM_V2+CURRENT_SYSTEM_MAPPING_V2
central,2050,Flemish Region,BE_TABULA_03,Terraced house,pre-1946,TABULA_existing,0,3244134,current_gas,0.712,0,gas,gas_boiler_unspecified,gas_DHW_or_combiboiler,standard_hydronic_radiators,,,,false,false,SCP_BE_SILC_2022,REGIONAL_CURRENT_HEATING_UNIFORM_V2+CURRENT_SYSTEM_MAPPING_V2
central,2050,Flemish Region,BE_TABULA_03,Terraced house,pre-1946,TABULA_existing,0,3244134,current_oil,0.147,0,oil,oil_boiler_unspecified,oil_DHW_or_separate_tank,standard_hydronic_radiators,,,,false,false,SCP_BE_SILC_2022,REGIONAL_CURRENT_HEATING_UNIFORM_V2+CURRENT_SYSTEM_MAPPING_V2
central,2050,Flemish Region,BE_TABULA_03,Terraced house,pre-1946,TABULA_existing,0,3244134,current_other,0.066,0,other,biomass_propane_district_or_other_lumped,other_or_unknown_DHW,unknown_or_hydronic_emitters,,,,false,false,SCP_BE_SILC_2022,REGIONAL_CURRENT_HEATING_UNIFORM_V2+CURRENT_SYSTEM_MAPPING_V2
central,2050,Flemish Region,BE_TABULA_03,Terraced house,pre-1946,TABULA_standard_B_proxy,292801.089711,3244134,current_electricity,0.075,21960.081728324996,electricity,electric_resistance_or_existing_heat_pump_unspecified,electric_DHW_unspecified,direct_electric_or_hydronic_unspecified,,,,false,false,SCP_BE_SILC_2022,REGIONAL_CURRENT_HEATING_UNIFORM_V2+CURRENT_SYSTEM_MAPPING_V2
central,2050,Flemish Region,BE_TABULA_03,Terraced house,pre-1946,TABULA_standard_B_proxy,292801.089711,3244134,current_gas,0.712,208474.37587423198,gas,gas_boiler_unspecified,gas_DHW_or_combiboiler,standard_hydronic_radiators,,,,false,false,SCP_BE_SILC_2022,REGIONAL_CURRENT_HEATING_UNIFORM_V2+CURRENT_SYSTEM_MAPPING_V2
central,2050,Flemish Region,BE_TABULA_03,Terraced house,pre-1946,TABULA_standard_B_proxy,292801.089711,3244134,current_oil,0.147,43041.76018751699,oil,oil_boiler_unspecified,oil_DHW_or_separate_tank,standard_hydronic_radiators,,,,false,false,SCP_BE_SILC_2022,REGIONAL_CURRENT_HEATING_UNIFORM_V2+CURRENT_SYSTEM_MAPPING_V2
central,2050,Flemish Region,BE_TABULA_03,Terraced house,pre-1946,TABULA_standard_B_proxy,292801.089711,3244134,current_other,0.066,19324.871920925998,other,biomass_propane_district_or_other_lumped,other_or_unknown_DHW,unknown_or_hydronic_emitters,,,,false,false,SCP_BE_SILC_2022,REGIONAL_CURRENT_HEATING_UNIFORM_V2+CURRENT_SYSTEM_MAPPING_V2
central,2050,Flemish Region,BE_TABULA_03,Terraced house,pre-1946,TABULA_advanced_A_proxy,77383.52906729997,3244134,advanced_air_water_heat_pump,1,77383.52906729997,electricity_plus_ambient_heat,air_water_heat_pump,heat_pump_DHW_tank_or_integrated_HP_DHW,low_temperature_radiators,45,balanced_mechanical_HRV,0.80,true,true,EC_EPBD_45C_GUIDANCE,ADVANCED_TECHNOLOGY_PACKAGE_V2
central,2050,Flemish Region,BE_TABULA_04,"Apartment, enclosed",pre-1946,TABULA_existing,53835.1448708,3244134,current_electricity,0.075,4037.63586531,electricity,electric_resistance_or_existing_heat_pump_unspecified,electric_DHW_unspecified,direct_electric_or_hydronic_unspecified,,,,false,false,SCP_BE_SILC_2022,REGIONAL_CURRENT_HEATING_UNIFORM_V2+CURRENT_SYSTEM_MAPPING_V2
central,2050,Flemish Region,BE_TABULA_04,"Apartment, enclosed",pre-1946,TABULA_existing,53835.1448708,3244134,current_gas,0.712,38330.6231480096,gas,gas_boiler_unspecified,gas_DHW_or_combiboiler,standard_hydronic_radiators,,,,false,false,SCP_BE_SILC_2022,REGIONAL_CURRENT_HEATING_UNIFORM_V2+CURRENT_SYSTEM_MAPPING_V2
central,2050,Flemish Region,BE_TABULA_04,"Apartment, enclosed",pre-1946,TABULA_existing,53835.1448708,3244134,current_oil,0.147,7913.7662960076,oil,oil_boiler_unspecified,oil_DHW_or_separate_tank,standard_hydronic_radiators,,,,false,false,SCP_BE_SILC_2022,REGIONAL_CURRENT_HEATING_UNIFORM_V2+CURRENT_SYSTEM_MAPPING_V2
central,2050,Flemish Region,BE_TABULA_04,"Apartment, enclosed",pre-1946,TABULA_existing,53835.1448708,3244134,current_other,0.066,3553.1195614728,other,biomass_propane_district_or_other_lumped,other_or_unknown_DHW,unknown_or_hydronic_emitters,,,,false,false,SCP_BE_SILC_2022,REGIONAL_CURRENT_HEATING_UNIFORM_V2+CURRENT_SYSTEM_MAPPING_V2
central,2050,Flemish Region,BE_TABULA_04,"Apartment, enclosed",pre-1946,TABULA_standard_B_proxy,17164.8287994,3244134,current_electricity,0.075,1287.362159955,electricity,electric_resistance_or_existing_heat_pump_unspecified,electric_DHW_unspecified,direct_electric_or_hydronic_unspecified,,,,false,false,SCP_BE_SILC_2022,REGIONAL_CURRENT_HEATING_UNIFORM_V2+CURRENT_SYSTEM_MAPPING_V2
central,2050,Flemish Region,BE_TABULA_04,"Apartment, enclosed",pre-1946,TABULA_standard_B_proxy,17164.8287994,3244134,current_gas,0.712,12221.358105172798,gas,gas_boiler_unspecified,gas_DHW_or_combiboiler,standard_hydronic_radiators,,,,false,false,SCP_BE_SILC_2022,REGIONAL_CURRENT_HEATING_UNIFORM_V2+CURRENT_SYSTEM_MAPPING_V2
central,2050,Flemish Region,BE_TABULA_04,"Apartment, enclosed",pre-1946,TABULA_standard_B_proxy,17164.8287994,3244134,current_oil,0.147,2523.2298335118,oil,oil_boiler_unspecified,oil_DHW_or_separate_tank,standard_hydronic_radiators,,,,false,false,SCP_BE_SILC_2022,REGIONAL_CURRENT_HEATING_UNIFORM_V2+CURRENT_SYSTEM_MAPPING_V2
central,2050,Flemish Region,BE_TABULA_04,"Apartment, enclosed",pre-1946,TABULA_standard_B_proxy,17164.8287994,3244134,current_other,0.066,1132.8787007604,other,biomass_propane_district_or_other_lumped,other_or_unknown_DHW,unknown_or_hydronic_emitters,,,,false,false,SCP_BE_SILC_2022,REGIONAL_CURRENT_HEATING_UNIFORM_V2+CURRENT_SYSTEM_MAPPING_V2
central,2050,Flemish Region,BE_TABULA_04,"Apartment, enclosed",pre-1946,TABULA_advanced_A_proxy,7021.97541793,3244134,advanced_air_water_heat_pump,1,7021.97541793,electricity_plus_ambient_heat,air_water_heat_pump,heat_pump_DHW_tank_or_integrated_HP_DHW,low_temperature_radiators,45,balanced_mechanical_HRV,0.80,true,true,EC_EPBD_45C_GUIDANCE,ADVANCED_TECHNOLOGY_PACKAGE_V2
central,2050,Flemish Region,BE_TABULA_05,"Apartment, exposed",pre-1946,TABULA_existing,0,3244134,current_electricity,0.075,0,electricity,electric_resistance_or_existing_heat_pump_unspecified,electric_DHW_unspecified,direct_electric_or_hydronic_unspecified,,,,false,false,SCP_BE_SILC_2022,REGIONAL_CURRENT_HEATING_UNIFORM_V2+CURRENT_SYSTEM_MAPPING_V2
central,2050,Flemish Region,BE_TABULA_05,"Apartment, exposed",pre-1946,TABULA_existing,0,3244134,current_gas,0.712,0,gas,gas_boiler_unspecified,gas_DHW_or_combiboiler,standard_hydronic_radiators,,,,false,false,SCP_BE_SILC_2022,REGIONAL_CURRENT_HEATING_UNIFORM_V2+CURRENT_SYSTEM_MAPPING_V2
central,2050,Flemish Region,BE_TABULA_05,"Apartment, exposed",pre-1946,TABULA_existing,0,3244134,current_oil,0.147,0,oil,oil_boiler_unspecified,oil_DHW_or_separate_tank,standard_hydronic_radiators,,,,false,false,SCP_BE_SILC_2022,REGIONAL_CURRENT_HEATING_UNIFORM_V2+CURRENT_SYSTEM_MAPPING_V2
central,2050,Flemish Region,BE_TABULA_05,"Apartment, exposed",pre-1946,TABULA_existing,0,3244134,current_other,0.066,0,other,biomass_propane_district_or_other_lumped,other_or_unknown_DHW,unknown_or_hydronic_emitters,,,,false,false,SCP_BE_SILC_2022,REGIONAL_CURRENT_HEATING_UNIFORM_V2+CURRENT_SYSTEM_MAPPING_V2
central,2050,Flemish Region,BE_TABULA_05,"Apartment, exposed",pre-1946,TABULA_standard_B_proxy,61916.3984702,3244134,current_electricity,0.075,4643.729885265,electricity,electric_resistance_or_existing_heat_pump_unspecified,electric_DHW_unspecified,direct_electric_or_hydronic_unspecified,,,,false,false,SCP_BE_SILC_2022,REGIONAL_CURRENT_HEATING_UNIFORM_V2+CURRENT_SYSTEM_MAPPING_V2
central,2050,Flemish Region,BE_TABULA_05,"Apartment, exposed",pre-1946,TABULA_standard_B_proxy,61916.3984702,3244134,current_gas,0.712,44084.4757107824,gas,gas_boiler_unspecified,gas_DHW_or_combiboiler,standard_hydronic_radiators,,,,false,false,SCP_BE_SILC_2022,REGIONAL_CURRENT_HEATING_UNIFORM_V2+CURRENT_SYSTEM_MAPPING_V2
central,2050,Flemish Region,BE_TABULA_05,"Apartment, exposed",pre-1946,TABULA_standard_B_proxy,61916.3984702,3244134,current_oil,0.147,9101.7105751194,oil,oil_boiler_unspecified,oil_DHW_or_separate_tank,standard_hydronic_radiators,,,,false,false,SCP_BE_SILC_2022,REGIONAL_CURRENT_HEATING_UNIFORM_V2+CURRENT_SYSTEM_MAPPING_V2
central,2050,Flemish Region,BE_TABULA_05,"Apartment, exposed",pre-1946,TABULA_standard_B_proxy,61916.3984702,3244134,current_other,0.066,4086.4822990332,other,biomass_propane_district_or_other_lumped,other_or_unknown_DHW,unknown_or_hydronic_emitters,,,,false,false,SCP_BE_SILC_2022,REGIONAL_CURRENT_HEATING_UNIFORM_V2+CURRENT_SYSTEM_MAPPING_V2
central,2050,Flemish Region,BE_TABULA_05,"Apartment, exposed",pre-1946,TABULA_advanced_A_proxy,16105.550617930001,3244134,advanced_air_water_heat_pump,1,16105.550617930001,electricity_plus_ambient_heat,air_water_heat_pump,heat_pump_DHW_tank_or_integrated_HP_DHW,low_temperature_radiators,45,balanced_mechanical_HRV,0.80,true,true,EC_EPBD_45C_GUIDANCE,ADVANCED_TECHNOLOGY_PACKAGE_V2
central,2050,Flemish Region,BE_TABULA_06,Detached house,1946-1970,TABULA_existing,0,3244134,current_electricity,0.075,0,electricity,electric_resistance_or_existing_heat_pump_unspecified,electric_DHW_unspecified,direct_electric_or_hydronic_unspecified,,,,false,false,SCP_BE_SILC_2022,REGIONAL_CURRENT_HEATING_UNIFORM_V2+CURRENT_SYSTEM_MAPPING_V2
central,2050,Flemish Region,BE_TABULA_06,Detached house,1946-1970,TABULA_existing,0,3244134,current_gas,0.712,0,gas,gas_boiler_unspecified,gas_DHW_or_combiboiler,standard_hydronic_radiators,,,,false,false,SCP_BE_SILC_2022,REGIONAL_CURRENT_HEATING_UNIFORM_V2+CURRENT_SYSTEM_MAPPING_V2
central,2050,Flemish Region,BE_TABULA_06,Detached house,1946-1970,TABULA_existing,0,3244134,current_oil,0.147,0,oil,oil_boiler_unspecified,oil_DHW_or_separate_tank,standard_hydronic_radiators,,,,false,false,SCP_BE_SILC_2022,REGIONAL_CURRENT_HEATING_UNIFORM_V2+CURRENT_SYSTEM_MAPPING_V2
central,2050,Flemish Region,BE_TABULA_06,Detached house,1946-1970,TABULA_existing,0,3244134,current_other,0.066,0,other,biomass_propane_district_or_other_lumped,other_or_unknown_DHW,unknown_or_hydronic_emitters,,,,false,false,SCP_BE_SILC_2022,REGIONAL_CURRENT_HEATING_UNIFORM_V2+CURRENT_SYSTEM_MAPPING_V2
central,2050,Flemish Region,BE_TABULA_06,Detached house,1946-1970,TABULA_standard_B_proxy,158573.6233579,3244134,current_electricity,0.075,11893.0217518425,electricity,electric_resistance_or_existing_heat_pump_unspecified,electric_DHW_unspecified,direct_electric_or_hydronic_unspecified,,,,false,false,SCP_BE_SILC_2022,REGIONAL_CURRENT_HEATING_UNIFORM_V2+CURRENT_SYSTEM_MAPPING_V2
central,2050,Flemish Region,BE_TABULA_06,Detached house,1946-1970,TABULA_standard_B_proxy,158573.6233579,3244134,current_gas,0.712,112904.4198308248,gas,gas_boiler_unspecified,gas_DHW_or_combiboiler,standard_hydronic_radiators,,,,false,false,SCP_BE_SILC_2022,REGIONAL_CURRENT_HEATING_UNIFORM_V2+CURRENT_SYSTEM_MAPPING_V2
central,2050,Flemish Region,BE_TABULA_06,Detached house,1946-1970,TABULA_standard_B_proxy,158573.6233579,3244134,current_oil,0.147,23310.3226336113,oil,oil_boiler_unspecified,oil_DHW_or_separate_tank,standard_hydronic_radiators,,,,false,false,SCP_BE_SILC_2022,REGIONAL_CURRENT_HEATING_UNIFORM_V2+CURRENT_SYSTEM_MAPPING_V2
central,2050,Flemish Region,BE_TABULA_06,Detached house,1946-1970,TABULA_standard_B_proxy,158573.6233579,3244134,current_other,0.066,10465.8591416214,other,biomass_propane_district_or_other_lumped,other_or_unknown_DHW,unknown_or_hydronic_emitters,,,,false,false,SCP_BE_SILC_2022,REGIONAL_CURRENT_HEATING_UNIFORM_V2+CURRENT_SYSTEM_MAPPING_V2
central,2050,Flemish Region,BE_TABULA_06,Detached house,1946-1970,TABULA_advanced_A_proxy,45628.9579145,3244134,advanced_air_water_heat_pump,1,45628.9579145,electricity_plus_ambient_heat,air_water_heat_pump,heat_pump_DHW_tank_or_integrated_HP_DHW,low_temperature_radiators,45,balanced_mechanical_HRV,0.80,true,true,EC_EPBD_45C_GUIDANCE,ADVANCED_TECHNOLOGY_PACKAGE_V2
central,2050,Flemish Region,BE_TABULA_07,Semi-detached house,1946-1970,TABULA_existing,0,3244134,current_electricity,0.075,0,electricity,electric_resistance_or_existing_heat_pump_unspecified,electric_DHW_unspecified,direct_electric_or_hydronic_unspecified,,,,false,false,SCP_BE_SILC_2022,REGIONAL_CURRENT_HEATING_UNIFORM_V2+CURRENT_SYSTEM_MAPPING_V2
central,2050,Flemish Region,BE_TABULA_07,Semi-detached house,1946-1970,TABULA_existing,0,3244134,current_gas,0.712,0,gas,gas_boiler_unspecified,gas_DHW_or_combiboiler,standard_hydronic_radiators,,,,false,false,SCP_BE_SILC_2022,REGIONAL_CURRENT_HEATING_UNIFORM_V2+CURRENT_SYSTEM_MAPPING_V2
central,2050,Flemish Region,BE_TABULA_07,Semi-detached house,1946-1970,TABULA_existing,0,3244134,current_oil,0.147,0,oil,oil_boiler_unspecified,oil_DHW_or_separate_tank,standard_hydronic_radiators,,,,false,false,SCP_BE_SILC_2022,REGIONAL_CURRENT_HEATING_UNIFORM_V2+CURRENT_SYSTEM_MAPPING_V2
central,2050,Flemish Region,BE_TABULA_07,Semi-detached house,1946-1970,TABULA_existing,0,3244134,current_other,0.066,0,other,biomass_propane_district_or_other_lumped,other_or_unknown_DHW,unknown_or_hydronic_emitters,,,,false,false,SCP_BE_SILC_2022,REGIONAL_CURRENT_HEATING_UNIFORM_V2+CURRENT_SYSTEM_MAPPING_V2
central,2050,Flemish Region,BE_TABULA_07,Semi-detached house,1946-1970,TABULA_standard_B_proxy,149704.22621790002,3244134,current_electricity,0.075,11227.816966342501,electricity,electric_resistance_or_existing_heat_pump_unspecified,electric_DHW_unspecified,direct_electric_or_hydronic_unspecified,,,,false,false,SCP_BE_SILC_2022,REGIONAL_CURRENT_HEATING_UNIFORM_V2+CURRENT_SYSTEM_MAPPING_V2
central,2050,Flemish Region,BE_TABULA_07,Semi-detached house,1946-1970,TABULA_standard_B_proxy,149704.22621790002,3244134,current_gas,0.712,106589.4090671448,gas,gas_boiler_unspecified,gas_DHW_or_combiboiler,standard_hydronic_radiators,,,,false,false,SCP_BE_SILC_2022,REGIONAL_CURRENT_HEATING_UNIFORM_V2+CURRENT_SYSTEM_MAPPING_V2
central,2050,Flemish Region,BE_TABULA_07,Semi-detached house,1946-1970,TABULA_standard_B_proxy,149704.22621790002,3244134,current_oil,0.147,22006.521254031304,oil,oil_boiler_unspecified,oil_DHW_or_separate_tank,standard_hydronic_radiators,,,,false,false,SCP_BE_SILC_2022,REGIONAL_CURRENT_HEATING_UNIFORM_V2+CURRENT_SYSTEM_MAPPING_V2
central,2050,Flemish Region,BE_TABULA_07,Semi-detached house,1946-1970,TABULA_standard_B_proxy,149704.22621790002,3244134,current_other,0.066,9880.478930381401,other,biomass_propane_district_or_other_lumped,other_or_unknown_DHW,unknown_or_hydronic_emitters,,,,false,false,SCP_BE_SILC_2022,REGIONAL_CURRENT_HEATING_UNIFORM_V2+CURRENT_SYSTEM_MAPPING_V2
central,2050,Flemish Region,BE_TABULA_07,Semi-detached house,1946-1970,TABULA_advanced_A_proxy,44751.7647908,3244134,advanced_air_water_heat_pump,1,44751.7647908,electricity_plus_ambient_heat,air_water_heat_pump,heat_pump_DHW_tank_or_integrated_HP_DHW,low_temperature_radiators,45,balanced_mechanical_HRV,0.80,true,true,EC_EPBD_45C_GUIDANCE,ADVANCED_TECHNOLOGY_PACKAGE_V2
central,2050,Flemish Region,BE_TABULA_08,Terraced house,1946-1970,TABULA_existing,0,3244134,current_electricity,0.075,0,electricity,electric_resistance_or_existing_heat_pump_unspecified,electric_DHW_unspecified,direct_electric_or_hydronic_unspecified,,,,false,false,SCP_BE_SILC_2022,REGIONAL_CURRENT_HEATING_UNIFORM_V2+CURRENT_SYSTEM_MAPPING_V2
central,2050,Flemish Region,BE_TABULA_08,Terraced house,1946-1970,TABULA_existing,0,3244134,current_gas,0.712,0,gas,gas_boiler_unspecified,gas_DHW_or_combiboiler,standard_hydronic_radiators,,,,false,false,SCP_BE_SILC_2022,REGIONAL_CURRENT_HEATING_UNIFORM_V2+CURRENT_SYSTEM_MAPPING_V2
central,2050,Flemish Region,BE_TABULA_08,Terraced house,1946-1970,TABULA_existing,0,3244134,current_oil,0.147,0,oil,oil_boiler_unspecified,oil_DHW_or_separate_tank,standard_hydronic_radiators,,,,false,false,SCP_BE_SILC_2022,REGIONAL_CURRENT_HEATING_UNIFORM_V2+CURRENT_SYSTEM_MAPPING_V2
central,2050,Flemish Region,BE_TABULA_08,Terraced house,1946-1970,TABULA_existing,0,3244134,current_other,0.066,0,other,biomass_propane_district_or_other_lumped,other_or_unknown_DHW,unknown_or_hydronic_emitters,,,,false,false,SCP_BE_SILC_2022,REGIONAL_CURRENT_HEATING_UNIFORM_V2+CURRENT_SYSTEM_MAPPING_V2
central,2050,Flemish Region,BE_TABULA_08,Terraced house,1946-1970,TABULA_standard_B_proxy,129457.05841210006,3244134,current_electricity,0.075,9709.279380907505,electricity,electric_resistance_or_existing_heat_pump_unspecified,electric_DHW_unspecified,direct_electric_or_hydronic_unspecified,,,,false,false,SCP_BE_SILC_2022,REGIONAL_CURRENT_HEATING_UNIFORM_V2+CURRENT_SYSTEM_MAPPING_V2
central,2050,Flemish Region,BE_TABULA_08,Terraced house,1946-1970,TABULA_standard_B_proxy,129457.05841210006,3244134,current_gas,0.712,92173.42558941523,gas,gas_boiler_unspecified,gas_DHW_or_combiboiler,standard_hydronic_radiators,,,,false,false,SCP_BE_SILC_2022,REGIONAL_CURRENT_HEATING_UNIFORM_V2+CURRENT_SYSTEM_MAPPING_V2
central,2050,Flemish Region,BE_TABULA_08,Terraced house,1946-1970,TABULA_standard_B_proxy,129457.05841210006,3244134,current_oil,0.147,19030.187586578708,oil,oil_boiler_unspecified,oil_DHW_or_separate_tank,standard_hydronic_radiators,,,,false,false,SCP_BE_SILC_2022,REGIONAL_CURRENT_HEATING_UNIFORM_V2+CURRENT_SYSTEM_MAPPING_V2
central,2050,Flemish Region,BE_TABULA_08,Terraced house,1946-1970,TABULA_standard_B_proxy,129457.05841210006,3244134,current_other,0.066,8544.165855198604,other,biomass_propane_district_or_other_lumped,other_or_unknown_DHW,unknown_or_hydronic_emitters,,,,false,false,SCP_BE_SILC_2022,REGIONAL_CURRENT_HEATING_UNIFORM_V2+CURRENT_SYSTEM_MAPPING_V2
central,2050,Flemish Region,BE_TABULA_08,Terraced house,1946-1970,TABULA_advanced_A_proxy,37321.15371239992,3244134,advanced_air_water_heat_pump,1,37321.15371239992,electricity_plus_ambient_heat,air_water_heat_pump,heat_pump_DHW_tank_or_integrated_HP_DHW,low_temperature_radiators,45,balanced_mechanical_HRV,0.80,true,true,EC_EPBD_45C_GUIDANCE,ADVANCED_TECHNOLOGY_PACKAGE_V2
central,2050,Flemish Region,BE_TABULA_09,"Apartment, enclosed",1946-1970,TABULA_existing,72522.9907542,3244134,current_electricity,0.075,5439.224306565,electricity,electric_resistance_or_existing_heat_pump_unspecified,electric_DHW_unspecified,direct_electric_or_hydronic_unspecified,,,,false,false,SCP_BE_SILC_2022,REGIONAL_CURRENT_HEATING_UNIFORM_V2+CURRENT_SYSTEM_MAPPING_V2
central,2050,Flemish Region,BE_TABULA_09,"Apartment, enclosed",1946-1970,TABULA_existing,72522.9907542,3244134,current_gas,0.712,51636.3694169904,gas,gas_boiler_unspecified,gas_DHW_or_combiboiler,standard_hydronic_radiators,,,,false,false,SCP_BE_SILC_2022,REGIONAL_CURRENT_HEATING_UNIFORM_V2+CURRENT_SYSTEM_MAPPING_V2
central,2050,Flemish Region,BE_TABULA_09,"Apartment, enclosed",1946-1970,TABULA_existing,72522.9907542,3244134,current_oil,0.147,10660.879640867399,oil,oil_boiler_unspecified,oil_DHW_or_separate_tank,standard_hydronic_radiators,,,,false,false,SCP_BE_SILC_2022,REGIONAL_CURRENT_HEATING_UNIFORM_V2+CURRENT_SYSTEM_MAPPING_V2
central,2050,Flemish Region,BE_TABULA_09,"Apartment, enclosed",1946-1970,TABULA_existing,72522.9907542,3244134,current_other,0.066,4786.5173897772,other,biomass_propane_district_or_other_lumped,other_or_unknown_DHW,unknown_or_hydronic_emitters,,,,false,false,SCP_BE_SILC_2022,REGIONAL_CURRENT_HEATING_UNIFORM_V2+CURRENT_SYSTEM_MAPPING_V2
central,2050,Flemish Region,BE_TABULA_09,"Apartment, enclosed",1946-1970,TABULA_standard_B_proxy,23123.2724144,3244134,current_electricity,0.075,1734.24543108,electricity,electric_resistance_or_existing_heat_pump_unspecified,electric_DHW_unspecified,direct_electric_or_hydronic_unspecified,,,,false,false,SCP_BE_SILC_2022,REGIONAL_CURRENT_HEATING_UNIFORM_V2+CURRENT_SYSTEM_MAPPING_V2
central,2050,Flemish Region,BE_TABULA_09,"Apartment, enclosed",1946-1970,TABULA_standard_B_proxy,23123.2724144,3244134,current_gas,0.712,16463.7699590528,gas,gas_boiler_unspecified,gas_DHW_or_combiboiler,standard_hydronic_radiators,,,,false,false,SCP_BE_SILC_2022,REGIONAL_CURRENT_HEATING_UNIFORM_V2+CURRENT_SYSTEM_MAPPING_V2
central,2050,Flemish Region,BE_TABULA_09,"Apartment, enclosed",1946-1970,TABULA_standard_B_proxy,23123.2724144,3244134,current_oil,0.147,3399.1210449168,oil,oil_boiler_unspecified,oil_DHW_or_separate_tank,standard_hydronic_radiators,,,,false,false,SCP_BE_SILC_2022,REGIONAL_CURRENT_HEATING_UNIFORM_V2+CURRENT_SYSTEM_MAPPING_V2
central,2050,Flemish Region,BE_TABULA_09,"Apartment, enclosed",1946-1970,TABULA_standard_B_proxy,23123.2724144,3244134,current_other,0.066,1526.1359793504,other,biomass_propane_district_or_other_lumped,other_or_unknown_DHW,unknown_or_hydronic_emitters,,,,false,false,SCP_BE_SILC_2022,REGIONAL_CURRENT_HEATING_UNIFORM_V2+CURRENT_SYSTEM_MAPPING_V2
central,2050,Flemish Region,BE_TABULA_09,"Apartment, enclosed",1946-1970,TABULA_advanced_A_proxy,9459.52053315,3244134,advanced_air_water_heat_pump,1,9459.52053315,electricity_plus_ambient_heat,air_water_heat_pump,heat_pump_DHW_tank_or_integrated_HP_DHW,low_temperature_radiators,45,balanced_mechanical_HRV,0.80,true,true,EC_EPBD_45C_GUIDANCE,ADVANCED_TECHNOLOGY_PACKAGE_V2
central,2050,Flemish Region,BE_TABULA_10,"Apartment, exposed",1946-1970,TABULA_existing,0,3244134,current_electricity,0.075,0,electricity,electric_resistance_or_existing_heat_pump_unspecified,electric_DHW_unspecified,direct_electric_or_hydronic_unspecified,,,,false,false,SCP_BE_SILC_2022,REGIONAL_CURRENT_HEATING_UNIFORM_V2+CURRENT_SYSTEM_MAPPING_V2
central,2050,Flemish Region,BE_TABULA_10,"Apartment, exposed",1946-1970,TABULA_existing,0,3244134,current_gas,0.712,0,gas,gas_boiler_unspecified,gas_DHW_or_combiboiler,standard_hydronic_radiators,,,,false,false,SCP_BE_SILC_2022,REGIONAL_CURRENT_HEATING_UNIFORM_V2+CURRENT_SYSTEM_MAPPING_V2
central,2050,Flemish Region,BE_TABULA_10,"Apartment, exposed",1946-1970,TABULA_existing,0,3244134,current_oil,0.147,0,oil,oil_boiler_unspecified,oil_DHW_or_separate_tank,standard_hydronic_radiators,,,,false,false,SCP_BE_SILC_2022,REGIONAL_CURRENT_HEATING_UNIFORM_V2+CURRENT_SYSTEM_MAPPING_V2
central,2050,Flemish Region,BE_TABULA_10,"Apartment, exposed",1946-1970,TABULA_existing,0,3244134,current_other,0.066,0,other,biomass_propane_district_or_other_lumped,other_or_unknown_DHW,unknown_or_hydronic_emitters,,,,false,false,SCP_BE_SILC_2022,REGIONAL_CURRENT_HEATING_UNIFORM_V2+CURRENT_SYSTEM_MAPPING_V2
central,2050,Flemish Region,BE_TABULA_10,"Apartment, exposed",1946-1970,TABULA_standard_B_proxy,77479.1127686,3244134,current_electricity,0.075,5810.933457644999,electricity,electric_resistance_or_existing_heat_pump_unspecified,electric_DHW_unspecified,direct_electric_or_hydronic_unspecified,,,,false,false,SCP_BE_SILC_2022,REGIONAL_CURRENT_HEATING_UNIFORM_V2+CURRENT_SYSTEM_MAPPING_V2
central,2050,Flemish Region,BE_TABULA_10,"Apartment, exposed",1946-1970,TABULA_standard_B_proxy,77479.1127686,3244134,current_gas,0.712,55165.12829124319,gas,gas_boiler_unspecified,gas_DHW_or_combiboiler,standard_hydronic_radiators,,,,false,false,SCP_BE_SILC_2022,REGIONAL_CURRENT_HEATING_UNIFORM_V2+CURRENT_SYSTEM_MAPPING_V2
central,2050,Flemish Region,BE_TABULA_10,"Apartment, exposed",1946-1970,TABULA_standard_B_proxy,77479.1127686,3244134,current_oil,0.147,11389.4295769842,oil,oil_boiler_unspecified,oil_DHW_or_separate_tank,standard_hydronic_radiators,,,,false,false,SCP_BE_SILC_2022,REGIONAL_CURRENT_HEATING_UNIFORM_V2+CURRENT_SYSTEM_MAPPING_V2
central,2050,Flemish Region,BE_TABULA_10,"Apartment, exposed",1946-1970,TABULA_standard_B_proxy,77479.1127686,3244134,current_other,0.066,5113.6214427276,other,biomass_propane_district_or_other_lumped,other_or_unknown_DHW,unknown_or_hydronic_emitters,,,,false,false,SCP_BE_SILC_2022,REGIONAL_CURRENT_HEATING_UNIFORM_V2+CURRENT_SYSTEM_MAPPING_V2
central,2050,Flemish Region,BE_TABULA_10,"Apartment, exposed",1946-1970,TABULA_advanced_A_proxy,27626.670933150002,3244134,advanced_air_water_heat_pump,1,27626.670933150002,electricity_plus_ambient_heat,air_water_heat_pump,heat_pump_DHW_tank_or_integrated_HP_DHW,low_temperature_radiators,45,balanced_mechanical_HRV,0.80,true,true,EC_EPBD_45C_GUIDANCE,ADVANCED_TECHNOLOGY_PACKAGE_V2
central,2050,Flemish Region,BE_TABULA_11,Detached house,1971-1990,TABULA_existing,0,3244134,current_electricity,0.075,0,electricity,electric_resistance_or_existing_heat_pump_unspecified,electric_DHW_unspecified,direct_electric_or_hydronic_unspecified,,,,false,false,SCP_BE_SILC_2022,REGIONAL_CURRENT_HEATING_UNIFORM_V2+CURRENT_SYSTEM_MAPPING_V2
central,2050,Flemish Region,BE_TABULA_11,Detached house,1971-1990,TABULA_existing,0,3244134,current_gas,0.712,0,gas,gas_boiler_unspecified,gas_DHW_or_combiboiler,standard_hydronic_radiators,,,,false,false,SCP_BE_SILC_2022,REGIONAL_CURRENT_HEATING_UNIFORM_V2+CURRENT_SYSTEM_MAPPING_V2
central,2050,Flemish Region,BE_TABULA_11,Detached house,1971-1990,TABULA_existing,0,3244134,current_oil,0.147,0,oil,oil_boiler_unspecified,oil_DHW_or_separate_tank,standard_hydronic_radiators,,,,false,false,SCP_BE_SILC_2022,REGIONAL_CURRENT_HEATING_UNIFORM_V2+CURRENT_SYSTEM_MAPPING_V2
central,2050,Flemish Region,BE_TABULA_11,Detached house,1971-1990,TABULA_existing,0,3244134,current_other,0.066,0,other,biomass_propane_district_or_other_lumped,other_or_unknown_DHW,unknown_or_hydronic_emitters,,,,false,false,SCP_BE_SILC_2022,REGIONAL_CURRENT_HEATING_UNIFORM_V2+CURRENT_SYSTEM_MAPPING_V2
central,2050,Flemish Region,BE_TABULA_11,Detached house,1971-1990,TABULA_standard_B_proxy,246169.63663939995,3244134,current_electricity,0.075,18462.722747954995,electricity,electric_resistance_or_existing_heat_pump_unspecified,electric_DHW_unspecified,direct_electric_or_hydronic_unspecified,,,,false,false,SCP_BE_SILC_2022,REGIONAL_CURRENT_HEATING_UNIFORM_V2+CURRENT_SYSTEM_MAPPING_V2
central,2050,Flemish Region,BE_TABULA_11,Detached house,1971-1990,TABULA_standard_B_proxy,246169.63663939995,3244134,current_gas,0.712,175272.78128725276,gas,gas_boiler_unspecified,gas_DHW_or_combiboiler,standard_hydronic_radiators,,,,false,false,SCP_BE_SILC_2022,REGIONAL_CURRENT_HEATING_UNIFORM_V2+CURRENT_SYSTEM_MAPPING_V2
central,2050,Flemish Region,BE_TABULA_11,Detached house,1971-1990,TABULA_standard_B_proxy,246169.63663939995,3244134,current_oil,0.147,36186.93658599179,oil,oil_boiler_unspecified,oil_DHW_or_separate_tank,standard_hydronic_radiators,,,,false,false,SCP_BE_SILC_2022,REGIONAL_CURRENT_HEATING_UNIFORM_V2+CURRENT_SYSTEM_MAPPING_V2
central,2050,Flemish Region,BE_TABULA_11,Detached house,1971-1990,TABULA_standard_B_proxy,246169.63663939995,3244134,current_other,0.066,16247.196018200397,other,biomass_propane_district_or_other_lumped,other_or_unknown_DHW,unknown_or_hydronic_emitters,,,,false,false,SCP_BE_SILC_2022,REGIONAL_CURRENT_HEATING_UNIFORM_V2+CURRENT_SYSTEM_MAPPING_V2
central,2050,Flemish Region,BE_TABULA_11,Detached house,1971-1990,TABULA_advanced_A_proxy,55776.87419820004,3244134,advanced_air_water_heat_pump,1,55776.87419820004,electricity_plus_ambient_heat,air_water_heat_pump,heat_pump_DHW_tank_or_integrated_HP_DHW,low_temperature_radiators,45,balanced_mechanical_HRV,0.80,true,true,EC_EPBD_45C_GUIDANCE,ADVANCED_TECHNOLOGY_PACKAGE_V2
central,2050,Flemish Region,BE_TABULA_12,Semi-detached house,1971-1990,TABULA_existing,0,3244134,current_electricity,0.075,0,electricity,electric_resistance_or_existing_heat_pump_unspecified,electric_DHW_unspecified,direct_electric_or_hydronic_unspecified,,,,false,false,SCP_BE_SILC_2022,REGIONAL_CURRENT_HEATING_UNIFORM_V2+CURRENT_SYSTEM_MAPPING_V2
central,2050,Flemish Region,BE_TABULA_12,Semi-detached house,1971-1990,TABULA_existing,0,3244134,current_gas,0.712,0,gas,gas_boiler_unspecified,gas_DHW_or_combiboiler,standard_hydronic_radiators,,,,false,false,SCP_BE_SILC_2022,REGIONAL_CURRENT_HEATING_UNIFORM_V2+CURRENT_SYSTEM_MAPPING_V2
central,2050,Flemish Region,BE_TABULA_12,Semi-detached house,1971-1990,TABULA_existing,0,3244134,current_oil,0.147,0,oil,oil_boiler_unspecified,oil_DHW_or_separate_tank,standard_hydronic_radiators,,,,false,false,SCP_BE_SILC_2022,REGIONAL_CURRENT_HEATING_UNIFORM_V2+CURRENT_SYSTEM_MAPPING_V2
central,2050,Flemish Region,BE_TABULA_12,Semi-detached house,1971-1990,TABULA_existing,0,3244134,current_other,0.066,0,other,biomass_propane_district_or_other_lumped,other_or_unknown_DHW,unknown_or_hydronic_emitters,,,,false,false,SCP_BE_SILC_2022,REGIONAL_CURRENT_HEATING_UNIFORM_V2+CURRENT_SYSTEM_MAPPING_V2
central,2050,Flemish Region,BE_TABULA_12,Semi-detached house,1971-1990,TABULA_standard_B_proxy,95195.99660719992,3244134,current_electricity,0.075,7139.699745539994,electricity,electric_resistance_or_existing_heat_pump_unspecified,electric_DHW_unspecified,direct_electric_or_hydronic_unspecified,,,,false,false,SCP_BE_SILC_2022,REGIONAL_CURRENT_HEATING_UNIFORM_V2+CURRENT_SYSTEM_MAPPING_V2
central,2050,Flemish Region,BE_TABULA_12,Semi-detached house,1971-1990,TABULA_standard_B_proxy,95195.99660719992,3244134,current_gas,0.712,67779.54958432633,gas,gas_boiler_unspecified,gas_DHW_or_combiboiler,standard_hydronic_radiators,,,,false,false,SCP_BE_SILC_2022,REGIONAL_CURRENT_HEATING_UNIFORM_V2+CURRENT_SYSTEM_MAPPING_V2
central,2050,Flemish Region,BE_TABULA_12,Semi-detached house,1971-1990,TABULA_standard_B_proxy,95195.99660719992,3244134,current_oil,0.147,13993.811501258388,oil,oil_boiler_unspecified,oil_DHW_or_separate_tank,standard_hydronic_radiators,,,,false,false,SCP_BE_SILC_2022,REGIONAL_CURRENT_HEATING_UNIFORM_V2+CURRENT_SYSTEM_MAPPING_V2
central,2050,Flemish Region,BE_TABULA_12,Semi-detached house,1971-1990,TABULA_standard_B_proxy,95195.99660719992,3244134,current_other,0.066,6282.935776075196,other,biomass_propane_district_or_other_lumped,other_or_unknown_DHW,unknown_or_hydronic_emitters,,,,false,false,SCP_BE_SILC_2022,REGIONAL_CURRENT_HEATING_UNIFORM_V2+CURRENT_SYSTEM_MAPPING_V2
central,2050,Flemish Region,BE_TABULA_12,Semi-detached house,1971-1990,TABULA_advanced_A_proxy,24825.08337740008,3244134,advanced_air_water_heat_pump,1,24825.08337740008,electricity_plus_ambient_heat,air_water_heat_pump,heat_pump_DHW_tank_or_integrated_HP_DHW,low_temperature_radiators,45,balanced_mechanical_HRV,0.80,true,true,EC_EPBD_45C_GUIDANCE,ADVANCED_TECHNOLOGY_PACKAGE_V2
central,2050,Flemish Region,BE_TABULA_13,Terraced house,1971-1990,TABULA_existing,53884.9657742,3244134,current_electricity,0.075,4041.372433065,electricity,electric_resistance_or_existing_heat_pump_unspecified,electric_DHW_unspecified,direct_electric_or_hydronic_unspecified,,,,false,false,SCP_BE_SILC_2022,REGIONAL_CURRENT_HEATING_UNIFORM_V2+CURRENT_SYSTEM_MAPPING_V2
central,2050,Flemish Region,BE_TABULA_13,Terraced house,1971-1990,TABULA_existing,53884.9657742,3244134,current_gas,0.712,38366.0956312304,gas,gas_boiler_unspecified,gas_DHW_or_combiboiler,standard_hydronic_radiators,,,,false,false,SCP_BE_SILC_2022,REGIONAL_CURRENT_HEATING_UNIFORM_V2+CURRENT_SYSTEM_MAPPING_V2
central,2050,Flemish Region,BE_TABULA_13,Terraced house,1971-1990,TABULA_existing,53884.9657742,3244134,current_oil,0.147,7921.0899688074,oil,oil_boiler_unspecified,oil_DHW_or_separate_tank,standard_hydronic_radiators,,,,false,false,SCP_BE_SILC_2022,REGIONAL_CURRENT_HEATING_UNIFORM_V2+CURRENT_SYSTEM_MAPPING_V2
central,2050,Flemish Region,BE_TABULA_13,Terraced house,1971-1990,TABULA_existing,53884.9657742,3244134,current_other,0.066,3556.4077410972,other,biomass_propane_district_or_other_lumped,other_or_unknown_DHW,unknown_or_hydronic_emitters,,,,false,false,SCP_BE_SILC_2022,REGIONAL_CURRENT_HEATING_UNIFORM_V2+CURRENT_SYSTEM_MAPPING_V2
central,2050,Flemish Region,BE_TABULA_13,Terraced house,1971-1990,TABULA_standard_B_proxy,17180.7137251,3244134,current_electricity,0.075,1288.5535293825,electricity,electric_resistance_or_existing_heat_pump_unspecified,electric_DHW_unspecified,direct_electric_or_hydronic_unspecified,,,,false,false,SCP_BE_SILC_2022,REGIONAL_CURRENT_HEATING_UNIFORM_V2+CURRENT_SYSTEM_MAPPING_V2
central,2050,Flemish Region,BE_TABULA_13,Terraced house,1971-1990,TABULA_standard_B_proxy,17180.7137251,3244134,current_gas,0.712,12232.668172271198,gas,gas_boiler_unspecified,gas_DHW_or_combiboiler,standard_hydronic_radiators,,,,false,false,SCP_BE_SILC_2022,REGIONAL_CURRENT_HEATING_UNIFORM_V2+CURRENT_SYSTEM_MAPPING_V2
central,2050,Flemish Region,BE_TABULA_13,Terraced house,1971-1990,TABULA_standard_B_proxy,17180.7137251,3244134,current_oil,0.147,2525.5649175897,oil,oil_boiler_unspecified,oil_DHW_or_separate_tank,standard_hydronic_radiators,,,,false,false,SCP_BE_SILC_2022,REGIONAL_CURRENT_HEATING_UNIFORM_V2+CURRENT_SYSTEM_MAPPING_V2
central,2050,Flemish Region,BE_TABULA_13,Terraced house,1971-1990,TABULA_standard_B_proxy,17180.7137251,3244134,current_other,0.066,1133.9271058566,other,biomass_propane_district_or_other_lumped,other_or_unknown_DHW,unknown_or_hydronic_emitters,,,,false,false,SCP_BE_SILC_2022,REGIONAL_CURRENT_HEATING_UNIFORM_V2+CURRENT_SYSTEM_MAPPING_V2
central,2050,Flemish Region,BE_TABULA_13,Terraced house,1971-1990,TABULA_advanced_A_proxy,7028.47379664,3244134,advanced_air_water_heat_pump,1,7028.47379664,electricity_plus_ambient_heat,air_water_heat_pump,heat_pump_DHW_tank_or_integrated_HP_DHW,low_temperature_radiators,45,balanced_mechanical_HRV,0.80,true,true,EC_EPBD_45C_GUIDANCE,ADVANCED_TECHNOLOGY_PACKAGE_V2
central,2050,Flemish Region,BE_TABULA_14,"Apartment, enclosed",1971-1990,TABULA_existing,74096.1974229,3244134,current_electricity,0.075,5557.2148067175,electricity,electric_resistance_or_existing_heat_pump_unspecified,electric_DHW_unspecified,direct_electric_or_hydronic_unspecified,,,,false,false,SCP_BE_SILC_2022,REGIONAL_CURRENT_HEATING_UNIFORM_V2+CURRENT_SYSTEM_MAPPING_V2
central,2050,Flemish Region,BE_TABULA_14,"Apartment, enclosed",1971-1990,TABULA_existing,74096.1974229,3244134,current_gas,0.712,52756.4925651048,gas,gas_boiler_unspecified,gas_DHW_or_combiboiler,standard_hydronic_radiators,,,,false,false,SCP_BE_SILC_2022,REGIONAL_CURRENT_HEATING_UNIFORM_V2+CURRENT_SYSTEM_MAPPING_V2
central,2050,Flemish Region,BE_TABULA_14,"Apartment, enclosed",1971-1990,TABULA_existing,74096.1974229,3244134,current_oil,0.147,10892.1410211663,oil,oil_boiler_unspecified,oil_DHW_or_separate_tank,standard_hydronic_radiators,,,,false,false,SCP_BE_SILC_2022,REGIONAL_CURRENT_HEATING_UNIFORM_V2+CURRENT_SYSTEM_MAPPING_V2
central,2050,Flemish Region,BE_TABULA_14,"Apartment, enclosed",1971-1990,TABULA_existing,74096.1974229,3244134,current_other,0.066,4890.3490299114,other,biomass_propane_district_or_other_lumped,other_or_unknown_DHW,unknown_or_hydronic_emitters,,,,false,false,SCP_BE_SILC_2022,REGIONAL_CURRENT_HEATING_UNIFORM_V2+CURRENT_SYSTEM_MAPPING_V2
central,2050,Flemish Region,BE_TABULA_14,"Apartment, enclosed",1971-1990,TABULA_standard_B_proxy,23624.8745406,3244134,current_electricity,0.075,1771.865590545,electricity,electric_resistance_or_existing_heat_pump_unspecified,electric_DHW_unspecified,direct_electric_or_hydronic_unspecified,,,,false,false,SCP_BE_SILC_2022,REGIONAL_CURRENT_HEATING_UNIFORM_V2+CURRENT_SYSTEM_MAPPING_V2
central,2050,Flemish Region,BE_TABULA_14,"Apartment, enclosed",1971-1990,TABULA_standard_B_proxy,23624.8745406,3244134,current_gas,0.712,16820.9106729072,gas,gas_boiler_unspecified,gas_DHW_or_combiboiler,standard_hydronic_radiators,,,,false,false,SCP_BE_SILC_2022,REGIONAL_CURRENT_HEATING_UNIFORM_V2+CURRENT_SYSTEM_MAPPING_V2
central,2050,Flemish Region,BE_TABULA_14,"Apartment, enclosed",1971-1990,TABULA_standard_B_proxy,23624.8745406,3244134,current_oil,0.147,3472.8565574682,oil,oil_boiler_unspecified,oil_DHW_or_separate_tank,standard_hydronic_radiators,,,,false,false,SCP_BE_SILC_2022,REGIONAL_CURRENT_HEATING_UNIFORM_V2+CURRENT_SYSTEM_MAPPING_V2
central,2050,Flemish Region,BE_TABULA_14,"Apartment, enclosed",1971-1990,TABULA_standard_B_proxy,23624.8745406,3244134,current_other,0.066,1559.2417196796,other,biomass_propane_district_or_other_lumped,other_or_unknown_DHW,unknown_or_hydronic_emitters,,,,false,false,SCP_BE_SILC_2022,REGIONAL_CURRENT_HEATING_UNIFORM_V2+CURRENT_SYSTEM_MAPPING_V2
central,2050,Flemish Region,BE_TABULA_14,"Apartment, enclosed",1971-1990,TABULA_advanced_A_proxy,9664.72140299,3244134,advanced_air_water_heat_pump,1,9664.72140299,electricity_plus_ambient_heat,air_water_heat_pump,heat_pump_DHW_tank_or_integrated_HP_DHW,low_temperature_radiators,45,balanced_mechanical_HRV,0.80,true,true,EC_EPBD_45C_GUIDANCE,ADVANCED_TECHNOLOGY_PACKAGE_V2
central,2050,Flemish Region,BE_TABULA_15,"Apartment, exposed",1971-1990,TABULA_existing,0,3244134,current_electricity,0.075,0,electricity,electric_resistance_or_existing_heat_pump_unspecified,electric_DHW_unspecified,direct_electric_or_hydronic_unspecified,,,,false,false,SCP_BE_SILC_2022,REGIONAL_CURRENT_HEATING_UNIFORM_V2+CURRENT_SYSTEM_MAPPING_V2
central,2050,Flemish Region,BE_TABULA_15,"Apartment, exposed",1971-1990,TABULA_existing,0,3244134,current_gas,0.712,0,gas,gas_boiler_unspecified,gas_DHW_or_combiboiler,standard_hydronic_radiators,,,,false,false,SCP_BE_SILC_2022,REGIONAL_CURRENT_HEATING_UNIFORM_V2+CURRENT_SYSTEM_MAPPING_V2
central,2050,Flemish Region,BE_TABULA_15,"Apartment, exposed",1971-1990,TABULA_existing,0,3244134,current_oil,0.147,0,oil,oil_boiler_unspecified,oil_DHW_or_separate_tank,standard_hydronic_radiators,,,,false,false,SCP_BE_SILC_2022,REGIONAL_CURRENT_HEATING_UNIFORM_V2+CURRENT_SYSTEM_MAPPING_V2
central,2050,Flemish Region,BE_TABULA_15,"Apartment, exposed",1971-1990,TABULA_existing,0,3244134,current_other,0.066,0,other,biomass_propane_district_or_other_lumped,other_or_unknown_DHW,unknown_or_hydronic_emitters,,,,false,false,SCP_BE_SILC_2022,REGIONAL_CURRENT_HEATING_UNIFORM_V2+CURRENT_SYSTEM_MAPPING_V2
central,2050,Flemish Region,BE_TABULA_15,"Apartment, exposed",1971-1990,TABULA_standard_B_proxy,88637.4967635,3244134,current_electricity,0.075,6647.812257262501,electricity,electric_resistance_or_existing_heat_pump_unspecified,electric_DHW_unspecified,direct_electric_or_hydronic_unspecified,,,,false,false,SCP_BE_SILC_2022,REGIONAL_CURRENT_HEATING_UNIFORM_V2+CURRENT_SYSTEM_MAPPING_V2
central,2050,Flemish Region,BE_TABULA_15,"Apartment, exposed",1971-1990,TABULA_standard_B_proxy,88637.4967635,3244134,current_gas,0.712,63109.897695612,gas,gas_boiler_unspecified,gas_DHW_or_combiboiler,standard_hydronic_radiators,,,,false,false,SCP_BE_SILC_2022,REGIONAL_CURRENT_HEATING_UNIFORM_V2+CURRENT_SYSTEM_MAPPING_V2
central,2050,Flemish Region,BE_TABULA_15,"Apartment, exposed",1971-1990,TABULA_standard_B_proxy,88637.4967635,3244134,current_oil,0.147,13029.7120242345,oil,oil_boiler_unspecified,oil_DHW_or_separate_tank,standard_hydronic_radiators,,,,false,false,SCP_BE_SILC_2022,REGIONAL_CURRENT_HEATING_UNIFORM_V2+CURRENT_SYSTEM_MAPPING_V2
central,2050,Flemish Region,BE_TABULA_15,"Apartment, exposed",1971-1990,TABULA_standard_B_proxy,88637.4967635,3244134,current_other,0.066,5850.074786391001,other,biomass_propane_district_or_other_lumped,other_or_unknown_DHW,unknown_or_hydronic_emitters,,,,false,false,SCP_BE_SILC_2022,REGIONAL_CURRENT_HEATING_UNIFORM_V2+CURRENT_SYSTEM_MAPPING_V2
central,2050,Flemish Region,BE_TABULA_15,"Apartment, exposed",1971-1990,TABULA_advanced_A_proxy,18748.29660299,3244134,advanced_air_water_heat_pump,1,18748.29660299,electricity_plus_ambient_heat,air_water_heat_pump,heat_pump_DHW_tank_or_integrated_HP_DHW,low_temperature_radiators,45,balanced_mechanical_HRV,0.80,true,true,EC_EPBD_45C_GUIDANCE,ADVANCED_TECHNOLOGY_PACKAGE_V2
central,2050,Flemish Region,BE_TABULA_16,Detached house,1991-2005,TABULA_existing,74527.7766154999,3244134,current_electricity,0.075,5589.583246162492,electricity,electric_resistance_or_existing_heat_pump_unspecified,electric_DHW_unspecified,direct_electric_or_hydronic_unspecified,,,,false,false,SCP_BE_SILC_2022,REGIONAL_CURRENT_HEATING_UNIFORM_V2+CURRENT_SYSTEM_MAPPING_V2
central,2050,Flemish Region,BE_TABULA_16,Detached house,1991-2005,TABULA_existing,74527.7766154999,3244134,current_gas,0.712,53063.77695023592,gas,gas_boiler_unspecified,gas_DHW_or_combiboiler,standard_hydronic_radiators,,,,false,false,SCP_BE_SILC_2022,REGIONAL_CURRENT_HEATING_UNIFORM_V2+CURRENT_SYSTEM_MAPPING_V2
central,2050,Flemish Region,BE_TABULA_16,Detached house,1991-2005,TABULA_existing,74527.7766154999,3244134,current_oil,0.147,10955.583162478484,oil,oil_boiler_unspecified,oil_DHW_or_separate_tank,standard_hydronic_radiators,,,,false,false,SCP_BE_SILC_2022,REGIONAL_CURRENT_HEATING_UNIFORM_V2+CURRENT_SYSTEM_MAPPING_V2
central,2050,Flemish Region,BE_TABULA_16,Detached house,1991-2005,TABULA_existing,74527.7766154999,3244134,current_other,0.066,4918.833256622994,other,biomass_propane_district_or_other_lumped,other_or_unknown_DHW,unknown_or_hydronic_emitters,,,,false,false,SCP_BE_SILC_2022,REGIONAL_CURRENT_HEATING_UNIFORM_V2+CURRENT_SYSTEM_MAPPING_V2
central,2050,Flemish Region,BE_TABULA_16,Detached house,1991-2005,TABULA_standard_B_proxy,89788.32335780008,3244134,current_electricity,0.075,6734.124251835005,electricity,electric_resistance_or_existing_heat_pump_unspecified,electric_DHW_unspecified,direct_electric_or_hydronic_unspecified,,,,false,false,SCP_BE_SILC_2022,REGIONAL_CURRENT_HEATING_UNIFORM_V2+CURRENT_SYSTEM_MAPPING_V2
central,2050,Flemish Region,BE_TABULA_16,Detached house,1991-2005,TABULA_standard_B_proxy,89788.32335780008,3244134,current_gas,0.712,63929.286230753656,gas,gas_boiler_unspecified,gas_DHW_or_combiboiler,standard_hydronic_radiators,,,,false,false,SCP_BE_SILC_2022,REGIONAL_CURRENT_HEATING_UNIFORM_V2+CURRENT_SYSTEM_MAPPING_V2
central,2050,Flemish Region,BE_TABULA_16,Detached house,1991-2005,TABULA_standard_B_proxy,89788.32335780008,3244134,current_oil,0.147,13198.88353359661,oil,oil_boiler_unspecified,oil_DHW_or_separate_tank,standard_hydronic_radiators,,,,false,false,SCP_BE_SILC_2022,REGIONAL_CURRENT_HEATING_UNIFORM_V2+CURRENT_SYSTEM_MAPPING_V2
central,2050,Flemish Region,BE_TABULA_16,Detached house,1991-2005,TABULA_standard_B_proxy,89788.32335780008,3244134,current_other,0.066,5926.029341614805,other,biomass_propane_district_or_other_lumped,other_or_unknown_DHW,unknown_or_hydronic_emitters,,,,false,false,SCP_BE_SILC_2022,REGIONAL_CURRENT_HEATING_UNIFORM_V2+CURRENT_SYSTEM_MAPPING_V2
central,2050,Flemish Region,BE_TABULA_16,Detached house,1991-2005,TABULA_advanced_A_proxy,26232.9936237,3244134,advanced_air_water_heat_pump,1,26232.9936237,electricity_plus_ambient_heat,air_water_heat_pump,heat_pump_DHW_tank_or_integrated_HP_DHW,low_temperature_radiators,45,balanced_mechanical_HRV,0.80,true,true,EC_EPBD_45C_GUIDANCE,ADVANCED_TECHNOLOGY_PACKAGE_V2
central,2050,Flemish Region,BE_TABULA_17,Semi-detached house,1991-2005,TABULA_existing,45333.6639793,3244134,current_electricity,0.075,3400.0247984475,electricity,electric_resistance_or_existing_heat_pump_unspecified,electric_DHW_unspecified,direct_electric_or_hydronic_unspecified,,,,false,false,SCP_BE_SILC_2022,REGIONAL_CURRENT_HEATING_UNIFORM_V2+CURRENT_SYSTEM_MAPPING_V2
central,2050,Flemish Region,BE_TABULA_17,Semi-detached house,1991-2005,TABULA_existing,45333.6639793,3244134,current_gas,0.712,32277.5687532616,gas,gas_boiler_unspecified,gas_DHW_or_combiboiler,standard_hydronic_radiators,,,,false,false,SCP_BE_SILC_2022,REGIONAL_CURRENT_HEATING_UNIFORM_V2+CURRENT_SYSTEM_MAPPING_V2
central,2050,Flemish Region,BE_TABULA_17,Semi-detached house,1991-2005,TABULA_existing,45333.6639793,3244134,current_oil,0.147,6664.0486049571,oil,oil_boiler_unspecified,oil_DHW_or_separate_tank,standard_hydronic_radiators,,,,false,false,SCP_BE_SILC_2022,REGIONAL_CURRENT_HEATING_UNIFORM_V2+CURRENT_SYSTEM_MAPPING_V2
central,2050,Flemish Region,BE_TABULA_17,Semi-detached house,1991-2005,TABULA_existing,45333.6639793,3244134,current_other,0.066,2992.0218226338,other,biomass_propane_district_or_other_lumped,other_or_unknown_DHW,unknown_or_hydronic_emitters,,,,false,false,SCP_BE_SILC_2022,REGIONAL_CURRENT_HEATING_UNIFORM_V2+CURRENT_SYSTEM_MAPPING_V2
central,2050,Flemish Region,BE_TABULA_17,Semi-detached house,1991-2005,TABULA_standard_B_proxy,14454.2117035,3244134,current_electricity,0.075,1084.0658777625,electricity,electric_resistance_or_existing_heat_pump_unspecified,electric_DHW_unspecified,direct_electric_or_hydronic_unspecified,,,,false,false,SCP_BE_SILC_2022,REGIONAL_CURRENT_HEATING_UNIFORM_V2+CURRENT_SYSTEM_MAPPING_V2
central,2050,Flemish Region,BE_TABULA_17,Semi-detached house,1991-2005,TABULA_standard_B_proxy,14454.2117035,3244134,current_gas,0.712,10291.398732892,gas,gas_boiler_unspecified,gas_DHW_or_combiboiler,standard_hydronic_radiators,,,,false,false,SCP_BE_SILC_2022,REGIONAL_CURRENT_HEATING_UNIFORM_V2+CURRENT_SYSTEM_MAPPING_V2
central,2050,Flemish Region,BE_TABULA_17,Semi-detached house,1991-2005,TABULA_standard_B_proxy,14454.2117035,3244134,current_oil,0.147,2124.7691204145,oil,oil_boiler_unspecified,oil_DHW_or_separate_tank,standard_hydronic_radiators,,,,false,false,SCP_BE_SILC_2022,REGIONAL_CURRENT_HEATING_UNIFORM_V2+CURRENT_SYSTEM_MAPPING_V2
central,2050,Flemish Region,BE_TABULA_17,Semi-detached house,1991-2005,TABULA_standard_B_proxy,14454.2117035,3244134,current_other,0.066,953.977972431,other,biomass_propane_district_or_other_lumped,other_or_unknown_DHW,unknown_or_hydronic_emitters,,,,false,false,SCP_BE_SILC_2022,REGIONAL_CURRENT_HEATING_UNIFORM_V2+CURRENT_SYSTEM_MAPPING_V2
central,2050,Flemish Region,BE_TABULA_17,Semi-detached house,1991-2005,TABULA_advanced_A_proxy,5913.086606,3244134,advanced_air_water_heat_pump,1,5913.086606,electricity_plus_ambient_heat,air_water_heat_pump,heat_pump_DHW_tank_or_integrated_HP_DHW,low_temperature_radiators,45,balanced_mechanical_HRV,0.80,true,true,EC_EPBD_45C_GUIDANCE,ADVANCED_TECHNOLOGY_PACKAGE_V2
central,2050,Flemish Region,BE_TABULA_18,Terraced house,1991-2005,TABULA_existing,22623.4868879,3244134,current_electricity,0.075,1696.7615165925,electricity,electric_resistance_or_existing_heat_pump_unspecified,electric_DHW_unspecified,direct_electric_or_hydronic_unspecified,,,,false,false,SCP_BE_SILC_2022,REGIONAL_CURRENT_HEATING_UNIFORM_V2+CURRENT_SYSTEM_MAPPING_V2
central,2050,Flemish Region,BE_TABULA_18,Terraced house,1991-2005,TABULA_existing,22623.4868879,3244134,current_gas,0.712,16107.922664184798,gas,gas_boiler_unspecified,gas_DHW_or_combiboiler,standard_hydronic_radiators,,,,false,false,SCP_BE_SILC_2022,REGIONAL_CURRENT_HEATING_UNIFORM_V2+CURRENT_SYSTEM_MAPPING_V2
central,2050,Flemish Region,BE_TABULA_18,Terraced house,1991-2005,TABULA_existing,22623.4868879,3244134,current_oil,0.147,3325.6525725213,oil,oil_boiler_unspecified,oil_DHW_or_separate_tank,standard_hydronic_radiators,,,,false,false,SCP_BE_SILC_2022,REGIONAL_CURRENT_HEATING_UNIFORM_V2+CURRENT_SYSTEM_MAPPING_V2
central,2050,Flemish Region,BE_TABULA_18,Terraced house,1991-2005,TABULA_existing,22623.4868879,3244134,current_other,0.066,1493.1501346014,other,biomass_propane_district_or_other_lumped,other_or_unknown_DHW,unknown_or_hydronic_emitters,,,,false,false,SCP_BE_SILC_2022,REGIONAL_CURRENT_HEATING_UNIFORM_V2+CURRENT_SYSTEM_MAPPING_V2
central,2050,Flemish Region,BE_TABULA_18,Terraced house,1991-2005,TABULA_standard_B_proxy,7213.2856744,3244134,current_electricity,0.075,540.99642558,electricity,electric_resistance_or_existing_heat_pump_unspecified,electric_DHW_unspecified,direct_electric_or_hydronic_unspecified,,,,false,false,SCP_BE_SILC_2022,REGIONAL_CURRENT_HEATING_UNIFORM_V2+CURRENT_SYSTEM_MAPPING_V2
central,2050,Flemish Region,BE_TABULA_18,Terraced house,1991-2005,TABULA_standard_B_proxy,7213.2856744,3244134,current_gas,0.712,5135.8594001728,gas,gas_boiler_unspecified,gas_DHW_or_combiboiler,standard_hydronic_radiators,,,,false,false,SCP_BE_SILC_2022,REGIONAL_CURRENT_HEATING_UNIFORM_V2+CURRENT_SYSTEM_MAPPING_V2
central,2050,Flemish Region,BE_TABULA_18,Terraced house,1991-2005,TABULA_standard_B_proxy,7213.2856744,3244134,current_oil,0.147,1060.3529941368,oil,oil_boiler_unspecified,oil_DHW_or_separate_tank,standard_hydronic_radiators,,,,false,false,SCP_BE_SILC_2022,REGIONAL_CURRENT_HEATING_UNIFORM_V2+CURRENT_SYSTEM_MAPPING_V2
central,2050,Flemish Region,BE_TABULA_18,Terraced house,1991-2005,TABULA_standard_B_proxy,7213.2856744,3244134,current_other,0.066,476.0768545104,other,biomass_propane_district_or_other_lumped,other_or_unknown_DHW,unknown_or_hydronic_emitters,,,,false,false,SCP_BE_SILC_2022,REGIONAL_CURRENT_HEATING_UNIFORM_V2+CURRENT_SYSTEM_MAPPING_V2
central,2050,Flemish Region,BE_TABULA_18,Terraced house,1991-2005,TABULA_advanced_A_proxy,2950.88959407,3244134,advanced_air_water_heat_pump,1,2950.88959407,electricity_plus_ambient_heat,air_water_heat_pump,heat_pump_DHW_tank_or_integrated_HP_DHW,low_temperature_radiators,45,balanced_mechanical_HRV,0.80,true,true,EC_EPBD_45C_GUIDANCE,ADVANCED_TECHNOLOGY_PACKAGE_V2
central,2050,Flemish Region,BE_TABULA_19,"Apartment, enclosed",1991-2005,TABULA_existing,58491.1146072,3244134,current_electricity,0.075,4386.83359554,electricity,electric_resistance_or_existing_heat_pump_unspecified,electric_DHW_unspecified,direct_electric_or_hydronic_unspecified,,,,false,false,SCP_BE_SILC_2022,REGIONAL_CURRENT_HEATING_UNIFORM_V2+CURRENT_SYSTEM_MAPPING_V2
central,2050,Flemish Region,BE_TABULA_19,"Apartment, enclosed",1991-2005,TABULA_existing,58491.1146072,3244134,current_gas,0.712,41645.673600326394,gas,gas_boiler_unspecified,gas_DHW_or_combiboiler,standard_hydronic_radiators,,,,false,false,SCP_BE_SILC_2022,REGIONAL_CURRENT_HEATING_UNIFORM_V2+CURRENT_SYSTEM_MAPPING_V2
central,2050,Flemish Region,BE_TABULA_19,"Apartment, enclosed",1991-2005,TABULA_existing,58491.1146072,3244134,current_oil,0.147,8598.193847258399,oil,oil_boiler_unspecified,oil_DHW_or_separate_tank,standard_hydronic_radiators,,,,false,false,SCP_BE_SILC_2022,REGIONAL_CURRENT_HEATING_UNIFORM_V2+CURRENT_SYSTEM_MAPPING_V2
central,2050,Flemish Region,BE_TABULA_19,"Apartment, enclosed",1991-2005,TABULA_existing,58491.1146072,3244134,current_other,0.066,3860.4135640752,other,biomass_propane_district_or_other_lumped,other_or_unknown_DHW,unknown_or_hydronic_emitters,,,,false,false,SCP_BE_SILC_2022,REGIONAL_CURRENT_HEATING_UNIFORM_V2+CURRENT_SYSTEM_MAPPING_V2
central,2050,Flemish Region,BE_TABULA_19,"Apartment, enclosed",1991-2005,TABULA_standard_B_proxy,18649.3408892,3244134,current_electricity,0.075,1398.70056669,electricity,electric_resistance_or_existing_heat_pump_unspecified,electric_DHW_unspecified,direct_electric_or_hydronic_unspecified,,,,false,false,SCP_BE_SILC_2022,REGIONAL_CURRENT_HEATING_UNIFORM_V2+CURRENT_SYSTEM_MAPPING_V2
central,2050,Flemish Region,BE_TABULA_19,"Apartment, enclosed",1991-2005,TABULA_standard_B_proxy,18649.3408892,3244134,current_gas,0.712,13278.3307131104,gas,gas_boiler_unspecified,gas_DHW_or_combiboiler,standard_hydronic_radiators,,,,false,false,SCP_BE_SILC_2022,REGIONAL_CURRENT_HEATING_UNIFORM_V2+CURRENT_SYSTEM_MAPPING_V2
central,2050,Flemish Region,BE_TABULA_19,"Apartment, enclosed",1991-2005,TABULA_standard_B_proxy,18649.3408892,3244134,current_oil,0.147,2741.4531107124,oil,oil_boiler_unspecified,oil_DHW_or_separate_tank,standard_hydronic_radiators,,,,false,false,SCP_BE_SILC_2022,REGIONAL_CURRENT_HEATING_UNIFORM_V2+CURRENT_SYSTEM_MAPPING_V2
central,2050,Flemish Region,BE_TABULA_19,"Apartment, enclosed",1991-2005,TABULA_standard_B_proxy,18649.3408892,3244134,current_other,0.066,1230.8564986872,other,biomass_propane_district_or_other_lumped,other_or_unknown_DHW,unknown_or_hydronic_emitters,,,,false,false,SCP_BE_SILC_2022,REGIONAL_CURRENT_HEATING_UNIFORM_V2+CURRENT_SYSTEM_MAPPING_V2
central,2050,Flemish Region,BE_TABULA_19,"Apartment, enclosed",1991-2005,TABULA_advanced_A_proxy,7629.27581833,3244134,advanced_air_water_heat_pump,1,7629.27581833,electricity_plus_ambient_heat,air_water_heat_pump,heat_pump_DHW_tank_or_integrated_HP_DHW,low_temperature_radiators,45,balanced_mechanical_HRV,0.80,true,true,EC_EPBD_45C_GUIDANCE,ADVANCED_TECHNOLOGY_PACKAGE_V2
central,2050,Flemish Region,BE_TABULA_20,"Apartment, exposed",1991-2005,TABULA_existing,58491.1146072,3244134,current_electricity,0.075,4386.83359554,electricity,electric_resistance_or_existing_heat_pump_unspecified,electric_DHW_unspecified,direct_electric_or_hydronic_unspecified,,,,false,false,SCP_BE_SILC_2022,REGIONAL_CURRENT_HEATING_UNIFORM_V2+CURRENT_SYSTEM_MAPPING_V2
central,2050,Flemish Region,BE_TABULA_20,"Apartment, exposed",1991-2005,TABULA_existing,58491.1146072,3244134,current_gas,0.712,41645.673600326394,gas,gas_boiler_unspecified,gas_DHW_or_combiboiler,standard_hydronic_radiators,,,,false,false,SCP_BE_SILC_2022,REGIONAL_CURRENT_HEATING_UNIFORM_V2+CURRENT_SYSTEM_MAPPING_V2
central,2050,Flemish Region,BE_TABULA_20,"Apartment, exposed",1991-2005,TABULA_existing,58491.1146072,3244134,current_oil,0.147,8598.193847258399,oil,oil_boiler_unspecified,oil_DHW_or_separate_tank,standard_hydronic_radiators,,,,false,false,SCP_BE_SILC_2022,REGIONAL_CURRENT_HEATING_UNIFORM_V2+CURRENT_SYSTEM_MAPPING_V2
central,2050,Flemish Region,BE_TABULA_20,"Apartment, exposed",1991-2005,TABULA_existing,58491.1146072,3244134,current_other,0.066,3860.4135640752,other,biomass_propane_district_or_other_lumped,other_or_unknown_DHW,unknown_or_hydronic_emitters,,,,false,false,SCP_BE_SILC_2022,REGIONAL_CURRENT_HEATING_UNIFORM_V2+CURRENT_SYSTEM_MAPPING_V2
central,2050,Flemish Region,BE_TABULA_20,"Apartment, exposed",1991-2005,TABULA_standard_B_proxy,18649.3408892,3244134,current_electricity,0.075,1398.70056669,electricity,electric_resistance_or_existing_heat_pump_unspecified,electric_DHW_unspecified,direct_electric_or_hydronic_unspecified,,,,false,false,SCP_BE_SILC_2022,REGIONAL_CURRENT_HEATING_UNIFORM_V2+CURRENT_SYSTEM_MAPPING_V2
central,2050,Flemish Region,BE_TABULA_20,"Apartment, exposed",1991-2005,TABULA_standard_B_proxy,18649.3408892,3244134,current_gas,0.712,13278.3307131104,gas,gas_boiler_unspecified,gas_DHW_or_combiboiler,standard_hydronic_radiators,,,,false,false,SCP_BE_SILC_2022,REGIONAL_CURRENT_HEATING_UNIFORM_V2+CURRENT_SYSTEM_MAPPING_V2
central,2050,Flemish Region,BE_TABULA_20,"Apartment, exposed",1991-2005,TABULA_standard_B_proxy,18649.3408892,3244134,current_oil,0.147,2741.4531107124,oil,oil_boiler_unspecified,oil_DHW_or_separate_tank,standard_hydronic_radiators,,,,false,false,SCP_BE_SILC_2022,REGIONAL_CURRENT_HEATING_UNIFORM_V2+CURRENT_SYSTEM_MAPPING_V2
central,2050,Flemish Region,BE_TABULA_20,"Apartment, exposed",1991-2005,TABULA_standard_B_proxy,18649.3408892,3244134,current_other,0.066,1230.8564986872,other,biomass_propane_district_or_other_lumped,other_or_unknown_DHW,unknown_or_hydronic_emitters,,,,false,false,SCP_BE_SILC_2022,REGIONAL_CURRENT_HEATING_UNIFORM_V2+CURRENT_SYSTEM_MAPPING_V2
central,2050,Flemish Region,BE_TABULA_20,"Apartment, exposed",1991-2005,TABULA_advanced_A_proxy,7629.27581833,3244134,advanced_air_water_heat_pump,1,7629.27581833,electricity_plus_ambient_heat,air_water_heat_pump,heat_pump_DHW_tank_or_integrated_HP_DHW,low_temperature_radiators,45,balanced_mechanical_HRV,0.80,true,true,EC_EPBD_45C_GUIDANCE,ADVANCED_TECHNOLOGY_PACKAGE_V2
central,2050,Flemish Region,BE_TABULA_21,Detached house,post-2005,TABULA_existing,80509.832346,3244134,current_electricity,0.075,6038.237425949999,electricity,electric_resistance_or_existing_heat_pump_unspecified,electric_DHW_unspecified,direct_electric_or_hydronic_unspecified,,,,false,false,SCP_BE_SILC_2022,REGIONAL_CURRENT_HEATING_UNIFORM_V2+CURRENT_SYSTEM_MAPPING_V2
central,2050,Flemish Region,BE_TABULA_21,Detached house,post-2005,TABULA_existing,80509.832346,3244134,current_gas,0.712,57323.00063035199,gas,gas_boiler_unspecified,gas_DHW_or_combiboiler,standard_hydronic_radiators,,,,false,false,SCP_BE_SILC_2022,REGIONAL_CURRENT_HEATING_UNIFORM_V2+CURRENT_SYSTEM_MAPPING_V2
central,2050,Flemish Region,BE_TABULA_21,Detached house,post-2005,TABULA_existing,80509.832346,3244134,current_oil,0.147,11834.945354861999,oil,oil_boiler_unspecified,oil_DHW_or_separate_tank,standard_hydronic_radiators,,,,false,false,SCP_BE_SILC_2022,REGIONAL_CURRENT_HEATING_UNIFORM_V2+CURRENT_SYSTEM_MAPPING_V2
central,2050,Flemish Region,BE_TABULA_21,Detached house,post-2005,TABULA_existing,80509.832346,3244134,current_other,0.066,5313.648934836,other,biomass_propane_district_or_other_lumped,other_or_unknown_DHW,unknown_or_hydronic_emitters,,,,false,false,SCP_BE_SILC_2022,REGIONAL_CURRENT_HEATING_UNIFORM_V2+CURRENT_SYSTEM_MAPPING_V2
central,2050,Flemish Region,BE_TABULA_21,Detached house,post-2005,TABULA_standard_B_proxy,25669.8016176,3244134,current_electricity,0.075,1925.23512132,electricity,electric_resistance_or_existing_heat_pump_unspecified,electric_DHW_unspecified,direct_electric_or_hydronic_unspecified,,,,false,false,SCP_BE_SILC_2022,REGIONAL_CURRENT_HEATING_UNIFORM_V2+CURRENT_SYSTEM_MAPPING_V2
central,2050,Flemish Region,BE_TABULA_21,Detached house,post-2005,TABULA_standard_B_proxy,25669.8016176,3244134,current_gas,0.712,18276.898751731198,gas,gas_boiler_unspecified,gas_DHW_or_combiboiler,standard_hydronic_radiators,,,,false,false,SCP_BE_SILC_2022,REGIONAL_CURRENT_HEATING_UNIFORM_V2+CURRENT_SYSTEM_MAPPING_V2
central,2050,Flemish Region,BE_TABULA_21,Detached house,post-2005,TABULA_standard_B_proxy,25669.8016176,3244134,current_oil,0.147,3773.4608377872,oil,oil_boiler_unspecified,oil_DHW_or_separate_tank,standard_hydronic_radiators,,,,false,false,SCP_BE_SILC_2022,REGIONAL_CURRENT_HEATING_UNIFORM_V2+CURRENT_SYSTEM_MAPPING_V2
central,2050,Flemish Region,BE_TABULA_21,Detached house,post-2005,TABULA_standard_B_proxy,25669.8016176,3244134,current_other,0.066,1694.2069067616,other,biomass_propane_district_or_other_lumped,other_or_unknown_DHW,unknown_or_hydronic_emitters,,,,false,false,SCP_BE_SILC_2022,REGIONAL_CURRENT_HEATING_UNIFORM_V2+CURRENT_SYSTEM_MAPPING_V2
central,2050,Flemish Region,BE_TABULA_21,Detached house,post-2005,TABULA_advanced_A_proxy,10501.2824799,3244134,advanced_air_water_heat_pump,1,10501.2824799,electricity_plus_ambient_heat,air_water_heat_pump,heat_pump_DHW_tank_or_integrated_HP_DHW,low_temperature_radiators,45,balanced_mechanical_HRV,0.80,true,true,EC_EPBD_45C_GUIDANCE,ADVANCED_TECHNOLOGY_PACKAGE_V2
central,2050,Flemish Region,BE_TABULA_22,Semi-detached house,post-2005,TABULA_existing,73737.5034307,3244134,current_electricity,0.075,5530.3127573025,electricity,electric_resistance_or_existing_heat_pump_unspecified,electric_DHW_unspecified,direct_electric_or_hydronic_unspecified,,,,false,false,SCP_BE_SILC_2022,REGIONAL_CURRENT_HEATING_UNIFORM_V2+CURRENT_SYSTEM_MAPPING_V2
central,2050,Flemish Region,BE_TABULA_22,Semi-detached house,post-2005,TABULA_existing,73737.5034307,3244134,current_gas,0.712,52501.1024426584,gas,gas_boiler_unspecified,gas_DHW_or_combiboiler,standard_hydronic_radiators,,,,false,false,SCP_BE_SILC_2022,REGIONAL_CURRENT_HEATING_UNIFORM_V2+CURRENT_SYSTEM_MAPPING_V2
central,2050,Flemish Region,BE_TABULA_22,Semi-detached house,post-2005,TABULA_existing,73737.5034307,3244134,current_oil,0.147,10839.413004312899,oil,oil_boiler_unspecified,oil_DHW_or_separate_tank,standard_hydronic_radiators,,,,false,false,SCP_BE_SILC_2022,REGIONAL_CURRENT_HEATING_UNIFORM_V2+CURRENT_SYSTEM_MAPPING_V2
central,2050,Flemish Region,BE_TABULA_22,Semi-detached house,post-2005,TABULA_existing,73737.5034307,3244134,current_other,0.066,4866.6752264262,other,biomass_propane_district_or_other_lumped,other_or_unknown_DHW,unknown_or_hydronic_emitters,,,,false,false,SCP_BE_SILC_2022,REGIONAL_CURRENT_HEATING_UNIFORM_V2+CURRENT_SYSTEM_MAPPING_V2
central,2050,Flemish Region,BE_TABULA_22,Semi-detached house,post-2005,TABULA_standard_B_proxy,23510.5083402,3244134,current_electricity,0.075,1763.288125515,electricity,electric_resistance_or_existing_heat_pump_unspecified,electric_DHW_unspecified,direct_electric_or_hydronic_unspecified,,,,false,false,SCP_BE_SILC_2022,REGIONAL_CURRENT_HEATING_UNIFORM_V2+CURRENT_SYSTEM_MAPPING_V2
central,2050,Flemish Region,BE_TABULA_22,Semi-detached house,post-2005,TABULA_standard_B_proxy,23510.5083402,3244134,current_gas,0.712,16739.481938222398,gas,gas_boiler_unspecified,gas_DHW_or_combiboiler,standard_hydronic_radiators,,,,false,false,SCP_BE_SILC_2022,REGIONAL_CURRENT_HEATING_UNIFORM_V2+CURRENT_SYSTEM_MAPPING_V2
central,2050,Flemish Region,BE_TABULA_22,Semi-detached house,post-2005,TABULA_standard_B_proxy,23510.5083402,3244134,current_oil,0.147,3456.0447260094,oil,oil_boiler_unspecified,oil_DHW_or_separate_tank,standard_hydronic_radiators,,,,false,false,SCP_BE_SILC_2022,REGIONAL_CURRENT_HEATING_UNIFORM_V2+CURRENT_SYSTEM_MAPPING_V2
central,2050,Flemish Region,BE_TABULA_22,Semi-detached house,post-2005,TABULA_standard_B_proxy,23510.5083402,3244134,current_other,0.066,1551.6935504532,other,biomass_propane_district_or_other_lumped,other_or_unknown_DHW,unknown_or_hydronic_emitters,,,,false,false,SCP_BE_SILC_2022,REGIONAL_CURRENT_HEATING_UNIFORM_V2+CURRENT_SYSTEM_MAPPING_V2
central,2050,Flemish Region,BE_TABULA_22,Semi-detached house,post-2005,TABULA_advanced_A_proxy,9617.93523009,3244134,advanced_air_water_heat_pump,1,9617.93523009,electricity_plus_ambient_heat,air_water_heat_pump,heat_pump_DHW_tank_or_integrated_HP_DHW,low_temperature_radiators,45,balanced_mechanical_HRV,0.80,true,true,EC_EPBD_45C_GUIDANCE,ADVANCED_TECHNOLOGY_PACKAGE_V2
central,2050,Flemish Region,BE_TABULA_23,Terraced house,post-2005,TABULA_existing,35329.6240153,3244134,current_electricity,0.075,2649.7218011475,electricity,electric_resistance_or_existing_heat_pump_unspecified,electric_DHW_unspecified,direct_electric_or_hydronic_unspecified,,,,false,false,SCP_BE_SILC_2022,REGIONAL_CURRENT_HEATING_UNIFORM_V2+CURRENT_SYSTEM_MAPPING_V2
central,2050,Flemish Region,BE_TABULA_23,Terraced house,post-2005,TABULA_existing,35329.6240153,3244134,current_gas,0.712,25154.692298893602,gas,gas_boiler_unspecified,gas_DHW_or_combiboiler,standard_hydronic_radiators,,,,false,false,SCP_BE_SILC_2022,REGIONAL_CURRENT_HEATING_UNIFORM_V2+CURRENT_SYSTEM_MAPPING_V2
central,2050,Flemish Region,BE_TABULA_23,Terraced house,post-2005,TABULA_existing,35329.6240153,3244134,current_oil,0.147,5193.4547302491,oil,oil_boiler_unspecified,oil_DHW_or_separate_tank,standard_hydronic_radiators,,,,false,false,SCP_BE_SILC_2022,REGIONAL_CURRENT_HEATING_UNIFORM_V2+CURRENT_SYSTEM_MAPPING_V2
central,2050,Flemish Region,BE_TABULA_23,Terraced house,post-2005,TABULA_existing,35329.6240153,3244134,current_other,0.066,2331.7551850098,other,biomass_propane_district_or_other_lumped,other_or_unknown_DHW,unknown_or_hydronic_emitters,,,,false,false,SCP_BE_SILC_2022,REGIONAL_CURRENT_HEATING_UNIFORM_V2+CURRENT_SYSTEM_MAPPING_V2
central,2050,Flemish Region,BE_TABULA_23,Terraced house,post-2005,TABULA_standard_B_proxy,11264.517802,3244134,current_electricity,0.075,844.83883515,electricity,electric_resistance_or_existing_heat_pump_unspecified,electric_DHW_unspecified,direct_electric_or_hydronic_unspecified,,,,false,false,SCP_BE_SILC_2022,REGIONAL_CURRENT_HEATING_UNIFORM_V2+CURRENT_SYSTEM_MAPPING_V2
central,2050,Flemish Region,BE_TABULA_23,Terraced house,post-2005,TABULA_standard_B_proxy,11264.517802,3244134,current_gas,0.712,8020.336675024,gas,gas_boiler_unspecified,gas_DHW_or_combiboiler,standard_hydronic_radiators,,,,false,false,SCP_BE_SILC_2022,REGIONAL_CURRENT_HEATING_UNIFORM_V2+CURRENT_SYSTEM_MAPPING_V2
central,2050,Flemish Region,BE_TABULA_23,Terraced house,post-2005,TABULA_standard_B_proxy,11264.517802,3244134,current_oil,0.147,1655.884116894,oil,oil_boiler_unspecified,oil_DHW_or_separate_tank,standard_hydronic_radiators,,,,false,false,SCP_BE_SILC_2022,REGIONAL_CURRENT_HEATING_UNIFORM_V2+CURRENT_SYSTEM_MAPPING_V2
central,2050,Flemish Region,BE_TABULA_23,Terraced house,post-2005,TABULA_standard_B_proxy,11264.517802,3244134,current_other,0.066,743.458174932,other,biomass_propane_district_or_other_lumped,other_or_unknown_DHW,unknown_or_hydronic_emitters,,,,false,false,SCP_BE_SILC_2022,REGIONAL_CURRENT_HEATING_UNIFORM_V2+CURRENT_SYSTEM_MAPPING_V2
central,2050,Flemish Region,BE_TABULA_23,Terraced house,post-2005,TABULA_advanced_A_proxy,4608.21182808,3244134,advanced_air_water_heat_pump,1,4608.21182808,electricity_plus_ambient_heat,air_water_heat_pump,heat_pump_DHW_tank_or_integrated_HP_DHW,low_temperature_radiators,45,balanced_mechanical_HRV,0.80,true,true,EC_EPBD_45C_GUIDANCE,ADVANCED_TECHNOLOGY_PACKAGE_V2
central,2050,Flemish Region,BE_TABULA_24,"Apartment, enclosed",post-2005,TABULA_existing,86266.382345,3244134,current_electricity,0.075,6469.978675875001,electricity,electric_resistance_or_existing_heat_pump_unspecified,electric_DHW_unspecified,direct_electric_or_hydronic_unspecified,,,,false,false,SCP_BE_SILC_2022,REGIONAL_CURRENT_HEATING_UNIFORM_V2+CURRENT_SYSTEM_MAPPING_V2
central,2050,Flemish Region,BE_TABULA_24,"Apartment, enclosed",post-2005,TABULA_existing,86266.382345,3244134,current_gas,0.712,61421.66422964,gas,gas_boiler_unspecified,gas_DHW_or_combiboiler,standard_hydronic_radiators,,,,false,false,SCP_BE_SILC_2022,REGIONAL_CURRENT_HEATING_UNIFORM_V2+CURRENT_SYSTEM_MAPPING_V2
central,2050,Flemish Region,BE_TABULA_24,"Apartment, enclosed",post-2005,TABULA_existing,86266.382345,3244134,current_oil,0.147,12681.158204715,oil,oil_boiler_unspecified,oil_DHW_or_separate_tank,standard_hydronic_radiators,,,,false,false,SCP_BE_SILC_2022,REGIONAL_CURRENT_HEATING_UNIFORM_V2+CURRENT_SYSTEM_MAPPING_V2
central,2050,Flemish Region,BE_TABULA_24,"Apartment, enclosed",post-2005,TABULA_existing,86266.382345,3244134,current_other,0.066,5693.58123477,other,biomass_propane_district_or_other_lumped,other_or_unknown_DHW,unknown_or_hydronic_emitters,,,,false,false,SCP_BE_SILC_2022,REGIONAL_CURRENT_HEATING_UNIFORM_V2+CURRENT_SYSTEM_MAPPING_V2
central,2050,Flemish Region,BE_TABULA_24,"Apartment, enclosed",post-2005,TABULA_standard_B_proxy,27505.2233564,3244134,current_electricity,0.075,2062.89175173,electricity,electric_resistance_or_existing_heat_pump_unspecified,electric_DHW_unspecified,direct_electric_or_hydronic_unspecified,,,,false,false,SCP_BE_SILC_2022,REGIONAL_CURRENT_HEATING_UNIFORM_V2+CURRENT_SYSTEM_MAPPING_V2
central,2050,Flemish Region,BE_TABULA_24,"Apartment, enclosed",post-2005,TABULA_standard_B_proxy,27505.2233564,3244134,current_gas,0.712,19583.7190297568,gas,gas_boiler_unspecified,gas_DHW_or_combiboiler,standard_hydronic_radiators,,,,false,false,SCP_BE_SILC_2022,REGIONAL_CURRENT_HEATING_UNIFORM_V2+CURRENT_SYSTEM_MAPPING_V2
central,2050,Flemish Region,BE_TABULA_24,"Apartment, enclosed",post-2005,TABULA_standard_B_proxy,27505.2233564,3244134,current_oil,0.147,4043.2678333908,oil,oil_boiler_unspecified,oil_DHW_or_separate_tank,standard_hydronic_radiators,,,,false,false,SCP_BE_SILC_2022,REGIONAL_CURRENT_HEATING_UNIFORM_V2+CURRENT_SYSTEM_MAPPING_V2
central,2050,Flemish Region,BE_TABULA_24,"Apartment, enclosed",post-2005,TABULA_standard_B_proxy,27505.2233564,3244134,current_other,0.066,1815.3447415224,other,biomass_propane_district_or_other_lumped,other_or_unknown_DHW,unknown_or_hydronic_emitters,,,,false,false,SCP_BE_SILC_2022,REGIONAL_CURRENT_HEATING_UNIFORM_V2+CURRENT_SYSTEM_MAPPING_V2
central,2050,Flemish Region,BE_TABULA_24,"Apartment, enclosed",post-2005,TABULA_advanced_A_proxy,11252.1368276,3244134,advanced_air_water_heat_pump,1,11252.1368276,electricity_plus_ambient_heat,air_water_heat_pump,heat_pump_DHW_tank_or_integrated_HP_DHW,low_temperature_radiators,45,balanced_mechanical_HRV,0.80,true,true,EC_EPBD_45C_GUIDANCE,ADVANCED_TECHNOLOGY_PACKAGE_V2
central,2050,Flemish Region,BE_TABULA_25,"Apartment, exposed",post-2005,TABULA_existing,86266.382345,3244134,current_electricity,0.075,6469.978675875001,electricity,electric_resistance_or_existing_heat_pump_unspecified,electric_DHW_unspecified,direct_electric_or_hydronic_unspecified,,,,false,false,SCP_BE_SILC_2022,REGIONAL_CURRENT_HEATING_UNIFORM_V2+CURRENT_SYSTEM_MAPPING_V2
central,2050,Flemish Region,BE_TABULA_25,"Apartment, exposed",post-2005,TABULA_existing,86266.382345,3244134,current_gas,0.712,61421.66422964,gas,gas_boiler_unspecified,gas_DHW_or_combiboiler,standard_hydronic_radiators,,,,false,false,SCP_BE_SILC_2022,REGIONAL_CURRENT_HEATING_UNIFORM_V2+CURRENT_SYSTEM_MAPPING_V2
central,2050,Flemish Region,BE_TABULA_25,"Apartment, exposed",post-2005,TABULA_existing,86266.382345,3244134,current_oil,0.147,12681.158204715,oil,oil_boiler_unspecified,oil_DHW_or_separate_tank,standard_hydronic_radiators,,,,false,false,SCP_BE_SILC_2022,REGIONAL_CURRENT_HEATING_UNIFORM_V2+CURRENT_SYSTEM_MAPPING_V2
central,2050,Flemish Region,BE_TABULA_25,"Apartment, exposed",post-2005,TABULA_existing,86266.382345,3244134,current_other,0.066,5693.58123477,other,biomass_propane_district_or_other_lumped,other_or_unknown_DHW,unknown_or_hydronic_emitters,,,,false,false,SCP_BE_SILC_2022,REGIONAL_CURRENT_HEATING_UNIFORM_V2+CURRENT_SYSTEM_MAPPING_V2
central,2050,Flemish Region,BE_TABULA_25,"Apartment, exposed",post-2005,TABULA_standard_B_proxy,27505.2233564,3244134,current_electricity,0.075,2062.89175173,electricity,electric_resistance_or_existing_heat_pump_unspecified,electric_DHW_unspecified,direct_electric_or_hydronic_unspecified,,,,false,false,SCP_BE_SILC_2022,REGIONAL_CURRENT_HEATING_UNIFORM_V2+CURRENT_SYSTEM_MAPPING_V2
central,2050,Flemish Region,BE_TABULA_25,"Apartment, exposed",post-2005,TABULA_standard_B_proxy,27505.2233564,3244134,current_gas,0.712,19583.7190297568,gas,gas_boiler_unspecified,gas_DHW_or_combiboiler,standard_hydronic_radiators,,,,false,false,SCP_BE_SILC_2022,REGIONAL_CURRENT_HEATING_UNIFORM_V2+CURRENT_SYSTEM_MAPPING_V2
central,2050,Flemish Region,BE_TABULA_25,"Apartment, exposed",post-2005,TABULA_standard_B_proxy,27505.2233564,3244134,current_oil,0.147,4043.2678333908,oil,oil_boiler_unspecified,oil_DHW_or_separate_tank,standard_hydronic_radiators,,,,false,false,SCP_BE_SILC_2022,REGIONAL_CURRENT_HEATING_UNIFORM_V2+CURRENT_SYSTEM_MAPPING_V2
central,2050,Flemish Region,BE_TABULA_25,"Apartment, exposed",post-2005,TABULA_standard_B_proxy,27505.2233564,3244134,current_other,0.066,1815.3447415224,other,biomass_propane_district_or_other_lumped,other_or_unknown_DHW,unknown_or_hydronic_emitters,,,,false,false,SCP_BE_SILC_2022,REGIONAL_CURRENT_HEATING_UNIFORM_V2+CURRENT_SYSTEM_MAPPING_V2
central,2050,Flemish Region,BE_TABULA_25,"Apartment, exposed",post-2005,TABULA_advanced_A_proxy,11252.1368276,3244134,advanced_air_water_heat_pump,1,11252.1368276,electricity_plus_ambient_heat,air_water_heat_pump,heat_pump_DHW_tank_or_integrated_HP_DHW,low_temperature_radiators,45,balanced_mechanical_HRV,0.80,true,true,EC_EPBD_45C_GUIDANCE,ADVANCED_TECHNOLOGY_PACKAGE_V2
central,2050,Walloon Region,BE_TABULA_01,Detached house,pre-1946,TABULA_existing,0,1727209,current_electricity,0.060180541625,0,electricity,electric_resistance_or_existing_heat_pump_unspecified,electric_DHW_unspecified,direct_electric_or_hydronic_unspecified,,,,false,false,SCP_BE_SILC_2022,REGIONAL_CURRENT_HEATING_UNIFORM_V2+CURRENT_SYSTEM_MAPPING_V2
central,2050,Walloon Region,BE_TABULA_01,Detached house,pre-1946,TABULA_existing,0,1727209,current_gas,0.425275827482,0,gas,gas_boiler_unspecified,gas_DHW_or_combiboiler,standard_hydronic_radiators,,,,false,false,SCP_BE_SILC_2022,REGIONAL_CURRENT_HEATING_UNIFORM_V2+CURRENT_SYSTEM_MAPPING_V2
central,2050,Walloon Region,BE_TABULA_01,Detached house,pre-1946,TABULA_existing,0,1727209,current_oil,0.376128385155,0,oil,oil_boiler_unspecified,oil_DHW_or_separate_tank,standard_hydronic_radiators,,,,false,false,SCP_BE_SILC_2022,REGIONAL_CURRENT_HEATING_UNIFORM_V2+CURRENT_SYSTEM_MAPPING_V2
central,2050,Walloon Region,BE_TABULA_01,Detached house,pre-1946,TABULA_existing,0,1727209,current_other,0.138415245737,0,other,biomass_propane_district_or_other_lumped,other_or_unknown_DHW,unknown_or_hydronic_emitters,,,,false,false,SCP_BE_SILC_2022,REGIONAL_CURRENT_HEATING_UNIFORM_V2+CURRENT_SYSTEM_MAPPING_V2
central,2050,Walloon Region,BE_TABULA_01,Detached house,pre-1946,TABULA_standard_B_proxy,113062.9293276,1727209,current_electricity,0.060180541625,6804.188324629932,electricity,electric_resistance_or_existing_heat_pump_unspecified,electric_DHW_unspecified,direct_electric_or_hydronic_unspecified,,,,false,false,SCP_BE_SILC_2022,REGIONAL_CURRENT_HEATING_UNIFORM_V2+CURRENT_SYSTEM_MAPPING_V2
central,2050,Walloon Region,BE_TABULA_01,Detached house,pre-1946,TABULA_standard_B_proxy,113062.9293276,1727209,current_gas,0.425275827482,48082.930827384516,gas,gas_boiler_unspecified,gas_DHW_or_combiboiler,standard_hydronic_radiators,,,,false,false,SCP_BE_SILC_2022,REGIONAL_CURRENT_HEATING_UNIFORM_V2+CURRENT_SYSTEM_MAPPING_V2
central,2050,Walloon Region,BE_TABULA_01,Detached house,pre-1946,TABULA_standard_B_proxy,113062.9293276,1727209,current_oil,0.376128385155,42526.17702893676,oil,oil_boiler_unspecified,oil_DHW_or_separate_tank,standard_hydronic_radiators,,,,false,false,SCP_BE_SILC_2022,REGIONAL_CURRENT_HEATING_UNIFORM_V2+CURRENT_SYSTEM_MAPPING_V2
central,2050,Walloon Region,BE_TABULA_01,Detached house,pre-1946,TABULA_standard_B_proxy,113062.9293276,1727209,current_other,0.138415245737,15649.633146648675,other,biomass_propane_district_or_other_lumped,other_or_unknown_DHW,unknown_or_hydronic_emitters,,,,false,false,SCP_BE_SILC_2022,REGIONAL_CURRENT_HEATING_UNIFORM_V2+CURRENT_SYSTEM_MAPPING_V2
central,2050,Walloon Region,BE_TABULA_01,Detached house,pre-1946,TABULA_advanced_A_proxy,23509.560083529985,1727209,advanced_air_water_heat_pump,1,23509.560083529985,electricity_plus_ambient_heat,air_water_heat_pump,heat_pump_DHW_tank_or_integrated_HP_DHW,low_temperature_radiators,45,balanced_mechanical_HRV,0.80,true,true,EC_EPBD_45C_GUIDANCE,ADVANCED_TECHNOLOGY_PACKAGE_V2
central,2050,Walloon Region,BE_TABULA_02,Semi-detached house,pre-1946,TABULA_existing,0,1727209,current_electricity,0.060180541625,0,electricity,electric_resistance_or_existing_heat_pump_unspecified,electric_DHW_unspecified,direct_electric_or_hydronic_unspecified,,,,false,false,SCP_BE_SILC_2022,REGIONAL_CURRENT_HEATING_UNIFORM_V2+CURRENT_SYSTEM_MAPPING_V2
central,2050,Walloon Region,BE_TABULA_02,Semi-detached house,pre-1946,TABULA_existing,0,1727209,current_gas,0.425275827482,0,gas,gas_boiler_unspecified,gas_DHW_or_combiboiler,standard_hydronic_radiators,,,,false,false,SCP_BE_SILC_2022,REGIONAL_CURRENT_HEATING_UNIFORM_V2+CURRENT_SYSTEM_MAPPING_V2
central,2050,Walloon Region,BE_TABULA_02,Semi-detached house,pre-1946,TABULA_existing,0,1727209,current_oil,0.376128385155,0,oil,oil_boiler_unspecified,oil_DHW_or_separate_tank,standard_hydronic_radiators,,,,false,false,SCP_BE_SILC_2022,REGIONAL_CURRENT_HEATING_UNIFORM_V2+CURRENT_SYSTEM_MAPPING_V2
central,2050,Walloon Region,BE_TABULA_02,Semi-detached house,pre-1946,TABULA_existing,0,1727209,current_other,0.138415245737,0,other,biomass_propane_district_or_other_lumped,other_or_unknown_DHW,unknown_or_hydronic_emitters,,,,false,false,SCP_BE_SILC_2022,REGIONAL_CURRENT_HEATING_UNIFORM_V2+CURRENT_SYSTEM_MAPPING_V2
central,2050,Walloon Region,BE_TABULA_02,Semi-detached house,pre-1946,TABULA_standard_B_proxy,194888.92931029995,1727209,current_electricity,0.060180541625,11728.521322585828,electricity,electric_resistance_or_existing_heat_pump_unspecified,electric_DHW_unspecified,direct_electric_or_hydronic_unspecified,,,,false,false,SCP_BE_SILC_2022,REGIONAL_CURRENT_HEATING_UNIFORM_V2+CURRENT_SYSTEM_MAPPING_V2
central,2050,Walloon Region,BE_TABULA_02,Semi-detached house,pre-1946,TABULA_standard_B_proxy,194888.92931029995,1727209,current_gas,0.425275827482,82881.55067960593,gas,gas_boiler_unspecified,gas_DHW_or_combiboiler,standard_hydronic_radiators,,,,false,false,SCP_BE_SILC_2022,REGIONAL_CURRENT_HEATING_UNIFORM_V2+CURRENT_SYSTEM_MAPPING_V2
central,2050,Walloon Region,BE_TABULA_02,Semi-detached house,pre-1946,TABULA_standard_B_proxy,194888.92931029995,1727209,current_oil,0.376128385155,73303.25826616089,oil,oil_boiler_unspecified,oil_DHW_or_separate_tank,standard_hydronic_radiators,,,,false,false,SCP_BE_SILC_2022,REGIONAL_CURRENT_HEATING_UNIFORM_V2+CURRENT_SYSTEM_MAPPING_V2
central,2050,Walloon Region,BE_TABULA_02,Semi-detached house,pre-1946,TABULA_standard_B_proxy,194888.92931029995,1727209,current_other,0.138415245737,26975.599041947113,other,biomass_propane_district_or_other_lumped,other_or_unknown_DHW,unknown_or_hydronic_emitters,,,,false,false,SCP_BE_SILC_2022,REGIONAL_CURRENT_HEATING_UNIFORM_V2+CURRENT_SYSTEM_MAPPING_V2
central,2050,Walloon Region,BE_TABULA_02,Semi-detached house,pre-1946,TABULA_advanced_A_proxy,36631.5420564,1727209,advanced_air_water_heat_pump,1,36631.5420564,electricity_plus_ambient_heat,air_water_heat_pump,heat_pump_DHW_tank_or_integrated_HP_DHW,low_temperature_radiators,45,balanced_mechanical_HRV,0.80,true,true,EC_EPBD_45C_GUIDANCE,ADVANCED_TECHNOLOGY_PACKAGE_V2
central,2050,Walloon Region,BE_TABULA_03,Terraced house,pre-1946,TABULA_existing,128138.42018509985,1727209,current_electricity,0.060180541625,7711.439529695125,electricity,electric_resistance_or_existing_heat_pump_unspecified,electric_DHW_unspecified,direct_electric_or_hydronic_unspecified,,,,false,false,SCP_BE_SILC_2022,REGIONAL_CURRENT_HEATING_UNIFORM_V2+CURRENT_SYSTEM_MAPPING_V2
central,2050,Walloon Region,BE_TABULA_03,Terraced house,pre-1946,TABULA_existing,128138.42018509985,1727209,current_gas,0.425275827482,54494.17267651183,gas,gas_boiler_unspecified,gas_DHW_or_combiboiler,standard_hydronic_radiators,,,,false,false,SCP_BE_SILC_2022,REGIONAL_CURRENT_HEATING_UNIFORM_V2+CURRENT_SYSTEM_MAPPING_V2
central,2050,Walloon Region,BE_TABULA_03,Terraced house,pre-1946,TABULA_existing,128138.42018509985,1727209,current_oil,0.376128385155,48196.49706059417,oil,oil_boiler_unspecified,oil_DHW_or_separate_tank,standard_hydronic_radiators,,,,false,false,SCP_BE_SILC_2022,REGIONAL_CURRENT_HEATING_UNIFORM_V2+CURRENT_SYSTEM_MAPPING_V2
central,2050,Walloon Region,BE_TABULA_03,Terraced house,pre-1946,TABULA_existing,128138.42018509985,1727209,current_other,0.138415245737,17736.310918298594,other,biomass_propane_district_or_other_lumped,other_or_unknown_DHW,unknown_or_hydronic_emitters,,,,false,false,SCP_BE_SILC_2022,REGIONAL_CURRENT_HEATING_UNIFORM_V2+CURRENT_SYSTEM_MAPPING_V2
central,2050,Walloon Region,BE_TABULA_03,Terraced house,pre-1946,TABULA_standard_B_proxy,182513.43522540003,1727209,current_electricity,0.060180541625,10983.757385681114,electricity,electric_resistance_or_existing_heat_pump_unspecified,electric_DHW_unspecified,direct_electric_or_hydronic_unspecified,,,,false,false,SCP_BE_SILC_2022,REGIONAL_CURRENT_HEATING_UNIFORM_V2+CURRENT_SYSTEM_MAPPING_V2
central,2050,Walloon Region,BE_TABULA_03,Terraced house,pre-1946,TABULA_standard_B_proxy,182513.43522540003,1727209,current_gas,0.425275827482,77618.55219214599,gas,gas_boiler_unspecified,gas_DHW_or_combiboiler,standard_hydronic_radiators,,,,false,false,SCP_BE_SILC_2022,REGIONAL_CURRENT_HEATING_UNIFORM_V2+CURRENT_SYSTEM_MAPPING_V2
central,2050,Walloon Region,BE_TABULA_03,Terraced house,pre-1946,TABULA_standard_B_proxy,182513.43522540003,1727209,current_oil,0.376128385155,68648.48366050645,oil,oil_boiler_unspecified,oil_DHW_or_separate_tank,standard_hydronic_radiators,,,,false,false,SCP_BE_SILC_2022,REGIONAL_CURRENT_HEATING_UNIFORM_V2+CURRENT_SYSTEM_MAPPING_V2
central,2050,Walloon Region,BE_TABULA_03,Terraced house,pre-1946,TABULA_standard_B_proxy,182513.43522540003,1727209,current_other,0.138415245737,25262.641987066287,other,biomass_propane_district_or_other_lumped,other_or_unknown_DHW,unknown_or_hydronic_emitters,,,,false,false,SCP_BE_SILC_2022,REGIONAL_CURRENT_HEATING_UNIFORM_V2+CURRENT_SYSTEM_MAPPING_V2
central,2050,Walloon Region,BE_TABULA_03,Terraced house,pre-1946,TABULA_advanced_A_proxy,29601.59209294009,1727209,advanced_air_water_heat_pump,1,29601.59209294009,electricity_plus_ambient_heat,air_water_heat_pump,heat_pump_DHW_tank_or_integrated_HP_DHW,low_temperature_radiators,45,balanced_mechanical_HRV,0.80,true,true,EC_EPBD_45C_GUIDANCE,ADVANCED_TECHNOLOGY_PACKAGE_V2
central,2050,Walloon Region,BE_TABULA_04,"Apartment, enclosed",pre-1946,TABULA_existing,64465.5608716,1727209,current_electricity,0.060180541625,3879.572369404237,electricity,electric_resistance_or_existing_heat_pump_unspecified,electric_DHW_unspecified,direct_electric_or_hydronic_unspecified,,,,false,false,SCP_BE_SILC_2022,REGIONAL_CURRENT_HEATING_UNIFORM_V2+CURRENT_SYSTEM_MAPPING_V2
central,2050,Walloon Region,BE_TABULA_04,"Apartment, enclosed",pre-1946,TABULA_existing,64465.5608716,1727209,current_gas,0.425275827482,27415.644743789748,gas,gas_boiler_unspecified,gas_DHW_or_combiboiler,standard_hydronic_radiators,,,,false,false,SCP_BE_SILC_2022,REGIONAL_CURRENT_HEATING_UNIFORM_V2+CURRENT_SYSTEM_MAPPING_V2
central,2050,Walloon Region,BE_TABULA_04,"Apartment, enclosed",pre-1946,TABULA_existing,64465.5608716,1727209,current_oil,0.376128385155,24247.3273087763,oil,oil_boiler_unspecified,oil_DHW_or_separate_tank,standard_hydronic_radiators,,,,false,false,SCP_BE_SILC_2022,REGIONAL_CURRENT_HEATING_UNIFORM_V2+CURRENT_SYSTEM_MAPPING_V2
central,2050,Walloon Region,BE_TABULA_04,"Apartment, enclosed",pre-1946,TABULA_existing,64465.5608716,1727209,current_other,0.138415245737,8923.01644962965,other,biomass_propane_district_or_other_lumped,other_or_unknown_DHW,unknown_or_hydronic_emitters,,,,false,false,SCP_BE_SILC_2022,REGIONAL_CURRENT_HEATING_UNIFORM_V2+CURRENT_SYSTEM_MAPPING_V2
central,2050,Walloon Region,BE_TABULA_04,"Apartment, enclosed",pre-1946,TABULA_standard_B_proxy,8076.55090646,1727209,current_electricity,0.060180541625,486.051208011638,electricity,electric_resistance_or_existing_heat_pump_unspecified,electric_DHW_unspecified,direct_electric_or_hydronic_unspecified,,,,false,false,SCP_BE_SILC_2022,REGIONAL_CURRENT_HEATING_UNIFORM_V2+CURRENT_SYSTEM_MAPPING_V2
central,2050,Walloon Region,BE_TABULA_04,"Apartment, enclosed",pre-1946,TABULA_standard_B_proxy,8076.55090646,1727209,current_gas,0.425275827482,3434.761869948884,gas,gas_boiler_unspecified,gas_DHW_or_combiboiler,standard_hydronic_radiators,,,,false,false,SCP_BE_SILC_2022,REGIONAL_CURRENT_HEATING_UNIFORM_V2+CURRENT_SYSTEM_MAPPING_V2
central,2050,Walloon Region,BE_TABULA_04,"Apartment, enclosed",pre-1946,TABULA_standard_B_proxy,8076.55090646,1727209,current_oil,0.376128385155,3037.820050072715,oil,oil_boiler_unspecified,oil_DHW_or_separate_tank,standard_hydronic_radiators,,,,false,false,SCP_BE_SILC_2022,REGIONAL_CURRENT_HEATING_UNIFORM_V2+CURRENT_SYSTEM_MAPPING_V2
central,2050,Walloon Region,BE_TABULA_04,"Apartment, enclosed",pre-1946,TABULA_standard_B_proxy,8076.55090646,1727209,current_other,0.138415245737,1117.917778426755,other,biomass_propane_district_or_other_lumped,other_or_unknown_DHW,unknown_or_hydronic_emitters,,,,false,false,SCP_BE_SILC_2022,REGIONAL_CURRENT_HEATING_UNIFORM_V2+CURRENT_SYSTEM_MAPPING_V2
central,2050,Walloon Region,BE_TABULA_04,"Apartment, enclosed",pre-1946,TABULA_advanced_A_proxy,881.078280705,1727209,advanced_air_water_heat_pump,1,881.078280705,electricity_plus_ambient_heat,air_water_heat_pump,heat_pump_DHW_tank_or_integrated_HP_DHW,low_temperature_radiators,45,balanced_mechanical_HRV,0.80,true,true,EC_EPBD_45C_GUIDANCE,ADVANCED_TECHNOLOGY_PACKAGE_V2
central,2050,Walloon Region,BE_TABULA_05,"Apartment, exposed",pre-1946,TABULA_existing,0,1727209,current_electricity,0.060180541625,0,electricity,electric_resistance_or_existing_heat_pump_unspecified,electric_DHW_unspecified,direct_electric_or_hydronic_unspecified,,,,false,false,SCP_BE_SILC_2022,REGIONAL_CURRENT_HEATING_UNIFORM_V2+CURRENT_SYSTEM_MAPPING_V2
central,2050,Walloon Region,BE_TABULA_05,"Apartment, exposed",pre-1946,TABULA_existing,0,1727209,current_gas,0.425275827482,0,gas,gas_boiler_unspecified,gas_DHW_or_combiboiler,standard_hydronic_radiators,,,,false,false,SCP_BE_SILC_2022,REGIONAL_CURRENT_HEATING_UNIFORM_V2+CURRENT_SYSTEM_MAPPING_V2
central,2050,Walloon Region,BE_TABULA_05,"Apartment, exposed",pre-1946,TABULA_existing,0,1727209,current_oil,0.376128385155,0,oil,oil_boiler_unspecified,oil_DHW_or_separate_tank,standard_hydronic_radiators,,,,false,false,SCP_BE_SILC_2022,REGIONAL_CURRENT_HEATING_UNIFORM_V2+CURRENT_SYSTEM_MAPPING_V2
central,2050,Walloon Region,BE_TABULA_05,"Apartment, exposed",pre-1946,TABULA_existing,0,1727209,current_other,0.138415245737,0,other,biomass_propane_district_or_other_lumped,other_or_unknown_DHW,unknown_or_hydronic_emitters,,,,false,false,SCP_BE_SILC_2022,REGIONAL_CURRENT_HEATING_UNIFORM_V2+CURRENT_SYSTEM_MAPPING_V2
central,2050,Walloon Region,BE_TABULA_05,"Apartment, exposed",pre-1946,TABULA_standard_B_proxy,62869.74137806,1727209,current_electricity,0.060180541625,3783.535087947466,electricity,electric_resistance_or_existing_heat_pump_unspecified,electric_DHW_unspecified,direct_electric_or_hydronic_unspecified,,,,false,false,SCP_BE_SILC_2022,REGIONAL_CURRENT_HEATING_UNIFORM_V2+CURRENT_SYSTEM_MAPPING_V2
central,2050,Walloon Region,BE_TABULA_05,"Apartment, exposed",pre-1946,TABULA_standard_B_proxy,62869.74137806,1727209,current_gas,0.425275827482,26736.981288161907,gas,gas_boiler_unspecified,gas_DHW_or_combiboiler,standard_hydronic_radiators,,,,false,false,SCP_BE_SILC_2022,REGIONAL_CURRENT_HEATING_UNIFORM_V2+CURRENT_SYSTEM_MAPPING_V2
central,2050,Walloon Region,BE_TABULA_05,"Apartment, exposed",pre-1946,TABULA_standard_B_proxy,62869.74137806,1727209,current_oil,0.376128385155,23647.09429967149,oil,oil_boiler_unspecified,oil_DHW_or_separate_tank,standard_hydronic_radiators,,,,false,false,SCP_BE_SILC_2022,REGIONAL_CURRENT_HEATING_UNIFORM_V2+CURRENT_SYSTEM_MAPPING_V2
central,2050,Walloon Region,BE_TABULA_05,"Apartment, exposed",pre-1946,TABULA_standard_B_proxy,62869.74137806,1727209,current_other,0.138415245737,8702.130702279079,other,biomass_propane_district_or_other_lumped,other_or_unknown_DHW,unknown_or_hydronic_emitters,,,,false,false,SCP_BE_SILC_2022,REGIONAL_CURRENT_HEATING_UNIFORM_V2+CURRENT_SYSTEM_MAPPING_V2
central,2050,Walloon Region,BE_TABULA_05,"Apartment, exposed",pre-1946,TABULA_advanced_A_proxy,10553.448680705002,1727209,advanced_air_water_heat_pump,1,10553.448680705002,electricity_plus_ambient_heat,air_water_heat_pump,heat_pump_DHW_tank_or_integrated_HP_DHW,low_temperature_radiators,45,balanced_mechanical_HRV,0.80,true,true,EC_EPBD_45C_GUIDANCE,ADVANCED_TECHNOLOGY_PACKAGE_V2
central,2050,Walloon Region,BE_TABULA_06,Detached house,1946-1970,TABULA_existing,0,1727209,current_electricity,0.060180541625,0,electricity,electric_resistance_or_existing_heat_pump_unspecified,electric_DHW_unspecified,direct_electric_or_hydronic_unspecified,,,,false,false,SCP_BE_SILC_2022,REGIONAL_CURRENT_HEATING_UNIFORM_V2+CURRENT_SYSTEM_MAPPING_V2
central,2050,Walloon Region,BE_TABULA_06,Detached house,1946-1970,TABULA_existing,0,1727209,current_gas,0.425275827482,0,gas,gas_boiler_unspecified,gas_DHW_or_combiboiler,standard_hydronic_radiators,,,,false,false,SCP_BE_SILC_2022,REGIONAL_CURRENT_HEATING_UNIFORM_V2+CURRENT_SYSTEM_MAPPING_V2
central,2050,Walloon Region,BE_TABULA_06,Detached house,1946-1970,TABULA_existing,0,1727209,current_oil,0.376128385155,0,oil,oil_boiler_unspecified,oil_DHW_or_separate_tank,standard_hydronic_radiators,,,,false,false,SCP_BE_SILC_2022,REGIONAL_CURRENT_HEATING_UNIFORM_V2+CURRENT_SYSTEM_MAPPING_V2
central,2050,Walloon Region,BE_TABULA_06,Detached house,1946-1970,TABULA_existing,0,1727209,current_other,0.138415245737,0,other,biomass_propane_district_or_other_lumped,other_or_unknown_DHW,unknown_or_hydronic_emitters,,,,false,false,SCP_BE_SILC_2022,REGIONAL_CURRENT_HEATING_UNIFORM_V2+CURRENT_SYSTEM_MAPPING_V2
central,2050,Walloon Region,BE_TABULA_06,Detached house,1946-1970,TABULA_standard_B_proxy,74730.7367831,1727209,current_electricity,0.060180541625,4497.336215632927,electricity,electric_resistance_or_existing_heat_pump_unspecified,electric_DHW_unspecified,direct_electric_or_hydronic_unspecified,,,,false,false,SCP_BE_SILC_2022,REGIONAL_CURRENT_HEATING_UNIFORM_V2+CURRENT_SYSTEM_MAPPING_V2
central,2050,Walloon Region,BE_TABULA_06,Detached house,1946-1970,TABULA_standard_B_proxy,74730.7367831,1727209,current_gas,0.425275827482,31781.175923805793,gas,gas_boiler_unspecified,gas_DHW_or_combiboiler,standard_hydronic_radiators,,,,false,false,SCP_BE_SILC_2022,REGIONAL_CURRENT_HEATING_UNIFORM_V2+CURRENT_SYSTEM_MAPPING_V2
central,2050,Walloon Region,BE_TABULA_06,Detached house,1946-1970,TABULA_standard_B_proxy,74730.7367831,1727209,current_oil,0.376128385155,28108.351347705586,oil,oil_boiler_unspecified,oil_DHW_or_separate_tank,standard_hydronic_radiators,,,,false,false,SCP_BE_SILC_2022,REGIONAL_CURRENT_HEATING_UNIFORM_V2+CURRENT_SYSTEM_MAPPING_V2
central,2050,Walloon Region,BE_TABULA_06,Detached house,1946-1970,TABULA_standard_B_proxy,74730.7367831,1727209,current_other,0.138415245737,10343.87329595562,other,biomass_propane_district_or_other_lumped,other_or_unknown_DHW,unknown_or_hydronic_emitters,,,,false,false,SCP_BE_SILC_2022,REGIONAL_CURRENT_HEATING_UNIFORM_V2+CURRENT_SYSTEM_MAPPING_V2
central,2050,Walloon Region,BE_TABULA_06,Detached house,1946-1970,TABULA_advanced_A_proxy,15592.433645140001,1727209,advanced_air_water_heat_pump,1,15592.433645140001,electricity_plus_ambient_heat,air_water_heat_pump,heat_pump_DHW_tank_or_integrated_HP_DHW,low_temperature_radiators,45,balanced_mechanical_HRV,0.80,true,true,EC_EPBD_45C_GUIDANCE,ADVANCED_TECHNOLOGY_PACKAGE_V2
central,2050,Walloon Region,BE_TABULA_07,Semi-detached house,1946-1970,TABULA_existing,0,1727209,current_electricity,0.060180541625,0,electricity,electric_resistance_or_existing_heat_pump_unspecified,electric_DHW_unspecified,direct_electric_or_hydronic_unspecified,,,,false,false,SCP_BE_SILC_2022,REGIONAL_CURRENT_HEATING_UNIFORM_V2+CURRENT_SYSTEM_MAPPING_V2
central,2050,Walloon Region,BE_TABULA_07,Semi-detached house,1946-1970,TABULA_existing,0,1727209,current_gas,0.425275827482,0,gas,gas_boiler_unspecified,gas_DHW_or_combiboiler,standard_hydronic_radiators,,,,false,false,SCP_BE_SILC_2022,REGIONAL_CURRENT_HEATING_UNIFORM_V2+CURRENT_SYSTEM_MAPPING_V2
central,2050,Walloon Region,BE_TABULA_07,Semi-detached house,1946-1970,TABULA_existing,0,1727209,current_oil,0.376128385155,0,oil,oil_boiler_unspecified,oil_DHW_or_separate_tank,standard_hydronic_radiators,,,,false,false,SCP_BE_SILC_2022,REGIONAL_CURRENT_HEATING_UNIFORM_V2+CURRENT_SYSTEM_MAPPING_V2
central,2050,Walloon Region,BE_TABULA_07,Semi-detached house,1946-1970,TABULA_existing,0,1727209,current_other,0.138415245737,0,other,biomass_propane_district_or_other_lumped,other_or_unknown_DHW,unknown_or_hydronic_emitters,,,,false,false,SCP_BE_SILC_2022,REGIONAL_CURRENT_HEATING_UNIFORM_V2+CURRENT_SYSTEM_MAPPING_V2
central,2050,Walloon Region,BE_TABULA_07,Semi-detached house,1946-1970,TABULA_standard_B_proxy,57477.64367674009,1727209,current_electricity,0.060180541625,3459.035727787791,electricity,electric_resistance_or_existing_heat_pump_unspecified,electric_DHW_unspecified,direct_electric_or_hydronic_unspecified,,,,false,false,SCP_BE_SILC_2022,REGIONAL_CURRENT_HEATING_UNIFORM_V2+CURRENT_SYSTEM_MAPPING_V2
central,2050,Walloon Region,BE_TABULA_07,Semi-detached house,1946-1970,TABULA_standard_B_proxy,57477.64367674009,1727209,current_gas,0.425275827482,24443.85247636688,gas,gas_boiler_unspecified,gas_DHW_or_combiboiler,standard_hydronic_radiators,,,,false,false,SCP_BE_SILC_2022,REGIONAL_CURRENT_HEATING_UNIFORM_V2+CURRENT_SYSTEM_MAPPING_V2
central,2050,Walloon Region,BE_TABULA_07,Semi-detached house,1946-1970,TABULA_standard_B_proxy,57477.64367674009,1727209,current_oil,0.376128385155,21618.97329867353,oil,oil_boiler_unspecified,oil_DHW_or_separate_tank,standard_hydronic_radiators,,,,false,false,SCP_BE_SILC_2022,REGIONAL_CURRENT_HEATING_UNIFORM_V2+CURRENT_SYSTEM_MAPPING_V2
central,2050,Walloon Region,BE_TABULA_07,Semi-detached house,1946-1970,TABULA_standard_B_proxy,57477.64367674009,1727209,current_other,0.138415245737,7955.782173911832,other,biomass_propane_district_or_other_lumped,other_or_unknown_DHW,unknown_or_hydronic_emitters,,,,false,false,SCP_BE_SILC_2022,REGIONAL_CURRENT_HEATING_UNIFORM_V2+CURRENT_SYSTEM_MAPPING_V2
central,2050,Walloon Region,BE_TABULA_07,Semi-detached house,1946-1970,TABULA_advanced_A_proxy,14029.010729980913,1727209,advanced_air_water_heat_pump,1,14029.010729980913,electricity_plus_ambient_heat,air_water_heat_pump,heat_pump_DHW_tank_or_integrated_HP_DHW,low_temperature_radiators,45,balanced_mechanical_HRV,0.80,true,true,EC_EPBD_45C_GUIDANCE,ADVANCED_TECHNOLOGY_PACKAGE_V2
central,2050,Walloon Region,BE_TABULA_08,Terraced house,1946-1970,TABULA_existing,56178.9804181,1727209,current_electricity,0.060180541625,3380.881469494505,electricity,electric_resistance_or_existing_heat_pump_unspecified,electric_DHW_unspecified,direct_electric_or_hydronic_unspecified,,,,false,false,SCP_BE_SILC_2022,REGIONAL_CURRENT_HEATING_UNIFORM_V2+CURRENT_SYSTEM_MAPPING_V2
central,2050,Walloon Region,BE_TABULA_08,Terraced house,1946-1970,TABULA_existing,56178.9804181,1727209,current_gas,0.425275827482,23891.562384427663,gas,gas_boiler_unspecified,gas_DHW_or_combiboiler,standard_hydronic_radiators,,,,false,false,SCP_BE_SILC_2022,REGIONAL_CURRENT_HEATING_UNIFORM_V2+CURRENT_SYSTEM_MAPPING_V2
central,2050,Walloon Region,BE_TABULA_08,Terraced house,1946-1970,TABULA_existing,56178.9804181,1727209,current_oil,0.376128385155,21130.5091843405,oil,oil_boiler_unspecified,oil_DHW_or_separate_tank,standard_hydronic_radiators,,,,false,false,SCP_BE_SILC_2022,REGIONAL_CURRENT_HEATING_UNIFORM_V2+CURRENT_SYSTEM_MAPPING_V2
central,2050,Walloon Region,BE_TABULA_08,Terraced house,1946-1970,TABULA_existing,56178.9804181,1727209,current_other,0.138415245737,7776.027379837276,other,biomass_propane_district_or_other_lumped,other_or_unknown_DHW,unknown_or_hydronic_emitters,,,,false,false,SCP_BE_SILC_2022,REGIONAL_CURRENT_HEATING_UNIFORM_V2+CURRENT_SYSTEM_MAPPING_V2
central,2050,Walloon Region,BE_TABULA_08,Terraced house,1946-1970,TABULA_standard_B_proxy,7038.36884509,1727209,current_electricity,0.060180541625,423.572849253162,electricity,electric_resistance_or_existing_heat_pump_unspecified,electric_DHW_unspecified,direct_electric_or_hydronic_unspecified,,,,false,false,SCP_BE_SILC_2022,REGIONAL_CURRENT_HEATING_UNIFORM_V2+CURRENT_SYSTEM_MAPPING_V2
central,2050,Walloon Region,BE_TABULA_08,Terraced house,1946-1970,TABULA_standard_B_proxy,7038.36884509,1727209,current_gas,0.425275827482,2993.248134722325,gas,gas_boiler_unspecified,gas_DHW_or_combiboiler,standard_hydronic_radiators,,,,false,false,SCP_BE_SILC_2022,REGIONAL_CURRENT_HEATING_UNIFORM_V2+CURRENT_SYSTEM_MAPPING_V2
central,2050,Walloon Region,BE_TABULA_08,Terraced house,1946-1970,TABULA_standard_B_proxy,7038.36884509,1727209,current_oil,0.376128385155,2647.330307832244,oil,oil_boiler_unspecified,oil_DHW_or_separate_tank,standard_hydronic_radiators,,,,false,false,SCP_BE_SILC_2022,REGIONAL_CURRENT_HEATING_UNIFORM_V2+CURRENT_SYSTEM_MAPPING_V2
central,2050,Walloon Region,BE_TABULA_08,Terraced house,1946-1970,TABULA_standard_B_proxy,7038.36884509,1727209,current_other,0.138415245737,974.217553282262,other,biomass_propane_district_or_other_lumped,other_or_unknown_DHW,unknown_or_hydronic_emitters,,,,false,false,SCP_BE_SILC_2022,REGIONAL_CURRENT_HEATING_UNIFORM_V2+CURRENT_SYSTEM_MAPPING_V2
central,2050,Walloon Region,BE_TABULA_08,Terraced house,1946-1970,TABULA_advanced_A_proxy,767.822055828,1727209,advanced_air_water_heat_pump,1,767.822055828,electricity_plus_ambient_heat,air_water_heat_pump,heat_pump_DHW_tank_or_integrated_HP_DHW,low_temperature_radiators,45,balanced_mechanical_HRV,0.80,true,true,EC_EPBD_45C_GUIDANCE,ADVANCED_TECHNOLOGY_PACKAGE_V2
central,2050,Walloon Region,BE_TABULA_09,"Apartment, enclosed",1946-1970,TABULA_existing,25085.9066374,1727209,current_electricity,0.060180541625,1509.683448589779,electricity,electric_resistance_or_existing_heat_pump_unspecified,electric_DHW_unspecified,direct_electric_or_hydronic_unspecified,,,,false,false,SCP_BE_SILC_2022,REGIONAL_CURRENT_HEATING_UNIFORM_V2+CURRENT_SYSTEM_MAPPING_V2
central,2050,Walloon Region,BE_TABULA_09,"Apartment, enclosed",1946-1970,TABULA_existing,25085.9066374,1727209,current_gas,0.425275827482,10668.429703367694,gas,gas_boiler_unspecified,gas_DHW_or_combiboiler,standard_hydronic_radiators,,,,false,false,SCP_BE_SILC_2022,REGIONAL_CURRENT_HEATING_UNIFORM_V2+CURRENT_SYSTEM_MAPPING_V2
central,2050,Walloon Region,BE_TABULA_09,"Apartment, enclosed",1946-1970,TABULA_existing,25085.9066374,1727209,current_oil,0.376128385155,9435.521553686047,oil,oil_boiler_unspecified,oil_DHW_or_separate_tank,standard_hydronic_radiators,,,,false,false,SCP_BE_SILC_2022,REGIONAL_CURRENT_HEATING_UNIFORM_V2+CURRENT_SYSTEM_MAPPING_V2
central,2050,Walloon Region,BE_TABULA_09,"Apartment, enclosed",1946-1970,TABULA_existing,25085.9066374,1727209,current_other,0.138415245737,3472.271931756454,other,biomass_propane_district_or_other_lumped,other_or_unknown_DHW,unknown_or_hydronic_emitters,,,,false,false,SCP_BE_SILC_2022,REGIONAL_CURRENT_HEATING_UNIFORM_V2+CURRENT_SYSTEM_MAPPING_V2
central,2050,Walloon Region,BE_TABULA_09,"Apartment, enclosed",1946-1970,TABULA_standard_B_proxy,3142.88124159,1727209,current_electricity,0.060180541625,189.140295381546,electricity,electric_resistance_or_existing_heat_pump_unspecified,electric_DHW_unspecified,direct_electric_or_hydronic_unspecified,,,,false,false,SCP_BE_SILC_2022,REGIONAL_CURRENT_HEATING_UNIFORM_V2+CURRENT_SYSTEM_MAPPING_V2
central,2050,Walloon Region,BE_TABULA_09,"Apartment, enclosed",1946-1970,TABULA_standard_B_proxy,3142.88124159,1727209,current_gas,0.425275827482,1336.591420696248,gas,gas_boiler_unspecified,gas_DHW_or_combiboiler,standard_hydronic_radiators,,,,false,false,SCP_BE_SILC_2022,REGIONAL_CURRENT_HEATING_UNIFORM_V2+CURRENT_SYSTEM_MAPPING_V2
central,2050,Walloon Region,BE_TABULA_09,"Apartment, enclosed",1946-1970,TABULA_standard_B_proxy,3142.88124159,1727209,current_oil,0.376128385155,1182.126846134653,oil,oil_boiler_unspecified,oil_DHW_or_separate_tank,standard_hydronic_radiators,,,,false,false,SCP_BE_SILC_2022,REGIONAL_CURRENT_HEATING_UNIFORM_V2+CURRENT_SYSTEM_MAPPING_V2
central,2050,Walloon Region,BE_TABULA_09,"Apartment, enclosed",1946-1970,TABULA_standard_B_proxy,3142.88124159,1727209,current_other,0.138415245737,435.022679377551,other,biomass_propane_district_or_other_lumped,other_or_unknown_DHW,unknown_or_hydronic_emitters,,,,false,false,SCP_BE_SILC_2022,REGIONAL_CURRENT_HEATING_UNIFORM_V2+CURRENT_SYSTEM_MAPPING_V2
central,2050,Walloon Region,BE_TABULA_09,"Apartment, enclosed",1946-1970,TABULA_advanced_A_proxy,342.85977181,1727209,advanced_air_water_heat_pump,1,342.85977181,electricity_plus_ambient_heat,air_water_heat_pump,heat_pump_DHW_tank_or_integrated_HP_DHW,low_temperature_radiators,45,balanced_mechanical_HRV,0.80,true,true,EC_EPBD_45C_GUIDANCE,ADVANCED_TECHNOLOGY_PACKAGE_V2
central,2050,Walloon Region,BE_TABULA_10,"Apartment, exposed",1946-1970,TABULA_existing,0,1727209,current_electricity,0.060180541625,0,electricity,electric_resistance_or_existing_heat_pump_unspecified,electric_DHW_unspecified,direct_electric_or_hydronic_unspecified,,,,false,false,SCP_BE_SILC_2022,REGIONAL_CURRENT_HEATING_UNIFORM_V2+CURRENT_SYSTEM_MAPPING_V2
central,2050,Walloon Region,BE_TABULA_10,"Apartment, exposed",1946-1970,TABULA_existing,0,1727209,current_gas,0.425275827482,0,gas,gas_boiler_unspecified,gas_DHW_or_combiboiler,standard_hydronic_radiators,,,,false,false,SCP_BE_SILC_2022,REGIONAL_CURRENT_HEATING_UNIFORM_V2+CURRENT_SYSTEM_MAPPING_V2
central,2050,Walloon Region,BE_TABULA_10,"Apartment, exposed",1946-1970,TABULA_existing,0,1727209,current_oil,0.376128385155,0,oil,oil_boiler_unspecified,oil_DHW_or_separate_tank,standard_hydronic_radiators,,,,false,false,SCP_BE_SILC_2022,REGIONAL_CURRENT_HEATING_UNIFORM_V2+CURRENT_SYSTEM_MAPPING_V2
central,2050,Walloon Region,BE_TABULA_10,"Apartment, exposed",1946-1970,TABULA_existing,0,1727209,current_other,0.138415245737,0,other,biomass_propane_district_or_other_lumped,other_or_unknown_DHW,unknown_or_hydronic_emitters,,,,false,false,SCP_BE_SILC_2022,REGIONAL_CURRENT_HEATING_UNIFORM_V2+CURRENT_SYSTEM_MAPPING_V2
central,2050,Walloon Region,BE_TABULA_10,"Apartment, exposed",1946-1970,TABULA_standard_B_proxy,25918.552089589983,1727209,current_electricity,0.060180541625,1559.792502884061,electricity,electric_resistance_or_existing_heat_pump_unspecified,electric_DHW_unspecified,direct_electric_or_hydronic_unspecified,,,,false,false,SCP_BE_SILC_2022,REGIONAL_CURRENT_HEATING_UNIFORM_V2+CURRENT_SYSTEM_MAPPING_V2
central,2050,Walloon Region,BE_TABULA_10,"Apartment, exposed",1946-1970,TABULA_standard_B_proxy,25918.552089589983,1727209,current_gas,0.425275827482,11022.533687047286,gas,gas_boiler_unspecified,gas_DHW_or_combiboiler,standard_hydronic_radiators,,,,false,false,SCP_BE_SILC_2022,REGIONAL_CURRENT_HEATING_UNIFORM_V2+CURRENT_SYSTEM_MAPPING_V2
central,2050,Walloon Region,BE_TABULA_10,"Apartment, exposed",1946-1970,TABULA_standard_B_proxy,25918.552089589983,1727209,current_oil,0.376128385155,9748.703143025308,oil,oil_boiler_unspecified,oil_DHW_or_separate_tank,standard_hydronic_radiators,,,,false,false,SCP_BE_SILC_2022,REGIONAL_CURRENT_HEATING_UNIFORM_V2+CURRENT_SYSTEM_MAPPING_V2
central,2050,Walloon Region,BE_TABULA_10,"Apartment, exposed",1946-1970,TABULA_standard_B_proxy,25918.552089589983,1727209,current_other,0.138415245737,3587.522756633302,other,biomass_propane_district_or_other_lumped,other_or_unknown_DHW,unknown_or_hydronic_emitters,,,,false,false,SCP_BE_SILC_2022,REGIONAL_CURRENT_HEATING_UNIFORM_V2+CURRENT_SYSTEM_MAPPING_V2
central,2050,Walloon Region,BE_TABULA_10,"Apartment, exposed",1946-1970,TABULA_advanced_A_proxy,2653.095561210017,1727209,advanced_air_water_heat_pump,1,2653.095561210017,electricity_plus_ambient_heat,air_water_heat_pump,heat_pump_DHW_tank_or_integrated_HP_DHW,low_temperature_radiators,45,balanced_mechanical_HRV,0.80,true,true,EC_EPBD_45C_GUIDANCE,ADVANCED_TECHNOLOGY_PACKAGE_V2
central,2050,Walloon Region,BE_TABULA_11,Detached house,1971-1990,TABULA_existing,120159.892941,1727209,current_electricity,0.060180541625,7231.287438776374,electricity,electric_resistance_or_existing_heat_pump_unspecified,electric_DHW_unspecified,direct_electric_or_hydronic_unspecified,,,,false,false,SCP_BE_SILC_2022,REGIONAL_CURRENT_HEATING_UNIFORM_V2+CURRENT_SYSTEM_MAPPING_V2
central,2050,Walloon Region,BE_TABULA_11,Detached house,1971-1990,TABULA_existing,120159.892941,1727209,current_gas,0.425275827482,51101.09790068602,gas,gas_boiler_unspecified,gas_DHW_or_combiboiler,standard_hydronic_radiators,,,,false,false,SCP_BE_SILC_2022,REGIONAL_CURRENT_HEATING_UNIFORM_V2+CURRENT_SYSTEM_MAPPING_V2
central,2050,Walloon Region,BE_TABULA_11,Detached house,1971-1990,TABULA_existing,120159.892941,1727209,current_oil,0.376128385155,45195.546492352005,oil,oil_boiler_unspecified,oil_DHW_or_separate_tank,standard_hydronic_radiators,,,,false,false,SCP_BE_SILC_2022,REGIONAL_CURRENT_HEATING_UNIFORM_V2+CURRENT_SYSTEM_MAPPING_V2
central,2050,Walloon Region,BE_TABULA_11,Detached house,1971-1990,TABULA_existing,120159.892941,1727209,current_other,0.138415245737,16631.961109185482,other,biomass_propane_district_or_other_lumped,other_or_unknown_DHW,unknown_or_hydronic_emitters,,,,false,false,SCP_BE_SILC_2022,REGIONAL_CURRENT_HEATING_UNIFORM_V2+CURRENT_SYSTEM_MAPPING_V2
central,2050,Walloon Region,BE_TABULA_11,Detached house,1971-1990,TABULA_standard_B_proxy,15054.2007102,1727209,current_electricity,0.060180541625,905.969952469414,electricity,electric_resistance_or_existing_heat_pump_unspecified,electric_DHW_unspecified,direct_electric_or_hydronic_unspecified,,,,false,false,SCP_BE_SILC_2022,REGIONAL_CURRENT_HEATING_UNIFORM_V2+CURRENT_SYSTEM_MAPPING_V2
central,2050,Walloon Region,BE_TABULA_11,Detached house,1971-1990,TABULA_standard_B_proxy,15054.2007102,1727209,current_gas,0.425275827482,6402.187664117147,gas,gas_boiler_unspecified,gas_DHW_or_combiboiler,standard_hydronic_radiators,,,,false,false,SCP_BE_SILC_2022,REGIONAL_CURRENT_HEATING_UNIFORM_V2+CURRENT_SYSTEM_MAPPING_V2
central,2050,Walloon Region,BE_TABULA_11,Detached house,1971-1990,TABULA_standard_B_proxy,15054.2007102,1727209,current_oil,0.376128385155,5662.312202933796,oil,oil_boiler_unspecified,oil_DHW_or_separate_tank,standard_hydronic_radiators,,,,false,false,SCP_BE_SILC_2022,REGIONAL_CURRENT_HEATING_UNIFORM_V2+CURRENT_SYSTEM_MAPPING_V2
central,2050,Walloon Region,BE_TABULA_11,Detached house,1971-1990,TABULA_standard_B_proxy,15054.2007102,1727209,current_other,0.138415245737,2083.73089067963,other,biomass_propane_district_or_other_lumped,other_or_unknown_DHW,unknown_or_hydronic_emitters,,,,false,false,SCP_BE_SILC_2022,REGIONAL_CURRENT_HEATING_UNIFORM_V2+CURRENT_SYSTEM_MAPPING_V2
central,2050,Walloon Region,BE_TABULA_11,Detached house,1971-1990,TABULA_advanced_A_proxy,1642.27644111,1727209,advanced_air_water_heat_pump,1,1642.27644111,electricity_plus_ambient_heat,air_water_heat_pump,heat_pump_DHW_tank_or_integrated_HP_DHW,low_temperature_radiators,45,balanced_mechanical_HRV,0.80,true,true,EC_EPBD_45C_GUIDANCE,ADVANCED_TECHNOLOGY_PACKAGE_V2
central,2050,Walloon Region,BE_TABULA_12,Semi-detached house,1971-1990,TABULA_existing,37326.7945824,1727209,current_electricity,0.060180541625,2246.346715089282,electricity,electric_resistance_or_existing_heat_pump_unspecified,electric_DHW_unspecified,direct_electric_or_hydronic_unspecified,,,,false,false,SCP_BE_SILC_2022,REGIONAL_CURRENT_HEATING_UNIFORM_V2+CURRENT_SYSTEM_MAPPING_V2
central,2050,Walloon Region,BE_TABULA_12,Semi-detached house,1971-1990,TABULA_existing,37326.7945824,1727209,current_gas,0.425275827482,15874.183453297479,gas,gas_boiler_unspecified,gas_DHW_or_combiboiler,standard_hydronic_radiators,,,,false,false,SCP_BE_SILC_2022,REGIONAL_CURRENT_HEATING_UNIFORM_V2+CURRENT_SYSTEM_MAPPING_V2
central,2050,Walloon Region,BE_TABULA_12,Semi-detached house,1971-1990,TABULA_existing,37326.7945824,1727209,current_oil,0.376128385155,14039.666969307907,oil,oil_boiler_unspecified,oil_DHW_or_separate_tank,standard_hydronic_radiators,,,,false,false,SCP_BE_SILC_2022,REGIONAL_CURRENT_HEATING_UNIFORM_V2+CURRENT_SYSTEM_MAPPING_V2
central,2050,Walloon Region,BE_TABULA_12,Semi-detached house,1971-1990,TABULA_existing,37326.7945824,1727209,current_other,0.138415245737,5166.597444705292,other,biomass_propane_district_or_other_lumped,other_or_unknown_DHW,unknown_or_hydronic_emitters,,,,false,false,SCP_BE_SILC_2022,REGIONAL_CURRENT_HEATING_UNIFORM_V2+CURRENT_SYSTEM_MAPPING_V2
central,2050,Walloon Region,BE_TABULA_12,Semi-detached house,1971-1990,TABULA_standard_B_proxy,4676.47768117,1727209,current_electricity,0.060180541625,281.43295974945,electricity,electric_resistance_or_existing_heat_pump_unspecified,electric_DHW_unspecified,direct_electric_or_hydronic_unspecified,,,,false,false,SCP_BE_SILC_2022,REGIONAL_CURRENT_HEATING_UNIFORM_V2+CURRENT_SYSTEM_MAPPING_V2
central,2050,Walloon Region,BE_TABULA_12,Semi-detached house,1971-1990,TABULA_standard_B_proxy,4676.47768117,1727209,current_gas,0.425275827482,1988.792915562767,gas,gas_boiler_unspecified,gas_DHW_or_combiboiler,standard_hydronic_radiators,,,,false,false,SCP_BE_SILC_2022,REGIONAL_CURRENT_HEATING_UNIFORM_V2+CURRENT_SYSTEM_MAPPING_V2
central,2050,Walloon Region,BE_TABULA_12,Semi-detached house,1971-1990,TABULA_standard_B_proxy,4676.47768117,1727209,current_oil,0.376128385155,1758.95599843405,oil,oil_boiler_unspecified,oil_DHW_or_separate_tank,standard_hydronic_radiators,,,,false,false,SCP_BE_SILC_2022,REGIONAL_CURRENT_HEATING_UNIFORM_V2+CURRENT_SYSTEM_MAPPING_V2
central,2050,Walloon Region,BE_TABULA_12,Semi-detached house,1971-1990,TABULA_standard_B_proxy,4676.47768117,1727209,current_other,0.138415245737,647.295807423728,other,biomass_propane_district_or_other_lumped,other_or_unknown_DHW,unknown_or_hydronic_emitters,,,,false,false,SCP_BE_SILC_2022,REGIONAL_CURRENT_HEATING_UNIFORM_V2+CURRENT_SYSTEM_MAPPING_V2
central,2050,Walloon Region,BE_TABULA_12,Semi-detached house,1971-1990,TABULA_advanced_A_proxy,510.161201582,1727209,advanced_air_water_heat_pump,1,510.161201582,electricity_plus_ambient_heat,air_water_heat_pump,heat_pump_DHW_tank_or_integrated_HP_DHW,low_temperature_radiators,45,balanced_mechanical_HRV,0.80,true,true,EC_EPBD_45C_GUIDANCE,ADVANCED_TECHNOLOGY_PACKAGE_V2
central,2050,Walloon Region,BE_TABULA_13,Terraced house,1971-1990,TABULA_existing,26879.0663458,1727209,current_electricity,0.060180541625,1617.596771061194,electricity,electric_resistance_or_existing_heat_pump_unspecified,electric_DHW_unspecified,direct_electric_or_hydronic_unspecified,,,,false,false,SCP_BE_SILC_2022,REGIONAL_CURRENT_HEATING_UNIFORM_V2+CURRENT_SYSTEM_MAPPING_V2
central,2050,Walloon Region,BE_TABULA_13,Terraced house,1971-1990,TABULA_existing,26879.0663458,1727209,current_gas,0.425275827482,11431.01718216569,gas,gas_boiler_unspecified,gas_DHW_or_combiboiler,standard_hydronic_radiators,,,,false,false,SCP_BE_SILC_2022,REGIONAL_CURRENT_HEATING_UNIFORM_V2+CURRENT_SYSTEM_MAPPING_V2
central,2050,Walloon Region,BE_TABULA_13,Terraced house,1971-1990,TABULA_existing,26879.0663458,1727209,current_oil,0.376128385155,10109.979819132386,oil,oil_boiler_unspecified,oil_DHW_or_separate_tank,standard_hydronic_radiators,,,,false,false,SCP_BE_SILC_2022,REGIONAL_CURRENT_HEATING_UNIFORM_V2+CURRENT_SYSTEM_MAPPING_V2
central,2050,Walloon Region,BE_TABULA_13,Terraced house,1971-1990,TABULA_existing,26879.0663458,1727209,current_other,0.138415245737,3720.472573440706,other,biomass_propane_district_or_other_lumped,other_or_unknown_DHW,unknown_or_hydronic_emitters,,,,false,false,SCP_BE_SILC_2022,REGIONAL_CURRENT_HEATING_UNIFORM_V2+CURRENT_SYSTEM_MAPPING_V2
central,2050,Walloon Region,BE_TABULA_13,Terraced house,1971-1990,TABULA_standard_B_proxy,3367.53678592,1727209,current_electricity,0.060180541625,202.660187718356,electricity,electric_resistance_or_existing_heat_pump_unspecified,electric_DHW_unspecified,direct_electric_or_hydronic_unspecified,,,,false,false,SCP_BE_SILC_2022,REGIONAL_CURRENT_HEATING_UNIFORM_V2+CURRENT_SYSTEM_MAPPING_V2
central,2050,Walloon Region,BE_TABULA_13,Terraced house,1971-1990,TABULA_standard_B_proxy,3367.53678592,1727209,current_gas,0.425275827482,1432.131993209708,gas,gas_boiler_unspecified,gas_DHW_or_combiboiler,standard_hydronic_radiators,,,,false,false,SCP_BE_SILC_2022,REGIONAL_CURRENT_HEATING_UNIFORM_V2+CURRENT_SYSTEM_MAPPING_V2
central,2050,Walloon Region,BE_TABULA_13,Terraced house,1971-1990,TABULA_standard_B_proxy,3367.53678592,1727209,current_oil,0.376128385155,1266.626173239718,oil,oil_boiler_unspecified,oil_DHW_or_separate_tank,standard_hydronic_radiators,,,,false,false,SCP_BE_SILC_2022,REGIONAL_CURRENT_HEATING_UNIFORM_V2+CURRENT_SYSTEM_MAPPING_V2
central,2050,Walloon Region,BE_TABULA_13,Terraced house,1971-1990,TABULA_standard_B_proxy,3367.53678592,1727209,current_other,0.138415245737,466.118431752215,other,biomass_propane_district_or_other_lumped,other_or_unknown_DHW,unknown_or_hydronic_emitters,,,,false,false,SCP_BE_SILC_2022,REGIONAL_CURRENT_HEATING_UNIFORM_V2+CURRENT_SYSTEM_MAPPING_V2
central,2050,Walloon Region,BE_TABULA_13,Terraced house,1971-1990,TABULA_advanced_A_proxy,367.367649373,1727209,advanced_air_water_heat_pump,1,367.367649373,electricity_plus_ambient_heat,air_water_heat_pump,heat_pump_DHW_tank_or_integrated_HP_DHW,low_temperature_radiators,45,balanced_mechanical_HRV,0.80,true,true,EC_EPBD_45C_GUIDANCE,ADVANCED_TECHNOLOGY_PACKAGE_V2
central,2050,Walloon Region,BE_TABULA_14,"Apartment, enclosed",1971-1990,TABULA_existing,23986.7422522,1727209,current_electricity,0.060180541625,1443.53514055367,electricity,electric_resistance_or_existing_heat_pump_unspecified,electric_DHW_unspecified,direct_electric_or_hydronic_unspecified,,,,false,false,SCP_BE_SILC_2022,REGIONAL_CURRENT_HEATING_UNIFORM_V2+CURRENT_SYSTEM_MAPPING_V2
central,2050,Walloon Region,BE_TABULA_14,"Apartment, enclosed",1971-1990,TABULA_existing,23986.7422522,1727209,current_gas,0.425275827482,10200.98165991253,gas,gas_boiler_unspecified,gas_DHW_or_combiboiler,standard_hydronic_radiators,,,,false,false,SCP_BE_SILC_2022,REGIONAL_CURRENT_HEATING_UNIFORM_V2+CURRENT_SYSTEM_MAPPING_V2
central,2050,Walloon Region,BE_TABULA_14,"Apartment, enclosed",1971-1990,TABULA_existing,23986.7422522,1727209,current_oil,0.376128385155,9022.094628460372,oil,oil_boiler_unspecified,oil_DHW_or_separate_tank,standard_hydronic_radiators,,,,false,false,SCP_BE_SILC_2022,REGIONAL_CURRENT_HEATING_UNIFORM_V2+CURRENT_SYSTEM_MAPPING_V2
central,2050,Walloon Region,BE_TABULA_14,"Apartment, enclosed",1971-1990,TABULA_existing,23986.7422522,1727209,current_other,0.138415245737,3320.130823273405,other,biomass_propane_district_or_other_lumped,other_or_unknown_DHW,unknown_or_hydronic_emitters,,,,false,false,SCP_BE_SILC_2022,REGIONAL_CURRENT_HEATING_UNIFORM_V2+CURRENT_SYSTEM_MAPPING_V2
central,2050,Walloon Region,BE_TABULA_14,"Apartment, enclosed",1971-1990,TABULA_standard_B_proxy,3005.17271952,1727209,current_electricity,0.060180541625,180.852921937012,electricity,electric_resistance_or_existing_heat_pump_unspecified,electric_DHW_unspecified,direct_electric_or_hydronic_unspecified,,,,false,false,SCP_BE_SILC_2022,REGIONAL_CURRENT_HEATING_UNIFORM_V2+CURRENT_SYSTEM_MAPPING_V2
central,2050,Walloon Region,BE_TABULA_14,"Apartment, enclosed",1971-1990,TABULA_standard_B_proxy,3005.17271952,1727209,current_gas,0.425275827482,1278.027315021544,gas,gas_boiler_unspecified,gas_DHW_or_combiboiler,standard_hydronic_radiators,,,,false,false,SCP_BE_SILC_2022,REGIONAL_CURRENT_HEATING_UNIFORM_V2+CURRENT_SYSTEM_MAPPING_V2
central,2050,Walloon Region,BE_TABULA_14,"Apartment, enclosed",1971-1990,TABULA_standard_B_proxy,3005.17271952,1727209,current_oil,0.376128385155,1130.330762106318,oil,oil_boiler_unspecified,oil_DHW_or_separate_tank,standard_hydronic_radiators,,,,false,false,SCP_BE_SILC_2022,REGIONAL_CURRENT_HEATING_UNIFORM_V2+CURRENT_SYSTEM_MAPPING_V2
central,2050,Walloon Region,BE_TABULA_14,"Apartment, enclosed",1971-1990,TABULA_standard_B_proxy,3005.17271952,1727209,current_other,0.138415245737,415.961720455124,other,biomass_propane_district_or_other_lumped,other_or_unknown_DHW,unknown_or_hydronic_emitters,,,,false,false,SCP_BE_SILC_2022,REGIONAL_CURRENT_HEATING_UNIFORM_V2+CURRENT_SYSTEM_MAPPING_V2
central,2050,Walloon Region,BE_TABULA_14,"Apartment, enclosed",1971-1990,TABULA_advanced_A_proxy,327.837023948,1727209,advanced_air_water_heat_pump,1,327.837023948,electricity_plus_ambient_heat,air_water_heat_pump,heat_pump_DHW_tank_or_integrated_HP_DHW,low_temperature_radiators,45,balanced_mechanical_HRV,0.80,true,true,EC_EPBD_45C_GUIDANCE,ADVANCED_TECHNOLOGY_PACKAGE_V2
central,2050,Walloon Region,BE_TABULA_15,"Apartment, exposed",1971-1990,TABULA_existing,23986.7422522,1727209,current_electricity,0.060180541625,1443.53514055367,electricity,electric_resistance_or_existing_heat_pump_unspecified,electric_DHW_unspecified,direct_electric_or_hydronic_unspecified,,,,false,false,SCP_BE_SILC_2022,REGIONAL_CURRENT_HEATING_UNIFORM_V2+CURRENT_SYSTEM_MAPPING_V2
central,2050,Walloon Region,BE_TABULA_15,"Apartment, exposed",1971-1990,TABULA_existing,23986.7422522,1727209,current_gas,0.425275827482,10200.98165991253,gas,gas_boiler_unspecified,gas_DHW_or_combiboiler,standard_hydronic_radiators,,,,false,false,SCP_BE_SILC_2022,REGIONAL_CURRENT_HEATING_UNIFORM_V2+CURRENT_SYSTEM_MAPPING_V2
central,2050,Walloon Region,BE_TABULA_15,"Apartment, exposed",1971-1990,TABULA_existing,23986.7422522,1727209,current_oil,0.376128385155,9022.094628460372,oil,oil_boiler_unspecified,oil_DHW_or_separate_tank,standard_hydronic_radiators,,,,false,false,SCP_BE_SILC_2022,REGIONAL_CURRENT_HEATING_UNIFORM_V2+CURRENT_SYSTEM_MAPPING_V2
central,2050,Walloon Region,BE_TABULA_15,"Apartment, exposed",1971-1990,TABULA_existing,23986.7422522,1727209,current_other,0.138415245737,3320.130823273405,other,biomass_propane_district_or_other_lumped,other_or_unknown_DHW,unknown_or_hydronic_emitters,,,,false,false,SCP_BE_SILC_2022,REGIONAL_CURRENT_HEATING_UNIFORM_V2+CURRENT_SYSTEM_MAPPING_V2
central,2050,Walloon Region,BE_TABULA_15,"Apartment, exposed",1971-1990,TABULA_standard_B_proxy,3005.17271952,1727209,current_electricity,0.060180541625,180.852921937012,electricity,electric_resistance_or_existing_heat_pump_unspecified,electric_DHW_unspecified,direct_electric_or_hydronic_unspecified,,,,false,false,SCP_BE_SILC_2022,REGIONAL_CURRENT_HEATING_UNIFORM_V2+CURRENT_SYSTEM_MAPPING_V2
central,2050,Walloon Region,BE_TABULA_15,"Apartment, exposed",1971-1990,TABULA_standard_B_proxy,3005.17271952,1727209,current_gas,0.425275827482,1278.027315021544,gas,gas_boiler_unspecified,gas_DHW_or_combiboiler,standard_hydronic_radiators,,,,false,false,SCP_BE_SILC_2022,REGIONAL_CURRENT_HEATING_UNIFORM_V2+CURRENT_SYSTEM_MAPPING_V2
central,2050,Walloon Region,BE_TABULA_15,"Apartment, exposed",1971-1990,TABULA_standard_B_proxy,3005.17271952,1727209,current_oil,0.376128385155,1130.330762106318,oil,oil_boiler_unspecified,oil_DHW_or_separate_tank,standard_hydronic_radiators,,,,false,false,SCP_BE_SILC_2022,REGIONAL_CURRENT_HEATING_UNIFORM_V2+CURRENT_SYSTEM_MAPPING_V2
central,2050,Walloon Region,BE_TABULA_15,"Apartment, exposed",1971-1990,TABULA_standard_B_proxy,3005.17271952,1727209,current_other,0.138415245737,415.961720455124,other,biomass_propane_district_or_other_lumped,other_or_unknown_DHW,unknown_or_hydronic_emitters,,,,false,false,SCP_BE_SILC_2022,REGIONAL_CURRENT_HEATING_UNIFORM_V2+CURRENT_SYSTEM_MAPPING_V2
central,2050,Walloon Region,BE_TABULA_15,"Apartment, exposed",1971-1990,TABULA_advanced_A_proxy,327.837023948,1727209,advanced_air_water_heat_pump,1,327.837023948,electricity_plus_ambient_heat,air_water_heat_pump,heat_pump_DHW_tank_or_integrated_HP_DHW,low_temperature_radiators,45,balanced_mechanical_HRV,0.80,true,true,EC_EPBD_45C_GUIDANCE,ADVANCED_TECHNOLOGY_PACKAGE_V2
central,2050,Walloon Region,BE_TABULA_16,Detached house,1991-2005,TABULA_existing,82795.7099747,1727209,current_electricity,0.060180541625,4982.690670493512,electricity,electric_resistance_or_existing_heat_pump_unspecified,electric_DHW_unspecified,direct_electric_or_hydronic_unspecified,,,,false,false,SCP_BE_SILC_2022,REGIONAL_CURRENT_HEATING_UNIFORM_V2+CURRENT_SYSTEM_MAPPING_V2
central,2050,Walloon Region,BE_TABULA_16,Detached house,1991-2005,TABULA_existing,82795.7099747,1727209,current_gas,0.425275827482,35211.01407148724,gas,gas_boiler_unspecified,gas_DHW_or_combiboiler,standard_hydronic_radiators,,,,false,false,SCP_BE_SILC_2022,REGIONAL_CURRENT_HEATING_UNIFORM_V2+CURRENT_SYSTEM_MAPPING_V2
central,2050,Walloon Region,BE_TABULA_16,Detached house,1991-2005,TABULA_existing,82795.7099747,1727209,current_oil,0.376128385155,31141.81669058422,oil,oil_boiler_unspecified,oil_DHW_or_separate_tank,standard_hydronic_radiators,,,,false,false,SCP_BE_SILC_2022,REGIONAL_CURRENT_HEATING_UNIFORM_V2+CURRENT_SYSTEM_MAPPING_V2
central,2050,Walloon Region,BE_TABULA_16,Detached house,1991-2005,TABULA_existing,82795.7099747,1727209,current_other,0.138415245737,11460.188542134953,other,biomass_propane_district_or_other_lumped,other_or_unknown_DHW,unknown_or_hydronic_emitters,,,,false,false,SCP_BE_SILC_2022,REGIONAL_CURRENT_HEATING_UNIFORM_V2+CURRENT_SYSTEM_MAPPING_V2
central,2050,Walloon Region,BE_TABULA_16,Detached house,1991-2005,TABULA_standard_B_proxy,10373.0388351,1727209,current_electricity,0.060180541625,624.255095392181,electricity,electric_resistance_or_existing_heat_pump_unspecified,electric_DHW_unspecified,direct_electric_or_hydronic_unspecified,,,,false,false,SCP_BE_SILC_2022,REGIONAL_CURRENT_HEATING_UNIFORM_V2+CURRENT_SYSTEM_MAPPING_V2
central,2050,Walloon Region,BE_TABULA_16,Detached house,1991-2005,TABULA_standard_B_proxy,10373.0388351,1727209,current_gas,0.425275827482,4411.402674104711,gas,gas_boiler_unspecified,gas_DHW_or_combiboiler,standard_hydronic_radiators,,,,false,false,SCP_BE_SILC_2022,REGIONAL_CURRENT_HEATING_UNIFORM_V2+CURRENT_SYSTEM_MAPPING_V2
central,2050,Walloon Region,BE_TABULA_16,Detached house,1991-2005,TABULA_standard_B_proxy,10373.0388351,1727209,current_oil,0.376128385155,3901.594346201099,oil,oil_boiler_unspecified,oil_DHW_or_separate_tank,standard_hydronic_radiators,,,,false,false,SCP_BE_SILC_2022,REGIONAL_CURRENT_HEATING_UNIFORM_V2+CURRENT_SYSTEM_MAPPING_V2
central,2050,Walloon Region,BE_TABULA_16,Detached house,1991-2005,TABULA_standard_B_proxy,10373.0388351,1727209,current_other,0.138415245737,1435.786719402,other,biomass_propane_district_or_other_lumped,other_or_unknown_DHW,unknown_or_hydronic_emitters,,,,false,false,SCP_BE_SILC_2022,REGIONAL_CURRENT_HEATING_UNIFORM_V2+CURRENT_SYSTEM_MAPPING_V2
central,2050,Walloon Region,BE_TABULA_16,Detached house,1991-2005,TABULA_advanced_A_proxy,1131.60423656,1727209,advanced_air_water_heat_pump,1,1131.60423656,electricity_plus_ambient_heat,air_water_heat_pump,heat_pump_DHW_tank_or_integrated_HP_DHW,low_temperature_radiators,45,balanced_mechanical_HRV,0.80,true,true,EC_EPBD_45C_GUIDANCE,ADVANCED_TECHNOLOGY_PACKAGE_V2
central,2050,Walloon Region,BE_TABULA_17,Semi-detached house,1991-2005,TABULA_existing,13421.312302,1727209,current_electricity,0.060180541625,807.701843650958,electricity,electric_resistance_or_existing_heat_pump_unspecified,electric_DHW_unspecified,direct_electric_or_hydronic_unspecified,,,,false,false,SCP_BE_SILC_2022,REGIONAL_CURRENT_HEATING_UNIFORM_V2+CURRENT_SYSTEM_MAPPING_V2
central,2050,Walloon Region,BE_TABULA_17,Semi-detached house,1991-2005,TABULA_existing,13421.312302,1727209,current_gas,0.425275827482,5707.759695133396,gas,gas_boiler_unspecified,gas_DHW_or_combiboiler,standard_hydronic_radiators,,,,false,false,SCP_BE_SILC_2022,REGIONAL_CURRENT_HEATING_UNIFORM_V2+CURRENT_SYSTEM_MAPPING_V2
central,2050,Walloon Region,BE_TABULA_17,Semi-detached house,1991-2005,TABULA_existing,13421.312302,1727209,current_oil,0.376128385155,5048.13652281845,oil,oil_boiler_unspecified,oil_DHW_or_separate_tank,standard_hydronic_radiators,,,,false,false,SCP_BE_SILC_2022,REGIONAL_CURRENT_HEATING_UNIFORM_V2+CURRENT_SYSTEM_MAPPING_V2
central,2050,Walloon Region,BE_TABULA_17,Semi-detached house,1991-2005,TABULA_existing,13421.312302,1727209,current_other,0.138415245737,1857.714240397183,other,biomass_propane_district_or_other_lumped,other_or_unknown_DHW,unknown_or_hydronic_emitters,,,,false,false,SCP_BE_SILC_2022,REGIONAL_CURRENT_HEATING_UNIFORM_V2+CURRENT_SYSTEM_MAPPING_V2
central,2050,Walloon Region,BE_TABULA_17,Semi-detached house,1991-2005,TABULA_standard_B_proxy,1681.48559593,1727209,current_electricity,0.060180541625,101.192713897493,electricity,electric_resistance_or_existing_heat_pump_unspecified,electric_DHW_unspecified,direct_electric_or_hydronic_unspecified,,,,false,false,SCP_BE_SILC_2022,REGIONAL_CURRENT_HEATING_UNIFORM_V2+CURRENT_SYSTEM_MAPPING_V2
central,2050,Walloon Region,BE_TABULA_17,Semi-detached house,1991-2005,TABULA_standard_B_proxy,1681.48559593,1727209,current_gas,0.425275827482,715.095178208946,gas,gas_boiler_unspecified,gas_DHW_or_combiboiler,standard_hydronic_radiators,,,,false,false,SCP_BE_SILC_2022,REGIONAL_CURRENT_HEATING_UNIFORM_V2+CURRENT_SYSTEM_MAPPING_V2
central,2050,Walloon Region,BE_TABULA_17,Semi-detached house,1991-2005,TABULA_standard_B_proxy,1681.48559593,1727209,current_oil,0.376128385155,632.454461859327,oil,oil_boiler_unspecified,oil_DHW_or_separate_tank,standard_hydronic_radiators,,,,false,false,SCP_BE_SILC_2022,REGIONAL_CURRENT_HEATING_UNIFORM_V2+CURRENT_SYSTEM_MAPPING_V2
central,2050,Walloon Region,BE_TABULA_17,Semi-detached house,1991-2005,TABULA_standard_B_proxy,1681.48559593,1727209,current_other,0.138415245737,232.743241964232,other,biomass_propane_district_or_other_lumped,other_or_unknown_DHW,unknown_or_hydronic_emitters,,,,false,false,SCP_BE_SILC_2022,REGIONAL_CURRENT_HEATING_UNIFORM_V2+CURRENT_SYSTEM_MAPPING_V2
central,2050,Walloon Region,BE_TABULA_17,Semi-detached house,1991-2005,TABULA_advanced_A_proxy,183.434792283,1727209,advanced_air_water_heat_pump,1,183.434792283,electricity_plus_ambient_heat,air_water_heat_pump,heat_pump_DHW_tank_or_integrated_HP_DHW,low_temperature_radiators,45,balanced_mechanical_HRV,0.80,true,true,EC_EPBD_45C_GUIDANCE,ADVANCED_TECHNOLOGY_PACKAGE_V2
central,2050,Walloon Region,BE_TABULA_18,Terraced house,1991-2005,TABULA_existing,7378.15186271,1727209,current_electricity,0.060180541625,444.021175288468,electricity,electric_resistance_or_existing_heat_pump_unspecified,electric_DHW_unspecified,direct_electric_or_hydronic_unspecified,,,,false,false,SCP_BE_SILC_2022,REGIONAL_CURRENT_HEATING_UNIFORM_V2+CURRENT_SYSTEM_MAPPING_V2
central,2050,Walloon Region,BE_TABULA_18,Terraced house,1991-2005,TABULA_existing,7378.15186271,1727209,current_gas,0.425275827482,3137.749638705153,gas,gas_boiler_unspecified,gas_DHW_or_combiboiler,standard_hydronic_radiators,,,,false,false,SCP_BE_SILC_2022,REGIONAL_CURRENT_HEATING_UNIFORM_V2+CURRENT_SYSTEM_MAPPING_V2
central,2050,Walloon Region,BE_TABULA_18,Terraced house,1991-2005,TABULA_existing,7378.15186271,1727209,current_oil,0.376128385155,2775.132345552906,oil,oil_boiler_unspecified,oil_DHW_or_separate_tank,standard_hydronic_radiators,,,,false,false,SCP_BE_SILC_2022,REGIONAL_CURRENT_HEATING_UNIFORM_V2+CURRENT_SYSTEM_MAPPING_V2
central,2050,Walloon Region,BE_TABULA_18,Terraced house,1991-2005,TABULA_existing,7378.15186271,1727209,current_other,0.138415245737,1021.248703163466,other,biomass_propane_district_or_other_lumped,other_or_unknown_DHW,unknown_or_hydronic_emitters,,,,false,false,SCP_BE_SILC_2022,REGIONAL_CURRENT_HEATING_UNIFORM_V2+CURRENT_SYSTEM_MAPPING_V2
central,2050,Walloon Region,BE_TABULA_18,Terraced house,1991-2005,TABULA_standard_B_proxy,924.369823347,1727209,current_electricity,0.060180541625,55.629076630712,electricity,electric_resistance_or_existing_heat_pump_unspecified,electric_DHW_unspecified,direct_electric_or_hydronic_unspecified,,,,false,false,SCP_BE_SILC_2022,REGIONAL_CURRENT_HEATING_UNIFORM_V2+CURRENT_SYSTEM_MAPPING_V2
central,2050,Walloon Region,BE_TABULA_18,Terraced house,1991-2005,TABULA_standard_B_proxy,924.369823347,1727209,current_gas,0.425275827482,393.112141523699,gas,gas_boiler_unspecified,gas_DHW_or_combiboiler,standard_hydronic_radiators,,,,false,false,SCP_BE_SILC_2022,REGIONAL_CURRENT_HEATING_UNIFORM_V2+CURRENT_SYSTEM_MAPPING_V2
central,2050,Walloon Region,BE_TABULA_18,Terraced house,1991-2005,TABULA_standard_B_proxy,924.369823347,1727209,current_oil,0.376128385155,347.68172894195,oil,oil_boiler_unspecified,oil_DHW_or_separate_tank,standard_hydronic_radiators,,,,false,false,SCP_BE_SILC_2022,REGIONAL_CURRENT_HEATING_UNIFORM_V2+CURRENT_SYSTEM_MAPPING_V2
central,2050,Walloon Region,BE_TABULA_18,Terraced house,1991-2005,TABULA_standard_B_proxy,924.369823347,1727209,current_other,0.138415245737,127.946876250637,other,biomass_propane_district_or_other_lumped,other_or_unknown_DHW,unknown_or_hydronic_emitters,,,,false,false,SCP_BE_SILC_2022,REGIONAL_CURRENT_HEATING_UNIFORM_V2+CURRENT_SYSTEM_MAPPING_V2
central,2050,Walloon Region,BE_TABULA_18,Terraced house,1991-2005,TABULA_advanced_A_proxy,100.840344365,1727209,advanced_air_water_heat_pump,1,100.840344365,electricity_plus_ambient_heat,air_water_heat_pump,heat_pump_DHW_tank_or_integrated_HP_DHW,low_temperature_radiators,45,balanced_mechanical_HRV,0.80,true,true,EC_EPBD_45C_GUIDANCE,ADVANCED_TECHNOLOGY_PACKAGE_V2
central,2050,Walloon Region,BE_TABULA_19,"Apartment, enclosed",1991-2005,TABULA_existing,13622.4458581,1727209,current_electricity,0.060180541625,819.806169995993,electricity,electric_resistance_or_existing_heat_pump_unspecified,electric_DHW_unspecified,direct_electric_or_hydronic_unspecified,,,,false,false,SCP_BE_SILC_2022,REGIONAL_CURRENT_HEATING_UNIFORM_V2+CURRENT_SYSTEM_MAPPING_V2
central,2050,Walloon Region,BE_TABULA_19,"Apartment, enclosed",1991-2005,TABULA_existing,13622.4458581,1727209,current_gas,0.425275827482,5793.296934638311,gas,gas_boiler_unspecified,gas_DHW_or_combiboiler,standard_hydronic_radiators,,,,false,false,SCP_BE_SILC_2022,REGIONAL_CURRENT_HEATING_UNIFORM_V2+CURRENT_SYSTEM_MAPPING_V2
central,2050,Walloon Region,BE_TABULA_19,"Apartment, enclosed",1991-2005,TABULA_existing,13622.4458581,1727209,current_oil,0.376128385155,5123.788562474919,oil,oil_boiler_unspecified,oil_DHW_or_separate_tank,standard_hydronic_radiators,,,,false,false,SCP_BE_SILC_2022,REGIONAL_CURRENT_HEATING_UNIFORM_V2+CURRENT_SYSTEM_MAPPING_V2
central,2050,Walloon Region,BE_TABULA_19,"Apartment, enclosed",1991-2005,TABULA_existing,13622.4458581,1727209,current_other,0.138415245737,1885.554190990764,other,biomass_propane_district_or_other_lumped,other_or_unknown_DHW,unknown_or_hydronic_emitters,,,,false,false,SCP_BE_SILC_2022,REGIONAL_CURRENT_HEATING_UNIFORM_V2+CURRENT_SYSTEM_MAPPING_V2
central,2050,Walloon Region,BE_TABULA_19,"Apartment, enclosed",1991-2005,TABULA_standard_B_proxy,1706.68456081,1727209,current_electricity,0.060180541625,102.709201252358,electricity,electric_resistance_or_existing_heat_pump_unspecified,electric_DHW_unspecified,direct_electric_or_hydronic_unspecified,,,,false,false,SCP_BE_SILC_2022,REGIONAL_CURRENT_HEATING_UNIFORM_V2+CURRENT_SYSTEM_MAPPING_V2
central,2050,Walloon Region,BE_TABULA_19,"Apartment, enclosed",1991-2005,TABULA_standard_B_proxy,1706.68456081,1727209,current_gas,0.425275827482,725.811688849989,gas,gas_boiler_unspecified,gas_DHW_or_combiboiler,standard_hydronic_radiators,,,,false,false,SCP_BE_SILC_2022,REGIONAL_CURRENT_HEATING_UNIFORM_V2+CURRENT_SYSTEM_MAPPING_V2
central,2050,Walloon Region,BE_TABULA_19,"Apartment, enclosed",1991-2005,TABULA_standard_B_proxy,1706.68456081,1727209,current_oil,0.376128385155,641.932507827231,oil,oil_boiler_unspecified,oil_DHW_or_separate_tank,standard_hydronic_radiators,,,,false,false,SCP_BE_SILC_2022,REGIONAL_CURRENT_HEATING_UNIFORM_V2+CURRENT_SYSTEM_MAPPING_V2
central,2050,Walloon Region,BE_TABULA_19,"Apartment, enclosed",1991-2005,TABULA_standard_B_proxy,1706.68456081,1727209,current_other,0.138415245737,236.23116288042,other,biomass_propane_district_or_other_lumped,other_or_unknown_DHW,unknown_or_hydronic_emitters,,,,false,false,SCP_BE_SILC_2022,REGIONAL_CURRENT_HEATING_UNIFORM_V2+CURRENT_SYSTEM_MAPPING_V2
central,2050,Walloon Region,BE_TABULA_19,"Apartment, enclosed",1991-2005,TABULA_advanced_A_proxy,186.18377027,1727209,advanced_air_water_heat_pump,1,186.18377027,electricity_plus_ambient_heat,air_water_heat_pump,heat_pump_DHW_tank_or_integrated_HP_DHW,low_temperature_radiators,45,balanced_mechanical_HRV,0.80,true,true,EC_EPBD_45C_GUIDANCE,ADVANCED_TECHNOLOGY_PACKAGE_V2
central,2050,Walloon Region,BE_TABULA_20,"Apartment, exposed",1991-2005,TABULA_existing,13622.4458581,1727209,current_electricity,0.060180541625,819.806169995993,electricity,electric_resistance_or_existing_heat_pump_unspecified,electric_DHW_unspecified,direct_electric_or_hydronic_unspecified,,,,false,false,SCP_BE_SILC_2022,REGIONAL_CURRENT_HEATING_UNIFORM_V2+CURRENT_SYSTEM_MAPPING_V2
central,2050,Walloon Region,BE_TABULA_20,"Apartment, exposed",1991-2005,TABULA_existing,13622.4458581,1727209,current_gas,0.425275827482,5793.296934638311,gas,gas_boiler_unspecified,gas_DHW_or_combiboiler,standard_hydronic_radiators,,,,false,false,SCP_BE_SILC_2022,REGIONAL_CURRENT_HEATING_UNIFORM_V2+CURRENT_SYSTEM_MAPPING_V2
central,2050,Walloon Region,BE_TABULA_20,"Apartment, exposed",1991-2005,TABULA_existing,13622.4458581,1727209,current_oil,0.376128385155,5123.788562474919,oil,oil_boiler_unspecified,oil_DHW_or_separate_tank,standard_hydronic_radiators,,,,false,false,SCP_BE_SILC_2022,REGIONAL_CURRENT_HEATING_UNIFORM_V2+CURRENT_SYSTEM_MAPPING_V2
central,2050,Walloon Region,BE_TABULA_20,"Apartment, exposed",1991-2005,TABULA_existing,13622.4458581,1727209,current_other,0.138415245737,1885.554190990764,other,biomass_propane_district_or_other_lumped,other_or_unknown_DHW,unknown_or_hydronic_emitters,,,,false,false,SCP_BE_SILC_2022,REGIONAL_CURRENT_HEATING_UNIFORM_V2+CURRENT_SYSTEM_MAPPING_V2
central,2050,Walloon Region,BE_TABULA_20,"Apartment, exposed",1991-2005,TABULA_standard_B_proxy,1706.68456081,1727209,current_electricity,0.060180541625,102.709201252358,electricity,electric_resistance_or_existing_heat_pump_unspecified,electric_DHW_unspecified,direct_electric_or_hydronic_unspecified,,,,false,false,SCP_BE_SILC_2022,REGIONAL_CURRENT_HEATING_UNIFORM_V2+CURRENT_SYSTEM_MAPPING_V2
central,2050,Walloon Region,BE_TABULA_20,"Apartment, exposed",1991-2005,TABULA_standard_B_proxy,1706.68456081,1727209,current_gas,0.425275827482,725.811688849989,gas,gas_boiler_unspecified,gas_DHW_or_combiboiler,standard_hydronic_radiators,,,,false,false,SCP_BE_SILC_2022,REGIONAL_CURRENT_HEATING_UNIFORM_V2+CURRENT_SYSTEM_MAPPING_V2
central,2050,Walloon Region,BE_TABULA_20,"Apartment, exposed",1991-2005,TABULA_standard_B_proxy,1706.68456081,1727209,current_oil,0.376128385155,641.932507827231,oil,oil_boiler_unspecified,oil_DHW_or_separate_tank,standard_hydronic_radiators,,,,false,false,SCP_BE_SILC_2022,REGIONAL_CURRENT_HEATING_UNIFORM_V2+CURRENT_SYSTEM_MAPPING_V2
central,2050,Walloon Region,BE_TABULA_20,"Apartment, exposed",1991-2005,TABULA_standard_B_proxy,1706.68456081,1727209,current_other,0.138415245737,236.23116288042,other,biomass_propane_district_or_other_lumped,other_or_unknown_DHW,unknown_or_hydronic_emitters,,,,false,false,SCP_BE_SILC_2022,REGIONAL_CURRENT_HEATING_UNIFORM_V2+CURRENT_SYSTEM_MAPPING_V2
central,2050,Walloon Region,BE_TABULA_20,"Apartment, exposed",1991-2005,TABULA_advanced_A_proxy,186.18377027,1727209,advanced_air_water_heat_pump,1,186.18377027,electricity_plus_ambient_heat,air_water_heat_pump,heat_pump_DHW_tank_or_integrated_HP_DHW,low_temperature_radiators,45,balanced_mechanical_HRV,0.80,true,true,EC_EPBD_45C_GUIDANCE,ADVANCED_TECHNOLOGY_PACKAGE_V2
central,2050,Walloon Region,BE_TABULA_21,Detached house,post-2005,TABULA_existing,64825.0377454,1727209,current_electricity,0.060180541625,3901.205882371138,electricity,electric_resistance_or_existing_heat_pump_unspecified,electric_DHW_unspecified,direct_electric_or_hydronic_unspecified,,,,false,false,SCP_BE_SILC_2022,REGIONAL_CURRENT_HEATING_UNIFORM_V2+CURRENT_SYSTEM_MAPPING_V2
central,2050,Walloon Region,BE_TABULA_21,Detached house,post-2005,TABULA_existing,64825.0377454,1727209,current_gas,0.425275827482,27568.521568755845,gas,gas_boiler_unspecified,gas_DHW_or_combiboiler,standard_hydronic_radiators,,,,false,false,SCP_BE_SILC_2022,REGIONAL_CURRENT_HEATING_UNIFORM_V2+CURRENT_SYSTEM_MAPPING_V2
central,2050,Walloon Region,BE_TABULA_21,Detached house,post-2005,TABULA_existing,64825.0377454,1727209,current_oil,0.376128385155,24382.53676481943,oil,oil_boiler_unspecified,oil_DHW_or_separate_tank,standard_hydronic_radiators,,,,false,false,SCP_BE_SILC_2022,REGIONAL_CURRENT_HEATING_UNIFORM_V2+CURRENT_SYSTEM_MAPPING_V2
central,2050,Walloon Region,BE_TABULA_21,Detached house,post-2005,TABULA_existing,64825.0377454,1727209,current_other,0.138415245737,8972.77352945352,other,biomass_propane_district_or_other_lumped,other_or_unknown_DHW,unknown_or_hydronic_emitters,,,,false,false,SCP_BE_SILC_2022,REGIONAL_CURRENT_HEATING_UNIFORM_V2+CURRENT_SYSTEM_MAPPING_V2
central,2050,Walloon Region,BE_TABULA_21,Detached house,post-2005,TABULA_standard_B_proxy,8121.58787243,1727209,current_electricity,0.060180541625,488.761557016854,electricity,electric_resistance_or_existing_heat_pump_unspecified,electric_DHW_unspecified,direct_electric_or_hydronic_unspecified,,,,false,false,SCP_BE_SILC_2022,REGIONAL_CURRENT_HEATING_UNIFORM_V2+CURRENT_SYSTEM_MAPPING_V2
central,2050,Walloon Region,BE_TABULA_21,Detached house,post-2005,TABULA_standard_B_proxy,8121.58787243,1727209,current_gas,0.425275827482,3453.915002919075,gas,gas_boiler_unspecified,gas_DHW_or_combiboiler,standard_hydronic_radiators,,,,false,false,SCP_BE_SILC_2022,REGIONAL_CURRENT_HEATING_UNIFORM_V2+CURRENT_SYSTEM_MAPPING_V2
central,2050,Walloon Region,BE_TABULA_21,Detached house,post-2005,TABULA_standard_B_proxy,8121.58787243,1727209,current_oil,0.376128385155,3054.759731355312,oil,oil_boiler_unspecified,oil_DHW_or_separate_tank,standard_hydronic_radiators,,,,false,false,SCP_BE_SILC_2022,REGIONAL_CURRENT_HEATING_UNIFORM_V2+CURRENT_SYSTEM_MAPPING_V2
central,2050,Walloon Region,BE_TABULA_21,Detached house,post-2005,TABULA_standard_B_proxy,8121.58787243,1727209,current_other,0.138415245737,1124.151581138751,other,biomass_propane_district_or_other_lumped,other_or_unknown_DHW,unknown_or_hydronic_emitters,,,,false,false,SCP_BE_SILC_2022,REGIONAL_CURRENT_HEATING_UNIFORM_V2+CURRENT_SYSTEM_MAPPING_V2
central,2050,Walloon Region,BE_TABULA_21,Detached house,post-2005,TABULA_advanced_A_proxy,885.991404266,1727209,advanced_air_water_heat_pump,1,885.991404266,electricity_plus_ambient_heat,air_water_heat_pump,heat_pump_DHW_tank_or_integrated_HP_DHW,low_temperature_radiators,45,balanced_mechanical_HRV,0.80,true,true,EC_EPBD_45C_GUIDANCE,ADVANCED_TECHNOLOGY_PACKAGE_V2
central,2050,Walloon Region,BE_TABULA_22,Semi-detached house,post-2005,TABULA_existing,28864.4326865,1727209,current_electricity,0.060180541625,1737.077192768316,electricity,electric_resistance_or_existing_heat_pump_unspecified,electric_DHW_unspecified,direct_electric_or_hydronic_unspecified,,,,false,false,SCP_BE_SILC_2022,REGIONAL_CURRENT_HEATING_UNIFORM_V2+CURRENT_SYSTEM_MAPPING_V2
central,2050,Walloon Region,BE_TABULA_22,Semi-detached house,post-2005,TABULA_existing,28864.4326865,1727209,current_gas,0.425275827482,12275.345495562678,gas,gas_boiler_unspecified,gas_DHW_or_combiboiler,standard_hydronic_radiators,,,,false,false,SCP_BE_SILC_2022,REGIONAL_CURRENT_HEATING_UNIFORM_V2+CURRENT_SYSTEM_MAPPING_V2
central,2050,Walloon Region,BE_TABULA_22,Semi-detached house,post-2005,TABULA_existing,28864.4326865,1727209,current_oil,0.376128385155,10856.732454801893,oil,oil_boiler_unspecified,oil_DHW_or_separate_tank,standard_hydronic_radiators,,,,false,false,SCP_BE_SILC_2022,REGIONAL_CURRENT_HEATING_UNIFORM_V2+CURRENT_SYSTEM_MAPPING_V2
central,2050,Walloon Region,BE_TABULA_22,Semi-detached house,post-2005,TABULA_existing,28864.4326865,1727209,current_other,0.138415245737,3995.277543367083,other,biomass_propane_district_or_other_lumped,other_or_unknown_DHW,unknown_or_hydronic_emitters,,,,false,false,SCP_BE_SILC_2022,REGIONAL_CURRENT_HEATING_UNIFORM_V2+CURRENT_SYSTEM_MAPPING_V2
central,2050,Walloon Region,BE_TABULA_22,Semi-detached house,post-2005,TABULA_standard_B_proxy,3616.27288784,1727209,current_electricity,0.060180541625,217.629261053562,electricity,electric_resistance_or_existing_heat_pump_unspecified,electric_DHW_unspecified,direct_electric_or_hydronic_unspecified,,,,false,false,SCP_BE_SILC_2022,REGIONAL_CURRENT_HEATING_UNIFORM_V2+CURRENT_SYSTEM_MAPPING_V2
central,2050,Walloon Region,BE_TABULA_22,Semi-detached house,post-2005,TABULA_standard_B_proxy,3616.27288784,1727209,current_gas,0.425275827482,1537.913444778494,gas,gas_boiler_unspecified,gas_DHW_or_combiboiler,standard_hydronic_radiators,,,,false,false,SCP_BE_SILC_2022,REGIONAL_CURRENT_HEATING_UNIFORM_V2+CURRENT_SYSTEM_MAPPING_V2
central,2050,Walloon Region,BE_TABULA_22,Semi-detached house,post-2005,TABULA_standard_B_proxy,3616.27288784,1727209,current_oil,0.376128385155,1360.182881584753,oil,oil_boiler_unspecified,oil_DHW_or_separate_tank,standard_hydronic_radiators,,,,false,false,SCP_BE_SILC_2022,REGIONAL_CURRENT_HEATING_UNIFORM_V2+CURRENT_SYSTEM_MAPPING_V2
central,2050,Walloon Region,BE_TABULA_22,Semi-detached house,post-2005,TABULA_standard_B_proxy,3616.27288784,1727209,current_other,0.138415245737,500.547300423187,other,biomass_propane_district_or_other_lumped,other_or_unknown_DHW,unknown_or_hydronic_emitters,,,,false,false,SCP_BE_SILC_2022,REGIONAL_CURRENT_HEATING_UNIFORM_V2+CURRENT_SYSTEM_MAPPING_V2
central,2050,Walloon Region,BE_TABULA_22,Semi-detached house,post-2005,TABULA_advanced_A_proxy,394.502496855,1727209,advanced_air_water_heat_pump,1,394.502496855,electricity_plus_ambient_heat,air_water_heat_pump,heat_pump_DHW_tank_or_integrated_HP_DHW,low_temperature_radiators,45,balanced_mechanical_HRV,0.80,true,true,EC_EPBD_45C_GUIDANCE,ADVANCED_TECHNOLOGY_PACKAGE_V2
central,2050,Walloon Region,BE_TABULA_23,Terraced house,post-2005,TABULA_existing,12766.1624654,1727209,current_electricity,0.060180541625,768.274571638922,electricity,electric_resistance_or_existing_heat_pump_unspecified,electric_DHW_unspecified,direct_electric_or_hydronic_unspecified,,,,false,false,SCP_BE_SILC_2022,REGIONAL_CURRENT_HEATING_UNIFORM_V2+CURRENT_SYSTEM_MAPPING_V2
central,2050,Walloon Region,BE_TABULA_23,Terraced house,post-2005,TABULA_existing,12766.1624654,1727209,current_gas,0.425275827482,5429.140306248341,gas,gas_boiler_unspecified,gas_DHW_or_combiboiler,standard_hydronic_radiators,,,,false,false,SCP_BE_SILC_2022,REGIONAL_CURRENT_HEATING_UNIFORM_V2+CURRENT_SYSTEM_MAPPING_V2
central,2050,Walloon Region,BE_TABULA_23,Terraced house,post-2005,TABULA_existing,12766.1624654,1727209,current_oil,0.376128385155,4801.716072743225,oil,oil_boiler_unspecified,oil_DHW_or_separate_tank,standard_hydronic_radiators,,,,false,false,SCP_BE_SILC_2022,REGIONAL_CURRENT_HEATING_UNIFORM_V2+CURRENT_SYSTEM_MAPPING_V2
central,2050,Walloon Region,BE_TABULA_23,Terraced house,post-2005,TABULA_existing,12766.1624654,1727209,current_other,0.138415245737,1767.031514769501,other,biomass_propane_district_or_other_lumped,other_or_unknown_DHW,unknown_or_hydronic_emitters,,,,false,false,SCP_BE_SILC_2022,REGIONAL_CURRENT_HEATING_UNIFORM_V2+CURRENT_SYSTEM_MAPPING_V2
central,2050,Walloon Region,BE_TABULA_23,Terraced house,post-2005,TABULA_standard_B_proxy,1599.40532027,1727209,current_electricity,0.060180541625,96.253078451555,electricity,electric_resistance_or_existing_heat_pump_unspecified,electric_DHW_unspecified,direct_electric_or_hydronic_unspecified,,,,false,false,SCP_BE_SILC_2022,REGIONAL_CURRENT_HEATING_UNIFORM_V2+CURRENT_SYSTEM_MAPPING_V2
central,2050,Walloon Region,BE_TABULA_23,Terraced house,post-2005,TABULA_standard_B_proxy,1599.40532027,1727209,current_gas,0.425275827482,680.188421057653,gas,gas_boiler_unspecified,gas_DHW_or_combiboiler,standard_hydronic_radiators,,,,false,false,SCP_BE_SILC_2022,REGIONAL_CURRENT_HEATING_UNIFORM_V2+CURRENT_SYSTEM_MAPPING_V2
central,2050,Walloon Region,BE_TABULA_23,Terraced house,post-2005,TABULA_standard_B_proxy,1599.40532027,1727209,current_oil,0.376128385155,601.581740322216,oil,oil_boiler_unspecified,oil_DHW_or_separate_tank,standard_hydronic_radiators,,,,false,false,SCP_BE_SILC_2022,REGIONAL_CURRENT_HEATING_UNIFORM_V2+CURRENT_SYSTEM_MAPPING_V2
central,2050,Walloon Region,BE_TABULA_23,Terraced house,post-2005,TABULA_standard_B_proxy,1599.40532027,1727209,current_other,0.138415245737,221.382080438575,other,biomass_propane_district_or_other_lumped,other_or_unknown_DHW,unknown_or_hydronic_emitters,,,,false,false,SCP_BE_SILC_2022,REGIONAL_CURRENT_HEATING_UNIFORM_V2+CURRENT_SYSTEM_MAPPING_V2
central,2050,Walloon Region,BE_TABULA_23,Terraced house,post-2005,TABULA_advanced_A_proxy,174.480580393,1727209,advanced_air_water_heat_pump,1,174.480580393,electricity_plus_ambient_heat,air_water_heat_pump,heat_pump_DHW_tank_or_integrated_HP_DHW,low_temperature_radiators,45,balanced_mechanical_HRV,0.80,true,true,EC_EPBD_45C_GUIDANCE,ADVANCED_TECHNOLOGY_PACKAGE_V2
central,2050,Walloon Region,BE_TABULA_24,"Apartment, enclosed",post-2005,TABULA_existing,23778.9583807,1727209,current_electricity,0.060180541625,1431.030594625887,electricity,electric_resistance_or_existing_heat_pump_unspecified,electric_DHW_unspecified,direct_electric_or_hydronic_unspecified,,,,false,false,SCP_BE_SILC_2022,REGIONAL_CURRENT_HEATING_UNIFORM_V2+CURRENT_SYSTEM_MAPPING_V2
central,2050,Walloon Region,BE_TABULA_24,"Apartment, enclosed",post-2005,TABULA_existing,23778.9583807,1727209,current_gas,0.425275827482,10112.616202022862,gas,gas_boiler_unspecified,gas_DHW_or_combiboiler,standard_hydronic_radiators,,,,false,false,SCP_BE_SILC_2022,REGIONAL_CURRENT_HEATING_UNIFORM_V2+CURRENT_SYSTEM_MAPPING_V2
central,2050,Walloon Region,BE_TABULA_24,"Apartment, enclosed",post-2005,TABULA_existing,23778.9583807,1727209,current_oil,0.376128385155,8943.941216411726,oil,oil_boiler_unspecified,oil_DHW_or_separate_tank,standard_hydronic_radiators,,,,false,false,SCP_BE_SILC_2022,REGIONAL_CURRENT_HEATING_UNIFORM_V2+CURRENT_SYSTEM_MAPPING_V2
central,2050,Walloon Region,BE_TABULA_24,"Apartment, enclosed",post-2005,TABULA_existing,23778.9583807,1727209,current_other,0.138415245737,3291.370367639504,other,biomass_propane_district_or_other_lumped,other_or_unknown_DHW,unknown_or_hydronic_emitters,,,,false,false,SCP_BE_SILC_2022,REGIONAL_CURRENT_HEATING_UNIFORM_V2+CURRENT_SYSTEM_MAPPING_V2
central,2050,Walloon Region,BE_TABULA_24,"Apartment, enclosed",post-2005,TABULA_standard_B_proxy,2979.14057162,1727209,current_electricity,0.060180541625,179.286293176731,electricity,electric_resistance_or_existing_heat_pump_unspecified,electric_DHW_unspecified,direct_electric_or_hydronic_unspecified,,,,false,false,SCP_BE_SILC_2022,REGIONAL_CURRENT_HEATING_UNIFORM_V2+CURRENT_SYSTEM_MAPPING_V2
central,2050,Walloon Region,BE_TABULA_24,"Apartment, enclosed",post-2005,TABULA_standard_B_proxy,2979.14057162,1727209,current_gas,0.425275827482,1266.956471782226,gas,gas_boiler_unspecified,gas_DHW_or_combiboiler,standard_hydronic_radiators,,,,false,false,SCP_BE_SILC_2022,REGIONAL_CURRENT_HEATING_UNIFORM_V2+CURRENT_SYSTEM_MAPPING_V2
central,2050,Walloon Region,BE_TABULA_24,"Apartment, enclosed",post-2005,TABULA_standard_B_proxy,2979.14057162,1727209,current_oil,0.376128385155,1120.539332354563,oil,oil_boiler_unspecified,oil_DHW_or_separate_tank,standard_hydronic_radiators,,,,false,false,SCP_BE_SILC_2022,REGIONAL_CURRENT_HEATING_UNIFORM_V2+CURRENT_SYSTEM_MAPPING_V2
central,2050,Walloon Region,BE_TABULA_24,"Apartment, enclosed",post-2005,TABULA_standard_B_proxy,2979.14057162,1727209,current_other,0.138415245737,412.358474306478,other,biomass_propane_district_or_other_lumped,other_or_unknown_DHW,unknown_or_hydronic_emitters,,,,false,false,SCP_BE_SILC_2022,REGIONAL_CURRENT_HEATING_UNIFORM_V2+CURRENT_SYSTEM_MAPPING_V2
central,2050,Walloon Region,BE_TABULA_24,"Apartment, enclosed",post-2005,TABULA_advanced_A_proxy,324.997153267,1727209,advanced_air_water_heat_pump,1,324.997153267,electricity_plus_ambient_heat,air_water_heat_pump,heat_pump_DHW_tank_or_integrated_HP_DHW,low_temperature_radiators,45,balanced_mechanical_HRV,0.80,true,true,EC_EPBD_45C_GUIDANCE,ADVANCED_TECHNOLOGY_PACKAGE_V2
central,2050,Walloon Region,BE_TABULA_25,"Apartment, exposed",post-2005,TABULA_existing,23778.9583807,1727209,current_electricity,0.060180541625,1431.030594625887,electricity,electric_resistance_or_existing_heat_pump_unspecified,electric_DHW_unspecified,direct_electric_or_hydronic_unspecified,,,,false,false,SCP_BE_SILC_2022,REGIONAL_CURRENT_HEATING_UNIFORM_V2+CURRENT_SYSTEM_MAPPING_V2
central,2050,Walloon Region,BE_TABULA_25,"Apartment, exposed",post-2005,TABULA_existing,23778.9583807,1727209,current_gas,0.425275827482,10112.616202022862,gas,gas_boiler_unspecified,gas_DHW_or_combiboiler,standard_hydronic_radiators,,,,false,false,SCP_BE_SILC_2022,REGIONAL_CURRENT_HEATING_UNIFORM_V2+CURRENT_SYSTEM_MAPPING_V2
central,2050,Walloon Region,BE_TABULA_25,"Apartment, exposed",post-2005,TABULA_existing,23778.9583807,1727209,current_oil,0.376128385155,8943.941216411726,oil,oil_boiler_unspecified,oil_DHW_or_separate_tank,standard_hydronic_radiators,,,,false,false,SCP_BE_SILC_2022,REGIONAL_CURRENT_HEATING_UNIFORM_V2+CURRENT_SYSTEM_MAPPING_V2
central,2050,Walloon Region,BE_TABULA_25,"Apartment, exposed",post-2005,TABULA_existing,23778.9583807,1727209,current_other,0.138415245737,3291.370367639504,other,biomass_propane_district_or_other_lumped,other_or_unknown_DHW,unknown_or_hydronic_emitters,,,,false,false,SCP_BE_SILC_2022,REGIONAL_CURRENT_HEATING_UNIFORM_V2+CURRENT_SYSTEM_MAPPING_V2
central,2050,Walloon Region,BE_TABULA_25,"Apartment, exposed",post-2005,TABULA_standard_B_proxy,2979.14057162,1727209,current_electricity,0.060180541625,179.286293176731,electricity,electric_resistance_or_existing_heat_pump_unspecified,electric_DHW_unspecified,direct_electric_or_hydronic_unspecified,,,,false,false,SCP_BE_SILC_2022,REGIONAL_CURRENT_HEATING_UNIFORM_V2+CURRENT_SYSTEM_MAPPING_V2
central,2050,Walloon Region,BE_TABULA_25,"Apartment, exposed",post-2005,TABULA_standard_B_proxy,2979.14057162,1727209,current_gas,0.425275827482,1266.956471782226,gas,gas_boiler_unspecified,gas_DHW_or_combiboiler,standard_hydronic_radiators,,,,false,false,SCP_BE_SILC_2022,REGIONAL_CURRENT_HEATING_UNIFORM_V2+CURRENT_SYSTEM_MAPPING_V2
central,2050,Walloon Region,BE_TABULA_25,"Apartment, exposed",post-2005,TABULA_standard_B_proxy,2979.14057162,1727209,current_oil,0.376128385155,1120.539332354563,oil,oil_boiler_unspecified,oil_DHW_or_separate_tank,standard_hydronic_radiators,,,,false,false,SCP_BE_SILC_2022,REGIONAL_CURRENT_HEATING_UNIFORM_V2+CURRENT_SYSTEM_MAPPING_V2
central,2050,Walloon Region,BE_TABULA_25,"Apartment, exposed",post-2005,TABULA_standard_B_proxy,2979.14057162,1727209,current_other,0.138415245737,412.358474306478,other,biomass_propane_district_or_other_lumped,other_or_unknown_DHW,unknown_or_hydronic_emitters,,,,false,false,SCP_BE_SILC_2022,REGIONAL_CURRENT_HEATING_UNIFORM_V2+CURRENT_SYSTEM_MAPPING_V2
central,2050,Walloon Region,BE_TABULA_25,"Apartment, exposed",post-2005,TABULA_advanced_A_proxy,324.997153267,1727209,advanced_air_water_heat_pump,1,324.997153267,electricity_plus_ambient_heat,air_water_heat_pump,heat_pump_DHW_tank_or_integrated_HP_DHW,low_temperature_radiators,45,balanced_mechanical_HRV,0.80,true,true,EC_EPBD_45C_GUIDANCE,ADVANCED_TECHNOLOGY_PACKAGE_V2
central,2050,Brussels-Capital Region,BE_TABULA_01,Detached house,pre-1946,TABULA_existing,0,566042,current_electricity,0.06,0,electricity,electric_resistance_or_existing_heat_pump_unspecified,electric_DHW_unspecified,direct_electric_or_hydronic_unspecified,,,,false,false,SCP_BE_SILC_2022,REGIONAL_CURRENT_HEATING_UNIFORM_V2+CURRENT_SYSTEM_MAPPING_V2
central,2050,Brussels-Capital Region,BE_TABULA_01,Detached house,pre-1946,TABULA_existing,0,566042,current_gas,0.86,0,gas,gas_boiler_unspecified,gas_DHW_or_combiboiler,standard_hydronic_radiators,,,,false,false,SCP_BE_SILC_2022,REGIONAL_CURRENT_HEATING_UNIFORM_V2+CURRENT_SYSTEM_MAPPING_V2
central,2050,Brussels-Capital Region,BE_TABULA_01,Detached house,pre-1946,TABULA_existing,0,566042,current_oil,0.075,0,oil,oil_boiler_unspecified,oil_DHW_or_separate_tank,standard_hydronic_radiators,,,,false,false,SCP_BE_SILC_2022,REGIONAL_CURRENT_HEATING_UNIFORM_V2+CURRENT_SYSTEM_MAPPING_V2
central,2050,Brussels-Capital Region,BE_TABULA_01,Detached house,pre-1946,TABULA_existing,0,566042,current_other,0.005,0,other,biomass_propane_district_or_other_lumped,other_or_unknown_DHW,unknown_or_hydronic_emitters,,,,false,false,SCP_BE_SILC_2022,REGIONAL_CURRENT_HEATING_UNIFORM_V2+CURRENT_SYSTEM_MAPPING_V2
central,2050,Brussels-Capital Region,BE_TABULA_01,Detached house,pre-1946,TABULA_standard_B_proxy,1947.605331505,566042,current_electricity,0.06,116.8563198903,electricity,electric_resistance_or_existing_heat_pump_unspecified,electric_DHW_unspecified,direct_electric_or_hydronic_unspecified,,,,false,false,SCP_BE_SILC_2022,REGIONAL_CURRENT_HEATING_UNIFORM_V2+CURRENT_SYSTEM_MAPPING_V2
central,2050,Brussels-Capital Region,BE_TABULA_01,Detached house,pre-1946,TABULA_standard_B_proxy,1947.605331505,566042,current_gas,0.86,1674.9405850943,gas,gas_boiler_unspecified,gas_DHW_or_combiboiler,standard_hydronic_radiators,,,,false,false,SCP_BE_SILC_2022,REGIONAL_CURRENT_HEATING_UNIFORM_V2+CURRENT_SYSTEM_MAPPING_V2
central,2050,Brussels-Capital Region,BE_TABULA_01,Detached house,pre-1946,TABULA_standard_B_proxy,1947.605331505,566042,current_oil,0.075,146.070399862875,oil,oil_boiler_unspecified,oil_DHW_or_separate_tank,standard_hydronic_radiators,,,,false,false,SCP_BE_SILC_2022,REGIONAL_CURRENT_HEATING_UNIFORM_V2+CURRENT_SYSTEM_MAPPING_V2
central,2050,Brussels-Capital Region,BE_TABULA_01,Detached house,pre-1946,TABULA_standard_B_proxy,1947.605331505,566042,current_other,0.005,9.738026657525,other,biomass_propane_district_or_other_lumped,other_or_unknown_DHW,unknown_or_hydronic_emitters,,,,false,false,SCP_BE_SILC_2022,REGIONAL_CURRENT_HEATING_UNIFORM_V2+CURRENT_SYSTEM_MAPPING_V2
central,2050,Brussels-Capital Region,BE_TABULA_01,Detached house,pre-1946,TABULA_advanced_A_proxy,30.6631616438,566042,advanced_air_water_heat_pump,1,30.6631616438,electricity_plus_ambient_heat,air_water_heat_pump,heat_pump_DHW_tank_or_integrated_HP_DHW,low_temperature_radiators,45,balanced_mechanical_HRV,0.80,true,true,EC_EPBD_45C_GUIDANCE,ADVANCED_TECHNOLOGY_PACKAGE_V2
central,2050,Brussels-Capital Region,BE_TABULA_02,Semi-detached house,pre-1946,TABULA_existing,0,566042,current_electricity,0.06,0,electricity,electric_resistance_or_existing_heat_pump_unspecified,electric_DHW_unspecified,direct_electric_or_hydronic_unspecified,,,,false,false,SCP_BE_SILC_2022,REGIONAL_CURRENT_HEATING_UNIFORM_V2+CURRENT_SYSTEM_MAPPING_V2
central,2050,Brussels-Capital Region,BE_TABULA_02,Semi-detached house,pre-1946,TABULA_existing,0,566042,current_gas,0.86,0,gas,gas_boiler_unspecified,gas_DHW_or_combiboiler,standard_hydronic_radiators,,,,false,false,SCP_BE_SILC_2022,REGIONAL_CURRENT_HEATING_UNIFORM_V2+CURRENT_SYSTEM_MAPPING_V2
central,2050,Brussels-Capital Region,BE_TABULA_02,Semi-detached house,pre-1946,TABULA_existing,0,566042,current_oil,0.075,0,oil,oil_boiler_unspecified,oil_DHW_or_separate_tank,standard_hydronic_radiators,,,,false,false,SCP_BE_SILC_2022,REGIONAL_CURRENT_HEATING_UNIFORM_V2+CURRENT_SYSTEM_MAPPING_V2
central,2050,Brussels-Capital Region,BE_TABULA_02,Semi-detached house,pre-1946,TABULA_existing,0,566042,current_other,0.005,0,other,biomass_propane_district_or_other_lumped,other_or_unknown_DHW,unknown_or_hydronic_emitters,,,,false,false,SCP_BE_SILC_2022,REGIONAL_CURRENT_HEATING_UNIFORM_V2+CURRENT_SYSTEM_MAPPING_V2
central,2050,Brussels-Capital Region,BE_TABULA_02,Semi-detached house,pre-1946,TABULA_standard_B_proxy,6546.149179798001,566042,current_electricity,0.06,392.76895078788,electricity,electric_resistance_or_existing_heat_pump_unspecified,electric_DHW_unspecified,direct_electric_or_hydronic_unspecified,,,,false,false,SCP_BE_SILC_2022,REGIONAL_CURRENT_HEATING_UNIFORM_V2+CURRENT_SYSTEM_MAPPING_V2
central,2050,Brussels-Capital Region,BE_TABULA_02,Semi-detached house,pre-1946,TABULA_standard_B_proxy,6546.149179798001,566042,current_gas,0.86,5629.68829462628,gas,gas_boiler_unspecified,gas_DHW_or_combiboiler,standard_hydronic_radiators,,,,false,false,SCP_BE_SILC_2022,REGIONAL_CURRENT_HEATING_UNIFORM_V2+CURRENT_SYSTEM_MAPPING_V2
central,2050,Brussels-Capital Region,BE_TABULA_02,Semi-detached house,pre-1946,TABULA_standard_B_proxy,6546.149179798001,566042,current_oil,0.075,490.96118848485,oil,oil_boiler_unspecified,oil_DHW_or_separate_tank,standard_hydronic_radiators,,,,false,false,SCP_BE_SILC_2022,REGIONAL_CURRENT_HEATING_UNIFORM_V2+CURRENT_SYSTEM_MAPPING_V2
central,2050,Brussels-Capital Region,BE_TABULA_02,Semi-detached house,pre-1946,TABULA_standard_B_proxy,6546.149179798001,566042,current_other,0.005,32.73074589899,other,biomass_propane_district_or_other_lumped,other_or_unknown_DHW,unknown_or_hydronic_emitters,,,,false,false,SCP_BE_SILC_2022,REGIONAL_CURRENT_HEATING_UNIFORM_V2+CURRENT_SYSTEM_MAPPING_V2
central,2050,Brussels-Capital Region,BE_TABULA_02,Semi-detached house,pre-1946,TABULA_advanced_A_proxy,103.062785462,566042,advanced_air_water_heat_pump,1,103.062785462,electricity_plus_ambient_heat,air_water_heat_pump,heat_pump_DHW_tank_or_integrated_HP_DHW,low_temperature_radiators,45,balanced_mechanical_HRV,0.80,true,true,EC_EPBD_45C_GUIDANCE,ADVANCED_TECHNOLOGY_PACKAGE_V2
central,2050,Brussels-Capital Region,BE_TABULA_03,Terraced house,pre-1946,TABULA_existing,26962.512784319948,566042,current_electricity,0.06,1617.750767059197,electricity,electric_resistance_or_existing_heat_pump_unspecified,electric_DHW_unspecified,direct_electric_or_hydronic_unspecified,,,,false,false,SCP_BE_SILC_2022,REGIONAL_CURRENT_HEATING_UNIFORM_V2+CURRENT_SYSTEM_MAPPING_V2
central,2050,Brussels-Capital Region,BE_TABULA_03,Terraced house,pre-1946,TABULA_existing,26962.512784319948,566042,current_gas,0.86,23187.760994515156,gas,gas_boiler_unspecified,gas_DHW_or_combiboiler,standard_hydronic_radiators,,,,false,false,SCP_BE_SILC_2022,REGIONAL_CURRENT_HEATING_UNIFORM_V2+CURRENT_SYSTEM_MAPPING_V2
central,2050,Brussels-Capital Region,BE_TABULA_03,Terraced house,pre-1946,TABULA_existing,26962.512784319948,566042,current_oil,0.075,2022.188458823996,oil,oil_boiler_unspecified,oil_DHW_or_separate_tank,standard_hydronic_radiators,,,,false,false,SCP_BE_SILC_2022,REGIONAL_CURRENT_HEATING_UNIFORM_V2+CURRENT_SYSTEM_MAPPING_V2
central,2050,Brussels-Capital Region,BE_TABULA_03,Terraced house,pre-1946,TABULA_existing,26962.512784319948,566042,current_other,0.005,134.8125639216,other,biomass_propane_district_or_other_lumped,other_or_unknown_DHW,unknown_or_hydronic_emitters,,,,false,false,SCP_BE_SILC_2022,REGIONAL_CURRENT_HEATING_UNIFORM_V2+CURRENT_SYSTEM_MAPPING_V2
central,2050,Brussels-Capital Region,BE_TABULA_03,Terraced house,pre-1946,TABULA_standard_B_proxy,89777.17106790004,566042,current_electricity,0.06,5386.630264074002,electricity,electric_resistance_or_existing_heat_pump_unspecified,electric_DHW_unspecified,direct_electric_or_hydronic_unspecified,,,,false,false,SCP_BE_SILC_2022,REGIONAL_CURRENT_HEATING_UNIFORM_V2+CURRENT_SYSTEM_MAPPING_V2
central,2050,Brussels-Capital Region,BE_TABULA_03,Terraced house,pre-1946,TABULA_standard_B_proxy,89777.17106790004,566042,current_gas,0.86,77208.36711839403,gas,gas_boiler_unspecified,gas_DHW_or_combiboiler,standard_hydronic_radiators,,,,false,false,SCP_BE_SILC_2022,REGIONAL_CURRENT_HEATING_UNIFORM_V2+CURRENT_SYSTEM_MAPPING_V2
central,2050,Brussels-Capital Region,BE_TABULA_03,Terraced house,pre-1946,TABULA_standard_B_proxy,89777.17106790004,566042,current_oil,0.075,6733.287830092503,oil,oil_boiler_unspecified,oil_DHW_or_separate_tank,standard_hydronic_radiators,,,,false,false,SCP_BE_SILC_2022,REGIONAL_CURRENT_HEATING_UNIFORM_V2+CURRENT_SYSTEM_MAPPING_V2
central,2050,Brussels-Capital Region,BE_TABULA_03,Terraced house,pre-1946,TABULA_standard_B_proxy,89777.17106790004,566042,current_other,0.005,448.8858553395,other,biomass_propane_district_or_other_lumped,other_or_unknown_DHW,unknown_or_hydronic_emitters,,,,false,false,SCP_BE_SILC_2022,REGIONAL_CURRENT_HEATING_UNIFORM_V2+CURRENT_SYSTEM_MAPPING_V2
central,2050,Brussels-Capital Region,BE_TABULA_03,Terraced house,pre-1946,TABULA_advanced_A_proxy,17936.659319150003,566042,advanced_air_water_heat_pump,1,17936.659319150003,electricity_plus_ambient_heat,air_water_heat_pump,heat_pump_DHW_tank_or_integrated_HP_DHW,low_temperature_radiators,45,balanced_mechanical_HRV,0.80,true,true,EC_EPBD_45C_GUIDANCE,ADVANCED_TECHNOLOGY_PACKAGE_V2
central,2050,Brussels-Capital Region,BE_TABULA_04,"Apartment, enclosed",pre-1946,TABULA_existing,80870.5437885,566042,current_electricity,0.06,4852.23262731,electricity,electric_resistance_or_existing_heat_pump_unspecified,electric_DHW_unspecified,direct_electric_or_hydronic_unspecified,,,,false,false,SCP_BE_SILC_2022,REGIONAL_CURRENT_HEATING_UNIFORM_V2+CURRENT_SYSTEM_MAPPING_V2
central,2050,Brussels-Capital Region,BE_TABULA_04,"Apartment, enclosed",pre-1946,TABULA_existing,80870.5437885,566042,current_gas,0.86,69548.66765811,gas,gas_boiler_unspecified,gas_DHW_or_combiboiler,standard_hydronic_radiators,,,,false,false,SCP_BE_SILC_2022,REGIONAL_CURRENT_HEATING_UNIFORM_V2+CURRENT_SYSTEM_MAPPING_V2
central,2050,Brussels-Capital Region,BE_TABULA_04,"Apartment, enclosed",pre-1946,TABULA_existing,80870.5437885,566042,current_oil,0.075,6065.2907841375,oil,oil_boiler_unspecified,oil_DHW_or_separate_tank,standard_hydronic_radiators,,,,false,false,SCP_BE_SILC_2022,REGIONAL_CURRENT_HEATING_UNIFORM_V2+CURRENT_SYSTEM_MAPPING_V2
central,2050,Brussels-Capital Region,BE_TABULA_04,"Apartment, enclosed",pre-1946,TABULA_existing,80870.5437885,566042,current_other,0.005,404.3527189425,other,biomass_propane_district_or_other_lumped,other_or_unknown_DHW,unknown_or_hydronic_emitters,,,,false,false,SCP_BE_SILC_2022,REGIONAL_CURRENT_HEATING_UNIFORM_V2+CURRENT_SYSTEM_MAPPING_V2
central,2050,Brussels-Capital Region,BE_TABULA_04,"Apartment, enclosed",pre-1946,TABULA_standard_B_proxy,4895.96527083,566042,current_electricity,0.06,293.7579162498,electricity,electric_resistance_or_existing_heat_pump_unspecified,electric_DHW_unspecified,direct_electric_or_hydronic_unspecified,,,,false,false,SCP_BE_SILC_2022,REGIONAL_CURRENT_HEATING_UNIFORM_V2+CURRENT_SYSTEM_MAPPING_V2
central,2050,Brussels-Capital Region,BE_TABULA_04,"Apartment, enclosed",pre-1946,TABULA_standard_B_proxy,4895.96527083,566042,current_gas,0.86,4210.5301329138,gas,gas_boiler_unspecified,gas_DHW_or_combiboiler,standard_hydronic_radiators,,,,false,false,SCP_BE_SILC_2022,REGIONAL_CURRENT_HEATING_UNIFORM_V2+CURRENT_SYSTEM_MAPPING_V2
central,2050,Brussels-Capital Region,BE_TABULA_04,"Apartment, enclosed",pre-1946,TABULA_standard_B_proxy,4895.96527083,566042,current_oil,0.075,367.19739531225,oil,oil_boiler_unspecified,oil_DHW_or_separate_tank,standard_hydronic_radiators,,,,false,false,SCP_BE_SILC_2022,REGIONAL_CURRENT_HEATING_UNIFORM_V2+CURRENT_SYSTEM_MAPPING_V2
central,2050,Brussels-Capital Region,BE_TABULA_04,"Apartment, enclosed",pre-1946,TABULA_standard_B_proxy,4895.96527083,566042,current_other,0.005,24.47982635415,other,biomass_propane_district_or_other_lumped,other_or_unknown_DHW,unknown_or_hydronic_emitters,,,,false,false,SCP_BE_SILC_2022,REGIONAL_CURRENT_HEATING_UNIFORM_V2+CURRENT_SYSTEM_MAPPING_V2
central,2050,Brussels-Capital Region,BE_TABULA_04,"Apartment, enclosed",pre-1946,TABULA_advanced_A_proxy,1350.31070637,566042,advanced_air_water_heat_pump,1,1350.31070637,electricity_plus_ambient_heat,air_water_heat_pump,heat_pump_DHW_tank_or_integrated_HP_DHW,low_temperature_radiators,45,balanced_mechanical_HRV,0.80,true,true,EC_EPBD_45C_GUIDANCE,ADVANCED_TECHNOLOGY_PACKAGE_V2
central,2050,Brussels-Capital Region,BE_TABULA_05,"Apartment, exposed",pre-1946,TABULA_existing,0,566042,current_electricity,0.06,0,electricity,electric_resistance_or_existing_heat_pump_unspecified,electric_DHW_unspecified,direct_electric_or_hydronic_unspecified,,,,false,false,SCP_BE_SILC_2022,REGIONAL_CURRENT_HEATING_UNIFORM_V2+CURRENT_SYSTEM_MAPPING_V2
central,2050,Brussels-Capital Region,BE_TABULA_05,"Apartment, exposed",pre-1946,TABULA_existing,0,566042,current_gas,0.86,0,gas,gas_boiler_unspecified,gas_DHW_or_combiboiler,standard_hydronic_radiators,,,,false,false,SCP_BE_SILC_2022,REGIONAL_CURRENT_HEATING_UNIFORM_V2+CURRENT_SYSTEM_MAPPING_V2
central,2050,Brussels-Capital Region,BE_TABULA_05,"Apartment, exposed",pre-1946,TABULA_existing,0,566042,current_oil,0.075,0,oil,oil_boiler_unspecified,oil_DHW_or_separate_tank,standard_hydronic_radiators,,,,false,false,SCP_BE_SILC_2022,REGIONAL_CURRENT_HEATING_UNIFORM_V2+CURRENT_SYSTEM_MAPPING_V2
central,2050,Brussels-Capital Region,BE_TABULA_05,"Apartment, exposed",pre-1946,TABULA_existing,0,566042,current_other,0.005,0,other,biomass_propane_district_or_other_lumped,other_or_unknown_DHW,unknown_or_hydronic_emitters,,,,false,false,SCP_BE_SILC_2022,REGIONAL_CURRENT_HEATING_UNIFORM_V2+CURRENT_SYSTEM_MAPPING_V2
central,2050,Brussels-Capital Region,BE_TABULA_05,"Apartment, exposed",pre-1946,TABULA_standard_B_proxy,73087.16825932999,566042,current_electricity,0.06,4385.230095559799,electricity,electric_resistance_or_existing_heat_pump_unspecified,electric_DHW_unspecified,direct_electric_or_hydronic_unspecified,,,,false,false,SCP_BE_SILC_2022,REGIONAL_CURRENT_HEATING_UNIFORM_V2+CURRENT_SYSTEM_MAPPING_V2
central,2050,Brussels-Capital Region,BE_TABULA_05,"Apartment, exposed",pre-1946,TABULA_standard_B_proxy,73087.16825932999,566042,current_gas,0.86,62854.96470302379,gas,gas_boiler_unspecified,gas_DHW_or_combiboiler,standard_hydronic_radiators,,,,false,false,SCP_BE_SILC_2022,REGIONAL_CURRENT_HEATING_UNIFORM_V2+CURRENT_SYSTEM_MAPPING_V2
central,2050,Brussels-Capital Region,BE_TABULA_05,"Apartment, exposed",pre-1946,TABULA_standard_B_proxy,73087.16825932999,566042,current_oil,0.075,5481.537619449749,oil,oil_boiler_unspecified,oil_DHW_or_separate_tank,standard_hydronic_radiators,,,,false,false,SCP_BE_SILC_2022,REGIONAL_CURRENT_HEATING_UNIFORM_V2+CURRENT_SYSTEM_MAPPING_V2
central,2050,Brussels-Capital Region,BE_TABULA_05,"Apartment, exposed",pre-1946,TABULA_standard_B_proxy,73087.16825932999,566042,current_other,0.005,365.43584129665,other,biomass_propane_district_or_other_lumped,other_or_unknown_DHW,unknown_or_hydronic_emitters,,,,false,false,SCP_BE_SILC_2022,REGIONAL_CURRENT_HEATING_UNIFORM_V2+CURRENT_SYSTEM_MAPPING_V2
central,2050,Brussels-Capital Region,BE_TABULA_05,"Apartment, exposed",pre-1946,TABULA_advanced_A_proxy,14029.651506370004,566042,advanced_air_water_heat_pump,1,14029.651506370004,electricity_plus_ambient_heat,air_water_heat_pump,heat_pump_DHW_tank_or_integrated_HP_DHW,low_temperature_radiators,45,balanced_mechanical_HRV,0.80,true,true,EC_EPBD_45C_GUIDANCE,ADVANCED_TECHNOLOGY_PACKAGE_V2
central,2050,Brussels-Capital Region,BE_TABULA_06,Detached house,1946-1970,TABULA_existing,0,566042,current_electricity,0.06,0,electricity,electric_resistance_or_existing_heat_pump_unspecified,electric_DHW_unspecified,direct_electric_or_hydronic_unspecified,,,,false,false,SCP_BE_SILC_2022,REGIONAL_CURRENT_HEATING_UNIFORM_V2+CURRENT_SYSTEM_MAPPING_V2
central,2050,Brussels-Capital Region,BE_TABULA_06,Detached house,1946-1970,TABULA_existing,0,566042,current_gas,0.86,0,gas,gas_boiler_unspecified,gas_DHW_or_combiboiler,standard_hydronic_radiators,,,,false,false,SCP_BE_SILC_2022,REGIONAL_CURRENT_HEATING_UNIFORM_V2+CURRENT_SYSTEM_MAPPING_V2
central,2050,Brussels-Capital Region,BE_TABULA_06,Detached house,1946-1970,TABULA_existing,0,566042,current_oil,0.075,0,oil,oil_boiler_unspecified,oil_DHW_or_separate_tank,standard_hydronic_radiators,,,,false,false,SCP_BE_SILC_2022,REGIONAL_CURRENT_HEATING_UNIFORM_V2+CURRENT_SYSTEM_MAPPING_V2
central,2050,Brussels-Capital Region,BE_TABULA_06,Detached house,1946-1970,TABULA_existing,0,566042,current_other,0.005,0,other,biomass_propane_district_or_other_lumped,other_or_unknown_DHW,unknown_or_hydronic_emitters,,,,false,false,SCP_BE_SILC_2022,REGIONAL_CURRENT_HEATING_UNIFORM_V2+CURRENT_SYSTEM_MAPPING_V2
central,2050,Brussels-Capital Region,BE_TABULA_06,Detached house,1946-1970,TABULA_standard_B_proxy,1039.797161646,566042,current_electricity,0.06,62.38782969876,electricity,electric_resistance_or_existing_heat_pump_unspecified,electric_DHW_unspecified,direct_electric_or_hydronic_unspecified,,,,false,false,SCP_BE_SILC_2022,REGIONAL_CURRENT_HEATING_UNIFORM_V2+CURRENT_SYSTEM_MAPPING_V2
central,2050,Brussels-Capital Region,BE_TABULA_06,Detached house,1946-1970,TABULA_standard_B_proxy,1039.797161646,566042,current_gas,0.86,894.22555901556,gas,gas_boiler_unspecified,gas_DHW_or_combiboiler,standard_hydronic_radiators,,,,false,false,SCP_BE_SILC_2022,REGIONAL_CURRENT_HEATING_UNIFORM_V2+CURRENT_SYSTEM_MAPPING_V2
central,2050,Brussels-Capital Region,BE_TABULA_06,Detached house,1946-1970,TABULA_standard_B_proxy,1039.797161646,566042,current_oil,0.075,77.98478712345,oil,oil_boiler_unspecified,oil_DHW_or_separate_tank,standard_hydronic_radiators,,,,false,false,SCP_BE_SILC_2022,REGIONAL_CURRENT_HEATING_UNIFORM_V2+CURRENT_SYSTEM_MAPPING_V2
central,2050,Brussels-Capital Region,BE_TABULA_06,Detached house,1946-1970,TABULA_standard_B_proxy,1039.797161646,566042,current_other,0.005,5.19898580823,other,biomass_propane_district_or_other_lumped,other_or_unknown_DHW,unknown_or_hydronic_emitters,,,,false,false,SCP_BE_SILC_2022,REGIONAL_CURRENT_HEATING_UNIFORM_V2+CURRENT_SYSTEM_MAPPING_V2
central,2050,Brussels-Capital Region,BE_TABULA_06,Detached house,1946-1970,TABULA_advanced_A_proxy,1626.2411945205,566042,advanced_air_water_heat_pump,1,1626.2411945205,electricity_plus_ambient_heat,air_water_heat_pump,heat_pump_DHW_tank_or_integrated_HP_DHW,low_temperature_radiators,45,balanced_mechanical_HRV,0.80,true,true,EC_EPBD_45C_GUIDANCE,ADVANCED_TECHNOLOGY_PACKAGE_V2
central,2050,Brussels-Capital Region,BE_TABULA_07,Semi-detached house,1946-1970,TABULA_existing,0,566042,current_electricity,0.06,0,electricity,electric_resistance_or_existing_heat_pump_unspecified,electric_DHW_unspecified,direct_electric_or_hydronic_unspecified,,,,false,false,SCP_BE_SILC_2022,REGIONAL_CURRENT_HEATING_UNIFORM_V2+CURRENT_SYSTEM_MAPPING_V2
central,2050,Brussels-Capital Region,BE_TABULA_07,Semi-detached house,1946-1970,TABULA_existing,0,566042,current_gas,0.86,0,gas,gas_boiler_unspecified,gas_DHW_or_combiboiler,standard_hydronic_radiators,,,,false,false,SCP_BE_SILC_2022,REGIONAL_CURRENT_HEATING_UNIFORM_V2+CURRENT_SYSTEM_MAPPING_V2
central,2050,Brussels-Capital Region,BE_TABULA_07,Semi-detached house,1946-1970,TABULA_existing,0,566042,current_oil,0.075,0,oil,oil_boiler_unspecified,oil_DHW_or_separate_tank,standard_hydronic_radiators,,,,false,false,SCP_BE_SILC_2022,REGIONAL_CURRENT_HEATING_UNIFORM_V2+CURRENT_SYSTEM_MAPPING_V2
central,2050,Brussels-Capital Region,BE_TABULA_07,Semi-detached house,1946-1970,TABULA_existing,0,566042,current_other,0.005,0,other,biomass_propane_district_or_other_lumped,other_or_unknown_DHW,unknown_or_hydronic_emitters,,,,false,false,SCP_BE_SILC_2022,REGIONAL_CURRENT_HEATING_UNIFORM_V2+CURRENT_SYSTEM_MAPPING_V2
central,2050,Brussels-Capital Region,BE_TABULA_07,Semi-detached house,1946-1970,TABULA_standard_B_proxy,6078.441039822001,566042,current_electricity,0.06,364.70646238932,electricity,electric_resistance_or_existing_heat_pump_unspecified,electric_DHW_unspecified,direct_electric_or_hydronic_unspecified,,,,false,false,SCP_BE_SILC_2022,REGIONAL_CURRENT_HEATING_UNIFORM_V2+CURRENT_SYSTEM_MAPPING_V2
central,2050,Brussels-Capital Region,BE_TABULA_07,Semi-detached house,1946-1970,TABULA_standard_B_proxy,6078.441039822001,566042,current_gas,0.86,5227.459294246921,gas,gas_boiler_unspecified,gas_DHW_or_combiboiler,standard_hydronic_radiators,,,,false,false,SCP_BE_SILC_2022,REGIONAL_CURRENT_HEATING_UNIFORM_V2+CURRENT_SYSTEM_MAPPING_V2
central,2050,Brussels-Capital Region,BE_TABULA_07,Semi-detached house,1946-1970,TABULA_standard_B_proxy,6078.441039822001,566042,current_oil,0.075,455.88307798665,oil,oil_boiler_unspecified,oil_DHW_or_separate_tank,standard_hydronic_radiators,,,,false,false,SCP_BE_SILC_2022,REGIONAL_CURRENT_HEATING_UNIFORM_V2+CURRENT_SYSTEM_MAPPING_V2
central,2050,Brussels-Capital Region,BE_TABULA_07,Semi-detached house,1946-1970,TABULA_standard_B_proxy,6078.441039822001,566042,current_other,0.005,30.39220519911,other,biomass_propane_district_or_other_lumped,other_or_unknown_DHW,unknown_or_hydronic_emitters,,,,false,false,SCP_BE_SILC_2022,REGIONAL_CURRENT_HEATING_UNIFORM_V2+CURRENT_SYSTEM_MAPPING_V2
central,2050,Brussels-Capital Region,BE_TABULA_07,Semi-detached house,1946-1970,TABULA_advanced_A_proxy,1705.569767514,566042,advanced_air_water_heat_pump,1,1705.569767514,electricity_plus_ambient_heat,air_water_heat_pump,heat_pump_DHW_tank_or_integrated_HP_DHW,low_temperature_radiators,45,balanced_mechanical_HRV,0.80,true,true,EC_EPBD_45C_GUIDANCE,ADVANCED_TECHNOLOGY_PACKAGE_V2
central,2050,Brussels-Capital Region,BE_TABULA_08,Terraced house,1946-1970,TABULA_existing,31129.3299659,566042,current_electricity,0.06,1867.759797954,electricity,electric_resistance_or_existing_heat_pump_unspecified,electric_DHW_unspecified,direct_electric_or_hydronic_unspecified,,,,false,false,SCP_BE_SILC_2022,REGIONAL_CURRENT_HEATING_UNIFORM_V2+CURRENT_SYSTEM_MAPPING_V2
central,2050,Brussels-Capital Region,BE_TABULA_08,Terraced house,1946-1970,TABULA_existing,31129.3299659,566042,current_gas,0.86,26771.223770674,gas,gas_boiler_unspecified,gas_DHW_or_combiboiler,standard_hydronic_radiators,,,,false,false,SCP_BE_SILC_2022,REGIONAL_CURRENT_HEATING_UNIFORM_V2+CURRENT_SYSTEM_MAPPING_V2
central,2050,Brussels-Capital Region,BE_TABULA_08,Terraced house,1946-1970,TABULA_existing,31129.3299659,566042,current_oil,0.075,2334.6997474425,oil,oil_boiler_unspecified,oil_DHW_or_separate_tank,standard_hydronic_radiators,,,,false,false,SCP_BE_SILC_2022,REGIONAL_CURRENT_HEATING_UNIFORM_V2+CURRENT_SYSTEM_MAPPING_V2
central,2050,Brussels-Capital Region,BE_TABULA_08,Terraced house,1946-1970,TABULA_existing,31129.3299659,566042,current_other,0.005,155.6466498295,other,biomass_propane_district_or_other_lumped,other_or_unknown_DHW,unknown_or_hydronic_emitters,,,,false,false,SCP_BE_SILC_2022,REGIONAL_CURRENT_HEATING_UNIFORM_V2+CURRENT_SYSTEM_MAPPING_V2
central,2050,Brussels-Capital Region,BE_TABULA_08,Terraced house,1946-1970,TABULA_standard_B_proxy,1884.59371333,566042,current_electricity,0.06,113.0756227998,electricity,electric_resistance_or_existing_heat_pump_unspecified,electric_DHW_unspecified,direct_electric_or_hydronic_unspecified,,,,false,false,SCP_BE_SILC_2022,REGIONAL_CURRENT_HEATING_UNIFORM_V2+CURRENT_SYSTEM_MAPPING_V2
central,2050,Brussels-Capital Region,BE_TABULA_08,Terraced house,1946-1970,TABULA_standard_B_proxy,1884.59371333,566042,current_gas,0.86,1620.7505934638,gas,gas_boiler_unspecified,gas_DHW_or_combiboiler,standard_hydronic_radiators,,,,false,false,SCP_BE_SILC_2022,REGIONAL_CURRENT_HEATING_UNIFORM_V2+CURRENT_SYSTEM_MAPPING_V2
central,2050,Brussels-Capital Region,BE_TABULA_08,Terraced house,1946-1970,TABULA_standard_B_proxy,1884.59371333,566042,current_oil,0.075,141.34452849975,oil,oil_boiler_unspecified,oil_DHW_or_separate_tank,standard_hydronic_radiators,,,,false,false,SCP_BE_SILC_2022,REGIONAL_CURRENT_HEATING_UNIFORM_V2+CURRENT_SYSTEM_MAPPING_V2
central,2050,Brussels-Capital Region,BE_TABULA_08,Terraced house,1946-1970,TABULA_standard_B_proxy,1884.59371333,566042,current_other,0.005,9.42296856665,other,biomass_propane_district_or_other_lumped,other_or_unknown_DHW,unknown_or_hydronic_emitters,,,,false,false,SCP_BE_SILC_2022,REGIONAL_CURRENT_HEATING_UNIFORM_V2+CURRENT_SYSTEM_MAPPING_V2
central,2050,Brussels-Capital Region,BE_TABULA_08,Terraced house,1946-1970,TABULA_advanced_A_proxy,519.772287485,566042,advanced_air_water_heat_pump,1,519.772287485,electricity_plus_ambient_heat,air_water_heat_pump,heat_pump_DHW_tank_or_integrated_HP_DHW,low_temperature_radiators,45,balanced_mechanical_HRV,0.80,true,true,EC_EPBD_45C_GUIDANCE,ADVANCED_TECHNOLOGY_PACKAGE_V2
central,2050,Brussels-Capital Region,BE_TABULA_09,"Apartment, enclosed",1946-1970,TABULA_existing,41099.8888818,566042,current_electricity,0.06,2465.993332908,electricity,electric_resistance_or_existing_heat_pump_unspecified,electric_DHW_unspecified,direct_electric_or_hydronic_unspecified,,,,false,false,SCP_BE_SILC_2022,REGIONAL_CURRENT_HEATING_UNIFORM_V2+CURRENT_SYSTEM_MAPPING_V2
central,2050,Brussels-Capital Region,BE_TABULA_09,"Apartment, enclosed",1946-1970,TABULA_existing,41099.8888818,566042,current_gas,0.86,35345.904438348,gas,gas_boiler_unspecified,gas_DHW_or_combiboiler,standard_hydronic_radiators,,,,false,false,SCP_BE_SILC_2022,REGIONAL_CURRENT_HEATING_UNIFORM_V2+CURRENT_SYSTEM_MAPPING_V2
central,2050,Brussels-Capital Region,BE_TABULA_09,"Apartment, enclosed",1946-1970,TABULA_existing,41099.8888818,566042,current_oil,0.075,3082.491666135,oil,oil_boiler_unspecified,oil_DHW_or_separate_tank,standard_hydronic_radiators,,,,false,false,SCP_BE_SILC_2022,REGIONAL_CURRENT_HEATING_UNIFORM_V2+CURRENT_SYSTEM_MAPPING_V2
central,2050,Brussels-Capital Region,BE_TABULA_09,"Apartment, enclosed",1946-1970,TABULA_existing,41099.8888818,566042,current_other,0.005,205.499444409,other,biomass_propane_district_or_other_lumped,other_or_unknown_DHW,unknown_or_hydronic_emitters,,,,false,false,SCP_BE_SILC_2022,REGIONAL_CURRENT_HEATING_UNIFORM_V2+CURRENT_SYSTEM_MAPPING_V2
central,2050,Brussels-Capital Region,BE_TABULA_09,"Apartment, enclosed",1946-1970,TABULA_standard_B_proxy,2488.2190619,566042,current_electricity,0.06,149.293143714,electricity,electric_resistance_or_existing_heat_pump_unspecified,electric_DHW_unspecified,direct_electric_or_hydronic_unspecified,,,,false,false,SCP_BE_SILC_2022,REGIONAL_CURRENT_HEATING_UNIFORM_V2+CURRENT_SYSTEM_MAPPING_V2
central,2050,Brussels-Capital Region,BE_TABULA_09,"Apartment, enclosed",1946-1970,TABULA_standard_B_proxy,2488.2190619,566042,current_gas,0.86,2139.868393234,gas,gas_boiler_unspecified,gas_DHW_or_combiboiler,standard_hydronic_radiators,,,,false,false,SCP_BE_SILC_2022,REGIONAL_CURRENT_HEATING_UNIFORM_V2+CURRENT_SYSTEM_MAPPING_V2
central,2050,Brussels-Capital Region,BE_TABULA_09,"Apartment, enclosed",1946-1970,TABULA_standard_B_proxy,2488.2190619,566042,current_oil,0.075,186.6164296425,oil,oil_boiler_unspecified,oil_DHW_or_separate_tank,standard_hydronic_radiators,,,,false,false,SCP_BE_SILC_2022,REGIONAL_CURRENT_HEATING_UNIFORM_V2+CURRENT_SYSTEM_MAPPING_V2
central,2050,Brussels-Capital Region,BE_TABULA_09,"Apartment, enclosed",1946-1970,TABULA_standard_B_proxy,2488.2190619,566042,current_other,0.005,12.4410953095,other,biomass_propane_district_or_other_lumped,other_or_unknown_DHW,unknown_or_hydronic_emitters,,,,false,false,SCP_BE_SILC_2022,REGIONAL_CURRENT_HEATING_UNIFORM_V2+CURRENT_SYSTEM_MAPPING_V2
central,2050,Brussels-Capital Region,BE_TABULA_09,"Apartment, enclosed",1946-1970,TABULA_advanced_A_proxy,686.252588245,566042,advanced_air_water_heat_pump,1,686.252588245,electricity_plus_ambient_heat,air_water_heat_pump,heat_pump_DHW_tank_or_integrated_HP_DHW,low_temperature_radiators,45,balanced_mechanical_HRV,0.80,true,true,EC_EPBD_45C_GUIDANCE,ADVANCED_TECHNOLOGY_PACKAGE_V2
central,2050,Brussels-Capital Region,BE_TABULA_10,"Apartment, exposed",1946-1970,TABULA_existing,0,566042,current_electricity,0.06,0,electricity,electric_resistance_or_existing_heat_pump_unspecified,electric_DHW_unspecified,direct_electric_or_hydronic_unspecified,,,,false,false,SCP_BE_SILC_2022,REGIONAL_CURRENT_HEATING_UNIFORM_V2+CURRENT_SYSTEM_MAPPING_V2
central,2050,Brussels-Capital Region,BE_TABULA_10,"Apartment, exposed",1946-1970,TABULA_existing,0,566042,current_gas,0.86,0,gas,gas_boiler_unspecified,gas_DHW_or_combiboiler,standard_hydronic_radiators,,,,false,false,SCP_BE_SILC_2022,REGIONAL_CURRENT_HEATING_UNIFORM_V2+CURRENT_SYSTEM_MAPPING_V2
central,2050,Brussels-Capital Region,BE_TABULA_10,"Apartment, exposed",1946-1970,TABULA_existing,0,566042,current_oil,0.075,0,oil,oil_boiler_unspecified,oil_DHW_or_separate_tank,standard_hydronic_radiators,,,,false,false,SCP_BE_SILC_2022,REGIONAL_CURRENT_HEATING_UNIFORM_V2+CURRENT_SYSTEM_MAPPING_V2
central,2050,Brussels-Capital Region,BE_TABULA_10,"Apartment, exposed",1946-1970,TABULA_existing,0,566042,current_other,0.005,0,other,biomass_propane_district_or_other_lumped,other_or_unknown_DHW,unknown_or_hydronic_emitters,,,,false,false,SCP_BE_SILC_2022,REGIONAL_CURRENT_HEATING_UNIFORM_V2+CURRENT_SYSTEM_MAPPING_V2
central,2050,Brussels-Capital Region,BE_TABULA_10,"Apartment, exposed",1946-1970,TABULA_standard_B_proxy,35663.5199437,566042,current_electricity,0.06,2139.811196622,electricity,electric_resistance_or_existing_heat_pump_unspecified,electric_DHW_unspecified,direct_electric_or_hydronic_unspecified,,,,false,false,SCP_BE_SILC_2022,REGIONAL_CURRENT_HEATING_UNIFORM_V2+CURRENT_SYSTEM_MAPPING_V2
central,2050,Brussels-Capital Region,BE_TABULA_10,"Apartment, exposed",1946-1970,TABULA_standard_B_proxy,35663.5199437,566042,current_gas,0.86,30670.627151581997,gas,gas_boiler_unspecified,gas_DHW_or_combiboiler,standard_hydronic_radiators,,,,false,false,SCP_BE_SILC_2022,REGIONAL_CURRENT_HEATING_UNIFORM_V2+CURRENT_SYSTEM_MAPPING_V2
central,2050,Brussels-Capital Region,BE_TABULA_10,"Apartment, exposed",1946-1970,TABULA_standard_B_proxy,35663.5199437,566042,current_oil,0.075,2674.7639957775,oil,oil_boiler_unspecified,oil_DHW_or_separate_tank,standard_hydronic_radiators,,,,false,false,SCP_BE_SILC_2022,REGIONAL_CURRENT_HEATING_UNIFORM_V2+CURRENT_SYSTEM_MAPPING_V2
central,2050,Brussels-Capital Region,BE_TABULA_10,"Apartment, exposed",1946-1970,TABULA_standard_B_proxy,35663.5199437,566042,current_other,0.005,178.3175997185,other,biomass_propane_district_or_other_lumped,other_or_unknown_DHW,unknown_or_hydronic_emitters,,,,false,false,SCP_BE_SILC_2022,REGIONAL_CURRENT_HEATING_UNIFORM_V2+CURRENT_SYSTEM_MAPPING_V2
central,2050,Brussels-Capital Region,BE_TABULA_10,"Apartment, exposed",1946-1970,TABULA_advanced_A_proxy,8610.840588245002,566042,advanced_air_water_heat_pump,1,8610.840588245002,electricity_plus_ambient_heat,air_water_heat_pump,heat_pump_DHW_tank_or_integrated_HP_DHW,low_temperature_radiators,45,balanced_mechanical_HRV,0.80,true,true,EC_EPBD_45C_GUIDANCE,ADVANCED_TECHNOLOGY_PACKAGE_V2
central,2050,Brussels-Capital Region,BE_TABULA_11,Detached house,1971-1990,TABULA_existing,800.78464274,566042,current_electricity,0.06,48.0470785644,electricity,electric_resistance_or_existing_heat_pump_unspecified,electric_DHW_unspecified,direct_electric_or_hydronic_unspecified,,,,false,false,SCP_BE_SILC_2022,REGIONAL_CURRENT_HEATING_UNIFORM_V2+CURRENT_SYSTEM_MAPPING_V2
central,2050,Brussels-Capital Region,BE_TABULA_11,Detached house,1971-1990,TABULA_existing,800.78464274,566042,current_gas,0.86,688.6747927564,gas,gas_boiler_unspecified,gas_DHW_or_combiboiler,standard_hydronic_radiators,,,,false,false,SCP_BE_SILC_2022,REGIONAL_CURRENT_HEATING_UNIFORM_V2+CURRENT_SYSTEM_MAPPING_V2
central,2050,Brussels-Capital Region,BE_TABULA_11,Detached house,1971-1990,TABULA_existing,800.78464274,566042,current_oil,0.075,60.0588482055,oil,oil_boiler_unspecified,oil_DHW_or_separate_tank,standard_hydronic_radiators,,,,false,false,SCP_BE_SILC_2022,REGIONAL_CURRENT_HEATING_UNIFORM_V2+CURRENT_SYSTEM_MAPPING_V2
central,2050,Brussels-Capital Region,BE_TABULA_11,Detached house,1971-1990,TABULA_existing,800.78464274,566042,current_other,0.005,4.0039232137,other,biomass_propane_district_or_other_lumped,other_or_unknown_DHW,unknown_or_hydronic_emitters,,,,false,false,SCP_BE_SILC_2022,REGIONAL_CURRENT_HEATING_UNIFORM_V2+CURRENT_SYSTEM_MAPPING_V2
central,2050,Brussels-Capital Region,BE_TABULA_11,Detached house,1971-1990,TABULA_standard_B_proxy,48.4801216438,566042,current_electricity,0.06,2.908807298628,electricity,electric_resistance_or_existing_heat_pump_unspecified,electric_DHW_unspecified,direct_electric_or_hydronic_unspecified,,,,false,false,SCP_BE_SILC_2022,REGIONAL_CURRENT_HEATING_UNIFORM_V2+CURRENT_SYSTEM_MAPPING_V2
central,2050,Brussels-Capital Region,BE_TABULA_11,Detached house,1971-1990,TABULA_standard_B_proxy,48.4801216438,566042,current_gas,0.86,41.692904613668,gas,gas_boiler_unspecified,gas_DHW_or_combiboiler,standard_hydronic_radiators,,,,false,false,SCP_BE_SILC_2022,REGIONAL_CURRENT_HEATING_UNIFORM_V2+CURRENT_SYSTEM_MAPPING_V2
central,2050,Brussels-Capital Region,BE_TABULA_11,Detached house,1971-1990,TABULA_standard_B_proxy,48.4801216438,566042,current_oil,0.075,3.636009123285,oil,oil_boiler_unspecified,oil_DHW_or_separate_tank,standard_hydronic_radiators,,,,false,false,SCP_BE_SILC_2022,REGIONAL_CURRENT_HEATING_UNIFORM_V2+CURRENT_SYSTEM_MAPPING_V2
central,2050,Brussels-Capital Region,BE_TABULA_11,Detached house,1971-1990,TABULA_standard_B_proxy,48.4801216438,566042,current_other,0.005,0.242400608219,other,biomass_propane_district_or_other_lumped,other_or_unknown_DHW,unknown_or_hydronic_emitters,,,,false,false,SCP_BE_SILC_2022,REGIONAL_CURRENT_HEATING_UNIFORM_V2+CURRENT_SYSTEM_MAPPING_V2
central,2050,Brussels-Capital Region,BE_TABULA_11,Detached house,1971-1990,TABULA_advanced_A_proxy,13.3708520548,566042,advanced_air_water_heat_pump,1,13.3708520548,electricity_plus_ambient_heat,air_water_heat_pump,heat_pump_DHW_tank_or_integrated_HP_DHW,low_temperature_radiators,45,balanced_mechanical_HRV,0.80,true,true,EC_EPBD_45C_GUIDANCE,ADVANCED_TECHNOLOGY_PACKAGE_V2
central,2050,Brussels-Capital Region,BE_TABULA_12,Semi-detached house,1971-1990,TABULA_existing,1173.8996771,566042,current_electricity,0.06,70.433980626,electricity,electric_resistance_or_existing_heat_pump_unspecified,electric_DHW_unspecified,direct_electric_or_hydronic_unspecified,,,,false,false,SCP_BE_SILC_2022,REGIONAL_CURRENT_HEATING_UNIFORM_V2+CURRENT_SYSTEM_MAPPING_V2
central,2050,Brussels-Capital Region,BE_TABULA_12,Semi-detached house,1971-1990,TABULA_existing,1173.8996771,566042,current_gas,0.86,1009.553722306,gas,gas_boiler_unspecified,gas_DHW_or_combiboiler,standard_hydronic_radiators,,,,false,false,SCP_BE_SILC_2022,REGIONAL_CURRENT_HEATING_UNIFORM_V2+CURRENT_SYSTEM_MAPPING_V2
central,2050,Brussels-Capital Region,BE_TABULA_12,Semi-detached house,1971-1990,TABULA_existing,1173.8996771,566042,current_oil,0.075,88.0424757825,oil,oil_boiler_unspecified,oil_DHW_or_separate_tank,standard_hydronic_radiators,,,,false,false,SCP_BE_SILC_2022,REGIONAL_CURRENT_HEATING_UNIFORM_V2+CURRENT_SYSTEM_MAPPING_V2
central,2050,Brussels-Capital Region,BE_TABULA_12,Semi-detached house,1971-1990,TABULA_existing,1173.8996771,566042,current_other,0.005,5.8694983855,other,biomass_propane_district_or_other_lumped,other_or_unknown_DHW,unknown_or_hydronic_emitters,,,,false,false,SCP_BE_SILC_2022,REGIONAL_CURRENT_HEATING_UNIFORM_V2+CURRENT_SYSTEM_MAPPING_V2
central,2050,Brussels-Capital Region,BE_TABULA_12,Semi-detached house,1971-1990,TABULA_standard_B_proxy,71.0687944124,566042,current_electricity,0.06,4.264127664744,electricity,electric_resistance_or_existing_heat_pump_unspecified,electric_DHW_unspecified,direct_electric_or_hydronic_unspecified,,,,false,false,SCP_BE_SILC_2022,REGIONAL_CURRENT_HEATING_UNIFORM_V2+CURRENT_SYSTEM_MAPPING_V2
central,2050,Brussels-Capital Region,BE_TABULA_12,Semi-detached house,1971-1990,TABULA_standard_B_proxy,71.0687944124,566042,current_gas,0.86,61.119163194664,gas,gas_boiler_unspecified,gas_DHW_or_combiboiler,standard_hydronic_radiators,,,,false,false,SCP_BE_SILC_2022,REGIONAL_CURRENT_HEATING_UNIFORM_V2+CURRENT_SYSTEM_MAPPING_V2
central,2050,Brussels-Capital Region,BE_TABULA_12,Semi-detached house,1971-1990,TABULA_standard_B_proxy,71.0687944124,566042,current_oil,0.075,5.33015958093,oil,oil_boiler_unspecified,oil_DHW_or_separate_tank,standard_hydronic_radiators,,,,false,false,SCP_BE_SILC_2022,REGIONAL_CURRENT_HEATING_UNIFORM_V2+CURRENT_SYSTEM_MAPPING_V2
central,2050,Brussels-Capital Region,BE_TABULA_12,Semi-detached house,1971-1990,TABULA_standard_B_proxy,71.0687944124,566042,current_other,0.005,0.355343972062,other,biomass_propane_district_or_other_lumped,other_or_unknown_DHW,unknown_or_hydronic_emitters,,,,false,false,SCP_BE_SILC_2022,REGIONAL_CURRENT_HEATING_UNIFORM_V2+CURRENT_SYSTEM_MAPPING_V2
central,2050,Brussels-Capital Region,BE_TABULA_12,Semi-detached house,1971-1990,TABULA_advanced_A_proxy,19.6008240817,566042,advanced_air_water_heat_pump,1,19.6008240817,electricity_plus_ambient_heat,air_water_heat_pump,heat_pump_DHW_tank_or_integrated_HP_DHW,low_temperature_radiators,45,balanced_mechanical_HRV,0.80,true,true,EC_EPBD_45C_GUIDANCE,ADVANCED_TECHNOLOGY_PACKAGE_V2
central,2050,Brussels-Capital Region,BE_TABULA_13,Terraced house,1971-1990,TABULA_existing,3614.06653206,566042,current_electricity,0.06,216.8439919236,electricity,electric_resistance_or_existing_heat_pump_unspecified,electric_DHW_unspecified,direct_electric_or_hydronic_unspecified,,,,false,false,SCP_BE_SILC_2022,REGIONAL_CURRENT_HEATING_UNIFORM_V2+CURRENT_SYSTEM_MAPPING_V2
central,2050,Brussels-Capital Region,BE_TABULA_13,Terraced house,1971-1990,TABULA_existing,3614.06653206,566042,current_gas,0.86,3108.0972175716,gas,gas_boiler_unspecified,gas_DHW_or_combiboiler,standard_hydronic_radiators,,,,false,false,SCP_BE_SILC_2022,REGIONAL_CURRENT_HEATING_UNIFORM_V2+CURRENT_SYSTEM_MAPPING_V2
central,2050,Brussels-Capital Region,BE_TABULA_13,Terraced house,1971-1990,TABULA_existing,3614.06653206,566042,current_oil,0.075,271.0549899045,oil,oil_boiler_unspecified,oil_DHW_or_separate_tank,standard_hydronic_radiators,,,,false,false,SCP_BE_SILC_2022,REGIONAL_CURRENT_HEATING_UNIFORM_V2+CURRENT_SYSTEM_MAPPING_V2
central,2050,Brussels-Capital Region,BE_TABULA_13,Terraced house,1971-1990,TABULA_existing,3614.06653206,566042,current_other,0.005,18.0703326603,other,biomass_propane_district_or_other_lumped,other_or_unknown_DHW,unknown_or_hydronic_emitters,,,,false,false,SCP_BE_SILC_2022,REGIONAL_CURRENT_HEATING_UNIFORM_V2+CURRENT_SYSTEM_MAPPING_V2
central,2050,Brussels-Capital Region,BE_TABULA_13,Terraced house,1971-1990,TABULA_standard_B_proxy,218.798383176,566042,current_electricity,0.06,13.12790299056,electricity,electric_resistance_or_existing_heat_pump_unspecified,electric_DHW_unspecified,direct_electric_or_hydronic_unspecified,,,,false,false,SCP_BE_SILC_2022,REGIONAL_CURRENT_HEATING_UNIFORM_V2+CURRENT_SYSTEM_MAPPING_V2
central,2050,Brussels-Capital Region,BE_TABULA_13,Terraced house,1971-1990,TABULA_standard_B_proxy,218.798383176,566042,current_gas,0.86,188.16660953136,gas,gas_boiler_unspecified,gas_DHW_or_combiboiler,standard_hydronic_radiators,,,,false,false,SCP_BE_SILC_2022,REGIONAL_CURRENT_HEATING_UNIFORM_V2+CURRENT_SYSTEM_MAPPING_V2
central,2050,Brussels-Capital Region,BE_TABULA_13,Terraced house,1971-1990,TABULA_standard_B_proxy,218.798383176,566042,current_oil,0.075,16.4098787382,oil,oil_boiler_unspecified,oil_DHW_or_separate_tank,standard_hydronic_radiators,,,,false,false,SCP_BE_SILC_2022,REGIONAL_CURRENT_HEATING_UNIFORM_V2+CURRENT_SYSTEM_MAPPING_V2
central,2050,Brussels-Capital Region,BE_TABULA_13,Terraced house,1971-1990,TABULA_standard_B_proxy,218.798383176,566042,current_other,0.005,1.09399191588,other,biomass_propane_district_or_other_lumped,other_or_unknown_DHW,unknown_or_hydronic_emitters,,,,false,false,SCP_BE_SILC_2022,REGIONAL_CURRENT_HEATING_UNIFORM_V2+CURRENT_SYSTEM_MAPPING_V2
central,2050,Brussels-Capital Region,BE_TABULA_13,Terraced house,1971-1990,TABULA_advanced_A_proxy,60.3447498082,566042,advanced_air_water_heat_pump,1,60.3447498082,electricity_plus_ambient_heat,air_water_heat_pump,heat_pump_DHW_tank_or_integrated_HP_DHW,low_temperature_radiators,45,balanced_mechanical_HRV,0.80,true,true,EC_EPBD_45C_GUIDANCE,ADVANCED_TECHNOLOGY_PACKAGE_V2
central,2050,Brussels-Capital Region,BE_TABULA_14,"Apartment, enclosed",1971-1990,TABULA_existing,22843.025226,566042,current_electricity,0.06,1370.58151356,electricity,electric_resistance_or_existing_heat_pump_unspecified,electric_DHW_unspecified,direct_electric_or_hydronic_unspecified,,,,false,false,SCP_BE_SILC_2022,REGIONAL_CURRENT_HEATING_UNIFORM_V2+CURRENT_SYSTEM_MAPPING_V2
central,2050,Brussels-Capital Region,BE_TABULA_14,"Apartment, enclosed",1971-1990,TABULA_existing,22843.025226,566042,current_gas,0.86,19645.001694360002,gas,gas_boiler_unspecified,gas_DHW_or_combiboiler,standard_hydronic_radiators,,,,false,false,SCP_BE_SILC_2022,REGIONAL_CURRENT_HEATING_UNIFORM_V2+CURRENT_SYSTEM_MAPPING_V2
central,2050,Brussels-Capital Region,BE_TABULA_14,"Apartment, enclosed",1971-1990,TABULA_existing,22843.025226,566042,current_oil,0.075,1713.22689195,oil,oil_boiler_unspecified,oil_DHW_or_separate_tank,standard_hydronic_radiators,,,,false,false,SCP_BE_SILC_2022,REGIONAL_CURRENT_HEATING_UNIFORM_V2+CURRENT_SYSTEM_MAPPING_V2
central,2050,Brussels-Capital Region,BE_TABULA_14,"Apartment, enclosed",1971-1990,TABULA_existing,22843.025226,566042,current_other,0.005,114.21512613,other,biomass_propane_district_or_other_lumped,other_or_unknown_DHW,unknown_or_hydronic_emitters,,,,false,false,SCP_BE_SILC_2022,REGIONAL_CURRENT_HEATING_UNIFORM_V2+CURRENT_SYSTEM_MAPPING_V2
central,2050,Brussels-Capital Region,BE_TABULA_14,"Apartment, enclosed",1971-1990,TABULA_standard_B_proxy,1382.93441527,566042,current_electricity,0.06,82.9760649162,electricity,electric_resistance_or_existing_heat_pump_unspecified,electric_DHW_unspecified,direct_electric_or_hydronic_unspecified,,,,false,false,SCP_BE_SILC_2022,REGIONAL_CURRENT_HEATING_UNIFORM_V2+CURRENT_SYSTEM_MAPPING_V2
central,2050,Brussels-Capital Region,BE_TABULA_14,"Apartment, enclosed",1971-1990,TABULA_standard_B_proxy,1382.93441527,566042,current_gas,0.86,1189.3235971322,gas,gas_boiler_unspecified,gas_DHW_or_combiboiler,standard_hydronic_radiators,,,,false,false,SCP_BE_SILC_2022,REGIONAL_CURRENT_HEATING_UNIFORM_V2+CURRENT_SYSTEM_MAPPING_V2
central,2050,Brussels-Capital Region,BE_TABULA_14,"Apartment, enclosed",1971-1990,TABULA_standard_B_proxy,1382.93441527,566042,current_oil,0.075,103.72008114525,oil,oil_boiler_unspecified,oil_DHW_or_separate_tank,standard_hydronic_radiators,,,,false,false,SCP_BE_SILC_2022,REGIONAL_CURRENT_HEATING_UNIFORM_V2+CURRENT_SYSTEM_MAPPING_V2
central,2050,Brussels-Capital Region,BE_TABULA_14,"Apartment, enclosed",1971-1990,TABULA_standard_B_proxy,1382.93441527,566042,current_other,0.005,6.91467207635,other,biomass_propane_district_or_other_lumped,other_or_unknown_DHW,unknown_or_hydronic_emitters,,,,false,false,SCP_BE_SILC_2022,REGIONAL_CURRENT_HEATING_UNIFORM_V2+CURRENT_SYSTEM_MAPPING_V2
central,2050,Brussels-Capital Region,BE_TABULA_14,"Apartment, enclosed",1971-1990,TABULA_advanced_A_proxy,381.414296027,566042,advanced_air_water_heat_pump,1,381.414296027,electricity_plus_ambient_heat,air_water_heat_pump,heat_pump_DHW_tank_or_integrated_HP_DHW,low_temperature_radiators,45,balanced_mechanical_HRV,0.80,true,true,EC_EPBD_45C_GUIDANCE,ADVANCED_TECHNOLOGY_PACKAGE_V2
central,2050,Brussels-Capital Region,BE_TABULA_15,"Apartment, exposed",1971-1990,TABULA_existing,22843.025226,566042,current_electricity,0.06,1370.58151356,electricity,electric_resistance_or_existing_heat_pump_unspecified,electric_DHW_unspecified,direct_electric_or_hydronic_unspecified,,,,false,false,SCP_BE_SILC_2022,REGIONAL_CURRENT_HEATING_UNIFORM_V2+CURRENT_SYSTEM_MAPPING_V2
central,2050,Brussels-Capital Region,BE_TABULA_15,"Apartment, exposed",1971-1990,TABULA_existing,22843.025226,566042,current_gas,0.86,19645.001694360002,gas,gas_boiler_unspecified,gas_DHW_or_combiboiler,standard_hydronic_radiators,,,,false,false,SCP_BE_SILC_2022,REGIONAL_CURRENT_HEATING_UNIFORM_V2+CURRENT_SYSTEM_MAPPING_V2
central,2050,Brussels-Capital Region,BE_TABULA_15,"Apartment, exposed",1971-1990,TABULA_existing,22843.025226,566042,current_oil,0.075,1713.22689195,oil,oil_boiler_unspecified,oil_DHW_or_separate_tank,standard_hydronic_radiators,,,,false,false,SCP_BE_SILC_2022,REGIONAL_CURRENT_HEATING_UNIFORM_V2+CURRENT_SYSTEM_MAPPING_V2
central,2050,Brussels-Capital Region,BE_TABULA_15,"Apartment, exposed",1971-1990,TABULA_existing,22843.025226,566042,current_other,0.005,114.21512613,other,biomass_propane_district_or_other_lumped,other_or_unknown_DHW,unknown_or_hydronic_emitters,,,,false,false,SCP_BE_SILC_2022,REGIONAL_CURRENT_HEATING_UNIFORM_V2+CURRENT_SYSTEM_MAPPING_V2
central,2050,Brussels-Capital Region,BE_TABULA_15,"Apartment, exposed",1971-1990,TABULA_standard_B_proxy,1382.93441527,566042,current_electricity,0.06,82.9760649162,electricity,electric_resistance_or_existing_heat_pump_unspecified,electric_DHW_unspecified,direct_electric_or_hydronic_unspecified,,,,false,false,SCP_BE_SILC_2022,REGIONAL_CURRENT_HEATING_UNIFORM_V2+CURRENT_SYSTEM_MAPPING_V2
central,2050,Brussels-Capital Region,BE_TABULA_15,"Apartment, exposed",1971-1990,TABULA_standard_B_proxy,1382.93441527,566042,current_gas,0.86,1189.3235971322,gas,gas_boiler_unspecified,gas_DHW_or_combiboiler,standard_hydronic_radiators,,,,false,false,SCP_BE_SILC_2022,REGIONAL_CURRENT_HEATING_UNIFORM_V2+CURRENT_SYSTEM_MAPPING_V2
central,2050,Brussels-Capital Region,BE_TABULA_15,"Apartment, exposed",1971-1990,TABULA_standard_B_proxy,1382.93441527,566042,current_oil,0.075,103.72008114525,oil,oil_boiler_unspecified,oil_DHW_or_separate_tank,standard_hydronic_radiators,,,,false,false,SCP_BE_SILC_2022,REGIONAL_CURRENT_HEATING_UNIFORM_V2+CURRENT_SYSTEM_MAPPING_V2
central,2050,Brussels-Capital Region,BE_TABULA_15,"Apartment, exposed",1971-1990,TABULA_standard_B_proxy,1382.93441527,566042,current_other,0.005,6.91467207635,other,biomass_propane_district_or_other_lumped,other_or_unknown_DHW,unknown_or_hydronic_emitters,,,,false,false,SCP_BE_SILC_2022,REGIONAL_CURRENT_HEATING_UNIFORM_V2+CURRENT_SYSTEM_MAPPING_V2
central,2050,Brussels-Capital Region,BE_TABULA_15,"Apartment, exposed",1971-1990,TABULA_advanced_A_proxy,381.414296027,566042,advanced_air_water_heat_pump,1,381.414296027,electricity_plus_ambient_heat,air_water_heat_pump,heat_pump_DHW_tank_or_integrated_HP_DHW,low_temperature_radiators,45,balanced_mechanical_HRV,0.80,true,true,EC_EPBD_45C_GUIDANCE,ADVANCED_TECHNOLOGY_PACKAGE_V2
central,2050,Brussels-Capital Region,BE_TABULA_16,Detached house,1991-2005,TABULA_existing,356.134537973,566042,current_electricity,0.06,21.36807227838,electricity,electric_resistance_or_existing_heat_pump_unspecified,electric_DHW_unspecified,direct_electric_or_hydronic_unspecified,,,,false,false,SCP_BE_SILC_2022,REGIONAL_CURRENT_HEATING_UNIFORM_V2+CURRENT_SYSTEM_MAPPING_V2
central,2050,Brussels-Capital Region,BE_TABULA_16,Detached house,1991-2005,TABULA_existing,356.134537973,566042,current_gas,0.86,306.27570265678,gas,gas_boiler_unspecified,gas_DHW_or_combiboiler,standard_hydronic_radiators,,,,false,false,SCP_BE_SILC_2022,REGIONAL_CURRENT_HEATING_UNIFORM_V2+CURRENT_SYSTEM_MAPPING_V2
central,2050,Brussels-Capital Region,BE_TABULA_16,Detached house,1991-2005,TABULA_existing,356.134537973,566042,current_oil,0.075,26.710090347975,oil,oil_boiler_unspecified,oil_DHW_or_separate_tank,standard_hydronic_radiators,,,,false,false,SCP_BE_SILC_2022,REGIONAL_CURRENT_HEATING_UNIFORM_V2+CURRENT_SYSTEM_MAPPING_V2
central,2050,Brussels-Capital Region,BE_TABULA_16,Detached house,1991-2005,TABULA_existing,356.134537973,566042,current_other,0.005,1.780672689865,other,biomass_propane_district_or_other_lumped,other_or_unknown_DHW,unknown_or_hydronic_emitters,,,,false,false,SCP_BE_SILC_2022,REGIONAL_CURRENT_HEATING_UNIFORM_V2+CURRENT_SYSTEM_MAPPING_V2
central,2050,Brussels-Capital Region,BE_TABULA_16,Detached house,1991-2005,TABULA_standard_B_proxy,21.5606603836,566042,current_electricity,0.06,1.293639623016,electricity,electric_resistance_or_existing_heat_pump_unspecified,electric_DHW_unspecified,direct_electric_or_hydronic_unspecified,,,,false,false,SCP_BE_SILC_2022,REGIONAL_CURRENT_HEATING_UNIFORM_V2+CURRENT_SYSTEM_MAPPING_V2
central,2050,Brussels-Capital Region,BE_TABULA_16,Detached house,1991-2005,TABULA_standard_B_proxy,21.5606603836,566042,current_gas,0.86,18.542167929896,gas,gas_boiler_unspecified,gas_DHW_or_combiboiler,standard_hydronic_radiators,,,,false,false,SCP_BE_SILC_2022,REGIONAL_CURRENT_HEATING_UNIFORM_V2+CURRENT_SYSTEM_MAPPING_V2
central,2050,Brussels-Capital Region,BE_TABULA_16,Detached house,1991-2005,TABULA_standard_B_proxy,21.5606603836,566042,current_oil,0.075,1.61704952877,oil,oil_boiler_unspecified,oil_DHW_or_separate_tank,standard_hydronic_radiators,,,,false,false,SCP_BE_SILC_2022,REGIONAL_CURRENT_HEATING_UNIFORM_V2+CURRENT_SYSTEM_MAPPING_V2
central,2050,Brussels-Capital Region,BE_TABULA_16,Detached house,1991-2005,TABULA_standard_B_proxy,21.5606603836,566042,current_other,0.005,0.107803301918,other,biomass_propane_district_or_other_lumped,other_or_unknown_DHW,unknown_or_hydronic_emitters,,,,false,false,SCP_BE_SILC_2022,REGIONAL_CURRENT_HEATING_UNIFORM_V2+CURRENT_SYSTEM_MAPPING_V2
central,2050,Brussels-Capital Region,BE_TABULA_16,Detached house,1991-2005,TABULA_advanced_A_proxy,5.94644547945,566042,advanced_air_water_heat_pump,1,5.94644547945,electricity_plus_ambient_heat,air_water_heat_pump,heat_pump_DHW_tank_or_integrated_HP_DHW,low_temperature_radiators,45,balanced_mechanical_HRV,0.80,true,true,EC_EPBD_45C_GUIDANCE,ADVANCED_TECHNOLOGY_PACKAGE_V2
central,2050,Brussels-Capital Region,BE_TABULA_17,Semi-detached house,1991-2005,TABULA_existing,777.627522495,566042,current_electricity,0.06,46.6576513497,electricity,electric_resistance_or_existing_heat_pump_unspecified,electric_DHW_unspecified,direct_electric_or_hydronic_unspecified,,,,false,false,SCP_BE_SILC_2022,REGIONAL_CURRENT_HEATING_UNIFORM_V2+CURRENT_SYSTEM_MAPPING_V2
central,2050,Brussels-Capital Region,BE_TABULA_17,Semi-detached house,1991-2005,TABULA_existing,777.627522495,566042,current_gas,0.86,668.7596693457,gas,gas_boiler_unspecified,gas_DHW_or_combiboiler,standard_hydronic_radiators,,,,false,false,SCP_BE_SILC_2022,REGIONAL_CURRENT_HEATING_UNIFORM_V2+CURRENT_SYSTEM_MAPPING_V2
central,2050,Brussels-Capital Region,BE_TABULA_17,Semi-detached house,1991-2005,TABULA_existing,777.627522495,566042,current_oil,0.075,58.322064187125,oil,oil_boiler_unspecified,oil_DHW_or_separate_tank,standard_hydronic_radiators,,,,false,false,SCP_BE_SILC_2022,REGIONAL_CURRENT_HEATING_UNIFORM_V2+CURRENT_SYSTEM_MAPPING_V2
central,2050,Brussels-Capital Region,BE_TABULA_17,Semi-detached house,1991-2005,TABULA_existing,777.627522495,566042,current_other,0.005,3.888137612475,other,biomass_propane_district_or_other_lumped,other_or_unknown_DHW,unknown_or_hydronic_emitters,,,,false,false,SCP_BE_SILC_2022,REGIONAL_CURRENT_HEATING_UNIFORM_V2+CURRENT_SYSTEM_MAPPING_V2
central,2050,Brussels-Capital Region,BE_TABULA_17,Semi-detached house,1991-2005,TABULA_standard_B_proxy,47.0781716732,566042,current_electricity,0.06,2.824690300392,electricity,electric_resistance_or_existing_heat_pump_unspecified,electric_DHW_unspecified,direct_electric_or_hydronic_unspecified,,,,false,false,SCP_BE_SILC_2022,REGIONAL_CURRENT_HEATING_UNIFORM_V2+CURRENT_SYSTEM_MAPPING_V2
central,2050,Brussels-Capital Region,BE_TABULA_17,Semi-detached house,1991-2005,TABULA_standard_B_proxy,47.0781716732,566042,current_gas,0.86,40.487227638952,gas,gas_boiler_unspecified,gas_DHW_or_combiboiler,standard_hydronic_radiators,,,,false,false,SCP_BE_SILC_2022,REGIONAL_CURRENT_HEATING_UNIFORM_V2+CURRENT_SYSTEM_MAPPING_V2
central,2050,Brussels-Capital Region,BE_TABULA_17,Semi-detached house,1991-2005,TABULA_standard_B_proxy,47.0781716732,566042,current_oil,0.075,3.53086287549,oil,oil_boiler_unspecified,oil_DHW_or_separate_tank,standard_hydronic_radiators,,,,false,false,SCP_BE_SILC_2022,REGIONAL_CURRENT_HEATING_UNIFORM_V2+CURRENT_SYSTEM_MAPPING_V2
central,2050,Brussels-Capital Region,BE_TABULA_17,Semi-detached house,1991-2005,TABULA_standard_B_proxy,47.0781716732,566042,current_other,0.005,0.235390858366,other,biomass_propane_district_or_other_lumped,other_or_unknown_DHW,unknown_or_hydronic_emitters,,,,false,false,SCP_BE_SILC_2022,REGIONAL_CURRENT_HEATING_UNIFORM_V2+CURRENT_SYSTEM_MAPPING_V2
central,2050,Brussels-Capital Region,BE_TABULA_17,Semi-detached house,1991-2005,TABULA_advanced_A_proxy,12.9841932551,566042,advanced_air_water_heat_pump,1,12.9841932551,electricity_plus_ambient_heat,air_water_heat_pump,heat_pump_DHW_tank_or_integrated_HP_DHW,low_temperature_radiators,45,balanced_mechanical_HRV,0.80,true,true,EC_EPBD_45C_GUIDANCE,ADVANCED_TECHNOLOGY_PACKAGE_V2
central,2050,Brussels-Capital Region,BE_TABULA_18,Terraced house,1991-2005,TABULA_existing,2418.3683003,566042,current_electricity,0.06,145.102098018,electricity,electric_resistance_or_existing_heat_pump_unspecified,electric_DHW_unspecified,direct_electric_or_hydronic_unspecified,,,,false,false,SCP_BE_SILC_2022,REGIONAL_CURRENT_HEATING_UNIFORM_V2+CURRENT_SYSTEM_MAPPING_V2
central,2050,Brussels-Capital Region,BE_TABULA_18,Terraced house,1991-2005,TABULA_existing,2418.3683003,566042,current_gas,0.86,2079.796738258,gas,gas_boiler_unspecified,gas_DHW_or_combiboiler,standard_hydronic_radiators,,,,false,false,SCP_BE_SILC_2022,REGIONAL_CURRENT_HEATING_UNIFORM_V2+CURRENT_SYSTEM_MAPPING_V2
central,2050,Brussels-Capital Region,BE_TABULA_18,Terraced house,1991-2005,TABULA_existing,2418.3683003,566042,current_oil,0.075,181.3776225225,oil,oil_boiler_unspecified,oil_DHW_or_separate_tank,standard_hydronic_radiators,,,,false,false,SCP_BE_SILC_2022,REGIONAL_CURRENT_HEATING_UNIFORM_V2+CURRENT_SYSTEM_MAPPING_V2
central,2050,Brussels-Capital Region,BE_TABULA_18,Terraced house,1991-2005,TABULA_existing,2418.3683003,566042,current_other,0.005,12.0918415015,other,biomass_propane_district_or_other_lumped,other_or_unknown_DHW,unknown_or_hydronic_emitters,,,,false,false,SCP_BE_SILC_2022,REGIONAL_CURRENT_HEATING_UNIFORM_V2+CURRENT_SYSTEM_MAPPING_V2
central,2050,Brussels-Capital Region,BE_TABULA_18,Terraced house,1991-2005,TABULA_standard_B_proxy,146.409887404,566042,current_electricity,0.06,8.78459324424,electricity,electric_resistance_or_existing_heat_pump_unspecified,electric_DHW_unspecified,direct_electric_or_hydronic_unspecified,,,,false,false,SCP_BE_SILC_2022,REGIONAL_CURRENT_HEATING_UNIFORM_V2+CURRENT_SYSTEM_MAPPING_V2
central,2050,Brussels-Capital Region,BE_TABULA_18,Terraced house,1991-2005,TABULA_standard_B_proxy,146.409887404,566042,current_gas,0.86,125.91250316744,gas,gas_boiler_unspecified,gas_DHW_or_combiboiler,standard_hydronic_radiators,,,,false,false,SCP_BE_SILC_2022,REGIONAL_CURRENT_HEATING_UNIFORM_V2+CURRENT_SYSTEM_MAPPING_V2
central,2050,Brussels-Capital Region,BE_TABULA_18,Terraced house,1991-2005,TABULA_standard_B_proxy,146.409887404,566042,current_oil,0.075,10.9807415553,oil,oil_boiler_unspecified,oil_DHW_or_separate_tank,standard_hydronic_radiators,,,,false,false,SCP_BE_SILC_2022,REGIONAL_CURRENT_HEATING_UNIFORM_V2+CURRENT_SYSTEM_MAPPING_V2
central,2050,Brussels-Capital Region,BE_TABULA_18,Terraced house,1991-2005,TABULA_standard_B_proxy,146.409887404,566042,current_other,0.005,0.73204943702,other,biomass_propane_district_or_other_lumped,other_or_unknown_DHW,unknown_or_hydronic_emitters,,,,false,false,SCP_BE_SILC_2022,REGIONAL_CURRENT_HEATING_UNIFORM_V2+CURRENT_SYSTEM_MAPPING_V2
central,2050,Brussels-Capital Region,BE_TABULA_18,Terraced house,1991-2005,TABULA_advanced_A_proxy,40.3799511523,566042,advanced_air_water_heat_pump,1,40.3799511523,electricity_plus_ambient_heat,air_water_heat_pump,heat_pump_DHW_tank_or_integrated_HP_DHW,low_temperature_radiators,45,balanced_mechanical_HRV,0.80,true,true,EC_EPBD_45C_GUIDANCE,ADVANCED_TECHNOLOGY_PACKAGE_V2
central,2050,Brussels-Capital Region,BE_TABULA_19,"Apartment, enclosed",1991-2005,TABULA_existing,10769.3902325,566042,current_electricity,0.06,646.16341395,electricity,electric_resistance_or_existing_heat_pump_unspecified,electric_DHW_unspecified,direct_electric_or_hydronic_unspecified,,,,false,false,SCP_BE_SILC_2022,REGIONAL_CURRENT_HEATING_UNIFORM_V2+CURRENT_SYSTEM_MAPPING_V2
central,2050,Brussels-Capital Region,BE_TABULA_19,"Apartment, enclosed",1991-2005,TABULA_existing,10769.3902325,566042,current_gas,0.86,9261.67559995,gas,gas_boiler_unspecified,gas_DHW_or_combiboiler,standard_hydronic_radiators,,,,false,false,SCP_BE_SILC_2022,REGIONAL_CURRENT_HEATING_UNIFORM_V2+CURRENT_SYSTEM_MAPPING_V2
central,2050,Brussels-Capital Region,BE_TABULA_19,"Apartment, enclosed",1991-2005,TABULA_existing,10769.3902325,566042,current_oil,0.075,807.7042674375,oil,oil_boiler_unspecified,oil_DHW_or_separate_tank,standard_hydronic_radiators,,,,false,false,SCP_BE_SILC_2022,REGIONAL_CURRENT_HEATING_UNIFORM_V2+CURRENT_SYSTEM_MAPPING_V2
central,2050,Brussels-Capital Region,BE_TABULA_19,"Apartment, enclosed",1991-2005,TABULA_existing,10769.3902325,566042,current_other,0.005,53.8469511625,other,biomass_propane_district_or_other_lumped,other_or_unknown_DHW,unknown_or_hydronic_emitters,,,,false,false,SCP_BE_SILC_2022,REGIONAL_CURRENT_HEATING_UNIFORM_V2+CURRENT_SYSTEM_MAPPING_V2
central,2050,Brussels-Capital Region,BE_TABULA_19,"Apartment, enclosed",1991-2005,TABULA_standard_B_proxy,651.987214337,566042,current_electricity,0.06,39.11923286022,electricity,electric_resistance_or_existing_heat_pump_unspecified,electric_DHW_unspecified,direct_electric_or_hydronic_unspecified,,,,false,false,SCP_BE_SILC_2022,REGIONAL_CURRENT_HEATING_UNIFORM_V2+CURRENT_SYSTEM_MAPPING_V2
central,2050,Brussels-Capital Region,BE_TABULA_19,"Apartment, enclosed",1991-2005,TABULA_standard_B_proxy,651.987214337,566042,current_gas,0.86,560.70900432982,gas,gas_boiler_unspecified,gas_DHW_or_combiboiler,standard_hydronic_radiators,,,,false,false,SCP_BE_SILC_2022,REGIONAL_CURRENT_HEATING_UNIFORM_V2+CURRENT_SYSTEM_MAPPING_V2
central,2050,Brussels-Capital Region,BE_TABULA_19,"Apartment, enclosed",1991-2005,TABULA_standard_B_proxy,651.987214337,566042,current_oil,0.075,48.899041075275,oil,oil_boiler_unspecified,oil_DHW_or_separate_tank,standard_hydronic_radiators,,,,false,false,SCP_BE_SILC_2022,REGIONAL_CURRENT_HEATING_UNIFORM_V2+CURRENT_SYSTEM_MAPPING_V2
central,2050,Brussels-Capital Region,BE_TABULA_19,"Apartment, enclosed",1991-2005,TABULA_standard_B_proxy,651.987214337,566042,current_other,0.005,3.259936071685,other,biomass_propane_district_or_other_lumped,other_or_unknown_DHW,unknown_or_hydronic_emitters,,,,false,false,SCP_BE_SILC_2022,REGIONAL_CURRENT_HEATING_UNIFORM_V2+CURRENT_SYSTEM_MAPPING_V2
central,2050,Brussels-Capital Region,BE_TABULA_19,"Apartment, enclosed",1991-2005,TABULA_advanced_A_proxy,179.818537762,566042,advanced_air_water_heat_pump,1,179.818537762,electricity_plus_ambient_heat,air_water_heat_pump,heat_pump_DHW_tank_or_integrated_HP_DHW,low_temperature_radiators,45,balanced_mechanical_HRV,0.80,true,true,EC_EPBD_45C_GUIDANCE,ADVANCED_TECHNOLOGY_PACKAGE_V2
central,2050,Brussels-Capital Region,BE_TABULA_20,"Apartment, exposed",1991-2005,TABULA_existing,10769.3902325,566042,current_electricity,0.06,646.16341395,electricity,electric_resistance_or_existing_heat_pump_unspecified,electric_DHW_unspecified,direct_electric_or_hydronic_unspecified,,,,false,false,SCP_BE_SILC_2022,REGIONAL_CURRENT_HEATING_UNIFORM_V2+CURRENT_SYSTEM_MAPPING_V2
central,2050,Brussels-Capital Region,BE_TABULA_20,"Apartment, exposed",1991-2005,TABULA_existing,10769.3902325,566042,current_gas,0.86,9261.67559995,gas,gas_boiler_unspecified,gas_DHW_or_combiboiler,standard_hydronic_radiators,,,,false,false,SCP_BE_SILC_2022,REGIONAL_CURRENT_HEATING_UNIFORM_V2+CURRENT_SYSTEM_MAPPING_V2
central,2050,Brussels-Capital Region,BE_TABULA_20,"Apartment, exposed",1991-2005,TABULA_existing,10769.3902325,566042,current_oil,0.075,807.7042674375,oil,oil_boiler_unspecified,oil_DHW_or_separate_tank,standard_hydronic_radiators,,,,false,false,SCP_BE_SILC_2022,REGIONAL_CURRENT_HEATING_UNIFORM_V2+CURRENT_SYSTEM_MAPPING_V2
central,2050,Brussels-Capital Region,BE_TABULA_20,"Apartment, exposed",1991-2005,TABULA_existing,10769.3902325,566042,current_other,0.005,53.8469511625,other,biomass_propane_district_or_other_lumped,other_or_unknown_DHW,unknown_or_hydronic_emitters,,,,false,false,SCP_BE_SILC_2022,REGIONAL_CURRENT_HEATING_UNIFORM_V2+CURRENT_SYSTEM_MAPPING_V2
central,2050,Brussels-Capital Region,BE_TABULA_20,"Apartment, exposed",1991-2005,TABULA_standard_B_proxy,651.987214337,566042,current_electricity,0.06,39.11923286022,electricity,electric_resistance_or_existing_heat_pump_unspecified,electric_DHW_unspecified,direct_electric_or_hydronic_unspecified,,,,false,false,SCP_BE_SILC_2022,REGIONAL_CURRENT_HEATING_UNIFORM_V2+CURRENT_SYSTEM_MAPPING_V2
central,2050,Brussels-Capital Region,BE_TABULA_20,"Apartment, exposed",1991-2005,TABULA_standard_B_proxy,651.987214337,566042,current_gas,0.86,560.70900432982,gas,gas_boiler_unspecified,gas_DHW_or_combiboiler,standard_hydronic_radiators,,,,false,false,SCP_BE_SILC_2022,REGIONAL_CURRENT_HEATING_UNIFORM_V2+CURRENT_SYSTEM_MAPPING_V2
central,2050,Brussels-Capital Region,BE_TABULA_20,"Apartment, exposed",1991-2005,TABULA_standard_B_proxy,651.987214337,566042,current_oil,0.075,48.899041075275,oil,oil_boiler_unspecified,oil_DHW_or_separate_tank,standard_hydronic_radiators,,,,false,false,SCP_BE_SILC_2022,REGIONAL_CURRENT_HEATING_UNIFORM_V2+CURRENT_SYSTEM_MAPPING_V2
central,2050,Brussels-Capital Region,BE_TABULA_20,"Apartment, exposed",1991-2005,TABULA_standard_B_proxy,651.987214337,566042,current_other,0.005,3.259936071685,other,biomass_propane_district_or_other_lumped,other_or_unknown_DHW,unknown_or_hydronic_emitters,,,,false,false,SCP_BE_SILC_2022,REGIONAL_CURRENT_HEATING_UNIFORM_V2+CURRENT_SYSTEM_MAPPING_V2
central,2050,Brussels-Capital Region,BE_TABULA_20,"Apartment, exposed",1991-2005,TABULA_advanced_A_proxy,179.818537762,566042,advanced_air_water_heat_pump,1,179.818537762,electricity_plus_ambient_heat,air_water_heat_pump,heat_pump_DHW_tank_or_integrated_HP_DHW,low_temperature_radiators,45,balanced_mechanical_HRV,0.80,true,true,EC_EPBD_45C_GUIDANCE,ADVANCED_TECHNOLOGY_PACKAGE_V2
central,2050,Brussels-Capital Region,BE_TABULA_21,Detached house,post-2005,TABULA_existing,294.657171068,566042,current_electricity,0.06,17.67943026408,electricity,electric_resistance_or_existing_heat_pump_unspecified,electric_DHW_unspecified,direct_electric_or_hydronic_unspecified,,,,false,false,SCP_BE_SILC_2022,REGIONAL_CURRENT_HEATING_UNIFORM_V2+CURRENT_SYSTEM_MAPPING_V2
central,2050,Brussels-Capital Region,BE_TABULA_21,Detached house,post-2005,TABULA_existing,294.657171068,566042,current_gas,0.86,253.40516711848,gas,gas_boiler_unspecified,gas_DHW_or_combiboiler,standard_hydronic_radiators,,,,false,false,SCP_BE_SILC_2022,REGIONAL_CURRENT_HEATING_UNIFORM_V2+CURRENT_SYSTEM_MAPPING_V2
central,2050,Brussels-Capital Region,BE_TABULA_21,Detached house,post-2005,TABULA_existing,294.657171068,566042,current_oil,0.075,22.0992878301,oil,oil_boiler_unspecified,oil_DHW_or_separate_tank,standard_hydronic_radiators,,,,false,false,SCP_BE_SILC_2022,REGIONAL_CURRENT_HEATING_UNIFORM_V2+CURRENT_SYSTEM_MAPPING_V2
central,2050,Brussels-Capital Region,BE_TABULA_21,Detached house,post-2005,TABULA_existing,294.657171068,566042,current_other,0.005,1.47328585534,other,biomass_propane_district_or_other_lumped,other_or_unknown_DHW,unknown_or_hydronic_emitters,,,,false,false,SCP_BE_SILC_2022,REGIONAL_CURRENT_HEATING_UNIFORM_V2+CURRENT_SYSTEM_MAPPING_V2
central,2050,Brussels-Capital Region,BE_TABULA_21,Detached house,post-2005,TABULA_standard_B_proxy,17.8387730411,566042,current_electricity,0.06,1.070326382466,electricity,electric_resistance_or_existing_heat_pump_unspecified,electric_DHW_unspecified,direct_electric_or_hydronic_unspecified,,,,false,false,SCP_BE_SILC_2022,REGIONAL_CURRENT_HEATING_UNIFORM_V2+CURRENT_SYSTEM_MAPPING_V2
central,2050,Brussels-Capital Region,BE_TABULA_21,Detached house,post-2005,TABULA_standard_B_proxy,17.8387730411,566042,current_gas,0.86,15.341344815346,gas,gas_boiler_unspecified,gas_DHW_or_combiboiler,standard_hydronic_radiators,,,,false,false,SCP_BE_SILC_2022,REGIONAL_CURRENT_HEATING_UNIFORM_V2+CURRENT_SYSTEM_MAPPING_V2
central,2050,Brussels-Capital Region,BE_TABULA_21,Detached house,post-2005,TABULA_standard_B_proxy,17.8387730411,566042,current_oil,0.075,1.337907978083,oil,oil_boiler_unspecified,oil_DHW_or_separate_tank,standard_hydronic_radiators,,,,false,false,SCP_BE_SILC_2022,REGIONAL_CURRENT_HEATING_UNIFORM_V2+CURRENT_SYSTEM_MAPPING_V2
central,2050,Brussels-Capital Region,BE_TABULA_21,Detached house,post-2005,TABULA_standard_B_proxy,17.8387730411,566042,current_other,0.005,0.089193865206,other,biomass_propane_district_or_other_lumped,other_or_unknown_DHW,unknown_or_hydronic_emitters,,,,false,false,SCP_BE_SILC_2022,REGIONAL_CURRENT_HEATING_UNIFORM_V2+CURRENT_SYSTEM_MAPPING_V2
central,2050,Brussels-Capital Region,BE_TABULA_21,Detached house,post-2005,TABULA_advanced_A_proxy,4.91994630137,566042,advanced_air_water_heat_pump,1,4.91994630137,electricity_plus_ambient_heat,air_water_heat_pump,heat_pump_DHW_tank_or_integrated_HP_DHW,low_temperature_radiators,45,balanced_mechanical_HRV,0.80,true,true,EC_EPBD_45C_GUIDANCE,ADVANCED_TECHNOLOGY_PACKAGE_V2
central,2050,Brussels-Capital Region,BE_TABULA_22,Semi-detached house,post-2005,TABULA_existing,641.936200605,566042,current_electricity,0.06,38.5161720363,electricity,electric_resistance_or_existing_heat_pump_unspecified,electric_DHW_unspecified,direct_electric_or_hydronic_unspecified,,,,false,false,SCP_BE_SILC_2022,REGIONAL_CURRENT_HEATING_UNIFORM_V2+CURRENT_SYSTEM_MAPPING_V2
central,2050,Brussels-Capital Region,BE_TABULA_22,Semi-detached house,post-2005,TABULA_existing,641.936200605,566042,current_gas,0.86,552.0651325203,gas,gas_boiler_unspecified,gas_DHW_or_combiboiler,standard_hydronic_radiators,,,,false,false,SCP_BE_SILC_2022,REGIONAL_CURRENT_HEATING_UNIFORM_V2+CURRENT_SYSTEM_MAPPING_V2
central,2050,Brussels-Capital Region,BE_TABULA_22,Semi-detached house,post-2005,TABULA_existing,641.936200605,566042,current_oil,0.075,48.145215045375,oil,oil_boiler_unspecified,oil_DHW_or_separate_tank,standard_hydronic_radiators,,,,false,false,SCP_BE_SILC_2022,REGIONAL_CURRENT_HEATING_UNIFORM_V2+CURRENT_SYSTEM_MAPPING_V2
central,2050,Brussels-Capital Region,BE_TABULA_22,Semi-detached house,post-2005,TABULA_existing,641.936200605,566042,current_other,0.005,3.209681003025,other,biomass_propane_district_or_other_lumped,other_or_unknown_DHW,unknown_or_hydronic_emitters,,,,false,false,SCP_BE_SILC_2022,REGIONAL_CURRENT_HEATING_UNIFORM_V2+CURRENT_SYSTEM_MAPPING_V2
central,2050,Brussels-Capital Region,BE_TABULA_22,Semi-detached house,post-2005,TABULA_standard_B_proxy,38.8633140946,566042,current_electricity,0.06,2.331798845676,electricity,electric_resistance_or_existing_heat_pump_unspecified,electric_DHW_unspecified,direct_electric_or_hydronic_unspecified,,,,false,false,SCP_BE_SILC_2022,REGIONAL_CURRENT_HEATING_UNIFORM_V2+CURRENT_SYSTEM_MAPPING_V2
central,2050,Brussels-Capital Region,BE_TABULA_22,Semi-detached house,post-2005,TABULA_standard_B_proxy,38.8633140946,566042,current_gas,0.86,33.422450121356,gas,gas_boiler_unspecified,gas_DHW_or_combiboiler,standard_hydronic_radiators,,,,false,false,SCP_BE_SILC_2022,REGIONAL_CURRENT_HEATING_UNIFORM_V2+CURRENT_SYSTEM_MAPPING_V2
central,2050,Brussels-Capital Region,BE_TABULA_22,Semi-detached house,post-2005,TABULA_standard_B_proxy,38.8633140946,566042,current_oil,0.075,2.914748557095,oil,oil_boiler_unspecified,oil_DHW_or_separate_tank,standard_hydronic_radiators,,,,false,false,SCP_BE_SILC_2022,REGIONAL_CURRENT_HEATING_UNIFORM_V2+CURRENT_SYSTEM_MAPPING_V2
central,2050,Brussels-Capital Region,BE_TABULA_22,Semi-detached house,post-2005,TABULA_standard_B_proxy,38.8633140946,566042,current_other,0.005,0.194316570473,other,biomass_propane_district_or_other_lumped,other_or_unknown_DHW,unknown_or_hydronic_emitters,,,,false,false,SCP_BE_SILC_2022,REGIONAL_CURRENT_HEATING_UNIFORM_V2+CURRENT_SYSTEM_MAPPING_V2
central,2050,Brussels-Capital Region,BE_TABULA_22,Semi-detached house,post-2005,TABULA_advanced_A_proxy,10.718529688,566042,advanced_air_water_heat_pump,1,10.718529688,electricity_plus_ambient_heat,air_water_heat_pump,heat_pump_DHW_tank_or_integrated_HP_DHW,low_temperature_radiators,45,balanced_mechanical_HRV,0.80,true,true,EC_EPBD_45C_GUIDANCE,ADVANCED_TECHNOLOGY_PACKAGE_V2
central,2050,Brussels-Capital Region,BE_TABULA_23,Terraced house,post-2005,TABULA_existing,2153.27823584,566042,current_electricity,0.06,129.1966941504,electricity,electric_resistance_or_existing_heat_pump_unspecified,electric_DHW_unspecified,direct_electric_or_hydronic_unspecified,,,,false,false,SCP_BE_SILC_2022,REGIONAL_CURRENT_HEATING_UNIFORM_V2+CURRENT_SYSTEM_MAPPING_V2
central,2050,Brussels-Capital Region,BE_TABULA_23,Terraced house,post-2005,TABULA_existing,2153.27823584,566042,current_gas,0.86,1851.8192828224,gas,gas_boiler_unspecified,gas_DHW_or_combiboiler,standard_hydronic_radiators,,,,false,false,SCP_BE_SILC_2022,REGIONAL_CURRENT_HEATING_UNIFORM_V2+CURRENT_SYSTEM_MAPPING_V2
central,2050,Brussels-Capital Region,BE_TABULA_23,Terraced house,post-2005,TABULA_existing,2153.27823584,566042,current_oil,0.075,161.495867688,oil,oil_boiler_unspecified,oil_DHW_or_separate_tank,standard_hydronic_radiators,,,,false,false,SCP_BE_SILC_2022,REGIONAL_CURRENT_HEATING_UNIFORM_V2+CURRENT_SYSTEM_MAPPING_V2
central,2050,Brussels-Capital Region,BE_TABULA_23,Terraced house,post-2005,TABULA_existing,2153.27823584,566042,current_other,0.005,10.7663911792,other,biomass_propane_district_or_other_lumped,other_or_unknown_DHW,unknown_or_hydronic_emitters,,,,false,false,SCP_BE_SILC_2022,REGIONAL_CURRENT_HEATING_UNIFORM_V2+CURRENT_SYSTEM_MAPPING_V2
central,2050,Brussels-Capital Region,BE_TABULA_23,Terraced house,post-2005,TABULA_standard_B_proxy,130.361129865,566042,current_electricity,0.06,7.8216677919,electricity,electric_resistance_or_existing_heat_pump_unspecified,electric_DHW_unspecified,direct_electric_or_hydronic_unspecified,,,,false,false,SCP_BE_SILC_2022,REGIONAL_CURRENT_HEATING_UNIFORM_V2+CURRENT_SYSTEM_MAPPING_V2
central,2050,Brussels-Capital Region,BE_TABULA_23,Terraced house,post-2005,TABULA_standard_B_proxy,130.361129865,566042,current_gas,0.86,112.1105716839,gas,gas_boiler_unspecified,gas_DHW_or_combiboiler,standard_hydronic_radiators,,,,false,false,SCP_BE_SILC_2022,REGIONAL_CURRENT_HEATING_UNIFORM_V2+CURRENT_SYSTEM_MAPPING_V2
central,2050,Brussels-Capital Region,BE_TABULA_23,Terraced house,post-2005,TABULA_standard_B_proxy,130.361129865,566042,current_oil,0.075,9.777084739875,oil,oil_boiler_unspecified,oil_DHW_or_separate_tank,standard_hydronic_radiators,,,,false,false,SCP_BE_SILC_2022,REGIONAL_CURRENT_HEATING_UNIFORM_V2+CURRENT_SYSTEM_MAPPING_V2
central,2050,Brussels-Capital Region,BE_TABULA_23,Terraced house,post-2005,TABULA_standard_B_proxy,130.361129865,566042,current_other,0.005,0.651805649325,other,biomass_propane_district_or_other_lumped,other_or_unknown_DHW,unknown_or_hydronic_emitters,,,,false,false,SCP_BE_SILC_2022,REGIONAL_CURRENT_HEATING_UNIFORM_V2+CURRENT_SYSTEM_MAPPING_V2
central,2050,Brussels-Capital Region,BE_TABULA_23,Terraced house,post-2005,TABULA_advanced_A_proxy,35.9536924006,566042,advanced_air_water_heat_pump,1,35.9536924006,electricity_plus_ambient_heat,air_water_heat_pump,heat_pump_DHW_tank_or_integrated_HP_DHW,low_temperature_radiators,45,balanced_mechanical_HRV,0.80,true,true,EC_EPBD_45C_GUIDANCE,ADVANCED_TECHNOLOGY_PACKAGE_V2
central,2050,Brussels-Capital Region,BE_TABULA_24,"Apartment, enclosed",post-2005,TABULA_existing,14100.6447212,566042,current_electricity,0.06,846.038683272,electricity,electric_resistance_or_existing_heat_pump_unspecified,electric_DHW_unspecified,direct_electric_or_hydronic_unspecified,,,,false,false,SCP_BE_SILC_2022,REGIONAL_CURRENT_HEATING_UNIFORM_V2+CURRENT_SYSTEM_MAPPING_V2
central,2050,Brussels-Capital Region,BE_TABULA_24,"Apartment, enclosed",post-2005,TABULA_existing,14100.6447212,566042,current_gas,0.86,12126.554460232,gas,gas_boiler_unspecified,gas_DHW_or_combiboiler,standard_hydronic_radiators,,,,false,false,SCP_BE_SILC_2022,REGIONAL_CURRENT_HEATING_UNIFORM_V2+CURRENT_SYSTEM_MAPPING_V2
central,2050,Brussels-Capital Region,BE_TABULA_24,"Apartment, enclosed",post-2005,TABULA_existing,14100.6447212,566042,current_oil,0.075,1057.54835409,oil,oil_boiler_unspecified,oil_DHW_or_separate_tank,standard_hydronic_radiators,,,,false,false,SCP_BE_SILC_2022,REGIONAL_CURRENT_HEATING_UNIFORM_V2+CURRENT_SYSTEM_MAPPING_V2
central,2050,Brussels-Capital Region,BE_TABULA_24,"Apartment, enclosed",post-2005,TABULA_existing,14100.6447212,566042,current_other,0.005,70.503223606,other,biomass_propane_district_or_other_lumped,other_or_unknown_DHW,unknown_or_hydronic_emitters,,,,false,false,SCP_BE_SILC_2022,REGIONAL_CURRENT_HEATING_UNIFORM_V2+CURRENT_SYSTEM_MAPPING_V2
central,2050,Brussels-Capital Region,BE_TABULA_24,"Apartment, enclosed",post-2005,TABULA_standard_B_proxy,853.663937665,566042,current_electricity,0.06,51.2198362599,electricity,electric_resistance_or_existing_heat_pump_unspecified,electric_DHW_unspecified,direct_electric_or_hydronic_unspecified,,,,false,false,SCP_BE_SILC_2022,REGIONAL_CURRENT_HEATING_UNIFORM_V2+CURRENT_SYSTEM_MAPPING_V2
central,2050,Brussels-Capital Region,BE_TABULA_24,"Apartment, enclosed",post-2005,TABULA_standard_B_proxy,853.663937665,566042,current_gas,0.86,734.1509863919,gas,gas_boiler_unspecified,gas_DHW_or_combiboiler,standard_hydronic_radiators,,,,false,false,SCP_BE_SILC_2022,REGIONAL_CURRENT_HEATING_UNIFORM_V2+CURRENT_SYSTEM_MAPPING_V2
central,2050,Brussels-Capital Region,BE_TABULA_24,"Apartment, enclosed",post-2005,TABULA_standard_B_proxy,853.663937665,566042,current_oil,0.075,64.024795324875,oil,oil_boiler_unspecified,oil_DHW_or_separate_tank,standard_hydronic_radiators,,,,false,false,SCP_BE_SILC_2022,REGIONAL_CURRENT_HEATING_UNIFORM_V2+CURRENT_SYSTEM_MAPPING_V2
central,2050,Brussels-Capital Region,BE_TABULA_24,"Apartment, enclosed",post-2005,TABULA_standard_B_proxy,853.663937665,566042,current_other,0.005,4.268319688325,other,biomass_propane_district_or_other_lumped,other_or_unknown_DHW,unknown_or_hydronic_emitters,,,,false,false,SCP_BE_SILC_2022,REGIONAL_CURRENT_HEATING_UNIFORM_V2+CURRENT_SYSTEM_MAPPING_V2
central,2050,Brussels-Capital Region,BE_TABULA_24,"Apartment, enclosed",post-2005,TABULA_advanced_A_proxy,235.441121598,566042,advanced_air_water_heat_pump,1,235.441121598,electricity_plus_ambient_heat,air_water_heat_pump,heat_pump_DHW_tank_or_integrated_HP_DHW,low_temperature_radiators,45,balanced_mechanical_HRV,0.80,true,true,EC_EPBD_45C_GUIDANCE,ADVANCED_TECHNOLOGY_PACKAGE_V2
central,2050,Brussels-Capital Region,BE_TABULA_25,"Apartment, exposed",post-2005,TABULA_existing,14100.6447212,566042,current_electricity,0.06,846.038683272,electricity,electric_resistance_or_existing_heat_pump_unspecified,electric_DHW_unspecified,direct_electric_or_hydronic_unspecified,,,,false,false,SCP_BE_SILC_2022,REGIONAL_CURRENT_HEATING_UNIFORM_V2+CURRENT_SYSTEM_MAPPING_V2
central,2050,Brussels-Capital Region,BE_TABULA_25,"Apartment, exposed",post-2005,TABULA_existing,14100.6447212,566042,current_gas,0.86,12126.554460232,gas,gas_boiler_unspecified,gas_DHW_or_combiboiler,standard_hydronic_radiators,,,,false,false,SCP_BE_SILC_2022,REGIONAL_CURRENT_HEATING_UNIFORM_V2+CURRENT_SYSTEM_MAPPING_V2
central,2050,Brussels-Capital Region,BE_TABULA_25,"Apartment, exposed",post-2005,TABULA_existing,14100.6447212,566042,current_oil,0.075,1057.54835409,oil,oil_boiler_unspecified,oil_DHW_or_separate_tank,standard_hydronic_radiators,,,,false,false,SCP_BE_SILC_2022,REGIONAL_CURRENT_HEATING_UNIFORM_V2+CURRENT_SYSTEM_MAPPING_V2
central,2050,Brussels-Capital Region,BE_TABULA_25,"Apartment, exposed",post-2005,TABULA_existing,14100.6447212,566042,current_other,0.005,70.503223606,other,biomass_propane_district_or_other_lumped,other_or_unknown_DHW,unknown_or_hydronic_emitters,,,,false,false,SCP_BE_SILC_2022,REGIONAL_CURRENT_HEATING_UNIFORM_V2+CURRENT_SYSTEM_MAPPING_V2
central,2050,Brussels-Capital Region,BE_TABULA_25,"Apartment, exposed",post-2005,TABULA_standard_B_proxy,853.663937665,566042,current_electricity,0.06,51.2198362599,electricity,electric_resistance_or_existing_heat_pump_unspecified,electric_DHW_unspecified,direct_electric_or_hydronic_unspecified,,,,false,false,SCP_BE_SILC_2022,REGIONAL_CURRENT_HEATING_UNIFORM_V2+CURRENT_SYSTEM_MAPPING_V2
central,2050,Brussels-Capital Region,BE_TABULA_25,"Apartment, exposed",post-2005,TABULA_standard_B_proxy,853.663937665,566042,current_gas,0.86,734.1509863919,gas,gas_boiler_unspecified,gas_DHW_or_combiboiler,standard_hydronic_radiators,,,,false,false,SCP_BE_SILC_2022,REGIONAL_CURRENT_HEATING_UNIFORM_V2+CURRENT_SYSTEM_MAPPING_V2
central,2050,Brussels-Capital Region,BE_TABULA_25,"Apartment, exposed",post-2005,TABULA_standard_B_proxy,853.663937665,566042,current_oil,0.075,64.024795324875,oil,oil_boiler_unspecified,oil_DHW_or_separate_tank,standard_hydronic_radiators,,,,false,false,SCP_BE_SILC_2022,REGIONAL_CURRENT_HEATING_UNIFORM_V2+CURRENT_SYSTEM_MAPPING_V2
central,2050,Brussels-Capital Region,BE_TABULA_25,"Apartment, exposed",post-2005,TABULA_standard_B_proxy,853.663937665,566042,current_other,0.005,4.268319688325,other,biomass_propane_district_or_other_lumped,other_or_unknown_DHW,unknown_or_hydronic_emitters,,,,false,false,SCP_BE_SILC_2022,REGIONAL_CURRENT_HEATING_UNIFORM_V2+CURRENT_SYSTEM_MAPPING_V2
central,2050,Brussels-Capital Region,BE_TABULA_25,"Apartment, exposed",post-2005,TABULA_advanced_A_proxy,235.441121598,566042,advanced_air_water_heat_pump,1,235.441121598,electricity_plus_ambient_heat,air_water_heat_pump,heat_pump_DHW_tank_or_integrated_HP_DHW,low_temperature_radiators,45,balanced_mechanical_HRV,0.80,true,true,EC_EPBD_45C_GUIDANCE,ADVANCED_TECHNOLOGY_PACKAGE_V2
