scenario,target_year,region,archetype_id,dwelling_type,construction_period,renovation_state,state_dwellings,regional_modelled_stock_dwellings,cooling_case,cooling_variant_id,active_cooling,cooling_system,heating_system_reversible_cooling_capable,variant_share,variant_dwellings,source_id,assumption_id
central,2050,Flemish Region,BE_TABULA_01,Detached house,pre-1946,TABULA_existing,0,3244134,no_active_cooling,inactive_cooling,false,none_active,false,1,0,STATBEL_HBS_2024,COOLING_CASES_V1
central,2050,Flemish Region,BE_TABULA_01,Detached house,pre-1946,TABULA_existing,0,3244134,no_active_cooling,active_cooling,true,integrated_reversible_or_split_system_unspecified,false,0,0,STATBEL_HBS_2024,COOLING_CASES_V1
central,2050,Flemish Region,BE_TABULA_01,Detached house,pre-1946,TABULA_existing,0,3244134,current_regional,inactive_cooling,false,none_active,false,0.87,0,STATBEL_HBS_2024,COOLING_CASES_V1
central,2050,Flemish Region,BE_TABULA_01,Detached house,pre-1946,TABULA_existing,0,3244134,current_regional,active_cooling,true,integrated_reversible_or_split_system_unspecified,false,0.13,0,STATBEL_HBS_2024,COOLING_CASES_V1
central,2050,Flemish Region,BE_TABULA_01,Detached house,pre-1946,TABULA_existing,0,3244134,higher_uptake,inactive_cooling,false,none_active,false,0.74,0,STATBEL_HBS_2024,COOLING_CASES_V1
central,2050,Flemish Region,BE_TABULA_01,Detached house,pre-1946,TABULA_existing,0,3244134,higher_uptake,active_cooling,true,integrated_reversible_or_split_system_unspecified,false,0.26,0,STATBEL_HBS_2024,COOLING_CASES_V1
central,2050,Flemish Region,BE_TABULA_01,Detached house,pre-1946,TABULA_standard_B_proxy,88869.6418435,3244134,no_active_cooling,inactive_cooling,false,none_active,false,1,88869.6418435,STATBEL_HBS_2024,COOLING_CASES_V1
central,2050,Flemish Region,BE_TABULA_01,Detached house,pre-1946,TABULA_standard_B_proxy,88869.6418435,3244134,no_active_cooling,active_cooling,true,integrated_reversible_or_split_system_unspecified,false,0,0,STATBEL_HBS_2024,COOLING_CASES_V1
central,2050,Flemish Region,BE_TABULA_01,Detached house,pre-1946,TABULA_standard_B_proxy,88869.6418435,3244134,current_regional,inactive_cooling,false,none_active,false,0.87,77316.58840384499,STATBEL_HBS_2024,COOLING_CASES_V1
central,2050,Flemish Region,BE_TABULA_01,Detached house,pre-1946,TABULA_standard_B_proxy,88869.6418435,3244134,current_regional,active_cooling,true,integrated_reversible_or_split_system_unspecified,false,0.13,11553.053439655,STATBEL_HBS_2024,COOLING_CASES_V1
central,2050,Flemish Region,BE_TABULA_01,Detached house,pre-1946,TABULA_standard_B_proxy,88869.6418435,3244134,higher_uptake,inactive_cooling,false,none_active,false,0.74,65763.53496419,STATBEL_HBS_2024,COOLING_CASES_V1
central,2050,Flemish Region,BE_TABULA_01,Detached house,pre-1946,TABULA_standard_B_proxy,88869.6418435,3244134,higher_uptake,active_cooling,true,integrated_reversible_or_split_system_unspecified,false,0.26,23106.10687931,STATBEL_HBS_2024,COOLING_CASES_V1
central,2050,Flemish Region,BE_TABULA_01,Detached house,pre-1946,TABULA_advanced_A_proxy,18771.2560065,3244134,no_active_cooling,inactive_cooling,false,none_active,true,1,18771.2560065,STATBEL_HBS_2024,COOLING_CASES_V1
central,2050,Flemish Region,BE_TABULA_01,Detached house,pre-1946,TABULA_advanced_A_proxy,18771.2560065,3244134,no_active_cooling,active_cooling,true,integrated_reversible_or_split_system_unspecified,true,0,0,STATBEL_HBS_2024,COOLING_CASES_V1
central,2050,Flemish Region,BE_TABULA_01,Detached house,pre-1946,TABULA_advanced_A_proxy,18771.2560065,3244134,current_regional,inactive_cooling,false,none_active,true,0.87,16330.992725655,STATBEL_HBS_2024,COOLING_CASES_V1
central,2050,Flemish Region,BE_TABULA_01,Detached house,pre-1946,TABULA_advanced_A_proxy,18771.2560065,3244134,current_regional,active_cooling,true,integrated_reversible_or_split_system_unspecified,true,0.13,2440.263280845,STATBEL_HBS_2024,COOLING_CASES_V1
central,2050,Flemish Region,BE_TABULA_01,Detached house,pre-1946,TABULA_advanced_A_proxy,18771.2560065,3244134,higher_uptake,inactive_cooling,false,none_active,true,0.74,13890.72944481,STATBEL_HBS_2024,COOLING_CASES_V1
central,2050,Flemish Region,BE_TABULA_01,Detached house,pre-1946,TABULA_advanced_A_proxy,18771.2560065,3244134,higher_uptake,active_cooling,true,integrated_reversible_or_split_system_unspecified,true,0.26,4880.526561690001,STATBEL_HBS_2024,COOLING_CASES_V1
central,2050,Flemish Region,BE_TABULA_02,Semi-detached house,pre-1946,TABULA_existing,0,3244134,no_active_cooling,inactive_cooling,false,none_active,false,1,0,STATBEL_HBS_2024,COOLING_CASES_V1
central,2050,Flemish Region,BE_TABULA_02,Semi-detached house,pre-1946,TABULA_existing,0,3244134,no_active_cooling,active_cooling,true,integrated_reversible_or_split_system_unspecified,false,0,0,STATBEL_HBS_2024,COOLING_CASES_V1
central,2050,Flemish Region,BE_TABULA_02,Semi-detached house,pre-1946,TABULA_existing,0,3244134,current_regional,inactive_cooling,false,none_active,false,0.87,0,STATBEL_HBS_2024,COOLING_CASES_V1
central,2050,Flemish Region,BE_TABULA_02,Semi-detached house,pre-1946,TABULA_existing,0,3244134,current_regional,active_cooling,true,integrated_reversible_or_split_system_unspecified,false,0.13,0,STATBEL_HBS_2024,COOLING_CASES_V1
central,2050,Flemish Region,BE_TABULA_02,Semi-detached house,pre-1946,TABULA_existing,0,3244134,higher_uptake,inactive_cooling,false,none_active,false,0.74,0,STATBEL_HBS_2024,COOLING_CASES_V1
central,2050,Flemish Region,BE_TABULA_02,Semi-detached house,pre-1946,TABULA_existing,0,3244134,higher_uptake,active_cooling,true,integrated_reversible_or_split_system_unspecified,false,0.26,0,STATBEL_HBS_2024,COOLING_CASES_V1
central,2050,Flemish Region,BE_TABULA_02,Semi-detached house,pre-1946,TABULA_standard_B_proxy,115048.63274239999,3244134,no_active_cooling,inactive_cooling,false,none_active,false,1,115048.63274239999,STATBEL_HBS_2024,COOLING_CASES_V1
central,2050,Flemish Region,BE_TABULA_02,Semi-detached house,pre-1946,TABULA_standard_B_proxy,115048.63274239999,3244134,no_active_cooling,active_cooling,true,integrated_reversible_or_split_system_unspecified,false,0,0,STATBEL_HBS_2024,COOLING_CASES_V1
central,2050,Flemish Region,BE_TABULA_02,Semi-detached house,pre-1946,TABULA_standard_B_proxy,115048.63274239999,3244134,current_regional,inactive_cooling,false,none_active,false,0.87,100092.310485888,STATBEL_HBS_2024,COOLING_CASES_V1
central,2050,Flemish Region,BE_TABULA_02,Semi-detached house,pre-1946,TABULA_standard_B_proxy,115048.63274239999,3244134,current_regional,active_cooling,true,integrated_reversible_or_split_system_unspecified,false,0.13,14956.322256512,STATBEL_HBS_2024,COOLING_CASES_V1
central,2050,Flemish Region,BE_TABULA_02,Semi-detached house,pre-1946,TABULA_standard_B_proxy,115048.63274239999,3244134,higher_uptake,inactive_cooling,false,none_active,false,0.74,85135.98822937599,STATBEL_HBS_2024,COOLING_CASES_V1
central,2050,Flemish Region,BE_TABULA_02,Semi-detached house,pre-1946,TABULA_standard_B_proxy,115048.63274239999,3244134,higher_uptake,active_cooling,true,integrated_reversible_or_split_system_unspecified,false,0.26,29912.644513024,STATBEL_HBS_2024,COOLING_CASES_V1
central,2050,Flemish Region,BE_TABULA_02,Semi-detached house,pre-1946,TABULA_advanced_A_proxy,21360.3869745,3244134,no_active_cooling,inactive_cooling,false,none_active,true,1,21360.3869745,STATBEL_HBS_2024,COOLING_CASES_V1
central,2050,Flemish Region,BE_TABULA_02,Semi-detached house,pre-1946,TABULA_advanced_A_proxy,21360.3869745,3244134,no_active_cooling,active_cooling,true,integrated_reversible_or_split_system_unspecified,true,0,0,STATBEL_HBS_2024,COOLING_CASES_V1
central,2050,Flemish Region,BE_TABULA_02,Semi-detached house,pre-1946,TABULA_advanced_A_proxy,21360.3869745,3244134,current_regional,inactive_cooling,false,none_active,true,0.87,18583.536667815002,STATBEL_HBS_2024,COOLING_CASES_V1
central,2050,Flemish Region,BE_TABULA_02,Semi-detached house,pre-1946,TABULA_advanced_A_proxy,21360.3869745,3244134,current_regional,active_cooling,true,integrated_reversible_or_split_system_unspecified,true,0.13,2776.850306685,STATBEL_HBS_2024,COOLING_CASES_V1
central,2050,Flemish Region,BE_TABULA_02,Semi-detached house,pre-1946,TABULA_advanced_A_proxy,21360.3869745,3244134,higher_uptake,inactive_cooling,false,none_active,true,0.74,15806.686361130001,STATBEL_HBS_2024,COOLING_CASES_V1
central,2050,Flemish Region,BE_TABULA_02,Semi-detached house,pre-1946,TABULA_advanced_A_proxy,21360.3869745,3244134,higher_uptake,active_cooling,true,integrated_reversible_or_split_system_unspecified,true,0.26,5553.700613370001,STATBEL_HBS_2024,COOLING_CASES_V1
central,2050,Flemish Region,BE_TABULA_03,Terraced house,pre-1946,TABULA_existing,0,3244134,no_active_cooling,inactive_cooling,false,none_active,false,1,0,STATBEL_HBS_2024,COOLING_CASES_V1
central,2050,Flemish Region,BE_TABULA_03,Terraced house,pre-1946,TABULA_existing,0,3244134,no_active_cooling,active_cooling,true,integrated_reversible_or_split_system_unspecified,false,0,0,STATBEL_HBS_2024,COOLING_CASES_V1
central,2050,Flemish Region,BE_TABULA_03,Terraced house,pre-1946,TABULA_existing,0,3244134,current_regional,inactive_cooling,false,none_active,false,0.87,0,STATBEL_HBS_2024,COOLING_CASES_V1
central,2050,Flemish Region,BE_TABULA_03,Terraced house,pre-1946,TABULA_existing,0,3244134,current_regional,active_cooling,true,integrated_reversible_or_split_system_unspecified,false,0.13,0,STATBEL_HBS_2024,COOLING_CASES_V1
central,2050,Flemish Region,BE_TABULA_03,Terraced house,pre-1946,TABULA_existing,0,3244134,higher_uptake,inactive_cooling,false,none_active,false,0.74,0,STATBEL_HBS_2024,COOLING_CASES_V1
central,2050,Flemish Region,BE_TABULA_03,Terraced house,pre-1946,TABULA_existing,0,3244134,higher_uptake,active_cooling,true,integrated_reversible_or_split_system_unspecified,false,0.26,0,STATBEL_HBS_2024,COOLING_CASES_V1
central,2050,Flemish Region,BE_TABULA_03,Terraced house,pre-1946,TABULA_standard_B_proxy,292801.089711,3244134,no_active_cooling,inactive_cooling,false,none_active,false,1,292801.089711,STATBEL_HBS_2024,COOLING_CASES_V1
central,2050,Flemish Region,BE_TABULA_03,Terraced house,pre-1946,TABULA_standard_B_proxy,292801.089711,3244134,no_active_cooling,active_cooling,true,integrated_reversible_or_split_system_unspecified,false,0,0,STATBEL_HBS_2024,COOLING_CASES_V1
central,2050,Flemish Region,BE_TABULA_03,Terraced house,pre-1946,TABULA_standard_B_proxy,292801.089711,3244134,current_regional,inactive_cooling,false,none_active,false,0.87,254736.94804857,STATBEL_HBS_2024,COOLING_CASES_V1
central,2050,Flemish Region,BE_TABULA_03,Terraced house,pre-1946,TABULA_standard_B_proxy,292801.089711,3244134,current_regional,active_cooling,true,integrated_reversible_or_split_system_unspecified,false,0.13,38064.141662429996,STATBEL_HBS_2024,COOLING_CASES_V1
central,2050,Flemish Region,BE_TABULA_03,Terraced house,pre-1946,TABULA_standard_B_proxy,292801.089711,3244134,higher_uptake,inactive_cooling,false,none_active,false,0.74,216672.80638613997,STATBEL_HBS_2024,COOLING_CASES_V1
central,2050,Flemish Region,BE_TABULA_03,Terraced house,pre-1946,TABULA_standard_B_proxy,292801.089711,3244134,higher_uptake,active_cooling,true,integrated_reversible_or_split_system_unspecified,false,0.26,76128.28332485999,STATBEL_HBS_2024,COOLING_CASES_V1
central,2050,Flemish Region,BE_TABULA_03,Terraced house,pre-1946,TABULA_advanced_A_proxy,77383.52906729997,3244134,no_active_cooling,inactive_cooling,false,none_active,true,1,77383.52906729997,STATBEL_HBS_2024,COOLING_CASES_V1
central,2050,Flemish Region,BE_TABULA_03,Terraced house,pre-1946,TABULA_advanced_A_proxy,77383.52906729997,3244134,no_active_cooling,active_cooling,true,integrated_reversible_or_split_system_unspecified,true,0,0,STATBEL_HBS_2024,COOLING_CASES_V1
central,2050,Flemish Region,BE_TABULA_03,Terraced house,pre-1946,TABULA_advanced_A_proxy,77383.52906729997,3244134,current_regional,inactive_cooling,false,none_active,true,0.87,67323.67028855097,STATBEL_HBS_2024,COOLING_CASES_V1
central,2050,Flemish Region,BE_TABULA_03,Terraced house,pre-1946,TABULA_advanced_A_proxy,77383.52906729997,3244134,current_regional,active_cooling,true,integrated_reversible_or_split_system_unspecified,true,0.13,10059.858778748996,STATBEL_HBS_2024,COOLING_CASES_V1
central,2050,Flemish Region,BE_TABULA_03,Terraced house,pre-1946,TABULA_advanced_A_proxy,77383.52906729997,3244134,higher_uptake,inactive_cooling,false,none_active,true,0.74,57263.81150980198,STATBEL_HBS_2024,COOLING_CASES_V1
central,2050,Flemish Region,BE_TABULA_03,Terraced house,pre-1946,TABULA_advanced_A_proxy,77383.52906729997,3244134,higher_uptake,active_cooling,true,integrated_reversible_or_split_system_unspecified,true,0.26,20119.717557497992,STATBEL_HBS_2024,COOLING_CASES_V1
central,2050,Flemish Region,BE_TABULA_04,"Apartment, enclosed",pre-1946,TABULA_existing,53835.1448708,3244134,no_active_cooling,inactive_cooling,false,none_active,false,1,53835.1448708,STATBEL_HBS_2024,COOLING_CASES_V1
central,2050,Flemish Region,BE_TABULA_04,"Apartment, enclosed",pre-1946,TABULA_existing,53835.1448708,3244134,no_active_cooling,active_cooling,true,integrated_reversible_or_split_system_unspecified,false,0,0,STATBEL_HBS_2024,COOLING_CASES_V1
central,2050,Flemish Region,BE_TABULA_04,"Apartment, enclosed",pre-1946,TABULA_existing,53835.1448708,3244134,current_regional,inactive_cooling,false,none_active,false,0.87,46836.576037596,STATBEL_HBS_2024,COOLING_CASES_V1
central,2050,Flemish Region,BE_TABULA_04,"Apartment, enclosed",pre-1946,TABULA_existing,53835.1448708,3244134,current_regional,active_cooling,true,integrated_reversible_or_split_system_unspecified,false,0.13,6998.568833204001,STATBEL_HBS_2024,COOLING_CASES_V1
central,2050,Flemish Region,BE_TABULA_04,"Apartment, enclosed",pre-1946,TABULA_existing,53835.1448708,3244134,higher_uptake,inactive_cooling,false,none_active,false,0.74,39838.007204392,STATBEL_HBS_2024,COOLING_CASES_V1
central,2050,Flemish Region,BE_TABULA_04,"Apartment, enclosed",pre-1946,TABULA_existing,53835.1448708,3244134,higher_uptake,active_cooling,true,integrated_reversible_or_split_system_unspecified,false,0.26,13997.137666408002,STATBEL_HBS_2024,COOLING_CASES_V1
central,2050,Flemish Region,BE_TABULA_04,"Apartment, enclosed",pre-1946,TABULA_standard_B_proxy,17164.8287994,3244134,no_active_cooling,inactive_cooling,false,none_active,false,1,17164.8287994,STATBEL_HBS_2024,COOLING_CASES_V1
central,2050,Flemish Region,BE_TABULA_04,"Apartment, enclosed",pre-1946,TABULA_standard_B_proxy,17164.8287994,3244134,no_active_cooling,active_cooling,true,integrated_reversible_or_split_system_unspecified,false,0,0,STATBEL_HBS_2024,COOLING_CASES_V1
central,2050,Flemish Region,BE_TABULA_04,"Apartment, enclosed",pre-1946,TABULA_standard_B_proxy,17164.8287994,3244134,current_regional,inactive_cooling,false,none_active,false,0.87,14933.401055477998,STATBEL_HBS_2024,COOLING_CASES_V1
central,2050,Flemish Region,BE_TABULA_04,"Apartment, enclosed",pre-1946,TABULA_standard_B_proxy,17164.8287994,3244134,current_regional,active_cooling,true,integrated_reversible_or_split_system_unspecified,false,0.13,2231.427743922,STATBEL_HBS_2024,COOLING_CASES_V1
central,2050,Flemish Region,BE_TABULA_04,"Apartment, enclosed",pre-1946,TABULA_standard_B_proxy,17164.8287994,3244134,higher_uptake,inactive_cooling,false,none_active,false,0.74,12701.973311556,STATBEL_HBS_2024,COOLING_CASES_V1
central,2050,Flemish Region,BE_TABULA_04,"Apartment, enclosed",pre-1946,TABULA_standard_B_proxy,17164.8287994,3244134,higher_uptake,active_cooling,true,integrated_reversible_or_split_system_unspecified,false,0.26,4462.855487844,STATBEL_HBS_2024,COOLING_CASES_V1
central,2050,Flemish Region,BE_TABULA_04,"Apartment, enclosed",pre-1946,TABULA_advanced_A_proxy,7021.97541793,3244134,no_active_cooling,inactive_cooling,false,none_active,true,1,7021.97541793,STATBEL_HBS_2024,COOLING_CASES_V1
central,2050,Flemish Region,BE_TABULA_04,"Apartment, enclosed",pre-1946,TABULA_advanced_A_proxy,7021.97541793,3244134,no_active_cooling,active_cooling,true,integrated_reversible_or_split_system_unspecified,true,0,0,STATBEL_HBS_2024,COOLING_CASES_V1
central,2050,Flemish Region,BE_TABULA_04,"Apartment, enclosed",pre-1946,TABULA_advanced_A_proxy,7021.97541793,3244134,current_regional,inactive_cooling,false,none_active,true,0.87,6109.1186135991,STATBEL_HBS_2024,COOLING_CASES_V1
central,2050,Flemish Region,BE_TABULA_04,"Apartment, enclosed",pre-1946,TABULA_advanced_A_proxy,7021.97541793,3244134,current_regional,active_cooling,true,integrated_reversible_or_split_system_unspecified,true,0.13,912.8568043309,STATBEL_HBS_2024,COOLING_CASES_V1
central,2050,Flemish Region,BE_TABULA_04,"Apartment, enclosed",pre-1946,TABULA_advanced_A_proxy,7021.97541793,3244134,higher_uptake,inactive_cooling,false,none_active,true,0.74,5196.2618092682,STATBEL_HBS_2024,COOLING_CASES_V1
central,2050,Flemish Region,BE_TABULA_04,"Apartment, enclosed",pre-1946,TABULA_advanced_A_proxy,7021.97541793,3244134,higher_uptake,active_cooling,true,integrated_reversible_or_split_system_unspecified,true,0.26,1825.7136086618,STATBEL_HBS_2024,COOLING_CASES_V1
central,2050,Flemish Region,BE_TABULA_05,"Apartment, exposed",pre-1946,TABULA_existing,0,3244134,no_active_cooling,inactive_cooling,false,none_active,false,1,0,STATBEL_HBS_2024,COOLING_CASES_V1
central,2050,Flemish Region,BE_TABULA_05,"Apartment, exposed",pre-1946,TABULA_existing,0,3244134,no_active_cooling,active_cooling,true,integrated_reversible_or_split_system_unspecified,false,0,0,STATBEL_HBS_2024,COOLING_CASES_V1
central,2050,Flemish Region,BE_TABULA_05,"Apartment, exposed",pre-1946,TABULA_existing,0,3244134,current_regional,inactive_cooling,false,none_active,false,0.87,0,STATBEL_HBS_2024,COOLING_CASES_V1
central,2050,Flemish Region,BE_TABULA_05,"Apartment, exposed",pre-1946,TABULA_existing,0,3244134,current_regional,active_cooling,true,integrated_reversible_or_split_system_unspecified,false,0.13,0,STATBEL_HBS_2024,COOLING_CASES_V1
central,2050,Flemish Region,BE_TABULA_05,"Apartment, exposed",pre-1946,TABULA_existing,0,3244134,higher_uptake,inactive_cooling,false,none_active,false,0.74,0,STATBEL_HBS_2024,COOLING_CASES_V1
central,2050,Flemish Region,BE_TABULA_05,"Apartment, exposed",pre-1946,TABULA_existing,0,3244134,higher_uptake,active_cooling,true,integrated_reversible_or_split_system_unspecified,false,0.26,0,STATBEL_HBS_2024,COOLING_CASES_V1
central,2050,Flemish Region,BE_TABULA_05,"Apartment, exposed",pre-1946,TABULA_standard_B_proxy,61916.3984702,3244134,no_active_cooling,inactive_cooling,false,none_active,false,1,61916.3984702,STATBEL_HBS_2024,COOLING_CASES_V1
central,2050,Flemish Region,BE_TABULA_05,"Apartment, exposed",pre-1946,TABULA_standard_B_proxy,61916.3984702,3244134,no_active_cooling,active_cooling,true,integrated_reversible_or_split_system_unspecified,false,0,0,STATBEL_HBS_2024,COOLING_CASES_V1
central,2050,Flemish Region,BE_TABULA_05,"Apartment, exposed",pre-1946,TABULA_standard_B_proxy,61916.3984702,3244134,current_regional,inactive_cooling,false,none_active,false,0.87,53867.266669074,STATBEL_HBS_2024,COOLING_CASES_V1
central,2050,Flemish Region,BE_TABULA_05,"Apartment, exposed",pre-1946,TABULA_standard_B_proxy,61916.3984702,3244134,current_regional,active_cooling,true,integrated_reversible_or_split_system_unspecified,false,0.13,8049.131801126001,STATBEL_HBS_2024,COOLING_CASES_V1
central,2050,Flemish Region,BE_TABULA_05,"Apartment, exposed",pre-1946,TABULA_standard_B_proxy,61916.3984702,3244134,higher_uptake,inactive_cooling,false,none_active,false,0.74,45818.134867948,STATBEL_HBS_2024,COOLING_CASES_V1
central,2050,Flemish Region,BE_TABULA_05,"Apartment, exposed",pre-1946,TABULA_standard_B_proxy,61916.3984702,3244134,higher_uptake,active_cooling,true,integrated_reversible_or_split_system_unspecified,false,0.26,16098.263602252002,STATBEL_HBS_2024,COOLING_CASES_V1
central,2050,Flemish Region,BE_TABULA_05,"Apartment, exposed",pre-1946,TABULA_advanced_A_proxy,16105.550617930001,3244134,no_active_cooling,inactive_cooling,false,none_active,true,1,16105.550617930001,STATBEL_HBS_2024,COOLING_CASES_V1
central,2050,Flemish Region,BE_TABULA_05,"Apartment, exposed",pre-1946,TABULA_advanced_A_proxy,16105.550617930001,3244134,no_active_cooling,active_cooling,true,integrated_reversible_or_split_system_unspecified,true,0,0,STATBEL_HBS_2024,COOLING_CASES_V1
central,2050,Flemish Region,BE_TABULA_05,"Apartment, exposed",pre-1946,TABULA_advanced_A_proxy,16105.550617930001,3244134,current_regional,inactive_cooling,false,none_active,true,0.87,14011.8290375991,STATBEL_HBS_2024,COOLING_CASES_V1
central,2050,Flemish Region,BE_TABULA_05,"Apartment, exposed",pre-1946,TABULA_advanced_A_proxy,16105.550617930001,3244134,current_regional,active_cooling,true,integrated_reversible_or_split_system_unspecified,true,0.13,2093.7215803309,STATBEL_HBS_2024,COOLING_CASES_V1
central,2050,Flemish Region,BE_TABULA_05,"Apartment, exposed",pre-1946,TABULA_advanced_A_proxy,16105.550617930001,3244134,higher_uptake,inactive_cooling,false,none_active,true,0.74,11918.107457268201,STATBEL_HBS_2024,COOLING_CASES_V1
central,2050,Flemish Region,BE_TABULA_05,"Apartment, exposed",pre-1946,TABULA_advanced_A_proxy,16105.550617930001,3244134,higher_uptake,active_cooling,true,integrated_reversible_or_split_system_unspecified,true,0.26,4187.4431606618,STATBEL_HBS_2024,COOLING_CASES_V1
central,2050,Flemish Region,BE_TABULA_06,Detached house,1946-1970,TABULA_existing,0,3244134,no_active_cooling,inactive_cooling,false,none_active,false,1,0,STATBEL_HBS_2024,COOLING_CASES_V1
central,2050,Flemish Region,BE_TABULA_06,Detached house,1946-1970,TABULA_existing,0,3244134,no_active_cooling,active_cooling,true,integrated_reversible_or_split_system_unspecified,false,0,0,STATBEL_HBS_2024,COOLING_CASES_V1
central,2050,Flemish Region,BE_TABULA_06,Detached house,1946-1970,TABULA_existing,0,3244134,current_regional,inactive_cooling,false,none_active,false,0.87,0,STATBEL_HBS_2024,COOLING_CASES_V1
central,2050,Flemish Region,BE_TABULA_06,Detached house,1946-1970,TABULA_existing,0,3244134,current_regional,active_cooling,true,integrated_reversible_or_split_system_unspecified,false,0.13,0,STATBEL_HBS_2024,COOLING_CASES_V1
central,2050,Flemish Region,BE_TABULA_06,Detached house,1946-1970,TABULA_existing,0,3244134,higher_uptake,inactive_cooling,false,none_active,false,0.74,0,STATBEL_HBS_2024,COOLING_CASES_V1
central,2050,Flemish Region,BE_TABULA_06,Detached house,1946-1970,TABULA_existing,0,3244134,higher_uptake,active_cooling,true,integrated_reversible_or_split_system_unspecified,false,0.26,0,STATBEL_HBS_2024,COOLING_CASES_V1
central,2050,Flemish Region,BE_TABULA_06,Detached house,1946-1970,TABULA_standard_B_proxy,158573.6233579,3244134,no_active_cooling,inactive_cooling,false,none_active,false,1,158573.6233579,STATBEL_HBS_2024,COOLING_CASES_V1
central,2050,Flemish Region,BE_TABULA_06,Detached house,1946-1970,TABULA_standard_B_proxy,158573.6233579,3244134,no_active_cooling,active_cooling,true,integrated_reversible_or_split_system_unspecified,false,0,0,STATBEL_HBS_2024,COOLING_CASES_V1
central,2050,Flemish Region,BE_TABULA_06,Detached house,1946-1970,TABULA_standard_B_proxy,158573.6233579,3244134,current_regional,inactive_cooling,false,none_active,false,0.87,137959.05232137302,STATBEL_HBS_2024,COOLING_CASES_V1
central,2050,Flemish Region,BE_TABULA_06,Detached house,1946-1970,TABULA_standard_B_proxy,158573.6233579,3244134,current_regional,active_cooling,true,integrated_reversible_or_split_system_unspecified,false,0.13,20614.571036527002,STATBEL_HBS_2024,COOLING_CASES_V1
central,2050,Flemish Region,BE_TABULA_06,Detached house,1946-1970,TABULA_standard_B_proxy,158573.6233579,3244134,higher_uptake,inactive_cooling,false,none_active,false,0.74,117344.48128484601,STATBEL_HBS_2024,COOLING_CASES_V1
central,2050,Flemish Region,BE_TABULA_06,Detached house,1946-1970,TABULA_standard_B_proxy,158573.6233579,3244134,higher_uptake,active_cooling,true,integrated_reversible_or_split_system_unspecified,false,0.26,41229.142073054005,STATBEL_HBS_2024,COOLING_CASES_V1
central,2050,Flemish Region,BE_TABULA_06,Detached house,1946-1970,TABULA_advanced_A_proxy,45628.9579145,3244134,no_active_cooling,inactive_cooling,false,none_active,true,1,45628.9579145,STATBEL_HBS_2024,COOLING_CASES_V1
central,2050,Flemish Region,BE_TABULA_06,Detached house,1946-1970,TABULA_advanced_A_proxy,45628.9579145,3244134,no_active_cooling,active_cooling,true,integrated_reversible_or_split_system_unspecified,true,0,0,STATBEL_HBS_2024,COOLING_CASES_V1
central,2050,Flemish Region,BE_TABULA_06,Detached house,1946-1970,TABULA_advanced_A_proxy,45628.9579145,3244134,current_regional,inactive_cooling,false,none_active,true,0.87,39697.193385615,STATBEL_HBS_2024,COOLING_CASES_V1
central,2050,Flemish Region,BE_TABULA_06,Detached house,1946-1970,TABULA_advanced_A_proxy,45628.9579145,3244134,current_regional,active_cooling,true,integrated_reversible_or_split_system_unspecified,true,0.13,5931.764528885001,STATBEL_HBS_2024,COOLING_CASES_V1
central,2050,Flemish Region,BE_TABULA_06,Detached house,1946-1970,TABULA_advanced_A_proxy,45628.9579145,3244134,higher_uptake,inactive_cooling,false,none_active,true,0.74,33765.42885673,STATBEL_HBS_2024,COOLING_CASES_V1
central,2050,Flemish Region,BE_TABULA_06,Detached house,1946-1970,TABULA_advanced_A_proxy,45628.9579145,3244134,higher_uptake,active_cooling,true,integrated_reversible_or_split_system_unspecified,true,0.26,11863.529057770002,STATBEL_HBS_2024,COOLING_CASES_V1
central,2050,Flemish Region,BE_TABULA_07,Semi-detached house,1946-1970,TABULA_existing,0,3244134,no_active_cooling,inactive_cooling,false,none_active,false,1,0,STATBEL_HBS_2024,COOLING_CASES_V1
central,2050,Flemish Region,BE_TABULA_07,Semi-detached house,1946-1970,TABULA_existing,0,3244134,no_active_cooling,active_cooling,true,integrated_reversible_or_split_system_unspecified,false,0,0,STATBEL_HBS_2024,COOLING_CASES_V1
central,2050,Flemish Region,BE_TABULA_07,Semi-detached house,1946-1970,TABULA_existing,0,3244134,current_regional,inactive_cooling,false,none_active,false,0.87,0,STATBEL_HBS_2024,COOLING_CASES_V1
central,2050,Flemish Region,BE_TABULA_07,Semi-detached house,1946-1970,TABULA_existing,0,3244134,current_regional,active_cooling,true,integrated_reversible_or_split_system_unspecified,false,0.13,0,STATBEL_HBS_2024,COOLING_CASES_V1
central,2050,Flemish Region,BE_TABULA_07,Semi-detached house,1946-1970,TABULA_existing,0,3244134,higher_uptake,inactive_cooling,false,none_active,false,0.74,0,STATBEL_HBS_2024,COOLING_CASES_V1
central,2050,Flemish Region,BE_TABULA_07,Semi-detached house,1946-1970,TABULA_existing,0,3244134,higher_uptake,active_cooling,true,integrated_reversible_or_split_system_unspecified,false,0.26,0,STATBEL_HBS_2024,COOLING_CASES_V1
central,2050,Flemish Region,BE_TABULA_07,Semi-detached house,1946-1970,TABULA_standard_B_proxy,149704.22621790002,3244134,no_active_cooling,inactive_cooling,false,none_active,false,1,149704.22621790002,STATBEL_HBS_2024,COOLING_CASES_V1
central,2050,Flemish Region,BE_TABULA_07,Semi-detached house,1946-1970,TABULA_standard_B_proxy,149704.22621790002,3244134,no_active_cooling,active_cooling,true,integrated_reversible_or_split_system_unspecified,false,0,0,STATBEL_HBS_2024,COOLING_CASES_V1
central,2050,Flemish Region,BE_TABULA_07,Semi-detached house,1946-1970,TABULA_standard_B_proxy,149704.22621790002,3244134,current_regional,inactive_cooling,false,none_active,false,0.87,130242.67680957302,STATBEL_HBS_2024,COOLING_CASES_V1
central,2050,Flemish Region,BE_TABULA_07,Semi-detached house,1946-1970,TABULA_standard_B_proxy,149704.22621790002,3244134,current_regional,active_cooling,true,integrated_reversible_or_split_system_unspecified,false,0.13,19461.549408327002,STATBEL_HBS_2024,COOLING_CASES_V1
central,2050,Flemish Region,BE_TABULA_07,Semi-detached house,1946-1970,TABULA_standard_B_proxy,149704.22621790002,3244134,higher_uptake,inactive_cooling,false,none_active,false,0.74,110781.12740124602,STATBEL_HBS_2024,COOLING_CASES_V1
central,2050,Flemish Region,BE_TABULA_07,Semi-detached house,1946-1970,TABULA_standard_B_proxy,149704.22621790002,3244134,higher_uptake,active_cooling,true,integrated_reversible_or_split_system_unspecified,false,0.26,38923.098816654005,STATBEL_HBS_2024,COOLING_CASES_V1
central,2050,Flemish Region,BE_TABULA_07,Semi-detached house,1946-1970,TABULA_advanced_A_proxy,44751.7647908,3244134,no_active_cooling,inactive_cooling,false,none_active,true,1,44751.7647908,STATBEL_HBS_2024,COOLING_CASES_V1
central,2050,Flemish Region,BE_TABULA_07,Semi-detached house,1946-1970,TABULA_advanced_A_proxy,44751.7647908,3244134,no_active_cooling,active_cooling,true,integrated_reversible_or_split_system_unspecified,true,0,0,STATBEL_HBS_2024,COOLING_CASES_V1
central,2050,Flemish Region,BE_TABULA_07,Semi-detached house,1946-1970,TABULA_advanced_A_proxy,44751.7647908,3244134,current_regional,inactive_cooling,false,none_active,true,0.87,38934.035367996,STATBEL_HBS_2024,COOLING_CASES_V1
central,2050,Flemish Region,BE_TABULA_07,Semi-detached house,1946-1970,TABULA_advanced_A_proxy,44751.7647908,3244134,current_regional,active_cooling,true,integrated_reversible_or_split_system_unspecified,true,0.13,5817.729422804,STATBEL_HBS_2024,COOLING_CASES_V1
central,2050,Flemish Region,BE_TABULA_07,Semi-detached house,1946-1970,TABULA_advanced_A_proxy,44751.7647908,3244134,higher_uptake,inactive_cooling,false,none_active,true,0.74,33116.305945192,STATBEL_HBS_2024,COOLING_CASES_V1
central,2050,Flemish Region,BE_TABULA_07,Semi-detached house,1946-1970,TABULA_advanced_A_proxy,44751.7647908,3244134,higher_uptake,active_cooling,true,integrated_reversible_or_split_system_unspecified,true,0.26,11635.458845608,STATBEL_HBS_2024,COOLING_CASES_V1
central,2050,Flemish Region,BE_TABULA_08,Terraced house,1946-1970,TABULA_existing,0,3244134,no_active_cooling,inactive_cooling,false,none_active,false,1,0,STATBEL_HBS_2024,COOLING_CASES_V1
central,2050,Flemish Region,BE_TABULA_08,Terraced house,1946-1970,TABULA_existing,0,3244134,no_active_cooling,active_cooling,true,integrated_reversible_or_split_system_unspecified,false,0,0,STATBEL_HBS_2024,COOLING_CASES_V1
central,2050,Flemish Region,BE_TABULA_08,Terraced house,1946-1970,TABULA_existing,0,3244134,current_regional,inactive_cooling,false,none_active,false,0.87,0,STATBEL_HBS_2024,COOLING_CASES_V1
central,2050,Flemish Region,BE_TABULA_08,Terraced house,1946-1970,TABULA_existing,0,3244134,current_regional,active_cooling,true,integrated_reversible_or_split_system_unspecified,false,0.13,0,STATBEL_HBS_2024,COOLING_CASES_V1
central,2050,Flemish Region,BE_TABULA_08,Terraced house,1946-1970,TABULA_existing,0,3244134,higher_uptake,inactive_cooling,false,none_active,false,0.74,0,STATBEL_HBS_2024,COOLING_CASES_V1
central,2050,Flemish Region,BE_TABULA_08,Terraced house,1946-1970,TABULA_existing,0,3244134,higher_uptake,active_cooling,true,integrated_reversible_or_split_system_unspecified,false,0.26,0,STATBEL_HBS_2024,COOLING_CASES_V1
central,2050,Flemish Region,BE_TABULA_08,Terraced house,1946-1970,TABULA_standard_B_proxy,129457.05841210006,3244134,no_active_cooling,inactive_cooling,false,none_active,false,1,129457.05841210006,STATBEL_HBS_2024,COOLING_CASES_V1
central,2050,Flemish Region,BE_TABULA_08,Terraced house,1946-1970,TABULA_standard_B_proxy,129457.05841210006,3244134,no_active_cooling,active_cooling,true,integrated_reversible_or_split_system_unspecified,false,0,0,STATBEL_HBS_2024,COOLING_CASES_V1
central,2050,Flemish Region,BE_TABULA_08,Terraced house,1946-1970,TABULA_standard_B_proxy,129457.05841210006,3244134,current_regional,inactive_cooling,false,none_active,false,0.87,112627.64081852706,STATBEL_HBS_2024,COOLING_CASES_V1
central,2050,Flemish Region,BE_TABULA_08,Terraced house,1946-1970,TABULA_standard_B_proxy,129457.05841210006,3244134,current_regional,active_cooling,true,integrated_reversible_or_split_system_unspecified,false,0.13,16829.41759357301,STATBEL_HBS_2024,COOLING_CASES_V1
central,2050,Flemish Region,BE_TABULA_08,Terraced house,1946-1970,TABULA_standard_B_proxy,129457.05841210006,3244134,higher_uptake,inactive_cooling,false,none_active,false,0.74,95798.22322495404,STATBEL_HBS_2024,COOLING_CASES_V1
central,2050,Flemish Region,BE_TABULA_08,Terraced house,1946-1970,TABULA_standard_B_proxy,129457.05841210006,3244134,higher_uptake,active_cooling,true,integrated_reversible_or_split_system_unspecified,false,0.26,33658.83518714602,STATBEL_HBS_2024,COOLING_CASES_V1
central,2050,Flemish Region,BE_TABULA_08,Terraced house,1946-1970,TABULA_advanced_A_proxy,37321.15371239992,3244134,no_active_cooling,inactive_cooling,false,none_active,true,1,37321.15371239992,STATBEL_HBS_2024,COOLING_CASES_V1
central,2050,Flemish Region,BE_TABULA_08,Terraced house,1946-1970,TABULA_advanced_A_proxy,37321.15371239992,3244134,no_active_cooling,active_cooling,true,integrated_reversible_or_split_system_unspecified,true,0,0,STATBEL_HBS_2024,COOLING_CASES_V1
central,2050,Flemish Region,BE_TABULA_08,Terraced house,1946-1970,TABULA_advanced_A_proxy,37321.15371239992,3244134,current_regional,inactive_cooling,false,none_active,true,0.87,32469.403729787933,STATBEL_HBS_2024,COOLING_CASES_V1
central,2050,Flemish Region,BE_TABULA_08,Terraced house,1946-1970,TABULA_advanced_A_proxy,37321.15371239992,3244134,current_regional,active_cooling,true,integrated_reversible_or_split_system_unspecified,true,0.13,4851.74998261199,STATBEL_HBS_2024,COOLING_CASES_V1
central,2050,Flemish Region,BE_TABULA_08,Terraced house,1946-1970,TABULA_advanced_A_proxy,37321.15371239992,3244134,higher_uptake,inactive_cooling,false,none_active,true,0.74,27617.653747175944,STATBEL_HBS_2024,COOLING_CASES_V1
central,2050,Flemish Region,BE_TABULA_08,Terraced house,1946-1970,TABULA_advanced_A_proxy,37321.15371239992,3244134,higher_uptake,active_cooling,true,integrated_reversible_or_split_system_unspecified,true,0.26,9703.49996522398,STATBEL_HBS_2024,COOLING_CASES_V1
central,2050,Flemish Region,BE_TABULA_09,"Apartment, enclosed",1946-1970,TABULA_existing,72522.9907542,3244134,no_active_cooling,inactive_cooling,false,none_active,false,1,72522.9907542,STATBEL_HBS_2024,COOLING_CASES_V1
central,2050,Flemish Region,BE_TABULA_09,"Apartment, enclosed",1946-1970,TABULA_existing,72522.9907542,3244134,no_active_cooling,active_cooling,true,integrated_reversible_or_split_system_unspecified,false,0,0,STATBEL_HBS_2024,COOLING_CASES_V1
central,2050,Flemish Region,BE_TABULA_09,"Apartment, enclosed",1946-1970,TABULA_existing,72522.9907542,3244134,current_regional,inactive_cooling,false,none_active,false,0.87,63095.001956154,STATBEL_HBS_2024,COOLING_CASES_V1
central,2050,Flemish Region,BE_TABULA_09,"Apartment, enclosed",1946-1970,TABULA_existing,72522.9907542,3244134,current_regional,active_cooling,true,integrated_reversible_or_split_system_unspecified,false,0.13,9427.988798046,STATBEL_HBS_2024,COOLING_CASES_V1
central,2050,Flemish Region,BE_TABULA_09,"Apartment, enclosed",1946-1970,TABULA_existing,72522.9907542,3244134,higher_uptake,inactive_cooling,false,none_active,false,0.74,53667.013158108,STATBEL_HBS_2024,COOLING_CASES_V1
central,2050,Flemish Region,BE_TABULA_09,"Apartment, enclosed",1946-1970,TABULA_existing,72522.9907542,3244134,higher_uptake,active_cooling,true,integrated_reversible_or_split_system_unspecified,false,0.26,18855.977596092,STATBEL_HBS_2024,COOLING_CASES_V1
central,2050,Flemish Region,BE_TABULA_09,"Apartment, enclosed",1946-1970,TABULA_standard_B_proxy,23123.2724144,3244134,no_active_cooling,inactive_cooling,false,none_active,false,1,23123.2724144,STATBEL_HBS_2024,COOLING_CASES_V1
central,2050,Flemish Region,BE_TABULA_09,"Apartment, enclosed",1946-1970,TABULA_standard_B_proxy,23123.2724144,3244134,no_active_cooling,active_cooling,true,integrated_reversible_or_split_system_unspecified,false,0,0,STATBEL_HBS_2024,COOLING_CASES_V1
central,2050,Flemish Region,BE_TABULA_09,"Apartment, enclosed",1946-1970,TABULA_standard_B_proxy,23123.2724144,3244134,current_regional,inactive_cooling,false,none_active,false,0.87,20117.247000527997,STATBEL_HBS_2024,COOLING_CASES_V1
central,2050,Flemish Region,BE_TABULA_09,"Apartment, enclosed",1946-1970,TABULA_standard_B_proxy,23123.2724144,3244134,current_regional,active_cooling,true,integrated_reversible_or_split_system_unspecified,false,0.13,3006.025413872,STATBEL_HBS_2024,COOLING_CASES_V1
central,2050,Flemish Region,BE_TABULA_09,"Apartment, enclosed",1946-1970,TABULA_standard_B_proxy,23123.2724144,3244134,higher_uptake,inactive_cooling,false,none_active,false,0.74,17111.221586656,STATBEL_HBS_2024,COOLING_CASES_V1
central,2050,Flemish Region,BE_TABULA_09,"Apartment, enclosed",1946-1970,TABULA_standard_B_proxy,23123.2724144,3244134,higher_uptake,active_cooling,true,integrated_reversible_or_split_system_unspecified,false,0.26,6012.050827743999,STATBEL_HBS_2024,COOLING_CASES_V1
central,2050,Flemish Region,BE_TABULA_09,"Apartment, enclosed",1946-1970,TABULA_advanced_A_proxy,9459.52053315,3244134,no_active_cooling,inactive_cooling,false,none_active,true,1,9459.52053315,STATBEL_HBS_2024,COOLING_CASES_V1
central,2050,Flemish Region,BE_TABULA_09,"Apartment, enclosed",1946-1970,TABULA_advanced_A_proxy,9459.52053315,3244134,no_active_cooling,active_cooling,true,integrated_reversible_or_split_system_unspecified,true,0,0,STATBEL_HBS_2024,COOLING_CASES_V1
central,2050,Flemish Region,BE_TABULA_09,"Apartment, enclosed",1946-1970,TABULA_advanced_A_proxy,9459.52053315,3244134,current_regional,inactive_cooling,false,none_active,true,0.87,8229.7828638405,STATBEL_HBS_2024,COOLING_CASES_V1
central,2050,Flemish Region,BE_TABULA_09,"Apartment, enclosed",1946-1970,TABULA_advanced_A_proxy,9459.52053315,3244134,current_regional,active_cooling,true,integrated_reversible_or_split_system_unspecified,true,0.13,1229.7376693095,STATBEL_HBS_2024,COOLING_CASES_V1
central,2050,Flemish Region,BE_TABULA_09,"Apartment, enclosed",1946-1970,TABULA_advanced_A_proxy,9459.52053315,3244134,higher_uptake,inactive_cooling,false,none_active,true,0.74,7000.045194531,STATBEL_HBS_2024,COOLING_CASES_V1
central,2050,Flemish Region,BE_TABULA_09,"Apartment, enclosed",1946-1970,TABULA_advanced_A_proxy,9459.52053315,3244134,higher_uptake,active_cooling,true,integrated_reversible_or_split_system_unspecified,true,0.26,2459.475338619,STATBEL_HBS_2024,COOLING_CASES_V1
central,2050,Flemish Region,BE_TABULA_10,"Apartment, exposed",1946-1970,TABULA_existing,0,3244134,no_active_cooling,inactive_cooling,false,none_active,false,1,0,STATBEL_HBS_2024,COOLING_CASES_V1
central,2050,Flemish Region,BE_TABULA_10,"Apartment, exposed",1946-1970,TABULA_existing,0,3244134,no_active_cooling,active_cooling,true,integrated_reversible_or_split_system_unspecified,false,0,0,STATBEL_HBS_2024,COOLING_CASES_V1
central,2050,Flemish Region,BE_TABULA_10,"Apartment, exposed",1946-1970,TABULA_existing,0,3244134,current_regional,inactive_cooling,false,none_active,false,0.87,0,STATBEL_HBS_2024,COOLING_CASES_V1
central,2050,Flemish Region,BE_TABULA_10,"Apartment, exposed",1946-1970,TABULA_existing,0,3244134,current_regional,active_cooling,true,integrated_reversible_or_split_system_unspecified,false,0.13,0,STATBEL_HBS_2024,COOLING_CASES_V1
central,2050,Flemish Region,BE_TABULA_10,"Apartment, exposed",1946-1970,TABULA_existing,0,3244134,higher_uptake,inactive_cooling,false,none_active,false,0.74,0,STATBEL_HBS_2024,COOLING_CASES_V1
central,2050,Flemish Region,BE_TABULA_10,"Apartment, exposed",1946-1970,TABULA_existing,0,3244134,higher_uptake,active_cooling,true,integrated_reversible_or_split_system_unspecified,false,0.26,0,STATBEL_HBS_2024,COOLING_CASES_V1
central,2050,Flemish Region,BE_TABULA_10,"Apartment, exposed",1946-1970,TABULA_standard_B_proxy,77479.1127686,3244134,no_active_cooling,inactive_cooling,false,none_active,false,1,77479.1127686,STATBEL_HBS_2024,COOLING_CASES_V1
central,2050,Flemish Region,BE_TABULA_10,"Apartment, exposed",1946-1970,TABULA_standard_B_proxy,77479.1127686,3244134,no_active_cooling,active_cooling,true,integrated_reversible_or_split_system_unspecified,false,0,0,STATBEL_HBS_2024,COOLING_CASES_V1
central,2050,Flemish Region,BE_TABULA_10,"Apartment, exposed",1946-1970,TABULA_standard_B_proxy,77479.1127686,3244134,current_regional,inactive_cooling,false,none_active,false,0.87,67406.82810868199,STATBEL_HBS_2024,COOLING_CASES_V1
central,2050,Flemish Region,BE_TABULA_10,"Apartment, exposed",1946-1970,TABULA_standard_B_proxy,77479.1127686,3244134,current_regional,active_cooling,true,integrated_reversible_or_split_system_unspecified,false,0.13,10072.284659918,STATBEL_HBS_2024,COOLING_CASES_V1
central,2050,Flemish Region,BE_TABULA_10,"Apartment, exposed",1946-1970,TABULA_standard_B_proxy,77479.1127686,3244134,higher_uptake,inactive_cooling,false,none_active,false,0.74,57334.543448763994,STATBEL_HBS_2024,COOLING_CASES_V1
central,2050,Flemish Region,BE_TABULA_10,"Apartment, exposed",1946-1970,TABULA_standard_B_proxy,77479.1127686,3244134,higher_uptake,active_cooling,true,integrated_reversible_or_split_system_unspecified,false,0.26,20144.569319836,STATBEL_HBS_2024,COOLING_CASES_V1
central,2050,Flemish Region,BE_TABULA_10,"Apartment, exposed",1946-1970,TABULA_advanced_A_proxy,27626.670933150002,3244134,no_active_cooling,inactive_cooling,false,none_active,true,1,27626.670933150002,STATBEL_HBS_2024,COOLING_CASES_V1
central,2050,Flemish Region,BE_TABULA_10,"Apartment, exposed",1946-1970,TABULA_advanced_A_proxy,27626.670933150002,3244134,no_active_cooling,active_cooling,true,integrated_reversible_or_split_system_unspecified,true,0,0,STATBEL_HBS_2024,COOLING_CASES_V1
central,2050,Flemish Region,BE_TABULA_10,"Apartment, exposed",1946-1970,TABULA_advanced_A_proxy,27626.670933150002,3244134,current_regional,inactive_cooling,false,none_active,true,0.87,24035.203711840502,STATBEL_HBS_2024,COOLING_CASES_V1
central,2050,Flemish Region,BE_TABULA_10,"Apartment, exposed",1946-1970,TABULA_advanced_A_proxy,27626.670933150002,3244134,current_regional,active_cooling,true,integrated_reversible_or_split_system_unspecified,true,0.13,3591.467221309501,STATBEL_HBS_2024,COOLING_CASES_V1
central,2050,Flemish Region,BE_TABULA_10,"Apartment, exposed",1946-1970,TABULA_advanced_A_proxy,27626.670933150002,3244134,higher_uptake,inactive_cooling,false,none_active,true,0.74,20443.736490531002,STATBEL_HBS_2024,COOLING_CASES_V1
central,2050,Flemish Region,BE_TABULA_10,"Apartment, exposed",1946-1970,TABULA_advanced_A_proxy,27626.670933150002,3244134,higher_uptake,active_cooling,true,integrated_reversible_or_split_system_unspecified,true,0.26,7182.934442619001,STATBEL_HBS_2024,COOLING_CASES_V1
central,2050,Flemish Region,BE_TABULA_11,Detached house,1971-1990,TABULA_existing,0,3244134,no_active_cooling,inactive_cooling,false,none_active,false,1,0,STATBEL_HBS_2024,COOLING_CASES_V1
central,2050,Flemish Region,BE_TABULA_11,Detached house,1971-1990,TABULA_existing,0,3244134,no_active_cooling,active_cooling,true,integrated_reversible_or_split_system_unspecified,false,0,0,STATBEL_HBS_2024,COOLING_CASES_V1
central,2050,Flemish Region,BE_TABULA_11,Detached house,1971-1990,TABULA_existing,0,3244134,current_regional,inactive_cooling,false,none_active,false,0.87,0,STATBEL_HBS_2024,COOLING_CASES_V1
central,2050,Flemish Region,BE_TABULA_11,Detached house,1971-1990,TABULA_existing,0,3244134,current_regional,active_cooling,true,integrated_reversible_or_split_system_unspecified,false,0.13,0,STATBEL_HBS_2024,COOLING_CASES_V1
central,2050,Flemish Region,BE_TABULA_11,Detached house,1971-1990,TABULA_existing,0,3244134,higher_uptake,inactive_cooling,false,none_active,false,0.74,0,STATBEL_HBS_2024,COOLING_CASES_V1
central,2050,Flemish Region,BE_TABULA_11,Detached house,1971-1990,TABULA_existing,0,3244134,higher_uptake,active_cooling,true,integrated_reversible_or_split_system_unspecified,false,0.26,0,STATBEL_HBS_2024,COOLING_CASES_V1
central,2050,Flemish Region,BE_TABULA_11,Detached house,1971-1990,TABULA_standard_B_proxy,246169.63663939995,3244134,no_active_cooling,inactive_cooling,false,none_active,false,1,246169.63663939995,STATBEL_HBS_2024,COOLING_CASES_V1
central,2050,Flemish Region,BE_TABULA_11,Detached house,1971-1990,TABULA_standard_B_proxy,246169.63663939995,3244134,no_active_cooling,active_cooling,true,integrated_reversible_or_split_system_unspecified,false,0,0,STATBEL_HBS_2024,COOLING_CASES_V1
central,2050,Flemish Region,BE_TABULA_11,Detached house,1971-1990,TABULA_standard_B_proxy,246169.63663939995,3244134,current_regional,inactive_cooling,false,none_active,false,0.87,214167.58387627796,STATBEL_HBS_2024,COOLING_CASES_V1
central,2050,Flemish Region,BE_TABULA_11,Detached house,1971-1990,TABULA_standard_B_proxy,246169.63663939995,3244134,current_regional,active_cooling,true,integrated_reversible_or_split_system_unspecified,false,0.13,32002.052763121996,STATBEL_HBS_2024,COOLING_CASES_V1
central,2050,Flemish Region,BE_TABULA_11,Detached house,1971-1990,TABULA_standard_B_proxy,246169.63663939995,3244134,higher_uptake,inactive_cooling,false,none_active,false,0.74,182165.53111315597,STATBEL_HBS_2024,COOLING_CASES_V1
central,2050,Flemish Region,BE_TABULA_11,Detached house,1971-1990,TABULA_standard_B_proxy,246169.63663939995,3244134,higher_uptake,active_cooling,true,integrated_reversible_or_split_system_unspecified,false,0.26,64004.10552624399,STATBEL_HBS_2024,COOLING_CASES_V1
central,2050,Flemish Region,BE_TABULA_11,Detached house,1971-1990,TABULA_advanced_A_proxy,55776.87419820004,3244134,no_active_cooling,inactive_cooling,false,none_active,true,1,55776.87419820004,STATBEL_HBS_2024,COOLING_CASES_V1
central,2050,Flemish Region,BE_TABULA_11,Detached house,1971-1990,TABULA_advanced_A_proxy,55776.87419820004,3244134,no_active_cooling,active_cooling,true,integrated_reversible_or_split_system_unspecified,true,0,0,STATBEL_HBS_2024,COOLING_CASES_V1
central,2050,Flemish Region,BE_TABULA_11,Detached house,1971-1990,TABULA_advanced_A_proxy,55776.87419820004,3244134,current_regional,inactive_cooling,false,none_active,true,0.87,48525.880552434035,STATBEL_HBS_2024,COOLING_CASES_V1
central,2050,Flemish Region,BE_TABULA_11,Detached house,1971-1990,TABULA_advanced_A_proxy,55776.87419820004,3244134,current_regional,active_cooling,true,integrated_reversible_or_split_system_unspecified,true,0.13,7250.993645766006,STATBEL_HBS_2024,COOLING_CASES_V1
central,2050,Flemish Region,BE_TABULA_11,Detached house,1971-1990,TABULA_advanced_A_proxy,55776.87419820004,3244134,higher_uptake,inactive_cooling,false,none_active,true,0.74,41274.886906668034,STATBEL_HBS_2024,COOLING_CASES_V1
central,2050,Flemish Region,BE_TABULA_11,Detached house,1971-1990,TABULA_advanced_A_proxy,55776.87419820004,3244134,higher_uptake,active_cooling,true,integrated_reversible_or_split_system_unspecified,true,0.26,14501.987291532012,STATBEL_HBS_2024,COOLING_CASES_V1
central,2050,Flemish Region,BE_TABULA_12,Semi-detached house,1971-1990,TABULA_existing,0,3244134,no_active_cooling,inactive_cooling,false,none_active,false,1,0,STATBEL_HBS_2024,COOLING_CASES_V1
central,2050,Flemish Region,BE_TABULA_12,Semi-detached house,1971-1990,TABULA_existing,0,3244134,no_active_cooling,active_cooling,true,integrated_reversible_or_split_system_unspecified,false,0,0,STATBEL_HBS_2024,COOLING_CASES_V1
central,2050,Flemish Region,BE_TABULA_12,Semi-detached house,1971-1990,TABULA_existing,0,3244134,current_regional,inactive_cooling,false,none_active,false,0.87,0,STATBEL_HBS_2024,COOLING_CASES_V1
central,2050,Flemish Region,BE_TABULA_12,Semi-detached house,1971-1990,TABULA_existing,0,3244134,current_regional,active_cooling,true,integrated_reversible_or_split_system_unspecified,false,0.13,0,STATBEL_HBS_2024,COOLING_CASES_V1
central,2050,Flemish Region,BE_TABULA_12,Semi-detached house,1971-1990,TABULA_existing,0,3244134,higher_uptake,inactive_cooling,false,none_active,false,0.74,0,STATBEL_HBS_2024,COOLING_CASES_V1
central,2050,Flemish Region,BE_TABULA_12,Semi-detached house,1971-1990,TABULA_existing,0,3244134,higher_uptake,active_cooling,true,integrated_reversible_or_split_system_unspecified,false,0.26,0,STATBEL_HBS_2024,COOLING_CASES_V1
central,2050,Flemish Region,BE_TABULA_12,Semi-detached house,1971-1990,TABULA_standard_B_proxy,95195.99660719992,3244134,no_active_cooling,inactive_cooling,false,none_active,false,1,95195.99660719992,STATBEL_HBS_2024,COOLING_CASES_V1
central,2050,Flemish Region,BE_TABULA_12,Semi-detached house,1971-1990,TABULA_standard_B_proxy,95195.99660719992,3244134,no_active_cooling,active_cooling,true,integrated_reversible_or_split_system_unspecified,false,0,0,STATBEL_HBS_2024,COOLING_CASES_V1
central,2050,Flemish Region,BE_TABULA_12,Semi-detached house,1971-1990,TABULA_standard_B_proxy,95195.99660719992,3244134,current_regional,inactive_cooling,false,none_active,false,0.87,82820.51704826394,STATBEL_HBS_2024,COOLING_CASES_V1
central,2050,Flemish Region,BE_TABULA_12,Semi-detached house,1971-1990,TABULA_standard_B_proxy,95195.99660719992,3244134,current_regional,active_cooling,true,integrated_reversible_or_split_system_unspecified,false,0.13,12375.479558935991,STATBEL_HBS_2024,COOLING_CASES_V1
central,2050,Flemish Region,BE_TABULA_12,Semi-detached house,1971-1990,TABULA_standard_B_proxy,95195.99660719992,3244134,higher_uptake,inactive_cooling,false,none_active,false,0.74,70445.03748932794,STATBEL_HBS_2024,COOLING_CASES_V1
central,2050,Flemish Region,BE_TABULA_12,Semi-detached house,1971-1990,TABULA_standard_B_proxy,95195.99660719992,3244134,higher_uptake,active_cooling,true,integrated_reversible_or_split_system_unspecified,false,0.26,24750.959117871982,STATBEL_HBS_2024,COOLING_CASES_V1
central,2050,Flemish Region,BE_TABULA_12,Semi-detached house,1971-1990,TABULA_advanced_A_proxy,24825.08337740008,3244134,no_active_cooling,inactive_cooling,false,none_active,true,1,24825.08337740008,STATBEL_HBS_2024,COOLING_CASES_V1
central,2050,Flemish Region,BE_TABULA_12,Semi-detached house,1971-1990,TABULA_advanced_A_proxy,24825.08337740008,3244134,no_active_cooling,active_cooling,true,integrated_reversible_or_split_system_unspecified,true,0,0,STATBEL_HBS_2024,COOLING_CASES_V1
central,2050,Flemish Region,BE_TABULA_12,Semi-detached house,1971-1990,TABULA_advanced_A_proxy,24825.08337740008,3244134,current_regional,inactive_cooling,false,none_active,true,0.87,21597.822538338067,STATBEL_HBS_2024,COOLING_CASES_V1
central,2050,Flemish Region,BE_TABULA_12,Semi-detached house,1971-1990,TABULA_advanced_A_proxy,24825.08337740008,3244134,current_regional,active_cooling,true,integrated_reversible_or_split_system_unspecified,true,0.13,3227.26083906201,STATBEL_HBS_2024,COOLING_CASES_V1
central,2050,Flemish Region,BE_TABULA_12,Semi-detached house,1971-1990,TABULA_advanced_A_proxy,24825.08337740008,3244134,higher_uptake,inactive_cooling,false,none_active,true,0.74,18370.56169927606,STATBEL_HBS_2024,COOLING_CASES_V1
central,2050,Flemish Region,BE_TABULA_12,Semi-detached house,1971-1990,TABULA_advanced_A_proxy,24825.08337740008,3244134,higher_uptake,active_cooling,true,integrated_reversible_or_split_system_unspecified,true,0.26,6454.521678124021,STATBEL_HBS_2024,COOLING_CASES_V1
central,2050,Flemish Region,BE_TABULA_13,Terraced house,1971-1990,TABULA_existing,53884.9657742,3244134,no_active_cooling,inactive_cooling,false,none_active,false,1,53884.9657742,STATBEL_HBS_2024,COOLING_CASES_V1
central,2050,Flemish Region,BE_TABULA_13,Terraced house,1971-1990,TABULA_existing,53884.9657742,3244134,no_active_cooling,active_cooling,true,integrated_reversible_or_split_system_unspecified,false,0,0,STATBEL_HBS_2024,COOLING_CASES_V1
central,2050,Flemish Region,BE_TABULA_13,Terraced house,1971-1990,TABULA_existing,53884.9657742,3244134,current_regional,inactive_cooling,false,none_active,false,0.87,46879.920223554,STATBEL_HBS_2024,COOLING_CASES_V1
central,2050,Flemish Region,BE_TABULA_13,Terraced house,1971-1990,TABULA_existing,53884.9657742,3244134,current_regional,active_cooling,true,integrated_reversible_or_split_system_unspecified,false,0.13,7005.045550646,STATBEL_HBS_2024,COOLING_CASES_V1
central,2050,Flemish Region,BE_TABULA_13,Terraced house,1971-1990,TABULA_existing,53884.9657742,3244134,higher_uptake,inactive_cooling,false,none_active,false,0.74,39874.874672908,STATBEL_HBS_2024,COOLING_CASES_V1
central,2050,Flemish Region,BE_TABULA_13,Terraced house,1971-1990,TABULA_existing,53884.9657742,3244134,higher_uptake,active_cooling,true,integrated_reversible_or_split_system_unspecified,false,0.26,14010.091101292,STATBEL_HBS_2024,COOLING_CASES_V1
central,2050,Flemish Region,BE_TABULA_13,Terraced house,1971-1990,TABULA_standard_B_proxy,17180.7137251,3244134,no_active_cooling,inactive_cooling,false,none_active,false,1,17180.7137251,STATBEL_HBS_2024,COOLING_CASES_V1
central,2050,Flemish Region,BE_TABULA_13,Terraced house,1971-1990,TABULA_standard_B_proxy,17180.7137251,3244134,no_active_cooling,active_cooling,true,integrated_reversible_or_split_system_unspecified,false,0,0,STATBEL_HBS_2024,COOLING_CASES_V1
central,2050,Flemish Region,BE_TABULA_13,Terraced house,1971-1990,TABULA_standard_B_proxy,17180.7137251,3244134,current_regional,inactive_cooling,false,none_active,false,0.87,14947.220940836998,STATBEL_HBS_2024,COOLING_CASES_V1
central,2050,Flemish Region,BE_TABULA_13,Terraced house,1971-1990,TABULA_standard_B_proxy,17180.7137251,3244134,current_regional,active_cooling,true,integrated_reversible_or_split_system_unspecified,false,0.13,2233.492784263,STATBEL_HBS_2024,COOLING_CASES_V1
central,2050,Flemish Region,BE_TABULA_13,Terraced house,1971-1990,TABULA_standard_B_proxy,17180.7137251,3244134,higher_uptake,inactive_cooling,false,none_active,false,0.74,12713.728156574,STATBEL_HBS_2024,COOLING_CASES_V1
central,2050,Flemish Region,BE_TABULA_13,Terraced house,1971-1990,TABULA_standard_B_proxy,17180.7137251,3244134,higher_uptake,active_cooling,true,integrated_reversible_or_split_system_unspecified,false,0.26,4466.985568526,STATBEL_HBS_2024,COOLING_CASES_V1
central,2050,Flemish Region,BE_TABULA_13,Terraced house,1971-1990,TABULA_advanced_A_proxy,7028.47379664,3244134,no_active_cooling,inactive_cooling,false,none_active,true,1,7028.47379664,STATBEL_HBS_2024,COOLING_CASES_V1
central,2050,Flemish Region,BE_TABULA_13,Terraced house,1971-1990,TABULA_advanced_A_proxy,7028.47379664,3244134,no_active_cooling,active_cooling,true,integrated_reversible_or_split_system_unspecified,true,0,0,STATBEL_HBS_2024,COOLING_CASES_V1
central,2050,Flemish Region,BE_TABULA_13,Terraced house,1971-1990,TABULA_advanced_A_proxy,7028.47379664,3244134,current_regional,inactive_cooling,false,none_active,true,0.87,6114.7722030768,STATBEL_HBS_2024,COOLING_CASES_V1
central,2050,Flemish Region,BE_TABULA_13,Terraced house,1971-1990,TABULA_advanced_A_proxy,7028.47379664,3244134,current_regional,active_cooling,true,integrated_reversible_or_split_system_unspecified,true,0.13,913.7015935632,STATBEL_HBS_2024,COOLING_CASES_V1
central,2050,Flemish Region,BE_TABULA_13,Terraced house,1971-1990,TABULA_advanced_A_proxy,7028.47379664,3244134,higher_uptake,inactive_cooling,false,none_active,true,0.74,5201.0706095136,STATBEL_HBS_2024,COOLING_CASES_V1
central,2050,Flemish Region,BE_TABULA_13,Terraced house,1971-1990,TABULA_advanced_A_proxy,7028.47379664,3244134,higher_uptake,active_cooling,true,integrated_reversible_or_split_system_unspecified,true,0.26,1827.4031871264,STATBEL_HBS_2024,COOLING_CASES_V1
central,2050,Flemish Region,BE_TABULA_14,"Apartment, enclosed",1971-1990,TABULA_existing,74096.1974229,3244134,no_active_cooling,inactive_cooling,false,none_active,false,1,74096.1974229,STATBEL_HBS_2024,COOLING_CASES_V1
central,2050,Flemish Region,BE_TABULA_14,"Apartment, enclosed",1971-1990,TABULA_existing,74096.1974229,3244134,no_active_cooling,active_cooling,true,integrated_reversible_or_split_system_unspecified,false,0,0,STATBEL_HBS_2024,COOLING_CASES_V1
central,2050,Flemish Region,BE_TABULA_14,"Apartment, enclosed",1971-1990,TABULA_existing,74096.1974229,3244134,current_regional,inactive_cooling,false,none_active,false,0.87,64463.69175792301,STATBEL_HBS_2024,COOLING_CASES_V1
central,2050,Flemish Region,BE_TABULA_14,"Apartment, enclosed",1971-1990,TABULA_existing,74096.1974229,3244134,current_regional,active_cooling,true,integrated_reversible_or_split_system_unspecified,false,0.13,9632.505664977001,STATBEL_HBS_2024,COOLING_CASES_V1
central,2050,Flemish Region,BE_TABULA_14,"Apartment, enclosed",1971-1990,TABULA_existing,74096.1974229,3244134,higher_uptake,inactive_cooling,false,none_active,false,0.74,54831.186092946,STATBEL_HBS_2024,COOLING_CASES_V1
central,2050,Flemish Region,BE_TABULA_14,"Apartment, enclosed",1971-1990,TABULA_existing,74096.1974229,3244134,higher_uptake,active_cooling,true,integrated_reversible_or_split_system_unspecified,false,0.26,19265.011329954003,STATBEL_HBS_2024,COOLING_CASES_V1
central,2050,Flemish Region,BE_TABULA_14,"Apartment, enclosed",1971-1990,TABULA_standard_B_proxy,23624.8745406,3244134,no_active_cooling,inactive_cooling,false,none_active,false,1,23624.8745406,STATBEL_HBS_2024,COOLING_CASES_V1
central,2050,Flemish Region,BE_TABULA_14,"Apartment, enclosed",1971-1990,TABULA_standard_B_proxy,23624.8745406,3244134,no_active_cooling,active_cooling,true,integrated_reversible_or_split_system_unspecified,false,0,0,STATBEL_HBS_2024,COOLING_CASES_V1
central,2050,Flemish Region,BE_TABULA_14,"Apartment, enclosed",1971-1990,TABULA_standard_B_proxy,23624.8745406,3244134,current_regional,inactive_cooling,false,none_active,false,0.87,20553.640850322,STATBEL_HBS_2024,COOLING_CASES_V1
central,2050,Flemish Region,BE_TABULA_14,"Apartment, enclosed",1971-1990,TABULA_standard_B_proxy,23624.8745406,3244134,current_regional,active_cooling,true,integrated_reversible_or_split_system_unspecified,false,0.13,3071.233690278,STATBEL_HBS_2024,COOLING_CASES_V1
central,2050,Flemish Region,BE_TABULA_14,"Apartment, enclosed",1971-1990,TABULA_standard_B_proxy,23624.8745406,3244134,higher_uptake,inactive_cooling,false,none_active,false,0.74,17482.407160044,STATBEL_HBS_2024,COOLING_CASES_V1
central,2050,Flemish Region,BE_TABULA_14,"Apartment, enclosed",1971-1990,TABULA_standard_B_proxy,23624.8745406,3244134,higher_uptake,active_cooling,true,integrated_reversible_or_split_system_unspecified,false,0.26,6142.467380556001,STATBEL_HBS_2024,COOLING_CASES_V1
central,2050,Flemish Region,BE_TABULA_14,"Apartment, enclosed",1971-1990,TABULA_advanced_A_proxy,9664.72140299,3244134,no_active_cooling,inactive_cooling,false,none_active,true,1,9664.72140299,STATBEL_HBS_2024,COOLING_CASES_V1
central,2050,Flemish Region,BE_TABULA_14,"Apartment, enclosed",1971-1990,TABULA_advanced_A_proxy,9664.72140299,3244134,no_active_cooling,active_cooling,true,integrated_reversible_or_split_system_unspecified,true,0,0,STATBEL_HBS_2024,COOLING_CASES_V1
central,2050,Flemish Region,BE_TABULA_14,"Apartment, enclosed",1971-1990,TABULA_advanced_A_proxy,9664.72140299,3244134,current_regional,inactive_cooling,false,none_active,true,0.87,8408.307620601301,STATBEL_HBS_2024,COOLING_CASES_V1
central,2050,Flemish Region,BE_TABULA_14,"Apartment, enclosed",1971-1990,TABULA_advanced_A_proxy,9664.72140299,3244134,current_regional,active_cooling,true,integrated_reversible_or_split_system_unspecified,true,0.13,1256.4137823887,STATBEL_HBS_2024,COOLING_CASES_V1
central,2050,Flemish Region,BE_TABULA_14,"Apartment, enclosed",1971-1990,TABULA_advanced_A_proxy,9664.72140299,3244134,higher_uptake,inactive_cooling,false,none_active,true,0.74,7151.893838212601,STATBEL_HBS_2024,COOLING_CASES_V1
central,2050,Flemish Region,BE_TABULA_14,"Apartment, enclosed",1971-1990,TABULA_advanced_A_proxy,9664.72140299,3244134,higher_uptake,active_cooling,true,integrated_reversible_or_split_system_unspecified,true,0.26,2512.8275647774,STATBEL_HBS_2024,COOLING_CASES_V1
central,2050,Flemish Region,BE_TABULA_15,"Apartment, exposed",1971-1990,TABULA_existing,0,3244134,no_active_cooling,inactive_cooling,false,none_active,false,1,0,STATBEL_HBS_2024,COOLING_CASES_V1
central,2050,Flemish Region,BE_TABULA_15,"Apartment, exposed",1971-1990,TABULA_existing,0,3244134,no_active_cooling,active_cooling,true,integrated_reversible_or_split_system_unspecified,false,0,0,STATBEL_HBS_2024,COOLING_CASES_V1
central,2050,Flemish Region,BE_TABULA_15,"Apartment, exposed",1971-1990,TABULA_existing,0,3244134,current_regional,inactive_cooling,false,none_active,false,0.87,0,STATBEL_HBS_2024,COOLING_CASES_V1
central,2050,Flemish Region,BE_TABULA_15,"Apartment, exposed",1971-1990,TABULA_existing,0,3244134,current_regional,active_cooling,true,integrated_reversible_or_split_system_unspecified,false,0.13,0,STATBEL_HBS_2024,COOLING_CASES_V1
central,2050,Flemish Region,BE_TABULA_15,"Apartment, exposed",1971-1990,TABULA_existing,0,3244134,higher_uptake,inactive_cooling,false,none_active,false,0.74,0,STATBEL_HBS_2024,COOLING_CASES_V1
central,2050,Flemish Region,BE_TABULA_15,"Apartment, exposed",1971-1990,TABULA_existing,0,3244134,higher_uptake,active_cooling,true,integrated_reversible_or_split_system_unspecified,false,0.26,0,STATBEL_HBS_2024,COOLING_CASES_V1
central,2050,Flemish Region,BE_TABULA_15,"Apartment, exposed",1971-1990,TABULA_standard_B_proxy,88637.4967635,3244134,no_active_cooling,inactive_cooling,false,none_active,false,1,88637.4967635,STATBEL_HBS_2024,COOLING_CASES_V1
central,2050,Flemish Region,BE_TABULA_15,"Apartment, exposed",1971-1990,TABULA_standard_B_proxy,88637.4967635,3244134,no_active_cooling,active_cooling,true,integrated_reversible_or_split_system_unspecified,false,0,0,STATBEL_HBS_2024,COOLING_CASES_V1
central,2050,Flemish Region,BE_TABULA_15,"Apartment, exposed",1971-1990,TABULA_standard_B_proxy,88637.4967635,3244134,current_regional,inactive_cooling,false,none_active,false,0.87,77114.622184245,STATBEL_HBS_2024,COOLING_CASES_V1
central,2050,Flemish Region,BE_TABULA_15,"Apartment, exposed",1971-1990,TABULA_standard_B_proxy,88637.4967635,3244134,current_regional,active_cooling,true,integrated_reversible_or_split_system_unspecified,false,0.13,11522.874579255002,STATBEL_HBS_2024,COOLING_CASES_V1
central,2050,Flemish Region,BE_TABULA_15,"Apartment, exposed",1971-1990,TABULA_standard_B_proxy,88637.4967635,3244134,higher_uptake,inactive_cooling,false,none_active,false,0.74,65591.74760499,STATBEL_HBS_2024,COOLING_CASES_V1
central,2050,Flemish Region,BE_TABULA_15,"Apartment, exposed",1971-1990,TABULA_standard_B_proxy,88637.4967635,3244134,higher_uptake,active_cooling,true,integrated_reversible_or_split_system_unspecified,false,0.26,23045.749158510003,STATBEL_HBS_2024,COOLING_CASES_V1
central,2050,Flemish Region,BE_TABULA_15,"Apartment, exposed",1971-1990,TABULA_advanced_A_proxy,18748.29660299,3244134,no_active_cooling,inactive_cooling,false,none_active,true,1,18748.29660299,STATBEL_HBS_2024,COOLING_CASES_V1
central,2050,Flemish Region,BE_TABULA_15,"Apartment, exposed",1971-1990,TABULA_advanced_A_proxy,18748.29660299,3244134,no_active_cooling,active_cooling,true,integrated_reversible_or_split_system_unspecified,true,0,0,STATBEL_HBS_2024,COOLING_CASES_V1
central,2050,Flemish Region,BE_TABULA_15,"Apartment, exposed",1971-1990,TABULA_advanced_A_proxy,18748.29660299,3244134,current_regional,inactive_cooling,false,none_active,true,0.87,16311.018044601302,STATBEL_HBS_2024,COOLING_CASES_V1
central,2050,Flemish Region,BE_TABULA_15,"Apartment, exposed",1971-1990,TABULA_advanced_A_proxy,18748.29660299,3244134,current_regional,active_cooling,true,integrated_reversible_or_split_system_unspecified,true,0.13,2437.2785583887,STATBEL_HBS_2024,COOLING_CASES_V1
central,2050,Flemish Region,BE_TABULA_15,"Apartment, exposed",1971-1990,TABULA_advanced_A_proxy,18748.29660299,3244134,higher_uptake,inactive_cooling,false,none_active,true,0.74,13873.7394862126,STATBEL_HBS_2024,COOLING_CASES_V1
central,2050,Flemish Region,BE_TABULA_15,"Apartment, exposed",1971-1990,TABULA_advanced_A_proxy,18748.29660299,3244134,higher_uptake,active_cooling,true,integrated_reversible_or_split_system_unspecified,true,0.26,4874.557116777401,STATBEL_HBS_2024,COOLING_CASES_V1
central,2050,Flemish Region,BE_TABULA_16,Detached house,1991-2005,TABULA_existing,74527.7766154999,3244134,no_active_cooling,inactive_cooling,false,none_active,false,1,74527.7766154999,STATBEL_HBS_2024,COOLING_CASES_V1
central,2050,Flemish Region,BE_TABULA_16,Detached house,1991-2005,TABULA_existing,74527.7766154999,3244134,no_active_cooling,active_cooling,true,integrated_reversible_or_split_system_unspecified,false,0,0,STATBEL_HBS_2024,COOLING_CASES_V1
central,2050,Flemish Region,BE_TABULA_16,Detached house,1991-2005,TABULA_existing,74527.7766154999,3244134,current_regional,inactive_cooling,false,none_active,false,0.87,64839.16565548491,STATBEL_HBS_2024,COOLING_CASES_V1
central,2050,Flemish Region,BE_TABULA_16,Detached house,1991-2005,TABULA_existing,74527.7766154999,3244134,current_regional,active_cooling,true,integrated_reversible_or_split_system_unspecified,false,0.13,9688.610960014987,STATBEL_HBS_2024,COOLING_CASES_V1
central,2050,Flemish Region,BE_TABULA_16,Detached house,1991-2005,TABULA_existing,74527.7766154999,3244134,higher_uptake,inactive_cooling,false,none_active,false,0.74,55150.554695469924,STATBEL_HBS_2024,COOLING_CASES_V1
central,2050,Flemish Region,BE_TABULA_16,Detached house,1991-2005,TABULA_existing,74527.7766154999,3244134,higher_uptake,active_cooling,true,integrated_reversible_or_split_system_unspecified,false,0.26,19377.221920029973,STATBEL_HBS_2024,COOLING_CASES_V1
central,2050,Flemish Region,BE_TABULA_16,Detached house,1991-2005,TABULA_standard_B_proxy,89788.32335780008,3244134,no_active_cooling,inactive_cooling,false,none_active,false,1,89788.32335780008,STATBEL_HBS_2024,COOLING_CASES_V1
central,2050,Flemish Region,BE_TABULA_16,Detached house,1991-2005,TABULA_standard_B_proxy,89788.32335780008,3244134,no_active_cooling,active_cooling,true,integrated_reversible_or_split_system_unspecified,false,0,0,STATBEL_HBS_2024,COOLING_CASES_V1
central,2050,Flemish Region,BE_TABULA_16,Detached house,1991-2005,TABULA_standard_B_proxy,89788.32335780008,3244134,current_regional,inactive_cooling,false,none_active,false,0.87,78115.84132128608,STATBEL_HBS_2024,COOLING_CASES_V1
central,2050,Flemish Region,BE_TABULA_16,Detached house,1991-2005,TABULA_standard_B_proxy,89788.32335780008,3244134,current_regional,active_cooling,true,integrated_reversible_or_split_system_unspecified,false,0.13,11672.482036514011,STATBEL_HBS_2024,COOLING_CASES_V1
central,2050,Flemish Region,BE_TABULA_16,Detached house,1991-2005,TABULA_standard_B_proxy,89788.32335780008,3244134,higher_uptake,inactive_cooling,false,none_active,false,0.74,66443.35928477206,STATBEL_HBS_2024,COOLING_CASES_V1
central,2050,Flemish Region,BE_TABULA_16,Detached house,1991-2005,TABULA_standard_B_proxy,89788.32335780008,3244134,higher_uptake,active_cooling,true,integrated_reversible_or_split_system_unspecified,false,0.26,23344.964073028023,STATBEL_HBS_2024,COOLING_CASES_V1
central,2050,Flemish Region,BE_TABULA_16,Detached house,1991-2005,TABULA_advanced_A_proxy,26232.9936237,3244134,no_active_cooling,inactive_cooling,false,none_active,true,1,26232.9936237,STATBEL_HBS_2024,COOLING_CASES_V1
central,2050,Flemish Region,BE_TABULA_16,Detached house,1991-2005,TABULA_advanced_A_proxy,26232.9936237,3244134,no_active_cooling,active_cooling,true,integrated_reversible_or_split_system_unspecified,true,0,0,STATBEL_HBS_2024,COOLING_CASES_V1
central,2050,Flemish Region,BE_TABULA_16,Detached house,1991-2005,TABULA_advanced_A_proxy,26232.9936237,3244134,current_regional,inactive_cooling,false,none_active,true,0.87,22822.704452619,STATBEL_HBS_2024,COOLING_CASES_V1
central,2050,Flemish Region,BE_TABULA_16,Detached house,1991-2005,TABULA_advanced_A_proxy,26232.9936237,3244134,current_regional,active_cooling,true,integrated_reversible_or_split_system_unspecified,true,0.13,3410.289171081,STATBEL_HBS_2024,COOLING_CASES_V1
central,2050,Flemish Region,BE_TABULA_16,Detached house,1991-2005,TABULA_advanced_A_proxy,26232.9936237,3244134,higher_uptake,inactive_cooling,false,none_active,true,0.74,19412.415281538,STATBEL_HBS_2024,COOLING_CASES_V1
central,2050,Flemish Region,BE_TABULA_16,Detached house,1991-2005,TABULA_advanced_A_proxy,26232.9936237,3244134,higher_uptake,active_cooling,true,integrated_reversible_or_split_system_unspecified,true,0.26,6820.578342162,STATBEL_HBS_2024,COOLING_CASES_V1
central,2050,Flemish Region,BE_TABULA_17,Semi-detached house,1991-2005,TABULA_existing,45333.6639793,3244134,no_active_cooling,inactive_cooling,false,none_active,false,1,45333.6639793,STATBEL_HBS_2024,COOLING_CASES_V1
central,2050,Flemish Region,BE_TABULA_17,Semi-detached house,1991-2005,TABULA_existing,45333.6639793,3244134,no_active_cooling,active_cooling,true,integrated_reversible_or_split_system_unspecified,false,0,0,STATBEL_HBS_2024,COOLING_CASES_V1
central,2050,Flemish Region,BE_TABULA_17,Semi-detached house,1991-2005,TABULA_existing,45333.6639793,3244134,current_regional,inactive_cooling,false,none_active,false,0.87,39440.287661991,STATBEL_HBS_2024,COOLING_CASES_V1
central,2050,Flemish Region,BE_TABULA_17,Semi-detached house,1991-2005,TABULA_existing,45333.6639793,3244134,current_regional,active_cooling,true,integrated_reversible_or_split_system_unspecified,false,0.13,5893.376317309,STATBEL_HBS_2024,COOLING_CASES_V1
central,2050,Flemish Region,BE_TABULA_17,Semi-detached house,1991-2005,TABULA_existing,45333.6639793,3244134,higher_uptake,inactive_cooling,false,none_active,false,0.74,33546.911344682,STATBEL_HBS_2024,COOLING_CASES_V1
central,2050,Flemish Region,BE_TABULA_17,Semi-detached house,1991-2005,TABULA_existing,45333.6639793,3244134,higher_uptake,active_cooling,true,integrated_reversible_or_split_system_unspecified,false,0.26,11786.752634618,STATBEL_HBS_2024,COOLING_CASES_V1
central,2050,Flemish Region,BE_TABULA_17,Semi-detached house,1991-2005,TABULA_standard_B_proxy,14454.2117035,3244134,no_active_cooling,inactive_cooling,false,none_active,false,1,14454.2117035,STATBEL_HBS_2024,COOLING_CASES_V1
central,2050,Flemish Region,BE_TABULA_17,Semi-detached house,1991-2005,TABULA_standard_B_proxy,14454.2117035,3244134,no_active_cooling,active_cooling,true,integrated_reversible_or_split_system_unspecified,false,0,0,STATBEL_HBS_2024,COOLING_CASES_V1
central,2050,Flemish Region,BE_TABULA_17,Semi-detached house,1991-2005,TABULA_standard_B_proxy,14454.2117035,3244134,current_regional,inactive_cooling,false,none_active,false,0.87,12575.164182044999,STATBEL_HBS_2024,COOLING_CASES_V1
central,2050,Flemish Region,BE_TABULA_17,Semi-detached house,1991-2005,TABULA_standard_B_proxy,14454.2117035,3244134,current_regional,active_cooling,true,integrated_reversible_or_split_system_unspecified,false,0.13,1879.047521455,STATBEL_HBS_2024,COOLING_CASES_V1
central,2050,Flemish Region,BE_TABULA_17,Semi-detached house,1991-2005,TABULA_standard_B_proxy,14454.2117035,3244134,higher_uptake,inactive_cooling,false,none_active,false,0.74,10696.11666059,STATBEL_HBS_2024,COOLING_CASES_V1
central,2050,Flemish Region,BE_TABULA_17,Semi-detached house,1991-2005,TABULA_standard_B_proxy,14454.2117035,3244134,higher_uptake,active_cooling,true,integrated_reversible_or_split_system_unspecified,false,0.26,3758.09504291,STATBEL_HBS_2024,COOLING_CASES_V1
central,2050,Flemish Region,BE_TABULA_17,Semi-detached house,1991-2005,TABULA_advanced_A_proxy,5913.086606,3244134,no_active_cooling,inactive_cooling,false,none_active,true,1,5913.086606,STATBEL_HBS_2024,COOLING_CASES_V1
central,2050,Flemish Region,BE_TABULA_17,Semi-detached house,1991-2005,TABULA_advanced_A_proxy,5913.086606,3244134,no_active_cooling,active_cooling,true,integrated_reversible_or_split_system_unspecified,true,0,0,STATBEL_HBS_2024,COOLING_CASES_V1
central,2050,Flemish Region,BE_TABULA_17,Semi-detached house,1991-2005,TABULA_advanced_A_proxy,5913.086606,3244134,current_regional,inactive_cooling,false,none_active,true,0.87,5144.38534722,STATBEL_HBS_2024,COOLING_CASES_V1
central,2050,Flemish Region,BE_TABULA_17,Semi-detached house,1991-2005,TABULA_advanced_A_proxy,5913.086606,3244134,current_regional,active_cooling,true,integrated_reversible_or_split_system_unspecified,true,0.13,768.70125878,STATBEL_HBS_2024,COOLING_CASES_V1
central,2050,Flemish Region,BE_TABULA_17,Semi-detached house,1991-2005,TABULA_advanced_A_proxy,5913.086606,3244134,higher_uptake,inactive_cooling,false,none_active,true,0.74,4375.68408844,STATBEL_HBS_2024,COOLING_CASES_V1
central,2050,Flemish Region,BE_TABULA_17,Semi-detached house,1991-2005,TABULA_advanced_A_proxy,5913.086606,3244134,higher_uptake,active_cooling,true,integrated_reversible_or_split_system_unspecified,true,0.26,1537.40251756,STATBEL_HBS_2024,COOLING_CASES_V1
central,2050,Flemish Region,BE_TABULA_18,Terraced house,1991-2005,TABULA_existing,22623.4868879,3244134,no_active_cooling,inactive_cooling,false,none_active,false,1,22623.4868879,STATBEL_HBS_2024,COOLING_CASES_V1
central,2050,Flemish Region,BE_TABULA_18,Terraced house,1991-2005,TABULA_existing,22623.4868879,3244134,no_active_cooling,active_cooling,true,integrated_reversible_or_split_system_unspecified,false,0,0,STATBEL_HBS_2024,COOLING_CASES_V1
central,2050,Flemish Region,BE_TABULA_18,Terraced house,1991-2005,TABULA_existing,22623.4868879,3244134,current_regional,inactive_cooling,false,none_active,false,0.87,19682.433592473,STATBEL_HBS_2024,COOLING_CASES_V1
central,2050,Flemish Region,BE_TABULA_18,Terraced house,1991-2005,TABULA_existing,22623.4868879,3244134,current_regional,active_cooling,true,integrated_reversible_or_split_system_unspecified,false,0.13,2941.053295427,STATBEL_HBS_2024,COOLING_CASES_V1
central,2050,Flemish Region,BE_TABULA_18,Terraced house,1991-2005,TABULA_existing,22623.4868879,3244134,higher_uptake,inactive_cooling,false,none_active,false,0.74,16741.380297046,STATBEL_HBS_2024,COOLING_CASES_V1
central,2050,Flemish Region,BE_TABULA_18,Terraced house,1991-2005,TABULA_existing,22623.4868879,3244134,higher_uptake,active_cooling,true,integrated_reversible_or_split_system_unspecified,false,0.26,5882.106590854,STATBEL_HBS_2024,COOLING_CASES_V1
central,2050,Flemish Region,BE_TABULA_18,Terraced house,1991-2005,TABULA_standard_B_proxy,7213.2856744,3244134,no_active_cooling,inactive_cooling,false,none_active,false,1,7213.2856744,STATBEL_HBS_2024,COOLING_CASES_V1
central,2050,Flemish Region,BE_TABULA_18,Terraced house,1991-2005,TABULA_standard_B_proxy,7213.2856744,3244134,no_active_cooling,active_cooling,true,integrated_reversible_or_split_system_unspecified,false,0,0,STATBEL_HBS_2024,COOLING_CASES_V1
central,2050,Flemish Region,BE_TABULA_18,Terraced house,1991-2005,TABULA_standard_B_proxy,7213.2856744,3244134,current_regional,inactive_cooling,false,none_active,false,0.87,6275.558536728,STATBEL_HBS_2024,COOLING_CASES_V1
central,2050,Flemish Region,BE_TABULA_18,Terraced house,1991-2005,TABULA_standard_B_proxy,7213.2856744,3244134,current_regional,active_cooling,true,integrated_reversible_or_split_system_unspecified,false,0.13,937.727137672,STATBEL_HBS_2024,COOLING_CASES_V1
central,2050,Flemish Region,BE_TABULA_18,Terraced house,1991-2005,TABULA_standard_B_proxy,7213.2856744,3244134,higher_uptake,inactive_cooling,false,none_active,false,0.74,5337.831399056,STATBEL_HBS_2024,COOLING_CASES_V1
central,2050,Flemish Region,BE_TABULA_18,Terraced house,1991-2005,TABULA_standard_B_proxy,7213.2856744,3244134,higher_uptake,active_cooling,true,integrated_reversible_or_split_system_unspecified,false,0.26,1875.454275344,STATBEL_HBS_2024,COOLING_CASES_V1
central,2050,Flemish Region,BE_TABULA_18,Terraced house,1991-2005,TABULA_advanced_A_proxy,2950.88959407,3244134,no_active_cooling,inactive_cooling,false,none_active,true,1,2950.88959407,STATBEL_HBS_2024,COOLING_CASES_V1
central,2050,Flemish Region,BE_TABULA_18,Terraced house,1991-2005,TABULA_advanced_A_proxy,2950.88959407,3244134,no_active_cooling,active_cooling,true,integrated_reversible_or_split_system_unspecified,true,0,0,STATBEL_HBS_2024,COOLING_CASES_V1
central,2050,Flemish Region,BE_TABULA_18,Terraced house,1991-2005,TABULA_advanced_A_proxy,2950.88959407,3244134,current_regional,inactive_cooling,false,none_active,true,0.87,2567.2739468409,STATBEL_HBS_2024,COOLING_CASES_V1
central,2050,Flemish Region,BE_TABULA_18,Terraced house,1991-2005,TABULA_advanced_A_proxy,2950.88959407,3244134,current_regional,active_cooling,true,integrated_reversible_or_split_system_unspecified,true,0.13,383.6156472291,STATBEL_HBS_2024,COOLING_CASES_V1
central,2050,Flemish Region,BE_TABULA_18,Terraced house,1991-2005,TABULA_advanced_A_proxy,2950.88959407,3244134,higher_uptake,inactive_cooling,false,none_active,true,0.74,2183.6582996118,STATBEL_HBS_2024,COOLING_CASES_V1
central,2050,Flemish Region,BE_TABULA_18,Terraced house,1991-2005,TABULA_advanced_A_proxy,2950.88959407,3244134,higher_uptake,active_cooling,true,integrated_reversible_or_split_system_unspecified,true,0.26,767.2312944582,STATBEL_HBS_2024,COOLING_CASES_V1
central,2050,Flemish Region,BE_TABULA_19,"Apartment, enclosed",1991-2005,TABULA_existing,58491.1146072,3244134,no_active_cooling,inactive_cooling,false,none_active,false,1,58491.1146072,STATBEL_HBS_2024,COOLING_CASES_V1
central,2050,Flemish Region,BE_TABULA_19,"Apartment, enclosed",1991-2005,TABULA_existing,58491.1146072,3244134,no_active_cooling,active_cooling,true,integrated_reversible_or_split_system_unspecified,false,0,0,STATBEL_HBS_2024,COOLING_CASES_V1
central,2050,Flemish Region,BE_TABULA_19,"Apartment, enclosed",1991-2005,TABULA_existing,58491.1146072,3244134,current_regional,inactive_cooling,false,none_active,false,0.87,50887.269708264,STATBEL_HBS_2024,COOLING_CASES_V1
central,2050,Flemish Region,BE_TABULA_19,"Apartment, enclosed",1991-2005,TABULA_existing,58491.1146072,3244134,current_regional,active_cooling,true,integrated_reversible_or_split_system_unspecified,false,0.13,7603.844898936,STATBEL_HBS_2024,COOLING_CASES_V1
central,2050,Flemish Region,BE_TABULA_19,"Apartment, enclosed",1991-2005,TABULA_existing,58491.1146072,3244134,higher_uptake,inactive_cooling,false,none_active,false,0.74,43283.424809328,STATBEL_HBS_2024,COOLING_CASES_V1
central,2050,Flemish Region,BE_TABULA_19,"Apartment, enclosed",1991-2005,TABULA_existing,58491.1146072,3244134,higher_uptake,active_cooling,true,integrated_reversible_or_split_system_unspecified,false,0.26,15207.689797871999,STATBEL_HBS_2024,COOLING_CASES_V1
central,2050,Flemish Region,BE_TABULA_19,"Apartment, enclosed",1991-2005,TABULA_standard_B_proxy,18649.3408892,3244134,no_active_cooling,inactive_cooling,false,none_active,false,1,18649.3408892,STATBEL_HBS_2024,COOLING_CASES_V1
central,2050,Flemish Region,BE_TABULA_19,"Apartment, enclosed",1991-2005,TABULA_standard_B_proxy,18649.3408892,3244134,no_active_cooling,active_cooling,true,integrated_reversible_or_split_system_unspecified,false,0,0,STATBEL_HBS_2024,COOLING_CASES_V1
central,2050,Flemish Region,BE_TABULA_19,"Apartment, enclosed",1991-2005,TABULA_standard_B_proxy,18649.3408892,3244134,current_regional,inactive_cooling,false,none_active,false,0.87,16224.926573604,STATBEL_HBS_2024,COOLING_CASES_V1
central,2050,Flemish Region,BE_TABULA_19,"Apartment, enclosed",1991-2005,TABULA_standard_B_proxy,18649.3408892,3244134,current_regional,active_cooling,true,integrated_reversible_or_split_system_unspecified,false,0.13,2424.414315596,STATBEL_HBS_2024,COOLING_CASES_V1
central,2050,Flemish Region,BE_TABULA_19,"Apartment, enclosed",1991-2005,TABULA_standard_B_proxy,18649.3408892,3244134,higher_uptake,inactive_cooling,false,none_active,false,0.74,13800.512258008,STATBEL_HBS_2024,COOLING_CASES_V1
central,2050,Flemish Region,BE_TABULA_19,"Apartment, enclosed",1991-2005,TABULA_standard_B_proxy,18649.3408892,3244134,higher_uptake,active_cooling,true,integrated_reversible_or_split_system_unspecified,false,0.26,4848.828631192,STATBEL_HBS_2024,COOLING_CASES_V1
central,2050,Flemish Region,BE_TABULA_19,"Apartment, enclosed",1991-2005,TABULA_advanced_A_proxy,7629.27581833,3244134,no_active_cooling,inactive_cooling,false,none_active,true,1,7629.27581833,STATBEL_HBS_2024,COOLING_CASES_V1
central,2050,Flemish Region,BE_TABULA_19,"Apartment, enclosed",1991-2005,TABULA_advanced_A_proxy,7629.27581833,3244134,no_active_cooling,active_cooling,true,integrated_reversible_or_split_system_unspecified,true,0,0,STATBEL_HBS_2024,COOLING_CASES_V1
central,2050,Flemish Region,BE_TABULA_19,"Apartment, enclosed",1991-2005,TABULA_advanced_A_proxy,7629.27581833,3244134,current_regional,inactive_cooling,false,none_active,true,0.87,6637.4699619471,STATBEL_HBS_2024,COOLING_CASES_V1
central,2050,Flemish Region,BE_TABULA_19,"Apartment, enclosed",1991-2005,TABULA_advanced_A_proxy,7629.27581833,3244134,current_regional,active_cooling,true,integrated_reversible_or_split_system_unspecified,true,0.13,991.8058563829,STATBEL_HBS_2024,COOLING_CASES_V1
central,2050,Flemish Region,BE_TABULA_19,"Apartment, enclosed",1991-2005,TABULA_advanced_A_proxy,7629.27581833,3244134,higher_uptake,inactive_cooling,false,none_active,true,0.74,5645.6641055642,STATBEL_HBS_2024,COOLING_CASES_V1
central,2050,Flemish Region,BE_TABULA_19,"Apartment, enclosed",1991-2005,TABULA_advanced_A_proxy,7629.27581833,3244134,higher_uptake,active_cooling,true,integrated_reversible_or_split_system_unspecified,true,0.26,1983.6117127658,STATBEL_HBS_2024,COOLING_CASES_V1
central,2050,Flemish Region,BE_TABULA_20,"Apartment, exposed",1991-2005,TABULA_existing,58491.1146072,3244134,no_active_cooling,inactive_cooling,false,none_active,false,1,58491.1146072,STATBEL_HBS_2024,COOLING_CASES_V1
central,2050,Flemish Region,BE_TABULA_20,"Apartment, exposed",1991-2005,TABULA_existing,58491.1146072,3244134,no_active_cooling,active_cooling,true,integrated_reversible_or_split_system_unspecified,false,0,0,STATBEL_HBS_2024,COOLING_CASES_V1
central,2050,Flemish Region,BE_TABULA_20,"Apartment, exposed",1991-2005,TABULA_existing,58491.1146072,3244134,current_regional,inactive_cooling,false,none_active,false,0.87,50887.269708264,STATBEL_HBS_2024,COOLING_CASES_V1
central,2050,Flemish Region,BE_TABULA_20,"Apartment, exposed",1991-2005,TABULA_existing,58491.1146072,3244134,current_regional,active_cooling,true,integrated_reversible_or_split_system_unspecified,false,0.13,7603.844898936,STATBEL_HBS_2024,COOLING_CASES_V1
central,2050,Flemish Region,BE_TABULA_20,"Apartment, exposed",1991-2005,TABULA_existing,58491.1146072,3244134,higher_uptake,inactive_cooling,false,none_active,false,0.74,43283.424809328,STATBEL_HBS_2024,COOLING_CASES_V1
central,2050,Flemish Region,BE_TABULA_20,"Apartment, exposed",1991-2005,TABULA_existing,58491.1146072,3244134,higher_uptake,active_cooling,true,integrated_reversible_or_split_system_unspecified,false,0.26,15207.689797871999,STATBEL_HBS_2024,COOLING_CASES_V1
central,2050,Flemish Region,BE_TABULA_20,"Apartment, exposed",1991-2005,TABULA_standard_B_proxy,18649.3408892,3244134,no_active_cooling,inactive_cooling,false,none_active,false,1,18649.3408892,STATBEL_HBS_2024,COOLING_CASES_V1
central,2050,Flemish Region,BE_TABULA_20,"Apartment, exposed",1991-2005,TABULA_standard_B_proxy,18649.3408892,3244134,no_active_cooling,active_cooling,true,integrated_reversible_or_split_system_unspecified,false,0,0,STATBEL_HBS_2024,COOLING_CASES_V1
central,2050,Flemish Region,BE_TABULA_20,"Apartment, exposed",1991-2005,TABULA_standard_B_proxy,18649.3408892,3244134,current_regional,inactive_cooling,false,none_active,false,0.87,16224.926573604,STATBEL_HBS_2024,COOLING_CASES_V1
central,2050,Flemish Region,BE_TABULA_20,"Apartment, exposed",1991-2005,TABULA_standard_B_proxy,18649.3408892,3244134,current_regional,active_cooling,true,integrated_reversible_or_split_system_unspecified,false,0.13,2424.414315596,STATBEL_HBS_2024,COOLING_CASES_V1
central,2050,Flemish Region,BE_TABULA_20,"Apartment, exposed",1991-2005,TABULA_standard_B_proxy,18649.3408892,3244134,higher_uptake,inactive_cooling,false,none_active,false,0.74,13800.512258008,STATBEL_HBS_2024,COOLING_CASES_V1
central,2050,Flemish Region,BE_TABULA_20,"Apartment, exposed",1991-2005,TABULA_standard_B_proxy,18649.3408892,3244134,higher_uptake,active_cooling,true,integrated_reversible_or_split_system_unspecified,false,0.26,4848.828631192,STATBEL_HBS_2024,COOLING_CASES_V1
central,2050,Flemish Region,BE_TABULA_20,"Apartment, exposed",1991-2005,TABULA_advanced_A_proxy,7629.27581833,3244134,no_active_cooling,inactive_cooling,false,none_active,true,1,7629.27581833,STATBEL_HBS_2024,COOLING_CASES_V1
central,2050,Flemish Region,BE_TABULA_20,"Apartment, exposed",1991-2005,TABULA_advanced_A_proxy,7629.27581833,3244134,no_active_cooling,active_cooling,true,integrated_reversible_or_split_system_unspecified,true,0,0,STATBEL_HBS_2024,COOLING_CASES_V1
central,2050,Flemish Region,BE_TABULA_20,"Apartment, exposed",1991-2005,TABULA_advanced_A_proxy,7629.27581833,3244134,current_regional,inactive_cooling,false,none_active,true,0.87,6637.4699619471,STATBEL_HBS_2024,COOLING_CASES_V1
central,2050,Flemish Region,BE_TABULA_20,"Apartment, exposed",1991-2005,TABULA_advanced_A_proxy,7629.27581833,3244134,current_regional,active_cooling,true,integrated_reversible_or_split_system_unspecified,true,0.13,991.8058563829,STATBEL_HBS_2024,COOLING_CASES_V1
central,2050,Flemish Region,BE_TABULA_20,"Apartment, exposed",1991-2005,TABULA_advanced_A_proxy,7629.27581833,3244134,higher_uptake,inactive_cooling,false,none_active,true,0.74,5645.6641055642,STATBEL_HBS_2024,COOLING_CASES_V1
central,2050,Flemish Region,BE_TABULA_20,"Apartment, exposed",1991-2005,TABULA_advanced_A_proxy,7629.27581833,3244134,higher_uptake,active_cooling,true,integrated_reversible_or_split_system_unspecified,true,0.26,1983.6117127658,STATBEL_HBS_2024,COOLING_CASES_V1
central,2050,Flemish Region,BE_TABULA_21,Detached house,post-2005,TABULA_existing,80509.832346,3244134,no_active_cooling,inactive_cooling,false,none_active,false,1,80509.832346,STATBEL_HBS_2024,COOLING_CASES_V1
central,2050,Flemish Region,BE_TABULA_21,Detached house,post-2005,TABULA_existing,80509.832346,3244134,no_active_cooling,active_cooling,true,integrated_reversible_or_split_system_unspecified,false,0,0,STATBEL_HBS_2024,COOLING_CASES_V1
central,2050,Flemish Region,BE_TABULA_21,Detached house,post-2005,TABULA_existing,80509.832346,3244134,current_regional,inactive_cooling,false,none_active,false,0.87,70043.55414102,STATBEL_HBS_2024,COOLING_CASES_V1
central,2050,Flemish Region,BE_TABULA_21,Detached house,post-2005,TABULA_existing,80509.832346,3244134,current_regional,active_cooling,true,integrated_reversible_or_split_system_unspecified,false,0.13,10466.278204979999,STATBEL_HBS_2024,COOLING_CASES_V1
central,2050,Flemish Region,BE_TABULA_21,Detached house,post-2005,TABULA_existing,80509.832346,3244134,higher_uptake,inactive_cooling,false,none_active,false,0.74,59577.275936039994,STATBEL_HBS_2024,COOLING_CASES_V1
central,2050,Flemish Region,BE_TABULA_21,Detached house,post-2005,TABULA_existing,80509.832346,3244134,higher_uptake,active_cooling,true,integrated_reversible_or_split_system_unspecified,false,0.26,20932.556409959998,STATBEL_HBS_2024,COOLING_CASES_V1
central,2050,Flemish Region,BE_TABULA_21,Detached house,post-2005,TABULA_standard_B_proxy,25669.8016176,3244134,no_active_cooling,inactive_cooling,false,none_active,false,1,25669.8016176,STATBEL_HBS_2024,COOLING_CASES_V1
central,2050,Flemish Region,BE_TABULA_21,Detached house,post-2005,TABULA_standard_B_proxy,25669.8016176,3244134,no_active_cooling,active_cooling,true,integrated_reversible_or_split_system_unspecified,false,0,0,STATBEL_HBS_2024,COOLING_CASES_V1
central,2050,Flemish Region,BE_TABULA_21,Detached house,post-2005,TABULA_standard_B_proxy,25669.8016176,3244134,current_regional,inactive_cooling,false,none_active,false,0.87,22332.727407312,STATBEL_HBS_2024,COOLING_CASES_V1
central,2050,Flemish Region,BE_TABULA_21,Detached house,post-2005,TABULA_standard_B_proxy,25669.8016176,3244134,current_regional,active_cooling,true,integrated_reversible_or_split_system_unspecified,false,0.13,3337.074210288,STATBEL_HBS_2024,COOLING_CASES_V1
central,2050,Flemish Region,BE_TABULA_21,Detached house,post-2005,TABULA_standard_B_proxy,25669.8016176,3244134,higher_uptake,inactive_cooling,false,none_active,false,0.74,18995.653197024,STATBEL_HBS_2024,COOLING_CASES_V1
central,2050,Flemish Region,BE_TABULA_21,Detached house,post-2005,TABULA_standard_B_proxy,25669.8016176,3244134,higher_uptake,active_cooling,true,integrated_reversible_or_split_system_unspecified,false,0.26,6674.148420576,STATBEL_HBS_2024,COOLING_CASES_V1
central,2050,Flemish Region,BE_TABULA_21,Detached house,post-2005,TABULA_advanced_A_proxy,10501.2824799,3244134,no_active_cooling,inactive_cooling,false,none_active,true,1,10501.2824799,STATBEL_HBS_2024,COOLING_CASES_V1
central,2050,Flemish Region,BE_TABULA_21,Detached house,post-2005,TABULA_advanced_A_proxy,10501.2824799,3244134,no_active_cooling,active_cooling,true,integrated_reversible_or_split_system_unspecified,true,0,0,STATBEL_HBS_2024,COOLING_CASES_V1
central,2050,Flemish Region,BE_TABULA_21,Detached house,post-2005,TABULA_advanced_A_proxy,10501.2824799,3244134,current_regional,inactive_cooling,false,none_active,true,0.87,9136.115757513,STATBEL_HBS_2024,COOLING_CASES_V1
central,2050,Flemish Region,BE_TABULA_21,Detached house,post-2005,TABULA_advanced_A_proxy,10501.2824799,3244134,current_regional,active_cooling,true,integrated_reversible_or_split_system_unspecified,true,0.13,1365.166722387,STATBEL_HBS_2024,COOLING_CASES_V1
central,2050,Flemish Region,BE_TABULA_21,Detached house,post-2005,TABULA_advanced_A_proxy,10501.2824799,3244134,higher_uptake,inactive_cooling,false,none_active,true,0.74,7770.949035126,STATBEL_HBS_2024,COOLING_CASES_V1
central,2050,Flemish Region,BE_TABULA_21,Detached house,post-2005,TABULA_advanced_A_proxy,10501.2824799,3244134,higher_uptake,active_cooling,true,integrated_reversible_or_split_system_unspecified,true,0.26,2730.333444774,STATBEL_HBS_2024,COOLING_CASES_V1
central,2050,Flemish Region,BE_TABULA_22,Semi-detached house,post-2005,TABULA_existing,73737.5034307,3244134,no_active_cooling,inactive_cooling,false,none_active,false,1,73737.5034307,STATBEL_HBS_2024,COOLING_CASES_V1
central,2050,Flemish Region,BE_TABULA_22,Semi-detached house,post-2005,TABULA_existing,73737.5034307,3244134,no_active_cooling,active_cooling,true,integrated_reversible_or_split_system_unspecified,false,0,0,STATBEL_HBS_2024,COOLING_CASES_V1
central,2050,Flemish Region,BE_TABULA_22,Semi-detached house,post-2005,TABULA_existing,73737.5034307,3244134,current_regional,inactive_cooling,false,none_active,false,0.87,64151.627984709005,STATBEL_HBS_2024,COOLING_CASES_V1
central,2050,Flemish Region,BE_TABULA_22,Semi-detached house,post-2005,TABULA_existing,73737.5034307,3244134,current_regional,active_cooling,true,integrated_reversible_or_split_system_unspecified,false,0.13,9585.875445991001,STATBEL_HBS_2024,COOLING_CASES_V1
central,2050,Flemish Region,BE_TABULA_22,Semi-detached house,post-2005,TABULA_existing,73737.5034307,3244134,higher_uptake,inactive_cooling,false,none_active,false,0.74,54565.752538718,STATBEL_HBS_2024,COOLING_CASES_V1
central,2050,Flemish Region,BE_TABULA_22,Semi-detached house,post-2005,TABULA_existing,73737.5034307,3244134,higher_uptake,active_cooling,true,integrated_reversible_or_split_system_unspecified,false,0.26,19171.750891982003,STATBEL_HBS_2024,COOLING_CASES_V1
central,2050,Flemish Region,BE_TABULA_22,Semi-detached house,post-2005,TABULA_standard_B_proxy,23510.5083402,3244134,no_active_cooling,inactive_cooling,false,none_active,false,1,23510.5083402,STATBEL_HBS_2024,COOLING_CASES_V1
central,2050,Flemish Region,BE_TABULA_22,Semi-detached house,post-2005,TABULA_standard_B_proxy,23510.5083402,3244134,no_active_cooling,active_cooling,true,integrated_reversible_or_split_system_unspecified,false,0,0,STATBEL_HBS_2024,COOLING_CASES_V1
central,2050,Flemish Region,BE_TABULA_22,Semi-detached house,post-2005,TABULA_standard_B_proxy,23510.5083402,3244134,current_regional,inactive_cooling,false,none_active,false,0.87,20454.142255974,STATBEL_HBS_2024,COOLING_CASES_V1
central,2050,Flemish Region,BE_TABULA_22,Semi-detached house,post-2005,TABULA_standard_B_proxy,23510.5083402,3244134,current_regional,active_cooling,true,integrated_reversible_or_split_system_unspecified,false,0.13,3056.366084226,STATBEL_HBS_2024,COOLING_CASES_V1
central,2050,Flemish Region,BE_TABULA_22,Semi-detached house,post-2005,TABULA_standard_B_proxy,23510.5083402,3244134,higher_uptake,inactive_cooling,false,none_active,false,0.74,17397.776171748,STATBEL_HBS_2024,COOLING_CASES_V1
central,2050,Flemish Region,BE_TABULA_22,Semi-detached house,post-2005,TABULA_standard_B_proxy,23510.5083402,3244134,higher_uptake,active_cooling,true,integrated_reversible_or_split_system_unspecified,false,0.26,6112.732168451999,STATBEL_HBS_2024,COOLING_CASES_V1
central,2050,Flemish Region,BE_TABULA_22,Semi-detached house,post-2005,TABULA_advanced_A_proxy,9617.93523009,3244134,no_active_cooling,inactive_cooling,false,none_active,true,1,9617.93523009,STATBEL_HBS_2024,COOLING_CASES_V1
central,2050,Flemish Region,BE_TABULA_22,Semi-detached house,post-2005,TABULA_advanced_A_proxy,9617.93523009,3244134,no_active_cooling,active_cooling,true,integrated_reversible_or_split_system_unspecified,true,0,0,STATBEL_HBS_2024,COOLING_CASES_V1
central,2050,Flemish Region,BE_TABULA_22,Semi-detached house,post-2005,TABULA_advanced_A_proxy,9617.93523009,3244134,current_regional,inactive_cooling,false,none_active,true,0.87,8367.603650178298,STATBEL_HBS_2024,COOLING_CASES_V1
central,2050,Flemish Region,BE_TABULA_22,Semi-detached house,post-2005,TABULA_advanced_A_proxy,9617.93523009,3244134,current_regional,active_cooling,true,integrated_reversible_or_split_system_unspecified,true,0.13,1250.3315799117,STATBEL_HBS_2024,COOLING_CASES_V1
central,2050,Flemish Region,BE_TABULA_22,Semi-detached house,post-2005,TABULA_advanced_A_proxy,9617.93523009,3244134,higher_uptake,inactive_cooling,false,none_active,true,0.74,7117.272070266599,STATBEL_HBS_2024,COOLING_CASES_V1
central,2050,Flemish Region,BE_TABULA_22,Semi-detached house,post-2005,TABULA_advanced_A_proxy,9617.93523009,3244134,higher_uptake,active_cooling,true,integrated_reversible_or_split_system_unspecified,true,0.26,2500.6631598234,STATBEL_HBS_2024,COOLING_CASES_V1
central,2050,Flemish Region,BE_TABULA_23,Terraced house,post-2005,TABULA_existing,35329.6240153,3244134,no_active_cooling,inactive_cooling,false,none_active,false,1,35329.6240153,STATBEL_HBS_2024,COOLING_CASES_V1
central,2050,Flemish Region,BE_TABULA_23,Terraced house,post-2005,TABULA_existing,35329.6240153,3244134,no_active_cooling,active_cooling,true,integrated_reversible_or_split_system_unspecified,false,0,0,STATBEL_HBS_2024,COOLING_CASES_V1
central,2050,Flemish Region,BE_TABULA_23,Terraced house,post-2005,TABULA_existing,35329.6240153,3244134,current_regional,inactive_cooling,false,none_active,false,0.87,30736.772893311,STATBEL_HBS_2024,COOLING_CASES_V1
central,2050,Flemish Region,BE_TABULA_23,Terraced house,post-2005,TABULA_existing,35329.6240153,3244134,current_regional,active_cooling,true,integrated_reversible_or_split_system_unspecified,false,0.13,4592.851121989001,STATBEL_HBS_2024,COOLING_CASES_V1
central,2050,Flemish Region,BE_TABULA_23,Terraced house,post-2005,TABULA_existing,35329.6240153,3244134,higher_uptake,inactive_cooling,false,none_active,false,0.74,26143.921771322002,STATBEL_HBS_2024,COOLING_CASES_V1
central,2050,Flemish Region,BE_TABULA_23,Terraced house,post-2005,TABULA_existing,35329.6240153,3244134,higher_uptake,active_cooling,true,integrated_reversible_or_split_system_unspecified,false,0.26,9185.702243978001,STATBEL_HBS_2024,COOLING_CASES_V1
central,2050,Flemish Region,BE_TABULA_23,Terraced house,post-2005,TABULA_standard_B_proxy,11264.517802,3244134,no_active_cooling,inactive_cooling,false,none_active,false,1,11264.517802,STATBEL_HBS_2024,COOLING_CASES_V1
central,2050,Flemish Region,BE_TABULA_23,Terraced house,post-2005,TABULA_standard_B_proxy,11264.517802,3244134,no_active_cooling,active_cooling,true,integrated_reversible_or_split_system_unspecified,false,0,0,STATBEL_HBS_2024,COOLING_CASES_V1
central,2050,Flemish Region,BE_TABULA_23,Terraced house,post-2005,TABULA_standard_B_proxy,11264.517802,3244134,current_regional,inactive_cooling,false,none_active,false,0.87,9800.13048774,STATBEL_HBS_2024,COOLING_CASES_V1
central,2050,Flemish Region,BE_TABULA_23,Terraced house,post-2005,TABULA_standard_B_proxy,11264.517802,3244134,current_regional,active_cooling,true,integrated_reversible_or_split_system_unspecified,false,0.13,1464.38731426,STATBEL_HBS_2024,COOLING_CASES_V1
central,2050,Flemish Region,BE_TABULA_23,Terraced house,post-2005,TABULA_standard_B_proxy,11264.517802,3244134,higher_uptake,inactive_cooling,false,none_active,false,0.74,8335.74317348,STATBEL_HBS_2024,COOLING_CASES_V1
central,2050,Flemish Region,BE_TABULA_23,Terraced house,post-2005,TABULA_standard_B_proxy,11264.517802,3244134,higher_uptake,active_cooling,true,integrated_reversible_or_split_system_unspecified,false,0.26,2928.77462852,STATBEL_HBS_2024,COOLING_CASES_V1
central,2050,Flemish Region,BE_TABULA_23,Terraced house,post-2005,TABULA_advanced_A_proxy,4608.21182808,3244134,no_active_cooling,inactive_cooling,false,none_active,true,1,4608.21182808,STATBEL_HBS_2024,COOLING_CASES_V1
central,2050,Flemish Region,BE_TABULA_23,Terraced house,post-2005,TABULA_advanced_A_proxy,4608.21182808,3244134,no_active_cooling,active_cooling,true,integrated_reversible_or_split_system_unspecified,true,0,0,STATBEL_HBS_2024,COOLING_CASES_V1
central,2050,Flemish Region,BE_TABULA_23,Terraced house,post-2005,TABULA_advanced_A_proxy,4608.21182808,3244134,current_regional,inactive_cooling,false,none_active,true,0.87,4009.1442904296,STATBEL_HBS_2024,COOLING_CASES_V1
central,2050,Flemish Region,BE_TABULA_23,Terraced house,post-2005,TABULA_advanced_A_proxy,4608.21182808,3244134,current_regional,active_cooling,true,integrated_reversible_or_split_system_unspecified,true,0.13,599.0675376504,STATBEL_HBS_2024,COOLING_CASES_V1
central,2050,Flemish Region,BE_TABULA_23,Terraced house,post-2005,TABULA_advanced_A_proxy,4608.21182808,3244134,higher_uptake,inactive_cooling,false,none_active,true,0.74,3410.0767527792,STATBEL_HBS_2024,COOLING_CASES_V1
central,2050,Flemish Region,BE_TABULA_23,Terraced house,post-2005,TABULA_advanced_A_proxy,4608.21182808,3244134,higher_uptake,active_cooling,true,integrated_reversible_or_split_system_unspecified,true,0.26,1198.1350753008,STATBEL_HBS_2024,COOLING_CASES_V1
central,2050,Flemish Region,BE_TABULA_24,"Apartment, enclosed",post-2005,TABULA_existing,86266.382345,3244134,no_active_cooling,inactive_cooling,false,none_active,false,1,86266.382345,STATBEL_HBS_2024,COOLING_CASES_V1
central,2050,Flemish Region,BE_TABULA_24,"Apartment, enclosed",post-2005,TABULA_existing,86266.382345,3244134,no_active_cooling,active_cooling,true,integrated_reversible_or_split_system_unspecified,false,0,0,STATBEL_HBS_2024,COOLING_CASES_V1
central,2050,Flemish Region,BE_TABULA_24,"Apartment, enclosed",post-2005,TABULA_existing,86266.382345,3244134,current_regional,inactive_cooling,false,none_active,false,0.87,75051.75264015,STATBEL_HBS_2024,COOLING_CASES_V1
central,2050,Flemish Region,BE_TABULA_24,"Apartment, enclosed",post-2005,TABULA_existing,86266.382345,3244134,current_regional,active_cooling,true,integrated_reversible_or_split_system_unspecified,false,0.13,11214.629704850002,STATBEL_HBS_2024,COOLING_CASES_V1
central,2050,Flemish Region,BE_TABULA_24,"Apartment, enclosed",post-2005,TABULA_existing,86266.382345,3244134,higher_uptake,inactive_cooling,false,none_active,false,0.74,63837.1229353,STATBEL_HBS_2024,COOLING_CASES_V1
central,2050,Flemish Region,BE_TABULA_24,"Apartment, enclosed",post-2005,TABULA_existing,86266.382345,3244134,higher_uptake,active_cooling,true,integrated_reversible_or_split_system_unspecified,false,0.26,22429.259409700004,STATBEL_HBS_2024,COOLING_CASES_V1
central,2050,Flemish Region,BE_TABULA_24,"Apartment, enclosed",post-2005,TABULA_standard_B_proxy,27505.2233564,3244134,no_active_cooling,inactive_cooling,false,none_active,false,1,27505.2233564,STATBEL_HBS_2024,COOLING_CASES_V1
central,2050,Flemish Region,BE_TABULA_24,"Apartment, enclosed",post-2005,TABULA_standard_B_proxy,27505.2233564,3244134,no_active_cooling,active_cooling,true,integrated_reversible_or_split_system_unspecified,false,0,0,STATBEL_HBS_2024,COOLING_CASES_V1
central,2050,Flemish Region,BE_TABULA_24,"Apartment, enclosed",post-2005,TABULA_standard_B_proxy,27505.2233564,3244134,current_regional,inactive_cooling,false,none_active,false,0.87,23929.544320068002,STATBEL_HBS_2024,COOLING_CASES_V1
central,2050,Flemish Region,BE_TABULA_24,"Apartment, enclosed",post-2005,TABULA_standard_B_proxy,27505.2233564,3244134,current_regional,active_cooling,true,integrated_reversible_or_split_system_unspecified,false,0.13,3575.679036332,STATBEL_HBS_2024,COOLING_CASES_V1
central,2050,Flemish Region,BE_TABULA_24,"Apartment, enclosed",post-2005,TABULA_standard_B_proxy,27505.2233564,3244134,higher_uptake,inactive_cooling,false,none_active,false,0.74,20353.865283736002,STATBEL_HBS_2024,COOLING_CASES_V1
central,2050,Flemish Region,BE_TABULA_24,"Apartment, enclosed",post-2005,TABULA_standard_B_proxy,27505.2233564,3244134,higher_uptake,active_cooling,true,integrated_reversible_or_split_system_unspecified,false,0.26,7151.358072664,STATBEL_HBS_2024,COOLING_CASES_V1
central,2050,Flemish Region,BE_TABULA_24,"Apartment, enclosed",post-2005,TABULA_advanced_A_proxy,11252.1368276,3244134,no_active_cooling,inactive_cooling,false,none_active,true,1,11252.1368276,STATBEL_HBS_2024,COOLING_CASES_V1
central,2050,Flemish Region,BE_TABULA_24,"Apartment, enclosed",post-2005,TABULA_advanced_A_proxy,11252.1368276,3244134,no_active_cooling,active_cooling,true,integrated_reversible_or_split_system_unspecified,true,0,0,STATBEL_HBS_2024,COOLING_CASES_V1
central,2050,Flemish Region,BE_TABULA_24,"Apartment, enclosed",post-2005,TABULA_advanced_A_proxy,11252.1368276,3244134,current_regional,inactive_cooling,false,none_active,true,0.87,9789.359040012,STATBEL_HBS_2024,COOLING_CASES_V1
central,2050,Flemish Region,BE_TABULA_24,"Apartment, enclosed",post-2005,TABULA_advanced_A_proxy,11252.1368276,3244134,current_regional,active_cooling,true,integrated_reversible_or_split_system_unspecified,true,0.13,1462.777787588,STATBEL_HBS_2024,COOLING_CASES_V1
central,2050,Flemish Region,BE_TABULA_24,"Apartment, enclosed",post-2005,TABULA_advanced_A_proxy,11252.1368276,3244134,higher_uptake,inactive_cooling,false,none_active,true,0.74,8326.581252424,STATBEL_HBS_2024,COOLING_CASES_V1
central,2050,Flemish Region,BE_TABULA_24,"Apartment, enclosed",post-2005,TABULA_advanced_A_proxy,11252.1368276,3244134,higher_uptake,active_cooling,true,integrated_reversible_or_split_system_unspecified,true,0.26,2925.555575176,STATBEL_HBS_2024,COOLING_CASES_V1
central,2050,Flemish Region,BE_TABULA_25,"Apartment, exposed",post-2005,TABULA_existing,86266.382345,3244134,no_active_cooling,inactive_cooling,false,none_active,false,1,86266.382345,STATBEL_HBS_2024,COOLING_CASES_V1
central,2050,Flemish Region,BE_TABULA_25,"Apartment, exposed",post-2005,TABULA_existing,86266.382345,3244134,no_active_cooling,active_cooling,true,integrated_reversible_or_split_system_unspecified,false,0,0,STATBEL_HBS_2024,COOLING_CASES_V1
central,2050,Flemish Region,BE_TABULA_25,"Apartment, exposed",post-2005,TABULA_existing,86266.382345,3244134,current_regional,inactive_cooling,false,none_active,false,0.87,75051.75264015,STATBEL_HBS_2024,COOLING_CASES_V1
central,2050,Flemish Region,BE_TABULA_25,"Apartment, exposed",post-2005,TABULA_existing,86266.382345,3244134,current_regional,active_cooling,true,integrated_reversible_or_split_system_unspecified,false,0.13,11214.629704850002,STATBEL_HBS_2024,COOLING_CASES_V1
central,2050,Flemish Region,BE_TABULA_25,"Apartment, exposed",post-2005,TABULA_existing,86266.382345,3244134,higher_uptake,inactive_cooling,false,none_active,false,0.74,63837.1229353,STATBEL_HBS_2024,COOLING_CASES_V1
central,2050,Flemish Region,BE_TABULA_25,"Apartment, exposed",post-2005,TABULA_existing,86266.382345,3244134,higher_uptake,active_cooling,true,integrated_reversible_or_split_system_unspecified,false,0.26,22429.259409700004,STATBEL_HBS_2024,COOLING_CASES_V1
central,2050,Flemish Region,BE_TABULA_25,"Apartment, exposed",post-2005,TABULA_standard_B_proxy,27505.2233564,3244134,no_active_cooling,inactive_cooling,false,none_active,false,1,27505.2233564,STATBEL_HBS_2024,COOLING_CASES_V1
central,2050,Flemish Region,BE_TABULA_25,"Apartment, exposed",post-2005,TABULA_standard_B_proxy,27505.2233564,3244134,no_active_cooling,active_cooling,true,integrated_reversible_or_split_system_unspecified,false,0,0,STATBEL_HBS_2024,COOLING_CASES_V1
central,2050,Flemish Region,BE_TABULA_25,"Apartment, exposed",post-2005,TABULA_standard_B_proxy,27505.2233564,3244134,current_regional,inactive_cooling,false,none_active,false,0.87,23929.544320068002,STATBEL_HBS_2024,COOLING_CASES_V1
central,2050,Flemish Region,BE_TABULA_25,"Apartment, exposed",post-2005,TABULA_standard_B_proxy,27505.2233564,3244134,current_regional,active_cooling,true,integrated_reversible_or_split_system_unspecified,false,0.13,3575.679036332,STATBEL_HBS_2024,COOLING_CASES_V1
central,2050,Flemish Region,BE_TABULA_25,"Apartment, exposed",post-2005,TABULA_standard_B_proxy,27505.2233564,3244134,higher_uptake,inactive_cooling,false,none_active,false,0.74,20353.865283736002,STATBEL_HBS_2024,COOLING_CASES_V1
central,2050,Flemish Region,BE_TABULA_25,"Apartment, exposed",post-2005,TABULA_standard_B_proxy,27505.2233564,3244134,higher_uptake,active_cooling,true,integrated_reversible_or_split_system_unspecified,false,0.26,7151.358072664,STATBEL_HBS_2024,COOLING_CASES_V1
central,2050,Flemish Region,BE_TABULA_25,"Apartment, exposed",post-2005,TABULA_advanced_A_proxy,11252.1368276,3244134,no_active_cooling,inactive_cooling,false,none_active,true,1,11252.1368276,STATBEL_HBS_2024,COOLING_CASES_V1
central,2050,Flemish Region,BE_TABULA_25,"Apartment, exposed",post-2005,TABULA_advanced_A_proxy,11252.1368276,3244134,no_active_cooling,active_cooling,true,integrated_reversible_or_split_system_unspecified,true,0,0,STATBEL_HBS_2024,COOLING_CASES_V1
central,2050,Flemish Region,BE_TABULA_25,"Apartment, exposed",post-2005,TABULA_advanced_A_proxy,11252.1368276,3244134,current_regional,inactive_cooling,false,none_active,true,0.87,9789.359040012,STATBEL_HBS_2024,COOLING_CASES_V1
central,2050,Flemish Region,BE_TABULA_25,"Apartment, exposed",post-2005,TABULA_advanced_A_proxy,11252.1368276,3244134,current_regional,active_cooling,true,integrated_reversible_or_split_system_unspecified,true,0.13,1462.777787588,STATBEL_HBS_2024,COOLING_CASES_V1
central,2050,Flemish Region,BE_TABULA_25,"Apartment, exposed",post-2005,TABULA_advanced_A_proxy,11252.1368276,3244134,higher_uptake,inactive_cooling,false,none_active,true,0.74,8326.581252424,STATBEL_HBS_2024,COOLING_CASES_V1
central,2050,Flemish Region,BE_TABULA_25,"Apartment, exposed",post-2005,TABULA_advanced_A_proxy,11252.1368276,3244134,higher_uptake,active_cooling,true,integrated_reversible_or_split_system_unspecified,true,0.26,2925.555575176,STATBEL_HBS_2024,COOLING_CASES_V1
central,2050,Walloon Region,BE_TABULA_01,Detached house,pre-1946,TABULA_existing,0,1727209,no_active_cooling,inactive_cooling,false,none_active,false,1,0,STATBEL_HBS_2024,COOLING_CASES_V1
central,2050,Walloon Region,BE_TABULA_01,Detached house,pre-1946,TABULA_existing,0,1727209,no_active_cooling,active_cooling,true,integrated_reversible_or_split_system_unspecified,false,0,0,STATBEL_HBS_2024,COOLING_CASES_V1
central,2050,Walloon Region,BE_TABULA_01,Detached house,pre-1946,TABULA_existing,0,1727209,current_regional,inactive_cooling,false,none_active,false,0.93,0,STATBEL_HBS_2024,COOLING_CASES_V1
central,2050,Walloon Region,BE_TABULA_01,Detached house,pre-1946,TABULA_existing,0,1727209,current_regional,active_cooling,true,integrated_reversible_or_split_system_unspecified,false,0.07,0,STATBEL_HBS_2024,COOLING_CASES_V1
central,2050,Walloon Region,BE_TABULA_01,Detached house,pre-1946,TABULA_existing,0,1727209,higher_uptake,inactive_cooling,false,none_active,false,0.86,0,STATBEL_HBS_2024,COOLING_CASES_V1
central,2050,Walloon Region,BE_TABULA_01,Detached house,pre-1946,TABULA_existing,0,1727209,higher_uptake,active_cooling,true,integrated_reversible_or_split_system_unspecified,false,0.14,0,STATBEL_HBS_2024,COOLING_CASES_V1
central,2050,Walloon Region,BE_TABULA_01,Detached house,pre-1946,TABULA_standard_B_proxy,113062.9293276,1727209,no_active_cooling,inactive_cooling,false,none_active,false,1,113062.9293276,STATBEL_HBS_2024,COOLING_CASES_V1
central,2050,Walloon Region,BE_TABULA_01,Detached house,pre-1946,TABULA_standard_B_proxy,113062.9293276,1727209,no_active_cooling,active_cooling,true,integrated_reversible_or_split_system_unspecified,false,0,0,STATBEL_HBS_2024,COOLING_CASES_V1
central,2050,Walloon Region,BE_TABULA_01,Detached house,pre-1946,TABULA_standard_B_proxy,113062.9293276,1727209,current_regional,inactive_cooling,false,none_active,false,0.93,105148.52427466799,STATBEL_HBS_2024,COOLING_CASES_V1
central,2050,Walloon Region,BE_TABULA_01,Detached house,pre-1946,TABULA_standard_B_proxy,113062.9293276,1727209,current_regional,active_cooling,true,integrated_reversible_or_split_system_unspecified,false,0.07,7914.405052932,STATBEL_HBS_2024,COOLING_CASES_V1
central,2050,Walloon Region,BE_TABULA_01,Detached house,pre-1946,TABULA_standard_B_proxy,113062.9293276,1727209,higher_uptake,inactive_cooling,false,none_active,false,0.86,97234.119221736,STATBEL_HBS_2024,COOLING_CASES_V1
central,2050,Walloon Region,BE_TABULA_01,Detached house,pre-1946,TABULA_standard_B_proxy,113062.9293276,1727209,higher_uptake,active_cooling,true,integrated_reversible_or_split_system_unspecified,false,0.14,15828.810105864,STATBEL_HBS_2024,COOLING_CASES_V1
central,2050,Walloon Region,BE_TABULA_01,Detached house,pre-1946,TABULA_advanced_A_proxy,23509.560083529985,1727209,no_active_cooling,inactive_cooling,false,none_active,true,1,23509.560083529985,STATBEL_HBS_2024,COOLING_CASES_V1
central,2050,Walloon Region,BE_TABULA_01,Detached house,pre-1946,TABULA_advanced_A_proxy,23509.560083529985,1727209,no_active_cooling,active_cooling,true,integrated_reversible_or_split_system_unspecified,true,0,0,STATBEL_HBS_2024,COOLING_CASES_V1
central,2050,Walloon Region,BE_TABULA_01,Detached house,pre-1946,TABULA_advanced_A_proxy,23509.560083529985,1727209,current_regional,inactive_cooling,false,none_active,true,0.93,21863.890877682883,STATBEL_HBS_2024,COOLING_CASES_V1
central,2050,Walloon Region,BE_TABULA_01,Detached house,pre-1946,TABULA_advanced_A_proxy,23509.560083529985,1727209,current_regional,active_cooling,true,integrated_reversible_or_split_system_unspecified,true,0.07,1645.669205847099,STATBEL_HBS_2024,COOLING_CASES_V1
central,2050,Walloon Region,BE_TABULA_01,Detached house,pre-1946,TABULA_advanced_A_proxy,23509.560083529985,1727209,higher_uptake,inactive_cooling,false,none_active,true,0.86,20218.221671835785,STATBEL_HBS_2024,COOLING_CASES_V1
central,2050,Walloon Region,BE_TABULA_01,Detached house,pre-1946,TABULA_advanced_A_proxy,23509.560083529985,1727209,higher_uptake,active_cooling,true,integrated_reversible_or_split_system_unspecified,true,0.14,3291.338411694198,STATBEL_HBS_2024,COOLING_CASES_V1
central,2050,Walloon Region,BE_TABULA_02,Semi-detached house,pre-1946,TABULA_existing,0,1727209,no_active_cooling,inactive_cooling,false,none_active,false,1,0,STATBEL_HBS_2024,COOLING_CASES_V1
central,2050,Walloon Region,BE_TABULA_02,Semi-detached house,pre-1946,TABULA_existing,0,1727209,no_active_cooling,active_cooling,true,integrated_reversible_or_split_system_unspecified,false,0,0,STATBEL_HBS_2024,COOLING_CASES_V1
central,2050,Walloon Region,BE_TABULA_02,Semi-detached house,pre-1946,TABULA_existing,0,1727209,current_regional,inactive_cooling,false,none_active,false,0.93,0,STATBEL_HBS_2024,COOLING_CASES_V1
central,2050,Walloon Region,BE_TABULA_02,Semi-detached house,pre-1946,TABULA_existing,0,1727209,current_regional,active_cooling,true,integrated_reversible_or_split_system_unspecified,false,0.07,0,STATBEL_HBS_2024,COOLING_CASES_V1
central,2050,Walloon Region,BE_TABULA_02,Semi-detached house,pre-1946,TABULA_existing,0,1727209,higher_uptake,inactive_cooling,false,none_active,false,0.86,0,STATBEL_HBS_2024,COOLING_CASES_V1
central,2050,Walloon Region,BE_TABULA_02,Semi-detached house,pre-1946,TABULA_existing,0,1727209,higher_uptake,active_cooling,true,integrated_reversible_or_split_system_unspecified,false,0.14,0,STATBEL_HBS_2024,COOLING_CASES_V1
central,2050,Walloon Region,BE_TABULA_02,Semi-detached house,pre-1946,TABULA_standard_B_proxy,194888.92931029995,1727209,no_active_cooling,inactive_cooling,false,none_active,false,1,194888.92931029995,STATBEL_HBS_2024,COOLING_CASES_V1
central,2050,Walloon Region,BE_TABULA_02,Semi-detached house,pre-1946,TABULA_standard_B_proxy,194888.92931029995,1727209,no_active_cooling,active_cooling,true,integrated_reversible_or_split_system_unspecified,false,0,0,STATBEL_HBS_2024,COOLING_CASES_V1
central,2050,Walloon Region,BE_TABULA_02,Semi-detached house,pre-1946,TABULA_standard_B_proxy,194888.92931029995,1727209,current_regional,inactive_cooling,false,none_active,false,0.93,181246.70425857895,STATBEL_HBS_2024,COOLING_CASES_V1
central,2050,Walloon Region,BE_TABULA_02,Semi-detached house,pre-1946,TABULA_standard_B_proxy,194888.92931029995,1727209,current_regional,active_cooling,true,integrated_reversible_or_split_system_unspecified,false,0.07,13642.225051720998,STATBEL_HBS_2024,COOLING_CASES_V1
central,2050,Walloon Region,BE_TABULA_02,Semi-detached house,pre-1946,TABULA_standard_B_proxy,194888.92931029995,1727209,higher_uptake,inactive_cooling,false,none_active,false,0.86,167604.47920685794,STATBEL_HBS_2024,COOLING_CASES_V1
central,2050,Walloon Region,BE_TABULA_02,Semi-detached house,pre-1946,TABULA_standard_B_proxy,194888.92931029995,1727209,higher_uptake,active_cooling,true,integrated_reversible_or_split_system_unspecified,false,0.14,27284.450103441995,STATBEL_HBS_2024,COOLING_CASES_V1
central,2050,Walloon Region,BE_TABULA_02,Semi-detached house,pre-1946,TABULA_advanced_A_proxy,36631.5420564,1727209,no_active_cooling,inactive_cooling,false,none_active,true,1,36631.5420564,STATBEL_HBS_2024,COOLING_CASES_V1
central,2050,Walloon Region,BE_TABULA_02,Semi-detached house,pre-1946,TABULA_advanced_A_proxy,36631.5420564,1727209,no_active_cooling,active_cooling,true,integrated_reversible_or_split_system_unspecified,true,0,0,STATBEL_HBS_2024,COOLING_CASES_V1
central,2050,Walloon Region,BE_TABULA_02,Semi-detached house,pre-1946,TABULA_advanced_A_proxy,36631.5420564,1727209,current_regional,inactive_cooling,false,none_active,true,0.93,34067.334112452,STATBEL_HBS_2024,COOLING_CASES_V1
central,2050,Walloon Region,BE_TABULA_02,Semi-detached house,pre-1946,TABULA_advanced_A_proxy,36631.5420564,1727209,current_regional,active_cooling,true,integrated_reversible_or_split_system_unspecified,true,0.07,2564.207943948,STATBEL_HBS_2024,COOLING_CASES_V1
central,2050,Walloon Region,BE_TABULA_02,Semi-detached house,pre-1946,TABULA_advanced_A_proxy,36631.5420564,1727209,higher_uptake,inactive_cooling,false,none_active,true,0.86,31503.126168504,STATBEL_HBS_2024,COOLING_CASES_V1
central,2050,Walloon Region,BE_TABULA_02,Semi-detached house,pre-1946,TABULA_advanced_A_proxy,36631.5420564,1727209,higher_uptake,active_cooling,true,integrated_reversible_or_split_system_unspecified,true,0.14,5128.415887896001,STATBEL_HBS_2024,COOLING_CASES_V1
central,2050,Walloon Region,BE_TABULA_03,Terraced house,pre-1946,TABULA_existing,128138.42018509985,1727209,no_active_cooling,inactive_cooling,false,none_active,false,1,128138.42018509985,STATBEL_HBS_2024,COOLING_CASES_V1
central,2050,Walloon Region,BE_TABULA_03,Terraced house,pre-1946,TABULA_existing,128138.42018509985,1727209,no_active_cooling,active_cooling,true,integrated_reversible_or_split_system_unspecified,false,0,0,STATBEL_HBS_2024,COOLING_CASES_V1
central,2050,Walloon Region,BE_TABULA_03,Terraced house,pre-1946,TABULA_existing,128138.42018509985,1727209,current_regional,inactive_cooling,false,none_active,false,0.93,119168.73077214285,STATBEL_HBS_2024,COOLING_CASES_V1
central,2050,Walloon Region,BE_TABULA_03,Terraced house,pre-1946,TABULA_existing,128138.42018509985,1727209,current_regional,active_cooling,true,integrated_reversible_or_split_system_unspecified,false,0.07,8969.68941295699,STATBEL_HBS_2024,COOLING_CASES_V1
central,2050,Walloon Region,BE_TABULA_03,Terraced house,pre-1946,TABULA_existing,128138.42018509985,1727209,higher_uptake,inactive_cooling,false,none_active,false,0.86,110199.04135918587,STATBEL_HBS_2024,COOLING_CASES_V1
central,2050,Walloon Region,BE_TABULA_03,Terraced house,pre-1946,TABULA_existing,128138.42018509985,1727209,higher_uptake,active_cooling,true,integrated_reversible_or_split_system_unspecified,false,0.14,17939.37882591398,STATBEL_HBS_2024,COOLING_CASES_V1
central,2050,Walloon Region,BE_TABULA_03,Terraced house,pre-1946,TABULA_standard_B_proxy,182513.43522540003,1727209,no_active_cooling,inactive_cooling,false,none_active,false,1,182513.43522540003,STATBEL_HBS_2024,COOLING_CASES_V1
central,2050,Walloon Region,BE_TABULA_03,Terraced house,pre-1946,TABULA_standard_B_proxy,182513.43522540003,1727209,no_active_cooling,active_cooling,true,integrated_reversible_or_split_system_unspecified,false,0,0,STATBEL_HBS_2024,COOLING_CASES_V1
central,2050,Walloon Region,BE_TABULA_03,Terraced house,pre-1946,TABULA_standard_B_proxy,182513.43522540003,1727209,current_regional,inactive_cooling,false,none_active,false,0.93,169737.494759622,STATBEL_HBS_2024,COOLING_CASES_V1
central,2050,Walloon Region,BE_TABULA_03,Terraced house,pre-1946,TABULA_standard_B_proxy,182513.43522540003,1727209,current_regional,active_cooling,true,integrated_reversible_or_split_system_unspecified,false,0.07,12775.940465778003,STATBEL_HBS_2024,COOLING_CASES_V1
central,2050,Walloon Region,BE_TABULA_03,Terraced house,pre-1946,TABULA_standard_B_proxy,182513.43522540003,1727209,higher_uptake,inactive_cooling,false,none_active,false,0.86,156961.55429384403,STATBEL_HBS_2024,COOLING_CASES_V1
central,2050,Walloon Region,BE_TABULA_03,Terraced house,pre-1946,TABULA_standard_B_proxy,182513.43522540003,1727209,higher_uptake,active_cooling,true,integrated_reversible_or_split_system_unspecified,false,0.14,25551.880931556007,STATBEL_HBS_2024,COOLING_CASES_V1
central,2050,Walloon Region,BE_TABULA_03,Terraced house,pre-1946,TABULA_advanced_A_proxy,29601.59209294009,1727209,no_active_cooling,inactive_cooling,false,none_active,true,1,29601.59209294009,STATBEL_HBS_2024,COOLING_CASES_V1
central,2050,Walloon Region,BE_TABULA_03,Terraced house,pre-1946,TABULA_advanced_A_proxy,29601.59209294009,1727209,no_active_cooling,active_cooling,true,integrated_reversible_or_split_system_unspecified,true,0,0,STATBEL_HBS_2024,COOLING_CASES_V1
central,2050,Walloon Region,BE_TABULA_03,Terraced house,pre-1946,TABULA_advanced_A_proxy,29601.59209294009,1727209,current_regional,inactive_cooling,false,none_active,true,0.93,27529.48064643428,STATBEL_HBS_2024,COOLING_CASES_V1
central,2050,Walloon Region,BE_TABULA_03,Terraced house,pre-1946,TABULA_advanced_A_proxy,29601.59209294009,1727209,current_regional,active_cooling,true,integrated_reversible_or_split_system_unspecified,true,0.07,2072.111446505806,STATBEL_HBS_2024,COOLING_CASES_V1
central,2050,Walloon Region,BE_TABULA_03,Terraced house,pre-1946,TABULA_advanced_A_proxy,29601.59209294009,1727209,higher_uptake,inactive_cooling,false,none_active,true,0.86,25457.369199928475,STATBEL_HBS_2024,COOLING_CASES_V1
central,2050,Walloon Region,BE_TABULA_03,Terraced house,pre-1946,TABULA_advanced_A_proxy,29601.59209294009,1727209,higher_uptake,active_cooling,true,integrated_reversible_or_split_system_unspecified,true,0.14,4144.222893011613,STATBEL_HBS_2024,COOLING_CASES_V1
central,2050,Walloon Region,BE_TABULA_04,"Apartment, enclosed",pre-1946,TABULA_existing,64465.5608716,1727209,no_active_cooling,inactive_cooling,false,none_active,false,1,64465.5608716,STATBEL_HBS_2024,COOLING_CASES_V1
central,2050,Walloon Region,BE_TABULA_04,"Apartment, enclosed",pre-1946,TABULA_existing,64465.5608716,1727209,no_active_cooling,active_cooling,true,integrated_reversible_or_split_system_unspecified,false,0,0,STATBEL_HBS_2024,COOLING_CASES_V1
central,2050,Walloon Region,BE_TABULA_04,"Apartment, enclosed",pre-1946,TABULA_existing,64465.5608716,1727209,current_regional,inactive_cooling,false,none_active,false,0.93,59952.97161058799,STATBEL_HBS_2024,COOLING_CASES_V1
central,2050,Walloon Region,BE_TABULA_04,"Apartment, enclosed",pre-1946,TABULA_existing,64465.5608716,1727209,current_regional,active_cooling,true,integrated_reversible_or_split_system_unspecified,false,0.07,4512.589261012,STATBEL_HBS_2024,COOLING_CASES_V1
central,2050,Walloon Region,BE_TABULA_04,"Apartment, enclosed",pre-1946,TABULA_existing,64465.5608716,1727209,higher_uptake,inactive_cooling,false,none_active,false,0.86,55440.382349576,STATBEL_HBS_2024,COOLING_CASES_V1
central,2050,Walloon Region,BE_TABULA_04,"Apartment, enclosed",pre-1946,TABULA_existing,64465.5608716,1727209,higher_uptake,active_cooling,true,integrated_reversible_or_split_system_unspecified,false,0.14,9025.178522024,STATBEL_HBS_2024,COOLING_CASES_V1
central,2050,Walloon Region,BE_TABULA_04,"Apartment, enclosed",pre-1946,TABULA_standard_B_proxy,8076.55090646,1727209,no_active_cooling,inactive_cooling,false,none_active,false,1,8076.55090646,STATBEL_HBS_2024,COOLING_CASES_V1
central,2050,Walloon Region,BE_TABULA_04,"Apartment, enclosed",pre-1946,TABULA_standard_B_proxy,8076.55090646,1727209,no_active_cooling,active_cooling,true,integrated_reversible_or_split_system_unspecified,false,0,0,STATBEL_HBS_2024,COOLING_CASES_V1
central,2050,Walloon Region,BE_TABULA_04,"Apartment, enclosed",pre-1946,TABULA_standard_B_proxy,8076.55090646,1727209,current_regional,inactive_cooling,false,none_active,false,0.93,7511.1923430078,STATBEL_HBS_2024,COOLING_CASES_V1
central,2050,Walloon Region,BE_TABULA_04,"Apartment, enclosed",pre-1946,TABULA_standard_B_proxy,8076.55090646,1727209,current_regional,active_cooling,true,integrated_reversible_or_split_system_unspecified,false,0.07,565.3585634522,STATBEL_HBS_2024,COOLING_CASES_V1
central,2050,Walloon Region,BE_TABULA_04,"Apartment, enclosed",pre-1946,TABULA_standard_B_proxy,8076.55090646,1727209,higher_uptake,inactive_cooling,false,none_active,false,0.86,6945.8337795556,STATBEL_HBS_2024,COOLING_CASES_V1
central,2050,Walloon Region,BE_TABULA_04,"Apartment, enclosed",pre-1946,TABULA_standard_B_proxy,8076.55090646,1727209,higher_uptake,active_cooling,true,integrated_reversible_or_split_system_unspecified,false,0.14,1130.7171269044,STATBEL_HBS_2024,COOLING_CASES_V1
central,2050,Walloon Region,BE_TABULA_04,"Apartment, enclosed",pre-1946,TABULA_advanced_A_proxy,881.078280705,1727209,no_active_cooling,inactive_cooling,false,none_active,true,1,881.078280705,STATBEL_HBS_2024,COOLING_CASES_V1
central,2050,Walloon Region,BE_TABULA_04,"Apartment, enclosed",pre-1946,TABULA_advanced_A_proxy,881.078280705,1727209,no_active_cooling,active_cooling,true,integrated_reversible_or_split_system_unspecified,true,0,0,STATBEL_HBS_2024,COOLING_CASES_V1
central,2050,Walloon Region,BE_TABULA_04,"Apartment, enclosed",pre-1946,TABULA_advanced_A_proxy,881.078280705,1727209,current_regional,inactive_cooling,false,none_active,true,0.93,819.40280105565,STATBEL_HBS_2024,COOLING_CASES_V1
central,2050,Walloon Region,BE_TABULA_04,"Apartment, enclosed",pre-1946,TABULA_advanced_A_proxy,881.078280705,1727209,current_regional,active_cooling,true,integrated_reversible_or_split_system_unspecified,true,0.07,61.67547964935,STATBEL_HBS_2024,COOLING_CASES_V1
central,2050,Walloon Region,BE_TABULA_04,"Apartment, enclosed",pre-1946,TABULA_advanced_A_proxy,881.078280705,1727209,higher_uptake,inactive_cooling,false,none_active,true,0.86,757.7273214063,STATBEL_HBS_2024,COOLING_CASES_V1
central,2050,Walloon Region,BE_TABULA_04,"Apartment, enclosed",pre-1946,TABULA_advanced_A_proxy,881.078280705,1727209,higher_uptake,active_cooling,true,integrated_reversible_or_split_system_unspecified,true,0.14,123.3509592987,STATBEL_HBS_2024,COOLING_CASES_V1
central,2050,Walloon Region,BE_TABULA_05,"Apartment, exposed",pre-1946,TABULA_existing,0,1727209,no_active_cooling,inactive_cooling,false,none_active,false,1,0,STATBEL_HBS_2024,COOLING_CASES_V1
central,2050,Walloon Region,BE_TABULA_05,"Apartment, exposed",pre-1946,TABULA_existing,0,1727209,no_active_cooling,active_cooling,true,integrated_reversible_or_split_system_unspecified,false,0,0,STATBEL_HBS_2024,COOLING_CASES_V1
central,2050,Walloon Region,BE_TABULA_05,"Apartment, exposed",pre-1946,TABULA_existing,0,1727209,current_regional,inactive_cooling,false,none_active,false,0.93,0,STATBEL_HBS_2024,COOLING_CASES_V1
central,2050,Walloon Region,BE_TABULA_05,"Apartment, exposed",pre-1946,TABULA_existing,0,1727209,current_regional,active_cooling,true,integrated_reversible_or_split_system_unspecified,false,0.07,0,STATBEL_HBS_2024,COOLING_CASES_V1
central,2050,Walloon Region,BE_TABULA_05,"Apartment, exposed",pre-1946,TABULA_existing,0,1727209,higher_uptake,inactive_cooling,false,none_active,false,0.86,0,STATBEL_HBS_2024,COOLING_CASES_V1
central,2050,Walloon Region,BE_TABULA_05,"Apartment, exposed",pre-1946,TABULA_existing,0,1727209,higher_uptake,active_cooling,true,integrated_reversible_or_split_system_unspecified,false,0.14,0,STATBEL_HBS_2024,COOLING_CASES_V1
central,2050,Walloon Region,BE_TABULA_05,"Apartment, exposed",pre-1946,TABULA_standard_B_proxy,62869.74137806,1727209,no_active_cooling,inactive_cooling,false,none_active,false,1,62869.74137806,STATBEL_HBS_2024,COOLING_CASES_V1
central,2050,Walloon Region,BE_TABULA_05,"Apartment, exposed",pre-1946,TABULA_standard_B_proxy,62869.74137806,1727209,no_active_cooling,active_cooling,true,integrated_reversible_or_split_system_unspecified,false,0,0,STATBEL_HBS_2024,COOLING_CASES_V1
central,2050,Walloon Region,BE_TABULA_05,"Apartment, exposed",pre-1946,TABULA_standard_B_proxy,62869.74137806,1727209,current_regional,inactive_cooling,false,none_active,false,0.93,58468.8594815958,STATBEL_HBS_2024,COOLING_CASES_V1
central,2050,Walloon Region,BE_TABULA_05,"Apartment, exposed",pre-1946,TABULA_standard_B_proxy,62869.74137806,1727209,current_regional,active_cooling,true,integrated_reversible_or_split_system_unspecified,false,0.07,4400.881896464201,STATBEL_HBS_2024,COOLING_CASES_V1
central,2050,Walloon Region,BE_TABULA_05,"Apartment, exposed",pre-1946,TABULA_standard_B_proxy,62869.74137806,1727209,higher_uptake,inactive_cooling,false,none_active,false,0.86,54067.9775851316,STATBEL_HBS_2024,COOLING_CASES_V1
central,2050,Walloon Region,BE_TABULA_05,"Apartment, exposed",pre-1946,TABULA_standard_B_proxy,62869.74137806,1727209,higher_uptake,active_cooling,true,integrated_reversible_or_split_system_unspecified,false,0.14,8801.763792928401,STATBEL_HBS_2024,COOLING_CASES_V1
central,2050,Walloon Region,BE_TABULA_05,"Apartment, exposed",pre-1946,TABULA_advanced_A_proxy,10553.448680705002,1727209,no_active_cooling,inactive_cooling,false,none_active,true,1,10553.448680705002,STATBEL_HBS_2024,COOLING_CASES_V1
central,2050,Walloon Region,BE_TABULA_05,"Apartment, exposed",pre-1946,TABULA_advanced_A_proxy,10553.448680705002,1727209,no_active_cooling,active_cooling,true,integrated_reversible_or_split_system_unspecified,true,0,0,STATBEL_HBS_2024,COOLING_CASES_V1
central,2050,Walloon Region,BE_TABULA_05,"Apartment, exposed",pre-1946,TABULA_advanced_A_proxy,10553.448680705002,1727209,current_regional,inactive_cooling,false,none_active,true,0.93,9814.70727305565,STATBEL_HBS_2024,COOLING_CASES_V1
central,2050,Walloon Region,BE_TABULA_05,"Apartment, exposed",pre-1946,TABULA_advanced_A_proxy,10553.448680705002,1727209,current_regional,active_cooling,true,integrated_reversible_or_split_system_unspecified,true,0.07,738.74140764935,STATBEL_HBS_2024,COOLING_CASES_V1
central,2050,Walloon Region,BE_TABULA_05,"Apartment, exposed",pre-1946,TABULA_advanced_A_proxy,10553.448680705002,1727209,higher_uptake,inactive_cooling,false,none_active,true,0.86,9075.9658654063,STATBEL_HBS_2024,COOLING_CASES_V1
central,2050,Walloon Region,BE_TABULA_05,"Apartment, exposed",pre-1946,TABULA_advanced_A_proxy,10553.448680705002,1727209,higher_uptake,active_cooling,true,integrated_reversible_or_split_system_unspecified,true,0.14,1477.4828152987,STATBEL_HBS_2024,COOLING_CASES_V1
central,2050,Walloon Region,BE_TABULA_06,Detached house,1946-1970,TABULA_existing,0,1727209,no_active_cooling,inactive_cooling,false,none_active,false,1,0,STATBEL_HBS_2024,COOLING_CASES_V1
central,2050,Walloon Region,BE_TABULA_06,Detached house,1946-1970,TABULA_existing,0,1727209,no_active_cooling,active_cooling,true,integrated_reversible_or_split_system_unspecified,false,0,0,STATBEL_HBS_2024,COOLING_CASES_V1
central,2050,Walloon Region,BE_TABULA_06,Detached house,1946-1970,TABULA_existing,0,1727209,current_regional,inactive_cooling,false,none_active,false,0.93,0,STATBEL_HBS_2024,COOLING_CASES_V1
central,2050,Walloon Region,BE_TABULA_06,Detached house,1946-1970,TABULA_existing,0,1727209,current_regional,active_cooling,true,integrated_reversible_or_split_system_unspecified,false,0.07,0,STATBEL_HBS_2024,COOLING_CASES_V1
central,2050,Walloon Region,BE_TABULA_06,Detached house,1946-1970,TABULA_existing,0,1727209,higher_uptake,inactive_cooling,false,none_active,false,0.86,0,STATBEL_HBS_2024,COOLING_CASES_V1
central,2050,Walloon Region,BE_TABULA_06,Detached house,1946-1970,TABULA_existing,0,1727209,higher_uptake,active_cooling,true,integrated_reversible_or_split_system_unspecified,false,0.14,0,STATBEL_HBS_2024,COOLING_CASES_V1
central,2050,Walloon Region,BE_TABULA_06,Detached house,1946-1970,TABULA_standard_B_proxy,74730.7367831,1727209,no_active_cooling,inactive_cooling,false,none_active,false,1,74730.7367831,STATBEL_HBS_2024,COOLING_CASES_V1
central,2050,Walloon Region,BE_TABULA_06,Detached house,1946-1970,TABULA_standard_B_proxy,74730.7367831,1727209,no_active_cooling,active_cooling,true,integrated_reversible_or_split_system_unspecified,false,0,0,STATBEL_HBS_2024,COOLING_CASES_V1
central,2050,Walloon Region,BE_TABULA_06,Detached house,1946-1970,TABULA_standard_B_proxy,74730.7367831,1727209,current_regional,inactive_cooling,false,none_active,false,0.93,69499.585208283,STATBEL_HBS_2024,COOLING_CASES_V1
central,2050,Walloon Region,BE_TABULA_06,Detached house,1946-1970,TABULA_standard_B_proxy,74730.7367831,1727209,current_regional,active_cooling,true,integrated_reversible_or_split_system_unspecified,false,0.07,5231.151574817,STATBEL_HBS_2024,COOLING_CASES_V1
central,2050,Walloon Region,BE_TABULA_06,Detached house,1946-1970,TABULA_standard_B_proxy,74730.7367831,1727209,higher_uptake,inactive_cooling,false,none_active,false,0.86,64268.433633466,STATBEL_HBS_2024,COOLING_CASES_V1
central,2050,Walloon Region,BE_TABULA_06,Detached house,1946-1970,TABULA_standard_B_proxy,74730.7367831,1727209,higher_uptake,active_cooling,true,integrated_reversible_or_split_system_unspecified,false,0.14,10462.303149634,STATBEL_HBS_2024,COOLING_CASES_V1
central,2050,Walloon Region,BE_TABULA_06,Detached house,1946-1970,TABULA_advanced_A_proxy,15592.433645140001,1727209,no_active_cooling,inactive_cooling,false,none_active,true,1,15592.433645140001,STATBEL_HBS_2024,COOLING_CASES_V1
central,2050,Walloon Region,BE_TABULA_06,Detached house,1946-1970,TABULA_advanced_A_proxy,15592.433645140001,1727209,no_active_cooling,active_cooling,true,integrated_reversible_or_split_system_unspecified,true,0,0,STATBEL_HBS_2024,COOLING_CASES_V1
central,2050,Walloon Region,BE_TABULA_06,Detached house,1946-1970,TABULA_advanced_A_proxy,15592.433645140001,1727209,current_regional,inactive_cooling,false,none_active,true,0.93,14500.9632899802,STATBEL_HBS_2024,COOLING_CASES_V1
central,2050,Walloon Region,BE_TABULA_06,Detached house,1946-1970,TABULA_advanced_A_proxy,15592.433645140001,1727209,current_regional,active_cooling,true,integrated_reversible_or_split_system_unspecified,true,0.07,1091.4703551598,STATBEL_HBS_2024,COOLING_CASES_V1
central,2050,Walloon Region,BE_TABULA_06,Detached house,1946-1970,TABULA_advanced_A_proxy,15592.433645140001,1727209,higher_uptake,inactive_cooling,false,none_active,true,0.86,13409.4929348204,STATBEL_HBS_2024,COOLING_CASES_V1
central,2050,Walloon Region,BE_TABULA_06,Detached house,1946-1970,TABULA_advanced_A_proxy,15592.433645140001,1727209,higher_uptake,active_cooling,true,integrated_reversible_or_split_system_unspecified,true,0.14,2182.9407103196,STATBEL_HBS_2024,COOLING_CASES_V1
central,2050,Walloon Region,BE_TABULA_07,Semi-detached house,1946-1970,TABULA_existing,0,1727209,no_active_cooling,inactive_cooling,false,none_active,false,1,0,STATBEL_HBS_2024,COOLING_CASES_V1
central,2050,Walloon Region,BE_TABULA_07,Semi-detached house,1946-1970,TABULA_existing,0,1727209,no_active_cooling,active_cooling,true,integrated_reversible_or_split_system_unspecified,false,0,0,STATBEL_HBS_2024,COOLING_CASES_V1
central,2050,Walloon Region,BE_TABULA_07,Semi-detached house,1946-1970,TABULA_existing,0,1727209,current_regional,inactive_cooling,false,none_active,false,0.93,0,STATBEL_HBS_2024,COOLING_CASES_V1
central,2050,Walloon Region,BE_TABULA_07,Semi-detached house,1946-1970,TABULA_existing,0,1727209,current_regional,active_cooling,true,integrated_reversible_or_split_system_unspecified,false,0.07,0,STATBEL_HBS_2024,COOLING_CASES_V1
central,2050,Walloon Region,BE_TABULA_07,Semi-detached house,1946-1970,TABULA_existing,0,1727209,higher_uptake,inactive_cooling,false,none_active,false,0.86,0,STATBEL_HBS_2024,COOLING_CASES_V1
central,2050,Walloon Region,BE_TABULA_07,Semi-detached house,1946-1970,TABULA_existing,0,1727209,higher_uptake,active_cooling,true,integrated_reversible_or_split_system_unspecified,false,0.14,0,STATBEL_HBS_2024,COOLING_CASES_V1
central,2050,Walloon Region,BE_TABULA_07,Semi-detached house,1946-1970,TABULA_standard_B_proxy,57477.64367674009,1727209,no_active_cooling,inactive_cooling,false,none_active,false,1,57477.64367674009,STATBEL_HBS_2024,COOLING_CASES_V1
central,2050,Walloon Region,BE_TABULA_07,Semi-detached house,1946-1970,TABULA_standard_B_proxy,57477.64367674009,1727209,no_active_cooling,active_cooling,true,integrated_reversible_or_split_system_unspecified,false,0,0,STATBEL_HBS_2024,COOLING_CASES_V1
central,2050,Walloon Region,BE_TABULA_07,Semi-detached house,1946-1970,TABULA_standard_B_proxy,57477.64367674009,1727209,current_regional,inactive_cooling,false,none_active,false,0.93,53454.20861936828,STATBEL_HBS_2024,COOLING_CASES_V1
central,2050,Walloon Region,BE_TABULA_07,Semi-detached house,1946-1970,TABULA_standard_B_proxy,57477.64367674009,1727209,current_regional,active_cooling,true,integrated_reversible_or_split_system_unspecified,false,0.07,4023.435057371807,STATBEL_HBS_2024,COOLING_CASES_V1
central,2050,Walloon Region,BE_TABULA_07,Semi-detached house,1946-1970,TABULA_standard_B_proxy,57477.64367674009,1727209,higher_uptake,inactive_cooling,false,none_active,false,0.86,49430.77356199647,STATBEL_HBS_2024,COOLING_CASES_V1
central,2050,Walloon Region,BE_TABULA_07,Semi-detached house,1946-1970,TABULA_standard_B_proxy,57477.64367674009,1727209,higher_uptake,active_cooling,true,integrated_reversible_or_split_system_unspecified,false,0.14,8046.870114743613,STATBEL_HBS_2024,COOLING_CASES_V1
central,2050,Walloon Region,BE_TABULA_07,Semi-detached house,1946-1970,TABULA_advanced_A_proxy,14029.010729980913,1727209,no_active_cooling,inactive_cooling,false,none_active,true,1,14029.010729980913,STATBEL_HBS_2024,COOLING_CASES_V1
central,2050,Walloon Region,BE_TABULA_07,Semi-detached house,1946-1970,TABULA_advanced_A_proxy,14029.010729980913,1727209,no_active_cooling,active_cooling,true,integrated_reversible_or_split_system_unspecified,true,0,0,STATBEL_HBS_2024,COOLING_CASES_V1
central,2050,Walloon Region,BE_TABULA_07,Semi-detached house,1946-1970,TABULA_advanced_A_proxy,14029.010729980913,1727209,current_regional,inactive_cooling,false,none_active,true,0.93,13046.97997888225,STATBEL_HBS_2024,COOLING_CASES_V1
central,2050,Walloon Region,BE_TABULA_07,Semi-detached house,1946-1970,TABULA_advanced_A_proxy,14029.010729980913,1727209,current_regional,active_cooling,true,integrated_reversible_or_split_system_unspecified,true,0.07,982.030751098664,STATBEL_HBS_2024,COOLING_CASES_V1
central,2050,Walloon Region,BE_TABULA_07,Semi-detached house,1946-1970,TABULA_advanced_A_proxy,14029.010729980913,1727209,higher_uptake,inactive_cooling,false,none_active,true,0.86,12064.949227783585,STATBEL_HBS_2024,COOLING_CASES_V1
central,2050,Walloon Region,BE_TABULA_07,Semi-detached house,1946-1970,TABULA_advanced_A_proxy,14029.010729980913,1727209,higher_uptake,active_cooling,true,integrated_reversible_or_split_system_unspecified,true,0.14,1964.061502197328,STATBEL_HBS_2024,COOLING_CASES_V1
central,2050,Walloon Region,BE_TABULA_08,Terraced house,1946-1970,TABULA_existing,56178.9804181,1727209,no_active_cooling,inactive_cooling,false,none_active,false,1,56178.9804181,STATBEL_HBS_2024,COOLING_CASES_V1
central,2050,Walloon Region,BE_TABULA_08,Terraced house,1946-1970,TABULA_existing,56178.9804181,1727209,no_active_cooling,active_cooling,true,integrated_reversible_or_split_system_unspecified,false,0,0,STATBEL_HBS_2024,COOLING_CASES_V1
central,2050,Walloon Region,BE_TABULA_08,Terraced house,1946-1970,TABULA_existing,56178.9804181,1727209,current_regional,inactive_cooling,false,none_active,false,0.93,52246.451788832994,STATBEL_HBS_2024,COOLING_CASES_V1
central,2050,Walloon Region,BE_TABULA_08,Terraced house,1946-1970,TABULA_existing,56178.9804181,1727209,current_regional,active_cooling,true,integrated_reversible_or_split_system_unspecified,false,0.07,3932.528629267,STATBEL_HBS_2024,COOLING_CASES_V1
central,2050,Walloon Region,BE_TABULA_08,Terraced house,1946-1970,TABULA_existing,56178.9804181,1727209,higher_uptake,inactive_cooling,false,none_active,false,0.86,48313.923159566,STATBEL_HBS_2024,COOLING_CASES_V1
central,2050,Walloon Region,BE_TABULA_08,Terraced house,1946-1970,TABULA_existing,56178.9804181,1727209,higher_uptake,active_cooling,true,integrated_reversible_or_split_system_unspecified,false,0.14,7865.057258534001,STATBEL_HBS_2024,COOLING_CASES_V1
central,2050,Walloon Region,BE_TABULA_08,Terraced house,1946-1970,TABULA_standard_B_proxy,7038.36884509,1727209,no_active_cooling,inactive_cooling,false,none_active,false,1,7038.36884509,STATBEL_HBS_2024,COOLING_CASES_V1
central,2050,Walloon Region,BE_TABULA_08,Terraced house,1946-1970,TABULA_standard_B_proxy,7038.36884509,1727209,no_active_cooling,active_cooling,true,integrated_reversible_or_split_system_unspecified,false,0,0,STATBEL_HBS_2024,COOLING_CASES_V1
central,2050,Walloon Region,BE_TABULA_08,Terraced house,1946-1970,TABULA_standard_B_proxy,7038.36884509,1727209,current_regional,inactive_cooling,false,none_active,false,0.93,6545.683025933699,STATBEL_HBS_2024,COOLING_CASES_V1
central,2050,Walloon Region,BE_TABULA_08,Terraced house,1946-1970,TABULA_standard_B_proxy,7038.36884509,1727209,current_regional,active_cooling,true,integrated_reversible_or_split_system_unspecified,false,0.07,492.6858191563,STATBEL_HBS_2024,COOLING_CASES_V1
central,2050,Walloon Region,BE_TABULA_08,Terraced house,1946-1970,TABULA_standard_B_proxy,7038.36884509,1727209,higher_uptake,inactive_cooling,false,none_active,false,0.86,6052.9972067774,STATBEL_HBS_2024,COOLING_CASES_V1
central,2050,Walloon Region,BE_TABULA_08,Terraced house,1946-1970,TABULA_standard_B_proxy,7038.36884509,1727209,higher_uptake,active_cooling,true,integrated_reversible_or_split_system_unspecified,false,0.14,985.3716383126,STATBEL_HBS_2024,COOLING_CASES_V1
central,2050,Walloon Region,BE_TABULA_08,Terraced house,1946-1970,TABULA_advanced_A_proxy,767.822055828,1727209,no_active_cooling,inactive_cooling,false,none_active,true,1,767.822055828,STATBEL_HBS_2024,COOLING_CASES_V1
central,2050,Walloon Region,BE_TABULA_08,Terraced house,1946-1970,TABULA_advanced_A_proxy,767.822055828,1727209,no_active_cooling,active_cooling,true,integrated_reversible_or_split_system_unspecified,true,0,0,STATBEL_HBS_2024,COOLING_CASES_V1
central,2050,Walloon Region,BE_TABULA_08,Terraced house,1946-1970,TABULA_advanced_A_proxy,767.822055828,1727209,current_regional,inactive_cooling,false,none_active,true,0.93,714.07451192004,STATBEL_HBS_2024,COOLING_CASES_V1
central,2050,Walloon Region,BE_TABULA_08,Terraced house,1946-1970,TABULA_advanced_A_proxy,767.822055828,1727209,current_regional,active_cooling,true,integrated_reversible_or_split_system_unspecified,true,0.07,53.74754390796,STATBEL_HBS_2024,COOLING_CASES_V1
central,2050,Walloon Region,BE_TABULA_08,Terraced house,1946-1970,TABULA_advanced_A_proxy,767.822055828,1727209,higher_uptake,inactive_cooling,false,none_active,true,0.86,660.32696801208,STATBEL_HBS_2024,COOLING_CASES_V1
central,2050,Walloon Region,BE_TABULA_08,Terraced house,1946-1970,TABULA_advanced_A_proxy,767.822055828,1727209,higher_uptake,active_cooling,true,integrated_reversible_or_split_system_unspecified,true,0.14,107.49508781592,STATBEL_HBS_2024,COOLING_CASES_V1
central,2050,Walloon Region,BE_TABULA_09,"Apartment, enclosed",1946-1970,TABULA_existing,25085.9066374,1727209,no_active_cooling,inactive_cooling,false,none_active,false,1,25085.9066374,STATBEL_HBS_2024,COOLING_CASES_V1
central,2050,Walloon Region,BE_TABULA_09,"Apartment, enclosed",1946-1970,TABULA_existing,25085.9066374,1727209,no_active_cooling,active_cooling,true,integrated_reversible_or_split_system_unspecified,false,0,0,STATBEL_HBS_2024,COOLING_CASES_V1
central,2050,Walloon Region,BE_TABULA_09,"Apartment, enclosed",1946-1970,TABULA_existing,25085.9066374,1727209,current_regional,inactive_cooling,false,none_active,false,0.93,23329.893172781998,STATBEL_HBS_2024,COOLING_CASES_V1
central,2050,Walloon Region,BE_TABULA_09,"Apartment, enclosed",1946-1970,TABULA_existing,25085.9066374,1727209,current_regional,active_cooling,true,integrated_reversible_or_split_system_unspecified,false,0.07,1756.013464618,STATBEL_HBS_2024,COOLING_CASES_V1
central,2050,Walloon Region,BE_TABULA_09,"Apartment, enclosed",1946-1970,TABULA_existing,25085.9066374,1727209,higher_uptake,inactive_cooling,false,none_active,false,0.86,21573.879708164,STATBEL_HBS_2024,COOLING_CASES_V1
central,2050,Walloon Region,BE_TABULA_09,"Apartment, enclosed",1946-1970,TABULA_existing,25085.9066374,1727209,higher_uptake,active_cooling,true,integrated_reversible_or_split_system_unspecified,false,0.14,3512.026929236,STATBEL_HBS_2024,COOLING_CASES_V1
central,2050,Walloon Region,BE_TABULA_09,"Apartment, enclosed",1946-1970,TABULA_standard_B_proxy,3142.88124159,1727209,no_active_cooling,inactive_cooling,false,none_active,false,1,3142.88124159,STATBEL_HBS_2024,COOLING_CASES_V1
central,2050,Walloon Region,BE_TABULA_09,"Apartment, enclosed",1946-1970,TABULA_standard_B_proxy,3142.88124159,1727209,no_active_cooling,active_cooling,true,integrated_reversible_or_split_system_unspecified,false,0,0,STATBEL_HBS_2024,COOLING_CASES_V1
central,2050,Walloon Region,BE_TABULA_09,"Apartment, enclosed",1946-1970,TABULA_standard_B_proxy,3142.88124159,1727209,current_regional,inactive_cooling,false,none_active,false,0.93,2922.8795546787,STATBEL_HBS_2024,COOLING_CASES_V1
central,2050,Walloon Region,BE_TABULA_09,"Apartment, enclosed",1946-1970,TABULA_standard_B_proxy,3142.88124159,1727209,current_regional,active_cooling,true,integrated_reversible_or_split_system_unspecified,false,0.07,220.0016869113,STATBEL_HBS_2024,COOLING_CASES_V1
central,2050,Walloon Region,BE_TABULA_09,"Apartment, enclosed",1946-1970,TABULA_standard_B_proxy,3142.88124159,1727209,higher_uptake,inactive_cooling,false,none_active,false,0.86,2702.8778677674,STATBEL_HBS_2024,COOLING_CASES_V1
central,2050,Walloon Region,BE_TABULA_09,"Apartment, enclosed",1946-1970,TABULA_standard_B_proxy,3142.88124159,1727209,higher_uptake,active_cooling,true,integrated_reversible_or_split_system_unspecified,false,0.14,440.0033738226,STATBEL_HBS_2024,COOLING_CASES_V1
central,2050,Walloon Region,BE_TABULA_09,"Apartment, enclosed",1946-1970,TABULA_advanced_A_proxy,342.85977181,1727209,no_active_cooling,inactive_cooling,false,none_active,true,1,342.85977181,STATBEL_HBS_2024,COOLING_CASES_V1
central,2050,Walloon Region,BE_TABULA_09,"Apartment, enclosed",1946-1970,TABULA_advanced_A_proxy,342.85977181,1727209,no_active_cooling,active_cooling,true,integrated_reversible_or_split_system_unspecified,true,0,0,STATBEL_HBS_2024,COOLING_CASES_V1
central,2050,Walloon Region,BE_TABULA_09,"Apartment, enclosed",1946-1970,TABULA_advanced_A_proxy,342.85977181,1727209,current_regional,inactive_cooling,false,none_active,true,0.93,318.8595877833,STATBEL_HBS_2024,COOLING_CASES_V1
central,2050,Walloon Region,BE_TABULA_09,"Apartment, enclosed",1946-1970,TABULA_advanced_A_proxy,342.85977181,1727209,current_regional,active_cooling,true,integrated_reversible_or_split_system_unspecified,true,0.07,24.0001840267,STATBEL_HBS_2024,COOLING_CASES_V1
central,2050,Walloon Region,BE_TABULA_09,"Apartment, enclosed",1946-1970,TABULA_advanced_A_proxy,342.85977181,1727209,higher_uptake,inactive_cooling,false,none_active,true,0.86,294.8594037566,STATBEL_HBS_2024,COOLING_CASES_V1
central,2050,Walloon Region,BE_TABULA_09,"Apartment, enclosed",1946-1970,TABULA_advanced_A_proxy,342.85977181,1727209,higher_uptake,active_cooling,true,integrated_reversible_or_split_system_unspecified,true,0.14,48.0003680534,STATBEL_HBS_2024,COOLING_CASES_V1
central,2050,Walloon Region,BE_TABULA_10,"Apartment, exposed",1946-1970,TABULA_existing,0,1727209,no_active_cooling,inactive_cooling,false,none_active,false,1,0,STATBEL_HBS_2024,COOLING_CASES_V1
central,2050,Walloon Region,BE_TABULA_10,"Apartment, exposed",1946-1970,TABULA_existing,0,1727209,no_active_cooling,active_cooling,true,integrated_reversible_or_split_system_unspecified,false,0,0,STATBEL_HBS_2024,COOLING_CASES_V1
central,2050,Walloon Region,BE_TABULA_10,"Apartment, exposed",1946-1970,TABULA_existing,0,1727209,current_regional,inactive_cooling,false,none_active,false,0.93,0,STATBEL_HBS_2024,COOLING_CASES_V1
central,2050,Walloon Region,BE_TABULA_10,"Apartment, exposed",1946-1970,TABULA_existing,0,1727209,current_regional,active_cooling,true,integrated_reversible_or_split_system_unspecified,false,0.07,0,STATBEL_HBS_2024,COOLING_CASES_V1
central,2050,Walloon Region,BE_TABULA_10,"Apartment, exposed",1946-1970,TABULA_existing,0,1727209,higher_uptake,inactive_cooling,false,none_active,false,0.86,0,STATBEL_HBS_2024,COOLING_CASES_V1
central,2050,Walloon Region,BE_TABULA_10,"Apartment, exposed",1946-1970,TABULA_existing,0,1727209,higher_uptake,active_cooling,true,integrated_reversible_or_split_system_unspecified,false,0.14,0,STATBEL_HBS_2024,COOLING_CASES_V1
central,2050,Walloon Region,BE_TABULA_10,"Apartment, exposed",1946-1970,TABULA_standard_B_proxy,25918.552089589983,1727209,no_active_cooling,inactive_cooling,false,none_active,false,1,25918.552089589983,STATBEL_HBS_2024,COOLING_CASES_V1
central,2050,Walloon Region,BE_TABULA_10,"Apartment, exposed",1946-1970,TABULA_standard_B_proxy,25918.552089589983,1727209,no_active_cooling,active_cooling,true,integrated_reversible_or_split_system_unspecified,false,0,0,STATBEL_HBS_2024,COOLING_CASES_V1
central,2050,Walloon Region,BE_TABULA_10,"Apartment, exposed",1946-1970,TABULA_standard_B_proxy,25918.552089589983,1727209,current_regional,inactive_cooling,false,none_active,false,0.93,24104.25344331868,STATBEL_HBS_2024,COOLING_CASES_V1
central,2050,Walloon Region,BE_TABULA_10,"Apartment, exposed",1946-1970,TABULA_standard_B_proxy,25918.552089589983,1727209,current_regional,active_cooling,true,integrated_reversible_or_split_system_unspecified,false,0.07,1814.298646271299,STATBEL_HBS_2024,COOLING_CASES_V1
central,2050,Walloon Region,BE_TABULA_10,"Apartment, exposed",1946-1970,TABULA_standard_B_proxy,25918.552089589983,1727209,higher_uptake,inactive_cooling,false,none_active,false,0.86,22289.954797047383,STATBEL_HBS_2024,COOLING_CASES_V1
central,2050,Walloon Region,BE_TABULA_10,"Apartment, exposed",1946-1970,TABULA_standard_B_proxy,25918.552089589983,1727209,higher_uptake,active_cooling,true,integrated_reversible_or_split_system_unspecified,false,0.14,3628.597292542598,STATBEL_HBS_2024,COOLING_CASES_V1
central,2050,Walloon Region,BE_TABULA_10,"Apartment, exposed",1946-1970,TABULA_advanced_A_proxy,2653.095561210017,1727209,no_active_cooling,inactive_cooling,false,none_active,true,1,2653.095561210017,STATBEL_HBS_2024,COOLING_CASES_V1
central,2050,Walloon Region,BE_TABULA_10,"Apartment, exposed",1946-1970,TABULA_advanced_A_proxy,2653.095561210017,1727209,no_active_cooling,active_cooling,true,integrated_reversible_or_split_system_unspecified,true,0,0,STATBEL_HBS_2024,COOLING_CASES_V1
central,2050,Walloon Region,BE_TABULA_10,"Apartment, exposed",1946-1970,TABULA_advanced_A_proxy,2653.095561210017,1727209,current_regional,inactive_cooling,false,none_active,true,0.93,2467.378871925316,STATBEL_HBS_2024,COOLING_CASES_V1
central,2050,Walloon Region,BE_TABULA_10,"Apartment, exposed",1946-1970,TABULA_advanced_A_proxy,2653.095561210017,1727209,current_regional,active_cooling,true,integrated_reversible_or_split_system_unspecified,true,0.07,185.716689284701,STATBEL_HBS_2024,COOLING_CASES_V1
central,2050,Walloon Region,BE_TABULA_10,"Apartment, exposed",1946-1970,TABULA_advanced_A_proxy,2653.095561210017,1727209,higher_uptake,inactive_cooling,false,none_active,true,0.86,2281.662182640614,STATBEL_HBS_2024,COOLING_CASES_V1
central,2050,Walloon Region,BE_TABULA_10,"Apartment, exposed",1946-1970,TABULA_advanced_A_proxy,2653.095561210017,1727209,higher_uptake,active_cooling,true,integrated_reversible_or_split_system_unspecified,true,0.14,371.433378569402,STATBEL_HBS_2024,COOLING_CASES_V1
central,2050,Walloon Region,BE_TABULA_11,Detached house,1971-1990,TABULA_existing,120159.892941,1727209,no_active_cooling,inactive_cooling,false,none_active,false,1,120159.892941,STATBEL_HBS_2024,COOLING_CASES_V1
central,2050,Walloon Region,BE_TABULA_11,Detached house,1971-1990,TABULA_existing,120159.892941,1727209,no_active_cooling,active_cooling,true,integrated_reversible_or_split_system_unspecified,false,0,0,STATBEL_HBS_2024,COOLING_CASES_V1
central,2050,Walloon Region,BE_TABULA_11,Detached house,1971-1990,TABULA_existing,120159.892941,1727209,current_regional,inactive_cooling,false,none_active,false,0.93,111748.70043512998,STATBEL_HBS_2024,COOLING_CASES_V1
central,2050,Walloon Region,BE_TABULA_11,Detached house,1971-1990,TABULA_existing,120159.892941,1727209,current_regional,active_cooling,true,integrated_reversible_or_split_system_unspecified,false,0.07,8411.19250587,STATBEL_HBS_2024,COOLING_CASES_V1
central,2050,Walloon Region,BE_TABULA_11,Detached house,1971-1990,TABULA_existing,120159.892941,1727209,higher_uptake,inactive_cooling,false,none_active,false,0.86,103337.50792926,STATBEL_HBS_2024,COOLING_CASES_V1
central,2050,Walloon Region,BE_TABULA_11,Detached house,1971-1990,TABULA_existing,120159.892941,1727209,higher_uptake,active_cooling,true,integrated_reversible_or_split_system_unspecified,false,0.14,16822.38501174,STATBEL_HBS_2024,COOLING_CASES_V1
central,2050,Walloon Region,BE_TABULA_11,Detached house,1971-1990,TABULA_standard_B_proxy,15054.2007102,1727209,no_active_cooling,inactive_cooling,false,none_active,false,1,15054.2007102,STATBEL_HBS_2024,COOLING_CASES_V1
central,2050,Walloon Region,BE_TABULA_11,Detached house,1971-1990,TABULA_standard_B_proxy,15054.2007102,1727209,no_active_cooling,active_cooling,true,integrated_reversible_or_split_system_unspecified,false,0,0,STATBEL_HBS_2024,COOLING_CASES_V1
central,2050,Walloon Region,BE_TABULA_11,Detached house,1971-1990,TABULA_standard_B_proxy,15054.2007102,1727209,current_regional,inactive_cooling,false,none_active,false,0.93,14000.406660486,STATBEL_HBS_2024,COOLING_CASES_V1
central,2050,Walloon Region,BE_TABULA_11,Detached house,1971-1990,TABULA_standard_B_proxy,15054.2007102,1727209,current_regional,active_cooling,true,integrated_reversible_or_split_system_unspecified,false,0.07,1053.794049714,STATBEL_HBS_2024,COOLING_CASES_V1
central,2050,Walloon Region,BE_TABULA_11,Detached house,1971-1990,TABULA_standard_B_proxy,15054.2007102,1727209,higher_uptake,inactive_cooling,false,none_active,false,0.86,12946.612610772001,STATBEL_HBS_2024,COOLING_CASES_V1
central,2050,Walloon Region,BE_TABULA_11,Detached house,1971-1990,TABULA_standard_B_proxy,15054.2007102,1727209,higher_uptake,active_cooling,true,integrated_reversible_or_split_system_unspecified,false,0.14,2107.588099428,STATBEL_HBS_2024,COOLING_CASES_V1
central,2050,Walloon Region,BE_TABULA_11,Detached house,1971-1990,TABULA_advanced_A_proxy,1642.27644111,1727209,no_active_cooling,inactive_cooling,false,none_active,true,1,1642.27644111,STATBEL_HBS_2024,COOLING_CASES_V1
central,2050,Walloon Region,BE_TABULA_11,Detached house,1971-1990,TABULA_advanced_A_proxy,1642.27644111,1727209,no_active_cooling,active_cooling,true,integrated_reversible_or_split_system_unspecified,true,0,0,STATBEL_HBS_2024,COOLING_CASES_V1
central,2050,Walloon Region,BE_TABULA_11,Detached house,1971-1990,TABULA_advanced_A_proxy,1642.27644111,1727209,current_regional,inactive_cooling,false,none_active,true,0.93,1527.3170902323,STATBEL_HBS_2024,COOLING_CASES_V1
central,2050,Walloon Region,BE_TABULA_11,Detached house,1971-1990,TABULA_advanced_A_proxy,1642.27644111,1727209,current_regional,active_cooling,true,integrated_reversible_or_split_system_unspecified,true,0.07,114.9593508777,STATBEL_HBS_2024,COOLING_CASES_V1
central,2050,Walloon Region,BE_TABULA_11,Detached house,1971-1990,TABULA_advanced_A_proxy,1642.27644111,1727209,higher_uptake,inactive_cooling,false,none_active,true,0.86,1412.3577393546,STATBEL_HBS_2024,COOLING_CASES_V1
central,2050,Walloon Region,BE_TABULA_11,Detached house,1971-1990,TABULA_advanced_A_proxy,1642.27644111,1727209,higher_uptake,active_cooling,true,integrated_reversible_or_split_system_unspecified,true,0.14,229.9187017554,STATBEL_HBS_2024,COOLING_CASES_V1
central,2050,Walloon Region,BE_TABULA_12,Semi-detached house,1971-1990,TABULA_existing,37326.7945824,1727209,no_active_cooling,inactive_cooling,false,none_active,false,1,37326.7945824,STATBEL_HBS_2024,COOLING_CASES_V1
central,2050,Walloon Region,BE_TABULA_12,Semi-detached house,1971-1990,TABULA_existing,37326.7945824,1727209,no_active_cooling,active_cooling,true,integrated_reversible_or_split_system_unspecified,false,0,0,STATBEL_HBS_2024,COOLING_CASES_V1
central,2050,Walloon Region,BE_TABULA_12,Semi-detached house,1971-1990,TABULA_existing,37326.7945824,1727209,current_regional,inactive_cooling,false,none_active,false,0.93,34713.91896163199,STATBEL_HBS_2024,COOLING_CASES_V1
central,2050,Walloon Region,BE_TABULA_12,Semi-detached house,1971-1990,TABULA_existing,37326.7945824,1727209,current_regional,active_cooling,true,integrated_reversible_or_split_system_unspecified,false,0.07,2612.875620768,STATBEL_HBS_2024,COOLING_CASES_V1
central,2050,Walloon Region,BE_TABULA_12,Semi-detached house,1971-1990,TABULA_existing,37326.7945824,1727209,higher_uptake,inactive_cooling,false,none_active,false,0.86,32101.043340864,STATBEL_HBS_2024,COOLING_CASES_V1
central,2050,Walloon Region,BE_TABULA_12,Semi-detached house,1971-1990,TABULA_existing,37326.7945824,1727209,higher_uptake,active_cooling,true,integrated_reversible_or_split_system_unspecified,false,0.14,5225.751241536001,STATBEL_HBS_2024,COOLING_CASES_V1
central,2050,Walloon Region,BE_TABULA_12,Semi-detached house,1971-1990,TABULA_standard_B_proxy,4676.47768117,1727209,no_active_cooling,inactive_cooling,false,none_active,false,1,4676.47768117,STATBEL_HBS_2024,COOLING_CASES_V1
central,2050,Walloon Region,BE_TABULA_12,Semi-detached house,1971-1990,TABULA_standard_B_proxy,4676.47768117,1727209,no_active_cooling,active_cooling,true,integrated_reversible_or_split_system_unspecified,false,0,0,STATBEL_HBS_2024,COOLING_CASES_V1
central,2050,Walloon Region,BE_TABULA_12,Semi-detached house,1971-1990,TABULA_standard_B_proxy,4676.47768117,1727209,current_regional,inactive_cooling,false,none_active,false,0.93,4349.1242434881,STATBEL_HBS_2024,COOLING_CASES_V1
central,2050,Walloon Region,BE_TABULA_12,Semi-detached house,1971-1990,TABULA_standard_B_proxy,4676.47768117,1727209,current_regional,active_cooling,true,integrated_reversible_or_split_system_unspecified,false,0.07,327.3534376819,STATBEL_HBS_2024,COOLING_CASES_V1
central,2050,Walloon Region,BE_TABULA_12,Semi-detached house,1971-1990,TABULA_standard_B_proxy,4676.47768117,1727209,higher_uptake,inactive_cooling,false,none_active,false,0.86,4021.7708058062,STATBEL_HBS_2024,COOLING_CASES_V1
central,2050,Walloon Region,BE_TABULA_12,Semi-detached house,1971-1990,TABULA_standard_B_proxy,4676.47768117,1727209,higher_uptake,active_cooling,true,integrated_reversible_or_split_system_unspecified,false,0.14,654.7068753638,STATBEL_HBS_2024,COOLING_CASES_V1
central,2050,Walloon Region,BE_TABULA_12,Semi-detached house,1971-1990,TABULA_advanced_A_proxy,510.161201582,1727209,no_active_cooling,inactive_cooling,false,none_active,true,1,510.161201582,STATBEL_HBS_2024,COOLING_CASES_V1
central,2050,Walloon Region,BE_TABULA_12,Semi-detached house,1971-1990,TABULA_advanced_A_proxy,510.161201582,1727209,no_active_cooling,active_cooling,true,integrated_reversible_or_split_system_unspecified,true,0,0,STATBEL_HBS_2024,COOLING_CASES_V1
central,2050,Walloon Region,BE_TABULA_12,Semi-detached house,1971-1990,TABULA_advanced_A_proxy,510.161201582,1727209,current_regional,inactive_cooling,false,none_active,true,0.93,474.44991747126,STATBEL_HBS_2024,COOLING_CASES_V1
central,2050,Walloon Region,BE_TABULA_12,Semi-detached house,1971-1990,TABULA_advanced_A_proxy,510.161201582,1727209,current_regional,active_cooling,true,integrated_reversible_or_split_system_unspecified,true,0.07,35.71128411074,STATBEL_HBS_2024,COOLING_CASES_V1
central,2050,Walloon Region,BE_TABULA_12,Semi-detached house,1971-1990,TABULA_advanced_A_proxy,510.161201582,1727209,higher_uptake,inactive_cooling,false,none_active,true,0.86,438.73863336052,STATBEL_HBS_2024,COOLING_CASES_V1
central,2050,Walloon Region,BE_TABULA_12,Semi-detached house,1971-1990,TABULA_advanced_A_proxy,510.161201582,1727209,higher_uptake,active_cooling,true,integrated_reversible_or_split_system_unspecified,true,0.14,71.42256822148,STATBEL_HBS_2024,COOLING_CASES_V1
central,2050,Walloon Region,BE_TABULA_13,Terraced house,1971-1990,TABULA_existing,26879.0663458,1727209,no_active_cooling,inactive_cooling,false,none_active,false,1,26879.0663458,STATBEL_HBS_2024,COOLING_CASES_V1
central,2050,Walloon Region,BE_TABULA_13,Terraced house,1971-1990,TABULA_existing,26879.0663458,1727209,no_active_cooling,active_cooling,true,integrated_reversible_or_split_system_unspecified,false,0,0,STATBEL_HBS_2024,COOLING_CASES_V1
central,2050,Walloon Region,BE_TABULA_13,Terraced house,1971-1990,TABULA_existing,26879.0663458,1727209,current_regional,inactive_cooling,false,none_active,false,0.93,24997.531701593998,STATBEL_HBS_2024,COOLING_CASES_V1
central,2050,Walloon Region,BE_TABULA_13,Terraced house,1971-1990,TABULA_existing,26879.0663458,1727209,current_regional,active_cooling,true,integrated_reversible_or_split_system_unspecified,false,0.07,1881.534644206,STATBEL_HBS_2024,COOLING_CASES_V1
central,2050,Walloon Region,BE_TABULA_13,Terraced house,1971-1990,TABULA_existing,26879.0663458,1727209,higher_uptake,inactive_cooling,false,none_active,false,0.86,23115.997057388002,STATBEL_HBS_2024,COOLING_CASES_V1
central,2050,Walloon Region,BE_TABULA_13,Terraced house,1971-1990,TABULA_existing,26879.0663458,1727209,higher_uptake,active_cooling,true,integrated_reversible_or_split_system_unspecified,false,0.14,3763.069288412001,STATBEL_HBS_2024,COOLING_CASES_V1
central,2050,Walloon Region,BE_TABULA_13,Terraced house,1971-1990,TABULA_standard_B_proxy,3367.53678592,1727209,no_active_cooling,inactive_cooling,false,none_active,false,1,3367.53678592,STATBEL_HBS_2024,COOLING_CASES_V1
central,2050,Walloon Region,BE_TABULA_13,Terraced house,1971-1990,TABULA_standard_B_proxy,3367.53678592,1727209,no_active_cooling,active_cooling,true,integrated_reversible_or_split_system_unspecified,false,0,0,STATBEL_HBS_2024,COOLING_CASES_V1
central,2050,Walloon Region,BE_TABULA_13,Terraced house,1971-1990,TABULA_standard_B_proxy,3367.53678592,1727209,current_regional,inactive_cooling,false,none_active,false,0.93,3131.8092109056,STATBEL_HBS_2024,COOLING_CASES_V1
central,2050,Walloon Region,BE_TABULA_13,Terraced house,1971-1990,TABULA_standard_B_proxy,3367.53678592,1727209,current_regional,active_cooling,true,integrated_reversible_or_split_system_unspecified,false,0.07,235.7275750144,STATBEL_HBS_2024,COOLING_CASES_V1
central,2050,Walloon Region,BE_TABULA_13,Terraced house,1971-1990,TABULA_standard_B_proxy,3367.53678592,1727209,higher_uptake,inactive_cooling,false,none_active,false,0.86,2896.0816358912,STATBEL_HBS_2024,COOLING_CASES_V1
central,2050,Walloon Region,BE_TABULA_13,Terraced house,1971-1990,TABULA_standard_B_proxy,3367.53678592,1727209,higher_uptake,active_cooling,true,integrated_reversible_or_split_system_unspecified,false,0.14,471.4551500288,STATBEL_HBS_2024,COOLING_CASES_V1
central,2050,Walloon Region,BE_TABULA_13,Terraced house,1971-1990,TABULA_advanced_A_proxy,367.367649373,1727209,no_active_cooling,inactive_cooling,false,none_active,true,1,367.367649373,STATBEL_HBS_2024,COOLING_CASES_V1
central,2050,Walloon Region,BE_TABULA_13,Terraced house,1971-1990,TABULA_advanced_A_proxy,367.367649373,1727209,no_active_cooling,active_cooling,true,integrated_reversible_or_split_system_unspecified,true,0,0,STATBEL_HBS_2024,COOLING_CASES_V1
central,2050,Walloon Region,BE_TABULA_13,Terraced house,1971-1990,TABULA_advanced_A_proxy,367.367649373,1727209,current_regional,inactive_cooling,false,none_active,true,0.93,341.65191391689,STATBEL_HBS_2024,COOLING_CASES_V1
central,2050,Walloon Region,BE_TABULA_13,Terraced house,1971-1990,TABULA_advanced_A_proxy,367.367649373,1727209,current_regional,active_cooling,true,integrated_reversible_or_split_system_unspecified,true,0.07,25.71573545611,STATBEL_HBS_2024,COOLING_CASES_V1
central,2050,Walloon Region,BE_TABULA_13,Terraced house,1971-1990,TABULA_advanced_A_proxy,367.367649373,1727209,higher_uptake,inactive_cooling,false,none_active,true,0.86,315.93617846078,STATBEL_HBS_2024,COOLING_CASES_V1
central,2050,Walloon Region,BE_TABULA_13,Terraced house,1971-1990,TABULA_advanced_A_proxy,367.367649373,1727209,higher_uptake,active_cooling,true,integrated_reversible_or_split_system_unspecified,true,0.14,51.43147091222,STATBEL_HBS_2024,COOLING_CASES_V1
central,2050,Walloon Region,BE_TABULA_14,"Apartment, enclosed",1971-1990,TABULA_existing,23986.7422522,1727209,no_active_cooling,inactive_cooling,false,none_active,false,1,23986.7422522,STATBEL_HBS_2024,COOLING_CASES_V1
central,2050,Walloon Region,BE_TABULA_14,"Apartment, enclosed",1971-1990,TABULA_existing,23986.7422522,1727209,no_active_cooling,active_cooling,true,integrated_reversible_or_split_system_unspecified,false,0,0,STATBEL_HBS_2024,COOLING_CASES_V1
central,2050,Walloon Region,BE_TABULA_14,"Apartment, enclosed",1971-1990,TABULA_existing,23986.7422522,1727209,current_regional,inactive_cooling,false,none_active,false,0.93,22307.670294546,STATBEL_HBS_2024,COOLING_CASES_V1
central,2050,Walloon Region,BE_TABULA_14,"Apartment, enclosed",1971-1990,TABULA_existing,23986.7422522,1727209,current_regional,active_cooling,true,integrated_reversible_or_split_system_unspecified,false,0.07,1679.071957654,STATBEL_HBS_2024,COOLING_CASES_V1
central,2050,Walloon Region,BE_TABULA_14,"Apartment, enclosed",1971-1990,TABULA_existing,23986.7422522,1727209,higher_uptake,inactive_cooling,false,none_active,false,0.86,20628.598336892002,STATBEL_HBS_2024,COOLING_CASES_V1
central,2050,Walloon Region,BE_TABULA_14,"Apartment, enclosed",1971-1990,TABULA_existing,23986.7422522,1727209,higher_uptake,active_cooling,true,integrated_reversible_or_split_system_unspecified,false,0.14,3358.143915308001,STATBEL_HBS_2024,COOLING_CASES_V1
central,2050,Walloon Region,BE_TABULA_14,"Apartment, enclosed",1971-1990,TABULA_standard_B_proxy,3005.17271952,1727209,no_active_cooling,inactive_cooling,false,none_active,false,1,3005.17271952,STATBEL_HBS_2024,COOLING_CASES_V1
central,2050,Walloon Region,BE_TABULA_14,"Apartment, enclosed",1971-1990,TABULA_standard_B_proxy,3005.17271952,1727209,no_active_cooling,active_cooling,true,integrated_reversible_or_split_system_unspecified,false,0,0,STATBEL_HBS_2024,COOLING_CASES_V1
central,2050,Walloon Region,BE_TABULA_14,"Apartment, enclosed",1971-1990,TABULA_standard_B_proxy,3005.17271952,1727209,current_regional,inactive_cooling,false,none_active,false,0.93,2794.8106291536,STATBEL_HBS_2024,COOLING_CASES_V1
central,2050,Walloon Region,BE_TABULA_14,"Apartment, enclosed",1971-1990,TABULA_standard_B_proxy,3005.17271952,1727209,current_regional,active_cooling,true,integrated_reversible_or_split_system_unspecified,false,0.07,210.3620903664,STATBEL_HBS_2024,COOLING_CASES_V1
central,2050,Walloon Region,BE_TABULA_14,"Apartment, enclosed",1971-1990,TABULA_standard_B_proxy,3005.17271952,1727209,higher_uptake,inactive_cooling,false,none_active,false,0.86,2584.4485387872,STATBEL_HBS_2024,COOLING_CASES_V1
central,2050,Walloon Region,BE_TABULA_14,"Apartment, enclosed",1971-1990,TABULA_standard_B_proxy,3005.17271952,1727209,higher_uptake,active_cooling,true,integrated_reversible_or_split_system_unspecified,false,0.14,420.7241807328,STATBEL_HBS_2024,COOLING_CASES_V1
central,2050,Walloon Region,BE_TABULA_14,"Apartment, enclosed",1971-1990,TABULA_advanced_A_proxy,327.837023948,1727209,no_active_cooling,inactive_cooling,false,none_active,true,1,327.837023948,STATBEL_HBS_2024,COOLING_CASES_V1
central,2050,Walloon Region,BE_TABULA_14,"Apartment, enclosed",1971-1990,TABULA_advanced_A_proxy,327.837023948,1727209,no_active_cooling,active_cooling,true,integrated_reversible_or_split_system_unspecified,true,0,0,STATBEL_HBS_2024,COOLING_CASES_V1
central,2050,Walloon Region,BE_TABULA_14,"Apartment, enclosed",1971-1990,TABULA_advanced_A_proxy,327.837023948,1727209,current_regional,inactive_cooling,false,none_active,true,0.93,304.88843227164,STATBEL_HBS_2024,COOLING_CASES_V1
central,2050,Walloon Region,BE_TABULA_14,"Apartment, enclosed",1971-1990,TABULA_advanced_A_proxy,327.837023948,1727209,current_regional,active_cooling,true,integrated_reversible_or_split_system_unspecified,true,0.07,22.94859167636,STATBEL_HBS_2024,COOLING_CASES_V1
central,2050,Walloon Region,BE_TABULA_14,"Apartment, enclosed",1971-1990,TABULA_advanced_A_proxy,327.837023948,1727209,higher_uptake,inactive_cooling,false,none_active,true,0.86,281.93984059528,STATBEL_HBS_2024,COOLING_CASES_V1
central,2050,Walloon Region,BE_TABULA_14,"Apartment, enclosed",1971-1990,TABULA_advanced_A_proxy,327.837023948,1727209,higher_uptake,active_cooling,true,integrated_reversible_or_split_system_unspecified,true,0.14,45.89718335272,STATBEL_HBS_2024,COOLING_CASES_V1
central,2050,Walloon Region,BE_TABULA_15,"Apartment, exposed",1971-1990,TABULA_existing,23986.7422522,1727209,no_active_cooling,inactive_cooling,false,none_active,false,1,23986.7422522,STATBEL_HBS_2024,COOLING_CASES_V1
central,2050,Walloon Region,BE_TABULA_15,"Apartment, exposed",1971-1990,TABULA_existing,23986.7422522,1727209,no_active_cooling,active_cooling,true,integrated_reversible_or_split_system_unspecified,false,0,0,STATBEL_HBS_2024,COOLING_CASES_V1
central,2050,Walloon Region,BE_TABULA_15,"Apartment, exposed",1971-1990,TABULA_existing,23986.7422522,1727209,current_regional,inactive_cooling,false,none_active,false,0.93,22307.670294546,STATBEL_HBS_2024,COOLING_CASES_V1
central,2050,Walloon Region,BE_TABULA_15,"Apartment, exposed",1971-1990,TABULA_existing,23986.7422522,1727209,current_regional,active_cooling,true,integrated_reversible_or_split_system_unspecified,false,0.07,1679.071957654,STATBEL_HBS_2024,COOLING_CASES_V1
central,2050,Walloon Region,BE_TABULA_15,"Apartment, exposed",1971-1990,TABULA_existing,23986.7422522,1727209,higher_uptake,inactive_cooling,false,none_active,false,0.86,20628.598336892002,STATBEL_HBS_2024,COOLING_CASES_V1
central,2050,Walloon Region,BE_TABULA_15,"Apartment, exposed",1971-1990,TABULA_existing,23986.7422522,1727209,higher_uptake,active_cooling,true,integrated_reversible_or_split_system_unspecified,false,0.14,3358.143915308001,STATBEL_HBS_2024,COOLING_CASES_V1
central,2050,Walloon Region,BE_TABULA_15,"Apartment, exposed",1971-1990,TABULA_standard_B_proxy,3005.17271952,1727209,no_active_cooling,inactive_cooling,false,none_active,false,1,3005.17271952,STATBEL_HBS_2024,COOLING_CASES_V1
central,2050,Walloon Region,BE_TABULA_15,"Apartment, exposed",1971-1990,TABULA_standard_B_proxy,3005.17271952,1727209,no_active_cooling,active_cooling,true,integrated_reversible_or_split_system_unspecified,false,0,0,STATBEL_HBS_2024,COOLING_CASES_V1
central,2050,Walloon Region,BE_TABULA_15,"Apartment, exposed",1971-1990,TABULA_standard_B_proxy,3005.17271952,1727209,current_regional,inactive_cooling,false,none_active,false,0.93,2794.8106291536,STATBEL_HBS_2024,COOLING_CASES_V1
central,2050,Walloon Region,BE_TABULA_15,"Apartment, exposed",1971-1990,TABULA_standard_B_proxy,3005.17271952,1727209,current_regional,active_cooling,true,integrated_reversible_or_split_system_unspecified,false,0.07,210.3620903664,STATBEL_HBS_2024,COOLING_CASES_V1
central,2050,Walloon Region,BE_TABULA_15,"Apartment, exposed",1971-1990,TABULA_standard_B_proxy,3005.17271952,1727209,higher_uptake,inactive_cooling,false,none_active,false,0.86,2584.4485387872,STATBEL_HBS_2024,COOLING_CASES_V1
central,2050,Walloon Region,BE_TABULA_15,"Apartment, exposed",1971-1990,TABULA_standard_B_proxy,3005.17271952,1727209,higher_uptake,active_cooling,true,integrated_reversible_or_split_system_unspecified,false,0.14,420.7241807328,STATBEL_HBS_2024,COOLING_CASES_V1
central,2050,Walloon Region,BE_TABULA_15,"Apartment, exposed",1971-1990,TABULA_advanced_A_proxy,327.837023948,1727209,no_active_cooling,inactive_cooling,false,none_active,true,1,327.837023948,STATBEL_HBS_2024,COOLING_CASES_V1
central,2050,Walloon Region,BE_TABULA_15,"Apartment, exposed",1971-1990,TABULA_advanced_A_proxy,327.837023948,1727209,no_active_cooling,active_cooling,true,integrated_reversible_or_split_system_unspecified,true,0,0,STATBEL_HBS_2024,COOLING_CASES_V1
central,2050,Walloon Region,BE_TABULA_15,"Apartment, exposed",1971-1990,TABULA_advanced_A_proxy,327.837023948,1727209,current_regional,inactive_cooling,false,none_active,true,0.93,304.88843227164,STATBEL_HBS_2024,COOLING_CASES_V1
central,2050,Walloon Region,BE_TABULA_15,"Apartment, exposed",1971-1990,TABULA_advanced_A_proxy,327.837023948,1727209,current_regional,active_cooling,true,integrated_reversible_or_split_system_unspecified,true,0.07,22.94859167636,STATBEL_HBS_2024,COOLING_CASES_V1
central,2050,Walloon Region,BE_TABULA_15,"Apartment, exposed",1971-1990,TABULA_advanced_A_proxy,327.837023948,1727209,higher_uptake,inactive_cooling,false,none_active,true,0.86,281.93984059528,STATBEL_HBS_2024,COOLING_CASES_V1
central,2050,Walloon Region,BE_TABULA_15,"Apartment, exposed",1971-1990,TABULA_advanced_A_proxy,327.837023948,1727209,higher_uptake,active_cooling,true,integrated_reversible_or_split_system_unspecified,true,0.14,45.89718335272,STATBEL_HBS_2024,COOLING_CASES_V1
central,2050,Walloon Region,BE_TABULA_16,Detached house,1991-2005,TABULA_existing,82795.7099747,1727209,no_active_cooling,inactive_cooling,false,none_active,false,1,82795.7099747,STATBEL_HBS_2024,COOLING_CASES_V1
central,2050,Walloon Region,BE_TABULA_16,Detached house,1991-2005,TABULA_existing,82795.7099747,1727209,no_active_cooling,active_cooling,true,integrated_reversible_or_split_system_unspecified,false,0,0,STATBEL_HBS_2024,COOLING_CASES_V1
central,2050,Walloon Region,BE_TABULA_16,Detached house,1991-2005,TABULA_existing,82795.7099747,1727209,current_regional,inactive_cooling,false,none_active,false,0.93,77000.010276471,STATBEL_HBS_2024,COOLING_CASES_V1
central,2050,Walloon Region,BE_TABULA_16,Detached house,1991-2005,TABULA_existing,82795.7099747,1727209,current_regional,active_cooling,true,integrated_reversible_or_split_system_unspecified,false,0.07,5795.699698229001,STATBEL_HBS_2024,COOLING_CASES_V1
central,2050,Walloon Region,BE_TABULA_16,Detached house,1991-2005,TABULA_existing,82795.7099747,1727209,higher_uptake,inactive_cooling,false,none_active,false,0.86,71204.310578242,STATBEL_HBS_2024,COOLING_CASES_V1
central,2050,Walloon Region,BE_TABULA_16,Detached house,1991-2005,TABULA_existing,82795.7099747,1727209,higher_uptake,active_cooling,true,integrated_reversible_or_split_system_unspecified,false,0.14,11591.399396458002,STATBEL_HBS_2024,COOLING_CASES_V1
central,2050,Walloon Region,BE_TABULA_16,Detached house,1991-2005,TABULA_standard_B_proxy,10373.0388351,1727209,no_active_cooling,inactive_cooling,false,none_active,false,1,10373.0388351,STATBEL_HBS_2024,COOLING_CASES_V1
central,2050,Walloon Region,BE_TABULA_16,Detached house,1991-2005,TABULA_standard_B_proxy,10373.0388351,1727209,no_active_cooling,active_cooling,true,integrated_reversible_or_split_system_unspecified,false,0,0,STATBEL_HBS_2024,COOLING_CASES_V1
central,2050,Walloon Region,BE_TABULA_16,Detached house,1991-2005,TABULA_standard_B_proxy,10373.0388351,1727209,current_regional,inactive_cooling,false,none_active,false,0.93,9646.926116642999,STATBEL_HBS_2024,COOLING_CASES_V1
central,2050,Walloon Region,BE_TABULA_16,Detached house,1991-2005,TABULA_standard_B_proxy,10373.0388351,1727209,current_regional,active_cooling,true,integrated_reversible_or_split_system_unspecified,false,0.07,726.112718457,STATBEL_HBS_2024,COOLING_CASES_V1
central,2050,Walloon Region,BE_TABULA_16,Detached house,1991-2005,TABULA_standard_B_proxy,10373.0388351,1727209,higher_uptake,inactive_cooling,false,none_active,false,0.86,8920.813398186,STATBEL_HBS_2024,COOLING_CASES_V1
central,2050,Walloon Region,BE_TABULA_16,Detached house,1991-2005,TABULA_standard_B_proxy,10373.0388351,1727209,higher_uptake,active_cooling,true,integrated_reversible_or_split_system_unspecified,false,0.14,1452.225436914,STATBEL_HBS_2024,COOLING_CASES_V1
central,2050,Walloon Region,BE_TABULA_16,Detached house,1991-2005,TABULA_advanced_A_proxy,1131.60423656,1727209,no_active_cooling,inactive_cooling,false,none_active,true,1,1131.60423656,STATBEL_HBS_2024,COOLING_CASES_V1
central,2050,Walloon Region,BE_TABULA_16,Detached house,1991-2005,TABULA_advanced_A_proxy,1131.60423656,1727209,no_active_cooling,active_cooling,true,integrated_reversible_or_split_system_unspecified,true,0,0,STATBEL_HBS_2024,COOLING_CASES_V1
central,2050,Walloon Region,BE_TABULA_16,Detached house,1991-2005,TABULA_advanced_A_proxy,1131.60423656,1727209,current_regional,inactive_cooling,false,none_active,true,0.93,1052.3919400008,STATBEL_HBS_2024,COOLING_CASES_V1
central,2050,Walloon Region,BE_TABULA_16,Detached house,1991-2005,TABULA_advanced_A_proxy,1131.60423656,1727209,current_regional,active_cooling,true,integrated_reversible_or_split_system_unspecified,true,0.07,79.2122965592,STATBEL_HBS_2024,COOLING_CASES_V1
central,2050,Walloon Region,BE_TABULA_16,Detached house,1991-2005,TABULA_advanced_A_proxy,1131.60423656,1727209,higher_uptake,inactive_cooling,false,none_active,true,0.86,973.1796434416,STATBEL_HBS_2024,COOLING_CASES_V1
central,2050,Walloon Region,BE_TABULA_16,Detached house,1991-2005,TABULA_advanced_A_proxy,1131.60423656,1727209,higher_uptake,active_cooling,true,integrated_reversible_or_split_system_unspecified,true,0.14,158.4245931184,STATBEL_HBS_2024,COOLING_CASES_V1
central,2050,Walloon Region,BE_TABULA_17,Semi-detached house,1991-2005,TABULA_existing,13421.312302,1727209,no_active_cooling,inactive_cooling,false,none_active,false,1,13421.312302,STATBEL_HBS_2024,COOLING_CASES_V1
central,2050,Walloon Region,BE_TABULA_17,Semi-detached house,1991-2005,TABULA_existing,13421.312302,1727209,no_active_cooling,active_cooling,true,integrated_reversible_or_split_system_unspecified,false,0,0,STATBEL_HBS_2024,COOLING_CASES_V1
central,2050,Walloon Region,BE_TABULA_17,Semi-detached house,1991-2005,TABULA_existing,13421.312302,1727209,current_regional,inactive_cooling,false,none_active,false,0.93,12481.82044086,STATBEL_HBS_2024,COOLING_CASES_V1
central,2050,Walloon Region,BE_TABULA_17,Semi-detached house,1991-2005,TABULA_existing,13421.312302,1727209,current_regional,active_cooling,true,integrated_reversible_or_split_system_unspecified,false,0.07,939.49186114,STATBEL_HBS_2024,COOLING_CASES_V1
central,2050,Walloon Region,BE_TABULA_17,Semi-detached house,1991-2005,TABULA_existing,13421.312302,1727209,higher_uptake,inactive_cooling,false,none_active,false,0.86,11542.32857972,STATBEL_HBS_2024,COOLING_CASES_V1
central,2050,Walloon Region,BE_TABULA_17,Semi-detached house,1991-2005,TABULA_existing,13421.312302,1727209,higher_uptake,active_cooling,true,integrated_reversible_or_split_system_unspecified,false,0.14,1878.98372228,STATBEL_HBS_2024,COOLING_CASES_V1
central,2050,Walloon Region,BE_TABULA_17,Semi-detached house,1991-2005,TABULA_standard_B_proxy,1681.48559593,1727209,no_active_cooling,inactive_cooling,false,none_active,false,1,1681.48559593,STATBEL_HBS_2024,COOLING_CASES_V1
central,2050,Walloon Region,BE_TABULA_17,Semi-detached house,1991-2005,TABULA_standard_B_proxy,1681.48559593,1727209,no_active_cooling,active_cooling,true,integrated_reversible_or_split_system_unspecified,false,0,0,STATBEL_HBS_2024,COOLING_CASES_V1
central,2050,Walloon Region,BE_TABULA_17,Semi-detached house,1991-2005,TABULA_standard_B_proxy,1681.48559593,1727209,current_regional,inactive_cooling,false,none_active,false,0.93,1563.7816042149,STATBEL_HBS_2024,COOLING_CASES_V1
central,2050,Walloon Region,BE_TABULA_17,Semi-detached house,1991-2005,TABULA_standard_B_proxy,1681.48559593,1727209,current_regional,active_cooling,true,integrated_reversible_or_split_system_unspecified,false,0.07,117.7039917151,STATBEL_HBS_2024,COOLING_CASES_V1
central,2050,Walloon Region,BE_TABULA_17,Semi-detached house,1991-2005,TABULA_standard_B_proxy,1681.48559593,1727209,higher_uptake,inactive_cooling,false,none_active,false,0.86,1446.0776124998,STATBEL_HBS_2024,COOLING_CASES_V1
central,2050,Walloon Region,BE_TABULA_17,Semi-detached house,1991-2005,TABULA_standard_B_proxy,1681.48559593,1727209,higher_uptake,active_cooling,true,integrated_reversible_or_split_system_unspecified,false,0.14,235.4079834302,STATBEL_HBS_2024,COOLING_CASES_V1
central,2050,Walloon Region,BE_TABULA_17,Semi-detached house,1991-2005,TABULA_advanced_A_proxy,183.434792283,1727209,no_active_cooling,inactive_cooling,false,none_active,true,1,183.434792283,STATBEL_HBS_2024,COOLING_CASES_V1
central,2050,Walloon Region,BE_TABULA_17,Semi-detached house,1991-2005,TABULA_advanced_A_proxy,183.434792283,1727209,no_active_cooling,active_cooling,true,integrated_reversible_or_split_system_unspecified,true,0,0,STATBEL_HBS_2024,COOLING_CASES_V1
central,2050,Walloon Region,BE_TABULA_17,Semi-detached house,1991-2005,TABULA_advanced_A_proxy,183.434792283,1727209,current_regional,inactive_cooling,false,none_active,true,0.93,170.59435682319,STATBEL_HBS_2024,COOLING_CASES_V1
central,2050,Walloon Region,BE_TABULA_17,Semi-detached house,1991-2005,TABULA_advanced_A_proxy,183.434792283,1727209,current_regional,active_cooling,true,integrated_reversible_or_split_system_unspecified,true,0.07,12.84043545981,STATBEL_HBS_2024,COOLING_CASES_V1
central,2050,Walloon Region,BE_TABULA_17,Semi-detached house,1991-2005,TABULA_advanced_A_proxy,183.434792283,1727209,higher_uptake,inactive_cooling,false,none_active,true,0.86,157.75392136338,STATBEL_HBS_2024,COOLING_CASES_V1
central,2050,Walloon Region,BE_TABULA_17,Semi-detached house,1991-2005,TABULA_advanced_A_proxy,183.434792283,1727209,higher_uptake,active_cooling,true,integrated_reversible_or_split_system_unspecified,true,0.14,25.68087091962,STATBEL_HBS_2024,COOLING_CASES_V1
central,2050,Walloon Region,BE_TABULA_18,Terraced house,1991-2005,TABULA_existing,7378.15186271,1727209,no_active_cooling,inactive_cooling,false,none_active,false,1,7378.15186271,STATBEL_HBS_2024,COOLING_CASES_V1
central,2050,Walloon Region,BE_TABULA_18,Terraced house,1991-2005,TABULA_existing,7378.15186271,1727209,no_active_cooling,active_cooling,true,integrated_reversible_or_split_system_unspecified,false,0,0,STATBEL_HBS_2024,COOLING_CASES_V1
central,2050,Walloon Region,BE_TABULA_18,Terraced house,1991-2005,TABULA_existing,7378.15186271,1727209,current_regional,inactive_cooling,false,none_active,false,0.93,6861.6812323203,STATBEL_HBS_2024,COOLING_CASES_V1
central,2050,Walloon Region,BE_TABULA_18,Terraced house,1991-2005,TABULA_existing,7378.15186271,1727209,current_regional,active_cooling,true,integrated_reversible_or_split_system_unspecified,false,0.07,516.4706303897,STATBEL_HBS_2024,COOLING_CASES_V1
central,2050,Walloon Region,BE_TABULA_18,Terraced house,1991-2005,TABULA_existing,7378.15186271,1727209,higher_uptake,inactive_cooling,false,none_active,false,0.86,6345.2106019306,STATBEL_HBS_2024,COOLING_CASES_V1
central,2050,Walloon Region,BE_TABULA_18,Terraced house,1991-2005,TABULA_existing,7378.15186271,1727209,higher_uptake,active_cooling,true,integrated_reversible_or_split_system_unspecified,false,0.14,1032.9412607794,STATBEL_HBS_2024,COOLING_CASES_V1
central,2050,Walloon Region,BE_TABULA_18,Terraced house,1991-2005,TABULA_standard_B_proxy,924.369823347,1727209,no_active_cooling,inactive_cooling,false,none_active,false,1,924.369823347,STATBEL_HBS_2024,COOLING_CASES_V1
central,2050,Walloon Region,BE_TABULA_18,Terraced house,1991-2005,TABULA_standard_B_proxy,924.369823347,1727209,no_active_cooling,active_cooling,true,integrated_reversible_or_split_system_unspecified,false,0,0,STATBEL_HBS_2024,COOLING_CASES_V1
central,2050,Walloon Region,BE_TABULA_18,Terraced house,1991-2005,TABULA_standard_B_proxy,924.369823347,1727209,current_regional,inactive_cooling,false,none_active,false,0.93,859.66393571271,STATBEL_HBS_2024,COOLING_CASES_V1
central,2050,Walloon Region,BE_TABULA_18,Terraced house,1991-2005,TABULA_standard_B_proxy,924.369823347,1727209,current_regional,active_cooling,true,integrated_reversible_or_split_system_unspecified,false,0.07,64.70588763429,STATBEL_HBS_2024,COOLING_CASES_V1
central,2050,Walloon Region,BE_TABULA_18,Terraced house,1991-2005,TABULA_standard_B_proxy,924.369823347,1727209,higher_uptake,inactive_cooling,false,none_active,false,0.86,794.95804807842,STATBEL_HBS_2024,COOLING_CASES_V1
central,2050,Walloon Region,BE_TABULA_18,Terraced house,1991-2005,TABULA_standard_B_proxy,924.369823347,1727209,higher_uptake,active_cooling,true,integrated_reversible_or_split_system_unspecified,false,0.14,129.41177526858,STATBEL_HBS_2024,COOLING_CASES_V1
central,2050,Walloon Region,BE_TABULA_18,Terraced house,1991-2005,TABULA_advanced_A_proxy,100.840344365,1727209,no_active_cooling,inactive_cooling,false,none_active,true,1,100.840344365,STATBEL_HBS_2024,COOLING_CASES_V1
central,2050,Walloon Region,BE_TABULA_18,Terraced house,1991-2005,TABULA_advanced_A_proxy,100.840344365,1727209,no_active_cooling,active_cooling,true,integrated_reversible_or_split_system_unspecified,true,0,0,STATBEL_HBS_2024,COOLING_CASES_V1
central,2050,Walloon Region,BE_TABULA_18,Terraced house,1991-2005,TABULA_advanced_A_proxy,100.840344365,1727209,current_regional,inactive_cooling,false,none_active,true,0.93,93.78152025945,STATBEL_HBS_2024,COOLING_CASES_V1
central,2050,Walloon Region,BE_TABULA_18,Terraced house,1991-2005,TABULA_advanced_A_proxy,100.840344365,1727209,current_regional,active_cooling,true,integrated_reversible_or_split_system_unspecified,true,0.07,7.05882410555,STATBEL_HBS_2024,COOLING_CASES_V1
central,2050,Walloon Region,BE_TABULA_18,Terraced house,1991-2005,TABULA_advanced_A_proxy,100.840344365,1727209,higher_uptake,inactive_cooling,false,none_active,true,0.86,86.7226961539,STATBEL_HBS_2024,COOLING_CASES_V1
central,2050,Walloon Region,BE_TABULA_18,Terraced house,1991-2005,TABULA_advanced_A_proxy,100.840344365,1727209,higher_uptake,active_cooling,true,integrated_reversible_or_split_system_unspecified,true,0.14,14.1176482111,STATBEL_HBS_2024,COOLING_CASES_V1
central,2050,Walloon Region,BE_TABULA_19,"Apartment, enclosed",1991-2005,TABULA_existing,13622.4458581,1727209,no_active_cooling,inactive_cooling,false,none_active,false,1,13622.4458581,STATBEL_HBS_2024,COOLING_CASES_V1
central,2050,Walloon Region,BE_TABULA_19,"Apartment, enclosed",1991-2005,TABULA_existing,13622.4458581,1727209,no_active_cooling,active_cooling,true,integrated_reversible_or_split_system_unspecified,false,0,0,STATBEL_HBS_2024,COOLING_CASES_V1
central,2050,Walloon Region,BE_TABULA_19,"Apartment, enclosed",1991-2005,TABULA_existing,13622.4458581,1727209,current_regional,inactive_cooling,false,none_active,false,0.93,12668.874648033,STATBEL_HBS_2024,COOLING_CASES_V1
central,2050,Walloon Region,BE_TABULA_19,"Apartment, enclosed",1991-2005,TABULA_existing,13622.4458581,1727209,current_regional,active_cooling,true,integrated_reversible_or_split_system_unspecified,false,0.07,953.571210067,STATBEL_HBS_2024,COOLING_CASES_V1
central,2050,Walloon Region,BE_TABULA_19,"Apartment, enclosed",1991-2005,TABULA_existing,13622.4458581,1727209,higher_uptake,inactive_cooling,false,none_active,false,0.86,11715.303437966,STATBEL_HBS_2024,COOLING_CASES_V1
central,2050,Walloon Region,BE_TABULA_19,"Apartment, enclosed",1991-2005,TABULA_existing,13622.4458581,1727209,higher_uptake,active_cooling,true,integrated_reversible_or_split_system_unspecified,false,0.14,1907.142420134,STATBEL_HBS_2024,COOLING_CASES_V1
central,2050,Walloon Region,BE_TABULA_19,"Apartment, enclosed",1991-2005,TABULA_standard_B_proxy,1706.68456081,1727209,no_active_cooling,inactive_cooling,false,none_active,false,1,1706.68456081,STATBEL_HBS_2024,COOLING_CASES_V1
central,2050,Walloon Region,BE_TABULA_19,"Apartment, enclosed",1991-2005,TABULA_standard_B_proxy,1706.68456081,1727209,no_active_cooling,active_cooling,true,integrated_reversible_or_split_system_unspecified,false,0,0,STATBEL_HBS_2024,COOLING_CASES_V1
central,2050,Walloon Region,BE_TABULA_19,"Apartment, enclosed",1991-2005,TABULA_standard_B_proxy,1706.68456081,1727209,current_regional,inactive_cooling,false,none_active,false,0.93,1587.2166415533,STATBEL_HBS_2024,COOLING_CASES_V1
central,2050,Walloon Region,BE_TABULA_19,"Apartment, enclosed",1991-2005,TABULA_standard_B_proxy,1706.68456081,1727209,current_regional,active_cooling,true,integrated_reversible_or_split_system_unspecified,false,0.07,119.4679192567,STATBEL_HBS_2024,COOLING_CASES_V1
central,2050,Walloon Region,BE_TABULA_19,"Apartment, enclosed",1991-2005,TABULA_standard_B_proxy,1706.68456081,1727209,higher_uptake,inactive_cooling,false,none_active,false,0.86,1467.7487222966,STATBEL_HBS_2024,COOLING_CASES_V1
central,2050,Walloon Region,BE_TABULA_19,"Apartment, enclosed",1991-2005,TABULA_standard_B_proxy,1706.68456081,1727209,higher_uptake,active_cooling,true,integrated_reversible_or_split_system_unspecified,false,0.14,238.9358385134,STATBEL_HBS_2024,COOLING_CASES_V1
central,2050,Walloon Region,BE_TABULA_19,"Apartment, enclosed",1991-2005,TABULA_advanced_A_proxy,186.18377027,1727209,no_active_cooling,inactive_cooling,false,none_active,true,1,186.18377027,STATBEL_HBS_2024,COOLING_CASES_V1
central,2050,Walloon Region,BE_TABULA_19,"Apartment, enclosed",1991-2005,TABULA_advanced_A_proxy,186.18377027,1727209,no_active_cooling,active_cooling,true,integrated_reversible_or_split_system_unspecified,true,0,0,STATBEL_HBS_2024,COOLING_CASES_V1
central,2050,Walloon Region,BE_TABULA_19,"Apartment, enclosed",1991-2005,TABULA_advanced_A_proxy,186.18377027,1727209,current_regional,inactive_cooling,false,none_active,true,0.93,173.1509063511,STATBEL_HBS_2024,COOLING_CASES_V1
central,2050,Walloon Region,BE_TABULA_19,"Apartment, enclosed",1991-2005,TABULA_advanced_A_proxy,186.18377027,1727209,current_regional,active_cooling,true,integrated_reversible_or_split_system_unspecified,true,0.07,13.0328639189,STATBEL_HBS_2024,COOLING_CASES_V1
central,2050,Walloon Region,BE_TABULA_19,"Apartment, enclosed",1991-2005,TABULA_advanced_A_proxy,186.18377027,1727209,higher_uptake,inactive_cooling,false,none_active,true,0.86,160.1180424322,STATBEL_HBS_2024,COOLING_CASES_V1
central,2050,Walloon Region,BE_TABULA_19,"Apartment, enclosed",1991-2005,TABULA_advanced_A_proxy,186.18377027,1727209,higher_uptake,active_cooling,true,integrated_reversible_or_split_system_unspecified,true,0.14,26.0657278378,STATBEL_HBS_2024,COOLING_CASES_V1
central,2050,Walloon Region,BE_TABULA_20,"Apartment, exposed",1991-2005,TABULA_existing,13622.4458581,1727209,no_active_cooling,inactive_cooling,false,none_active,false,1,13622.4458581,STATBEL_HBS_2024,COOLING_CASES_V1
central,2050,Walloon Region,BE_TABULA_20,"Apartment, exposed",1991-2005,TABULA_existing,13622.4458581,1727209,no_active_cooling,active_cooling,true,integrated_reversible_or_split_system_unspecified,false,0,0,STATBEL_HBS_2024,COOLING_CASES_V1
central,2050,Walloon Region,BE_TABULA_20,"Apartment, exposed",1991-2005,TABULA_existing,13622.4458581,1727209,current_regional,inactive_cooling,false,none_active,false,0.93,12668.874648033,STATBEL_HBS_2024,COOLING_CASES_V1
central,2050,Walloon Region,BE_TABULA_20,"Apartment, exposed",1991-2005,TABULA_existing,13622.4458581,1727209,current_regional,active_cooling,true,integrated_reversible_or_split_system_unspecified,false,0.07,953.571210067,STATBEL_HBS_2024,COOLING_CASES_V1
central,2050,Walloon Region,BE_TABULA_20,"Apartment, exposed",1991-2005,TABULA_existing,13622.4458581,1727209,higher_uptake,inactive_cooling,false,none_active,false,0.86,11715.303437966,STATBEL_HBS_2024,COOLING_CASES_V1
central,2050,Walloon Region,BE_TABULA_20,"Apartment, exposed",1991-2005,TABULA_existing,13622.4458581,1727209,higher_uptake,active_cooling,true,integrated_reversible_or_split_system_unspecified,false,0.14,1907.142420134,STATBEL_HBS_2024,COOLING_CASES_V1
central,2050,Walloon Region,BE_TABULA_20,"Apartment, exposed",1991-2005,TABULA_standard_B_proxy,1706.68456081,1727209,no_active_cooling,inactive_cooling,false,none_active,false,1,1706.68456081,STATBEL_HBS_2024,COOLING_CASES_V1
central,2050,Walloon Region,BE_TABULA_20,"Apartment, exposed",1991-2005,TABULA_standard_B_proxy,1706.68456081,1727209,no_active_cooling,active_cooling,true,integrated_reversible_or_split_system_unspecified,false,0,0,STATBEL_HBS_2024,COOLING_CASES_V1
central,2050,Walloon Region,BE_TABULA_20,"Apartment, exposed",1991-2005,TABULA_standard_B_proxy,1706.68456081,1727209,current_regional,inactive_cooling,false,none_active,false,0.93,1587.2166415533,STATBEL_HBS_2024,COOLING_CASES_V1
central,2050,Walloon Region,BE_TABULA_20,"Apartment, exposed",1991-2005,TABULA_standard_B_proxy,1706.68456081,1727209,current_regional,active_cooling,true,integrated_reversible_or_split_system_unspecified,false,0.07,119.4679192567,STATBEL_HBS_2024,COOLING_CASES_V1
central,2050,Walloon Region,BE_TABULA_20,"Apartment, exposed",1991-2005,TABULA_standard_B_proxy,1706.68456081,1727209,higher_uptake,inactive_cooling,false,none_active,false,0.86,1467.7487222966,STATBEL_HBS_2024,COOLING_CASES_V1
central,2050,Walloon Region,BE_TABULA_20,"Apartment, exposed",1991-2005,TABULA_standard_B_proxy,1706.68456081,1727209,higher_uptake,active_cooling,true,integrated_reversible_or_split_system_unspecified,false,0.14,238.9358385134,STATBEL_HBS_2024,COOLING_CASES_V1
central,2050,Walloon Region,BE_TABULA_20,"Apartment, exposed",1991-2005,TABULA_advanced_A_proxy,186.18377027,1727209,no_active_cooling,inactive_cooling,false,none_active,true,1,186.18377027,STATBEL_HBS_2024,COOLING_CASES_V1
central,2050,Walloon Region,BE_TABULA_20,"Apartment, exposed",1991-2005,TABULA_advanced_A_proxy,186.18377027,1727209,no_active_cooling,active_cooling,true,integrated_reversible_or_split_system_unspecified,true,0,0,STATBEL_HBS_2024,COOLING_CASES_V1
central,2050,Walloon Region,BE_TABULA_20,"Apartment, exposed",1991-2005,TABULA_advanced_A_proxy,186.18377027,1727209,current_regional,inactive_cooling,false,none_active,true,0.93,173.1509063511,STATBEL_HBS_2024,COOLING_CASES_V1
central,2050,Walloon Region,BE_TABULA_20,"Apartment, exposed",1991-2005,TABULA_advanced_A_proxy,186.18377027,1727209,current_regional,active_cooling,true,integrated_reversible_or_split_system_unspecified,true,0.07,13.0328639189,STATBEL_HBS_2024,COOLING_CASES_V1
central,2050,Walloon Region,BE_TABULA_20,"Apartment, exposed",1991-2005,TABULA_advanced_A_proxy,186.18377027,1727209,higher_uptake,inactive_cooling,false,none_active,true,0.86,160.1180424322,STATBEL_HBS_2024,COOLING_CASES_V1
central,2050,Walloon Region,BE_TABULA_20,"Apartment, exposed",1991-2005,TABULA_advanced_A_proxy,186.18377027,1727209,higher_uptake,active_cooling,true,integrated_reversible_or_split_system_unspecified,true,0.14,26.0657278378,STATBEL_HBS_2024,COOLING_CASES_V1
central,2050,Walloon Region,BE_TABULA_21,Detached house,post-2005,TABULA_existing,64825.0377454,1727209,no_active_cooling,inactive_cooling,false,none_active,false,1,64825.0377454,STATBEL_HBS_2024,COOLING_CASES_V1
central,2050,Walloon Region,BE_TABULA_21,Detached house,post-2005,TABULA_existing,64825.0377454,1727209,no_active_cooling,active_cooling,true,integrated_reversible_or_split_system_unspecified,false,0,0,STATBEL_HBS_2024,COOLING_CASES_V1
central,2050,Walloon Region,BE_TABULA_21,Detached house,post-2005,TABULA_existing,64825.0377454,1727209,current_regional,inactive_cooling,false,none_active,false,0.93,60287.28510322199,STATBEL_HBS_2024,COOLING_CASES_V1
central,2050,Walloon Region,BE_TABULA_21,Detached house,post-2005,TABULA_existing,64825.0377454,1727209,current_regional,active_cooling,true,integrated_reversible_or_split_system_unspecified,false,0.07,4537.752642178,STATBEL_HBS_2024,COOLING_CASES_V1
central,2050,Walloon Region,BE_TABULA_21,Detached house,post-2005,TABULA_existing,64825.0377454,1727209,higher_uptake,inactive_cooling,false,none_active,false,0.86,55749.532461044,STATBEL_HBS_2024,COOLING_CASES_V1
central,2050,Walloon Region,BE_TABULA_21,Detached house,post-2005,TABULA_existing,64825.0377454,1727209,higher_uptake,active_cooling,true,integrated_reversible_or_split_system_unspecified,false,0.14,9075.505284356,STATBEL_HBS_2024,COOLING_CASES_V1
central,2050,Walloon Region,BE_TABULA_21,Detached house,post-2005,TABULA_standard_B_proxy,8121.58787243,1727209,no_active_cooling,inactive_cooling,false,none_active,false,1,8121.58787243,STATBEL_HBS_2024,COOLING_CASES_V1
central,2050,Walloon Region,BE_TABULA_21,Detached house,post-2005,TABULA_standard_B_proxy,8121.58787243,1727209,no_active_cooling,active_cooling,true,integrated_reversible_or_split_system_unspecified,false,0,0,STATBEL_HBS_2024,COOLING_CASES_V1
central,2050,Walloon Region,BE_TABULA_21,Detached house,post-2005,TABULA_standard_B_proxy,8121.58787243,1727209,current_regional,inactive_cooling,false,none_active,false,0.93,7553.076721359899,STATBEL_HBS_2024,COOLING_CASES_V1
central,2050,Walloon Region,BE_TABULA_21,Detached house,post-2005,TABULA_standard_B_proxy,8121.58787243,1727209,current_regional,active_cooling,true,integrated_reversible_or_split_system_unspecified,false,0.07,568.5111510701,STATBEL_HBS_2024,COOLING_CASES_V1
central,2050,Walloon Region,BE_TABULA_21,Detached house,post-2005,TABULA_standard_B_proxy,8121.58787243,1727209,higher_uptake,inactive_cooling,false,none_active,false,0.86,6984.5655702898,STATBEL_HBS_2024,COOLING_CASES_V1
central,2050,Walloon Region,BE_TABULA_21,Detached house,post-2005,TABULA_standard_B_proxy,8121.58787243,1727209,higher_uptake,active_cooling,true,integrated_reversible_or_split_system_unspecified,false,0.14,1137.0223021402,STATBEL_HBS_2024,COOLING_CASES_V1
central,2050,Walloon Region,BE_TABULA_21,Detached house,post-2005,TABULA_advanced_A_proxy,885.991404266,1727209,no_active_cooling,inactive_cooling,false,none_active,true,1,885.991404266,STATBEL_HBS_2024,COOLING_CASES_V1
central,2050,Walloon Region,BE_TABULA_21,Detached house,post-2005,TABULA_advanced_A_proxy,885.991404266,1727209,no_active_cooling,active_cooling,true,integrated_reversible_or_split_system_unspecified,true,0,0,STATBEL_HBS_2024,COOLING_CASES_V1
central,2050,Walloon Region,BE_TABULA_21,Detached house,post-2005,TABULA_advanced_A_proxy,885.991404266,1727209,current_regional,inactive_cooling,false,none_active,true,0.93,823.97200596738,STATBEL_HBS_2024,COOLING_CASES_V1
central,2050,Walloon Region,BE_TABULA_21,Detached house,post-2005,TABULA_advanced_A_proxy,885.991404266,1727209,current_regional,active_cooling,true,integrated_reversible_or_split_system_unspecified,true,0.07,62.01939829862,STATBEL_HBS_2024,COOLING_CASES_V1
central,2050,Walloon Region,BE_TABULA_21,Detached house,post-2005,TABULA_advanced_A_proxy,885.991404266,1727209,higher_uptake,inactive_cooling,false,none_active,true,0.86,761.95260766876,STATBEL_HBS_2024,COOLING_CASES_V1
central,2050,Walloon Region,BE_TABULA_21,Detached house,post-2005,TABULA_advanced_A_proxy,885.991404266,1727209,higher_uptake,active_cooling,true,integrated_reversible_or_split_system_unspecified,true,0.14,124.03879659724,STATBEL_HBS_2024,COOLING_CASES_V1
central,2050,Walloon Region,BE_TABULA_22,Semi-detached house,post-2005,TABULA_existing,28864.4326865,1727209,no_active_cooling,inactive_cooling,false,none_active,false,1,28864.4326865,STATBEL_HBS_2024,COOLING_CASES_V1
central,2050,Walloon Region,BE_TABULA_22,Semi-detached house,post-2005,TABULA_existing,28864.4326865,1727209,no_active_cooling,active_cooling,true,integrated_reversible_or_split_system_unspecified,false,0,0,STATBEL_HBS_2024,COOLING_CASES_V1
central,2050,Walloon Region,BE_TABULA_22,Semi-detached house,post-2005,TABULA_existing,28864.4326865,1727209,current_regional,inactive_cooling,false,none_active,false,0.93,26843.922398445,STATBEL_HBS_2024,COOLING_CASES_V1
central,2050,Walloon Region,BE_TABULA_22,Semi-detached house,post-2005,TABULA_existing,28864.4326865,1727209,current_regional,active_cooling,true,integrated_reversible_or_split_system_unspecified,false,0.07,2020.510288055,STATBEL_HBS_2024,COOLING_CASES_V1
central,2050,Walloon Region,BE_TABULA_22,Semi-detached house,post-2005,TABULA_existing,28864.4326865,1727209,higher_uptake,inactive_cooling,false,none_active,false,0.86,24823.41211039,STATBEL_HBS_2024,COOLING_CASES_V1
central,2050,Walloon Region,BE_TABULA_22,Semi-detached house,post-2005,TABULA_existing,28864.4326865,1727209,higher_uptake,active_cooling,true,integrated_reversible_or_split_system_unspecified,false,0.14,4041.020576110001,STATBEL_HBS_2024,COOLING_CASES_V1
central,2050,Walloon Region,BE_TABULA_22,Semi-detached house,post-2005,TABULA_standard_B_proxy,3616.27288784,1727209,no_active_cooling,inactive_cooling,false,none_active,false,1,3616.27288784,STATBEL_HBS_2024,COOLING_CASES_V1
central,2050,Walloon Region,BE_TABULA_22,Semi-detached house,post-2005,TABULA_standard_B_proxy,3616.27288784,1727209,no_active_cooling,active_cooling,true,integrated_reversible_or_split_system_unspecified,false,0,0,STATBEL_HBS_2024,COOLING_CASES_V1
central,2050,Walloon Region,BE_TABULA_22,Semi-detached house,post-2005,TABULA_standard_B_proxy,3616.27288784,1727209,current_regional,inactive_cooling,false,none_active,false,0.93,3363.1337856912,STATBEL_HBS_2024,COOLING_CASES_V1
central,2050,Walloon Region,BE_TABULA_22,Semi-detached house,post-2005,TABULA_standard_B_proxy,3616.27288784,1727209,current_regional,active_cooling,true,integrated_reversible_or_split_system_unspecified,false,0.07,253.1391021488,STATBEL_HBS_2024,COOLING_CASES_V1
central,2050,Walloon Region,BE_TABULA_22,Semi-detached house,post-2005,TABULA_standard_B_proxy,3616.27288784,1727209,higher_uptake,inactive_cooling,false,none_active,false,0.86,3109.9946835424,STATBEL_HBS_2024,COOLING_CASES_V1
central,2050,Walloon Region,BE_TABULA_22,Semi-detached house,post-2005,TABULA_standard_B_proxy,3616.27288784,1727209,higher_uptake,active_cooling,true,integrated_reversible_or_split_system_unspecified,false,0.14,506.2782042976,STATBEL_HBS_2024,COOLING_CASES_V1
central,2050,Walloon Region,BE_TABULA_22,Semi-detached house,post-2005,TABULA_advanced_A_proxy,394.502496855,1727209,no_active_cooling,inactive_cooling,false,none_active,true,1,394.502496855,STATBEL_HBS_2024,COOLING_CASES_V1
central,2050,Walloon Region,BE_TABULA_22,Semi-detached house,post-2005,TABULA_advanced_A_proxy,394.502496855,1727209,no_active_cooling,active_cooling,true,integrated_reversible_or_split_system_unspecified,true,0,0,STATBEL_HBS_2024,COOLING_CASES_V1
central,2050,Walloon Region,BE_TABULA_22,Semi-detached house,post-2005,TABULA_advanced_A_proxy,394.502496855,1727209,current_regional,inactive_cooling,false,none_active,true,0.93,366.88732207515,STATBEL_HBS_2024,COOLING_CASES_V1
central,2050,Walloon Region,BE_TABULA_22,Semi-detached house,post-2005,TABULA_advanced_A_proxy,394.502496855,1727209,current_regional,active_cooling,true,integrated_reversible_or_split_system_unspecified,true,0.07,27.61517477985,STATBEL_HBS_2024,COOLING_CASES_V1
central,2050,Walloon Region,BE_TABULA_22,Semi-detached house,post-2005,TABULA_advanced_A_proxy,394.502496855,1727209,higher_uptake,inactive_cooling,false,none_active,true,0.86,339.2721472953,STATBEL_HBS_2024,COOLING_CASES_V1
central,2050,Walloon Region,BE_TABULA_22,Semi-detached house,post-2005,TABULA_advanced_A_proxy,394.502496855,1727209,higher_uptake,active_cooling,true,integrated_reversible_or_split_system_unspecified,true,0.14,55.2303495597,STATBEL_HBS_2024,COOLING_CASES_V1
central,2050,Walloon Region,BE_TABULA_23,Terraced house,post-2005,TABULA_existing,12766.1624654,1727209,no_active_cooling,inactive_cooling,false,none_active,false,1,12766.1624654,STATBEL_HBS_2024,COOLING_CASES_V1
central,2050,Walloon Region,BE_TABULA_23,Terraced house,post-2005,TABULA_existing,12766.1624654,1727209,no_active_cooling,active_cooling,true,integrated_reversible_or_split_system_unspecified,false,0,0,STATBEL_HBS_2024,COOLING_CASES_V1
central,2050,Walloon Region,BE_TABULA_23,Terraced house,post-2005,TABULA_existing,12766.1624654,1727209,current_regional,inactive_cooling,false,none_active,false,0.93,11872.531092822,STATBEL_HBS_2024,COOLING_CASES_V1
central,2050,Walloon Region,BE_TABULA_23,Terraced house,post-2005,TABULA_existing,12766.1624654,1727209,current_regional,active_cooling,true,integrated_reversible_or_split_system_unspecified,false,0.07,893.631372578,STATBEL_HBS_2024,COOLING_CASES_V1
central,2050,Walloon Region,BE_TABULA_23,Terraced house,post-2005,TABULA_existing,12766.1624654,1727209,higher_uptake,inactive_cooling,false,none_active,false,0.86,10978.899720244,STATBEL_HBS_2024,COOLING_CASES_V1
central,2050,Walloon Region,BE_TABULA_23,Terraced house,post-2005,TABULA_existing,12766.1624654,1727209,higher_uptake,active_cooling,true,integrated_reversible_or_split_system_unspecified,false,0.14,1787.262745156,STATBEL_HBS_2024,COOLING_CASES_V1
central,2050,Walloon Region,BE_TABULA_23,Terraced house,post-2005,TABULA_standard_B_proxy,1599.40532027,1727209,no_active_cooling,inactive_cooling,false,none_active,false,1,1599.40532027,STATBEL_HBS_2024,COOLING_CASES_V1
central,2050,Walloon Region,BE_TABULA_23,Terraced house,post-2005,TABULA_standard_B_proxy,1599.40532027,1727209,no_active_cooling,active_cooling,true,integrated_reversible_or_split_system_unspecified,false,0,0,STATBEL_HBS_2024,COOLING_CASES_V1
central,2050,Walloon Region,BE_TABULA_23,Terraced house,post-2005,TABULA_standard_B_proxy,1599.40532027,1727209,current_regional,inactive_cooling,false,none_active,false,0.93,1487.4469478511,STATBEL_HBS_2024,COOLING_CASES_V1
central,2050,Walloon Region,BE_TABULA_23,Terraced house,post-2005,TABULA_standard_B_proxy,1599.40532027,1727209,current_regional,active_cooling,true,integrated_reversible_or_split_system_unspecified,false,0.07,111.9583724189,STATBEL_HBS_2024,COOLING_CASES_V1
central,2050,Walloon Region,BE_TABULA_23,Terraced house,post-2005,TABULA_standard_B_proxy,1599.40532027,1727209,higher_uptake,inactive_cooling,false,none_active,false,0.86,1375.4885754322,STATBEL_HBS_2024,COOLING_CASES_V1
central,2050,Walloon Region,BE_TABULA_23,Terraced house,post-2005,TABULA_standard_B_proxy,1599.40532027,1727209,higher_uptake,active_cooling,true,integrated_reversible_or_split_system_unspecified,false,0.14,223.9167448378,STATBEL_HBS_2024,COOLING_CASES_V1
central,2050,Walloon Region,BE_TABULA_23,Terraced house,post-2005,TABULA_advanced_A_proxy,174.480580393,1727209,no_active_cooling,inactive_cooling,false,none_active,true,1,174.480580393,STATBEL_HBS_2024,COOLING_CASES_V1
central,2050,Walloon Region,BE_TABULA_23,Terraced house,post-2005,TABULA_advanced_A_proxy,174.480580393,1727209,no_active_cooling,active_cooling,true,integrated_reversible_or_split_system_unspecified,true,0,0,STATBEL_HBS_2024,COOLING_CASES_V1
central,2050,Walloon Region,BE_TABULA_23,Terraced house,post-2005,TABULA_advanced_A_proxy,174.480580393,1727209,current_regional,inactive_cooling,false,none_active,true,0.93,162.26693976549,STATBEL_HBS_2024,COOLING_CASES_V1
central,2050,Walloon Region,BE_TABULA_23,Terraced house,post-2005,TABULA_advanced_A_proxy,174.480580393,1727209,current_regional,active_cooling,true,integrated_reversible_or_split_system_unspecified,true,0.07,12.21364062751,STATBEL_HBS_2024,COOLING_CASES_V1
central,2050,Walloon Region,BE_TABULA_23,Terraced house,post-2005,TABULA_advanced_A_proxy,174.480580393,1727209,higher_uptake,inactive_cooling,false,none_active,true,0.86,150.05329913798,STATBEL_HBS_2024,COOLING_CASES_V1
central,2050,Walloon Region,BE_TABULA_23,Terraced house,post-2005,TABULA_advanced_A_proxy,174.480580393,1727209,higher_uptake,active_cooling,true,integrated_reversible_or_split_system_unspecified,true,0.14,24.42728125502,STATBEL_HBS_2024,COOLING_CASES_V1
central,2050,Walloon Region,BE_TABULA_24,"Apartment, enclosed",post-2005,TABULA_existing,23778.9583807,1727209,no_active_cooling,inactive_cooling,false,none_active,false,1,23778.9583807,STATBEL_HBS_2024,COOLING_CASES_V1
central,2050,Walloon Region,BE_TABULA_24,"Apartment, enclosed",post-2005,TABULA_existing,23778.9583807,1727209,no_active_cooling,active_cooling,true,integrated_reversible_or_split_system_unspecified,false,0,0,STATBEL_HBS_2024,COOLING_CASES_V1
central,2050,Walloon Region,BE_TABULA_24,"Apartment, enclosed",post-2005,TABULA_existing,23778.9583807,1727209,current_regional,inactive_cooling,false,none_active,false,0.93,22114.431294051,STATBEL_HBS_2024,COOLING_CASES_V1
central,2050,Walloon Region,BE_TABULA_24,"Apartment, enclosed",post-2005,TABULA_existing,23778.9583807,1727209,current_regional,active_cooling,true,integrated_reversible_or_split_system_unspecified,false,0.07,1664.527086649,STATBEL_HBS_2024,COOLING_CASES_V1
central,2050,Walloon Region,BE_TABULA_24,"Apartment, enclosed",post-2005,TABULA_existing,23778.9583807,1727209,higher_uptake,inactive_cooling,false,none_active,false,0.86,20449.904207402,STATBEL_HBS_2024,COOLING_CASES_V1
central,2050,Walloon Region,BE_TABULA_24,"Apartment, enclosed",post-2005,TABULA_existing,23778.9583807,1727209,higher_uptake,active_cooling,true,integrated_reversible_or_split_system_unspecified,false,0.14,3329.054173298001,STATBEL_HBS_2024,COOLING_CASES_V1
central,2050,Walloon Region,BE_TABULA_24,"Apartment, enclosed",post-2005,TABULA_standard_B_proxy,2979.14057162,1727209,no_active_cooling,inactive_cooling,false,none_active,false,1,2979.14057162,STATBEL_HBS_2024,COOLING_CASES_V1
central,2050,Walloon Region,BE_TABULA_24,"Apartment, enclosed",post-2005,TABULA_standard_B_proxy,2979.14057162,1727209,no_active_cooling,active_cooling,true,integrated_reversible_or_split_system_unspecified,false,0,0,STATBEL_HBS_2024,COOLING_CASES_V1
central,2050,Walloon Region,BE_TABULA_24,"Apartment, enclosed",post-2005,TABULA_standard_B_proxy,2979.14057162,1727209,current_regional,inactive_cooling,false,none_active,false,0.93,2770.6007316066,STATBEL_HBS_2024,COOLING_CASES_V1
central,2050,Walloon Region,BE_TABULA_24,"Apartment, enclosed",post-2005,TABULA_standard_B_proxy,2979.14057162,1727209,current_regional,active_cooling,true,integrated_reversible_or_split_system_unspecified,false,0.07,208.5398400134,STATBEL_HBS_2024,COOLING_CASES_V1
central,2050,Walloon Region,BE_TABULA_24,"Apartment, enclosed",post-2005,TABULA_standard_B_proxy,2979.14057162,1727209,higher_uptake,inactive_cooling,false,none_active,false,0.86,2562.0608915932,STATBEL_HBS_2024,COOLING_CASES_V1
central,2050,Walloon Region,BE_TABULA_24,"Apartment, enclosed",post-2005,TABULA_standard_B_proxy,2979.14057162,1727209,higher_uptake,active_cooling,true,integrated_reversible_or_split_system_unspecified,false,0.14,417.0796800268,STATBEL_HBS_2024,COOLING_CASES_V1
central,2050,Walloon Region,BE_TABULA_24,"Apartment, enclosed",post-2005,TABULA_advanced_A_proxy,324.997153267,1727209,no_active_cooling,inactive_cooling,false,none_active,true,1,324.997153267,STATBEL_HBS_2024,COOLING_CASES_V1
central,2050,Walloon Region,BE_TABULA_24,"Apartment, enclosed",post-2005,TABULA_advanced_A_proxy,324.997153267,1727209,no_active_cooling,active_cooling,true,integrated_reversible_or_split_system_unspecified,true,0,0,STATBEL_HBS_2024,COOLING_CASES_V1
central,2050,Walloon Region,BE_TABULA_24,"Apartment, enclosed",post-2005,TABULA_advanced_A_proxy,324.997153267,1727209,current_regional,inactive_cooling,false,none_active,true,0.93,302.24735253831,STATBEL_HBS_2024,COOLING_CASES_V1
central,2050,Walloon Region,BE_TABULA_24,"Apartment, enclosed",post-2005,TABULA_advanced_A_proxy,324.997153267,1727209,current_regional,active_cooling,true,integrated_reversible_or_split_system_unspecified,true,0.07,22.74980072869,STATBEL_HBS_2024,COOLING_CASES_V1
central,2050,Walloon Region,BE_TABULA_24,"Apartment, enclosed",post-2005,TABULA_advanced_A_proxy,324.997153267,1727209,higher_uptake,inactive_cooling,false,none_active,true,0.86,279.49755180962,STATBEL_HBS_2024,COOLING_CASES_V1
central,2050,Walloon Region,BE_TABULA_24,"Apartment, enclosed",post-2005,TABULA_advanced_A_proxy,324.997153267,1727209,higher_uptake,active_cooling,true,integrated_reversible_or_split_system_unspecified,true,0.14,45.49960145738,STATBEL_HBS_2024,COOLING_CASES_V1
central,2050,Walloon Region,BE_TABULA_25,"Apartment, exposed",post-2005,TABULA_existing,23778.9583807,1727209,no_active_cooling,inactive_cooling,false,none_active,false,1,23778.9583807,STATBEL_HBS_2024,COOLING_CASES_V1
central,2050,Walloon Region,BE_TABULA_25,"Apartment, exposed",post-2005,TABULA_existing,23778.9583807,1727209,no_active_cooling,active_cooling,true,integrated_reversible_or_split_system_unspecified,false,0,0,STATBEL_HBS_2024,COOLING_CASES_V1
central,2050,Walloon Region,BE_TABULA_25,"Apartment, exposed",post-2005,TABULA_existing,23778.9583807,1727209,current_regional,inactive_cooling,false,none_active,false,0.93,22114.431294051,STATBEL_HBS_2024,COOLING_CASES_V1
central,2050,Walloon Region,BE_TABULA_25,"Apartment, exposed",post-2005,TABULA_existing,23778.9583807,1727209,current_regional,active_cooling,true,integrated_reversible_or_split_system_unspecified,false,0.07,1664.527086649,STATBEL_HBS_2024,COOLING_CASES_V1
central,2050,Walloon Region,BE_TABULA_25,"Apartment, exposed",post-2005,TABULA_existing,23778.9583807,1727209,higher_uptake,inactive_cooling,false,none_active,false,0.86,20449.904207402,STATBEL_HBS_2024,COOLING_CASES_V1
central,2050,Walloon Region,BE_TABULA_25,"Apartment, exposed",post-2005,TABULA_existing,23778.9583807,1727209,higher_uptake,active_cooling,true,integrated_reversible_or_split_system_unspecified,false,0.14,3329.054173298001,STATBEL_HBS_2024,COOLING_CASES_V1
central,2050,Walloon Region,BE_TABULA_25,"Apartment, exposed",post-2005,TABULA_standard_B_proxy,2979.14057162,1727209,no_active_cooling,inactive_cooling,false,none_active,false,1,2979.14057162,STATBEL_HBS_2024,COOLING_CASES_V1
central,2050,Walloon Region,BE_TABULA_25,"Apartment, exposed",post-2005,TABULA_standard_B_proxy,2979.14057162,1727209,no_active_cooling,active_cooling,true,integrated_reversible_or_split_system_unspecified,false,0,0,STATBEL_HBS_2024,COOLING_CASES_V1
central,2050,Walloon Region,BE_TABULA_25,"Apartment, exposed",post-2005,TABULA_standard_B_proxy,2979.14057162,1727209,current_regional,inactive_cooling,false,none_active,false,0.93,2770.6007316066,STATBEL_HBS_2024,COOLING_CASES_V1
central,2050,Walloon Region,BE_TABULA_25,"Apartment, exposed",post-2005,TABULA_standard_B_proxy,2979.14057162,1727209,current_regional,active_cooling,true,integrated_reversible_or_split_system_unspecified,false,0.07,208.5398400134,STATBEL_HBS_2024,COOLING_CASES_V1
central,2050,Walloon Region,BE_TABULA_25,"Apartment, exposed",post-2005,TABULA_standard_B_proxy,2979.14057162,1727209,higher_uptake,inactive_cooling,false,none_active,false,0.86,2562.0608915932,STATBEL_HBS_2024,COOLING_CASES_V1
central,2050,Walloon Region,BE_TABULA_25,"Apartment, exposed",post-2005,TABULA_standard_B_proxy,2979.14057162,1727209,higher_uptake,active_cooling,true,integrated_reversible_or_split_system_unspecified,false,0.14,417.0796800268,STATBEL_HBS_2024,COOLING_CASES_V1
central,2050,Walloon Region,BE_TABULA_25,"Apartment, exposed",post-2005,TABULA_advanced_A_proxy,324.997153267,1727209,no_active_cooling,inactive_cooling,false,none_active,true,1,324.997153267,STATBEL_HBS_2024,COOLING_CASES_V1
central,2050,Walloon Region,BE_TABULA_25,"Apartment, exposed",post-2005,TABULA_advanced_A_proxy,324.997153267,1727209,no_active_cooling,active_cooling,true,integrated_reversible_or_split_system_unspecified,true,0,0,STATBEL_HBS_2024,COOLING_CASES_V1
central,2050,Walloon Region,BE_TABULA_25,"Apartment, exposed",post-2005,TABULA_advanced_A_proxy,324.997153267,1727209,current_regional,inactive_cooling,false,none_active,true,0.93,302.24735253831,STATBEL_HBS_2024,COOLING_CASES_V1
central,2050,Walloon Region,BE_TABULA_25,"Apartment, exposed",post-2005,TABULA_advanced_A_proxy,324.997153267,1727209,current_regional,active_cooling,true,integrated_reversible_or_split_system_unspecified,true,0.07,22.74980072869,STATBEL_HBS_2024,COOLING_CASES_V1
central,2050,Walloon Region,BE_TABULA_25,"Apartment, exposed",post-2005,TABULA_advanced_A_proxy,324.997153267,1727209,higher_uptake,inactive_cooling,false,none_active,true,0.86,279.49755180962,STATBEL_HBS_2024,COOLING_CASES_V1
central,2050,Walloon Region,BE_TABULA_25,"Apartment, exposed",post-2005,TABULA_advanced_A_proxy,324.997153267,1727209,higher_uptake,active_cooling,true,integrated_reversible_or_split_system_unspecified,true,0.14,45.49960145738,STATBEL_HBS_2024,COOLING_CASES_V1
central,2050,Brussels-Capital Region,BE_TABULA_01,Detached house,pre-1946,TABULA_existing,0,566042,no_active_cooling,inactive_cooling,false,none_active,false,1,0,STATBEL_HBS_2024,COOLING_CASES_V1
central,2050,Brussels-Capital Region,BE_TABULA_01,Detached house,pre-1946,TABULA_existing,0,566042,no_active_cooling,active_cooling,true,integrated_reversible_or_split_system_unspecified,false,0,0,STATBEL_HBS_2024,COOLING_CASES_V1
central,2050,Brussels-Capital Region,BE_TABULA_01,Detached house,pre-1946,TABULA_existing,0,566042,current_regional,inactive_cooling,false,none_active,false,0.96,0,STATBEL_HBS_2024,COOLING_CASES_V1
central,2050,Brussels-Capital Region,BE_TABULA_01,Detached house,pre-1946,TABULA_existing,0,566042,current_regional,active_cooling,true,integrated_reversible_or_split_system_unspecified,false,0.04,0,STATBEL_HBS_2024,COOLING_CASES_V1
central,2050,Brussels-Capital Region,BE_TABULA_01,Detached house,pre-1946,TABULA_existing,0,566042,higher_uptake,inactive_cooling,false,none_active,false,0.92,0,STATBEL_HBS_2024,COOLING_CASES_V1
central,2050,Brussels-Capital Region,BE_TABULA_01,Detached house,pre-1946,TABULA_existing,0,566042,higher_uptake,active_cooling,true,integrated_reversible_or_split_system_unspecified,false,0.08,0,STATBEL_HBS_2024,COOLING_CASES_V1
central,2050,Brussels-Capital Region,BE_TABULA_01,Detached house,pre-1946,TABULA_standard_B_proxy,1947.605331505,566042,no_active_cooling,inactive_cooling,false,none_active,false,1,1947.605331505,STATBEL_HBS_2024,COOLING_CASES_V1
central,2050,Brussels-Capital Region,BE_TABULA_01,Detached house,pre-1946,TABULA_standard_B_proxy,1947.605331505,566042,no_active_cooling,active_cooling,true,integrated_reversible_or_split_system_unspecified,false,0,0,STATBEL_HBS_2024,COOLING_CASES_V1
central,2050,Brussels-Capital Region,BE_TABULA_01,Detached house,pre-1946,TABULA_standard_B_proxy,1947.605331505,566042,current_regional,inactive_cooling,false,none_active,false,0.96,1869.7011182448,STATBEL_HBS_2024,COOLING_CASES_V1
central,2050,Brussels-Capital Region,BE_TABULA_01,Detached house,pre-1946,TABULA_standard_B_proxy,1947.605331505,566042,current_regional,active_cooling,true,integrated_reversible_or_split_system_unspecified,false,0.04,77.9042132602,STATBEL_HBS_2024,COOLING_CASES_V1
central,2050,Brussels-Capital Region,BE_TABULA_01,Detached house,pre-1946,TABULA_standard_B_proxy,1947.605331505,566042,higher_uptake,inactive_cooling,false,none_active,false,0.92,1791.7969049846,STATBEL_HBS_2024,COOLING_CASES_V1
central,2050,Brussels-Capital Region,BE_TABULA_01,Detached house,pre-1946,TABULA_standard_B_proxy,1947.605331505,566042,higher_uptake,active_cooling,true,integrated_reversible_or_split_system_unspecified,false,0.08,155.8084265204,STATBEL_HBS_2024,COOLING_CASES_V1
central,2050,Brussels-Capital Region,BE_TABULA_01,Detached house,pre-1946,TABULA_advanced_A_proxy,30.6631616438,566042,no_active_cooling,inactive_cooling,false,none_active,true,1,30.6631616438,STATBEL_HBS_2024,COOLING_CASES_V1
central,2050,Brussels-Capital Region,BE_TABULA_01,Detached house,pre-1946,TABULA_advanced_A_proxy,30.6631616438,566042,no_active_cooling,active_cooling,true,integrated_reversible_or_split_system_unspecified,true,0,0,STATBEL_HBS_2024,COOLING_CASES_V1
central,2050,Brussels-Capital Region,BE_TABULA_01,Detached house,pre-1946,TABULA_advanced_A_proxy,30.6631616438,566042,current_regional,inactive_cooling,false,none_active,true,0.96,29.436635178048,STATBEL_HBS_2024,COOLING_CASES_V1
central,2050,Brussels-Capital Region,BE_TABULA_01,Detached house,pre-1946,TABULA_advanced_A_proxy,30.6631616438,566042,current_regional,active_cooling,true,integrated_reversible_or_split_system_unspecified,true,0.04,1.226526465752,STATBEL_HBS_2024,COOLING_CASES_V1
central,2050,Brussels-Capital Region,BE_TABULA_01,Detached house,pre-1946,TABULA_advanced_A_proxy,30.6631616438,566042,higher_uptake,inactive_cooling,false,none_active,true,0.92,28.210108712296,STATBEL_HBS_2024,COOLING_CASES_V1
central,2050,Brussels-Capital Region,BE_TABULA_01,Detached house,pre-1946,TABULA_advanced_A_proxy,30.6631616438,566042,higher_uptake,active_cooling,true,integrated_reversible_or_split_system_unspecified,true,0.08,2.453052931504,STATBEL_HBS_2024,COOLING_CASES_V1
central,2050,Brussels-Capital Region,BE_TABULA_02,Semi-detached house,pre-1946,TABULA_existing,0,566042,no_active_cooling,inactive_cooling,false,none_active,false,1,0,STATBEL_HBS_2024,COOLING_CASES_V1
central,2050,Brussels-Capital Region,BE_TABULA_02,Semi-detached house,pre-1946,TABULA_existing,0,566042,no_active_cooling,active_cooling,true,integrated_reversible_or_split_system_unspecified,false,0,0,STATBEL_HBS_2024,COOLING_CASES_V1
central,2050,Brussels-Capital Region,BE_TABULA_02,Semi-detached house,pre-1946,TABULA_existing,0,566042,current_regional,inactive_cooling,false,none_active,false,0.96,0,STATBEL_HBS_2024,COOLING_CASES_V1
central,2050,Brussels-Capital Region,BE_TABULA_02,Semi-detached house,pre-1946,TABULA_existing,0,566042,current_regional,active_cooling,true,integrated_reversible_or_split_system_unspecified,false,0.04,0,STATBEL_HBS_2024,COOLING_CASES_V1
central,2050,Brussels-Capital Region,BE_TABULA_02,Semi-detached house,pre-1946,TABULA_existing,0,566042,higher_uptake,inactive_cooling,false,none_active,false,0.92,0,STATBEL_HBS_2024,COOLING_CASES_V1
central,2050,Brussels-Capital Region,BE_TABULA_02,Semi-detached house,pre-1946,TABULA_existing,0,566042,higher_uptake,active_cooling,true,integrated_reversible_or_split_system_unspecified,false,0.08,0,STATBEL_HBS_2024,COOLING_CASES_V1
central,2050,Brussels-Capital Region,BE_TABULA_02,Semi-detached house,pre-1946,TABULA_standard_B_proxy,6546.149179798001,566042,no_active_cooling,inactive_cooling,false,none_active,false,1,6546.149179798001,STATBEL_HBS_2024,COOLING_CASES_V1
central,2050,Brussels-Capital Region,BE_TABULA_02,Semi-detached house,pre-1946,TABULA_standard_B_proxy,6546.149179798001,566042,no_active_cooling,active_cooling,true,integrated_reversible_or_split_system_unspecified,false,0,0,STATBEL_HBS_2024,COOLING_CASES_V1
central,2050,Brussels-Capital Region,BE_TABULA_02,Semi-detached house,pre-1946,TABULA_standard_B_proxy,6546.149179798001,566042,current_regional,inactive_cooling,false,none_active,false,0.96,6284.303212606081,STATBEL_HBS_2024,COOLING_CASES_V1
central,2050,Brussels-Capital Region,BE_TABULA_02,Semi-detached house,pre-1946,TABULA_standard_B_proxy,6546.149179798001,566042,current_regional,active_cooling,true,integrated_reversible_or_split_system_unspecified,false,0.04,261.84596719192,STATBEL_HBS_2024,COOLING_CASES_V1
central,2050,Brussels-Capital Region,BE_TABULA_02,Semi-detached house,pre-1946,TABULA_standard_B_proxy,6546.149179798001,566042,higher_uptake,inactive_cooling,false,none_active,false,0.92,6022.457245414161,STATBEL_HBS_2024,COOLING_CASES_V1
central,2050,Brussels-Capital Region,BE_TABULA_02,Semi-detached house,pre-1946,TABULA_standard_B_proxy,6546.149179798001,566042,higher_uptake,active_cooling,true,integrated_reversible_or_split_system_unspecified,false,0.08,523.69193438384,STATBEL_HBS_2024,COOLING_CASES_V1
central,2050,Brussels-Capital Region,BE_TABULA_02,Semi-detached house,pre-1946,TABULA_advanced_A_proxy,103.062785462,566042,no_active_cooling,inactive_cooling,false,none_active,true,1,103.062785462,STATBEL_HBS_2024,COOLING_CASES_V1
central,2050,Brussels-Capital Region,BE_TABULA_02,Semi-detached house,pre-1946,TABULA_advanced_A_proxy,103.062785462,566042,no_active_cooling,active_cooling,true,integrated_reversible_or_split_system_unspecified,true,0,0,STATBEL_HBS_2024,COOLING_CASES_V1
central,2050,Brussels-Capital Region,BE_TABULA_02,Semi-detached house,pre-1946,TABULA_advanced_A_proxy,103.062785462,566042,current_regional,inactive_cooling,false,none_active,true,0.96,98.94027404352,STATBEL_HBS_2024,COOLING_CASES_V1
central,2050,Brussels-Capital Region,BE_TABULA_02,Semi-detached house,pre-1946,TABULA_advanced_A_proxy,103.062785462,566042,current_regional,active_cooling,true,integrated_reversible_or_split_system_unspecified,true,0.04,4.12251141848,STATBEL_HBS_2024,COOLING_CASES_V1
central,2050,Brussels-Capital Region,BE_TABULA_02,Semi-detached house,pre-1946,TABULA_advanced_A_proxy,103.062785462,566042,higher_uptake,inactive_cooling,false,none_active,true,0.92,94.81776262504,STATBEL_HBS_2024,COOLING_CASES_V1
central,2050,Brussels-Capital Region,BE_TABULA_02,Semi-detached house,pre-1946,TABULA_advanced_A_proxy,103.062785462,566042,higher_uptake,active_cooling,true,integrated_reversible_or_split_system_unspecified,true,0.08,8.24502283696,STATBEL_HBS_2024,COOLING_CASES_V1
central,2050,Brussels-Capital Region,BE_TABULA_03,Terraced house,pre-1946,TABULA_existing,26962.512784319948,566042,no_active_cooling,inactive_cooling,false,none_active,false,1,26962.512784319948,STATBEL_HBS_2024,COOLING_CASES_V1
central,2050,Brussels-Capital Region,BE_TABULA_03,Terraced house,pre-1946,TABULA_existing,26962.512784319948,566042,no_active_cooling,active_cooling,true,integrated_reversible_or_split_system_unspecified,false,0,0,STATBEL_HBS_2024,COOLING_CASES_V1
central,2050,Brussels-Capital Region,BE_TABULA_03,Terraced house,pre-1946,TABULA_existing,26962.512784319948,566042,current_regional,inactive_cooling,false,none_active,false,0.96,25884.012272947148,STATBEL_HBS_2024,COOLING_CASES_V1
central,2050,Brussels-Capital Region,BE_TABULA_03,Terraced house,pre-1946,TABULA_existing,26962.512784319948,566042,current_regional,active_cooling,true,integrated_reversible_or_split_system_unspecified,false,0.04,1078.500511372798,STATBEL_HBS_2024,COOLING_CASES_V1
central,2050,Brussels-Capital Region,BE_TABULA_03,Terraced house,pre-1946,TABULA_existing,26962.512784319948,566042,higher_uptake,inactive_cooling,false,none_active,false,0.92,24805.511761574355,STATBEL_HBS_2024,COOLING_CASES_V1
central,2050,Brussels-Capital Region,BE_TABULA_03,Terraced house,pre-1946,TABULA_existing,26962.512784319948,566042,higher_uptake,active_cooling,true,integrated_reversible_or_split_system_unspecified,false,0.08,2157.001022745596,STATBEL_HBS_2024,COOLING_CASES_V1
central,2050,Brussels-Capital Region,BE_TABULA_03,Terraced house,pre-1946,TABULA_standard_B_proxy,89777.17106790004,566042,no_active_cooling,inactive_cooling,false,none_active,false,1,89777.17106790004,STATBEL_HBS_2024,COOLING_CASES_V1
central,2050,Brussels-Capital Region,BE_TABULA_03,Terraced house,pre-1946,TABULA_standard_B_proxy,89777.17106790004,566042,no_active_cooling,active_cooling,true,integrated_reversible_or_split_system_unspecified,false,0,0,STATBEL_HBS_2024,COOLING_CASES_V1
central,2050,Brussels-Capital Region,BE_TABULA_03,Terraced house,pre-1946,TABULA_standard_B_proxy,89777.17106790004,566042,current_regional,inactive_cooling,false,none_active,false,0.96,86186.08422518404,STATBEL_HBS_2024,COOLING_CASES_V1
central,2050,Brussels-Capital Region,BE_TABULA_03,Terraced house,pre-1946,TABULA_standard_B_proxy,89777.17106790004,566042,current_regional,active_cooling,true,integrated_reversible_or_split_system_unspecified,false,0.04,3591.086842716002,STATBEL_HBS_2024,COOLING_CASES_V1
central,2050,Brussels-Capital Region,BE_TABULA_03,Terraced house,pre-1946,TABULA_standard_B_proxy,89777.17106790004,566042,higher_uptake,inactive_cooling,false,none_active,false,0.92,82594.99738246803,STATBEL_HBS_2024,COOLING_CASES_V1
central,2050,Brussels-Capital Region,BE_TABULA_03,Terraced house,pre-1946,TABULA_standard_B_proxy,89777.17106790004,566042,higher_uptake,active_cooling,true,integrated_reversible_or_split_system_unspecified,false,0.08,7182.173685432003,STATBEL_HBS_2024,COOLING_CASES_V1
central,2050,Brussels-Capital Region,BE_TABULA_03,Terraced house,pre-1946,TABULA_advanced_A_proxy,17936.659319150003,566042,no_active_cooling,inactive_cooling,false,none_active,true,1,17936.659319150003,STATBEL_HBS_2024,COOLING_CASES_V1
central,2050,Brussels-Capital Region,BE_TABULA_03,Terraced house,pre-1946,TABULA_advanced_A_proxy,17936.659319150003,566042,no_active_cooling,active_cooling,true,integrated_reversible_or_split_system_unspecified,true,0,0,STATBEL_HBS_2024,COOLING_CASES_V1
central,2050,Brussels-Capital Region,BE_TABULA_03,Terraced house,pre-1946,TABULA_advanced_A_proxy,17936.659319150003,566042,current_regional,inactive_cooling,false,none_active,true,0.96,17219.192946384002,STATBEL_HBS_2024,COOLING_CASES_V1
central,2050,Brussels-Capital Region,BE_TABULA_03,Terraced house,pre-1946,TABULA_advanced_A_proxy,17936.659319150003,566042,current_regional,active_cooling,true,integrated_reversible_or_split_system_unspecified,true,0.04,717.466372766,STATBEL_HBS_2024,COOLING_CASES_V1
central,2050,Brussels-Capital Region,BE_TABULA_03,Terraced house,pre-1946,TABULA_advanced_A_proxy,17936.659319150003,566042,higher_uptake,inactive_cooling,false,none_active,true,0.92,16501.726573618005,STATBEL_HBS_2024,COOLING_CASES_V1
central,2050,Brussels-Capital Region,BE_TABULA_03,Terraced house,pre-1946,TABULA_advanced_A_proxy,17936.659319150003,566042,higher_uptake,active_cooling,true,integrated_reversible_or_split_system_unspecified,true,0.08,1434.932745532,STATBEL_HBS_2024,COOLING_CASES_V1
central,2050,Brussels-Capital Region,BE_TABULA_04,"Apartment, enclosed",pre-1946,TABULA_existing,80870.5437885,566042,no_active_cooling,inactive_cooling,false,none_active,false,1,80870.5437885,STATBEL_HBS_2024,COOLING_CASES_V1
central,2050,Brussels-Capital Region,BE_TABULA_04,"Apartment, enclosed",pre-1946,TABULA_existing,80870.5437885,566042,no_active_cooling,active_cooling,true,integrated_reversible_or_split_system_unspecified,false,0,0,STATBEL_HBS_2024,COOLING_CASES_V1
central,2050,Brussels-Capital Region,BE_TABULA_04,"Apartment, enclosed",pre-1946,TABULA_existing,80870.5437885,566042,current_regional,inactive_cooling,false,none_active,false,0.96,77635.72203696,STATBEL_HBS_2024,COOLING_CASES_V1
central,2050,Brussels-Capital Region,BE_TABULA_04,"Apartment, enclosed",pre-1946,TABULA_existing,80870.5437885,566042,current_regional,active_cooling,true,integrated_reversible_or_split_system_unspecified,false,0.04,3234.82175154,STATBEL_HBS_2024,COOLING_CASES_V1
central,2050,Brussels-Capital Region,BE_TABULA_04,"Apartment, enclosed",pre-1946,TABULA_existing,80870.5437885,566042,higher_uptake,inactive_cooling,false,none_active,false,0.92,74400.90028542001,STATBEL_HBS_2024,COOLING_CASES_V1
central,2050,Brussels-Capital Region,BE_TABULA_04,"Apartment, enclosed",pre-1946,TABULA_existing,80870.5437885,566042,higher_uptake,active_cooling,true,integrated_reversible_or_split_system_unspecified,false,0.08,6469.64350308,STATBEL_HBS_2024,COOLING_CASES_V1
central,2050,Brussels-Capital Region,BE_TABULA_04,"Apartment, enclosed",pre-1946,TABULA_standard_B_proxy,4895.96527083,566042,no_active_cooling,inactive_cooling,false,none_active,false,1,4895.96527083,STATBEL_HBS_2024,COOLING_CASES_V1
central,2050,Brussels-Capital Region,BE_TABULA_04,"Apartment, enclosed",pre-1946,TABULA_standard_B_proxy,4895.96527083,566042,no_active_cooling,active_cooling,true,integrated_reversible_or_split_system_unspecified,false,0,0,STATBEL_HBS_2024,COOLING_CASES_V1
central,2050,Brussels-Capital Region,BE_TABULA_04,"Apartment, enclosed",pre-1946,TABULA_standard_B_proxy,4895.96527083,566042,current_regional,inactive_cooling,false,none_active,false,0.96,4700.126659996799,STATBEL_HBS_2024,COOLING_CASES_V1
central,2050,Brussels-Capital Region,BE_TABULA_04,"Apartment, enclosed",pre-1946,TABULA_standard_B_proxy,4895.96527083,566042,current_regional,active_cooling,true,integrated_reversible_or_split_system_unspecified,false,0.04,195.8386108332,STATBEL_HBS_2024,COOLING_CASES_V1
central,2050,Brussels-Capital Region,BE_TABULA_04,"Apartment, enclosed",pre-1946,TABULA_standard_B_proxy,4895.96527083,566042,higher_uptake,inactive_cooling,false,none_active,false,0.92,4504.288049163601,STATBEL_HBS_2024,COOLING_CASES_V1
central,2050,Brussels-Capital Region,BE_TABULA_04,"Apartment, enclosed",pre-1946,TABULA_standard_B_proxy,4895.96527083,566042,higher_uptake,active_cooling,true,integrated_reversible_or_split_system_unspecified,false,0.08,391.6772216664,STATBEL_HBS_2024,COOLING_CASES_V1
central,2050,Brussels-Capital Region,BE_TABULA_04,"Apartment, enclosed",pre-1946,TABULA_advanced_A_proxy,1350.31070637,566042,no_active_cooling,inactive_cooling,false,none_active,true,1,1350.31070637,STATBEL_HBS_2024,COOLING_CASES_V1
central,2050,Brussels-Capital Region,BE_TABULA_04,"Apartment, enclosed",pre-1946,TABULA_advanced_A_proxy,1350.31070637,566042,no_active_cooling,active_cooling,true,integrated_reversible_or_split_system_unspecified,true,0,0,STATBEL_HBS_2024,COOLING_CASES_V1
central,2050,Brussels-Capital Region,BE_TABULA_04,"Apartment, enclosed",pre-1946,TABULA_advanced_A_proxy,1350.31070637,566042,current_regional,inactive_cooling,false,none_active,true,0.96,1296.2982781152,STATBEL_HBS_2024,COOLING_CASES_V1
central,2050,Brussels-Capital Region,BE_TABULA_04,"Apartment, enclosed",pre-1946,TABULA_advanced_A_proxy,1350.31070637,566042,current_regional,active_cooling,true,integrated_reversible_or_split_system_unspecified,true,0.04,54.0124282548,STATBEL_HBS_2024,COOLING_CASES_V1
central,2050,Brussels-Capital Region,BE_TABULA_04,"Apartment, enclosed",pre-1946,TABULA_advanced_A_proxy,1350.31070637,566042,higher_uptake,inactive_cooling,false,none_active,true,0.92,1242.2858498604,STATBEL_HBS_2024,COOLING_CASES_V1
central,2050,Brussels-Capital Region,BE_TABULA_04,"Apartment, enclosed",pre-1946,TABULA_advanced_A_proxy,1350.31070637,566042,higher_uptake,active_cooling,true,integrated_reversible_or_split_system_unspecified,true,0.08,108.0248565096,STATBEL_HBS_2024,COOLING_CASES_V1
central,2050,Brussels-Capital Region,BE_TABULA_05,"Apartment, exposed",pre-1946,TABULA_existing,0,566042,no_active_cooling,inactive_cooling,false,none_active,false,1,0,STATBEL_HBS_2024,COOLING_CASES_V1
central,2050,Brussels-Capital Region,BE_TABULA_05,"Apartment, exposed",pre-1946,TABULA_existing,0,566042,no_active_cooling,active_cooling,true,integrated_reversible_or_split_system_unspecified,false,0,0,STATBEL_HBS_2024,COOLING_CASES_V1
central,2050,Brussels-Capital Region,BE_TABULA_05,"Apartment, exposed",pre-1946,TABULA_existing,0,566042,current_regional,inactive_cooling,false,none_active,false,0.96,0,STATBEL_HBS_2024,COOLING_CASES_V1
central,2050,Brussels-Capital Region,BE_TABULA_05,"Apartment, exposed",pre-1946,TABULA_existing,0,566042,current_regional,active_cooling,true,integrated_reversible_or_split_system_unspecified,false,0.04,0,STATBEL_HBS_2024,COOLING_CASES_V1
central,2050,Brussels-Capital Region,BE_TABULA_05,"Apartment, exposed",pre-1946,TABULA_existing,0,566042,higher_uptake,inactive_cooling,false,none_active,false,0.92,0,STATBEL_HBS_2024,COOLING_CASES_V1
central,2050,Brussels-Capital Region,BE_TABULA_05,"Apartment, exposed",pre-1946,TABULA_existing,0,566042,higher_uptake,active_cooling,true,integrated_reversible_or_split_system_unspecified,false,0.08,0,STATBEL_HBS_2024,COOLING_CASES_V1
central,2050,Brussels-Capital Region,BE_TABULA_05,"Apartment, exposed",pre-1946,TABULA_standard_B_proxy,73087.16825932999,566042,no_active_cooling,inactive_cooling,false,none_active,false,1,73087.16825932999,STATBEL_HBS_2024,COOLING_CASES_V1
central,2050,Brussels-Capital Region,BE_TABULA_05,"Apartment, exposed",pre-1946,TABULA_standard_B_proxy,73087.16825932999,566042,no_active_cooling,active_cooling,true,integrated_reversible_or_split_system_unspecified,false,0,0,STATBEL_HBS_2024,COOLING_CASES_V1
central,2050,Brussels-Capital Region,BE_TABULA_05,"Apartment, exposed",pre-1946,TABULA_standard_B_proxy,73087.16825932999,566042,current_regional,inactive_cooling,false,none_active,false,0.96,70163.68152895679,STATBEL_HBS_2024,COOLING_CASES_V1
central,2050,Brussels-Capital Region,BE_TABULA_05,"Apartment, exposed",pre-1946,TABULA_standard_B_proxy,73087.16825932999,566042,current_regional,active_cooling,true,integrated_reversible_or_split_system_unspecified,false,0.04,2923.4867303732,STATBEL_HBS_2024,COOLING_CASES_V1
central,2050,Brussels-Capital Region,BE_TABULA_05,"Apartment, exposed",pre-1946,TABULA_standard_B_proxy,73087.16825932999,566042,higher_uptake,inactive_cooling,false,none_active,false,0.92,67240.1947985836,STATBEL_HBS_2024,COOLING_CASES_V1
central,2050,Brussels-Capital Region,BE_TABULA_05,"Apartment, exposed",pre-1946,TABULA_standard_B_proxy,73087.16825932999,566042,higher_uptake,active_cooling,true,integrated_reversible_or_split_system_unspecified,false,0.08,5846.9734607464,STATBEL_HBS_2024,COOLING_CASES_V1
central,2050,Brussels-Capital Region,BE_TABULA_05,"Apartment, exposed",pre-1946,TABULA_advanced_A_proxy,14029.651506370004,566042,no_active_cooling,inactive_cooling,false,none_active,true,1,14029.651506370004,STATBEL_HBS_2024,COOLING_CASES_V1
central,2050,Brussels-Capital Region,BE_TABULA_05,"Apartment, exposed",pre-1946,TABULA_advanced_A_proxy,14029.651506370004,566042,no_active_cooling,active_cooling,true,integrated_reversible_or_split_system_unspecified,true,0,0,STATBEL_HBS_2024,COOLING_CASES_V1
central,2050,Brussels-Capital Region,BE_TABULA_05,"Apartment, exposed",pre-1946,TABULA_advanced_A_proxy,14029.651506370004,566042,current_regional,inactive_cooling,false,none_active,true,0.96,13468.465446115204,STATBEL_HBS_2024,COOLING_CASES_V1
central,2050,Brussels-Capital Region,BE_TABULA_05,"Apartment, exposed",pre-1946,TABULA_advanced_A_proxy,14029.651506370004,566042,current_regional,active_cooling,true,integrated_reversible_or_split_system_unspecified,true,0.04,561.1860602548,STATBEL_HBS_2024,COOLING_CASES_V1
central,2050,Brussels-Capital Region,BE_TABULA_05,"Apartment, exposed",pre-1946,TABULA_advanced_A_proxy,14029.651506370004,566042,higher_uptake,inactive_cooling,false,none_active,true,0.92,12907.279385860405,STATBEL_HBS_2024,COOLING_CASES_V1
central,2050,Brussels-Capital Region,BE_TABULA_05,"Apartment, exposed",pre-1946,TABULA_advanced_A_proxy,14029.651506370004,566042,higher_uptake,active_cooling,true,integrated_reversible_or_split_system_unspecified,true,0.08,1122.3721205096,STATBEL_HBS_2024,COOLING_CASES_V1
central,2050,Brussels-Capital Region,BE_TABULA_06,Detached house,1946-1970,TABULA_existing,0,566042,no_active_cooling,inactive_cooling,false,none_active,false,1,0,STATBEL_HBS_2024,COOLING_CASES_V1
central,2050,Brussels-Capital Region,BE_TABULA_06,Detached house,1946-1970,TABULA_existing,0,566042,no_active_cooling,active_cooling,true,integrated_reversible_or_split_system_unspecified,false,0,0,STATBEL_HBS_2024,COOLING_CASES_V1
central,2050,Brussels-Capital Region,BE_TABULA_06,Detached house,1946-1970,TABULA_existing,0,566042,current_regional,inactive_cooling,false,none_active,false,0.96,0,STATBEL_HBS_2024,COOLING_CASES_V1
central,2050,Brussels-Capital Region,BE_TABULA_06,Detached house,1946-1970,TABULA_existing,0,566042,current_regional,active_cooling,true,integrated_reversible_or_split_system_unspecified,false,0.04,0,STATBEL_HBS_2024,COOLING_CASES_V1
central,2050,Brussels-Capital Region,BE_TABULA_06,Detached house,1946-1970,TABULA_existing,0,566042,higher_uptake,inactive_cooling,false,none_active,false,0.92,0,STATBEL_HBS_2024,COOLING_CASES_V1
central,2050,Brussels-Capital Region,BE_TABULA_06,Detached house,1946-1970,TABULA_existing,0,566042,higher_uptake,active_cooling,true,integrated_reversible_or_split_system_unspecified,false,0.08,0,STATBEL_HBS_2024,COOLING_CASES_V1
central,2050,Brussels-Capital Region,BE_TABULA_06,Detached house,1946-1970,TABULA_standard_B_proxy,1039.797161646,566042,no_active_cooling,inactive_cooling,false,none_active,false,1,1039.797161646,STATBEL_HBS_2024,COOLING_CASES_V1
central,2050,Brussels-Capital Region,BE_TABULA_06,Detached house,1946-1970,TABULA_standard_B_proxy,1039.797161646,566042,no_active_cooling,active_cooling,true,integrated_reversible_or_split_system_unspecified,false,0,0,STATBEL_HBS_2024,COOLING_CASES_V1
central,2050,Brussels-Capital Region,BE_TABULA_06,Detached house,1946-1970,TABULA_standard_B_proxy,1039.797161646,566042,current_regional,inactive_cooling,false,none_active,false,0.96,998.20527518016,STATBEL_HBS_2024,COOLING_CASES_V1
central,2050,Brussels-Capital Region,BE_TABULA_06,Detached house,1946-1970,TABULA_standard_B_proxy,1039.797161646,566042,current_regional,active_cooling,true,integrated_reversible_or_split_system_unspecified,false,0.04,41.59188646584,STATBEL_HBS_2024,COOLING_CASES_V1
central,2050,Brussels-Capital Region,BE_TABULA_06,Detached house,1946-1970,TABULA_standard_B_proxy,1039.797161646,566042,higher_uptake,inactive_cooling,false,none_active,false,0.92,956.61338871432,STATBEL_HBS_2024,COOLING_CASES_V1
central,2050,Brussels-Capital Region,BE_TABULA_06,Detached house,1946-1970,TABULA_standard_B_proxy,1039.797161646,566042,higher_uptake,active_cooling,true,integrated_reversible_or_split_system_unspecified,false,0.08,83.18377293168,STATBEL_HBS_2024,COOLING_CASES_V1
central,2050,Brussels-Capital Region,BE_TABULA_06,Detached house,1946-1970,TABULA_advanced_A_proxy,1626.2411945205,566042,no_active_cooling,inactive_cooling,false,none_active,true,1,1626.2411945205,STATBEL_HBS_2024,COOLING_CASES_V1
central,2050,Brussels-Capital Region,BE_TABULA_06,Detached house,1946-1970,TABULA_advanced_A_proxy,1626.2411945205,566042,no_active_cooling,active_cooling,true,integrated_reversible_or_split_system_unspecified,true,0,0,STATBEL_HBS_2024,COOLING_CASES_V1
central,2050,Brussels-Capital Region,BE_TABULA_06,Detached house,1946-1970,TABULA_advanced_A_proxy,1626.2411945205,566042,current_regional,inactive_cooling,false,none_active,true,0.96,1561.19154673968,STATBEL_HBS_2024,COOLING_CASES_V1
central,2050,Brussels-Capital Region,BE_TABULA_06,Detached house,1946-1970,TABULA_advanced_A_proxy,1626.2411945205,566042,current_regional,active_cooling,true,integrated_reversible_or_split_system_unspecified,true,0.04,65.04964778082,STATBEL_HBS_2024,COOLING_CASES_V1
central,2050,Brussels-Capital Region,BE_TABULA_06,Detached house,1946-1970,TABULA_advanced_A_proxy,1626.2411945205,566042,higher_uptake,inactive_cooling,false,none_active,true,0.92,1496.14189895886,STATBEL_HBS_2024,COOLING_CASES_V1
central,2050,Brussels-Capital Region,BE_TABULA_06,Detached house,1946-1970,TABULA_advanced_A_proxy,1626.2411945205,566042,higher_uptake,active_cooling,true,integrated_reversible_or_split_system_unspecified,true,0.08,130.09929556164,STATBEL_HBS_2024,COOLING_CASES_V1
central,2050,Brussels-Capital Region,BE_TABULA_07,Semi-detached house,1946-1970,TABULA_existing,0,566042,no_active_cooling,inactive_cooling,false,none_active,false,1,0,STATBEL_HBS_2024,COOLING_CASES_V1
central,2050,Brussels-Capital Region,BE_TABULA_07,Semi-detached house,1946-1970,TABULA_existing,0,566042,no_active_cooling,active_cooling,true,integrated_reversible_or_split_system_unspecified,false,0,0,STATBEL_HBS_2024,COOLING_CASES_V1
central,2050,Brussels-Capital Region,BE_TABULA_07,Semi-detached house,1946-1970,TABULA_existing,0,566042,current_regional,inactive_cooling,false,none_active,false,0.96,0,STATBEL_HBS_2024,COOLING_CASES_V1
central,2050,Brussels-Capital Region,BE_TABULA_07,Semi-detached house,1946-1970,TABULA_existing,0,566042,current_regional,active_cooling,true,integrated_reversible_or_split_system_unspecified,false,0.04,0,STATBEL_HBS_2024,COOLING_CASES_V1
central,2050,Brussels-Capital Region,BE_TABULA_07,Semi-detached house,1946-1970,TABULA_existing,0,566042,higher_uptake,inactive_cooling,false,none_active,false,0.92,0,STATBEL_HBS_2024,COOLING_CASES_V1
central,2050,Brussels-Capital Region,BE_TABULA_07,Semi-detached house,1946-1970,TABULA_existing,0,566042,higher_uptake,active_cooling,true,integrated_reversible_or_split_system_unspecified,false,0.08,0,STATBEL_HBS_2024,COOLING_CASES_V1
central,2050,Brussels-Capital Region,BE_TABULA_07,Semi-detached house,1946-1970,TABULA_standard_B_proxy,6078.441039822001,566042,no_active_cooling,inactive_cooling,false,none_active,false,1,6078.441039822001,STATBEL_HBS_2024,COOLING_CASES_V1
central,2050,Brussels-Capital Region,BE_TABULA_07,Semi-detached house,1946-1970,TABULA_standard_B_proxy,6078.441039822001,566042,no_active_cooling,active_cooling,true,integrated_reversible_or_split_system_unspecified,false,0,0,STATBEL_HBS_2024,COOLING_CASES_V1
central,2050,Brussels-Capital Region,BE_TABULA_07,Semi-detached house,1946-1970,TABULA_standard_B_proxy,6078.441039822001,566042,current_regional,inactive_cooling,false,none_active,false,0.96,5835.303398229121,STATBEL_HBS_2024,COOLING_CASES_V1
central,2050,Brussels-Capital Region,BE_TABULA_07,Semi-detached house,1946-1970,TABULA_standard_B_proxy,6078.441039822001,566042,current_regional,active_cooling,true,integrated_reversible_or_split_system_unspecified,false,0.04,243.13764159288,STATBEL_HBS_2024,COOLING_CASES_V1
central,2050,Brussels-Capital Region,BE_TABULA_07,Semi-detached house,1946-1970,TABULA_standard_B_proxy,6078.441039822001,566042,higher_uptake,inactive_cooling,false,none_active,false,0.92,5592.165756636241,STATBEL_HBS_2024,COOLING_CASES_V1
central,2050,Brussels-Capital Region,BE_TABULA_07,Semi-detached house,1946-1970,TABULA_standard_B_proxy,6078.441039822001,566042,higher_uptake,active_cooling,true,integrated_reversible_or_split_system_unspecified,false,0.08,486.27528318576,STATBEL_HBS_2024,COOLING_CASES_V1
central,2050,Brussels-Capital Region,BE_TABULA_07,Semi-detached house,1946-1970,TABULA_advanced_A_proxy,1705.569767514,566042,no_active_cooling,inactive_cooling,false,none_active,true,1,1705.569767514,STATBEL_HBS_2024,COOLING_CASES_V1
central,2050,Brussels-Capital Region,BE_TABULA_07,Semi-detached house,1946-1970,TABULA_advanced_A_proxy,1705.569767514,566042,no_active_cooling,active_cooling,true,integrated_reversible_or_split_system_unspecified,true,0,0,STATBEL_HBS_2024,COOLING_CASES_V1
central,2050,Brussels-Capital Region,BE_TABULA_07,Semi-detached house,1946-1970,TABULA_advanced_A_proxy,1705.569767514,566042,current_regional,inactive_cooling,false,none_active,true,0.96,1637.34697681344,STATBEL_HBS_2024,COOLING_CASES_V1
central,2050,Brussels-Capital Region,BE_TABULA_07,Semi-detached house,1946-1970,TABULA_advanced_A_proxy,1705.569767514,566042,current_regional,active_cooling,true,integrated_reversible_or_split_system_unspecified,true,0.04,68.22279070056,STATBEL_HBS_2024,COOLING_CASES_V1
central,2050,Brussels-Capital Region,BE_TABULA_07,Semi-detached house,1946-1970,TABULA_advanced_A_proxy,1705.569767514,566042,higher_uptake,inactive_cooling,false,none_active,true,0.92,1569.12418611288,STATBEL_HBS_2024,COOLING_CASES_V1
central,2050,Brussels-Capital Region,BE_TABULA_07,Semi-detached house,1946-1970,TABULA_advanced_A_proxy,1705.569767514,566042,higher_uptake,active_cooling,true,integrated_reversible_or_split_system_unspecified,true,0.08,136.44558140112,STATBEL_HBS_2024,COOLING_CASES_V1
central,2050,Brussels-Capital Region,BE_TABULA_08,Terraced house,1946-1970,TABULA_existing,31129.3299659,566042,no_active_cooling,inactive_cooling,false,none_active,false,1,31129.3299659,STATBEL_HBS_2024,COOLING_CASES_V1
central,2050,Brussels-Capital Region,BE_TABULA_08,Terraced house,1946-1970,TABULA_existing,31129.3299659,566042,no_active_cooling,active_cooling,true,integrated_reversible_or_split_system_unspecified,false,0,0,STATBEL_HBS_2024,COOLING_CASES_V1
central,2050,Brussels-Capital Region,BE_TABULA_08,Terraced house,1946-1970,TABULA_existing,31129.3299659,566042,current_regional,inactive_cooling,false,none_active,false,0.96,29884.156767263998,STATBEL_HBS_2024,COOLING_CASES_V1
central,2050,Brussels-Capital Region,BE_TABULA_08,Terraced house,1946-1970,TABULA_existing,31129.3299659,566042,current_regional,active_cooling,true,integrated_reversible_or_split_system_unspecified,false,0.04,1245.173198636,STATBEL_HBS_2024,COOLING_CASES_V1
central,2050,Brussels-Capital Region,BE_TABULA_08,Terraced house,1946-1970,TABULA_existing,31129.3299659,566042,higher_uptake,inactive_cooling,false,none_active,false,0.92,28638.983568628002,STATBEL_HBS_2024,COOLING_CASES_V1
central,2050,Brussels-Capital Region,BE_TABULA_08,Terraced house,1946-1970,TABULA_existing,31129.3299659,566042,higher_uptake,active_cooling,true,integrated_reversible_or_split_system_unspecified,false,0.08,2490.346397272,STATBEL_HBS_2024,COOLING_CASES_V1
central,2050,Brussels-Capital Region,BE_TABULA_08,Terraced house,1946-1970,TABULA_standard_B_proxy,1884.59371333,566042,no_active_cooling,inactive_cooling,false,none_active,false,1,1884.59371333,STATBEL_HBS_2024,COOLING_CASES_V1
central,2050,Brussels-Capital Region,BE_TABULA_08,Terraced house,1946-1970,TABULA_standard_B_proxy,1884.59371333,566042,no_active_cooling,active_cooling,true,integrated_reversible_or_split_system_unspecified,false,0,0,STATBEL_HBS_2024,COOLING_CASES_V1
central,2050,Brussels-Capital Region,BE_TABULA_08,Terraced house,1946-1970,TABULA_standard_B_proxy,1884.59371333,566042,current_regional,inactive_cooling,false,none_active,false,0.96,1809.2099647968,STATBEL_HBS_2024,COOLING_CASES_V1
central,2050,Brussels-Capital Region,BE_TABULA_08,Terraced house,1946-1970,TABULA_standard_B_proxy,1884.59371333,566042,current_regional,active_cooling,true,integrated_reversible_or_split_system_unspecified,false,0.04,75.3837485332,STATBEL_HBS_2024,COOLING_CASES_V1
central,2050,Brussels-Capital Region,BE_TABULA_08,Terraced house,1946-1970,TABULA_standard_B_proxy,1884.59371333,566042,higher_uptake,inactive_cooling,false,none_active,false,0.92,1733.8262162636,STATBEL_HBS_2024,COOLING_CASES_V1
central,2050,Brussels-Capital Region,BE_TABULA_08,Terraced house,1946-1970,TABULA_standard_B_proxy,1884.59371333,566042,higher_uptake,active_cooling,true,integrated_reversible_or_split_system_unspecified,false,0.08,150.7674970664,STATBEL_HBS_2024,COOLING_CASES_V1
central,2050,Brussels-Capital Region,BE_TABULA_08,Terraced house,1946-1970,TABULA_advanced_A_proxy,519.772287485,566042,no_active_cooling,inactive_cooling,false,none_active,true,1,519.772287485,STATBEL_HBS_2024,COOLING_CASES_V1
central,2050,Brussels-Capital Region,BE_TABULA_08,Terraced house,1946-1970,TABULA_advanced_A_proxy,519.772287485,566042,no_active_cooling,active_cooling,true,integrated_reversible_or_split_system_unspecified,true,0,0,STATBEL_HBS_2024,COOLING_CASES_V1
central,2050,Brussels-Capital Region,BE_TABULA_08,Terraced house,1946-1970,TABULA_advanced_A_proxy,519.772287485,566042,current_regional,inactive_cooling,false,none_active,true,0.96,498.9813959856,STATBEL_HBS_2024,COOLING_CASES_V1
central,2050,Brussels-Capital Region,BE_TABULA_08,Terraced house,1946-1970,TABULA_advanced_A_proxy,519.772287485,566042,current_regional,active_cooling,true,integrated_reversible_or_split_system_unspecified,true,0.04,20.7908914994,STATBEL_HBS_2024,COOLING_CASES_V1
central,2050,Brussels-Capital Region,BE_TABULA_08,Terraced house,1946-1970,TABULA_advanced_A_proxy,519.772287485,566042,higher_uptake,inactive_cooling,false,none_active,true,0.92,478.1905044862,STATBEL_HBS_2024,COOLING_CASES_V1
central,2050,Brussels-Capital Region,BE_TABULA_08,Terraced house,1946-1970,TABULA_advanced_A_proxy,519.772287485,566042,higher_uptake,active_cooling,true,integrated_reversible_or_split_system_unspecified,true,0.08,41.5817829988,STATBEL_HBS_2024,COOLING_CASES_V1
central,2050,Brussels-Capital Region,BE_TABULA_09,"Apartment, enclosed",1946-1970,TABULA_existing,41099.8888818,566042,no_active_cooling,inactive_cooling,false,none_active,false,1,41099.8888818,STATBEL_HBS_2024,COOLING_CASES_V1
central,2050,Brussels-Capital Region,BE_TABULA_09,"Apartment, enclosed",1946-1970,TABULA_existing,41099.8888818,566042,no_active_cooling,active_cooling,true,integrated_reversible_or_split_system_unspecified,false,0,0,STATBEL_HBS_2024,COOLING_CASES_V1
central,2050,Brussels-Capital Region,BE_TABULA_09,"Apartment, enclosed",1946-1970,TABULA_existing,41099.8888818,566042,current_regional,inactive_cooling,false,none_active,false,0.96,39455.893326528,STATBEL_HBS_2024,COOLING_CASES_V1
central,2050,Brussels-Capital Region,BE_TABULA_09,"Apartment, enclosed",1946-1970,TABULA_existing,41099.8888818,566042,current_regional,active_cooling,true,integrated_reversible_or_split_system_unspecified,false,0.04,1643.995555272,STATBEL_HBS_2024,COOLING_CASES_V1
central,2050,Brussels-Capital Region,BE_TABULA_09,"Apartment, enclosed",1946-1970,TABULA_existing,41099.8888818,566042,higher_uptake,inactive_cooling,false,none_active,false,0.92,37811.897771256,STATBEL_HBS_2024,COOLING_CASES_V1
central,2050,Brussels-Capital Region,BE_TABULA_09,"Apartment, enclosed",1946-1970,TABULA_existing,41099.8888818,566042,higher_uptake,active_cooling,true,integrated_reversible_or_split_system_unspecified,false,0.08,3287.991110544,STATBEL_HBS_2024,COOLING_CASES_V1
central,2050,Brussels-Capital Region,BE_TABULA_09,"Apartment, enclosed",1946-1970,TABULA_standard_B_proxy,2488.2190619,566042,no_active_cooling,inactive_cooling,false,none_active,false,1,2488.2190619,STATBEL_HBS_2024,COOLING_CASES_V1
central,2050,Brussels-Capital Region,BE_TABULA_09,"Apartment, enclosed",1946-1970,TABULA_standard_B_proxy,2488.2190619,566042,no_active_cooling,active_cooling,true,integrated_reversible_or_split_system_unspecified,false,0,0,STATBEL_HBS_2024,COOLING_CASES_V1
central,2050,Brussels-Capital Region,BE_TABULA_09,"Apartment, enclosed",1946-1970,TABULA_standard_B_proxy,2488.2190619,566042,current_regional,inactive_cooling,false,none_active,false,0.96,2388.690299424,STATBEL_HBS_2024,COOLING_CASES_V1
central,2050,Brussels-Capital Region,BE_TABULA_09,"Apartment, enclosed",1946-1970,TABULA_standard_B_proxy,2488.2190619,566042,current_regional,active_cooling,true,integrated_reversible_or_split_system_unspecified,false,0.04,99.528762476,STATBEL_HBS_2024,COOLING_CASES_V1
central,2050,Brussels-Capital Region,BE_TABULA_09,"Apartment, enclosed",1946-1970,TABULA_standard_B_proxy,2488.2190619,566042,higher_uptake,inactive_cooling,false,none_active,false,0.92,2289.161536948,STATBEL_HBS_2024,COOLING_CASES_V1
central,2050,Brussels-Capital Region,BE_TABULA_09,"Apartment, enclosed",1946-1970,TABULA_standard_B_proxy,2488.2190619,566042,higher_uptake,active_cooling,true,integrated_reversible_or_split_system_unspecified,false,0.08,199.057524952,STATBEL_HBS_2024,COOLING_CASES_V1
central,2050,Brussels-Capital Region,BE_TABULA_09,"Apartment, enclosed",1946-1970,TABULA_advanced_A_proxy,686.252588245,566042,no_active_cooling,inactive_cooling,false,none_active,true,1,686.252588245,STATBEL_HBS_2024,COOLING_CASES_V1
central,2050,Brussels-Capital Region,BE_TABULA_09,"Apartment, enclosed",1946-1970,TABULA_advanced_A_proxy,686.252588245,566042,no_active_cooling,active_cooling,true,integrated_reversible_or_split_system_unspecified,true,0,0,STATBEL_HBS_2024,COOLING_CASES_V1
central,2050,Brussels-Capital Region,BE_TABULA_09,"Apartment, enclosed",1946-1970,TABULA_advanced_A_proxy,686.252588245,566042,current_regional,inactive_cooling,false,none_active,true,0.96,658.8024847152,STATBEL_HBS_2024,COOLING_CASES_V1
central,2050,Brussels-Capital Region,BE_TABULA_09,"Apartment, enclosed",1946-1970,TABULA_advanced_A_proxy,686.252588245,566042,current_regional,active_cooling,true,integrated_reversible_or_split_system_unspecified,true,0.04,27.4501035298,STATBEL_HBS_2024,COOLING_CASES_V1
central,2050,Brussels-Capital Region,BE_TABULA_09,"Apartment, enclosed",1946-1970,TABULA_advanced_A_proxy,686.252588245,566042,higher_uptake,inactive_cooling,false,none_active,true,0.92,631.3523811854,STATBEL_HBS_2024,COOLING_CASES_V1
central,2050,Brussels-Capital Region,BE_TABULA_09,"Apartment, enclosed",1946-1970,TABULA_advanced_A_proxy,686.252588245,566042,higher_uptake,active_cooling,true,integrated_reversible_or_split_system_unspecified,true,0.08,54.9002070596,STATBEL_HBS_2024,COOLING_CASES_V1
central,2050,Brussels-Capital Region,BE_TABULA_10,"Apartment, exposed",1946-1970,TABULA_existing,0,566042,no_active_cooling,inactive_cooling,false,none_active,false,1,0,STATBEL_HBS_2024,COOLING_CASES_V1
central,2050,Brussels-Capital Region,BE_TABULA_10,"Apartment, exposed",1946-1970,TABULA_existing,0,566042,no_active_cooling,active_cooling,true,integrated_reversible_or_split_system_unspecified,false,0,0,STATBEL_HBS_2024,COOLING_CASES_V1
central,2050,Brussels-Capital Region,BE_TABULA_10,"Apartment, exposed",1946-1970,TABULA_existing,0,566042,current_regional,inactive_cooling,false,none_active,false,0.96,0,STATBEL_HBS_2024,COOLING_CASES_V1
central,2050,Brussels-Capital Region,BE_TABULA_10,"Apartment, exposed",1946-1970,TABULA_existing,0,566042,current_regional,active_cooling,true,integrated_reversible_or_split_system_unspecified,false,0.04,0,STATBEL_HBS_2024,COOLING_CASES_V1
central,2050,Brussels-Capital Region,BE_TABULA_10,"Apartment, exposed",1946-1970,TABULA_existing,0,566042,higher_uptake,inactive_cooling,false,none_active,false,0.92,0,STATBEL_HBS_2024,COOLING_CASES_V1
central,2050,Brussels-Capital Region,BE_TABULA_10,"Apartment, exposed",1946-1970,TABULA_existing,0,566042,higher_uptake,active_cooling,true,integrated_reversible_or_split_system_unspecified,false,0.08,0,STATBEL_HBS_2024,COOLING_CASES_V1
central,2050,Brussels-Capital Region,BE_TABULA_10,"Apartment, exposed",1946-1970,TABULA_standard_B_proxy,35663.5199437,566042,no_active_cooling,inactive_cooling,false,none_active,false,1,35663.5199437,STATBEL_HBS_2024,COOLING_CASES_V1
central,2050,Brussels-Capital Region,BE_TABULA_10,"Apartment, exposed",1946-1970,TABULA_standard_B_proxy,35663.5199437,566042,no_active_cooling,active_cooling,true,integrated_reversible_or_split_system_unspecified,false,0,0,STATBEL_HBS_2024,COOLING_CASES_V1
central,2050,Brussels-Capital Region,BE_TABULA_10,"Apartment, exposed",1946-1970,TABULA_standard_B_proxy,35663.5199437,566042,current_regional,inactive_cooling,false,none_active,false,0.96,34236.979145952,STATBEL_HBS_2024,COOLING_CASES_V1
central,2050,Brussels-Capital Region,BE_TABULA_10,"Apartment, exposed",1946-1970,TABULA_standard_B_proxy,35663.5199437,566042,current_regional,active_cooling,true,integrated_reversible_or_split_system_unspecified,false,0.04,1426.540797748,STATBEL_HBS_2024,COOLING_CASES_V1
central,2050,Brussels-Capital Region,BE_TABULA_10,"Apartment, exposed",1946-1970,TABULA_standard_B_proxy,35663.5199437,566042,higher_uptake,inactive_cooling,false,none_active,false,0.92,32810.438348204,STATBEL_HBS_2024,COOLING_CASES_V1
central,2050,Brussels-Capital Region,BE_TABULA_10,"Apartment, exposed",1946-1970,TABULA_standard_B_proxy,35663.5199437,566042,higher_uptake,active_cooling,true,integrated_reversible_or_split_system_unspecified,false,0.08,2853.081595496,STATBEL_HBS_2024,COOLING_CASES_V1
central,2050,Brussels-Capital Region,BE_TABULA_10,"Apartment, exposed",1946-1970,TABULA_advanced_A_proxy,8610.840588245002,566042,no_active_cooling,inactive_cooling,false,none_active,true,1,8610.840588245002,STATBEL_HBS_2024,COOLING_CASES_V1
central,2050,Brussels-Capital Region,BE_TABULA_10,"Apartment, exposed",1946-1970,TABULA_advanced_A_proxy,8610.840588245002,566042,no_active_cooling,active_cooling,true,integrated_reversible_or_split_system_unspecified,true,0,0,STATBEL_HBS_2024,COOLING_CASES_V1
central,2050,Brussels-Capital Region,BE_TABULA_10,"Apartment, exposed",1946-1970,TABULA_advanced_A_proxy,8610.840588245002,566042,current_regional,inactive_cooling,false,none_active,true,0.96,8266.406964715203,STATBEL_HBS_2024,COOLING_CASES_V1
central,2050,Brussels-Capital Region,BE_TABULA_10,"Apartment, exposed",1946-1970,TABULA_advanced_A_proxy,8610.840588245002,566042,current_regional,active_cooling,true,integrated_reversible_or_split_system_unspecified,true,0.04,344.4336235298,STATBEL_HBS_2024,COOLING_CASES_V1
central,2050,Brussels-Capital Region,BE_TABULA_10,"Apartment, exposed",1946-1970,TABULA_advanced_A_proxy,8610.840588245002,566042,higher_uptake,inactive_cooling,false,none_active,true,0.92,7921.973341185402,STATBEL_HBS_2024,COOLING_CASES_V1
central,2050,Brussels-Capital Region,BE_TABULA_10,"Apartment, exposed",1946-1970,TABULA_advanced_A_proxy,8610.840588245002,566042,higher_uptake,active_cooling,true,integrated_reversible_or_split_system_unspecified,true,0.08,688.8672470596,STATBEL_HBS_2024,COOLING_CASES_V1
central,2050,Brussels-Capital Region,BE_TABULA_11,Detached house,1971-1990,TABULA_existing,800.78464274,566042,no_active_cooling,inactive_cooling,false,none_active,false,1,800.78464274,STATBEL_HBS_2024,COOLING_CASES_V1
central,2050,Brussels-Capital Region,BE_TABULA_11,Detached house,1971-1990,TABULA_existing,800.78464274,566042,no_active_cooling,active_cooling,true,integrated_reversible_or_split_system_unspecified,false,0,0,STATBEL_HBS_2024,COOLING_CASES_V1
central,2050,Brussels-Capital Region,BE_TABULA_11,Detached house,1971-1990,TABULA_existing,800.78464274,566042,current_regional,inactive_cooling,false,none_active,false,0.96,768.7532570304,STATBEL_HBS_2024,COOLING_CASES_V1
central,2050,Brussels-Capital Region,BE_TABULA_11,Detached house,1971-1990,TABULA_existing,800.78464274,566042,current_regional,active_cooling,true,integrated_reversible_or_split_system_unspecified,false,0.04,32.0313857096,STATBEL_HBS_2024,COOLING_CASES_V1
central,2050,Brussels-Capital Region,BE_TABULA_11,Detached house,1971-1990,TABULA_existing,800.78464274,566042,higher_uptake,inactive_cooling,false,none_active,false,0.92,736.7218713208,STATBEL_HBS_2024,COOLING_CASES_V1
central,2050,Brussels-Capital Region,BE_TABULA_11,Detached house,1971-1990,TABULA_existing,800.78464274,566042,higher_uptake,active_cooling,true,integrated_reversible_or_split_system_unspecified,false,0.08,64.0627714192,STATBEL_HBS_2024,COOLING_CASES_V1
central,2050,Brussels-Capital Region,BE_TABULA_11,Detached house,1971-1990,TABULA_standard_B_proxy,48.4801216438,566042,no_active_cooling,inactive_cooling,false,none_active,false,1,48.4801216438,STATBEL_HBS_2024,COOLING_CASES_V1
central,2050,Brussels-Capital Region,BE_TABULA_11,Detached house,1971-1990,TABULA_standard_B_proxy,48.4801216438,566042,no_active_cooling,active_cooling,true,integrated_reversible_or_split_system_unspecified,false,0,0,STATBEL_HBS_2024,COOLING_CASES_V1
central,2050,Brussels-Capital Region,BE_TABULA_11,Detached house,1971-1990,TABULA_standard_B_proxy,48.4801216438,566042,current_regional,inactive_cooling,false,none_active,false,0.96,46.540916778048,STATBEL_HBS_2024,COOLING_CASES_V1
central,2050,Brussels-Capital Region,BE_TABULA_11,Detached house,1971-1990,TABULA_standard_B_proxy,48.4801216438,566042,current_regional,active_cooling,true,integrated_reversible_or_split_system_unspecified,false,0.04,1.939204865752,STATBEL_HBS_2024,COOLING_CASES_V1
central,2050,Brussels-Capital Region,BE_TABULA_11,Detached house,1971-1990,TABULA_standard_B_proxy,48.4801216438,566042,higher_uptake,inactive_cooling,false,none_active,false,0.92,44.601711912296,STATBEL_HBS_2024,COOLING_CASES_V1
central,2050,Brussels-Capital Region,BE_TABULA_11,Detached house,1971-1990,TABULA_standard_B_proxy,48.4801216438,566042,higher_uptake,active_cooling,true,integrated_reversible_or_split_system_unspecified,false,0.08,3.878409731504,STATBEL_HBS_2024,COOLING_CASES_V1
central,2050,Brussels-Capital Region,BE_TABULA_11,Detached house,1971-1990,TABULA_advanced_A_proxy,13.3708520548,566042,no_active_cooling,inactive_cooling,false,none_active,true,1,13.3708520548,STATBEL_HBS_2024,COOLING_CASES_V1
central,2050,Brussels-Capital Region,BE_TABULA_11,Detached house,1971-1990,TABULA_advanced_A_proxy,13.3708520548,566042,no_active_cooling,active_cooling,true,integrated_reversible_or_split_system_unspecified,true,0,0,STATBEL_HBS_2024,COOLING_CASES_V1
central,2050,Brussels-Capital Region,BE_TABULA_11,Detached house,1971-1990,TABULA_advanced_A_proxy,13.3708520548,566042,current_regional,inactive_cooling,false,none_active,true,0.96,12.836017972608,STATBEL_HBS_2024,COOLING_CASES_V1
central,2050,Brussels-Capital Region,BE_TABULA_11,Detached house,1971-1990,TABULA_advanced_A_proxy,13.3708520548,566042,current_regional,active_cooling,true,integrated_reversible_or_split_system_unspecified,true,0.04,0.534834082192,STATBEL_HBS_2024,COOLING_CASES_V1
central,2050,Brussels-Capital Region,BE_TABULA_11,Detached house,1971-1990,TABULA_advanced_A_proxy,13.3708520548,566042,higher_uptake,inactive_cooling,false,none_active,true,0.92,12.301183890416,STATBEL_HBS_2024,COOLING_CASES_V1
central,2050,Brussels-Capital Region,BE_TABULA_11,Detached house,1971-1990,TABULA_advanced_A_proxy,13.3708520548,566042,higher_uptake,active_cooling,true,integrated_reversible_or_split_system_unspecified,true,0.08,1.069668164384,STATBEL_HBS_2024,COOLING_CASES_V1
central,2050,Brussels-Capital Region,BE_TABULA_12,Semi-detached house,1971-1990,TABULA_existing,1173.8996771,566042,no_active_cooling,inactive_cooling,false,none_active,false,1,1173.8996771,STATBEL_HBS_2024,COOLING_CASES_V1
central,2050,Brussels-Capital Region,BE_TABULA_12,Semi-detached house,1971-1990,TABULA_existing,1173.8996771,566042,no_active_cooling,active_cooling,true,integrated_reversible_or_split_system_unspecified,false,0,0,STATBEL_HBS_2024,COOLING_CASES_V1
central,2050,Brussels-Capital Region,BE_TABULA_12,Semi-detached house,1971-1990,TABULA_existing,1173.8996771,566042,current_regional,inactive_cooling,false,none_active,false,0.96,1126.943690016,STATBEL_HBS_2024,COOLING_CASES_V1
central,2050,Brussels-Capital Region,BE_TABULA_12,Semi-detached house,1971-1990,TABULA_existing,1173.8996771,566042,current_regional,active_cooling,true,integrated_reversible_or_split_system_unspecified,false,0.04,46.955987084,STATBEL_HBS_2024,COOLING_CASES_V1
central,2050,Brussels-Capital Region,BE_TABULA_12,Semi-detached house,1971-1990,TABULA_existing,1173.8996771,566042,higher_uptake,inactive_cooling,false,none_active,false,0.92,1079.987702932,STATBEL_HBS_2024,COOLING_CASES_V1
central,2050,Brussels-Capital Region,BE_TABULA_12,Semi-detached house,1971-1990,TABULA_existing,1173.8996771,566042,higher_uptake,active_cooling,true,integrated_reversible_or_split_system_unspecified,false,0.08,93.911974168,STATBEL_HBS_2024,COOLING_CASES_V1
central,2050,Brussels-Capital Region,BE_TABULA_12,Semi-detached house,1971-1990,TABULA_standard_B_proxy,71.0687944124,566042,no_active_cooling,inactive_cooling,false,none_active,false,1,71.0687944124,STATBEL_HBS_2024,COOLING_CASES_V1
central,2050,Brussels-Capital Region,BE_TABULA_12,Semi-detached house,1971-1990,TABULA_standard_B_proxy,71.0687944124,566042,no_active_cooling,active_cooling,true,integrated_reversible_or_split_system_unspecified,false,0,0,STATBEL_HBS_2024,COOLING_CASES_V1
central,2050,Brussels-Capital Region,BE_TABULA_12,Semi-detached house,1971-1990,TABULA_standard_B_proxy,71.0687944124,566042,current_regional,inactive_cooling,false,none_active,false,0.96,68.226042635904,STATBEL_HBS_2024,COOLING_CASES_V1
central,2050,Brussels-Capital Region,BE_TABULA_12,Semi-detached house,1971-1990,TABULA_standard_B_proxy,71.0687944124,566042,current_regional,active_cooling,true,integrated_reversible_or_split_system_unspecified,false,0.04,2.842751776496,STATBEL_HBS_2024,COOLING_CASES_V1
central,2050,Brussels-Capital Region,BE_TABULA_12,Semi-detached house,1971-1990,TABULA_standard_B_proxy,71.0687944124,566042,higher_uptake,inactive_cooling,false,none_active,false,0.92,65.383290859408,STATBEL_HBS_2024,COOLING_CASES_V1
central,2050,Brussels-Capital Region,BE_TABULA_12,Semi-detached house,1971-1990,TABULA_standard_B_proxy,71.0687944124,566042,higher_uptake,active_cooling,true,integrated_reversible_or_split_system_unspecified,false,0.08,5.685503552992,STATBEL_HBS_2024,COOLING_CASES_V1
central,2050,Brussels-Capital Region,BE_TABULA_12,Semi-detached house,1971-1990,TABULA_advanced_A_proxy,19.6008240817,566042,no_active_cooling,inactive_cooling,false,none_active,true,1,19.6008240817,STATBEL_HBS_2024,COOLING_CASES_V1
central,2050,Brussels-Capital Region,BE_TABULA_12,Semi-detached house,1971-1990,TABULA_advanced_A_proxy,19.6008240817,566042,no_active_cooling,active_cooling,true,integrated_reversible_or_split_system_unspecified,true,0,0,STATBEL_HBS_2024,COOLING_CASES_V1
central,2050,Brussels-Capital Region,BE_TABULA_12,Semi-detached house,1971-1990,TABULA_advanced_A_proxy,19.6008240817,566042,current_regional,inactive_cooling,false,none_active,true,0.96,18.816791118432,STATBEL_HBS_2024,COOLING_CASES_V1
central,2050,Brussels-Capital Region,BE_TABULA_12,Semi-detached house,1971-1990,TABULA_advanced_A_proxy,19.6008240817,566042,current_regional,active_cooling,true,integrated_reversible_or_split_system_unspecified,true,0.04,0.784032963268,STATBEL_HBS_2024,COOLING_CASES_V1
central,2050,Brussels-Capital Region,BE_TABULA_12,Semi-detached house,1971-1990,TABULA_advanced_A_proxy,19.6008240817,566042,higher_uptake,inactive_cooling,false,none_active,true,0.92,18.032758155164,STATBEL_HBS_2024,COOLING_CASES_V1
central,2050,Brussels-Capital Region,BE_TABULA_12,Semi-detached house,1971-1990,TABULA_advanced_A_proxy,19.6008240817,566042,higher_uptake,active_cooling,true,integrated_reversible_or_split_system_unspecified,true,0.08,1.568065926536,STATBEL_HBS_2024,COOLING_CASES_V1
central,2050,Brussels-Capital Region,BE_TABULA_13,Terraced house,1971-1990,TABULA_existing,3614.06653206,566042,no_active_cooling,inactive_cooling,false,none_active,false,1,3614.06653206,STATBEL_HBS_2024,COOLING_CASES_V1
central,2050,Brussels-Capital Region,BE_TABULA_13,Terraced house,1971-1990,TABULA_existing,3614.06653206,566042,no_active_cooling,active_cooling,true,integrated_reversible_or_split_system_unspecified,false,0,0,STATBEL_HBS_2024,COOLING_CASES_V1
central,2050,Brussels-Capital Region,BE_TABULA_13,Terraced house,1971-1990,TABULA_existing,3614.06653206,566042,current_regional,inactive_cooling,false,none_active,false,0.96,3469.5038707776,STATBEL_HBS_2024,COOLING_CASES_V1
central,2050,Brussels-Capital Region,BE_TABULA_13,Terraced house,1971-1990,TABULA_existing,3614.06653206,566042,current_regional,active_cooling,true,integrated_reversible_or_split_system_unspecified,false,0.04,144.5626612824,STATBEL_HBS_2024,COOLING_CASES_V1
central,2050,Brussels-Capital Region,BE_TABULA_13,Terraced house,1971-1990,TABULA_existing,3614.06653206,566042,higher_uptake,inactive_cooling,false,none_active,false,0.92,3324.9412094952,STATBEL_HBS_2024,COOLING_CASES_V1
central,2050,Brussels-Capital Region,BE_TABULA_13,Terraced house,1971-1990,TABULA_existing,3614.06653206,566042,higher_uptake,active_cooling,true,integrated_reversible_or_split_system_unspecified,false,0.08,289.1253225648,STATBEL_HBS_2024,COOLING_CASES_V1
central,2050,Brussels-Capital Region,BE_TABULA_13,Terraced house,1971-1990,TABULA_standard_B_proxy,218.798383176,566042,no_active_cooling,inactive_cooling,false,none_active,false,1,218.798383176,STATBEL_HBS_2024,COOLING_CASES_V1
central,2050,Brussels-Capital Region,BE_TABULA_13,Terraced house,1971-1990,TABULA_standard_B_proxy,218.798383176,566042,no_active_cooling,active_cooling,true,integrated_reversible_or_split_system_unspecified,false,0,0,STATBEL_HBS_2024,COOLING_CASES_V1
central,2050,Brussels-Capital Region,BE_TABULA_13,Terraced house,1971-1990,TABULA_standard_B_proxy,218.798383176,566042,current_regional,inactive_cooling,false,none_active,false,0.96,210.04644784896,STATBEL_HBS_2024,COOLING_CASES_V1
central,2050,Brussels-Capital Region,BE_TABULA_13,Terraced house,1971-1990,TABULA_standard_B_proxy,218.798383176,566042,current_regional,active_cooling,true,integrated_reversible_or_split_system_unspecified,false,0.04,8.75193532704,STATBEL_HBS_2024,COOLING_CASES_V1
central,2050,Brussels-Capital Region,BE_TABULA_13,Terraced house,1971-1990,TABULA_standard_B_proxy,218.798383176,566042,higher_uptake,inactive_cooling,false,none_active,false,0.92,201.29451252192,STATBEL_HBS_2024,COOLING_CASES_V1
central,2050,Brussels-Capital Region,BE_TABULA_13,Terraced house,1971-1990,TABULA_standard_B_proxy,218.798383176,566042,higher_uptake,active_cooling,true,integrated_reversible_or_split_system_unspecified,false,0.08,17.50387065408,STATBEL_HBS_2024,COOLING_CASES_V1
central,2050,Brussels-Capital Region,BE_TABULA_13,Terraced house,1971-1990,TABULA_advanced_A_proxy,60.3447498082,566042,no_active_cooling,inactive_cooling,false,none_active,true,1,60.3447498082,STATBEL_HBS_2024,COOLING_CASES_V1
central,2050,Brussels-Capital Region,BE_TABULA_13,Terraced house,1971-1990,TABULA_advanced_A_proxy,60.3447498082,566042,no_active_cooling,active_cooling,true,integrated_reversible_or_split_system_unspecified,true,0,0,STATBEL_HBS_2024,COOLING_CASES_V1
central,2050,Brussels-Capital Region,BE_TABULA_13,Terraced house,1971-1990,TABULA_advanced_A_proxy,60.3447498082,566042,current_regional,inactive_cooling,false,none_active,true,0.96,57.930959815872,STATBEL_HBS_2024,COOLING_CASES_V1
central,2050,Brussels-Capital Region,BE_TABULA_13,Terraced house,1971-1990,TABULA_advanced_A_proxy,60.3447498082,566042,current_regional,active_cooling,true,integrated_reversible_or_split_system_unspecified,true,0.04,2.413789992328,STATBEL_HBS_2024,COOLING_CASES_V1
central,2050,Brussels-Capital Region,BE_TABULA_13,Terraced house,1971-1990,TABULA_advanced_A_proxy,60.3447498082,566042,higher_uptake,inactive_cooling,false,none_active,true,0.92,55.517169823544,STATBEL_HBS_2024,COOLING_CASES_V1
central,2050,Brussels-Capital Region,BE_TABULA_13,Terraced house,1971-1990,TABULA_advanced_A_proxy,60.3447498082,566042,higher_uptake,active_cooling,true,integrated_reversible_or_split_system_unspecified,true,0.08,4.827579984656,STATBEL_HBS_2024,COOLING_CASES_V1
central,2050,Brussels-Capital Region,BE_TABULA_14,"Apartment, enclosed",1971-1990,TABULA_existing,22843.025226,566042,no_active_cooling,inactive_cooling,false,none_active,false,1,22843.025226,STATBEL_HBS_2024,COOLING_CASES_V1
central,2050,Brussels-Capital Region,BE_TABULA_14,"Apartment, enclosed",1971-1990,TABULA_existing,22843.025226,566042,no_active_cooling,active_cooling,true,integrated_reversible_or_split_system_unspecified,false,0,0,STATBEL_HBS_2024,COOLING_CASES_V1
central,2050,Brussels-Capital Region,BE_TABULA_14,"Apartment, enclosed",1971-1990,TABULA_existing,22843.025226,566042,current_regional,inactive_cooling,false,none_active,false,0.96,21929.30421696,STATBEL_HBS_2024,COOLING_CASES_V1
central,2050,Brussels-Capital Region,BE_TABULA_14,"Apartment, enclosed",1971-1990,TABULA_existing,22843.025226,566042,current_regional,active_cooling,true,integrated_reversible_or_split_system_unspecified,false,0.04,913.72100904,STATBEL_HBS_2024,COOLING_CASES_V1
central,2050,Brussels-Capital Region,BE_TABULA_14,"Apartment, enclosed",1971-1990,TABULA_existing,22843.025226,566042,higher_uptake,inactive_cooling,false,none_active,false,0.92,21015.58320792,STATBEL_HBS_2024,COOLING_CASES_V1
central,2050,Brussels-Capital Region,BE_TABULA_14,"Apartment, enclosed",1971-1990,TABULA_existing,22843.025226,566042,higher_uptake,active_cooling,true,integrated_reversible_or_split_system_unspecified,false,0.08,1827.44201808,STATBEL_HBS_2024,COOLING_CASES_V1
central,2050,Brussels-Capital Region,BE_TABULA_14,"Apartment, enclosed",1971-1990,TABULA_standard_B_proxy,1382.93441527,566042,no_active_cooling,inactive_cooling,false,none_active,false,1,1382.93441527,STATBEL_HBS_2024,COOLING_CASES_V1
central,2050,Brussels-Capital Region,BE_TABULA_14,"Apartment, enclosed",1971-1990,TABULA_standard_B_proxy,1382.93441527,566042,no_active_cooling,active_cooling,true,integrated_reversible_or_split_system_unspecified,false,0,0,STATBEL_HBS_2024,COOLING_CASES_V1
central,2050,Brussels-Capital Region,BE_TABULA_14,"Apartment, enclosed",1971-1990,TABULA_standard_B_proxy,1382.93441527,566042,current_regional,inactive_cooling,false,none_active,false,0.96,1327.6170386592,STATBEL_HBS_2024,COOLING_CASES_V1
central,2050,Brussels-Capital Region,BE_TABULA_14,"Apartment, enclosed",1971-1990,TABULA_standard_B_proxy,1382.93441527,566042,current_regional,active_cooling,true,integrated_reversible_or_split_system_unspecified,false,0.04,55.3173766108,STATBEL_HBS_2024,COOLING_CASES_V1
central,2050,Brussels-Capital Region,BE_TABULA_14,"Apartment, enclosed",1971-1990,TABULA_standard_B_proxy,1382.93441527,566042,higher_uptake,inactive_cooling,false,none_active,false,0.92,1272.2996620484,STATBEL_HBS_2024,COOLING_CASES_V1
central,2050,Brussels-Capital Region,BE_TABULA_14,"Apartment, enclosed",1971-1990,TABULA_standard_B_proxy,1382.93441527,566042,higher_uptake,active_cooling,true,integrated_reversible_or_split_system_unspecified,false,0.08,110.6347532216,STATBEL_HBS_2024,COOLING_CASES_V1
central,2050,Brussels-Capital Region,BE_TABULA_14,"Apartment, enclosed",1971-1990,TABULA_advanced_A_proxy,381.414296027,566042,no_active_cooling,inactive_cooling,false,none_active,true,1,381.414296027,STATBEL_HBS_2024,COOLING_CASES_V1
central,2050,Brussels-Capital Region,BE_TABULA_14,"Apartment, enclosed",1971-1990,TABULA_advanced_A_proxy,381.414296027,566042,no_active_cooling,active_cooling,true,integrated_reversible_or_split_system_unspecified,true,0,0,STATBEL_HBS_2024,COOLING_CASES_V1
central,2050,Brussels-Capital Region,BE_TABULA_14,"Apartment, enclosed",1971-1990,TABULA_advanced_A_proxy,381.414296027,566042,current_regional,inactive_cooling,false,none_active,true,0.96,366.15772418592,STATBEL_HBS_2024,COOLING_CASES_V1
central,2050,Brussels-Capital Region,BE_TABULA_14,"Apartment, enclosed",1971-1990,TABULA_advanced_A_proxy,381.414296027,566042,current_regional,active_cooling,true,integrated_reversible_or_split_system_unspecified,true,0.04,15.25657184108,STATBEL_HBS_2024,COOLING_CASES_V1
central,2050,Brussels-Capital Region,BE_TABULA_14,"Apartment, enclosed",1971-1990,TABULA_advanced_A_proxy,381.414296027,566042,higher_uptake,inactive_cooling,false,none_active,true,0.92,350.90115234484,STATBEL_HBS_2024,COOLING_CASES_V1
central,2050,Brussels-Capital Region,BE_TABULA_14,"Apartment, enclosed",1971-1990,TABULA_advanced_A_proxy,381.414296027,566042,higher_uptake,active_cooling,true,integrated_reversible_or_split_system_unspecified,true,0.08,30.51314368216,STATBEL_HBS_2024,COOLING_CASES_V1
central,2050,Brussels-Capital Region,BE_TABULA_15,"Apartment, exposed",1971-1990,TABULA_existing,22843.025226,566042,no_active_cooling,inactive_cooling,false,none_active,false,1,22843.025226,STATBEL_HBS_2024,COOLING_CASES_V1
central,2050,Brussels-Capital Region,BE_TABULA_15,"Apartment, exposed",1971-1990,TABULA_existing,22843.025226,566042,no_active_cooling,active_cooling,true,integrated_reversible_or_split_system_unspecified,false,0,0,STATBEL_HBS_2024,COOLING_CASES_V1
central,2050,Brussels-Capital Region,BE_TABULA_15,"Apartment, exposed",1971-1990,TABULA_existing,22843.025226,566042,current_regional,inactive_cooling,false,none_active,false,0.96,21929.30421696,STATBEL_HBS_2024,COOLING_CASES_V1
central,2050,Brussels-Capital Region,BE_TABULA_15,"Apartment, exposed",1971-1990,TABULA_existing,22843.025226,566042,current_regional,active_cooling,true,integrated_reversible_or_split_system_unspecified,false,0.04,913.72100904,STATBEL_HBS_2024,COOLING_CASES_V1
central,2050,Brussels-Capital Region,BE_TABULA_15,"Apartment, exposed",1971-1990,TABULA_existing,22843.025226,566042,higher_uptake,inactive_cooling,false,none_active,false,0.92,21015.58320792,STATBEL_HBS_2024,COOLING_CASES_V1
central,2050,Brussels-Capital Region,BE_TABULA_15,"Apartment, exposed",1971-1990,TABULA_existing,22843.025226,566042,higher_uptake,active_cooling,true,integrated_reversible_or_split_system_unspecified,false,0.08,1827.44201808,STATBEL_HBS_2024,COOLING_CASES_V1
central,2050,Brussels-Capital Region,BE_TABULA_15,"Apartment, exposed",1971-1990,TABULA_standard_B_proxy,1382.93441527,566042,no_active_cooling,inactive_cooling,false,none_active,false,1,1382.93441527,STATBEL_HBS_2024,COOLING_CASES_V1
central,2050,Brussels-Capital Region,BE_TABULA_15,"Apartment, exposed",1971-1990,TABULA_standard_B_proxy,1382.93441527,566042,no_active_cooling,active_cooling,true,integrated_reversible_or_split_system_unspecified,false,0,0,STATBEL_HBS_2024,COOLING_CASES_V1
central,2050,Brussels-Capital Region,BE_TABULA_15,"Apartment, exposed",1971-1990,TABULA_standard_B_proxy,1382.93441527,566042,current_regional,inactive_cooling,false,none_active,false,0.96,1327.6170386592,STATBEL_HBS_2024,COOLING_CASES_V1
central,2050,Brussels-Capital Region,BE_TABULA_15,"Apartment, exposed",1971-1990,TABULA_standard_B_proxy,1382.93441527,566042,current_regional,active_cooling,true,integrated_reversible_or_split_system_unspecified,false,0.04,55.3173766108,STATBEL_HBS_2024,COOLING_CASES_V1
central,2050,Brussels-Capital Region,BE_TABULA_15,"Apartment, exposed",1971-1990,TABULA_standard_B_proxy,1382.93441527,566042,higher_uptake,inactive_cooling,false,none_active,false,0.92,1272.2996620484,STATBEL_HBS_2024,COOLING_CASES_V1
central,2050,Brussels-Capital Region,BE_TABULA_15,"Apartment, exposed",1971-1990,TABULA_standard_B_proxy,1382.93441527,566042,higher_uptake,active_cooling,true,integrated_reversible_or_split_system_unspecified,false,0.08,110.6347532216,STATBEL_HBS_2024,COOLING_CASES_V1
central,2050,Brussels-Capital Region,BE_TABULA_15,"Apartment, exposed",1971-1990,TABULA_advanced_A_proxy,381.414296027,566042,no_active_cooling,inactive_cooling,false,none_active,true,1,381.414296027,STATBEL_HBS_2024,COOLING_CASES_V1
central,2050,Brussels-Capital Region,BE_TABULA_15,"Apartment, exposed",1971-1990,TABULA_advanced_A_proxy,381.414296027,566042,no_active_cooling,active_cooling,true,integrated_reversible_or_split_system_unspecified,true,0,0,STATBEL_HBS_2024,COOLING_CASES_V1
central,2050,Brussels-Capital Region,BE_TABULA_15,"Apartment, exposed",1971-1990,TABULA_advanced_A_proxy,381.414296027,566042,current_regional,inactive_cooling,false,none_active,true,0.96,366.15772418592,STATBEL_HBS_2024,COOLING_CASES_V1
central,2050,Brussels-Capital Region,BE_TABULA_15,"Apartment, exposed",1971-1990,TABULA_advanced_A_proxy,381.414296027,566042,current_regional,active_cooling,true,integrated_reversible_or_split_system_unspecified,true,0.04,15.25657184108,STATBEL_HBS_2024,COOLING_CASES_V1
central,2050,Brussels-Capital Region,BE_TABULA_15,"Apartment, exposed",1971-1990,TABULA_advanced_A_proxy,381.414296027,566042,higher_uptake,inactive_cooling,false,none_active,true,0.92,350.90115234484,STATBEL_HBS_2024,COOLING_CASES_V1
central,2050,Brussels-Capital Region,BE_TABULA_15,"Apartment, exposed",1971-1990,TABULA_advanced_A_proxy,381.414296027,566042,higher_uptake,active_cooling,true,integrated_reversible_or_split_system_unspecified,true,0.08,30.51314368216,STATBEL_HBS_2024,COOLING_CASES_V1
central,2050,Brussels-Capital Region,BE_TABULA_16,Detached house,1991-2005,TABULA_existing,356.134537973,566042,no_active_cooling,inactive_cooling,false,none_active,false,1,356.134537973,STATBEL_HBS_2024,COOLING_CASES_V1
central,2050,Brussels-Capital Region,BE_TABULA_16,Detached house,1991-2005,TABULA_existing,356.134537973,566042,no_active_cooling,active_cooling,true,integrated_reversible_or_split_system_unspecified,false,0,0,STATBEL_HBS_2024,COOLING_CASES_V1
central,2050,Brussels-Capital Region,BE_TABULA_16,Detached house,1991-2005,TABULA_existing,356.134537973,566042,current_regional,inactive_cooling,false,none_active,false,0.96,341.88915645408,STATBEL_HBS_2024,COOLING_CASES_V1
central,2050,Brussels-Capital Region,BE_TABULA_16,Detached house,1991-2005,TABULA_existing,356.134537973,566042,current_regional,active_cooling,true,integrated_reversible_or_split_system_unspecified,false,0.04,14.24538151892,STATBEL_HBS_2024,COOLING_CASES_V1
central,2050,Brussels-Capital Region,BE_TABULA_16,Detached house,1991-2005,TABULA_existing,356.134537973,566042,higher_uptake,inactive_cooling,false,none_active,false,0.92,327.64377493516,STATBEL_HBS_2024,COOLING_CASES_V1
central,2050,Brussels-Capital Region,BE_TABULA_16,Detached house,1991-2005,TABULA_existing,356.134537973,566042,higher_uptake,active_cooling,true,integrated_reversible_or_split_system_unspecified,false,0.08,28.49076303784,STATBEL_HBS_2024,COOLING_CASES_V1
central,2050,Brussels-Capital Region,BE_TABULA_16,Detached house,1991-2005,TABULA_standard_B_proxy,21.5606603836,566042,no_active_cooling,inactive_cooling,false,none_active,false,1,21.5606603836,STATBEL_HBS_2024,COOLING_CASES_V1
central,2050,Brussels-Capital Region,BE_TABULA_16,Detached house,1991-2005,TABULA_standard_B_proxy,21.5606603836,566042,no_active_cooling,active_cooling,true,integrated_reversible_or_split_system_unspecified,false,0,0,STATBEL_HBS_2024,COOLING_CASES_V1
central,2050,Brussels-Capital Region,BE_TABULA_16,Detached house,1991-2005,TABULA_standard_B_proxy,21.5606603836,566042,current_regional,inactive_cooling,false,none_active,false,0.96,20.698233968256,STATBEL_HBS_2024,COOLING_CASES_V1
central,2050,Brussels-Capital Region,BE_TABULA_16,Detached house,1991-2005,TABULA_standard_B_proxy,21.5606603836,566042,current_regional,active_cooling,true,integrated_reversible_or_split_system_unspecified,false,0.04,0.862426415344,STATBEL_HBS_2024,COOLING_CASES_V1
central,2050,Brussels-Capital Region,BE_TABULA_16,Detached house,1991-2005,TABULA_standard_B_proxy,21.5606603836,566042,higher_uptake,inactive_cooling,false,none_active,false,0.92,19.835807552912,STATBEL_HBS_2024,COOLING_CASES_V1
central,2050,Brussels-Capital Region,BE_TABULA_16,Detached house,1991-2005,TABULA_standard_B_proxy,21.5606603836,566042,higher_uptake,active_cooling,true,integrated_reversible_or_split_system_unspecified,false,0.08,1.724852830688,STATBEL_HBS_2024,COOLING_CASES_V1
central,2050,Brussels-Capital Region,BE_TABULA_16,Detached house,1991-2005,TABULA_advanced_A_proxy,5.94644547945,566042,no_active_cooling,inactive_cooling,false,none_active,true,1,5.94644547945,STATBEL_HBS_2024,COOLING_CASES_V1
central,2050,Brussels-Capital Region,BE_TABULA_16,Detached house,1991-2005,TABULA_advanced_A_proxy,5.94644547945,566042,no_active_cooling,active_cooling,true,integrated_reversible_or_split_system_unspecified,true,0,0,STATBEL_HBS_2024,COOLING_CASES_V1
central,2050,Brussels-Capital Region,BE_TABULA_16,Detached house,1991-2005,TABULA_advanced_A_proxy,5.94644547945,566042,current_regional,inactive_cooling,false,none_active,true,0.96,5.708587660272,STATBEL_HBS_2024,COOLING_CASES_V1
central,2050,Brussels-Capital Region,BE_TABULA_16,Detached house,1991-2005,TABULA_advanced_A_proxy,5.94644547945,566042,current_regional,active_cooling,true,integrated_reversible_or_split_system_unspecified,true,0.04,0.237857819178,STATBEL_HBS_2024,COOLING_CASES_V1
central,2050,Brussels-Capital Region,BE_TABULA_16,Detached house,1991-2005,TABULA_advanced_A_proxy,5.94644547945,566042,higher_uptake,inactive_cooling,false,none_active,true,0.92,5.470729841094,STATBEL_HBS_2024,COOLING_CASES_V1
central,2050,Brussels-Capital Region,BE_TABULA_16,Detached house,1991-2005,TABULA_advanced_A_proxy,5.94644547945,566042,higher_uptake,active_cooling,true,integrated_reversible_or_split_system_unspecified,true,0.08,0.475715638356,STATBEL_HBS_2024,COOLING_CASES_V1
central,2050,Brussels-Capital Region,BE_TABULA_17,Semi-detached house,1991-2005,TABULA_existing,777.627522495,566042,no_active_cooling,inactive_cooling,false,none_active,false,1,777.627522495,STATBEL_HBS_2024,COOLING_CASES_V1
central,2050,Brussels-Capital Region,BE_TABULA_17,Semi-detached house,1991-2005,TABULA_existing,777.627522495,566042,no_active_cooling,active_cooling,true,integrated_reversible_or_split_system_unspecified,false,0,0,STATBEL_HBS_2024,COOLING_CASES_V1
central,2050,Brussels-Capital Region,BE_TABULA_17,Semi-detached house,1991-2005,TABULA_existing,777.627522495,566042,current_regional,inactive_cooling,false,none_active,false,0.96,746.5224215952,STATBEL_HBS_2024,COOLING_CASES_V1
central,2050,Brussels-Capital Region,BE_TABULA_17,Semi-detached house,1991-2005,TABULA_existing,777.627522495,566042,current_regional,active_cooling,true,integrated_reversible_or_split_system_unspecified,false,0.04,31.1051008998,STATBEL_HBS_2024,COOLING_CASES_V1
central,2050,Brussels-Capital Region,BE_TABULA_17,Semi-detached house,1991-2005,TABULA_existing,777.627522495,566042,higher_uptake,inactive_cooling,false,none_active,false,0.92,715.4173206954,STATBEL_HBS_2024,COOLING_CASES_V1
central,2050,Brussels-Capital Region,BE_TABULA_17,Semi-detached house,1991-2005,TABULA_existing,777.627522495,566042,higher_uptake,active_cooling,true,integrated_reversible_or_split_system_unspecified,false,0.08,62.2102017996,STATBEL_HBS_2024,COOLING_CASES_V1
central,2050,Brussels-Capital Region,BE_TABULA_17,Semi-detached house,1991-2005,TABULA_standard_B_proxy,47.0781716732,566042,no_active_cooling,inactive_cooling,false,none_active,false,1,47.0781716732,STATBEL_HBS_2024,COOLING_CASES_V1
central,2050,Brussels-Capital Region,BE_TABULA_17,Semi-detached house,1991-2005,TABULA_standard_B_proxy,47.0781716732,566042,no_active_cooling,active_cooling,true,integrated_reversible_or_split_system_unspecified,false,0,0,STATBEL_HBS_2024,COOLING_CASES_V1
central,2050,Brussels-Capital Region,BE_TABULA_17,Semi-detached house,1991-2005,TABULA_standard_B_proxy,47.0781716732,566042,current_regional,inactive_cooling,false,none_active,false,0.96,45.195044806272,STATBEL_HBS_2024,COOLING_CASES_V1
central,2050,Brussels-Capital Region,BE_TABULA_17,Semi-detached house,1991-2005,TABULA_standard_B_proxy,47.0781716732,566042,current_regional,active_cooling,true,integrated_reversible_or_split_system_unspecified,false,0.04,1.883126866928,STATBEL_HBS_2024,COOLING_CASES_V1
central,2050,Brussels-Capital Region,BE_TABULA_17,Semi-detached house,1991-2005,TABULA_standard_B_proxy,47.0781716732,566042,higher_uptake,inactive_cooling,false,none_active,false,0.92,43.311917939344,STATBEL_HBS_2024,COOLING_CASES_V1
central,2050,Brussels-Capital Region,BE_TABULA_17,Semi-detached house,1991-2005,TABULA_standard_B_proxy,47.0781716732,566042,higher_uptake,active_cooling,true,integrated_reversible_or_split_system_unspecified,false,0.08,3.766253733856,STATBEL_HBS_2024,COOLING_CASES_V1
central,2050,Brussels-Capital Region,BE_TABULA_17,Semi-detached house,1991-2005,TABULA_advanced_A_proxy,12.9841932551,566042,no_active_cooling,inactive_cooling,false,none_active,true,1,12.9841932551,STATBEL_HBS_2024,COOLING_CASES_V1
central,2050,Brussels-Capital Region,BE_TABULA_17,Semi-detached house,1991-2005,TABULA_advanced_A_proxy,12.9841932551,566042,no_active_cooling,active_cooling,true,integrated_reversible_or_split_system_unspecified,true,0,0,STATBEL_HBS_2024,COOLING_CASES_V1
central,2050,Brussels-Capital Region,BE_TABULA_17,Semi-detached house,1991-2005,TABULA_advanced_A_proxy,12.9841932551,566042,current_regional,inactive_cooling,false,none_active,true,0.96,12.464825524896,STATBEL_HBS_2024,COOLING_CASES_V1
central,2050,Brussels-Capital Region,BE_TABULA_17,Semi-detached house,1991-2005,TABULA_advanced_A_proxy,12.9841932551,566042,current_regional,active_cooling,true,integrated_reversible_or_split_system_unspecified,true,0.04,0.519367730204,STATBEL_HBS_2024,COOLING_CASES_V1
central,2050,Brussels-Capital Region,BE_TABULA_17,Semi-detached house,1991-2005,TABULA_advanced_A_proxy,12.9841932551,566042,higher_uptake,inactive_cooling,false,none_active,true,0.92,11.945457794692,STATBEL_HBS_2024,COOLING_CASES_V1
central,2050,Brussels-Capital Region,BE_TABULA_17,Semi-detached house,1991-2005,TABULA_advanced_A_proxy,12.9841932551,566042,higher_uptake,active_cooling,true,integrated_reversible_or_split_system_unspecified,true,0.08,1.038735460408,STATBEL_HBS_2024,COOLING_CASES_V1
central,2050,Brussels-Capital Region,BE_TABULA_18,Terraced house,1991-2005,TABULA_existing,2418.3683003,566042,no_active_cooling,inactive_cooling,false,none_active,false,1,2418.3683003,STATBEL_HBS_2024,COOLING_CASES_V1
central,2050,Brussels-Capital Region,BE_TABULA_18,Terraced house,1991-2005,TABULA_existing,2418.3683003,566042,no_active_cooling,active_cooling,true,integrated_reversible_or_split_system_unspecified,false,0,0,STATBEL_HBS_2024,COOLING_CASES_V1
central,2050,Brussels-Capital Region,BE_TABULA_18,Terraced house,1991-2005,TABULA_existing,2418.3683003,566042,current_regional,inactive_cooling,false,none_active,false,0.96,2321.633568288,STATBEL_HBS_2024,COOLING_CASES_V1
central,2050,Brussels-Capital Region,BE_TABULA_18,Terraced house,1991-2005,TABULA_existing,2418.3683003,566042,current_regional,active_cooling,true,integrated_reversible_or_split_system_unspecified,false,0.04,96.734732012,STATBEL_HBS_2024,COOLING_CASES_V1
central,2050,Brussels-Capital Region,BE_TABULA_18,Terraced house,1991-2005,TABULA_existing,2418.3683003,566042,higher_uptake,inactive_cooling,false,none_active,false,0.92,2224.898836276,STATBEL_HBS_2024,COOLING_CASES_V1
central,2050,Brussels-Capital Region,BE_TABULA_18,Terraced house,1991-2005,TABULA_existing,2418.3683003,566042,higher_uptake,active_cooling,true,integrated_reversible_or_split_system_unspecified,false,0.08,193.469464024,STATBEL_HBS_2024,COOLING_CASES_V1
central,2050,Brussels-Capital Region,BE_TABULA_18,Terraced house,1991-2005,TABULA_standard_B_proxy,146.409887404,566042,no_active_cooling,inactive_cooling,false,none_active,false,1,146.409887404,STATBEL_HBS_2024,COOLING_CASES_V1
central,2050,Brussels-Capital Region,BE_TABULA_18,Terraced house,1991-2005,TABULA_standard_B_proxy,146.409887404,566042,no_active_cooling,active_cooling,true,integrated_reversible_or_split_system_unspecified,false,0,0,STATBEL_HBS_2024,COOLING_CASES_V1
central,2050,Brussels-Capital Region,BE_TABULA_18,Terraced house,1991-2005,TABULA_standard_B_proxy,146.409887404,566042,current_regional,inactive_cooling,false,none_active,false,0.96,140.55349190784,STATBEL_HBS_2024,COOLING_CASES_V1
central,2050,Brussels-Capital Region,BE_TABULA_18,Terraced house,1991-2005,TABULA_standard_B_proxy,146.409887404,566042,current_regional,active_cooling,true,integrated_reversible_or_split_system_unspecified,false,0.04,5.85639549616,STATBEL_HBS_2024,COOLING_CASES_V1
central,2050,Brussels-Capital Region,BE_TABULA_18,Terraced house,1991-2005,TABULA_standard_B_proxy,146.409887404,566042,higher_uptake,inactive_cooling,false,none_active,false,0.92,134.69709641168,STATBEL_HBS_2024,COOLING_CASES_V1
central,2050,Brussels-Capital Region,BE_TABULA_18,Terraced house,1991-2005,TABULA_standard_B_proxy,146.409887404,566042,higher_uptake,active_cooling,true,integrated_reversible_or_split_system_unspecified,false,0.08,11.71279099232,STATBEL_HBS_2024,COOLING_CASES_V1
central,2050,Brussels-Capital Region,BE_TABULA_18,Terraced house,1991-2005,TABULA_advanced_A_proxy,40.3799511523,566042,no_active_cooling,inactive_cooling,false,none_active,true,1,40.3799511523,STATBEL_HBS_2024,COOLING_CASES_V1
central,2050,Brussels-Capital Region,BE_TABULA_18,Terraced house,1991-2005,TABULA_advanced_A_proxy,40.3799511523,566042,no_active_cooling,active_cooling,true,integrated_reversible_or_split_system_unspecified,true,0,0,STATBEL_HBS_2024,COOLING_CASES_V1
central,2050,Brussels-Capital Region,BE_TABULA_18,Terraced house,1991-2005,TABULA_advanced_A_proxy,40.3799511523,566042,current_regional,inactive_cooling,false,none_active,true,0.96,38.764753106208,STATBEL_HBS_2024,COOLING_CASES_V1
central,2050,Brussels-Capital Region,BE_TABULA_18,Terraced house,1991-2005,TABULA_advanced_A_proxy,40.3799511523,566042,current_regional,active_cooling,true,integrated_reversible_or_split_system_unspecified,true,0.04,1.615198046092,STATBEL_HBS_2024,COOLING_CASES_V1
central,2050,Brussels-Capital Region,BE_TABULA_18,Terraced house,1991-2005,TABULA_advanced_A_proxy,40.3799511523,566042,higher_uptake,inactive_cooling,false,none_active,true,0.92,37.149555060116,STATBEL_HBS_2024,COOLING_CASES_V1
central,2050,Brussels-Capital Region,BE_TABULA_18,Terraced house,1991-2005,TABULA_advanced_A_proxy,40.3799511523,566042,higher_uptake,active_cooling,true,integrated_reversible_or_split_system_unspecified,true,0.08,3.230396092184,STATBEL_HBS_2024,COOLING_CASES_V1
central,2050,Brussels-Capital Region,BE_TABULA_19,"Apartment, enclosed",1991-2005,TABULA_existing,10769.3902325,566042,no_active_cooling,inactive_cooling,false,none_active,false,1,10769.3902325,STATBEL_HBS_2024,COOLING_CASES_V1
central,2050,Brussels-Capital Region,BE_TABULA_19,"Apartment, enclosed",1991-2005,TABULA_existing,10769.3902325,566042,no_active_cooling,active_cooling,true,integrated_reversible_or_split_system_unspecified,false,0,0,STATBEL_HBS_2024,COOLING_CASES_V1
central,2050,Brussels-Capital Region,BE_TABULA_19,"Apartment, enclosed",1991-2005,TABULA_existing,10769.3902325,566042,current_regional,inactive_cooling,false,none_active,false,0.96,10338.6146232,STATBEL_HBS_2024,COOLING_CASES_V1
central,2050,Brussels-Capital Region,BE_TABULA_19,"Apartment, enclosed",1991-2005,TABULA_existing,10769.3902325,566042,current_regional,active_cooling,true,integrated_reversible_or_split_system_unspecified,false,0.04,430.7756093,STATBEL_HBS_2024,COOLING_CASES_V1
central,2050,Brussels-Capital Region,BE_TABULA_19,"Apartment, enclosed",1991-2005,TABULA_existing,10769.3902325,566042,higher_uptake,inactive_cooling,false,none_active,false,0.92,9907.8390139,STATBEL_HBS_2024,COOLING_CASES_V1
central,2050,Brussels-Capital Region,BE_TABULA_19,"Apartment, enclosed",1991-2005,TABULA_existing,10769.3902325,566042,higher_uptake,active_cooling,true,integrated_reversible_or_split_system_unspecified,false,0.08,861.5512186,STATBEL_HBS_2024,COOLING_CASES_V1
central,2050,Brussels-Capital Region,BE_TABULA_19,"Apartment, enclosed",1991-2005,TABULA_standard_B_proxy,651.987214337,566042,no_active_cooling,inactive_cooling,false,none_active,false,1,651.987214337,STATBEL_HBS_2024,COOLING_CASES_V1
central,2050,Brussels-Capital Region,BE_TABULA_19,"Apartment, enclosed",1991-2005,TABULA_standard_B_proxy,651.987214337,566042,no_active_cooling,active_cooling,true,integrated_reversible_or_split_system_unspecified,false,0,0,STATBEL_HBS_2024,COOLING_CASES_V1
central,2050,Brussels-Capital Region,BE_TABULA_19,"Apartment, enclosed",1991-2005,TABULA_standard_B_proxy,651.987214337,566042,current_regional,inactive_cooling,false,none_active,false,0.96,625.90772576352,STATBEL_HBS_2024,COOLING_CASES_V1
central,2050,Brussels-Capital Region,BE_TABULA_19,"Apartment, enclosed",1991-2005,TABULA_standard_B_proxy,651.987214337,566042,current_regional,active_cooling,true,integrated_reversible_or_split_system_unspecified,false,0.04,26.07948857348,STATBEL_HBS_2024,COOLING_CASES_V1
central,2050,Brussels-Capital Region,BE_TABULA_19,"Apartment, enclosed",1991-2005,TABULA_standard_B_proxy,651.987214337,566042,higher_uptake,inactive_cooling,false,none_active,false,0.92,599.82823719004,STATBEL_HBS_2024,COOLING_CASES_V1
central,2050,Brussels-Capital Region,BE_TABULA_19,"Apartment, enclosed",1991-2005,TABULA_standard_B_proxy,651.987214337,566042,higher_uptake,active_cooling,true,integrated_reversible_or_split_system_unspecified,false,0.08,52.15897714696,STATBEL_HBS_2024,COOLING_CASES_V1
central,2050,Brussels-Capital Region,BE_TABULA_19,"Apartment, enclosed",1991-2005,TABULA_advanced_A_proxy,179.818537762,566042,no_active_cooling,inactive_cooling,false,none_active,true,1,179.818537762,STATBEL_HBS_2024,COOLING_CASES_V1
central,2050,Brussels-Capital Region,BE_TABULA_19,"Apartment, enclosed",1991-2005,TABULA_advanced_A_proxy,179.818537762,566042,no_active_cooling,active_cooling,true,integrated_reversible_or_split_system_unspecified,true,0,0,STATBEL_HBS_2024,COOLING_CASES_V1
central,2050,Brussels-Capital Region,BE_TABULA_19,"Apartment, enclosed",1991-2005,TABULA_advanced_A_proxy,179.818537762,566042,current_regional,inactive_cooling,false,none_active,true,0.96,172.62579625152,STATBEL_HBS_2024,COOLING_CASES_V1
central,2050,Brussels-Capital Region,BE_TABULA_19,"Apartment, enclosed",1991-2005,TABULA_advanced_A_proxy,179.818537762,566042,current_regional,active_cooling,true,integrated_reversible_or_split_system_unspecified,true,0.04,7.19274151048,STATBEL_HBS_2024,COOLING_CASES_V1
central,2050,Brussels-Capital Region,BE_TABULA_19,"Apartment, enclosed",1991-2005,TABULA_advanced_A_proxy,179.818537762,566042,higher_uptake,inactive_cooling,false,none_active,true,0.92,165.43305474104,STATBEL_HBS_2024,COOLING_CASES_V1
central,2050,Brussels-Capital Region,BE_TABULA_19,"Apartment, enclosed",1991-2005,TABULA_advanced_A_proxy,179.818537762,566042,higher_uptake,active_cooling,true,integrated_reversible_or_split_system_unspecified,true,0.08,14.38548302096,STATBEL_HBS_2024,COOLING_CASES_V1
central,2050,Brussels-Capital Region,BE_TABULA_20,"Apartment, exposed",1991-2005,TABULA_existing,10769.3902325,566042,no_active_cooling,inactive_cooling,false,none_active,false,1,10769.3902325,STATBEL_HBS_2024,COOLING_CASES_V1
central,2050,Brussels-Capital Region,BE_TABULA_20,"Apartment, exposed",1991-2005,TABULA_existing,10769.3902325,566042,no_active_cooling,active_cooling,true,integrated_reversible_or_split_system_unspecified,false,0,0,STATBEL_HBS_2024,COOLING_CASES_V1
central,2050,Brussels-Capital Region,BE_TABULA_20,"Apartment, exposed",1991-2005,TABULA_existing,10769.3902325,566042,current_regional,inactive_cooling,false,none_active,false,0.96,10338.6146232,STATBEL_HBS_2024,COOLING_CASES_V1
central,2050,Brussels-Capital Region,BE_TABULA_20,"Apartment, exposed",1991-2005,TABULA_existing,10769.3902325,566042,current_regional,active_cooling,true,integrated_reversible_or_split_system_unspecified,false,0.04,430.7756093,STATBEL_HBS_2024,COOLING_CASES_V1
central,2050,Brussels-Capital Region,BE_TABULA_20,"Apartment, exposed",1991-2005,TABULA_existing,10769.3902325,566042,higher_uptake,inactive_cooling,false,none_active,false,0.92,9907.8390139,STATBEL_HBS_2024,COOLING_CASES_V1
central,2050,Brussels-Capital Region,BE_TABULA_20,"Apartment, exposed",1991-2005,TABULA_existing,10769.3902325,566042,higher_uptake,active_cooling,true,integrated_reversible_or_split_system_unspecified,false,0.08,861.5512186,STATBEL_HBS_2024,COOLING_CASES_V1
central,2050,Brussels-Capital Region,BE_TABULA_20,"Apartment, exposed",1991-2005,TABULA_standard_B_proxy,651.987214337,566042,no_active_cooling,inactive_cooling,false,none_active,false,1,651.987214337,STATBEL_HBS_2024,COOLING_CASES_V1
central,2050,Brussels-Capital Region,BE_TABULA_20,"Apartment, exposed",1991-2005,TABULA_standard_B_proxy,651.987214337,566042,no_active_cooling,active_cooling,true,integrated_reversible_or_split_system_unspecified,false,0,0,STATBEL_HBS_2024,COOLING_CASES_V1
central,2050,Brussels-Capital Region,BE_TABULA_20,"Apartment, exposed",1991-2005,TABULA_standard_B_proxy,651.987214337,566042,current_regional,inactive_cooling,false,none_active,false,0.96,625.90772576352,STATBEL_HBS_2024,COOLING_CASES_V1
central,2050,Brussels-Capital Region,BE_TABULA_20,"Apartment, exposed",1991-2005,TABULA_standard_B_proxy,651.987214337,566042,current_regional,active_cooling,true,integrated_reversible_or_split_system_unspecified,false,0.04,26.07948857348,STATBEL_HBS_2024,COOLING_CASES_V1
central,2050,Brussels-Capital Region,BE_TABULA_20,"Apartment, exposed",1991-2005,TABULA_standard_B_proxy,651.987214337,566042,higher_uptake,inactive_cooling,false,none_active,false,0.92,599.82823719004,STATBEL_HBS_2024,COOLING_CASES_V1
central,2050,Brussels-Capital Region,BE_TABULA_20,"Apartment, exposed",1991-2005,TABULA_standard_B_proxy,651.987214337,566042,higher_uptake,active_cooling,true,integrated_reversible_or_split_system_unspecified,false,0.08,52.15897714696,STATBEL_HBS_2024,COOLING_CASES_V1
central,2050,Brussels-Capital Region,BE_TABULA_20,"Apartment, exposed",1991-2005,TABULA_advanced_A_proxy,179.818537762,566042,no_active_cooling,inactive_cooling,false,none_active,true,1,179.818537762,STATBEL_HBS_2024,COOLING_CASES_V1
central,2050,Brussels-Capital Region,BE_TABULA_20,"Apartment, exposed",1991-2005,TABULA_advanced_A_proxy,179.818537762,566042,no_active_cooling,active_cooling,true,integrated_reversible_or_split_system_unspecified,true,0,0,STATBEL_HBS_2024,COOLING_CASES_V1
central,2050,Brussels-Capital Region,BE_TABULA_20,"Apartment, exposed",1991-2005,TABULA_advanced_A_proxy,179.818537762,566042,current_regional,inactive_cooling,false,none_active,true,0.96,172.62579625152,STATBEL_HBS_2024,COOLING_CASES_V1
central,2050,Brussels-Capital Region,BE_TABULA_20,"Apartment, exposed",1991-2005,TABULA_advanced_A_proxy,179.818537762,566042,current_regional,active_cooling,true,integrated_reversible_or_split_system_unspecified,true,0.04,7.19274151048,STATBEL_HBS_2024,COOLING_CASES_V1
central,2050,Brussels-Capital Region,BE_TABULA_20,"Apartment, exposed",1991-2005,TABULA_advanced_A_proxy,179.818537762,566042,higher_uptake,inactive_cooling,false,none_active,true,0.92,165.43305474104,STATBEL_HBS_2024,COOLING_CASES_V1
central,2050,Brussels-Capital Region,BE_TABULA_20,"Apartment, exposed",1991-2005,TABULA_advanced_A_proxy,179.818537762,566042,higher_uptake,active_cooling,true,integrated_reversible_or_split_system_unspecified,true,0.08,14.38548302096,STATBEL_HBS_2024,COOLING_CASES_V1
central,2050,Brussels-Capital Region,BE_TABULA_21,Detached house,post-2005,TABULA_existing,294.657171068,566042,no_active_cooling,inactive_cooling,false,none_active,false,1,294.657171068,STATBEL_HBS_2024,COOLING_CASES_V1
central,2050,Brussels-Capital Region,BE_TABULA_21,Detached house,post-2005,TABULA_existing,294.657171068,566042,no_active_cooling,active_cooling,true,integrated_reversible_or_split_system_unspecified,false,0,0,STATBEL_HBS_2024,COOLING_CASES_V1
central,2050,Brussels-Capital Region,BE_TABULA_21,Detached house,post-2005,TABULA_existing,294.657171068,566042,current_regional,inactive_cooling,false,none_active,false,0.96,282.87088422528,STATBEL_HBS_2024,COOLING_CASES_V1
central,2050,Brussels-Capital Region,BE_TABULA_21,Detached house,post-2005,TABULA_existing,294.657171068,566042,current_regional,active_cooling,true,integrated_reversible_or_split_system_unspecified,false,0.04,11.78628684272,STATBEL_HBS_2024,COOLING_CASES_V1
central,2050,Brussels-Capital Region,BE_TABULA_21,Detached house,post-2005,TABULA_existing,294.657171068,566042,higher_uptake,inactive_cooling,false,none_active,false,0.92,271.08459738256,STATBEL_HBS_2024,COOLING_CASES_V1
central,2050,Brussels-Capital Region,BE_TABULA_21,Detached house,post-2005,TABULA_existing,294.657171068,566042,higher_uptake,active_cooling,true,integrated_reversible_or_split_system_unspecified,false,0.08,23.57257368544,STATBEL_HBS_2024,COOLING_CASES_V1
central,2050,Brussels-Capital Region,BE_TABULA_21,Detached house,post-2005,TABULA_standard_B_proxy,17.8387730411,566042,no_active_cooling,inactive_cooling,false,none_active,false,1,17.8387730411,STATBEL_HBS_2024,COOLING_CASES_V1
central,2050,Brussels-Capital Region,BE_TABULA_21,Detached house,post-2005,TABULA_standard_B_proxy,17.8387730411,566042,no_active_cooling,active_cooling,true,integrated_reversible_or_split_system_unspecified,false,0,0,STATBEL_HBS_2024,COOLING_CASES_V1
central,2050,Brussels-Capital Region,BE_TABULA_21,Detached house,post-2005,TABULA_standard_B_proxy,17.8387730411,566042,current_regional,inactive_cooling,false,none_active,false,0.96,17.125222119456,STATBEL_HBS_2024,COOLING_CASES_V1
central,2050,Brussels-Capital Region,BE_TABULA_21,Detached house,post-2005,TABULA_standard_B_proxy,17.8387730411,566042,current_regional,active_cooling,true,integrated_reversible_or_split_system_unspecified,false,0.04,0.713550921644,STATBEL_HBS_2024,COOLING_CASES_V1
central,2050,Brussels-Capital Region,BE_TABULA_21,Detached house,post-2005,TABULA_standard_B_proxy,17.8387730411,566042,higher_uptake,inactive_cooling,false,none_active,false,0.92,16.411671197812,STATBEL_HBS_2024,COOLING_CASES_V1
central,2050,Brussels-Capital Region,BE_TABULA_21,Detached house,post-2005,TABULA_standard_B_proxy,17.8387730411,566042,higher_uptake,active_cooling,true,integrated_reversible_or_split_system_unspecified,false,0.08,1.427101843288,STATBEL_HBS_2024,COOLING_CASES_V1
central,2050,Brussels-Capital Region,BE_TABULA_21,Detached house,post-2005,TABULA_advanced_A_proxy,4.91994630137,566042,no_active_cooling,inactive_cooling,false,none_active,true,1,4.91994630137,STATBEL_HBS_2024,COOLING_CASES_V1
central,2050,Brussels-Capital Region,BE_TABULA_21,Detached house,post-2005,TABULA_advanced_A_proxy,4.91994630137,566042,no_active_cooling,active_cooling,true,integrated_reversible_or_split_system_unspecified,true,0,0,STATBEL_HBS_2024,COOLING_CASES_V1
central,2050,Brussels-Capital Region,BE_TABULA_21,Detached house,post-2005,TABULA_advanced_A_proxy,4.91994630137,566042,current_regional,inactive_cooling,false,none_active,true,0.96,4.723148449315,STATBEL_HBS_2024,COOLING_CASES_V1
central,2050,Brussels-Capital Region,BE_TABULA_21,Detached house,post-2005,TABULA_advanced_A_proxy,4.91994630137,566042,current_regional,active_cooling,true,integrated_reversible_or_split_system_unspecified,true,0.04,0.196797852055,STATBEL_HBS_2024,COOLING_CASES_V1
central,2050,Brussels-Capital Region,BE_TABULA_21,Detached house,post-2005,TABULA_advanced_A_proxy,4.91994630137,566042,higher_uptake,inactive_cooling,false,none_active,true,0.92,4.52635059726,STATBEL_HBS_2024,COOLING_CASES_V1
central,2050,Brussels-Capital Region,BE_TABULA_21,Detached house,post-2005,TABULA_advanced_A_proxy,4.91994630137,566042,higher_uptake,active_cooling,true,integrated_reversible_or_split_system_unspecified,true,0.08,0.39359570411,STATBEL_HBS_2024,COOLING_CASES_V1
central,2050,Brussels-Capital Region,BE_TABULA_22,Semi-detached house,post-2005,TABULA_existing,641.936200605,566042,no_active_cooling,inactive_cooling,false,none_active,false,1,641.936200605,STATBEL_HBS_2024,COOLING_CASES_V1
central,2050,Brussels-Capital Region,BE_TABULA_22,Semi-detached house,post-2005,TABULA_existing,641.936200605,566042,no_active_cooling,active_cooling,true,integrated_reversible_or_split_system_unspecified,false,0,0,STATBEL_HBS_2024,COOLING_CASES_V1
central,2050,Brussels-Capital Region,BE_TABULA_22,Semi-detached house,post-2005,TABULA_existing,641.936200605,566042,current_regional,inactive_cooling,false,none_active,false,0.96,616.2587525808,STATBEL_HBS_2024,COOLING_CASES_V1
central,2050,Brussels-Capital Region,BE_TABULA_22,Semi-detached house,post-2005,TABULA_existing,641.936200605,566042,current_regional,active_cooling,true,integrated_reversible_or_split_system_unspecified,false,0.04,25.6774480242,STATBEL_HBS_2024,COOLING_CASES_V1
central,2050,Brussels-Capital Region,BE_TABULA_22,Semi-detached house,post-2005,TABULA_existing,641.936200605,566042,higher_uptake,inactive_cooling,false,none_active,false,0.92,590.5813045566,STATBEL_HBS_2024,COOLING_CASES_V1
central,2050,Brussels-Capital Region,BE_TABULA_22,Semi-detached house,post-2005,TABULA_existing,641.936200605,566042,higher_uptake,active_cooling,true,integrated_reversible_or_split_system_unspecified,false,0.08,51.3548960484,STATBEL_HBS_2024,COOLING_CASES_V1
central,2050,Brussels-Capital Region,BE_TABULA_22,Semi-detached house,post-2005,TABULA_standard_B_proxy,38.8633140946,566042,no_active_cooling,inactive_cooling,false,none_active,false,1,38.8633140946,STATBEL_HBS_2024,COOLING_CASES_V1
central,2050,Brussels-Capital Region,BE_TABULA_22,Semi-detached house,post-2005,TABULA_standard_B_proxy,38.8633140946,566042,no_active_cooling,active_cooling,true,integrated_reversible_or_split_system_unspecified,false,0,0,STATBEL_HBS_2024,COOLING_CASES_V1
central,2050,Brussels-Capital Region,BE_TABULA_22,Semi-detached house,post-2005,TABULA_standard_B_proxy,38.8633140946,566042,current_regional,inactive_cooling,false,none_active,false,0.96,37.308781530816,STATBEL_HBS_2024,COOLING_CASES_V1
central,2050,Brussels-Capital Region,BE_TABULA_22,Semi-detached house,post-2005,TABULA_standard_B_proxy,38.8633140946,566042,current_regional,active_cooling,true,integrated_reversible_or_split_system_unspecified,false,0.04,1.554532563784,STATBEL_HBS_2024,COOLING_CASES_V1
central,2050,Brussels-Capital Region,BE_TABULA_22,Semi-detached house,post-2005,TABULA_standard_B_proxy,38.8633140946,566042,higher_uptake,inactive_cooling,false,none_active,false,0.92,35.754248967032,STATBEL_HBS_2024,COOLING_CASES_V1
central,2050,Brussels-Capital Region,BE_TABULA_22,Semi-detached house,post-2005,TABULA_standard_B_proxy,38.8633140946,566042,higher_uptake,active_cooling,true,integrated_reversible_or_split_system_unspecified,false,0.08,3.109065127568,STATBEL_HBS_2024,COOLING_CASES_V1
central,2050,Brussels-Capital Region,BE_TABULA_22,Semi-detached house,post-2005,TABULA_advanced_A_proxy,10.718529688,566042,no_active_cooling,inactive_cooling,false,none_active,true,1,10.718529688,STATBEL_HBS_2024,COOLING_CASES_V1
central,2050,Brussels-Capital Region,BE_TABULA_22,Semi-detached house,post-2005,TABULA_advanced_A_proxy,10.718529688,566042,no_active_cooling,active_cooling,true,integrated_reversible_or_split_system_unspecified,true,0,0,STATBEL_HBS_2024,COOLING_CASES_V1
central,2050,Brussels-Capital Region,BE_TABULA_22,Semi-detached house,post-2005,TABULA_advanced_A_proxy,10.718529688,566042,current_regional,inactive_cooling,false,none_active,true,0.96,10.28978850048,STATBEL_HBS_2024,COOLING_CASES_V1
central,2050,Brussels-Capital Region,BE_TABULA_22,Semi-detached house,post-2005,TABULA_advanced_A_proxy,10.718529688,566042,current_regional,active_cooling,true,integrated_reversible_or_split_system_unspecified,true,0.04,0.42874118752,STATBEL_HBS_2024,COOLING_CASES_V1
central,2050,Brussels-Capital Region,BE_TABULA_22,Semi-detached house,post-2005,TABULA_advanced_A_proxy,10.718529688,566042,higher_uptake,inactive_cooling,false,none_active,true,0.92,9.86104731296,STATBEL_HBS_2024,COOLING_CASES_V1
central,2050,Brussels-Capital Region,BE_TABULA_22,Semi-detached house,post-2005,TABULA_advanced_A_proxy,10.718529688,566042,higher_uptake,active_cooling,true,integrated_reversible_or_split_system_unspecified,true,0.08,0.85748237504,STATBEL_HBS_2024,COOLING_CASES_V1
central,2050,Brussels-Capital Region,BE_TABULA_23,Terraced house,post-2005,TABULA_existing,2153.27823584,566042,no_active_cooling,inactive_cooling,false,none_active,false,1,2153.27823584,STATBEL_HBS_2024,COOLING_CASES_V1
central,2050,Brussels-Capital Region,BE_TABULA_23,Terraced house,post-2005,TABULA_existing,2153.27823584,566042,no_active_cooling,active_cooling,true,integrated_reversible_or_split_system_unspecified,false,0,0,STATBEL_HBS_2024,COOLING_CASES_V1
central,2050,Brussels-Capital Region,BE_TABULA_23,Terraced house,post-2005,TABULA_existing,2153.27823584,566042,current_regional,inactive_cooling,false,none_active,false,0.96,2067.1471064064,STATBEL_HBS_2024,COOLING_CASES_V1
central,2050,Brussels-Capital Region,BE_TABULA_23,Terraced house,post-2005,TABULA_existing,2153.27823584,566042,current_regional,active_cooling,true,integrated_reversible_or_split_system_unspecified,false,0.04,86.1311294336,STATBEL_HBS_2024,COOLING_CASES_V1
central,2050,Brussels-Capital Region,BE_TABULA_23,Terraced house,post-2005,TABULA_existing,2153.27823584,566042,higher_uptake,inactive_cooling,false,none_active,false,0.92,1981.0159769728,STATBEL_HBS_2024,COOLING_CASES_V1
central,2050,Brussels-Capital Region,BE_TABULA_23,Terraced house,post-2005,TABULA_existing,2153.27823584,566042,higher_uptake,active_cooling,true,integrated_reversible_or_split_system_unspecified,false,0.08,172.2622588672,STATBEL_HBS_2024,COOLING_CASES_V1
central,2050,Brussels-Capital Region,BE_TABULA_23,Terraced house,post-2005,TABULA_standard_B_proxy,130.361129865,566042,no_active_cooling,inactive_cooling,false,none_active,false,1,130.361129865,STATBEL_HBS_2024,COOLING_CASES_V1
central,2050,Brussels-Capital Region,BE_TABULA_23,Terraced house,post-2005,TABULA_standard_B_proxy,130.361129865,566042,no_active_cooling,active_cooling,true,integrated_reversible_or_split_system_unspecified,false,0,0,STATBEL_HBS_2024,COOLING_CASES_V1
central,2050,Brussels-Capital Region,BE_TABULA_23,Terraced house,post-2005,TABULA_standard_B_proxy,130.361129865,566042,current_regional,inactive_cooling,false,none_active,false,0.96,125.1466846704,STATBEL_HBS_2024,COOLING_CASES_V1
central,2050,Brussels-Capital Region,BE_TABULA_23,Terraced house,post-2005,TABULA_standard_B_proxy,130.361129865,566042,current_regional,active_cooling,true,integrated_reversible_or_split_system_unspecified,false,0.04,5.2144451946,STATBEL_HBS_2024,COOLING_CASES_V1
central,2050,Brussels-Capital Region,BE_TABULA_23,Terraced house,post-2005,TABULA_standard_B_proxy,130.361129865,566042,higher_uptake,inactive_cooling,false,none_active,false,0.92,119.9322394758,STATBEL_HBS_2024,COOLING_CASES_V1
central,2050,Brussels-Capital Region,BE_TABULA_23,Terraced house,post-2005,TABULA_standard_B_proxy,130.361129865,566042,higher_uptake,active_cooling,true,integrated_reversible_or_split_system_unspecified,false,0.08,10.4288903892,STATBEL_HBS_2024,COOLING_CASES_V1
central,2050,Brussels-Capital Region,BE_TABULA_23,Terraced house,post-2005,TABULA_advanced_A_proxy,35.9536924006,566042,no_active_cooling,inactive_cooling,false,none_active,true,1,35.9536924006,STATBEL_HBS_2024,COOLING_CASES_V1
central,2050,Brussels-Capital Region,BE_TABULA_23,Terraced house,post-2005,TABULA_advanced_A_proxy,35.9536924006,566042,no_active_cooling,active_cooling,true,integrated_reversible_or_split_system_unspecified,true,0,0,STATBEL_HBS_2024,COOLING_CASES_V1
central,2050,Brussels-Capital Region,BE_TABULA_23,Terraced house,post-2005,TABULA_advanced_A_proxy,35.9536924006,566042,current_regional,inactive_cooling,false,none_active,true,0.96,34.515544704576,STATBEL_HBS_2024,COOLING_CASES_V1
central,2050,Brussels-Capital Region,BE_TABULA_23,Terraced house,post-2005,TABULA_advanced_A_proxy,35.9536924006,566042,current_regional,active_cooling,true,integrated_reversible_or_split_system_unspecified,true,0.04,1.438147696024,STATBEL_HBS_2024,COOLING_CASES_V1
central,2050,Brussels-Capital Region,BE_TABULA_23,Terraced house,post-2005,TABULA_advanced_A_proxy,35.9536924006,566042,higher_uptake,inactive_cooling,false,none_active,true,0.92,33.077397008552,STATBEL_HBS_2024,COOLING_CASES_V1
central,2050,Brussels-Capital Region,BE_TABULA_23,Terraced house,post-2005,TABULA_advanced_A_proxy,35.9536924006,566042,higher_uptake,active_cooling,true,integrated_reversible_or_split_system_unspecified,true,0.08,2.876295392048,STATBEL_HBS_2024,COOLING_CASES_V1
central,2050,Brussels-Capital Region,BE_TABULA_24,"Apartment, enclosed",post-2005,TABULA_existing,14100.6447212,566042,no_active_cooling,inactive_cooling,false,none_active,false,1,14100.6447212,STATBEL_HBS_2024,COOLING_CASES_V1
central,2050,Brussels-Capital Region,BE_TABULA_24,"Apartment, enclosed",post-2005,TABULA_existing,14100.6447212,566042,no_active_cooling,active_cooling,true,integrated_reversible_or_split_system_unspecified,false,0,0,STATBEL_HBS_2024,COOLING_CASES_V1
central,2050,Brussels-Capital Region,BE_TABULA_24,"Apartment, enclosed",post-2005,TABULA_existing,14100.6447212,566042,current_regional,inactive_cooling,false,none_active,false,0.96,13536.618932352,STATBEL_HBS_2024,COOLING_CASES_V1
central,2050,Brussels-Capital Region,BE_TABULA_24,"Apartment, enclosed",post-2005,TABULA_existing,14100.6447212,566042,current_regional,active_cooling,true,integrated_reversible_or_split_system_unspecified,false,0.04,564.025788848,STATBEL_HBS_2024,COOLING_CASES_V1
central,2050,Brussels-Capital Region,BE_TABULA_24,"Apartment, enclosed",post-2005,TABULA_existing,14100.6447212,566042,higher_uptake,inactive_cooling,false,none_active,false,0.92,12972.593143504,STATBEL_HBS_2024,COOLING_CASES_V1
central,2050,Brussels-Capital Region,BE_TABULA_24,"Apartment, enclosed",post-2005,TABULA_existing,14100.6447212,566042,higher_uptake,active_cooling,true,integrated_reversible_or_split_system_unspecified,false,0.08,1128.051577696,STATBEL_HBS_2024,COOLING_CASES_V1
central,2050,Brussels-Capital Region,BE_TABULA_24,"Apartment, enclosed",post-2005,TABULA_standard_B_proxy,853.663937665,566042,no_active_cooling,inactive_cooling,false,none_active,false,1,853.663937665,STATBEL_HBS_2024,COOLING_CASES_V1
central,2050,Brussels-Capital Region,BE_TABULA_24,"Apartment, enclosed",post-2005,TABULA_standard_B_proxy,853.663937665,566042,no_active_cooling,active_cooling,true,integrated_reversible_or_split_system_unspecified,false,0,0,STATBEL_HBS_2024,COOLING_CASES_V1
central,2050,Brussels-Capital Region,BE_TABULA_24,"Apartment, enclosed",post-2005,TABULA_standard_B_proxy,853.663937665,566042,current_regional,inactive_cooling,false,none_active,false,0.96,819.5173801584,STATBEL_HBS_2024,COOLING_CASES_V1
central,2050,Brussels-Capital Region,BE_TABULA_24,"Apartment, enclosed",post-2005,TABULA_standard_B_proxy,853.663937665,566042,current_regional,active_cooling,true,integrated_reversible_or_split_system_unspecified,false,0.04,34.1465575066,STATBEL_HBS_2024,COOLING_CASES_V1
central,2050,Brussels-Capital Region,BE_TABULA_24,"Apartment, enclosed",post-2005,TABULA_standard_B_proxy,853.663937665,566042,higher_uptake,inactive_cooling,false,none_active,false,0.92,785.3708226518,STATBEL_HBS_2024,COOLING_CASES_V1
central,2050,Brussels-Capital Region,BE_TABULA_24,"Apartment, enclosed",post-2005,TABULA_standard_B_proxy,853.663937665,566042,higher_uptake,active_cooling,true,integrated_reversible_or_split_system_unspecified,false,0.08,68.2931150132,STATBEL_HBS_2024,COOLING_CASES_V1
central,2050,Brussels-Capital Region,BE_TABULA_24,"Apartment, enclosed",post-2005,TABULA_advanced_A_proxy,235.441121598,566042,no_active_cooling,inactive_cooling,false,none_active,true,1,235.441121598,STATBEL_HBS_2024,COOLING_CASES_V1
central,2050,Brussels-Capital Region,BE_TABULA_24,"Apartment, enclosed",post-2005,TABULA_advanced_A_proxy,235.441121598,566042,no_active_cooling,active_cooling,true,integrated_reversible_or_split_system_unspecified,true,0,0,STATBEL_HBS_2024,COOLING_CASES_V1
central,2050,Brussels-Capital Region,BE_TABULA_24,"Apartment, enclosed",post-2005,TABULA_advanced_A_proxy,235.441121598,566042,current_regional,inactive_cooling,false,none_active,true,0.96,226.02347673408,STATBEL_HBS_2024,COOLING_CASES_V1
central,2050,Brussels-Capital Region,BE_TABULA_24,"Apartment, enclosed",post-2005,TABULA_advanced_A_proxy,235.441121598,566042,current_regional,active_cooling,true,integrated_reversible_or_split_system_unspecified,true,0.04,9.41764486392,STATBEL_HBS_2024,COOLING_CASES_V1
central,2050,Brussels-Capital Region,BE_TABULA_24,"Apartment, enclosed",post-2005,TABULA_advanced_A_proxy,235.441121598,566042,higher_uptake,inactive_cooling,false,none_active,true,0.92,216.60583187016,STATBEL_HBS_2024,COOLING_CASES_V1
central,2050,Brussels-Capital Region,BE_TABULA_24,"Apartment, enclosed",post-2005,TABULA_advanced_A_proxy,235.441121598,566042,higher_uptake,active_cooling,true,integrated_reversible_or_split_system_unspecified,true,0.08,18.83528972784,STATBEL_HBS_2024,COOLING_CASES_V1
central,2050,Brussels-Capital Region,BE_TABULA_25,"Apartment, exposed",post-2005,TABULA_existing,14100.6447212,566042,no_active_cooling,inactive_cooling,false,none_active,false,1,14100.6447212,STATBEL_HBS_2024,COOLING_CASES_V1
central,2050,Brussels-Capital Region,BE_TABULA_25,"Apartment, exposed",post-2005,TABULA_existing,14100.6447212,566042,no_active_cooling,active_cooling,true,integrated_reversible_or_split_system_unspecified,false,0,0,STATBEL_HBS_2024,COOLING_CASES_V1
central,2050,Brussels-Capital Region,BE_TABULA_25,"Apartment, exposed",post-2005,TABULA_existing,14100.6447212,566042,current_regional,inactive_cooling,false,none_active,false,0.96,13536.618932352,STATBEL_HBS_2024,COOLING_CASES_V1
central,2050,Brussels-Capital Region,BE_TABULA_25,"Apartment, exposed",post-2005,TABULA_existing,14100.6447212,566042,current_regional,active_cooling,true,integrated_reversible_or_split_system_unspecified,false,0.04,564.025788848,STATBEL_HBS_2024,COOLING_CASES_V1
central,2050,Brussels-Capital Region,BE_TABULA_25,"Apartment, exposed",post-2005,TABULA_existing,14100.6447212,566042,higher_uptake,inactive_cooling,false,none_active,false,0.92,12972.593143504,STATBEL_HBS_2024,COOLING_CASES_V1
central,2050,Brussels-Capital Region,BE_TABULA_25,"Apartment, exposed",post-2005,TABULA_existing,14100.6447212,566042,higher_uptake,active_cooling,true,integrated_reversible_or_split_system_unspecified,false,0.08,1128.051577696,STATBEL_HBS_2024,COOLING_CASES_V1
central,2050,Brussels-Capital Region,BE_TABULA_25,"Apartment, exposed",post-2005,TABULA_standard_B_proxy,853.663937665,566042,no_active_cooling,inactive_cooling,false,none_active,false,1,853.663937665,STATBEL_HBS_2024,COOLING_CASES_V1
central,2050,Brussels-Capital Region,BE_TABULA_25,"Apartment, exposed",post-2005,TABULA_standard_B_proxy,853.663937665,566042,no_active_cooling,active_cooling,true,integrated_reversible_or_split_system_unspecified,false,0,0,STATBEL_HBS_2024,COOLING_CASES_V1
central,2050,Brussels-Capital Region,BE_TABULA_25,"Apartment, exposed",post-2005,TABULA_standard_B_proxy,853.663937665,566042,current_regional,inactive_cooling,false,none_active,false,0.96,819.5173801584,STATBEL_HBS_2024,COOLING_CASES_V1
central,2050,Brussels-Capital Region,BE_TABULA_25,"Apartment, exposed",post-2005,TABULA_standard_B_proxy,853.663937665,566042,current_regional,active_cooling,true,integrated_reversible_or_split_system_unspecified,false,0.04,34.1465575066,STATBEL_HBS_2024,COOLING_CASES_V1
central,2050,Brussels-Capital Region,BE_TABULA_25,"Apartment, exposed",post-2005,TABULA_standard_B_proxy,853.663937665,566042,higher_uptake,inactive_cooling,false,none_active,false,0.92,785.3708226518,STATBEL_HBS_2024,COOLING_CASES_V1
central,2050,Brussels-Capital Region,BE_TABULA_25,"Apartment, exposed",post-2005,TABULA_standard_B_proxy,853.663937665,566042,higher_uptake,active_cooling,true,integrated_reversible_or_split_system_unspecified,false,0.08,68.2931150132,STATBEL_HBS_2024,COOLING_CASES_V1
central,2050,Brussels-Capital Region,BE_TABULA_25,"Apartment, exposed",post-2005,TABULA_advanced_A_proxy,235.441121598,566042,no_active_cooling,inactive_cooling,false,none_active,true,1,235.441121598,STATBEL_HBS_2024,COOLING_CASES_V1
central,2050,Brussels-Capital Region,BE_TABULA_25,"Apartment, exposed",post-2005,TABULA_advanced_A_proxy,235.441121598,566042,no_active_cooling,active_cooling,true,integrated_reversible_or_split_system_unspecified,true,0,0,STATBEL_HBS_2024,COOLING_CASES_V1
central,2050,Brussels-Capital Region,BE_TABULA_25,"Apartment, exposed",post-2005,TABULA_advanced_A_proxy,235.441121598,566042,current_regional,inactive_cooling,false,none_active,true,0.96,226.02347673408,STATBEL_HBS_2024,COOLING_CASES_V1
central,2050,Brussels-Capital Region,BE_TABULA_25,"Apartment, exposed",post-2005,TABULA_advanced_A_proxy,235.441121598,566042,current_regional,active_cooling,true,integrated_reversible_or_split_system_unspecified,true,0.04,9.41764486392,STATBEL_HBS_2024,COOLING_CASES_V1
central,2050,Brussels-Capital Region,BE_TABULA_25,"Apartment, exposed",post-2005,TABULA_advanced_A_proxy,235.441121598,566042,higher_uptake,inactive_cooling,false,none_active,true,0.92,216.60583187016,STATBEL_HBS_2024,COOLING_CASES_V1
central,2050,Brussels-Capital Region,BE_TABULA_25,"Apartment, exposed",post-2005,TABULA_advanced_A_proxy,235.441121598,566042,higher_uptake,active_cooling,true,integrated_reversible_or_split_system_unspecified,true,0.08,18.83528972784,STATBEL_HBS_2024,COOLING_CASES_V1
