scenario,target_year,region,archetype_id,dwelling_type,construction_period,renovation_state,state_dwellings,regional_modelled_stock_dwellings,pv_basis_year,dwelling_group,pv_variant_id,pv_installed,house_participation_rate,apartment_participation_rate,variant_share,variant_dwellings,assigned_capacity_kwp_per_participating_dwelling,allocated_capacity_mw,regional_basis_capacity_mw,raw_linear_capacity_mw_2050,rooftop_potential_mw,eligible_stock_capacity_mw,capacity_cap_reason,source_id,assumption_id
central,2050,Flemish Region,BE_TABULA_01,Detached house,pre-1946,TABULA_existing,0,3244134,2024,house,no_pv,false,0.447065771645,0,0.552934228355,0,0,0,4441.78497,9148.001371988044,56967.685,10103.664612971113,observed_2024_small_system_stock,VEKA_FLUVIUS_PV_2024+REGIONAL_PV_TARGETS_2030+REGIONAL_PV_YIELD+VEKA_ROOFTOP_POTENTIAL,PV_PROXY_STOCK_ONLY_V1
central,2050,Flemish Region,BE_TABULA_01,Detached house,pre-1946,TABULA_existing,0,3244134,2024,house,pv_installed,true,0.447065771645,0,0.447065771645,0,4.428495056336,0,4441.78497,9148.001371988044,56967.685,10103.664612971113,observed_2024_small_system_stock,VEKA_FLUVIUS_PV_2024+REGIONAL_PV_TARGETS_2030+REGIONAL_PV_YIELD+VEKA_ROOFTOP_POTENTIAL,PV_PROXY_STOCK_ONLY_V1
central,2050,Flemish Region,BE_TABULA_01,Detached house,pre-1946,TABULA_standard_B_proxy,88869.6418435,3244134,2024,house,no_pv,false,0.447065771645,0,0.552934228355,49139.066836960126,0,0,4441.78497,9148.001371988044,56967.685,10103.664612971113,observed_2024_small_system_stock,VEKA_FLUVIUS_PV_2024+REGIONAL_PV_TARGETS_2030+REGIONAL_PV_YIELD+VEKA_ROOFTOP_POTENTIAL,PV_PROXY_STOCK_ONLY_V1
central,2050,Flemish Region,BE_TABULA_01,Detached house,pre-1946,TABULA_standard_B_proxy,88869.6418435,3244134,2024,house,pv_installed,true,0.447065771645,0,0.447065771645,39730.575006539875,4.428495056336,175.946655001846,4441.78497,9148.001371988044,56967.685,10103.664612971113,observed_2024_small_system_stock,VEKA_FLUVIUS_PV_2024+REGIONAL_PV_TARGETS_2030+REGIONAL_PV_YIELD+VEKA_ROOFTOP_POTENTIAL,PV_PROXY_STOCK_ONLY_V1
central,2050,Flemish Region,BE_TABULA_01,Detached house,pre-1946,TABULA_advanced_A_proxy,18771.2560065,3244134,2050,house,no_pv,false,0.905414195978,0.226353548995,0.094585804022,1775.49434187122,0,0,9148.001371988044,9148.001371988044,56967.685,10103.664612971113,linear_trajectory,VEKA_FLUVIUS_PV_2024+REGIONAL_PV_TARGETS_2030+REGIONAL_PV_YIELD+VEKA_ROOFTOP_POTENTIAL,PV_PROXY_STOCK_ONLY_V1
central,2050,Flemish Region,BE_TABULA_01,Detached house,pre-1946,TABULA_advanced_A_proxy,18771.2560065,3244134,2050,house,pv_installed,true,0.905414195978,0.226353548995,0.905414195978,16995.76166462878,4.428495056336,75.265646510472,9148.001371988044,9148.001371988044,56967.685,10103.664612971113,linear_trajectory,VEKA_FLUVIUS_PV_2024+REGIONAL_PV_TARGETS_2030+REGIONAL_PV_YIELD+VEKA_ROOFTOP_POTENTIAL,PV_PROXY_STOCK_ONLY_V1
central,2050,Flemish Region,BE_TABULA_02,Semi-detached house,pre-1946,TABULA_existing,0,3244134,2024,house,no_pv,false,0.447065771645,0,0.552934228355,0,0,0,4441.78497,9148.001371988044,56967.685,10103.664612971113,observed_2024_small_system_stock,VEKA_FLUVIUS_PV_2024+REGIONAL_PV_TARGETS_2030+REGIONAL_PV_YIELD+VEKA_ROOFTOP_POTENTIAL,PV_PROXY_STOCK_ONLY_V1
central,2050,Flemish Region,BE_TABULA_02,Semi-detached house,pre-1946,TABULA_existing,0,3244134,2024,house,pv_installed,true,0.447065771645,0,0.447065771645,0,4.428495056336,0,4441.78497,9148.001371988044,56967.685,10103.664612971113,observed_2024_small_system_stock,VEKA_FLUVIUS_PV_2024+REGIONAL_PV_TARGETS_2030+REGIONAL_PV_YIELD+VEKA_ROOFTOP_POTENTIAL,PV_PROXY_STOCK_ONLY_V1
central,2050,Flemish Region,BE_TABULA_02,Semi-detached house,pre-1946,TABULA_standard_B_proxy,115048.63274239999,3244134,2024,house,no_pv,false,0.447065771645,0,0.552934228355,63614.32696876752,0,0,4441.78497,9148.001371988044,56967.685,10103.664612971113,observed_2024_small_system_stock,VEKA_FLUVIUS_PV_2024+REGIONAL_PV_TARGETS_2030+REGIONAL_PV_YIELD+VEKA_ROOFTOP_POTENTIAL,PV_PROXY_STOCK_ONLY_V1
central,2050,Flemish Region,BE_TABULA_02,Semi-detached house,pre-1946,TABULA_standard_B_proxy,115048.63274239999,3244134,2024,house,pv_installed,true,0.447065771645,0,0.447065771645,51434.30577363248,4.428495056336,227.776568844602,4441.78497,9148.001371988044,56967.685,10103.664612971113,observed_2024_small_system_stock,VEKA_FLUVIUS_PV_2024+REGIONAL_PV_TARGETS_2030+REGIONAL_PV_YIELD+VEKA_ROOFTOP_POTENTIAL,PV_PROXY_STOCK_ONLY_V1
central,2050,Flemish Region,BE_TABULA_02,Semi-detached house,pre-1946,TABULA_advanced_A_proxy,21360.3869745,3244134,2050,house,no_pv,false,0.905414195978,0.226353548995,0.094585804022,2020.38937619688,0,0,9148.001371988044,9148.001371988044,56967.685,10103.664612971113,linear_trajectory,VEKA_FLUVIUS_PV_2024+REGIONAL_PV_TARGETS_2030+REGIONAL_PV_YIELD+VEKA_ROOFTOP_POTENTIAL,PV_PROXY_STOCK_ONLY_V1
central,2050,Flemish Region,BE_TABULA_02,Semi-detached house,pre-1946,TABULA_advanced_A_proxy,21360.3869745,3244134,2050,house,pv_installed,true,0.905414195978,0.226353548995,0.905414195978,19339.99759830312,4.428495056336,85.647083753634,9148.001371988044,9148.001371988044,56967.685,10103.664612971113,linear_trajectory,VEKA_FLUVIUS_PV_2024+REGIONAL_PV_TARGETS_2030+REGIONAL_PV_YIELD+VEKA_ROOFTOP_POTENTIAL,PV_PROXY_STOCK_ONLY_V1
central,2050,Flemish Region,BE_TABULA_03,Terraced house,pre-1946,TABULA_existing,0,3244134,2024,house,no_pv,false,0.447065771645,0,0.552934228355,0,0,0,4441.78497,9148.001371988044,56967.685,10103.664612971113,observed_2024_small_system_stock,VEKA_FLUVIUS_PV_2024+REGIONAL_PV_TARGETS_2030+REGIONAL_PV_YIELD+VEKA_ROOFTOP_POTENTIAL,PV_PROXY_STOCK_ONLY_V1
central,2050,Flemish Region,BE_TABULA_03,Terraced house,pre-1946,TABULA_existing,0,3244134,2024,house,pv_installed,true,0.447065771645,0,0.447065771645,0,4.428495056336,0,4441.78497,9148.001371988044,56967.685,10103.664612971113,observed_2024_small_system_stock,VEKA_FLUVIUS_PV_2024+REGIONAL_PV_TARGETS_2030+REGIONAL_PV_YIELD+VEKA_ROOFTOP_POTENTIAL,PV_PROXY_STOCK_ONLY_V1
central,2050,Flemish Region,BE_TABULA_03,Terraced house,pre-1946,TABULA_standard_B_proxy,292801.089711,3244134,2024,house,no_pv,false,0.447065771645,0,0.552934228355,161899.74460098418,0,0,4441.78497,9148.001371988044,56967.685,10103.664612971113,observed_2024_small_system_stock,VEKA_FLUVIUS_PV_2024+REGIONAL_PV_TARGETS_2030+REGIONAL_PV_YIELD+VEKA_ROOFTOP_POTENTIAL,PV_PROXY_STOCK_ONLY_V1
central,2050,Flemish Region,BE_TABULA_03,Terraced house,pre-1946,TABULA_standard_B_proxy,292801.089711,3244134,2024,house,pv_installed,true,0.447065771645,0,0.447065771645,130901.34511001583,4.428495056336,579.695959687429,4441.78497,9148.001371988044,56967.685,10103.664612971113,observed_2024_small_system_stock,VEKA_FLUVIUS_PV_2024+REGIONAL_PV_TARGETS_2030+REGIONAL_PV_YIELD+VEKA_ROOFTOP_POTENTIAL,PV_PROXY_STOCK_ONLY_V1
central,2050,Flemish Region,BE_TABULA_03,Terraced house,pre-1946,TABULA_advanced_A_proxy,77383.52906729997,3244134,2050,house,no_pv,false,0.905414195978,0.226353548995,0.094585804022,7319.383314864078,0,0,9148.001371988044,9148.001371988044,56967.685,10103.664612971113,linear_trajectory,VEKA_FLUVIUS_PV_2024+REGIONAL_PV_TARGETS_2030+REGIONAL_PV_YIELD+VEKA_ROOFTOP_POTENTIAL,PV_PROXY_STOCK_ONLY_V1
central,2050,Flemish Region,BE_TABULA_03,Terraced house,pre-1946,TABULA_advanced_A_proxy,77383.52906729997,3244134,2050,house,pv_installed,true,0.905414195978,0.226353548995,0.905414195978,70064.14575243588,4.428495056336,310.278723091063,9148.001371988044,9148.001371988044,56967.685,10103.664612971113,linear_trajectory,VEKA_FLUVIUS_PV_2024+REGIONAL_PV_TARGETS_2030+REGIONAL_PV_YIELD+VEKA_ROOFTOP_POTENTIAL,PV_PROXY_STOCK_ONLY_V1
central,2050,Flemish Region,BE_TABULA_04,"Apartment, enclosed",pre-1946,TABULA_existing,53835.1448708,3244134,2024,apartment,no_pv,false,0.447065771645,0,1,53835.1448708,0,0,4441.78497,9148.001371988044,56967.685,10103.664612971113,observed_2024_small_system_stock,VEKA_FLUVIUS_PV_2024+REGIONAL_PV_TARGETS_2030+REGIONAL_PV_YIELD+VEKA_ROOFTOP_POTENTIAL,PV_PROXY_STOCK_ONLY_V1
central,2050,Flemish Region,BE_TABULA_04,"Apartment, enclosed",pre-1946,TABULA_existing,53835.1448708,3244134,2024,apartment,pv_installed,true,0.447065771645,0,0,0,0,0,4441.78497,9148.001371988044,56967.685,10103.664612971113,observed_2024_small_system_stock,VEKA_FLUVIUS_PV_2024+REGIONAL_PV_TARGETS_2030+REGIONAL_PV_YIELD+VEKA_ROOFTOP_POTENTIAL,PV_PROXY_STOCK_ONLY_V1
central,2050,Flemish Region,BE_TABULA_04,"Apartment, enclosed",pre-1946,TABULA_standard_B_proxy,17164.8287994,3244134,2024,apartment,no_pv,false,0.447065771645,0,1,17164.8287994,0,0,4441.78497,9148.001371988044,56967.685,10103.664612971113,observed_2024_small_system_stock,VEKA_FLUVIUS_PV_2024+REGIONAL_PV_TARGETS_2030+REGIONAL_PV_YIELD+VEKA_ROOFTOP_POTENTIAL,PV_PROXY_STOCK_ONLY_V1
central,2050,Flemish Region,BE_TABULA_04,"Apartment, enclosed",pre-1946,TABULA_standard_B_proxy,17164.8287994,3244134,2024,apartment,pv_installed,true,0.447065771645,0,0,0,0,0,4441.78497,9148.001371988044,56967.685,10103.664612971113,observed_2024_small_system_stock,VEKA_FLUVIUS_PV_2024+REGIONAL_PV_TARGETS_2030+REGIONAL_PV_YIELD+VEKA_ROOFTOP_POTENTIAL,PV_PROXY_STOCK_ONLY_V1
central,2050,Flemish Region,BE_TABULA_04,"Apartment, enclosed",pre-1946,TABULA_advanced_A_proxy,7021.97541793,3244134,2050,apartment,no_pv,false,0.905414195978,0.226353548995,0.773646451005,5432.526361128811,0,0,9148.001371988044,9148.001371988044,56967.685,10103.664612971113,linear_trajectory,VEKA_FLUVIUS_PV_2024+REGIONAL_PV_TARGETS_2030+REGIONAL_PV_YIELD+VEKA_ROOFTOP_POTENTIAL,PV_PROXY_STOCK_ONLY_V1
central,2050,Flemish Region,BE_TABULA_04,"Apartment, enclosed",pre-1946,TABULA_advanced_A_proxy,7021.97541793,3244134,2050,apartment,pv_installed,true,0.905414195978,0.226353548995,0.226353548995,1589.44905680119,0.672576574704,1.06902620229,9148.001371988044,9148.001371988044,56967.685,10103.664612971113,linear_trajectory,VEKA_FLUVIUS_PV_2024+REGIONAL_PV_TARGETS_2030+REGIONAL_PV_YIELD+VEKA_ROOFTOP_POTENTIAL,PV_PROXY_STOCK_ONLY_V1
central,2050,Flemish Region,BE_TABULA_05,"Apartment, exposed",pre-1946,TABULA_existing,0,3244134,2024,apartment,no_pv,false,0.447065771645,0,1,0,0,0,4441.78497,9148.001371988044,56967.685,10103.664612971113,observed_2024_small_system_stock,VEKA_FLUVIUS_PV_2024+REGIONAL_PV_TARGETS_2030+REGIONAL_PV_YIELD+VEKA_ROOFTOP_POTENTIAL,PV_PROXY_STOCK_ONLY_V1
central,2050,Flemish Region,BE_TABULA_05,"Apartment, exposed",pre-1946,TABULA_existing,0,3244134,2024,apartment,pv_installed,true,0.447065771645,0,0,0,0,0,4441.78497,9148.001371988044,56967.685,10103.664612971113,observed_2024_small_system_stock,VEKA_FLUVIUS_PV_2024+REGIONAL_PV_TARGETS_2030+REGIONAL_PV_YIELD+VEKA_ROOFTOP_POTENTIAL,PV_PROXY_STOCK_ONLY_V1
central,2050,Flemish Region,BE_TABULA_05,"Apartment, exposed",pre-1946,TABULA_standard_B_proxy,61916.3984702,3244134,2024,apartment,no_pv,false,0.447065771645,0,1,61916.3984702,0,0,4441.78497,9148.001371988044,56967.685,10103.664612971113,observed_2024_small_system_stock,VEKA_FLUVIUS_PV_2024+REGIONAL_PV_TARGETS_2030+REGIONAL_PV_YIELD+VEKA_ROOFTOP_POTENTIAL,PV_PROXY_STOCK_ONLY_V1
central,2050,Flemish Region,BE_TABULA_05,"Apartment, exposed",pre-1946,TABULA_standard_B_proxy,61916.3984702,3244134,2024,apartment,pv_installed,true,0.447065771645,0,0,0,0,0,4441.78497,9148.001371988044,56967.685,10103.664612971113,observed_2024_small_system_stock,VEKA_FLUVIUS_PV_2024+REGIONAL_PV_TARGETS_2030+REGIONAL_PV_YIELD+VEKA_ROOFTOP_POTENTIAL,PV_PROXY_STOCK_ONLY_V1
central,2050,Flemish Region,BE_TABULA_05,"Apartment, exposed",pre-1946,TABULA_advanced_A_proxy,16105.550617930001,3244134,2050,apartment,no_pv,false,0.905414195978,0.226353548995,0.773646451005,12460.002077049616,0,0,9148.001371988044,9148.001371988044,56967.685,10103.664612971113,linear_trajectory,VEKA_FLUVIUS_PV_2024+REGIONAL_PV_TARGETS_2030+REGIONAL_PV_YIELD+VEKA_ROOFTOP_POTENTIAL,PV_PROXY_STOCK_ONLY_V1
central,2050,Flemish Region,BE_TABULA_05,"Apartment, exposed",pre-1946,TABULA_advanced_A_proxy,16105.550617930001,3244134,2050,apartment,pv_installed,true,0.905414195978,0.226353548995,0.226353548995,3645.548540880387,0.672576574704,2.451910550544,9148.001371988044,9148.001371988044,56967.685,10103.664612971113,linear_trajectory,VEKA_FLUVIUS_PV_2024+REGIONAL_PV_TARGETS_2030+REGIONAL_PV_YIELD+VEKA_ROOFTOP_POTENTIAL,PV_PROXY_STOCK_ONLY_V1
central,2050,Flemish Region,BE_TABULA_06,Detached house,1946-1970,TABULA_existing,0,3244134,2024,house,no_pv,false,0.447065771645,0,0.552934228355,0,0,0,4441.78497,9148.001371988044,56967.685,10103.664612971113,observed_2024_small_system_stock,VEKA_FLUVIUS_PV_2024+REGIONAL_PV_TARGETS_2030+REGIONAL_PV_YIELD+VEKA_ROOFTOP_POTENTIAL,PV_PROXY_STOCK_ONLY_V1
central,2050,Flemish Region,BE_TABULA_06,Detached house,1946-1970,TABULA_existing,0,3244134,2024,house,pv_installed,true,0.447065771645,0,0.447065771645,0,4.428495056336,0,4441.78497,9148.001371988044,56967.685,10103.664612971113,observed_2024_small_system_stock,VEKA_FLUVIUS_PV_2024+REGIONAL_PV_TARGETS_2030+REGIONAL_PV_YIELD+VEKA_ROOFTOP_POTENTIAL,PV_PROXY_STOCK_ONLY_V1
central,2050,Flemish Region,BE_TABULA_06,Detached house,1946-1970,TABULA_standard_B_proxy,158573.6233579,3244134,2024,house,no_pv,false,0.447065771645,0,0.552934228355,87680.78406892685,0,0,4441.78497,9148.001371988044,56967.685,10103.664612971113,observed_2024_small_system_stock,VEKA_FLUVIUS_PV_2024+REGIONAL_PV_TARGETS_2030+REGIONAL_PV_YIELD+VEKA_ROOFTOP_POTENTIAL,PV_PROXY_STOCK_ONLY_V1
central,2050,Flemish Region,BE_TABULA_06,Detached house,1946-1970,TABULA_standard_B_proxy,158573.6233579,3244134,2024,house,pv_installed,true,0.447065771645,0,0.447065771645,70892.83928897316,4.428495056336,313.948588320836,4441.78497,9148.001371988044,56967.685,10103.664612971113,observed_2024_small_system_stock,VEKA_FLUVIUS_PV_2024+REGIONAL_PV_TARGETS_2030+REGIONAL_PV_YIELD+VEKA_ROOFTOP_POTENTIAL,PV_PROXY_STOCK_ONLY_V1
central,2050,Flemish Region,BE_TABULA_06,Detached house,1946-1970,TABULA_advanced_A_proxy,45628.9579145,3244134,2050,house,no_pv,false,0.905414195978,0.226353548995,0.094585804022,4315.851671013477,0,0,9148.001371988044,9148.001371988044,56967.685,10103.664612971113,linear_trajectory,VEKA_FLUVIUS_PV_2024+REGIONAL_PV_TARGETS_2030+REGIONAL_PV_YIELD+VEKA_ROOFTOP_POTENTIAL,PV_PROXY_STOCK_ONLY_V1
central,2050,Flemish Region,BE_TABULA_06,Detached house,1946-1970,TABULA_advanced_A_proxy,45628.9579145,3244134,2050,house,pv_installed,true,0.905414195978,0.226353548995,0.905414195978,41313.10624348652,4.428495056336,182.954886761161,9148.001371988044,9148.001371988044,56967.685,10103.664612971113,linear_trajectory,VEKA_FLUVIUS_PV_2024+REGIONAL_PV_TARGETS_2030+REGIONAL_PV_YIELD+VEKA_ROOFTOP_POTENTIAL,PV_PROXY_STOCK_ONLY_V1
central,2050,Flemish Region,BE_TABULA_07,Semi-detached house,1946-1970,TABULA_existing,0,3244134,2024,house,no_pv,false,0.447065771645,0,0.552934228355,0,0,0,4441.78497,9148.001371988044,56967.685,10103.664612971113,observed_2024_small_system_stock,VEKA_FLUVIUS_PV_2024+REGIONAL_PV_TARGETS_2030+REGIONAL_PV_YIELD+VEKA_ROOFTOP_POTENTIAL,PV_PROXY_STOCK_ONLY_V1
central,2050,Flemish Region,BE_TABULA_07,Semi-detached house,1946-1970,TABULA_existing,0,3244134,2024,house,pv_installed,true,0.447065771645,0,0.447065771645,0,4.428495056336,0,4441.78497,9148.001371988044,56967.685,10103.664612971113,observed_2024_small_system_stock,VEKA_FLUVIUS_PV_2024+REGIONAL_PV_TARGETS_2030+REGIONAL_PV_YIELD+VEKA_ROOFTOP_POTENTIAL,PV_PROXY_STOCK_ONLY_V1
central,2050,Flemish Region,BE_TABULA_07,Semi-detached house,1946-1970,TABULA_standard_B_proxy,149704.22621790002,3244134,2024,house,no_pv,false,0.447065771645,0,0.552934228355,82776.590805343,0,0,4441.78497,9148.001371988044,56967.685,10103.664612971113,observed_2024_small_system_stock,VEKA_FLUVIUS_PV_2024+REGIONAL_PV_TARGETS_2030+REGIONAL_PV_YIELD+VEKA_ROOFTOP_POTENTIAL,PV_PROXY_STOCK_ONLY_V1
central,2050,Flemish Region,BE_TABULA_07,Semi-detached house,1946-1970,TABULA_standard_B_proxy,149704.22621790002,3244134,2024,house,pv_installed,true,0.447065771645,0,0.447065771645,66927.63541255704,4.428495056336,296.388702556763,4441.78497,9148.001371988044,56967.685,10103.664612971113,observed_2024_small_system_stock,VEKA_FLUVIUS_PV_2024+REGIONAL_PV_TARGETS_2030+REGIONAL_PV_YIELD+VEKA_ROOFTOP_POTENTIAL,PV_PROXY_STOCK_ONLY_V1
central,2050,Flemish Region,BE_TABULA_07,Semi-detached house,1946-1970,TABULA_advanced_A_proxy,44751.7647908,3244134,2050,house,no_pv,false,0.905414195978,0.226353548995,0.094585804022,4232.88165412604,0,0,9148.001371988044,9148.001371988044,56967.685,10103.664612971113,linear_trajectory,VEKA_FLUVIUS_PV_2024+REGIONAL_PV_TARGETS_2030+REGIONAL_PV_YIELD+VEKA_ROOFTOP_POTENTIAL,PV_PROXY_STOCK_ONLY_V1
central,2050,Flemish Region,BE_TABULA_07,Semi-detached house,1946-1970,TABULA_advanced_A_proxy,44751.7647908,3244134,2050,house,pv_installed,true,0.905414195978,0.226353548995,0.905414195978,40518.88313667396,4.428495056336,179.437673659014,9148.001371988044,9148.001371988044,56967.685,10103.664612971113,linear_trajectory,VEKA_FLUVIUS_PV_2024+REGIONAL_PV_TARGETS_2030+REGIONAL_PV_YIELD+VEKA_ROOFTOP_POTENTIAL,PV_PROXY_STOCK_ONLY_V1
central,2050,Flemish Region,BE_TABULA_08,Terraced house,1946-1970,TABULA_existing,0,3244134,2024,house,no_pv,false,0.447065771645,0,0.552934228355,0,0,0,4441.78497,9148.001371988044,56967.685,10103.664612971113,observed_2024_small_system_stock,VEKA_FLUVIUS_PV_2024+REGIONAL_PV_TARGETS_2030+REGIONAL_PV_YIELD+VEKA_ROOFTOP_POTENTIAL,PV_PROXY_STOCK_ONLY_V1
central,2050,Flemish Region,BE_TABULA_08,Terraced house,1946-1970,TABULA_existing,0,3244134,2024,house,pv_installed,true,0.447065771645,0,0.447065771645,0,4.428495056336,0,4441.78497,9148.001371988044,56967.685,10103.664612971113,observed_2024_small_system_stock,VEKA_FLUVIUS_PV_2024+REGIONAL_PV_TARGETS_2030+REGIONAL_PV_YIELD+VEKA_ROOFTOP_POTENTIAL,PV_PROXY_STOCK_ONLY_V1
central,2050,Flemish Region,BE_TABULA_08,Terraced house,1946-1970,TABULA_standard_B_proxy,129457.05841210006,3244134,2024,house,no_pv,false,0.447065771645,0,0.552934228355,71581.23869825985,0,0,4441.78497,9148.001371988044,56967.685,10103.664612971113,observed_2024_small_system_stock,VEKA_FLUVIUS_PV_2024+REGIONAL_PV_TARGETS_2030+REGIONAL_PV_YIELD+VEKA_ROOFTOP_POTENTIAL,PV_PROXY_STOCK_ONLY_V1
central,2050,Flemish Region,BE_TABULA_08,Terraced house,1946-1970,TABULA_standard_B_proxy,129457.05841210006,3244134,2024,house,pv_installed,true,0.447065771645,0,0.447065771645,57875.8197138402,4.428495056336,256.302781484131,4441.78497,9148.001371988044,56967.685,10103.664612971113,observed_2024_small_system_stock,VEKA_FLUVIUS_PV_2024+REGIONAL_PV_TARGETS_2030+REGIONAL_PV_YIELD+VEKA_ROOFTOP_POTENTIAL,PV_PROXY_STOCK_ONLY_V1
central,2050,Flemish Region,BE_TABULA_08,Terraced house,1946-1970,TABULA_advanced_A_proxy,37321.15371239992,3244134,2050,house,no_pv,false,0.905414195978,0.226353548995,0.094585804022,3530.051330903314,0,0,9148.001371988044,9148.001371988044,56967.685,10103.664612971113,linear_trajectory,VEKA_FLUVIUS_PV_2024+REGIONAL_PV_TARGETS_2030+REGIONAL_PV_YIELD+VEKA_ROOFTOP_POTENTIAL,PV_PROXY_STOCK_ONLY_V1
central,2050,Flemish Region,BE_TABULA_08,Terraced house,1946-1970,TABULA_advanced_A_proxy,37321.15371239992,3244134,2050,house,pv_installed,true,0.905414195978,0.226353548995,0.905414195978,33791.10238149661,4.428495056336,149.643729844599,9148.001371988044,9148.001371988044,56967.685,10103.664612971113,linear_trajectory,VEKA_FLUVIUS_PV_2024+REGIONAL_PV_TARGETS_2030+REGIONAL_PV_YIELD+VEKA_ROOFTOP_POTENTIAL,PV_PROXY_STOCK_ONLY_V1
central,2050,Flemish Region,BE_TABULA_09,"Apartment, enclosed",1946-1970,TABULA_existing,72522.9907542,3244134,2024,apartment,no_pv,false,0.447065771645,0,1,72522.9907542,0,0,4441.78497,9148.001371988044,56967.685,10103.664612971113,observed_2024_small_system_stock,VEKA_FLUVIUS_PV_2024+REGIONAL_PV_TARGETS_2030+REGIONAL_PV_YIELD+VEKA_ROOFTOP_POTENTIAL,PV_PROXY_STOCK_ONLY_V1
central,2050,Flemish Region,BE_TABULA_09,"Apartment, enclosed",1946-1970,TABULA_existing,72522.9907542,3244134,2024,apartment,pv_installed,true,0.447065771645,0,0,0,0,0,4441.78497,9148.001371988044,56967.685,10103.664612971113,observed_2024_small_system_stock,VEKA_FLUVIUS_PV_2024+REGIONAL_PV_TARGETS_2030+REGIONAL_PV_YIELD+VEKA_ROOFTOP_POTENTIAL,PV_PROXY_STOCK_ONLY_V1
central,2050,Flemish Region,BE_TABULA_09,"Apartment, enclosed",1946-1970,TABULA_standard_B_proxy,23123.2724144,3244134,2024,apartment,no_pv,false,0.447065771645,0,1,23123.2724144,0,0,4441.78497,9148.001371988044,56967.685,10103.664612971113,observed_2024_small_system_stock,VEKA_FLUVIUS_PV_2024+REGIONAL_PV_TARGETS_2030+REGIONAL_PV_YIELD+VEKA_ROOFTOP_POTENTIAL,PV_PROXY_STOCK_ONLY_V1
central,2050,Flemish Region,BE_TABULA_09,"Apartment, enclosed",1946-1970,TABULA_standard_B_proxy,23123.2724144,3244134,2024,apartment,pv_installed,true,0.447065771645,0,0,0,0,0,4441.78497,9148.001371988044,56967.685,10103.664612971113,observed_2024_small_system_stock,VEKA_FLUVIUS_PV_2024+REGIONAL_PV_TARGETS_2030+REGIONAL_PV_YIELD+VEKA_ROOFTOP_POTENTIAL,PV_PROXY_STOCK_ONLY_V1
central,2050,Flemish Region,BE_TABULA_09,"Apartment, enclosed",1946-1970,TABULA_advanced_A_proxy,9459.52053315,3244134,2050,apartment,no_pv,false,0.905414195978,0.226353548995,0.773646451005,7318.32448868435,0,0,9148.001371988044,9148.001371988044,56967.685,10103.664612971113,linear_trajectory,VEKA_FLUVIUS_PV_2024+REGIONAL_PV_TARGETS_2030+REGIONAL_PV_YIELD+VEKA_ROOFTOP_POTENTIAL,PV_PROXY_STOCK_ONLY_V1
central,2050,Flemish Region,BE_TABULA_09,"Apartment, enclosed",1946-1970,TABULA_advanced_A_proxy,9459.52053315,3244134,2050,apartment,pv_installed,true,0.905414195978,0.226353548995,0.226353548995,2141.196044465651,0.672576574704,1.440118301357,9148.001371988044,9148.001371988044,56967.685,10103.664612971113,linear_trajectory,VEKA_FLUVIUS_PV_2024+REGIONAL_PV_TARGETS_2030+REGIONAL_PV_YIELD+VEKA_ROOFTOP_POTENTIAL,PV_PROXY_STOCK_ONLY_V1
central,2050,Flemish Region,BE_TABULA_10,"Apartment, exposed",1946-1970,TABULA_existing,0,3244134,2024,apartment,no_pv,false,0.447065771645,0,1,0,0,0,4441.78497,9148.001371988044,56967.685,10103.664612971113,observed_2024_small_system_stock,VEKA_FLUVIUS_PV_2024+REGIONAL_PV_TARGETS_2030+REGIONAL_PV_YIELD+VEKA_ROOFTOP_POTENTIAL,PV_PROXY_STOCK_ONLY_V1
central,2050,Flemish Region,BE_TABULA_10,"Apartment, exposed",1946-1970,TABULA_existing,0,3244134,2024,apartment,pv_installed,true,0.447065771645,0,0,0,0,0,4441.78497,9148.001371988044,56967.685,10103.664612971113,observed_2024_small_system_stock,VEKA_FLUVIUS_PV_2024+REGIONAL_PV_TARGETS_2030+REGIONAL_PV_YIELD+VEKA_ROOFTOP_POTENTIAL,PV_PROXY_STOCK_ONLY_V1
central,2050,Flemish Region,BE_TABULA_10,"Apartment, exposed",1946-1970,TABULA_standard_B_proxy,77479.1127686,3244134,2024,apartment,no_pv,false,0.447065771645,0,1,77479.1127686,0,0,4441.78497,9148.001371988044,56967.685,10103.664612971113,observed_2024_small_system_stock,VEKA_FLUVIUS_PV_2024+REGIONAL_PV_TARGETS_2030+REGIONAL_PV_YIELD+VEKA_ROOFTOP_POTENTIAL,PV_PROXY_STOCK_ONLY_V1
central,2050,Flemish Region,BE_TABULA_10,"Apartment, exposed",1946-1970,TABULA_standard_B_proxy,77479.1127686,3244134,2024,apartment,pv_installed,true,0.447065771645,0,0,0,0,0,4441.78497,9148.001371988044,56967.685,10103.664612971113,observed_2024_small_system_stock,VEKA_FLUVIUS_PV_2024+REGIONAL_PV_TARGETS_2030+REGIONAL_PV_YIELD+VEKA_ROOFTOP_POTENTIAL,PV_PROXY_STOCK_ONLY_V1
central,2050,Flemish Region,BE_TABULA_10,"Apartment, exposed",1946-1970,TABULA_advanced_A_proxy,27626.670933150002,3244134,2050,apartment,no_pv,false,0.905414195978,0.226353548995,0.773646451005,21373.275920525957,0,0,9148.001371988044,9148.001371988044,56967.685,10103.664612971113,linear_trajectory,VEKA_FLUVIUS_PV_2024+REGIONAL_PV_TARGETS_2030+REGIONAL_PV_YIELD+VEKA_ROOFTOP_POTENTIAL,PV_PROXY_STOCK_ONLY_V1
central,2050,Flemish Region,BE_TABULA_10,"Apartment, exposed",1946-1970,TABULA_advanced_A_proxy,27626.670933150002,3244134,2050,apartment,pv_installed,true,0.905414195978,0.226353548995,0.226353548995,6253.395012624045,0.672576574704,4.205886997864,9148.001371988044,9148.001371988044,56967.685,10103.664612971113,linear_trajectory,VEKA_FLUVIUS_PV_2024+REGIONAL_PV_TARGETS_2030+REGIONAL_PV_YIELD+VEKA_ROOFTOP_POTENTIAL,PV_PROXY_STOCK_ONLY_V1
central,2050,Flemish Region,BE_TABULA_11,Detached house,1971-1990,TABULA_existing,0,3244134,2024,house,no_pv,false,0.447065771645,0,0.552934228355,0,0,0,4441.78497,9148.001371988044,56967.685,10103.664612971113,observed_2024_small_system_stock,VEKA_FLUVIUS_PV_2024+REGIONAL_PV_TARGETS_2030+REGIONAL_PV_YIELD+VEKA_ROOFTOP_POTENTIAL,PV_PROXY_STOCK_ONLY_V1
central,2050,Flemish Region,BE_TABULA_11,Detached house,1971-1990,TABULA_existing,0,3244134,2024,house,pv_installed,true,0.447065771645,0,0.447065771645,0,4.428495056336,0,4441.78497,9148.001371988044,56967.685,10103.664612971113,observed_2024_small_system_stock,VEKA_FLUVIUS_PV_2024+REGIONAL_PV_TARGETS_2030+REGIONAL_PV_YIELD+VEKA_ROOFTOP_POTENTIAL,PV_PROXY_STOCK_ONLY_V1
central,2050,Flemish Region,BE_TABULA_11,Detached house,1971-1990,TABULA_standard_B_proxy,246169.63663939995,3244134,2024,house,no_pv,false,0.447065771645,0,0.552934228355,136115.61807974603,0,0,4441.78497,9148.001371988044,56967.685,10103.664612971113,observed_2024_small_system_stock,VEKA_FLUVIUS_PV_2024+REGIONAL_PV_TARGETS_2030+REGIONAL_PV_YIELD+VEKA_ROOFTOP_POTENTIAL,PV_PROXY_STOCK_ONLY_V1
central,2050,Flemish Region,BE_TABULA_11,Detached house,1971-1990,TABULA_standard_B_proxy,246169.63663939995,3244134,2024,house,pv_installed,true,0.447065771645,0,0.447065771645,110054.01855965394,4.428495056336,487.373677121331,4441.78497,9148.001371988044,56967.685,10103.664612971113,observed_2024_small_system_stock,VEKA_FLUVIUS_PV_2024+REGIONAL_PV_TARGETS_2030+REGIONAL_PV_YIELD+VEKA_ROOFTOP_POTENTIAL,PV_PROXY_STOCK_ONLY_V1
central,2050,Flemish Region,BE_TABULA_11,Detached house,1971-1990,TABULA_advanced_A_proxy,55776.87419820004,3244134,2050,house,no_pv,false,0.905414195978,0.226353548995,0.094585804022,5275.700491851743,0,0,9148.001371988044,9148.001371988044,56967.685,10103.664612971113,linear_trajectory,VEKA_FLUVIUS_PV_2024+REGIONAL_PV_TARGETS_2030+REGIONAL_PV_YIELD+VEKA_ROOFTOP_POTENTIAL,PV_PROXY_STOCK_ONLY_V1
central,2050,Flemish Region,BE_TABULA_11,Detached house,1971-1990,TABULA_advanced_A_proxy,55776.87419820004,3244134,2050,house,pv_installed,true,0.905414195978,0.226353548995,0.905414195978,50501.1737063483,4.428495056336,223.644198097726,9148.001371988044,9148.001371988044,56967.685,10103.664612971113,linear_trajectory,VEKA_FLUVIUS_PV_2024+REGIONAL_PV_TARGETS_2030+REGIONAL_PV_YIELD+VEKA_ROOFTOP_POTENTIAL,PV_PROXY_STOCK_ONLY_V1
central,2050,Flemish Region,BE_TABULA_12,Semi-detached house,1971-1990,TABULA_existing,0,3244134,2024,house,no_pv,false,0.447065771645,0,0.552934228355,0,0,0,4441.78497,9148.001371988044,56967.685,10103.664612971113,observed_2024_small_system_stock,VEKA_FLUVIUS_PV_2024+REGIONAL_PV_TARGETS_2030+REGIONAL_PV_YIELD+VEKA_ROOFTOP_POTENTIAL,PV_PROXY_STOCK_ONLY_V1
central,2050,Flemish Region,BE_TABULA_12,Semi-detached house,1971-1990,TABULA_existing,0,3244134,2024,house,pv_installed,true,0.447065771645,0,0.447065771645,0,4.428495056336,0,4441.78497,9148.001371988044,56967.685,10103.664612971113,observed_2024_small_system_stock,VEKA_FLUVIUS_PV_2024+REGIONAL_PV_TARGETS_2030+REGIONAL_PV_YIELD+VEKA_ROOFTOP_POTENTIAL,PV_PROXY_STOCK_ONLY_V1
central,2050,Flemish Region,BE_TABULA_12,Semi-detached house,1971-1990,TABULA_standard_B_proxy,95195.99660719992,3244134,2024,house,no_pv,false,0.447065771645,0,0.552934228355,52637.124926529315,0,0,4441.78497,9148.001371988044,56967.685,10103.664612971113,observed_2024_small_system_stock,VEKA_FLUVIUS_PV_2024+REGIONAL_PV_TARGETS_2030+REGIONAL_PV_YIELD+VEKA_ROOFTOP_POTENTIAL,PV_PROXY_STOCK_ONLY_V1
central,2050,Flemish Region,BE_TABULA_12,Semi-detached house,1971-1990,TABULA_standard_B_proxy,95195.99660719992,3244134,2024,house,pv_installed,true,0.447065771645,0,0.447065771645,42558.871680670614,4.428495056336,188.471752841085,4441.78497,9148.001371988044,56967.685,10103.664612971113,observed_2024_small_system_stock,VEKA_FLUVIUS_PV_2024+REGIONAL_PV_TARGETS_2030+REGIONAL_PV_YIELD+VEKA_ROOFTOP_POTENTIAL,PV_PROXY_STOCK_ONLY_V1
central,2050,Flemish Region,BE_TABULA_12,Semi-detached house,1971-1990,TABULA_advanced_A_proxy,24825.08337740008,3244134,2050,house,no_pv,false,0.905414195978,0.226353548995,0.094585804022,2348.100471156137,0,0,9148.001371988044,9148.001371988044,56967.685,10103.664612971113,linear_trajectory,VEKA_FLUVIUS_PV_2024+REGIONAL_PV_TARGETS_2030+REGIONAL_PV_YIELD+VEKA_ROOFTOP_POTENTIAL,PV_PROXY_STOCK_ONLY_V1
central,2050,Flemish Region,BE_TABULA_12,Semi-detached house,1971-1990,TABULA_advanced_A_proxy,24825.08337740008,3244134,2050,house,pv_installed,true,0.905414195978,0.226353548995,0.905414195978,22476.982906243942,4.428495056336,99.539207681649,9148.001371988044,9148.001371988044,56967.685,10103.664612971113,linear_trajectory,VEKA_FLUVIUS_PV_2024+REGIONAL_PV_TARGETS_2030+REGIONAL_PV_YIELD+VEKA_ROOFTOP_POTENTIAL,PV_PROXY_STOCK_ONLY_V1
central,2050,Flemish Region,BE_TABULA_13,Terraced house,1971-1990,TABULA_existing,53884.9657742,3244134,2024,house,no_pv,false,0.447065771645,0,0.552934228355,29794.84197031665,0,0,4441.78497,9148.001371988044,56967.685,10103.664612971113,observed_2024_small_system_stock,VEKA_FLUVIUS_PV_2024+REGIONAL_PV_TARGETS_2030+REGIONAL_PV_YIELD+VEKA_ROOFTOP_POTENTIAL,PV_PROXY_STOCK_ONLY_V1
central,2050,Flemish Region,BE_TABULA_13,Terraced house,1971-1990,TABULA_existing,53884.9657742,3244134,2024,house,pv_installed,true,0.447065771645,0,0.447065771645,24090.12380388335,4.428495056336,106.682994172018,4441.78497,9148.001371988044,56967.685,10103.664612971113,observed_2024_small_system_stock,VEKA_FLUVIUS_PV_2024+REGIONAL_PV_TARGETS_2030+REGIONAL_PV_YIELD+VEKA_ROOFTOP_POTENTIAL,PV_PROXY_STOCK_ONLY_V1
central,2050,Flemish Region,BE_TABULA_13,Terraced house,1971-1990,TABULA_standard_B_proxy,17180.7137251,3244134,2024,house,no_pv,false,0.447065771645,0,0.552934228355,9499.80468618391,0,0,4441.78497,9148.001371988044,56967.685,10103.664612971113,observed_2024_small_system_stock,VEKA_FLUVIUS_PV_2024+REGIONAL_PV_TARGETS_2030+REGIONAL_PV_YIELD+VEKA_ROOFTOP_POTENTIAL,PV_PROXY_STOCK_ONLY_V1
central,2050,Flemish Region,BE_TABULA_13,Terraced house,1971-1990,TABULA_standard_B_proxy,17180.7137251,3244134,2024,house,pv_installed,true,0.447065771645,0,0.447065771645,7680.909038916089,4.428495056336,34.014867707006,4441.78497,9148.001371988044,56967.685,10103.664612971113,observed_2024_small_system_stock,VEKA_FLUVIUS_PV_2024+REGIONAL_PV_TARGETS_2030+REGIONAL_PV_YIELD+VEKA_ROOFTOP_POTENTIAL,PV_PROXY_STOCK_ONLY_V1
central,2050,Flemish Region,BE_TABULA_13,Terraced house,1971-1990,TABULA_advanced_A_proxy,7028.47379664,3244134,2050,house,no_pv,false,0.905414195978,0.226353548995,0.094585804022,664.793845100365,0,0,9148.001371988044,9148.001371988044,56967.685,10103.664612971113,linear_trajectory,VEKA_FLUVIUS_PV_2024+REGIONAL_PV_TARGETS_2030+REGIONAL_PV_YIELD+VEKA_ROOFTOP_POTENTIAL,PV_PROXY_STOCK_ONLY_V1
central,2050,Flemish Region,BE_TABULA_13,Terraced house,1971-1990,TABULA_advanced_A_proxy,7028.47379664,3244134,2050,house,pv_installed,true,0.905414195978,0.226353548995,0.905414195978,6363.679951539635,4.428495056336,28.181525205497,9148.001371988044,9148.001371988044,56967.685,10103.664612971113,linear_trajectory,VEKA_FLUVIUS_PV_2024+REGIONAL_PV_TARGETS_2030+REGIONAL_PV_YIELD+VEKA_ROOFTOP_POTENTIAL,PV_PROXY_STOCK_ONLY_V1
central,2050,Flemish Region,BE_TABULA_14,"Apartment, enclosed",1971-1990,TABULA_existing,74096.1974229,3244134,2024,apartment,no_pv,false,0.447065771645,0,1,74096.1974229,0,0,4441.78497,9148.001371988044,56967.685,10103.664612971113,observed_2024_small_system_stock,VEKA_FLUVIUS_PV_2024+REGIONAL_PV_TARGETS_2030+REGIONAL_PV_YIELD+VEKA_ROOFTOP_POTENTIAL,PV_PROXY_STOCK_ONLY_V1
central,2050,Flemish Region,BE_TABULA_14,"Apartment, enclosed",1971-1990,TABULA_existing,74096.1974229,3244134,2024,apartment,pv_installed,true,0.447065771645,0,0,0,0,0,4441.78497,9148.001371988044,56967.685,10103.664612971113,observed_2024_small_system_stock,VEKA_FLUVIUS_PV_2024+REGIONAL_PV_TARGETS_2030+REGIONAL_PV_YIELD+VEKA_ROOFTOP_POTENTIAL,PV_PROXY_STOCK_ONLY_V1
central,2050,Flemish Region,BE_TABULA_14,"Apartment, enclosed",1971-1990,TABULA_standard_B_proxy,23624.8745406,3244134,2024,apartment,no_pv,false,0.447065771645,0,1,23624.8745406,0,0,4441.78497,9148.001371988044,56967.685,10103.664612971113,observed_2024_small_system_stock,VEKA_FLUVIUS_PV_2024+REGIONAL_PV_TARGETS_2030+REGIONAL_PV_YIELD+VEKA_ROOFTOP_POTENTIAL,PV_PROXY_STOCK_ONLY_V1
central,2050,Flemish Region,BE_TABULA_14,"Apartment, enclosed",1971-1990,TABULA_standard_B_proxy,23624.8745406,3244134,2024,apartment,pv_installed,true,0.447065771645,0,0,0,0,0,4441.78497,9148.001371988044,56967.685,10103.664612971113,observed_2024_small_system_stock,VEKA_FLUVIUS_PV_2024+REGIONAL_PV_TARGETS_2030+REGIONAL_PV_YIELD+VEKA_ROOFTOP_POTENTIAL,PV_PROXY_STOCK_ONLY_V1
central,2050,Flemish Region,BE_TABULA_14,"Apartment, enclosed",1971-1990,TABULA_advanced_A_proxy,9664.72140299,3244134,2050,apartment,no_pv,false,0.905414195978,0.226353548995,0.773646451005,7477.07741337929,0,0,9148.001371988044,9148.001371988044,56967.685,10103.664612971113,linear_trajectory,VEKA_FLUVIUS_PV_2024+REGIONAL_PV_TARGETS_2030+REGIONAL_PV_YIELD+VEKA_ROOFTOP_POTENTIAL,PV_PROXY_STOCK_ONLY_V1
central,2050,Flemish Region,BE_TABULA_14,"Apartment, enclosed",1971-1990,TABULA_advanced_A_proxy,9664.72140299,3244134,2050,apartment,pv_installed,true,0.905414195978,0.226353548995,0.226353548995,2187.643989610711,0.672576574704,1.471358101205,9148.001371988044,9148.001371988044,56967.685,10103.664612971113,linear_trajectory,VEKA_FLUVIUS_PV_2024+REGIONAL_PV_TARGETS_2030+REGIONAL_PV_YIELD+VEKA_ROOFTOP_POTENTIAL,PV_PROXY_STOCK_ONLY_V1
central,2050,Flemish Region,BE_TABULA_15,"Apartment, exposed",1971-1990,TABULA_existing,0,3244134,2024,apartment,no_pv,false,0.447065771645,0,1,0,0,0,4441.78497,9148.001371988044,56967.685,10103.664612971113,observed_2024_small_system_stock,VEKA_FLUVIUS_PV_2024+REGIONAL_PV_TARGETS_2030+REGIONAL_PV_YIELD+VEKA_ROOFTOP_POTENTIAL,PV_PROXY_STOCK_ONLY_V1
central,2050,Flemish Region,BE_TABULA_15,"Apartment, exposed",1971-1990,TABULA_existing,0,3244134,2024,apartment,pv_installed,true,0.447065771645,0,0,0,0,0,4441.78497,9148.001371988044,56967.685,10103.664612971113,observed_2024_small_system_stock,VEKA_FLUVIUS_PV_2024+REGIONAL_PV_TARGETS_2030+REGIONAL_PV_YIELD+VEKA_ROOFTOP_POTENTIAL,PV_PROXY_STOCK_ONLY_V1
central,2050,Flemish Region,BE_TABULA_15,"Apartment, exposed",1971-1990,TABULA_standard_B_proxy,88637.4967635,3244134,2024,apartment,no_pv,false,0.447065771645,0,1,88637.4967635,0,0,4441.78497,9148.001371988044,56967.685,10103.664612971113,observed_2024_small_system_stock,VEKA_FLUVIUS_PV_2024+REGIONAL_PV_TARGETS_2030+REGIONAL_PV_YIELD+VEKA_ROOFTOP_POTENTIAL,PV_PROXY_STOCK_ONLY_V1
central,2050,Flemish Region,BE_TABULA_15,"Apartment, exposed",1971-1990,TABULA_standard_B_proxy,88637.4967635,3244134,2024,apartment,pv_installed,true,0.447065771645,0,0,0,0,0,4441.78497,9148.001371988044,56967.685,10103.664612971113,observed_2024_small_system_stock,VEKA_FLUVIUS_PV_2024+REGIONAL_PV_TARGETS_2030+REGIONAL_PV_YIELD+VEKA_ROOFTOP_POTENTIAL,PV_PROXY_STOCK_ONLY_V1
central,2050,Flemish Region,BE_TABULA_15,"Apartment, exposed",1971-1990,TABULA_advanced_A_proxy,18748.29660299,3244134,2050,apartment,no_pv,false,0.905414195978,0.226353548995,0.773646451005,14504.553129300095,0,0,9148.001371988044,9148.001371988044,56967.685,10103.664612971113,linear_trajectory,VEKA_FLUVIUS_PV_2024+REGIONAL_PV_TARGETS_2030+REGIONAL_PV_YIELD+VEKA_ROOFTOP_POTENTIAL,PV_PROXY_STOCK_ONLY_V1
central,2050,Flemish Region,BE_TABULA_15,"Apartment, exposed",1971-1990,TABULA_advanced_A_proxy,18748.29660299,3244134,2050,apartment,pv_installed,true,0.905414195978,0.226353548995,0.226353548995,4243.743473689908,0.672576574704,2.854242449458,9148.001371988044,9148.001371988044,56967.685,10103.664612971113,linear_trajectory,VEKA_FLUVIUS_PV_2024+REGIONAL_PV_TARGETS_2030+REGIONAL_PV_YIELD+VEKA_ROOFTOP_POTENTIAL,PV_PROXY_STOCK_ONLY_V1
central,2050,Flemish Region,BE_TABULA_16,Detached house,1991-2005,TABULA_existing,74527.7766154999,3244134,2024,house,no_pv,false,0.447065771645,0,0.552934228355,41208.95865393815,0,0,4441.78497,9148.001371988044,56967.685,10103.664612971113,observed_2024_small_system_stock,VEKA_FLUVIUS_PV_2024+REGIONAL_PV_TARGETS_2030+REGIONAL_PV_YIELD+VEKA_ROOFTOP_POTENTIAL,PV_PROXY_STOCK_ONLY_V1
central,2050,Flemish Region,BE_TABULA_16,Detached house,1991-2005,TABULA_existing,74527.7766154999,3244134,2024,house,pv_installed,true,0.447065771645,0,0.447065771645,33318.81796156175,4.428495056336,147.552220625733,4441.78497,9148.001371988044,56967.685,10103.664612971113,observed_2024_small_system_stock,VEKA_FLUVIUS_PV_2024+REGIONAL_PV_TARGETS_2030+REGIONAL_PV_YIELD+VEKA_ROOFTOP_POTENTIAL,PV_PROXY_STOCK_ONLY_V1
central,2050,Flemish Region,BE_TABULA_16,Detached house,1991-2005,TABULA_standard_B_proxy,89788.32335780008,3244134,2024,house,no_pv,false,0.447065771645,0,0.552934228355,49647.03729117405,0,0,4441.78497,9148.001371988044,56967.685,10103.664612971113,observed_2024_small_system_stock,VEKA_FLUVIUS_PV_2024+REGIONAL_PV_TARGETS_2030+REGIONAL_PV_YIELD+VEKA_ROOFTOP_POTENTIAL,PV_PROXY_STOCK_ONLY_V1
central,2050,Flemish Region,BE_TABULA_16,Detached house,1991-2005,TABULA_standard_B_proxy,89788.32335780008,3244134,2024,house,pv_installed,true,0.447065771645,0,0.447065771645,40141.28606662604,4.428495056336,177.76548690102,4441.78497,9148.001371988044,56967.685,10103.664612971113,observed_2024_small_system_stock,VEKA_FLUVIUS_PV_2024+REGIONAL_PV_TARGETS_2030+REGIONAL_PV_YIELD+VEKA_ROOFTOP_POTENTIAL,PV_PROXY_STOCK_ONLY_V1
central,2050,Flemish Region,BE_TABULA_16,Detached house,1991-2005,TABULA_advanced_A_proxy,26232.9936237,3244134,2050,house,no_pv,false,0.905414195978,0.226353548995,0.094585804022,2481.268793792749,0,0,9148.001371988044,9148.001371988044,56967.685,10103.664612971113,linear_trajectory,VEKA_FLUVIUS_PV_2024+REGIONAL_PV_TARGETS_2030+REGIONAL_PV_YIELD+VEKA_ROOFTOP_POTENTIAL,PV_PROXY_STOCK_ONLY_V1
central,2050,Flemish Region,BE_TABULA_16,Detached house,1991-2005,TABULA_advanced_A_proxy,26232.9936237,3244134,2050,house,pv_installed,true,0.905414195978,0.226353548995,0.905414195978,23751.724829907253,4.428495056336,105.184395988696,9148.001371988044,9148.001371988044,56967.685,10103.664612971113,linear_trajectory,VEKA_FLUVIUS_PV_2024+REGIONAL_PV_TARGETS_2030+REGIONAL_PV_YIELD+VEKA_ROOFTOP_POTENTIAL,PV_PROXY_STOCK_ONLY_V1
central,2050,Flemish Region,BE_TABULA_17,Semi-detached house,1991-2005,TABULA_existing,45333.6639793,3244134,2024,house,no_pv,false,0.447065771645,0,0.552934228355,25066.53451091912,0,0,4441.78497,9148.001371988044,56967.685,10103.664612971113,observed_2024_small_system_stock,VEKA_FLUVIUS_PV_2024+REGIONAL_PV_TARGETS_2030+REGIONAL_PV_YIELD+VEKA_ROOFTOP_POTENTIAL,PV_PROXY_STOCK_ONLY_V1
central,2050,Flemish Region,BE_TABULA_17,Semi-detached house,1991-2005,TABULA_existing,45333.6639793,3244134,2024,house,pv_installed,true,0.447065771645,0,0.447065771645,20267.129468380885,4.428495056336,89.752882656845,4441.78497,9148.001371988044,56967.685,10103.664612971113,observed_2024_small_system_stock,VEKA_FLUVIUS_PV_2024+REGIONAL_PV_TARGETS_2030+REGIONAL_PV_YIELD+VEKA_ROOFTOP_POTENTIAL,PV_PROXY_STOCK_ONLY_V1
central,2050,Flemish Region,BE_TABULA_17,Semi-detached house,1991-2005,TABULA_standard_B_proxy,14454.2117035,3244134,2024,house,no_pv,false,0.447065771645,0,0.552934228355,7992.228394760963,0,0,4441.78497,9148.001371988044,56967.685,10103.664612971113,observed_2024_small_system_stock,VEKA_FLUVIUS_PV_2024+REGIONAL_PV_TARGETS_2030+REGIONAL_PV_YIELD+VEKA_ROOFTOP_POTENTIAL,PV_PROXY_STOCK_ONLY_V1
central,2050,Flemish Region,BE_TABULA_17,Semi-detached house,1991-2005,TABULA_standard_B_proxy,14454.2117035,3244134,2024,house,pv_installed,true,0.447065771645,0,0.447065771645,6461.983308739037,4.428495056336,28.616861136876,4441.78497,9148.001371988044,56967.685,10103.664612971113,observed_2024_small_system_stock,VEKA_FLUVIUS_PV_2024+REGIONAL_PV_TARGETS_2030+REGIONAL_PV_YIELD+VEKA_ROOFTOP_POTENTIAL,PV_PROXY_STOCK_ONLY_V1
central,2050,Flemish Region,BE_TABULA_17,Semi-detached house,1991-2005,TABULA_advanced_A_proxy,5913.086606,3244134,2050,house,no_pv,false,0.905414195978,0.226353548995,0.094585804022,559.29405087822,0,0,9148.001371988044,9148.001371988044,56967.685,10103.664612971113,linear_trajectory,VEKA_FLUVIUS_PV_2024+REGIONAL_PV_TARGETS_2030+REGIONAL_PV_YIELD+VEKA_ROOFTOP_POTENTIAL,PV_PROXY_STOCK_ONLY_V1
central,2050,Flemish Region,BE_TABULA_17,Semi-detached house,1991-2005,TABULA_advanced_A_proxy,5913.086606,3244134,2050,house,pv_installed,true,0.905414195978,0.226353548995,0.905414195978,5353.79255512178,4.428495056336,23.709243863005,9148.001371988044,9148.001371988044,56967.685,10103.664612971113,linear_trajectory,VEKA_FLUVIUS_PV_2024+REGIONAL_PV_TARGETS_2030+REGIONAL_PV_YIELD+VEKA_ROOFTOP_POTENTIAL,PV_PROXY_STOCK_ONLY_V1
central,2050,Flemish Region,BE_TABULA_18,Terraced house,1991-2005,TABULA_existing,22623.4868879,3244134,2024,house,no_pv,false,0.447065771645,0,0.552934228355,12509.300265070435,0,0,4441.78497,9148.001371988044,56967.685,10103.664612971113,observed_2024_small_system_stock,VEKA_FLUVIUS_PV_2024+REGIONAL_PV_TARGETS_2030+REGIONAL_PV_YIELD+VEKA_ROOFTOP_POTENTIAL,PV_PROXY_STOCK_ONLY_V1
central,2050,Flemish Region,BE_TABULA_18,Terraced house,1991-2005,TABULA_existing,22623.4868879,3244134,2024,house,pv_installed,true,0.447065771645,0,0.447065771645,10114.186622829566,4.428495056336,44.79062545806,4441.78497,9148.001371988044,56967.685,10103.664612971113,observed_2024_small_system_stock,VEKA_FLUVIUS_PV_2024+REGIONAL_PV_TARGETS_2030+REGIONAL_PV_YIELD+VEKA_ROOFTOP_POTENTIAL,PV_PROXY_STOCK_ONLY_V1
central,2050,Flemish Region,BE_TABULA_18,Terraced house,1991-2005,TABULA_standard_B_proxy,7213.2856744,3244134,2024,house,no_pv,false,0.447065771645,0,0.552934228355,3988.472548281724,0,0,4441.78497,9148.001371988044,56967.685,10103.664612971113,observed_2024_small_system_stock,VEKA_FLUVIUS_PV_2024+REGIONAL_PV_TARGETS_2030+REGIONAL_PV_YIELD+VEKA_ROOFTOP_POTENTIAL,PV_PROXY_STOCK_ONLY_V1
central,2050,Flemish Region,BE_TABULA_18,Terraced house,1991-2005,TABULA_standard_B_proxy,7213.2856744,3244134,2024,house,pv_installed,true,0.447065771645,0,0.447065771645,3224.813126118276,4.428495056336,14.281068986622,4441.78497,9148.001371988044,56967.685,10103.664612971113,observed_2024_small_system_stock,VEKA_FLUVIUS_PV_2024+REGIONAL_PV_TARGETS_2030+REGIONAL_PV_YIELD+VEKA_ROOFTOP_POTENTIAL,PV_PROXY_STOCK_ONLY_V1
central,2050,Flemish Region,BE_TABULA_18,Terraced house,1991-2005,TABULA_advanced_A_proxy,2950.88959407,3244134,2050,house,no_pv,false,0.905414195978,0.226353548995,0.094585804022,279.112264834261,0,0,9148.001371988044,9148.001371988044,56967.685,10103.664612971113,linear_trajectory,VEKA_FLUVIUS_PV_2024+REGIONAL_PV_TARGETS_2030+REGIONAL_PV_YIELD+VEKA_ROOFTOP_POTENTIAL,PV_PROXY_STOCK_ONLY_V1
central,2050,Flemish Region,BE_TABULA_18,Terraced house,1991-2005,TABULA_advanced_A_proxy,2950.88959407,3244134,2050,house,pv_installed,true,0.905414195978,0.226353548995,0.905414195978,2671.777329235739,4.428495056336,11.831952694151,9148.001371988044,9148.001371988044,56967.685,10103.664612971113,linear_trajectory,VEKA_FLUVIUS_PV_2024+REGIONAL_PV_TARGETS_2030+REGIONAL_PV_YIELD+VEKA_ROOFTOP_POTENTIAL,PV_PROXY_STOCK_ONLY_V1
central,2050,Flemish Region,BE_TABULA_19,"Apartment, enclosed",1991-2005,TABULA_existing,58491.1146072,3244134,2024,apartment,no_pv,false,0.447065771645,0,1,58491.1146072,0,0,4441.78497,9148.001371988044,56967.685,10103.664612971113,observed_2024_small_system_stock,VEKA_FLUVIUS_PV_2024+REGIONAL_PV_TARGETS_2030+REGIONAL_PV_YIELD+VEKA_ROOFTOP_POTENTIAL,PV_PROXY_STOCK_ONLY_V1
central,2050,Flemish Region,BE_TABULA_19,"Apartment, enclosed",1991-2005,TABULA_existing,58491.1146072,3244134,2024,apartment,pv_installed,true,0.447065771645,0,0,0,0,0,4441.78497,9148.001371988044,56967.685,10103.664612971113,observed_2024_small_system_stock,VEKA_FLUVIUS_PV_2024+REGIONAL_PV_TARGETS_2030+REGIONAL_PV_YIELD+VEKA_ROOFTOP_POTENTIAL,PV_PROXY_STOCK_ONLY_V1
central,2050,Flemish Region,BE_TABULA_19,"Apartment, enclosed",1991-2005,TABULA_standard_B_proxy,18649.3408892,3244134,2024,apartment,no_pv,false,0.447065771645,0,1,18649.3408892,0,0,4441.78497,9148.001371988044,56967.685,10103.664612971113,observed_2024_small_system_stock,VEKA_FLUVIUS_PV_2024+REGIONAL_PV_TARGETS_2030+REGIONAL_PV_YIELD+VEKA_ROOFTOP_POTENTIAL,PV_PROXY_STOCK_ONLY_V1
central,2050,Flemish Region,BE_TABULA_19,"Apartment, enclosed",1991-2005,TABULA_standard_B_proxy,18649.3408892,3244134,2024,apartment,pv_installed,true,0.447065771645,0,0,0,0,0,4441.78497,9148.001371988044,56967.685,10103.664612971113,observed_2024_small_system_stock,VEKA_FLUVIUS_PV_2024+REGIONAL_PV_TARGETS_2030+REGIONAL_PV_YIELD+VEKA_ROOFTOP_POTENTIAL,PV_PROXY_STOCK_ONLY_V1
central,2050,Flemish Region,BE_TABULA_19,"Apartment, enclosed",1991-2005,TABULA_advanced_A_proxy,7629.27581833,3244134,2050,apartment,no_pv,false,0.905414195978,0.226353548995,0.773646451005,5902.362160592438,0,0,9148.001371988044,9148.001371988044,56967.685,10103.664612971113,linear_trajectory,VEKA_FLUVIUS_PV_2024+REGIONAL_PV_TARGETS_2030+REGIONAL_PV_YIELD+VEKA_ROOFTOP_POTENTIAL,PV_PROXY_STOCK_ONLY_V1
central,2050,Flemish Region,BE_TABULA_19,"Apartment, enclosed",1991-2005,TABULA_advanced_A_proxy,7629.27581833,3244134,2050,apartment,pv_installed,true,0.905414195978,0.226353548995,0.226353548995,1726.913657737562,0.672576574704,1.161481672731,9148.001371988044,9148.001371988044,56967.685,10103.664612971113,linear_trajectory,VEKA_FLUVIUS_PV_2024+REGIONAL_PV_TARGETS_2030+REGIONAL_PV_YIELD+VEKA_ROOFTOP_POTENTIAL,PV_PROXY_STOCK_ONLY_V1
central,2050,Flemish Region,BE_TABULA_20,"Apartment, exposed",1991-2005,TABULA_existing,58491.1146072,3244134,2024,apartment,no_pv,false,0.447065771645,0,1,58491.1146072,0,0,4441.78497,9148.001371988044,56967.685,10103.664612971113,observed_2024_small_system_stock,VEKA_FLUVIUS_PV_2024+REGIONAL_PV_TARGETS_2030+REGIONAL_PV_YIELD+VEKA_ROOFTOP_POTENTIAL,PV_PROXY_STOCK_ONLY_V1
central,2050,Flemish Region,BE_TABULA_20,"Apartment, exposed",1991-2005,TABULA_existing,58491.1146072,3244134,2024,apartment,pv_installed,true,0.447065771645,0,0,0,0,0,4441.78497,9148.001371988044,56967.685,10103.664612971113,observed_2024_small_system_stock,VEKA_FLUVIUS_PV_2024+REGIONAL_PV_TARGETS_2030+REGIONAL_PV_YIELD+VEKA_ROOFTOP_POTENTIAL,PV_PROXY_STOCK_ONLY_V1
central,2050,Flemish Region,BE_TABULA_20,"Apartment, exposed",1991-2005,TABULA_standard_B_proxy,18649.3408892,3244134,2024,apartment,no_pv,false,0.447065771645,0,1,18649.3408892,0,0,4441.78497,9148.001371988044,56967.685,10103.664612971113,observed_2024_small_system_stock,VEKA_FLUVIUS_PV_2024+REGIONAL_PV_TARGETS_2030+REGIONAL_PV_YIELD+VEKA_ROOFTOP_POTENTIAL,PV_PROXY_STOCK_ONLY_V1
central,2050,Flemish Region,BE_TABULA_20,"Apartment, exposed",1991-2005,TABULA_standard_B_proxy,18649.3408892,3244134,2024,apartment,pv_installed,true,0.447065771645,0,0,0,0,0,4441.78497,9148.001371988044,56967.685,10103.664612971113,observed_2024_small_system_stock,VEKA_FLUVIUS_PV_2024+REGIONAL_PV_TARGETS_2030+REGIONAL_PV_YIELD+VEKA_ROOFTOP_POTENTIAL,PV_PROXY_STOCK_ONLY_V1
central,2050,Flemish Region,BE_TABULA_20,"Apartment, exposed",1991-2005,TABULA_advanced_A_proxy,7629.27581833,3244134,2050,apartment,no_pv,false,0.905414195978,0.226353548995,0.773646451005,5902.362160592438,0,0,9148.001371988044,9148.001371988044,56967.685,10103.664612971113,linear_trajectory,VEKA_FLUVIUS_PV_2024+REGIONAL_PV_TARGETS_2030+REGIONAL_PV_YIELD+VEKA_ROOFTOP_POTENTIAL,PV_PROXY_STOCK_ONLY_V1
central,2050,Flemish Region,BE_TABULA_20,"Apartment, exposed",1991-2005,TABULA_advanced_A_proxy,7629.27581833,3244134,2050,apartment,pv_installed,true,0.905414195978,0.226353548995,0.226353548995,1726.913657737562,0.672576574704,1.161481672731,9148.001371988044,9148.001371988044,56967.685,10103.664612971113,linear_trajectory,VEKA_FLUVIUS_PV_2024+REGIONAL_PV_TARGETS_2030+REGIONAL_PV_YIELD+VEKA_ROOFTOP_POTENTIAL,PV_PROXY_STOCK_ONLY_V1
central,2050,Flemish Region,BE_TABULA_21,Detached house,post-2005,TABULA_existing,80509.832346,3244134,2024,house,no_pv,false,0.447065771645,0,0.552934228355,44516.64202326147,0,0,4441.78497,9148.001371988044,56967.685,10103.664612971113,observed_2024_small_system_stock,VEKA_FLUVIUS_PV_2024+REGIONAL_PV_TARGETS_2030+REGIONAL_PV_YIELD+VEKA_ROOFTOP_POTENTIAL,PV_PROXY_STOCK_ONLY_V1
central,2050,Flemish Region,BE_TABULA_21,Detached house,post-2005,TABULA_existing,80509.832346,3244134,2024,house,pv_installed,true,0.447065771645,0,0.447065771645,35993.19032273853,4.428495056336,159.395665406006,4441.78497,9148.001371988044,56967.685,10103.664612971113,observed_2024_small_system_stock,VEKA_FLUVIUS_PV_2024+REGIONAL_PV_TARGETS_2030+REGIONAL_PV_YIELD+VEKA_ROOFTOP_POTENTIAL,PV_PROXY_STOCK_ONLY_V1
central,2050,Flemish Region,BE_TABULA_21,Detached house,post-2005,TABULA_standard_B_proxy,25669.8016176,3244134,2024,house,no_pv,false,0.447065771645,0,0.552934228355,14193.711949464918,0,0,4441.78497,9148.001371988044,56967.685,10103.664612971113,observed_2024_small_system_stock,VEKA_FLUVIUS_PV_2024+REGIONAL_PV_TARGETS_2030+REGIONAL_PV_YIELD+VEKA_ROOFTOP_POTENTIAL,PV_PROXY_STOCK_ONLY_V1
central,2050,Flemish Region,BE_TABULA_21,Detached house,post-2005,TABULA_standard_B_proxy,25669.8016176,3244134,2024,house,pv_installed,true,0.447065771645,0,0.447065771645,11476.08966813508,4.428495056336,50.821806361404,4441.78497,9148.001371988044,56967.685,10103.664612971113,observed_2024_small_system_stock,VEKA_FLUVIUS_PV_2024+REGIONAL_PV_TARGETS_2030+REGIONAL_PV_YIELD+VEKA_ROOFTOP_POTENTIAL,PV_PROXY_STOCK_ONLY_V1
central,2050,Flemish Region,BE_TABULA_21,Detached house,post-2005,TABULA_advanced_A_proxy,10501.2824799,3244134,2050,house,no_pv,false,0.905414195978,0.226353548995,0.094585804022,993.272246619915,0,0,9148.001371988044,9148.001371988044,56967.685,10103.664612971113,linear_trajectory,VEKA_FLUVIUS_PV_2024+REGIONAL_PV_TARGETS_2030+REGIONAL_PV_YIELD+VEKA_ROOFTOP_POTENTIAL,PV_PROXY_STOCK_ONLY_V1
central,2050,Flemish Region,BE_TABULA_21,Detached house,post-2005,TABULA_advanced_A_proxy,10501.2824799,3244134,2050,house,pv_installed,true,0.905414195978,0.226353548995,0.905414195978,9508.010233280085,4.428495056336,42.106176313672,9148.001371988044,9148.001371988044,56967.685,10103.664612971113,linear_trajectory,VEKA_FLUVIUS_PV_2024+REGIONAL_PV_TARGETS_2030+REGIONAL_PV_YIELD+VEKA_ROOFTOP_POTENTIAL,PV_PROXY_STOCK_ONLY_V1
central,2050,Flemish Region,BE_TABULA_22,Semi-detached house,post-2005,TABULA_existing,73737.5034307,3244134,2024,house,no_pv,false,0.447065771645,0,0.552934228355,40771.98956031082,0,0,4441.78497,9148.001371988044,56967.685,10103.664612971113,observed_2024_small_system_stock,VEKA_FLUVIUS_PV_2024+REGIONAL_PV_TARGETS_2030+REGIONAL_PV_YIELD+VEKA_ROOFTOP_POTENTIAL,PV_PROXY_STOCK_ONLY_V1
central,2050,Flemish Region,BE_TABULA_22,Semi-detached house,post-2005,TABULA_existing,73737.5034307,3244134,2024,house,pv_installed,true,0.447065771645,0,0.447065771645,32965.51387038918,4.428495056336,145.987615204592,4441.78497,9148.001371988044,56967.685,10103.664612971113,observed_2024_small_system_stock,VEKA_FLUVIUS_PV_2024+REGIONAL_PV_TARGETS_2030+REGIONAL_PV_YIELD+VEKA_ROOFTOP_POTENTIAL,PV_PROXY_STOCK_ONLY_V1
central,2050,Flemish Region,BE_TABULA_22,Semi-detached house,post-2005,TABULA_standard_B_proxy,23510.5083402,3244134,2024,house,no_pv,false,0.447065771645,0,0.552934228355,12999.764787332657,0,0,4441.78497,9148.001371988044,56967.685,10103.664612971113,observed_2024_small_system_stock,VEKA_FLUVIUS_PV_2024+REGIONAL_PV_TARGETS_2030+REGIONAL_PV_YIELD+VEKA_ROOFTOP_POTENTIAL,PV_PROXY_STOCK_ONLY_V1
central,2050,Flemish Region,BE_TABULA_22,Semi-detached house,post-2005,TABULA_standard_B_proxy,23510.5083402,3244134,2024,house,pv_installed,true,0.447065771645,0,0.447065771645,10510.743552867341,4.428495056336,46.546775862288,4441.78497,9148.001371988044,56967.685,10103.664612971113,observed_2024_small_system_stock,VEKA_FLUVIUS_PV_2024+REGIONAL_PV_TARGETS_2030+REGIONAL_PV_YIELD+VEKA_ROOFTOP_POTENTIAL,PV_PROXY_STOCK_ONLY_V1
central,2050,Flemish Region,BE_TABULA_22,Semi-detached house,post-2005,TABULA_advanced_A_proxy,9617.93523009,3244134,2050,house,no_pv,false,0.905414195978,0.226353548995,0.094585804022,909.720136766314,0,0,9148.001371988044,9148.001371988044,56967.685,10103.664612971113,linear_trajectory,VEKA_FLUVIUS_PV_2024+REGIONAL_PV_TARGETS_2030+REGIONAL_PV_YIELD+VEKA_ROOFTOP_POTENTIAL,PV_PROXY_STOCK_ONLY_V1
central,2050,Flemish Region,BE_TABULA_22,Semi-detached house,post-2005,TABULA_advanced_A_proxy,9617.93523009,3244134,2050,house,pv_installed,true,0.905414195978,0.226353548995,0.905414195978,8708.215093323686,4.428495056336,38.564287490294,9148.001371988044,9148.001371988044,56967.685,10103.664612971113,linear_trajectory,VEKA_FLUVIUS_PV_2024+REGIONAL_PV_TARGETS_2030+REGIONAL_PV_YIELD+VEKA_ROOFTOP_POTENTIAL,PV_PROXY_STOCK_ONLY_V1
central,2050,Flemish Region,BE_TABULA_23,Terraced house,post-2005,TABULA_existing,35329.6240153,3244134,2024,house,no_pv,false,0.447065771645,0,0.552934228355,19534.95839298778,0,0,4441.78497,9148.001371988044,56967.685,10103.664612971113,observed_2024_small_system_stock,VEKA_FLUVIUS_PV_2024+REGIONAL_PV_TARGETS_2030+REGIONAL_PV_YIELD+VEKA_ROOFTOP_POTENTIAL,PV_PROXY_STOCK_ONLY_V1
central,2050,Flemish Region,BE_TABULA_23,Terraced house,post-2005,TABULA_existing,35329.6240153,3244134,2024,house,pv_installed,true,0.447065771645,0,0.447065771645,15794.665622312225,4.428495056336,69.946598624889,4441.78497,9148.001371988044,56967.685,10103.664612971113,observed_2024_small_system_stock,VEKA_FLUVIUS_PV_2024+REGIONAL_PV_TARGETS_2030+REGIONAL_PV_YIELD+VEKA_ROOFTOP_POTENTIAL,PV_PROXY_STOCK_ONLY_V1
central,2050,Flemish Region,BE_TABULA_23,Terraced house,post-2005,TABULA_standard_B_proxy,11264.517802,3244134,2024,house,no_pv,false,0.447065771645,0,0.552934228355,6228.537458645004,0,0,4441.78497,9148.001371988044,56967.685,10103.664612971113,observed_2024_small_system_stock,VEKA_FLUVIUS_PV_2024+REGIONAL_PV_TARGETS_2030+REGIONAL_PV_YIELD+VEKA_ROOFTOP_POTENTIAL,PV_PROXY_STOCK_ONLY_V1
central,2050,Flemish Region,BE_TABULA_23,Terraced house,post-2005,TABULA_standard_B_proxy,11264.517802,3244134,2024,house,pv_installed,true,0.447065771645,0,0.447065771645,5035.980343354997,4.428495056336,22.301814054353,4441.78497,9148.001371988044,56967.685,10103.664612971113,observed_2024_small_system_stock,VEKA_FLUVIUS_PV_2024+REGIONAL_PV_TARGETS_2030+REGIONAL_PV_YIELD+VEKA_ROOFTOP_POTENTIAL,PV_PROXY_STOCK_ONLY_V1
central,2050,Flemish Region,BE_TABULA_23,Terraced house,post-2005,TABULA_advanced_A_proxy,4608.21182808,3244134,2050,house,no_pv,false,0.905414195978,0.226353548995,0.094585804022,435.871420861071,0,0,9148.001371988044,9148.001371988044,56967.685,10103.664612971113,linear_trajectory,VEKA_FLUVIUS_PV_2024+REGIONAL_PV_TARGETS_2030+REGIONAL_PV_YIELD+VEKA_ROOFTOP_POTENTIAL,PV_PROXY_STOCK_ONLY_V1
central,2050,Flemish Region,BE_TABULA_23,Terraced house,post-2005,TABULA_advanced_A_proxy,4608.21182808,3244134,2050,house,pv_installed,true,0.905414195978,0.226353548995,0.905414195978,4172.340407218929,4.428495056336,18.47718886672,9148.001371988044,9148.001371988044,56967.685,10103.664612971113,linear_trajectory,VEKA_FLUVIUS_PV_2024+REGIONAL_PV_TARGETS_2030+REGIONAL_PV_YIELD+VEKA_ROOFTOP_POTENTIAL,PV_PROXY_STOCK_ONLY_V1
central,2050,Flemish Region,BE_TABULA_24,"Apartment, enclosed",post-2005,TABULA_existing,86266.382345,3244134,2024,apartment,no_pv,false,0.447065771645,0,1,86266.382345,0,0,4441.78497,9148.001371988044,56967.685,10103.664612971113,observed_2024_small_system_stock,VEKA_FLUVIUS_PV_2024+REGIONAL_PV_TARGETS_2030+REGIONAL_PV_YIELD+VEKA_ROOFTOP_POTENTIAL,PV_PROXY_STOCK_ONLY_V1
central,2050,Flemish Region,BE_TABULA_24,"Apartment, enclosed",post-2005,TABULA_existing,86266.382345,3244134,2024,apartment,pv_installed,true,0.447065771645,0,0,0,0,0,4441.78497,9148.001371988044,56967.685,10103.664612971113,observed_2024_small_system_stock,VEKA_FLUVIUS_PV_2024+REGIONAL_PV_TARGETS_2030+REGIONAL_PV_YIELD+VEKA_ROOFTOP_POTENTIAL,PV_PROXY_STOCK_ONLY_V1
central,2050,Flemish Region,BE_TABULA_24,"Apartment, enclosed",post-2005,TABULA_standard_B_proxy,27505.2233564,3244134,2024,apartment,no_pv,false,0.447065771645,0,1,27505.2233564,0,0,4441.78497,9148.001371988044,56967.685,10103.664612971113,observed_2024_small_system_stock,VEKA_FLUVIUS_PV_2024+REGIONAL_PV_TARGETS_2030+REGIONAL_PV_YIELD+VEKA_ROOFTOP_POTENTIAL,PV_PROXY_STOCK_ONLY_V1
central,2050,Flemish Region,BE_TABULA_24,"Apartment, enclosed",post-2005,TABULA_standard_B_proxy,27505.2233564,3244134,2024,apartment,pv_installed,true,0.447065771645,0,0,0,0,0,4441.78497,9148.001371988044,56967.685,10103.664612971113,observed_2024_small_system_stock,VEKA_FLUVIUS_PV_2024+REGIONAL_PV_TARGETS_2030+REGIONAL_PV_YIELD+VEKA_ROOFTOP_POTENTIAL,PV_PROXY_STOCK_ONLY_V1
central,2050,Flemish Region,BE_TABULA_24,"Apartment, enclosed",post-2005,TABULA_advanced_A_proxy,11252.1368276,3244134,2050,apartment,no_pv,false,0.905414195978,0.226353548995,0.773646451005,8705.175722900069,0,0,9148.001371988044,9148.001371988044,56967.685,10103.664612971113,linear_trajectory,VEKA_FLUVIUS_PV_2024+REGIONAL_PV_TARGETS_2030+REGIONAL_PV_YIELD+VEKA_ROOFTOP_POTENTIAL,PV_PROXY_STOCK_ONLY_V1
central,2050,Flemish Region,BE_TABULA_24,"Apartment, enclosed",post-2005,TABULA_advanced_A_proxy,11252.1368276,3244134,2050,apartment,pv_installed,true,0.905414195978,0.226353548995,0.226353548995,2546.96110469993,0.672576574704,1.713026375704,9148.001371988044,9148.001371988044,56967.685,10103.664612971113,linear_trajectory,VEKA_FLUVIUS_PV_2024+REGIONAL_PV_TARGETS_2030+REGIONAL_PV_YIELD+VEKA_ROOFTOP_POTENTIAL,PV_PROXY_STOCK_ONLY_V1
central,2050,Flemish Region,BE_TABULA_25,"Apartment, exposed",post-2005,TABULA_existing,86266.382345,3244134,2024,apartment,no_pv,false,0.447065771645,0,1,86266.382345,0,0,4441.78497,9148.001371988044,56967.685,10103.664612971113,observed_2024_small_system_stock,VEKA_FLUVIUS_PV_2024+REGIONAL_PV_TARGETS_2030+REGIONAL_PV_YIELD+VEKA_ROOFTOP_POTENTIAL,PV_PROXY_STOCK_ONLY_V1
central,2050,Flemish Region,BE_TABULA_25,"Apartment, exposed",post-2005,TABULA_existing,86266.382345,3244134,2024,apartment,pv_installed,true,0.447065771645,0,0,0,0,0,4441.78497,9148.001371988044,56967.685,10103.664612971113,observed_2024_small_system_stock,VEKA_FLUVIUS_PV_2024+REGIONAL_PV_TARGETS_2030+REGIONAL_PV_YIELD+VEKA_ROOFTOP_POTENTIAL,PV_PROXY_STOCK_ONLY_V1
central,2050,Flemish Region,BE_TABULA_25,"Apartment, exposed",post-2005,TABULA_standard_B_proxy,27505.2233564,3244134,2024,apartment,no_pv,false,0.447065771645,0,1,27505.2233564,0,0,4441.78497,9148.001371988044,56967.685,10103.664612971113,observed_2024_small_system_stock,VEKA_FLUVIUS_PV_2024+REGIONAL_PV_TARGETS_2030+REGIONAL_PV_YIELD+VEKA_ROOFTOP_POTENTIAL,PV_PROXY_STOCK_ONLY_V1
central,2050,Flemish Region,BE_TABULA_25,"Apartment, exposed",post-2005,TABULA_standard_B_proxy,27505.2233564,3244134,2024,apartment,pv_installed,true,0.447065771645,0,0,0,0,0,4441.78497,9148.001371988044,56967.685,10103.664612971113,observed_2024_small_system_stock,VEKA_FLUVIUS_PV_2024+REGIONAL_PV_TARGETS_2030+REGIONAL_PV_YIELD+VEKA_ROOFTOP_POTENTIAL,PV_PROXY_STOCK_ONLY_V1
central,2050,Flemish Region,BE_TABULA_25,"Apartment, exposed",post-2005,TABULA_advanced_A_proxy,11252.1368276,3244134,2050,apartment,no_pv,false,0.905414195978,0.226353548995,0.773646451005,8705.175722900069,0,0,9148.001371988044,9148.001371988044,56967.685,10103.664612971113,linear_trajectory,VEKA_FLUVIUS_PV_2024+REGIONAL_PV_TARGETS_2030+REGIONAL_PV_YIELD+VEKA_ROOFTOP_POTENTIAL,PV_PROXY_STOCK_ONLY_V1
central,2050,Flemish Region,BE_TABULA_25,"Apartment, exposed",post-2005,TABULA_advanced_A_proxy,11252.1368276,3244134,2050,apartment,pv_installed,true,0.905414195978,0.226353548995,0.226353548995,2546.96110469993,0.672576574704,1.713026375704,9148.001371988044,9148.001371988044,56967.685,10103.664612971113,linear_trajectory,VEKA_FLUVIUS_PV_2024+REGIONAL_PV_TARGETS_2030+REGIONAL_PV_YIELD+VEKA_ROOFTOP_POTENTIAL,PV_PROXY_STOCK_ONLY_V1
central,2050,Walloon Region,BE_TABULA_01,Detached house,pre-1946,TABULA_existing,0,1727209,2024,house,no_pv,false,0.259051181054,0,0.740948818946,0,0,0,1889.08,12890.305160390515,6659.588,7370.556100226863,observed_2024_small_system_stock,CWAPE_2024+ORES_PV_2024+SPW_SMALL_PV_SHARE+WALLONIA_PV_CAPACITY_2024+REGIONAL_PV_TARGETS_2030+REGIONAL_PV_YIELD+SPW_ROOFTOP_METHOD,PV_PROXY_STOCK_ONLY_V1
central,2050,Walloon Region,BE_TABULA_01,Detached house,pre-1946,TABULA_existing,0,1727209,2024,house,pv_installed,true,0.259051181054,0,0.259051181054,0,5.271355900515,0,1889.08,12890.305160390515,6659.588,7370.556100226863,observed_2024_small_system_stock,CWAPE_2024+ORES_PV_2024+SPW_SMALL_PV_SHARE+WALLONIA_PV_CAPACITY_2024+REGIONAL_PV_TARGETS_2030+REGIONAL_PV_YIELD+SPW_ROOFTOP_METHOD,PV_PROXY_STOCK_ONLY_V1
central,2050,Walloon Region,BE_TABULA_01,Detached house,pre-1946,TABULA_standard_B_proxy,113062.9293276,1727209,2024,house,no_pv,false,0.259051181054,0,0.740948818946,83773.84395186238,0,0,1889.08,12890.305160390515,6659.588,7370.556100226863,observed_2024_small_system_stock,CWAPE_2024+ORES_PV_2024+SPW_SMALL_PV_SHARE+WALLONIA_PV_CAPACITY_2024+REGIONAL_PV_TARGETS_2030+REGIONAL_PV_YIELD+SPW_ROOFTOP_METHOD,PV_PROXY_STOCK_ONLY_V1
central,2050,Walloon Region,BE_TABULA_01,Detached house,pre-1946,TABULA_standard_B_proxy,113062.9293276,1727209,2024,house,pv_installed,true,0.259051181054,0,0.259051181054,29289.085375737617,5.271355900515,154.393193016094,1889.08,12890.305160390515,6659.588,7370.556100226863,observed_2024_small_system_stock,CWAPE_2024+ORES_PV_2024+SPW_SMALL_PV_SHARE+WALLONIA_PV_CAPACITY_2024+REGIONAL_PV_TARGETS_2030+REGIONAL_PV_YIELD+SPW_ROOFTOP_METHOD,PV_PROXY_STOCK_ONLY_V1
central,2050,Walloon Region,BE_TABULA_01,Detached house,pre-1946,TABULA_advanced_A_proxy,23509.560083529985,1727209,2050,house,no_pv,false,0.903539422188,0.225884855547,0.096460577812,2267.745749773499,0,0,6659.588,12890.305160390515,6659.588,7370.556100226863,official_rooftop_potential,CWAPE_2024+ORES_PV_2024+SPW_SMALL_PV_SHARE+WALLONIA_PV_CAPACITY_2024+REGIONAL_PV_TARGETS_2030+REGIONAL_PV_YIELD+SPW_ROOFTOP_METHOD,PV_PROXY_STOCK_ONLY_V1
central,2050,Walloon Region,BE_TABULA_01,Detached house,pre-1946,TABULA_advanced_A_proxy,23509.560083529985,1727209,2050,house,pv_installed,true,0.903539422188,0.225884855547,0.903539422188,21241.814333756487,5.271355900515,111.9731633259,6659.588,12890.305160390515,6659.588,7370.556100226863,official_rooftop_potential,CWAPE_2024+ORES_PV_2024+SPW_SMALL_PV_SHARE+WALLONIA_PV_CAPACITY_2024+REGIONAL_PV_TARGETS_2030+REGIONAL_PV_YIELD+SPW_ROOFTOP_METHOD,PV_PROXY_STOCK_ONLY_V1
central,2050,Walloon Region,BE_TABULA_02,Semi-detached house,pre-1946,TABULA_existing,0,1727209,2024,house,no_pv,false,0.259051181054,0,0.740948818946,0,0,0,1889.08,12890.305160390515,6659.588,7370.556100226863,observed_2024_small_system_stock,CWAPE_2024+ORES_PV_2024+SPW_SMALL_PV_SHARE+WALLONIA_PV_CAPACITY_2024+REGIONAL_PV_TARGETS_2030+REGIONAL_PV_YIELD+SPW_ROOFTOP_METHOD,PV_PROXY_STOCK_ONLY_V1
central,2050,Walloon Region,BE_TABULA_02,Semi-detached house,pre-1946,TABULA_existing,0,1727209,2024,house,pv_installed,true,0.259051181054,0,0.259051181054,0,5.271355900515,0,1889.08,12890.305160390515,6659.588,7370.556100226863,observed_2024_small_system_stock,CWAPE_2024+ORES_PV_2024+SPW_SMALL_PV_SHARE+WALLONIA_PV_CAPACITY_2024+REGIONAL_PV_TARGETS_2030+REGIONAL_PV_YIELD+SPW_ROOFTOP_METHOD,PV_PROXY_STOCK_ONLY_V1
central,2050,Walloon Region,BE_TABULA_02,Semi-detached house,pre-1946,TABULA_standard_B_proxy,194888.92931029995,1727209,2024,house,no_pv,false,0.259051181054,0,0.740948818946,144402.72199812083,0,0,1889.08,12890.305160390515,6659.588,7370.556100226863,observed_2024_small_system_stock,CWAPE_2024+ORES_PV_2024+SPW_SMALL_PV_SHARE+WALLONIA_PV_CAPACITY_2024+REGIONAL_PV_TARGETS_2030+REGIONAL_PV_YIELD+SPW_ROOFTOP_METHOD,PV_PROXY_STOCK_ONLY_V1
central,2050,Walloon Region,BE_TABULA_02,Semi-detached house,pre-1946,TABULA_standard_B_proxy,194888.92931029995,1727209,2024,house,pv_installed,true,0.259051181054,0,0.259051181054,50486.2073121791,5.271355900515,266.130766809699,1889.08,12890.305160390515,6659.588,7370.556100226863,observed_2024_small_system_stock,CWAPE_2024+ORES_PV_2024+SPW_SMALL_PV_SHARE+WALLONIA_PV_CAPACITY_2024+REGIONAL_PV_TARGETS_2030+REGIONAL_PV_YIELD+SPW_ROOFTOP_METHOD,PV_PROXY_STOCK_ONLY_V1
central,2050,Walloon Region,BE_TABULA_02,Semi-detached house,pre-1946,TABULA_advanced_A_proxy,36631.5420564,1727209,2050,house,no_pv,false,0.903539422188,0.225884855547,0.096460577812,3533.499712920919,0,0,6659.588,12890.305160390515,6659.588,7370.556100226863,official_rooftop_potential,CWAPE_2024+ORES_PV_2024+SPW_SMALL_PV_SHARE+WALLONIA_PV_CAPACITY_2024+REGIONAL_PV_TARGETS_2030+REGIONAL_PV_YIELD+SPW_ROOFTOP_METHOD,PV_PROXY_STOCK_ONLY_V1
central,2050,Walloon Region,BE_TABULA_02,Semi-detached house,pre-1946,TABULA_advanced_A_proxy,36631.5420564,1727209,2050,house,pv_installed,true,0.903539422188,0.225884855547,0.903539422188,33098.04234347909,5.271355900515,174.471560802807,6659.588,12890.305160390515,6659.588,7370.556100226863,official_rooftop_potential,CWAPE_2024+ORES_PV_2024+SPW_SMALL_PV_SHARE+WALLONIA_PV_CAPACITY_2024+REGIONAL_PV_TARGETS_2030+REGIONAL_PV_YIELD+SPW_ROOFTOP_METHOD,PV_PROXY_STOCK_ONLY_V1
central,2050,Walloon Region,BE_TABULA_03,Terraced house,pre-1946,TABULA_existing,128138.42018509985,1727209,2024,house,no_pv,false,0.259051181054,0,0.740948818946,94944.0110977584,0,0,1889.08,12890.305160390515,6659.588,7370.556100226863,observed_2024_small_system_stock,CWAPE_2024+ORES_PV_2024+SPW_SMALL_PV_SHARE+WALLONIA_PV_CAPACITY_2024+REGIONAL_PV_TARGETS_2030+REGIONAL_PV_YIELD+SPW_ROOFTOP_METHOD,PV_PROXY_STOCK_ONLY_V1
central,2050,Walloon Region,BE_TABULA_03,Terraced house,pre-1946,TABULA_existing,128138.42018509985,1727209,2024,house,pv_installed,true,0.259051181054,0,0.259051181054,33194.40908734145,5.271355900515,174.979544206679,1889.08,12890.305160390515,6659.588,7370.556100226863,observed_2024_small_system_stock,CWAPE_2024+ORES_PV_2024+SPW_SMALL_PV_SHARE+WALLONIA_PV_CAPACITY_2024+REGIONAL_PV_TARGETS_2030+REGIONAL_PV_YIELD+SPW_ROOFTOP_METHOD,PV_PROXY_STOCK_ONLY_V1
central,2050,Walloon Region,BE_TABULA_03,Terraced house,pre-1946,TABULA_standard_B_proxy,182513.43522540003,1727209,2024,house,no_pv,false,0.259051181054,0,0.740948818946,135233.1142720408,0,0,1889.08,12890.305160390515,6659.588,7370.556100226863,observed_2024_small_system_stock,CWAPE_2024+ORES_PV_2024+SPW_SMALL_PV_SHARE+WALLONIA_PV_CAPACITY_2024+REGIONAL_PV_TARGETS_2030+REGIONAL_PV_YIELD+SPW_ROOFTOP_METHOD,PV_PROXY_STOCK_ONLY_V1
central,2050,Walloon Region,BE_TABULA_03,Terraced house,pre-1946,TABULA_standard_B_proxy,182513.43522540003,1727209,2024,house,pv_installed,true,0.259051181054,0,0.259051181054,47280.320953359216,5.271355900515,249.231398835752,1889.08,12890.305160390515,6659.588,7370.556100226863,observed_2024_small_system_stock,CWAPE_2024+ORES_PV_2024+SPW_SMALL_PV_SHARE+WALLONIA_PV_CAPACITY_2024+REGIONAL_PV_TARGETS_2030+REGIONAL_PV_YIELD+SPW_ROOFTOP_METHOD,PV_PROXY_STOCK_ONLY_V1
central,2050,Walloon Region,BE_TABULA_03,Terraced house,pre-1946,TABULA_advanced_A_proxy,29601.59209294009,1727209,2050,house,no_pv,false,0.903539422188,0.225884855547,0.096460577812,2855.386677453058,0,0,6659.588,12890.305160390515,6659.588,7370.556100226863,official_rooftop_potential,CWAPE_2024+ORES_PV_2024+SPW_SMALL_PV_SHARE+WALLONIA_PV_CAPACITY_2024+REGIONAL_PV_TARGETS_2030+REGIONAL_PV_YIELD+SPW_ROOFTOP_METHOD,PV_PROXY_STOCK_ONLY_V1
central,2050,Walloon Region,BE_TABULA_03,Terraced house,pre-1946,TABULA_advanced_A_proxy,29601.59209294009,1727209,2050,house,pv_installed,true,0.903539422188,0.225884855547,0.903539422188,26746.20541548703,5.271355900515,140.988767733324,6659.588,12890.305160390515,6659.588,7370.556100226863,official_rooftop_potential,CWAPE_2024+ORES_PV_2024+SPW_SMALL_PV_SHARE+WALLONIA_PV_CAPACITY_2024+REGIONAL_PV_TARGETS_2030+REGIONAL_PV_YIELD+SPW_ROOFTOP_METHOD,PV_PROXY_STOCK_ONLY_V1
central,2050,Walloon Region,BE_TABULA_04,"Apartment, enclosed",pre-1946,TABULA_existing,64465.5608716,1727209,2024,apartment,no_pv,false,0.259051181054,0,1,64465.5608716,0,0,1889.08,12890.305160390515,6659.588,7370.556100226863,observed_2024_small_system_stock,CWAPE_2024+ORES_PV_2024+SPW_SMALL_PV_SHARE+WALLONIA_PV_CAPACITY_2024+REGIONAL_PV_TARGETS_2030+REGIONAL_PV_YIELD+SPW_ROOFTOP_METHOD,PV_PROXY_STOCK_ONLY_V1
central,2050,Walloon Region,BE_TABULA_04,"Apartment, enclosed",pre-1946,TABULA_existing,64465.5608716,1727209,2024,apartment,pv_installed,true,0.259051181054,0,0,0,0,0,1889.08,12890.305160390515,6659.588,7370.556100226863,observed_2024_small_system_stock,CWAPE_2024+ORES_PV_2024+SPW_SMALL_PV_SHARE+WALLONIA_PV_CAPACITY_2024+REGIONAL_PV_TARGETS_2030+REGIONAL_PV_YIELD+SPW_ROOFTOP_METHOD,PV_PROXY_STOCK_ONLY_V1
central,2050,Walloon Region,BE_TABULA_04,"Apartment, enclosed",pre-1946,TABULA_standard_B_proxy,8076.55090646,1727209,2024,apartment,no_pv,false,0.259051181054,0,1,8076.55090646,0,0,1889.08,12890.305160390515,6659.588,7370.556100226863,observed_2024_small_system_stock,CWAPE_2024+ORES_PV_2024+SPW_SMALL_PV_SHARE+WALLONIA_PV_CAPACITY_2024+REGIONAL_PV_TARGETS_2030+REGIONAL_PV_YIELD+SPW_ROOFTOP_METHOD,PV_PROXY_STOCK_ONLY_V1
central,2050,Walloon Region,BE_TABULA_04,"Apartment, enclosed",pre-1946,TABULA_standard_B_proxy,8076.55090646,1727209,2024,apartment,pv_installed,true,0.259051181054,0,0,0,0,0,1889.08,12890.305160390515,6659.588,7370.556100226863,observed_2024_small_system_stock,CWAPE_2024+ORES_PV_2024+SPW_SMALL_PV_SHARE+WALLONIA_PV_CAPACITY_2024+REGIONAL_PV_TARGETS_2030+REGIONAL_PV_YIELD+SPW_ROOFTOP_METHOD,PV_PROXY_STOCK_ONLY_V1
central,2050,Walloon Region,BE_TABULA_04,"Apartment, enclosed",pre-1946,TABULA_advanced_A_proxy,881.078280705,1727209,2050,apartment,no_pv,false,0.903539422188,0.225884855547,0.774115144453,682.056040542448,0,0,6659.588,12890.305160390515,6659.588,7370.556100226863,official_rooftop_potential,CWAPE_2024+ORES_PV_2024+SPW_SMALL_PV_SHARE+WALLONIA_PV_CAPACITY_2024+REGIONAL_PV_TARGETS_2030+REGIONAL_PV_YIELD+SPW_ROOFTOP_METHOD,PV_PROXY_STOCK_ONLY_V1
central,2050,Walloon Region,BE_TABULA_04,"Apartment, enclosed",pre-1946,TABULA_advanced_A_proxy,881.078280705,1727209,2050,apartment,pv_installed,true,0.903539422188,0.225884855547,0.225884855547,199.022240162552,0.910366993819,0.18118327848,6659.588,12890.305160390515,6659.588,7370.556100226863,official_rooftop_potential,CWAPE_2024+ORES_PV_2024+SPW_SMALL_PV_SHARE+WALLONIA_PV_CAPACITY_2024+REGIONAL_PV_TARGETS_2030+REGIONAL_PV_YIELD+SPW_ROOFTOP_METHOD,PV_PROXY_STOCK_ONLY_V1
central,2050,Walloon Region,BE_TABULA_05,"Apartment, exposed",pre-1946,TABULA_existing,0,1727209,2024,apartment,no_pv,false,0.259051181054,0,1,0,0,0,1889.08,12890.305160390515,6659.588,7370.556100226863,observed_2024_small_system_stock,CWAPE_2024+ORES_PV_2024+SPW_SMALL_PV_SHARE+WALLONIA_PV_CAPACITY_2024+REGIONAL_PV_TARGETS_2030+REGIONAL_PV_YIELD+SPW_ROOFTOP_METHOD,PV_PROXY_STOCK_ONLY_V1
central,2050,Walloon Region,BE_TABULA_05,"Apartment, exposed",pre-1946,TABULA_existing,0,1727209,2024,apartment,pv_installed,true,0.259051181054,0,0,0,0,0,1889.08,12890.305160390515,6659.588,7370.556100226863,observed_2024_small_system_stock,CWAPE_2024+ORES_PV_2024+SPW_SMALL_PV_SHARE+WALLONIA_PV_CAPACITY_2024+REGIONAL_PV_TARGETS_2030+REGIONAL_PV_YIELD+SPW_ROOFTOP_METHOD,PV_PROXY_STOCK_ONLY_V1
central,2050,Walloon Region,BE_TABULA_05,"Apartment, exposed",pre-1946,TABULA_standard_B_proxy,62869.74137806,1727209,2024,apartment,no_pv,false,0.259051181054,0,1,62869.74137806,0,0,1889.08,12890.305160390515,6659.588,7370.556100226863,observed_2024_small_system_stock,CWAPE_2024+ORES_PV_2024+SPW_SMALL_PV_SHARE+WALLONIA_PV_CAPACITY_2024+REGIONAL_PV_TARGETS_2030+REGIONAL_PV_YIELD+SPW_ROOFTOP_METHOD,PV_PROXY_STOCK_ONLY_V1
central,2050,Walloon Region,BE_TABULA_05,"Apartment, exposed",pre-1946,TABULA_standard_B_proxy,62869.74137806,1727209,2024,apartment,pv_installed,true,0.259051181054,0,0,0,0,0,1889.08,12890.305160390515,6659.588,7370.556100226863,observed_2024_small_system_stock,CWAPE_2024+ORES_PV_2024+SPW_SMALL_PV_SHARE+WALLONIA_PV_CAPACITY_2024+REGIONAL_PV_TARGETS_2030+REGIONAL_PV_YIELD+SPW_ROOFTOP_METHOD,PV_PROXY_STOCK_ONLY_V1
central,2050,Walloon Region,BE_TABULA_05,"Apartment, exposed",pre-1946,TABULA_advanced_A_proxy,10553.448680705002,1727209,2050,apartment,no_pv,false,0.903539422188,0.225884855547,0.774115144453,8169.584449942427,0,0,6659.588,12890.305160390515,6659.588,7370.556100226863,official_rooftop_potential,CWAPE_2024+ORES_PV_2024+SPW_SMALL_PV_SHARE+WALLONIA_PV_CAPACITY_2024+REGIONAL_PV_TARGETS_2030+REGIONAL_PV_YIELD+SPW_ROOFTOP_METHOD,PV_PROXY_STOCK_ONLY_V1
central,2050,Walloon Region,BE_TABULA_05,"Apartment, exposed",pre-1946,TABULA_advanced_A_proxy,10553.448680705002,1727209,2050,apartment,pv_installed,true,0.903539422188,0.225884855547,0.225884855547,2383.864230762575,0.910366993819,2.170191313431,6659.588,12890.305160390515,6659.588,7370.556100226863,official_rooftop_potential,CWAPE_2024+ORES_PV_2024+SPW_SMALL_PV_SHARE+WALLONIA_PV_CAPACITY_2024+REGIONAL_PV_TARGETS_2030+REGIONAL_PV_YIELD+SPW_ROOFTOP_METHOD,PV_PROXY_STOCK_ONLY_V1
central,2050,Walloon Region,BE_TABULA_06,Detached house,1946-1970,TABULA_existing,0,1727209,2024,house,no_pv,false,0.259051181054,0,0.740948818946,0,0,0,1889.08,12890.305160390515,6659.588,7370.556100226863,observed_2024_small_system_stock,CWAPE_2024+ORES_PV_2024+SPW_SMALL_PV_SHARE+WALLONIA_PV_CAPACITY_2024+REGIONAL_PV_TARGETS_2030+REGIONAL_PV_YIELD+SPW_ROOFTOP_METHOD,PV_PROXY_STOCK_ONLY_V1
central,2050,Walloon Region,BE_TABULA_06,Detached house,1946-1970,TABULA_existing,0,1727209,2024,house,pv_installed,true,0.259051181054,0,0.259051181054,0,5.271355900515,0,1889.08,12890.305160390515,6659.588,7370.556100226863,observed_2024_small_system_stock,CWAPE_2024+ORES_PV_2024+SPW_SMALL_PV_SHARE+WALLONIA_PV_CAPACITY_2024+REGIONAL_PV_TARGETS_2030+REGIONAL_PV_YIELD+SPW_ROOFTOP_METHOD,PV_PROXY_STOCK_ONLY_V1
central,2050,Walloon Region,BE_TABULA_06,Detached house,1946-1970,TABULA_standard_B_proxy,74730.7367831,1727209,2024,house,no_pv,false,0.259051181054,0,0.740948818946,55371.65115840373,0,0,1889.08,12890.305160390515,6659.588,7370.556100226863,observed_2024_small_system_stock,CWAPE_2024+ORES_PV_2024+SPW_SMALL_PV_SHARE+WALLONIA_PV_CAPACITY_2024+REGIONAL_PV_TARGETS_2030+REGIONAL_PV_YIELD+SPW_ROOFTOP_METHOD,PV_PROXY_STOCK_ONLY_V1
central,2050,Walloon Region,BE_TABULA_06,Detached house,1946-1970,TABULA_standard_B_proxy,74730.7367831,1727209,2024,house,pv_installed,true,0.259051181054,0,0.259051181054,19359.08562469627,5.271355900515,102.048630236325,1889.08,12890.305160390515,6659.588,7370.556100226863,observed_2024_small_system_stock,CWAPE_2024+ORES_PV_2024+SPW_SMALL_PV_SHARE+WALLONIA_PV_CAPACITY_2024+REGIONAL_PV_TARGETS_2030+REGIONAL_PV_YIELD+SPW_ROOFTOP_METHOD,PV_PROXY_STOCK_ONLY_V1
central,2050,Walloon Region,BE_TABULA_06,Detached house,1946-1970,TABULA_advanced_A_proxy,15592.433645140001,1727209,2050,house,no_pv,false,0.903539422188,0.225884855547,0.096460577812,1504.055158912283,0,0,6659.588,12890.305160390515,6659.588,7370.556100226863,official_rooftop_potential,CWAPE_2024+ORES_PV_2024+SPW_SMALL_PV_SHARE+WALLONIA_PV_CAPACITY_2024+REGIONAL_PV_TARGETS_2030+REGIONAL_PV_YIELD+SPW_ROOFTOP_METHOD,PV_PROXY_STOCK_ONLY_V1
central,2050,Walloon Region,BE_TABULA_06,Detached house,1946-1970,TABULA_advanced_A_proxy,15592.433645140001,1727209,2050,house,pv_installed,true,0.903539422188,0.225884855547,0.903539422188,14088.378486227719,5.271355900515,74.264857062071,6659.588,12890.305160390515,6659.588,7370.556100226863,official_rooftop_potential,CWAPE_2024+ORES_PV_2024+SPW_SMALL_PV_SHARE+WALLONIA_PV_CAPACITY_2024+REGIONAL_PV_TARGETS_2030+REGIONAL_PV_YIELD+SPW_ROOFTOP_METHOD,PV_PROXY_STOCK_ONLY_V1
central,2050,Walloon Region,BE_TABULA_07,Semi-detached house,1946-1970,TABULA_existing,0,1727209,2024,house,no_pv,false,0.259051181054,0,0.740948818946,0,0,0,1889.08,12890.305160390515,6659.588,7370.556100226863,observed_2024_small_system_stock,CWAPE_2024+ORES_PV_2024+SPW_SMALL_PV_SHARE+WALLONIA_PV_CAPACITY_2024+REGIONAL_PV_TARGETS_2030+REGIONAL_PV_YIELD+SPW_ROOFTOP_METHOD,PV_PROXY_STOCK_ONLY_V1
central,2050,Walloon Region,BE_TABULA_07,Semi-detached house,1946-1970,TABULA_existing,0,1727209,2024,house,pv_installed,true,0.259051181054,0,0.259051181054,0,5.271355900515,0,1889.08,12890.305160390515,6659.588,7370.556100226863,observed_2024_small_system_stock,CWAPE_2024+ORES_PV_2024+SPW_SMALL_PV_SHARE+WALLONIA_PV_CAPACITY_2024+REGIONAL_PV_TARGETS_2030+REGIONAL_PV_YIELD+SPW_ROOFTOP_METHOD,PV_PROXY_STOCK_ONLY_V1
central,2050,Walloon Region,BE_TABULA_07,Semi-detached house,1946-1970,TABULA_standard_B_proxy,57477.64367674009,1727209,2024,house,no_pv,false,0.259051181054,0,0.740948818946,42587.992198080654,0,0,1889.08,12890.305160390515,6659.588,7370.556100226863,observed_2024_small_system_stock,CWAPE_2024+ORES_PV_2024+SPW_SMALL_PV_SHARE+WALLONIA_PV_CAPACITY_2024+REGIONAL_PV_TARGETS_2030+REGIONAL_PV_YIELD+SPW_ROOFTOP_METHOD,PV_PROXY_STOCK_ONLY_V1
central,2050,Walloon Region,BE_TABULA_07,Semi-detached house,1946-1970,TABULA_standard_B_proxy,57477.64367674009,1727209,2024,house,pv_installed,true,0.259051181054,0,0.259051181054,14889.651478659429,5.271355900515,78.488652178649,1889.08,12890.305160390515,6659.588,7370.556100226863,observed_2024_small_system_stock,CWAPE_2024+ORES_PV_2024+SPW_SMALL_PV_SHARE+WALLONIA_PV_CAPACITY_2024+REGIONAL_PV_TARGETS_2030+REGIONAL_PV_YIELD+SPW_ROOFTOP_METHOD,PV_PROXY_STOCK_ONLY_V1
central,2050,Walloon Region,BE_TABULA_07,Semi-detached house,1946-1970,TABULA_advanced_A_proxy,14029.010729980913,1727209,2050,house,no_pv,false,0.903539422188,0.225884855547,0.096460577812,1353.246481150833,0,0,6659.588,12890.305160390515,6659.588,7370.556100226863,official_rooftop_potential,CWAPE_2024+ORES_PV_2024+SPW_SMALL_PV_SHARE+WALLONIA_PV_CAPACITY_2024+REGIONAL_PV_TARGETS_2030+REGIONAL_PV_YIELD+SPW_ROOFTOP_METHOD,PV_PROXY_STOCK_ONLY_V1
central,2050,Walloon Region,BE_TABULA_07,Semi-detached house,1946-1970,TABULA_advanced_A_proxy,14029.010729980913,1727209,2050,house,pv_installed,true,0.903539422188,0.225884855547,0.903539422188,12675.76424883008,5.271355900515,66.818464666613,6659.588,12890.305160390515,6659.588,7370.556100226863,official_rooftop_potential,CWAPE_2024+ORES_PV_2024+SPW_SMALL_PV_SHARE+WALLONIA_PV_CAPACITY_2024+REGIONAL_PV_TARGETS_2030+REGIONAL_PV_YIELD+SPW_ROOFTOP_METHOD,PV_PROXY_STOCK_ONLY_V1
central,2050,Walloon Region,BE_TABULA_08,Terraced house,1946-1970,TABULA_existing,56178.9804181,1727209,2024,house,no_pv,false,0.259051181054,0,0.740948818946,41625.749190382696,0,0,1889.08,12890.305160390515,6659.588,7370.556100226863,observed_2024_small_system_stock,CWAPE_2024+ORES_PV_2024+SPW_SMALL_PV_SHARE+WALLONIA_PV_CAPACITY_2024+REGIONAL_PV_TARGETS_2030+REGIONAL_PV_YIELD+SPW_ROOFTOP_METHOD,PV_PROXY_STOCK_ONLY_V1
central,2050,Walloon Region,BE_TABULA_08,Terraced house,1946-1970,TABULA_existing,56178.9804181,1727209,2024,house,pv_installed,true,0.259051181054,0,0.259051181054,14553.231227717302,5.271355900515,76.715261303792,1889.08,12890.305160390515,6659.588,7370.556100226863,observed_2024_small_system_stock,CWAPE_2024+ORES_PV_2024+SPW_SMALL_PV_SHARE+WALLONIA_PV_CAPACITY_2024+REGIONAL_PV_TARGETS_2030+REGIONAL_PV_YIELD+SPW_ROOFTOP_METHOD,PV_PROXY_STOCK_ONLY_V1
central,2050,Walloon Region,BE_TABULA_08,Terraced house,1946-1970,TABULA_standard_B_proxy,7038.36884509,1727209,2024,house,no_pv,false,0.259051181054,0,0.740948818946,5215.071083075888,0,0,1889.08,12890.305160390515,6659.588,7370.556100226863,observed_2024_small_system_stock,CWAPE_2024+ORES_PV_2024+SPW_SMALL_PV_SHARE+WALLONIA_PV_CAPACITY_2024+REGIONAL_PV_TARGETS_2030+REGIONAL_PV_YIELD+SPW_ROOFTOP_METHOD,PV_PROXY_STOCK_ONLY_V1
central,2050,Walloon Region,BE_TABULA_08,Terraced house,1946-1970,TABULA_standard_B_proxy,7038.36884509,1727209,2024,house,pv_installed,true,0.259051181054,0,0.259051181054,1823.297762014112,5.271355900515,9.61125141619,1889.08,12890.305160390515,6659.588,7370.556100226863,observed_2024_small_system_stock,CWAPE_2024+ORES_PV_2024+SPW_SMALL_PV_SHARE+WALLONIA_PV_CAPACITY_2024+REGIONAL_PV_TARGETS_2030+REGIONAL_PV_YIELD+SPW_ROOFTOP_METHOD,PV_PROXY_STOCK_ONLY_V1
central,2050,Walloon Region,BE_TABULA_08,Terraced house,1946-1970,TABULA_advanced_A_proxy,767.822055828,1727209,2050,house,no_pv,false,0.903539422188,0.225884855547,0.096460577812,74.064559162302,0,0,6659.588,12890.305160390515,6659.588,7370.556100226863,official_rooftop_potential,CWAPE_2024+ORES_PV_2024+SPW_SMALL_PV_SHARE+WALLONIA_PV_CAPACITY_2024+REGIONAL_PV_TARGETS_2030+REGIONAL_PV_YIELD+SPW_ROOFTOP_METHOD,PV_PROXY_STOCK_ONLY_V1
central,2050,Walloon Region,BE_TABULA_08,Terraced house,1946-1970,TABULA_advanced_A_proxy,767.822055828,1727209,2050,house,pv_installed,true,0.903539422188,0.225884855547,0.903539422188,693.757496665698,5.271355900515,3.657042673576,6659.588,12890.305160390515,6659.588,7370.556100226863,official_rooftop_potential,CWAPE_2024+ORES_PV_2024+SPW_SMALL_PV_SHARE+WALLONIA_PV_CAPACITY_2024+REGIONAL_PV_TARGETS_2030+REGIONAL_PV_YIELD+SPW_ROOFTOP_METHOD,PV_PROXY_STOCK_ONLY_V1
central,2050,Walloon Region,BE_TABULA_09,"Apartment, enclosed",1946-1970,TABULA_existing,25085.9066374,1727209,2024,apartment,no_pv,false,0.259051181054,0,1,25085.9066374,0,0,1889.08,12890.305160390515,6659.588,7370.556100226863,observed_2024_small_system_stock,CWAPE_2024+ORES_PV_2024+SPW_SMALL_PV_SHARE+WALLONIA_PV_CAPACITY_2024+REGIONAL_PV_TARGETS_2030+REGIONAL_PV_YIELD+SPW_ROOFTOP_METHOD,PV_PROXY_STOCK_ONLY_V1
central,2050,Walloon Region,BE_TABULA_09,"Apartment, enclosed",1946-1970,TABULA_existing,25085.9066374,1727209,2024,apartment,pv_installed,true,0.259051181054,0,0,0,0,0,1889.08,12890.305160390515,6659.588,7370.556100226863,observed_2024_small_system_stock,CWAPE_2024+ORES_PV_2024+SPW_SMALL_PV_SHARE+WALLONIA_PV_CAPACITY_2024+REGIONAL_PV_TARGETS_2030+REGIONAL_PV_YIELD+SPW_ROOFTOP_METHOD,PV_PROXY_STOCK_ONLY_V1
central,2050,Walloon Region,BE_TABULA_09,"Apartment, enclosed",1946-1970,TABULA_standard_B_proxy,3142.88124159,1727209,2024,apartment,no_pv,false,0.259051181054,0,1,3142.88124159,0,0,1889.08,12890.305160390515,6659.588,7370.556100226863,observed_2024_small_system_stock,CWAPE_2024+ORES_PV_2024+SPW_SMALL_PV_SHARE+WALLONIA_PV_CAPACITY_2024+REGIONAL_PV_TARGETS_2030+REGIONAL_PV_YIELD+SPW_ROOFTOP_METHOD,PV_PROXY_STOCK_ONLY_V1
central,2050,Walloon Region,BE_TABULA_09,"Apartment, enclosed",1946-1970,TABULA_standard_B_proxy,3142.88124159,1727209,2024,apartment,pv_installed,true,0.259051181054,0,0,0,0,0,1889.08,12890.305160390515,6659.588,7370.556100226863,observed_2024_small_system_stock,CWAPE_2024+ORES_PV_2024+SPW_SMALL_PV_SHARE+WALLONIA_PV_CAPACITY_2024+REGIONAL_PV_TARGETS_2030+REGIONAL_PV_YIELD+SPW_ROOFTOP_METHOD,PV_PROXY_STOCK_ONLY_V1
central,2050,Walloon Region,BE_TABULA_09,"Apartment, enclosed",1946-1970,TABULA_advanced_A_proxy,342.85977181,1727209,2050,apartment,no_pv,false,0.903539422188,0.225884855547,0.774115144453,265.412941781858,0,0,6659.588,12890.305160390515,6659.588,7370.556100226863,official_rooftop_potential,CWAPE_2024+ORES_PV_2024+SPW_SMALL_PV_SHARE+WALLONIA_PV_CAPACITY_2024+REGIONAL_PV_TARGETS_2030+REGIONAL_PV_YIELD+SPW_ROOFTOP_METHOD,PV_PROXY_STOCK_ONLY_V1
central,2050,Walloon Region,BE_TABULA_09,"Apartment, enclosed",1946-1970,TABULA_advanced_A_proxy,342.85977181,1727209,2050,apartment,pv_installed,true,0.903539422188,0.225884855547,0.225884855547,77.446830028142,0.910366993819,0.070505037834,6659.588,12890.305160390515,6659.588,7370.556100226863,official_rooftop_potential,CWAPE_2024+ORES_PV_2024+SPW_SMALL_PV_SHARE+WALLONIA_PV_CAPACITY_2024+REGIONAL_PV_TARGETS_2030+REGIONAL_PV_YIELD+SPW_ROOFTOP_METHOD,PV_PROXY_STOCK_ONLY_V1
central,2050,Walloon Region,BE_TABULA_10,"Apartment, exposed",1946-1970,TABULA_existing,0,1727209,2024,apartment,no_pv,false,0.259051181054,0,1,0,0,0,1889.08,12890.305160390515,6659.588,7370.556100226863,observed_2024_small_system_stock,CWAPE_2024+ORES_PV_2024+SPW_SMALL_PV_SHARE+WALLONIA_PV_CAPACITY_2024+REGIONAL_PV_TARGETS_2030+REGIONAL_PV_YIELD+SPW_ROOFTOP_METHOD,PV_PROXY_STOCK_ONLY_V1
central,2050,Walloon Region,BE_TABULA_10,"Apartment, exposed",1946-1970,TABULA_existing,0,1727209,2024,apartment,pv_installed,true,0.259051181054,0,0,0,0,0,1889.08,12890.305160390515,6659.588,7370.556100226863,observed_2024_small_system_stock,CWAPE_2024+ORES_PV_2024+SPW_SMALL_PV_SHARE+WALLONIA_PV_CAPACITY_2024+REGIONAL_PV_TARGETS_2030+REGIONAL_PV_YIELD+SPW_ROOFTOP_METHOD,PV_PROXY_STOCK_ONLY_V1
central,2050,Walloon Region,BE_TABULA_10,"Apartment, exposed",1946-1970,TABULA_standard_B_proxy,25918.552089589983,1727209,2024,apartment,no_pv,false,0.259051181054,0,1,25918.552089589983,0,0,1889.08,12890.305160390515,6659.588,7370.556100226863,observed_2024_small_system_stock,CWAPE_2024+ORES_PV_2024+SPW_SMALL_PV_SHARE+WALLONIA_PV_CAPACITY_2024+REGIONAL_PV_TARGETS_2030+REGIONAL_PV_YIELD+SPW_ROOFTOP_METHOD,PV_PROXY_STOCK_ONLY_V1
central,2050,Walloon Region,BE_TABULA_10,"Apartment, exposed",1946-1970,TABULA_standard_B_proxy,25918.552089589983,1727209,2024,apartment,pv_installed,true,0.259051181054,0,0,0,0,0,1889.08,12890.305160390515,6659.588,7370.556100226863,observed_2024_small_system_stock,CWAPE_2024+ORES_PV_2024+SPW_SMALL_PV_SHARE+WALLONIA_PV_CAPACITY_2024+REGIONAL_PV_TARGETS_2030+REGIONAL_PV_YIELD+SPW_ROOFTOP_METHOD,PV_PROXY_STOCK_ONLY_V1
central,2050,Walloon Region,BE_TABULA_10,"Apartment, exposed",1946-1970,TABULA_advanced_A_proxy,2653.095561210017,1727209,2050,apartment,no_pv,false,0.903539422188,0.225884855547,0.774115144453,2053.801453613995,0,0,6659.588,12890.305160390515,6659.588,7370.556100226863,official_rooftop_potential,CWAPE_2024+ORES_PV_2024+SPW_SMALL_PV_SHARE+WALLONIA_PV_CAPACITY_2024+REGIONAL_PV_TARGETS_2030+REGIONAL_PV_YIELD+SPW_ROOFTOP_METHOD,PV_PROXY_STOCK_ONLY_V1
central,2050,Walloon Region,BE_TABULA_10,"Apartment, exposed",1946-1970,TABULA_advanced_A_proxy,2653.095561210017,1727209,2050,apartment,pv_installed,true,0.903539422188,0.225884855547,0.225884855547,599.294107596022,0.910366993819,0.545577575145,6659.588,12890.305160390515,6659.588,7370.556100226863,official_rooftop_potential,CWAPE_2024+ORES_PV_2024+SPW_SMALL_PV_SHARE+WALLONIA_PV_CAPACITY_2024+REGIONAL_PV_TARGETS_2030+REGIONAL_PV_YIELD+SPW_ROOFTOP_METHOD,PV_PROXY_STOCK_ONLY_V1
central,2050,Walloon Region,BE_TABULA_11,Detached house,1971-1990,TABULA_existing,120159.892941,1727209,2024,house,no_pv,false,0.259051181054,0,0.740948818946,89032.33075931398,0,0,1889.08,12890.305160390515,6659.588,7370.556100226863,observed_2024_small_system_stock,CWAPE_2024+ORES_PV_2024+SPW_SMALL_PV_SHARE+WALLONIA_PV_CAPACITY_2024+REGIONAL_PV_TARGETS_2030+REGIONAL_PV_YIELD+SPW_ROOFTOP_METHOD,PV_PROXY_STOCK_ONLY_V1
central,2050,Walloon Region,BE_TABULA_11,Detached house,1971-1990,TABULA_existing,120159.892941,1727209,2024,house,pv_installed,true,0.259051181054,0,0.259051181054,31127.56218168602,5.271355900515,164.08445857509,1889.08,12890.305160390515,6659.588,7370.556100226863,observed_2024_small_system_stock,CWAPE_2024+ORES_PV_2024+SPW_SMALL_PV_SHARE+WALLONIA_PV_CAPACITY_2024+REGIONAL_PV_TARGETS_2030+REGIONAL_PV_YIELD+SPW_ROOFTOP_METHOD,PV_PROXY_STOCK_ONLY_V1
central,2050,Walloon Region,BE_TABULA_11,Detached house,1971-1990,TABULA_standard_B_proxy,15054.2007102,1727209,2024,house,no_pv,false,0.259051181054,0,0.740948818946,11154.392236399004,0,0,1889.08,12890.305160390515,6659.588,7370.556100226863,observed_2024_small_system_stock,CWAPE_2024+ORES_PV_2024+SPW_SMALL_PV_SHARE+WALLONIA_PV_CAPACITY_2024+REGIONAL_PV_TARGETS_2030+REGIONAL_PV_YIELD+SPW_ROOFTOP_METHOD,PV_PROXY_STOCK_ONLY_V1
central,2050,Walloon Region,BE_TABULA_11,Detached house,1971-1990,TABULA_standard_B_proxy,15054.2007102,1727209,2024,house,pv_installed,true,0.259051181054,0,0.259051181054,3899.808473800997,5.271355900515,20.557278409251,1889.08,12890.305160390515,6659.588,7370.556100226863,observed_2024_small_system_stock,CWAPE_2024+ORES_PV_2024+SPW_SMALL_PV_SHARE+WALLONIA_PV_CAPACITY_2024+REGIONAL_PV_TARGETS_2030+REGIONAL_PV_YIELD+SPW_ROOFTOP_METHOD,PV_PROXY_STOCK_ONLY_V1
central,2050,Walloon Region,BE_TABULA_11,Detached house,1971-1990,TABULA_advanced_A_proxy,1642.27644111,1727209,2050,house,no_pv,false,0.903539422188,0.225884855547,0.096460577812,158.414934437223,0,0,6659.588,12890.305160390515,6659.588,7370.556100226863,official_rooftop_potential,CWAPE_2024+ORES_PV_2024+SPW_SMALL_PV_SHARE+WALLONIA_PV_CAPACITY_2024+REGIONAL_PV_TARGETS_2030+REGIONAL_PV_YIELD+SPW_ROOFTOP_METHOD,PV_PROXY_STOCK_ONLY_V1
central,2050,Walloon Region,BE_TABULA_11,Detached house,1971-1990,TABULA_advanced_A_proxy,1642.27644111,1727209,2050,house,pv_installed,true,0.903539422188,0.225884855547,0.903539422188,1483.861506672777,5.271355900515,7.821962108747,6659.588,12890.305160390515,6659.588,7370.556100226863,official_rooftop_potential,CWAPE_2024+ORES_PV_2024+SPW_SMALL_PV_SHARE+WALLONIA_PV_CAPACITY_2024+REGIONAL_PV_TARGETS_2030+REGIONAL_PV_YIELD+SPW_ROOFTOP_METHOD,PV_PROXY_STOCK_ONLY_V1
central,2050,Walloon Region,BE_TABULA_12,Semi-detached house,1971-1990,TABULA_existing,37326.7945824,1727209,2024,house,no_pv,false,0.259051181054,0,0.740948818946,27657.24436086992,0,0,1889.08,12890.305160390515,6659.588,7370.556100226863,observed_2024_small_system_stock,CWAPE_2024+ORES_PV_2024+SPW_SMALL_PV_SHARE+WALLONIA_PV_CAPACITY_2024+REGIONAL_PV_TARGETS_2030+REGIONAL_PV_YIELD+SPW_ROOFTOP_METHOD,PV_PROXY_STOCK_ONLY_V1
central,2050,Walloon Region,BE_TABULA_12,Semi-detached house,1971-1990,TABULA_existing,37326.7945824,1727209,2024,house,pv_installed,true,0.259051181054,0,0.259051181054,9669.550221530077,5.271355900515,50.971640615593,1889.08,12890.305160390515,6659.588,7370.556100226863,observed_2024_small_system_stock,CWAPE_2024+ORES_PV_2024+SPW_SMALL_PV_SHARE+WALLONIA_PV_CAPACITY_2024+REGIONAL_PV_TARGETS_2030+REGIONAL_PV_YIELD+SPW_ROOFTOP_METHOD,PV_PROXY_STOCK_ONLY_V1
central,2050,Walloon Region,BE_TABULA_12,Semi-detached house,1971-1990,TABULA_standard_B_proxy,4676.47768117,1727209,2024,house,no_pv,false,0.259051181054,0,0.740948818946,3465.030614690327,0,0,1889.08,12890.305160390515,6659.588,7370.556100226863,observed_2024_small_system_stock,CWAPE_2024+ORES_PV_2024+SPW_SMALL_PV_SHARE+WALLONIA_PV_CAPACITY_2024+REGIONAL_PV_TARGETS_2030+REGIONAL_PV_YIELD+SPW_ROOFTOP_METHOD,PV_PROXY_STOCK_ONLY_V1
central,2050,Walloon Region,BE_TABULA_12,Semi-detached house,1971-1990,TABULA_standard_B_proxy,4676.47768117,1727209,2024,house,pv_installed,true,0.259051181054,0,0.259051181054,1211.447066479673,5.271355900515,6.38596864205,1889.08,12890.305160390515,6659.588,7370.556100226863,observed_2024_small_system_stock,CWAPE_2024+ORES_PV_2024+SPW_SMALL_PV_SHARE+WALLONIA_PV_CAPACITY_2024+REGIONAL_PV_TARGETS_2030+REGIONAL_PV_YIELD+SPW_ROOFTOP_METHOD,PV_PROXY_STOCK_ONLY_V1
central,2050,Walloon Region,BE_TABULA_12,Semi-detached house,1971-1990,TABULA_advanced_A_proxy,510.161201582,1727209,2050,house,no_pv,false,0.903539422188,0.225884855547,0.096460577812,49.210444282087,0,0,6659.588,12890.305160390515,6659.588,7370.556100226863,official_rooftop_potential,CWAPE_2024+ORES_PV_2024+SPW_SMALL_PV_SHARE+WALLONIA_PV_CAPACITY_2024+REGIONAL_PV_TARGETS_2030+REGIONAL_PV_YIELD+SPW_ROOFTOP_METHOD,PV_PROXY_STOCK_ONLY_V1
central,2050,Walloon Region,BE_TABULA_12,Semi-detached house,1971-1990,TABULA_advanced_A_proxy,510.161201582,1727209,2050,house,pv_installed,true,0.903539422188,0.225884855547,0.903539422188,460.950757299913,5.271355900515,2.42983549434,6659.588,12890.305160390515,6659.588,7370.556100226863,official_rooftop_potential,CWAPE_2024+ORES_PV_2024+SPW_SMALL_PV_SHARE+WALLONIA_PV_CAPACITY_2024+REGIONAL_PV_TARGETS_2030+REGIONAL_PV_YIELD+SPW_ROOFTOP_METHOD,PV_PROXY_STOCK_ONLY_V1
central,2050,Walloon Region,BE_TABULA_13,Terraced house,1971-1990,TABULA_existing,26879.0663458,1727209,2024,house,no_pv,false,0.259051181054,0,0.740948818946,19916.012463292183,0,0,1889.08,12890.305160390515,6659.588,7370.556100226863,observed_2024_small_system_stock,CWAPE_2024+ORES_PV_2024+SPW_SMALL_PV_SHARE+WALLONIA_PV_CAPACITY_2024+REGIONAL_PV_TARGETS_2030+REGIONAL_PV_YIELD+SPW_ROOFTOP_METHOD,PV_PROXY_STOCK_ONLY_V1
central,2050,Walloon Region,BE_TABULA_13,Terraced house,1971-1990,TABULA_existing,26879.0663458,1727209,2024,house,pv_installed,true,0.259051181054,0,0.259051181054,6963.053882507816,5.271355900515,36.704735169164,1889.08,12890.305160390515,6659.588,7370.556100226863,observed_2024_small_system_stock,CWAPE_2024+ORES_PV_2024+SPW_SMALL_PV_SHARE+WALLONIA_PV_CAPACITY_2024+REGIONAL_PV_TARGETS_2030+REGIONAL_PV_YIELD+SPW_ROOFTOP_METHOD,PV_PROXY_STOCK_ONLY_V1
central,2050,Walloon Region,BE_TABULA_13,Terraced house,1971-1990,TABULA_standard_B_proxy,3367.53678592,1727209,2024,house,no_pv,false,0.259051181054,0,0.740948818946,2495.172404284695,0,0,1889.08,12890.305160390515,6659.588,7370.556100226863,observed_2024_small_system_stock,CWAPE_2024+ORES_PV_2024+SPW_SMALL_PV_SHARE+WALLONIA_PV_CAPACITY_2024+REGIONAL_PV_TARGETS_2030+REGIONAL_PV_YIELD+SPW_ROOFTOP_METHOD,PV_PROXY_STOCK_ONLY_V1
central,2050,Walloon Region,BE_TABULA_13,Terraced house,1971-1990,TABULA_standard_B_proxy,3367.53678592,1727209,2024,house,pv_installed,true,0.259051181054,0,0.259051181054,872.364381635305,5.271355900515,4.598543130533,1889.08,12890.305160390515,6659.588,7370.556100226863,observed_2024_small_system_stock,CWAPE_2024+ORES_PV_2024+SPW_SMALL_PV_SHARE+WALLONIA_PV_CAPACITY_2024+REGIONAL_PV_TARGETS_2030+REGIONAL_PV_YIELD+SPW_ROOFTOP_METHOD,PV_PROXY_STOCK_ONLY_V1
central,2050,Walloon Region,BE_TABULA_13,Terraced house,1971-1990,TABULA_advanced_A_proxy,367.367649373,1727209,2050,house,no_pv,false,0.903539422188,0.225884855547,0.096460577812,35.436495728116,0,0,6659.588,12890.305160390515,6659.588,7370.556100226863,official_rooftop_potential,CWAPE_2024+ORES_PV_2024+SPW_SMALL_PV_SHARE+WALLONIA_PV_CAPACITY_2024+REGIONAL_PV_TARGETS_2030+REGIONAL_PV_YIELD+SPW_ROOFTOP_METHOD,PV_PROXY_STOCK_ONLY_V1
central,2050,Walloon Region,BE_TABULA_13,Terraced house,1971-1990,TABULA_advanced_A_proxy,367.367649373,1727209,2050,house,pv_installed,true,0.903539422188,0.225884855547,0.903539422188,331.931153644884,5.271355900515,1.749727245331,6659.588,12890.305160390515,6659.588,7370.556100226863,official_rooftop_potential,CWAPE_2024+ORES_PV_2024+SPW_SMALL_PV_SHARE+WALLONIA_PV_CAPACITY_2024+REGIONAL_PV_TARGETS_2030+REGIONAL_PV_YIELD+SPW_ROOFTOP_METHOD,PV_PROXY_STOCK_ONLY_V1
central,2050,Walloon Region,BE_TABULA_14,"Apartment, enclosed",1971-1990,TABULA_existing,23986.7422522,1727209,2024,apartment,no_pv,false,0.259051181054,0,1,23986.7422522,0,0,1889.08,12890.305160390515,6659.588,7370.556100226863,observed_2024_small_system_stock,CWAPE_2024+ORES_PV_2024+SPW_SMALL_PV_SHARE+WALLONIA_PV_CAPACITY_2024+REGIONAL_PV_TARGETS_2030+REGIONAL_PV_YIELD+SPW_ROOFTOP_METHOD,PV_PROXY_STOCK_ONLY_V1
central,2050,Walloon Region,BE_TABULA_14,"Apartment, enclosed",1971-1990,TABULA_existing,23986.7422522,1727209,2024,apartment,pv_installed,true,0.259051181054,0,0,0,0,0,1889.08,12890.305160390515,6659.588,7370.556100226863,observed_2024_small_system_stock,CWAPE_2024+ORES_PV_2024+SPW_SMALL_PV_SHARE+WALLONIA_PV_CAPACITY_2024+REGIONAL_PV_TARGETS_2030+REGIONAL_PV_YIELD+SPW_ROOFTOP_METHOD,PV_PROXY_STOCK_ONLY_V1
central,2050,Walloon Region,BE_TABULA_14,"Apartment, enclosed",1971-1990,TABULA_standard_B_proxy,3005.17271952,1727209,2024,apartment,no_pv,false,0.259051181054,0,1,3005.17271952,0,0,1889.08,12890.305160390515,6659.588,7370.556100226863,observed_2024_small_system_stock,CWAPE_2024+ORES_PV_2024+SPW_SMALL_PV_SHARE+WALLONIA_PV_CAPACITY_2024+REGIONAL_PV_TARGETS_2030+REGIONAL_PV_YIELD+SPW_ROOFTOP_METHOD,PV_PROXY_STOCK_ONLY_V1
central,2050,Walloon Region,BE_TABULA_14,"Apartment, enclosed",1971-1990,TABULA_standard_B_proxy,3005.17271952,1727209,2024,apartment,pv_installed,true,0.259051181054,0,0,0,0,0,1889.08,12890.305160390515,6659.588,7370.556100226863,observed_2024_small_system_stock,CWAPE_2024+ORES_PV_2024+SPW_SMALL_PV_SHARE+WALLONIA_PV_CAPACITY_2024+REGIONAL_PV_TARGETS_2030+REGIONAL_PV_YIELD+SPW_ROOFTOP_METHOD,PV_PROXY_STOCK_ONLY_V1
central,2050,Walloon Region,BE_TABULA_14,"Apartment, enclosed",1971-1990,TABULA_advanced_A_proxy,327.837023948,1727209,2050,apartment,no_pv,false,0.903539422188,0.225884855547,0.774115144453,253.783605150583,0,0,6659.588,12890.305160390515,6659.588,7370.556100226863,official_rooftop_potential,CWAPE_2024+ORES_PV_2024+SPW_SMALL_PV_SHARE+WALLONIA_PV_CAPACITY_2024+REGIONAL_PV_TARGETS_2030+REGIONAL_PV_YIELD+SPW_ROOFTOP_METHOD,PV_PROXY_STOCK_ONLY_V1
central,2050,Walloon Region,BE_TABULA_14,"Apartment, enclosed",1971-1990,TABULA_advanced_A_proxy,327.837023948,1727209,2050,apartment,pv_installed,true,0.903539422188,0.225884855547,0.225884855547,74.053418797417,0.910366993819,0.067415788253,6659.588,12890.305160390515,6659.588,7370.556100226863,official_rooftop_potential,CWAPE_2024+ORES_PV_2024+SPW_SMALL_PV_SHARE+WALLONIA_PV_CAPACITY_2024+REGIONAL_PV_TARGETS_2030+REGIONAL_PV_YIELD+SPW_ROOFTOP_METHOD,PV_PROXY_STOCK_ONLY_V1
central,2050,Walloon Region,BE_TABULA_15,"Apartment, exposed",1971-1990,TABULA_existing,23986.7422522,1727209,2024,apartment,no_pv,false,0.259051181054,0,1,23986.7422522,0,0,1889.08,12890.305160390515,6659.588,7370.556100226863,observed_2024_small_system_stock,CWAPE_2024+ORES_PV_2024+SPW_SMALL_PV_SHARE+WALLONIA_PV_CAPACITY_2024+REGIONAL_PV_TARGETS_2030+REGIONAL_PV_YIELD+SPW_ROOFTOP_METHOD,PV_PROXY_STOCK_ONLY_V1
central,2050,Walloon Region,BE_TABULA_15,"Apartment, exposed",1971-1990,TABULA_existing,23986.7422522,1727209,2024,apartment,pv_installed,true,0.259051181054,0,0,0,0,0,1889.08,12890.305160390515,6659.588,7370.556100226863,observed_2024_small_system_stock,CWAPE_2024+ORES_PV_2024+SPW_SMALL_PV_SHARE+WALLONIA_PV_CAPACITY_2024+REGIONAL_PV_TARGETS_2030+REGIONAL_PV_YIELD+SPW_ROOFTOP_METHOD,PV_PROXY_STOCK_ONLY_V1
central,2050,Walloon Region,BE_TABULA_15,"Apartment, exposed",1971-1990,TABULA_standard_B_proxy,3005.17271952,1727209,2024,apartment,no_pv,false,0.259051181054,0,1,3005.17271952,0,0,1889.08,12890.305160390515,6659.588,7370.556100226863,observed_2024_small_system_stock,CWAPE_2024+ORES_PV_2024+SPW_SMALL_PV_SHARE+WALLONIA_PV_CAPACITY_2024+REGIONAL_PV_TARGETS_2030+REGIONAL_PV_YIELD+SPW_ROOFTOP_METHOD,PV_PROXY_STOCK_ONLY_V1
central,2050,Walloon Region,BE_TABULA_15,"Apartment, exposed",1971-1990,TABULA_standard_B_proxy,3005.17271952,1727209,2024,apartment,pv_installed,true,0.259051181054,0,0,0,0,0,1889.08,12890.305160390515,6659.588,7370.556100226863,observed_2024_small_system_stock,CWAPE_2024+ORES_PV_2024+SPW_SMALL_PV_SHARE+WALLONIA_PV_CAPACITY_2024+REGIONAL_PV_TARGETS_2030+REGIONAL_PV_YIELD+SPW_ROOFTOP_METHOD,PV_PROXY_STOCK_ONLY_V1
central,2050,Walloon Region,BE_TABULA_15,"Apartment, exposed",1971-1990,TABULA_advanced_A_proxy,327.837023948,1727209,2050,apartment,no_pv,false,0.903539422188,0.225884855547,0.774115144453,253.783605150583,0,0,6659.588,12890.305160390515,6659.588,7370.556100226863,official_rooftop_potential,CWAPE_2024+ORES_PV_2024+SPW_SMALL_PV_SHARE+WALLONIA_PV_CAPACITY_2024+REGIONAL_PV_TARGETS_2030+REGIONAL_PV_YIELD+SPW_ROOFTOP_METHOD,PV_PROXY_STOCK_ONLY_V1
central,2050,Walloon Region,BE_TABULA_15,"Apartment, exposed",1971-1990,TABULA_advanced_A_proxy,327.837023948,1727209,2050,apartment,pv_installed,true,0.903539422188,0.225884855547,0.225884855547,74.053418797417,0.910366993819,0.067415788253,6659.588,12890.305160390515,6659.588,7370.556100226863,official_rooftop_potential,CWAPE_2024+ORES_PV_2024+SPW_SMALL_PV_SHARE+WALLONIA_PV_CAPACITY_2024+REGIONAL_PV_TARGETS_2030+REGIONAL_PV_YIELD+SPW_ROOFTOP_METHOD,PV_PROXY_STOCK_ONLY_V1
central,2050,Walloon Region,BE_TABULA_16,Detached house,1991-2005,TABULA_existing,82795.7099747,1727209,2024,house,no_pv,false,0.259051181054,0,0.740948818946,61347.38351955105,0,0,1889.08,12890.305160390515,6659.588,7370.556100226863,observed_2024_small_system_stock,CWAPE_2024+ORES_PV_2024+SPW_SMALL_PV_SHARE+WALLONIA_PV_CAPACITY_2024+REGIONAL_PV_TARGETS_2030+REGIONAL_PV_YIELD+SPW_ROOFTOP_METHOD,PV_PROXY_STOCK_ONLY_V1
central,2050,Walloon Region,BE_TABULA_16,Detached house,1991-2005,TABULA_existing,82795.7099747,1727209,2024,house,pv_installed,true,0.259051181054,0,0.259051181054,21448.32645514895,5.271355900515,113.06176221553,1889.08,12890.305160390515,6659.588,7370.556100226863,observed_2024_small_system_stock,CWAPE_2024+ORES_PV_2024+SPW_SMALL_PV_SHARE+WALLONIA_PV_CAPACITY_2024+REGIONAL_PV_TARGETS_2030+REGIONAL_PV_YIELD+SPW_ROOFTOP_METHOD,PV_PROXY_STOCK_ONLY_V1
central,2050,Walloon Region,BE_TABULA_16,Detached house,1991-2005,TABULA_standard_B_proxy,10373.0388351,1727209,2024,house,no_pv,false,0.259051181054,0,0.740948818946,7685.890873748529,0,0,1889.08,12890.305160390515,6659.588,7370.556100226863,observed_2024_small_system_stock,CWAPE_2024+ORES_PV_2024+SPW_SMALL_PV_SHARE+WALLONIA_PV_CAPACITY_2024+REGIONAL_PV_TARGETS_2030+REGIONAL_PV_YIELD+SPW_ROOFTOP_METHOD,PV_PROXY_STOCK_ONLY_V1
central,2050,Walloon Region,BE_TABULA_16,Detached house,1991-2005,TABULA_standard_B_proxy,10373.0388351,1727209,2024,house,pv_installed,true,0.259051181054,0,0.259051181054,2687.147961351471,5.271355900515,14.164913261628,1889.08,12890.305160390515,6659.588,7370.556100226863,observed_2024_small_system_stock,CWAPE_2024+ORES_PV_2024+SPW_SMALL_PV_SHARE+WALLONIA_PV_CAPACITY_2024+REGIONAL_PV_TARGETS_2030+REGIONAL_PV_YIELD+SPW_ROOFTOP_METHOD,PV_PROXY_STOCK_ONLY_V1
central,2050,Walloon Region,BE_TABULA_16,Detached house,1991-2005,TABULA_advanced_A_proxy,1131.60423656,1727209,2050,house,no_pv,false,0.903539422188,0.225884855547,0.096460577812,109.155198513579,0,0,6659.588,12890.305160390515,6659.588,7370.556100226863,official_rooftop_potential,CWAPE_2024+ORES_PV_2024+SPW_SMALL_PV_SHARE+WALLONIA_PV_CAPACITY_2024+REGIONAL_PV_TARGETS_2030+REGIONAL_PV_YIELD+SPW_ROOFTOP_METHOD,PV_PROXY_STOCK_ONLY_V1
central,2050,Walloon Region,BE_TABULA_16,Detached house,1991-2005,TABULA_advanced_A_proxy,1131.60423656,1727209,2050,house,pv_installed,true,0.903539422188,0.225884855547,0.903539422188,1022.449038046421,5.271355900515,5.389692769682,6659.588,12890.305160390515,6659.588,7370.556100226863,official_rooftop_potential,CWAPE_2024+ORES_PV_2024+SPW_SMALL_PV_SHARE+WALLONIA_PV_CAPACITY_2024+REGIONAL_PV_TARGETS_2030+REGIONAL_PV_YIELD+SPW_ROOFTOP_METHOD,PV_PROXY_STOCK_ONLY_V1
central,2050,Walloon Region,BE_TABULA_17,Semi-detached house,1991-2005,TABULA_existing,13421.312302,1727209,2024,house,no_pv,false,0.259051181054,0,0.740948818946,9944.50549887257,0,0,1889.08,12890.305160390515,6659.588,7370.556100226863,observed_2024_small_system_stock,CWAPE_2024+ORES_PV_2024+SPW_SMALL_PV_SHARE+WALLONIA_PV_CAPACITY_2024+REGIONAL_PV_TARGETS_2030+REGIONAL_PV_YIELD+SPW_ROOFTOP_METHOD,PV_PROXY_STOCK_ONLY_V1
central,2050,Walloon Region,BE_TABULA_17,Semi-detached house,1991-2005,TABULA_existing,13421.312302,1727209,2024,house,pv_installed,true,0.259051181054,0,0.259051181054,3476.806803127431,5.271355900515,18.327486056618,1889.08,12890.305160390515,6659.588,7370.556100226863,observed_2024_small_system_stock,CWAPE_2024+ORES_PV_2024+SPW_SMALL_PV_SHARE+WALLONIA_PV_CAPACITY_2024+REGIONAL_PV_TARGETS_2030+REGIONAL_PV_YIELD+SPW_ROOFTOP_METHOD,PV_PROXY_STOCK_ONLY_V1
central,2050,Walloon Region,BE_TABULA_17,Semi-detached house,1991-2005,TABULA_standard_B_proxy,1681.48559593,1727209,2024,house,no_pv,false,0.259051181054,0,0.740948818946,1245.894766379076,0,0,1889.08,12890.305160390515,6659.588,7370.556100226863,observed_2024_small_system_stock,CWAPE_2024+ORES_PV_2024+SPW_SMALL_PV_SHARE+WALLONIA_PV_CAPACITY_2024+REGIONAL_PV_TARGETS_2030+REGIONAL_PV_YIELD+SPW_ROOFTOP_METHOD,PV_PROXY_STOCK_ONLY_V1
central,2050,Walloon Region,BE_TABULA_17,Semi-detached house,1991-2005,TABULA_standard_B_proxy,1681.48559593,1727209,2024,house,pv_installed,true,0.259051181054,0,0.259051181054,435.590829550924,5.271355900515,2.296154289564,1889.08,12890.305160390515,6659.588,7370.556100226863,observed_2024_small_system_stock,CWAPE_2024+ORES_PV_2024+SPW_SMALL_PV_SHARE+WALLONIA_PV_CAPACITY_2024+REGIONAL_PV_TARGETS_2030+REGIONAL_PV_YIELD+SPW_ROOFTOP_METHOD,PV_PROXY_STOCK_ONLY_V1
central,2050,Walloon Region,BE_TABULA_17,Semi-detached house,1991-2005,TABULA_advanced_A_proxy,183.434792283,1727209,2050,house,no_pv,false,0.903539422188,0.225884855547,0.096460577812,17.694226054522,0,0,6659.588,12890.305160390515,6659.588,7370.556100226863,official_rooftop_potential,CWAPE_2024+ORES_PV_2024+SPW_SMALL_PV_SHARE+WALLONIA_PV_CAPACITY_2024+REGIONAL_PV_TARGETS_2030+REGIONAL_PV_YIELD+SPW_ROOFTOP_METHOD,PV_PROXY_STOCK_ONLY_V1
central,2050,Walloon Region,BE_TABULA_17,Semi-detached house,1991-2005,TABULA_advanced_A_proxy,183.434792283,1727209,2050,house,pv_installed,true,0.903539422188,0.225884855547,0.903539422188,165.740566228478,5.271355900515,0.873677511743,6659.588,12890.305160390515,6659.588,7370.556100226863,official_rooftop_potential,CWAPE_2024+ORES_PV_2024+SPW_SMALL_PV_SHARE+WALLONIA_PV_CAPACITY_2024+REGIONAL_PV_TARGETS_2030+REGIONAL_PV_YIELD+SPW_ROOFTOP_METHOD,PV_PROXY_STOCK_ONLY_V1
central,2050,Walloon Region,BE_TABULA_18,Terraced house,1991-2005,TABULA_existing,7378.15186271,1727209,2024,house,no_pv,false,0.259051181054,0,0.740948818946,5466.832908679341,0,0,1889.08,12890.305160390515,6659.588,7370.556100226863,observed_2024_small_system_stock,CWAPE_2024+ORES_PV_2024+SPW_SMALL_PV_SHARE+WALLONIA_PV_CAPACITY_2024+REGIONAL_PV_TARGETS_2030+REGIONAL_PV_YIELD+SPW_ROOFTOP_METHOD,PV_PROXY_STOCK_ONLY_V1
central,2050,Walloon Region,BE_TABULA_18,Terraced house,1991-2005,TABULA_existing,7378.15186271,1727209,2024,house,pv_installed,true,0.259051181054,0,0.259051181054,1911.318954030659,5.271355900515,10.075242446096,1889.08,12890.305160390515,6659.588,7370.556100226863,observed_2024_small_system_stock,CWAPE_2024+ORES_PV_2024+SPW_SMALL_PV_SHARE+WALLONIA_PV_CAPACITY_2024+REGIONAL_PV_TARGETS_2030+REGIONAL_PV_YIELD+SPW_ROOFTOP_METHOD,PV_PROXY_STOCK_ONLY_V1
central,2050,Walloon Region,BE_TABULA_18,Terraced house,1991-2005,TABULA_standard_B_proxy,924.369823347,1727209,2024,house,no_pv,false,0.259051181054,0,0.740948818946,684.910728878299,0,0,1889.08,12890.305160390515,6659.588,7370.556100226863,observed_2024_small_system_stock,CWAPE_2024+ORES_PV_2024+SPW_SMALL_PV_SHARE+WALLONIA_PV_CAPACITY_2024+REGIONAL_PV_TARGETS_2030+REGIONAL_PV_YIELD+SPW_ROOFTOP_METHOD,PV_PROXY_STOCK_ONLY_V1
central,2050,Walloon Region,BE_TABULA_18,Terraced house,1991-2005,TABULA_standard_B_proxy,924.369823347,1727209,2024,house,pv_installed,true,0.259051181054,0,0.259051181054,239.459094468701,5.271355900515,1.26227411056,1889.08,12890.305160390515,6659.588,7370.556100226863,observed_2024_small_system_stock,CWAPE_2024+ORES_PV_2024+SPW_SMALL_PV_SHARE+WALLONIA_PV_CAPACITY_2024+REGIONAL_PV_TARGETS_2030+REGIONAL_PV_YIELD+SPW_ROOFTOP_METHOD,PV_PROXY_STOCK_ONLY_V1
central,2050,Walloon Region,BE_TABULA_18,Terraced house,1991-2005,TABULA_advanced_A_proxy,100.840344365,1727209,2050,house,no_pv,false,0.903539422188,0.225884855547,0.096460577812,9.727117884253,0,0,6659.588,12890.305160390515,6659.588,7370.556100226863,official_rooftop_potential,CWAPE_2024+ORES_PV_2024+SPW_SMALL_PV_SHARE+WALLONIA_PV_CAPACITY_2024+REGIONAL_PV_TARGETS_2030+REGIONAL_PV_YIELD+SPW_ROOFTOP_METHOD,PV_PROXY_STOCK_ONLY_V1
central,2050,Walloon Region,BE_TABULA_18,Terraced house,1991-2005,TABULA_advanced_A_proxy,100.840344365,1727209,2050,house,pv_installed,true,0.903539422188,0.225884855547,0.903539422188,91.113226480747,5.271355900515,0.480290244024,6659.588,12890.305160390515,6659.588,7370.556100226863,official_rooftop_potential,CWAPE_2024+ORES_PV_2024+SPW_SMALL_PV_SHARE+WALLONIA_PV_CAPACITY_2024+REGIONAL_PV_TARGETS_2030+REGIONAL_PV_YIELD+SPW_ROOFTOP_METHOD,PV_PROXY_STOCK_ONLY_V1
central,2050,Walloon Region,BE_TABULA_19,"Apartment, enclosed",1991-2005,TABULA_existing,13622.4458581,1727209,2024,apartment,no_pv,false,0.259051181054,0,1,13622.4458581,0,0,1889.08,12890.305160390515,6659.588,7370.556100226863,observed_2024_small_system_stock,CWAPE_2024+ORES_PV_2024+SPW_SMALL_PV_SHARE+WALLONIA_PV_CAPACITY_2024+REGIONAL_PV_TARGETS_2030+REGIONAL_PV_YIELD+SPW_ROOFTOP_METHOD,PV_PROXY_STOCK_ONLY_V1
central,2050,Walloon Region,BE_TABULA_19,"Apartment, enclosed",1991-2005,TABULA_existing,13622.4458581,1727209,2024,apartment,pv_installed,true,0.259051181054,0,0,0,0,0,1889.08,12890.305160390515,6659.588,7370.556100226863,observed_2024_small_system_stock,CWAPE_2024+ORES_PV_2024+SPW_SMALL_PV_SHARE+WALLONIA_PV_CAPACITY_2024+REGIONAL_PV_TARGETS_2030+REGIONAL_PV_YIELD+SPW_ROOFTOP_METHOD,PV_PROXY_STOCK_ONLY_V1
central,2050,Walloon Region,BE_TABULA_19,"Apartment, enclosed",1991-2005,TABULA_standard_B_proxy,1706.68456081,1727209,2024,apartment,no_pv,false,0.259051181054,0,1,1706.68456081,0,0,1889.08,12890.305160390515,6659.588,7370.556100226863,observed_2024_small_system_stock,CWAPE_2024+ORES_PV_2024+SPW_SMALL_PV_SHARE+WALLONIA_PV_CAPACITY_2024+REGIONAL_PV_TARGETS_2030+REGIONAL_PV_YIELD+SPW_ROOFTOP_METHOD,PV_PROXY_STOCK_ONLY_V1
central,2050,Walloon Region,BE_TABULA_19,"Apartment, enclosed",1991-2005,TABULA_standard_B_proxy,1706.68456081,1727209,2024,apartment,pv_installed,true,0.259051181054,0,0,0,0,0,1889.08,12890.305160390515,6659.588,7370.556100226863,observed_2024_small_system_stock,CWAPE_2024+ORES_PV_2024+SPW_SMALL_PV_SHARE+WALLONIA_PV_CAPACITY_2024+REGIONAL_PV_TARGETS_2030+REGIONAL_PV_YIELD+SPW_ROOFTOP_METHOD,PV_PROXY_STOCK_ONLY_V1
central,2050,Walloon Region,BE_TABULA_19,"Apartment, enclosed",1991-2005,TABULA_advanced_A_proxy,186.18377027,1727209,2050,apartment,no_pv,false,0.903539422188,0.225884855547,0.774115144453,144.127676217386,0,0,6659.588,12890.305160390515,6659.588,7370.556100226863,official_rooftop_potential,CWAPE_2024+ORES_PV_2024+SPW_SMALL_PV_SHARE+WALLONIA_PV_CAPACITY_2024+REGIONAL_PV_TARGETS_2030+REGIONAL_PV_YIELD+SPW_ROOFTOP_METHOD,PV_PROXY_STOCK_ONLY_V1
central,2050,Walloon Region,BE_TABULA_19,"Apartment, enclosed",1991-2005,TABULA_advanced_A_proxy,186.18377027,1727209,2050,apartment,pv_installed,true,0.903539422188,0.225884855547,0.225884855547,42.056094052614,0.910366993819,0.038286479914,6659.588,12890.305160390515,6659.588,7370.556100226863,official_rooftop_potential,CWAPE_2024+ORES_PV_2024+SPW_SMALL_PV_SHARE+WALLONIA_PV_CAPACITY_2024+REGIONAL_PV_TARGETS_2030+REGIONAL_PV_YIELD+SPW_ROOFTOP_METHOD,PV_PROXY_STOCK_ONLY_V1
central,2050,Walloon Region,BE_TABULA_20,"Apartment, exposed",1991-2005,TABULA_existing,13622.4458581,1727209,2024,apartment,no_pv,false,0.259051181054,0,1,13622.4458581,0,0,1889.08,12890.305160390515,6659.588,7370.556100226863,observed_2024_small_system_stock,CWAPE_2024+ORES_PV_2024+SPW_SMALL_PV_SHARE+WALLONIA_PV_CAPACITY_2024+REGIONAL_PV_TARGETS_2030+REGIONAL_PV_YIELD+SPW_ROOFTOP_METHOD,PV_PROXY_STOCK_ONLY_V1
central,2050,Walloon Region,BE_TABULA_20,"Apartment, exposed",1991-2005,TABULA_existing,13622.4458581,1727209,2024,apartment,pv_installed,true,0.259051181054,0,0,0,0,0,1889.08,12890.305160390515,6659.588,7370.556100226863,observed_2024_small_system_stock,CWAPE_2024+ORES_PV_2024+SPW_SMALL_PV_SHARE+WALLONIA_PV_CAPACITY_2024+REGIONAL_PV_TARGETS_2030+REGIONAL_PV_YIELD+SPW_ROOFTOP_METHOD,PV_PROXY_STOCK_ONLY_V1
central,2050,Walloon Region,BE_TABULA_20,"Apartment, exposed",1991-2005,TABULA_standard_B_proxy,1706.68456081,1727209,2024,apartment,no_pv,false,0.259051181054,0,1,1706.68456081,0,0,1889.08,12890.305160390515,6659.588,7370.556100226863,observed_2024_small_system_stock,CWAPE_2024+ORES_PV_2024+SPW_SMALL_PV_SHARE+WALLONIA_PV_CAPACITY_2024+REGIONAL_PV_TARGETS_2030+REGIONAL_PV_YIELD+SPW_ROOFTOP_METHOD,PV_PROXY_STOCK_ONLY_V1
central,2050,Walloon Region,BE_TABULA_20,"Apartment, exposed",1991-2005,TABULA_standard_B_proxy,1706.68456081,1727209,2024,apartment,pv_installed,true,0.259051181054,0,0,0,0,0,1889.08,12890.305160390515,6659.588,7370.556100226863,observed_2024_small_system_stock,CWAPE_2024+ORES_PV_2024+SPW_SMALL_PV_SHARE+WALLONIA_PV_CAPACITY_2024+REGIONAL_PV_TARGETS_2030+REGIONAL_PV_YIELD+SPW_ROOFTOP_METHOD,PV_PROXY_STOCK_ONLY_V1
central,2050,Walloon Region,BE_TABULA_20,"Apartment, exposed",1991-2005,TABULA_advanced_A_proxy,186.18377027,1727209,2050,apartment,no_pv,false,0.903539422188,0.225884855547,0.774115144453,144.127676217386,0,0,6659.588,12890.305160390515,6659.588,7370.556100226863,official_rooftop_potential,CWAPE_2024+ORES_PV_2024+SPW_SMALL_PV_SHARE+WALLONIA_PV_CAPACITY_2024+REGIONAL_PV_TARGETS_2030+REGIONAL_PV_YIELD+SPW_ROOFTOP_METHOD,PV_PROXY_STOCK_ONLY_V1
central,2050,Walloon Region,BE_TABULA_20,"Apartment, exposed",1991-2005,TABULA_advanced_A_proxy,186.18377027,1727209,2050,apartment,pv_installed,true,0.903539422188,0.225884855547,0.225884855547,42.056094052614,0.910366993819,0.038286479914,6659.588,12890.305160390515,6659.588,7370.556100226863,official_rooftop_potential,CWAPE_2024+ORES_PV_2024+SPW_SMALL_PV_SHARE+WALLONIA_PV_CAPACITY_2024+REGIONAL_PV_TARGETS_2030+REGIONAL_PV_YIELD+SPW_ROOFTOP_METHOD,PV_PROXY_STOCK_ONLY_V1
central,2050,Walloon Region,BE_TABULA_21,Detached house,post-2005,TABULA_existing,64825.0377454,1727209,2024,house,no_pv,false,0.259051181054,0,0.740948818946,48032.035155585196,0,0,1889.08,12890.305160390515,6659.588,7370.556100226863,observed_2024_small_system_stock,CWAPE_2024+ORES_PV_2024+SPW_SMALL_PV_SHARE+WALLONIA_PV_CAPACITY_2024+REGIONAL_PV_TARGETS_2030+REGIONAL_PV_YIELD+SPW_ROOFTOP_METHOD,PV_PROXY_STOCK_ONLY_V1
central,2050,Walloon Region,BE_TABULA_21,Detached house,post-2005,TABULA_existing,64825.0377454,1727209,2024,house,pv_installed,true,0.259051181054,0,0.259051181054,16793.002589814798,5.271355900515,88.521893289191,1889.08,12890.305160390515,6659.588,7370.556100226863,observed_2024_small_system_stock,CWAPE_2024+ORES_PV_2024+SPW_SMALL_PV_SHARE+WALLONIA_PV_CAPACITY_2024+REGIONAL_PV_TARGETS_2030+REGIONAL_PV_YIELD+SPW_ROOFTOP_METHOD,PV_PROXY_STOCK_ONLY_V1
central,2050,Walloon Region,BE_TABULA_21,Detached house,post-2005,TABULA_standard_B_proxy,8121.58787243,1727209,2024,house,no_pv,false,0.259051181054,0,0.740948818946,6017.680942043316,0,0,1889.08,12890.305160390515,6659.588,7370.556100226863,observed_2024_small_system_stock,CWAPE_2024+ORES_PV_2024+SPW_SMALL_PV_SHARE+WALLONIA_PV_CAPACITY_2024+REGIONAL_PV_TARGETS_2030+REGIONAL_PV_YIELD+SPW_ROOFTOP_METHOD,PV_PROXY_STOCK_ONLY_V1
central,2050,Walloon Region,BE_TABULA_21,Detached house,post-2005,TABULA_standard_B_proxy,8121.58787243,1727209,2024,house,pv_installed,true,0.259051181054,0,0.259051181054,2103.906930386684,5.271355900515,11.090442211629,1889.08,12890.305160390515,6659.588,7370.556100226863,observed_2024_small_system_stock,CWAPE_2024+ORES_PV_2024+SPW_SMALL_PV_SHARE+WALLONIA_PV_CAPACITY_2024+REGIONAL_PV_TARGETS_2030+REGIONAL_PV_YIELD+SPW_ROOFTOP_METHOD,PV_PROXY_STOCK_ONLY_V1
central,2050,Walloon Region,BE_TABULA_21,Detached house,post-2005,TABULA_advanced_A_proxy,885.991404266,1727209,2050,house,no_pv,false,0.903539422188,0.225884855547,0.096460577812,85.463242792351,0,0,6659.588,12890.305160390515,6659.588,7370.556100226863,official_rooftop_potential,CWAPE_2024+ORES_PV_2024+SPW_SMALL_PV_SHARE+WALLONIA_PV_CAPACITY_2024+REGIONAL_PV_TARGETS_2030+REGIONAL_PV_YIELD+SPW_ROOFTOP_METHOD,PV_PROXY_STOCK_ONLY_V1
central,2050,Walloon Region,BE_TABULA_21,Detached house,post-2005,TABULA_advanced_A_proxy,885.991404266,1727209,2050,house,pv_installed,true,0.903539422188,0.225884855547,0.903539422188,800.528161473649,5.271355900515,4.219868847513,6659.588,12890.305160390515,6659.588,7370.556100226863,official_rooftop_potential,CWAPE_2024+ORES_PV_2024+SPW_SMALL_PV_SHARE+WALLONIA_PV_CAPACITY_2024+REGIONAL_PV_TARGETS_2030+REGIONAL_PV_YIELD+SPW_ROOFTOP_METHOD,PV_PROXY_STOCK_ONLY_V1
central,2050,Walloon Region,BE_TABULA_22,Semi-detached house,post-2005,TABULA_existing,28864.4326865,1727209,2024,house,no_pv,false,0.259051181054,0,0.740948818946,21387.06730860903,0,0,1889.08,12890.305160390515,6659.588,7370.556100226863,observed_2024_small_system_stock,CWAPE_2024+ORES_PV_2024+SPW_SMALL_PV_SHARE+WALLONIA_PV_CAPACITY_2024+REGIONAL_PV_TARGETS_2030+REGIONAL_PV_YIELD+SPW_ROOFTOP_METHOD,PV_PROXY_STOCK_ONLY_V1
central,2050,Walloon Region,BE_TABULA_22,Semi-detached house,post-2005,TABULA_existing,28864.4326865,1727209,2024,house,pv_installed,true,0.259051181054,0,0.259051181054,7477.365377890972,5.271355900515,39.415854105055,1889.08,12890.305160390515,6659.588,7370.556100226863,observed_2024_small_system_stock,CWAPE_2024+ORES_PV_2024+SPW_SMALL_PV_SHARE+WALLONIA_PV_CAPACITY_2024+REGIONAL_PV_TARGETS_2030+REGIONAL_PV_YIELD+SPW_ROOFTOP_METHOD,PV_PROXY_STOCK_ONLY_V1
central,2050,Walloon Region,BE_TABULA_22,Semi-detached house,post-2005,TABULA_standard_B_proxy,3616.27288784,1727209,2024,house,no_pv,false,0.259051181054,0,0.740948818946,2679.473125231556,0,0,1889.08,12890.305160390515,6659.588,7370.556100226863,observed_2024_small_system_stock,CWAPE_2024+ORES_PV_2024+SPW_SMALL_PV_SHARE+WALLONIA_PV_CAPACITY_2024+REGIONAL_PV_TARGETS_2030+REGIONAL_PV_YIELD+SPW_ROOFTOP_METHOD,PV_PROXY_STOCK_ONLY_V1
central,2050,Walloon Region,BE_TABULA_22,Semi-detached house,post-2005,TABULA_standard_B_proxy,3616.27288784,1727209,2024,house,pv_installed,true,0.259051181054,0,0.259051181054,936.799762608444,5.271355900515,4.938204956227,1889.08,12890.305160390515,6659.588,7370.556100226863,observed_2024_small_system_stock,CWAPE_2024+ORES_PV_2024+SPW_SMALL_PV_SHARE+WALLONIA_PV_CAPACITY_2024+REGIONAL_PV_TARGETS_2030+REGIONAL_PV_YIELD+SPW_ROOFTOP_METHOD,PV_PROXY_STOCK_ONLY_V1
central,2050,Walloon Region,BE_TABULA_22,Semi-detached house,post-2005,TABULA_advanced_A_proxy,394.502496855,1727209,2050,house,no_pv,false,0.903539422188,0.225884855547,0.096460577812,38.053938795082,0,0,6659.588,12890.305160390515,6659.588,7370.556100226863,official_rooftop_potential,CWAPE_2024+ORES_PV_2024+SPW_SMALL_PV_SHARE+WALLONIA_PV_CAPACITY_2024+REGIONAL_PV_TARGETS_2030+REGIONAL_PV_YIELD+SPW_ROOFTOP_METHOD,PV_PROXY_STOCK_ONLY_V1
central,2050,Walloon Region,BE_TABULA_22,Semi-detached house,post-2005,TABULA_advanced_A_proxy,394.502496855,1727209,2050,house,pv_installed,true,0.903539422188,0.225884855547,0.903539422188,356.448558059918,5.271355900515,1.878967209759,6659.588,12890.305160390515,6659.588,7370.556100226863,official_rooftop_potential,CWAPE_2024+ORES_PV_2024+SPW_SMALL_PV_SHARE+WALLONIA_PV_CAPACITY_2024+REGIONAL_PV_TARGETS_2030+REGIONAL_PV_YIELD+SPW_ROOFTOP_METHOD,PV_PROXY_STOCK_ONLY_V1
central,2050,Walloon Region,BE_TABULA_23,Terraced house,post-2005,TABULA_existing,12766.1624654,1727209,2024,house,no_pv,false,0.259051181054,0,0.740948818946,9459.073001211122,0,0,1889.08,12890.305160390515,6659.588,7370.556100226863,observed_2024_small_system_stock,CWAPE_2024+ORES_PV_2024+SPW_SMALL_PV_SHARE+WALLONIA_PV_CAPACITY_2024+REGIONAL_PV_TARGETS_2030+REGIONAL_PV_YIELD+SPW_ROOFTOP_METHOD,PV_PROXY_STOCK_ONLY_V1
central,2050,Walloon Region,BE_TABULA_23,Terraced house,post-2005,TABULA_existing,12766.1624654,1727209,2024,house,pv_installed,true,0.259051181054,0,0.259051181054,3307.089464188878,5.271355900515,17.432845560584,1889.08,12890.305160390515,6659.588,7370.556100226863,observed_2024_small_system_stock,CWAPE_2024+ORES_PV_2024+SPW_SMALL_PV_SHARE+WALLONIA_PV_CAPACITY_2024+REGIONAL_PV_TARGETS_2030+REGIONAL_PV_YIELD+SPW_ROOFTOP_METHOD,PV_PROXY_STOCK_ONLY_V1
central,2050,Walloon Region,BE_TABULA_23,Terraced house,post-2005,TABULA_standard_B_proxy,1599.40532027,1727209,2024,house,no_pv,false,0.259051181054,0,0.740948818946,1185.077483070035,0,0,1889.08,12890.305160390515,6659.588,7370.556100226863,observed_2024_small_system_stock,CWAPE_2024+ORES_PV_2024+SPW_SMALL_PV_SHARE+WALLONIA_PV_CAPACITY_2024+REGIONAL_PV_TARGETS_2030+REGIONAL_PV_YIELD+SPW_ROOFTOP_METHOD,PV_PROXY_STOCK_ONLY_V1
central,2050,Walloon Region,BE_TABULA_23,Terraced house,post-2005,TABULA_standard_B_proxy,1599.40532027,1727209,2024,house,pv_installed,true,0.259051181054,0,0.259051181054,414.327837199965,5.271355900515,2.184069489372,1889.08,12890.305160390515,6659.588,7370.556100226863,observed_2024_small_system_stock,CWAPE_2024+ORES_PV_2024+SPW_SMALL_PV_SHARE+WALLONIA_PV_CAPACITY_2024+REGIONAL_PV_TARGETS_2030+REGIONAL_PV_YIELD+SPW_ROOFTOP_METHOD,PV_PROXY_STOCK_ONLY_V1
central,2050,Walloon Region,BE_TABULA_23,Terraced house,post-2005,TABULA_advanced_A_proxy,174.480580393,1727209,2050,house,no_pv,false,0.903539422188,0.225884855547,0.096460577812,16.830497601758,0,0,6659.588,12890.305160390515,6659.588,7370.556100226863,official_rooftop_potential,CWAPE_2024+ORES_PV_2024+SPW_SMALL_PV_SHARE+WALLONIA_PV_CAPACITY_2024+REGIONAL_PV_TARGETS_2030+REGIONAL_PV_YIELD+SPW_ROOFTOP_METHOD,PV_PROXY_STOCK_ONLY_V1
central,2050,Walloon Region,BE_TABULA_23,Terraced house,post-2005,TABULA_advanced_A_proxy,174.480580393,1727209,2050,house,pv_installed,true,0.903539422188,0.225884855547,0.903539422188,157.650082791242,5.271355900515,0.831029694138,6659.588,12890.305160390515,6659.588,7370.556100226863,official_rooftop_potential,CWAPE_2024+ORES_PV_2024+SPW_SMALL_PV_SHARE+WALLONIA_PV_CAPACITY_2024+REGIONAL_PV_TARGETS_2030+REGIONAL_PV_YIELD+SPW_ROOFTOP_METHOD,PV_PROXY_STOCK_ONLY_V1
central,2050,Walloon Region,BE_TABULA_24,"Apartment, enclosed",post-2005,TABULA_existing,23778.9583807,1727209,2024,apartment,no_pv,false,0.259051181054,0,1,23778.9583807,0,0,1889.08,12890.305160390515,6659.588,7370.556100226863,observed_2024_small_system_stock,CWAPE_2024+ORES_PV_2024+SPW_SMALL_PV_SHARE+WALLONIA_PV_CAPACITY_2024+REGIONAL_PV_TARGETS_2030+REGIONAL_PV_YIELD+SPW_ROOFTOP_METHOD,PV_PROXY_STOCK_ONLY_V1
central,2050,Walloon Region,BE_TABULA_24,"Apartment, enclosed",post-2005,TABULA_existing,23778.9583807,1727209,2024,apartment,pv_installed,true,0.259051181054,0,0,0,0,0,1889.08,12890.305160390515,6659.588,7370.556100226863,observed_2024_small_system_stock,CWAPE_2024+ORES_PV_2024+SPW_SMALL_PV_SHARE+WALLONIA_PV_CAPACITY_2024+REGIONAL_PV_TARGETS_2030+REGIONAL_PV_YIELD+SPW_ROOFTOP_METHOD,PV_PROXY_STOCK_ONLY_V1
central,2050,Walloon Region,BE_TABULA_24,"Apartment, enclosed",post-2005,TABULA_standard_B_proxy,2979.14057162,1727209,2024,apartment,no_pv,false,0.259051181054,0,1,2979.14057162,0,0,1889.08,12890.305160390515,6659.588,7370.556100226863,observed_2024_small_system_stock,CWAPE_2024+ORES_PV_2024+SPW_SMALL_PV_SHARE+WALLONIA_PV_CAPACITY_2024+REGIONAL_PV_TARGETS_2030+REGIONAL_PV_YIELD+SPW_ROOFTOP_METHOD,PV_PROXY_STOCK_ONLY_V1
central,2050,Walloon Region,BE_TABULA_24,"Apartment, enclosed",post-2005,TABULA_standard_B_proxy,2979.14057162,1727209,2024,apartment,pv_installed,true,0.259051181054,0,0,0,0,0,1889.08,12890.305160390515,6659.588,7370.556100226863,observed_2024_small_system_stock,CWAPE_2024+ORES_PV_2024+SPW_SMALL_PV_SHARE+WALLONIA_PV_CAPACITY_2024+REGIONAL_PV_TARGETS_2030+REGIONAL_PV_YIELD+SPW_ROOFTOP_METHOD,PV_PROXY_STOCK_ONLY_V1
central,2050,Walloon Region,BE_TABULA_24,"Apartment, enclosed",post-2005,TABULA_advanced_A_proxy,324.997153267,1727209,2050,apartment,no_pv,false,0.903539422188,0.225884855547,0.774115144453,251.585218248133,0,0,6659.588,12890.305160390515,6659.588,7370.556100226863,official_rooftop_potential,CWAPE_2024+ORES_PV_2024+SPW_SMALL_PV_SHARE+WALLONIA_PV_CAPACITY_2024+REGIONAL_PV_TARGETS_2030+REGIONAL_PV_YIELD+SPW_ROOFTOP_METHOD,PV_PROXY_STOCK_ONLY_V1
central,2050,Walloon Region,BE_TABULA_24,"Apartment, enclosed",post-2005,TABULA_advanced_A_proxy,324.997153267,1727209,2050,apartment,pv_installed,true,0.903539422188,0.225884855547,0.225884855547,73.411935018867,0.910366993819,0.066831802594,6659.588,12890.305160390515,6659.588,7370.556100226863,official_rooftop_potential,CWAPE_2024+ORES_PV_2024+SPW_SMALL_PV_SHARE+WALLONIA_PV_CAPACITY_2024+REGIONAL_PV_TARGETS_2030+REGIONAL_PV_YIELD+SPW_ROOFTOP_METHOD,PV_PROXY_STOCK_ONLY_V1
central,2050,Walloon Region,BE_TABULA_25,"Apartment, exposed",post-2005,TABULA_existing,23778.9583807,1727209,2024,apartment,no_pv,false,0.259051181054,0,1,23778.9583807,0,0,1889.08,12890.305160390515,6659.588,7370.556100226863,observed_2024_small_system_stock,CWAPE_2024+ORES_PV_2024+SPW_SMALL_PV_SHARE+WALLONIA_PV_CAPACITY_2024+REGIONAL_PV_TARGETS_2030+REGIONAL_PV_YIELD+SPW_ROOFTOP_METHOD,PV_PROXY_STOCK_ONLY_V1
central,2050,Walloon Region,BE_TABULA_25,"Apartment, exposed",post-2005,TABULA_existing,23778.9583807,1727209,2024,apartment,pv_installed,true,0.259051181054,0,0,0,0,0,1889.08,12890.305160390515,6659.588,7370.556100226863,observed_2024_small_system_stock,CWAPE_2024+ORES_PV_2024+SPW_SMALL_PV_SHARE+WALLONIA_PV_CAPACITY_2024+REGIONAL_PV_TARGETS_2030+REGIONAL_PV_YIELD+SPW_ROOFTOP_METHOD,PV_PROXY_STOCK_ONLY_V1
central,2050,Walloon Region,BE_TABULA_25,"Apartment, exposed",post-2005,TABULA_standard_B_proxy,2979.14057162,1727209,2024,apartment,no_pv,false,0.259051181054,0,1,2979.14057162,0,0,1889.08,12890.305160390515,6659.588,7370.556100226863,observed_2024_small_system_stock,CWAPE_2024+ORES_PV_2024+SPW_SMALL_PV_SHARE+WALLONIA_PV_CAPACITY_2024+REGIONAL_PV_TARGETS_2030+REGIONAL_PV_YIELD+SPW_ROOFTOP_METHOD,PV_PROXY_STOCK_ONLY_V1
central,2050,Walloon Region,BE_TABULA_25,"Apartment, exposed",post-2005,TABULA_standard_B_proxy,2979.14057162,1727209,2024,apartment,pv_installed,true,0.259051181054,0,0,0,0,0,1889.08,12890.305160390515,6659.588,7370.556100226863,observed_2024_small_system_stock,CWAPE_2024+ORES_PV_2024+SPW_SMALL_PV_SHARE+WALLONIA_PV_CAPACITY_2024+REGIONAL_PV_TARGETS_2030+REGIONAL_PV_YIELD+SPW_ROOFTOP_METHOD,PV_PROXY_STOCK_ONLY_V1
central,2050,Walloon Region,BE_TABULA_25,"Apartment, exposed",post-2005,TABULA_advanced_A_proxy,324.997153267,1727209,2050,apartment,no_pv,false,0.903539422188,0.225884855547,0.774115144453,251.585218248133,0,0,6659.588,12890.305160390515,6659.588,7370.556100226863,official_rooftop_potential,CWAPE_2024+ORES_PV_2024+SPW_SMALL_PV_SHARE+WALLONIA_PV_CAPACITY_2024+REGIONAL_PV_TARGETS_2030+REGIONAL_PV_YIELD+SPW_ROOFTOP_METHOD,PV_PROXY_STOCK_ONLY_V1
central,2050,Walloon Region,BE_TABULA_25,"Apartment, exposed",post-2005,TABULA_advanced_A_proxy,324.997153267,1727209,2050,apartment,pv_installed,true,0.903539422188,0.225884855547,0.225884855547,73.411935018867,0.910366993819,0.066831802594,6659.588,12890.305160390515,6659.588,7370.556100226863,official_rooftop_potential,CWAPE_2024+ORES_PV_2024+SPW_SMALL_PV_SHARE+WALLONIA_PV_CAPACITY_2024+REGIONAL_PV_TARGETS_2030+REGIONAL_PV_YIELD+SPW_ROOFTOP_METHOD,PV_PROXY_STOCK_ONLY_V1
central,2050,Brussels-Capital Region,BE_TABULA_01,Detached house,pre-1946,TABULA_existing,0,566042,2024,house,no_pv,false,0.111511850067,0,0.888488149933,0,0,0,88.655492918859,193.622654121696,2500,837.059512188171,observed_2024_small_system_stock,BRUGEL_POWERBI_SNAPSHOT+SIBELGA_PV_2024+REGIONAL_PV_TARGETS_2030+REGIONAL_PV_YIELD+BRUSSELS_ENV_ROOFTOP,PV_PROXY_STOCK_ONLY_V1
central,2050,Brussels-Capital Region,BE_TABULA_01,Detached house,pre-1946,TABULA_existing,0,566042,2024,house,pv_installed,true,0.111511850067,0,0.111511850067,0,3.965978926316,0,88.655492918859,193.622654121696,2500,837.059512188171,observed_2024_small_system_stock,BRUGEL_POWERBI_SNAPSHOT+SIBELGA_PV_2024+REGIONAL_PV_TARGETS_2030+REGIONAL_PV_YIELD+BRUSSELS_ENV_ROOFTOP,PV_PROXY_STOCK_ONLY_V1
central,2050,Brussels-Capital Region,BE_TABULA_01,Detached house,pre-1946,TABULA_standard_B_proxy,1947.605331505,566042,2024,house,no_pv,false,0.111511850067,0,0.888488149933,1730.42425778834,0,0,88.655492918859,193.622654121696,2500,837.059512188171,observed_2024_small_system_stock,BRUGEL_POWERBI_SNAPSHOT+SIBELGA_PV_2024+REGIONAL_PV_TARGETS_2030+REGIONAL_PV_YIELD+BRUSSELS_ENV_ROOFTOP,PV_PROXY_STOCK_ONLY_V1
central,2050,Brussels-Capital Region,BE_TABULA_01,Detached house,pre-1946,TABULA_standard_B_proxy,1947.605331505,566042,2024,house,pv_installed,true,0.111511850067,0,0.111511850067,217.18107371666,3.965978926316,0.861335561555,88.655492918859,193.622654121696,2500,837.059512188171,observed_2024_small_system_stock,BRUGEL_POWERBI_SNAPSHOT+SIBELGA_PV_2024+REGIONAL_PV_TARGETS_2030+REGIONAL_PV_YIELD+BRUSSELS_ENV_ROOFTOP,PV_PROXY_STOCK_ONLY_V1
central,2050,Brussels-Capital Region,BE_TABULA_01,Detached house,pre-1946,TABULA_advanced_A_proxy,30.6631616438,566042,2050,house,no_pv,false,0.231312889111,0.057828222278,0.768687110889,23.570377134709,0,0,193.622654121696,193.622654121696,2500,837.059512188171,linear_trajectory,BRUGEL_POWERBI_SNAPSHOT+SIBELGA_PV_2024+REGIONAL_PV_TARGETS_2030+REGIONAL_PV_YIELD+BRUSSELS_ENV_ROOFTOP,PV_PROXY_STOCK_ONLY_V1
central,2050,Brussels-Capital Region,BE_TABULA_01,Detached house,pre-1946,TABULA_advanced_A_proxy,30.6631616438,566042,2050,house,pv_installed,true,0.231312889111,0.057828222278,0.231312889111,7.092784509091,3.965978926316,0.028129833892,193.622654121696,193.622654121696,2500,837.059512188171,linear_trajectory,BRUGEL_POWERBI_SNAPSHOT+SIBELGA_PV_2024+REGIONAL_PV_TARGETS_2030+REGIONAL_PV_YIELD+BRUSSELS_ENV_ROOFTOP,PV_PROXY_STOCK_ONLY_V1
central,2050,Brussels-Capital Region,BE_TABULA_02,Semi-detached house,pre-1946,TABULA_existing,0,566042,2024,house,no_pv,false,0.111511850067,0,0.888488149933,0,0,0,88.655492918859,193.622654121696,2500,837.059512188171,observed_2024_small_system_stock,BRUGEL_POWERBI_SNAPSHOT+SIBELGA_PV_2024+REGIONAL_PV_TARGETS_2030+REGIONAL_PV_YIELD+BRUSSELS_ENV_ROOFTOP,PV_PROXY_STOCK_ONLY_V1
central,2050,Brussels-Capital Region,BE_TABULA_02,Semi-detached house,pre-1946,TABULA_existing,0,566042,2024,house,pv_installed,true,0.111511850067,0,0.111511850067,0,3.965978926316,0,88.655492918859,193.622654121696,2500,837.059512188171,observed_2024_small_system_stock,BRUGEL_POWERBI_SNAPSHOT+SIBELGA_PV_2024+REGIONAL_PV_TARGETS_2030+REGIONAL_PV_YIELD+BRUSSELS_ENV_ROOFTOP,PV_PROXY_STOCK_ONLY_V1
central,2050,Brussels-Capital Region,BE_TABULA_02,Semi-detached house,pre-1946,TABULA_standard_B_proxy,6546.149179798001,566042,2024,house,no_pv,false,0.111511850067,0,0.888488149933,5816.175973943531,0,0,88.655492918859,193.622654121696,2500,837.059512188171,observed_2024_small_system_stock,BRUGEL_POWERBI_SNAPSHOT+SIBELGA_PV_2024+REGIONAL_PV_TARGETS_2030+REGIONAL_PV_YIELD+BRUSSELS_ENV_ROOFTOP,PV_PROXY_STOCK_ONLY_V1
central,2050,Brussels-Capital Region,BE_TABULA_02,Semi-detached house,pre-1946,TABULA_standard_B_proxy,6546.149179798001,566042,2024,house,pv_installed,true,0.111511850067,0,0.111511850067,729.973205854469,3.965978926316,2.895058351194,88.655492918859,193.622654121696,2500,837.059512188171,observed_2024_small_system_stock,BRUGEL_POWERBI_SNAPSHOT+SIBELGA_PV_2024+REGIONAL_PV_TARGETS_2030+REGIONAL_PV_YIELD+BRUSSELS_ENV_ROOFTOP,PV_PROXY_STOCK_ONLY_V1
central,2050,Brussels-Capital Region,BE_TABULA_02,Semi-detached house,pre-1946,TABULA_advanced_A_proxy,103.062785462,566042,2050,house,no_pv,false,0.231312889111,0.057828222278,0.768687110889,79.223034797006,0,0,193.622654121696,193.622654121696,2500,837.059512188171,linear_trajectory,BRUGEL_POWERBI_SNAPSHOT+SIBELGA_PV_2024+REGIONAL_PV_TARGETS_2030+REGIONAL_PV_YIELD+BRUSSELS_ENV_ROOFTOP,PV_PROXY_STOCK_ONLY_V1
central,2050,Brussels-Capital Region,BE_TABULA_02,Semi-detached house,pre-1946,TABULA_advanced_A_proxy,103.062785462,566042,2050,house,pv_installed,true,0.231312889111,0.057828222278,0.231312889111,23.839750664994,3.965978926316,0.094547948746,193.622654121696,193.622654121696,2500,837.059512188171,linear_trajectory,BRUGEL_POWERBI_SNAPSHOT+SIBELGA_PV_2024+REGIONAL_PV_TARGETS_2030+REGIONAL_PV_YIELD+BRUSSELS_ENV_ROOFTOP,PV_PROXY_STOCK_ONLY_V1
central,2050,Brussels-Capital Region,BE_TABULA_03,Terraced house,pre-1946,TABULA_existing,26962.512784319948,566042,2024,house,no_pv,false,0.111511850067,0,0.888488149933,23955.87310128274,0,0,88.655492918859,193.622654121696,2500,837.059512188171,observed_2024_small_system_stock,BRUGEL_POWERBI_SNAPSHOT+SIBELGA_PV_2024+REGIONAL_PV_TARGETS_2030+REGIONAL_PV_YIELD+BRUSSELS_ENV_ROOFTOP,PV_PROXY_STOCK_ONLY_V1
central,2050,Brussels-Capital Region,BE_TABULA_03,Terraced house,pre-1946,TABULA_existing,26962.512784319948,566042,2024,house,pv_installed,true,0.111511850067,0,0.111511850067,3006.63968303721,3.965978926316,11.92426962195,88.655492918859,193.622654121696,2500,837.059512188171,observed_2024_small_system_stock,BRUGEL_POWERBI_SNAPSHOT+SIBELGA_PV_2024+REGIONAL_PV_TARGETS_2030+REGIONAL_PV_YIELD+BRUSSELS_ENV_ROOFTOP,PV_PROXY_STOCK_ONLY_V1
central,2050,Brussels-Capital Region,BE_TABULA_03,Terraced house,pre-1946,TABULA_standard_B_proxy,89777.17106790004,566042,2024,house,no_pv,false,0.111511850067,0,0.888488149933,79765.95262832846,0,0,88.655492918859,193.622654121696,2500,837.059512188171,observed_2024_small_system_stock,BRUGEL_POWERBI_SNAPSHOT+SIBELGA_PV_2024+REGIONAL_PV_TARGETS_2030+REGIONAL_PV_YIELD+BRUSSELS_ENV_ROOFTOP,PV_PROXY_STOCK_ONLY_V1
central,2050,Brussels-Capital Region,BE_TABULA_03,Terraced house,pre-1946,TABULA_standard_B_proxy,89777.17106790004,566042,2024,house,pv_installed,true,0.111511850067,0,0.111511850067,10011.21843957158,3.965978926316,39.704281358083,88.655492918859,193.622654121696,2500,837.059512188171,observed_2024_small_system_stock,BRUGEL_POWERBI_SNAPSHOT+SIBELGA_PV_2024+REGIONAL_PV_TARGETS_2030+REGIONAL_PV_YIELD+BRUSSELS_ENV_ROOFTOP,PV_PROXY_STOCK_ONLY_V1
central,2050,Brussels-Capital Region,BE_TABULA_03,Terraced house,pre-1946,TABULA_advanced_A_proxy,17936.659319150003,566042,2050,house,no_pv,false,0.231312889111,0.057828222278,0.768687110889,13787.678831046129,0,0,193.622654121696,193.622654121696,2500,837.059512188171,linear_trajectory,BRUGEL_POWERBI_SNAPSHOT+SIBELGA_PV_2024+REGIONAL_PV_TARGETS_2030+REGIONAL_PV_YIELD+BRUSSELS_ENV_ROOFTOP,PV_PROXY_STOCK_ONLY_V1
central,2050,Brussels-Capital Region,BE_TABULA_03,Terraced house,pre-1946,TABULA_advanced_A_proxy,17936.659319150003,566042,2050,house,pv_installed,true,0.231312889111,0.057828222278,0.231312889111,4148.980488103874,3.965978926316,16.454769181515,193.622654121696,193.622654121696,2500,837.059512188171,linear_trajectory,BRUGEL_POWERBI_SNAPSHOT+SIBELGA_PV_2024+REGIONAL_PV_TARGETS_2030+REGIONAL_PV_YIELD+BRUSSELS_ENV_ROOFTOP,PV_PROXY_STOCK_ONLY_V1
central,2050,Brussels-Capital Region,BE_TABULA_04,"Apartment, enclosed",pre-1946,TABULA_existing,80870.5437885,566042,2024,apartment,no_pv,false,0.111511850067,0,1,80870.5437885,0,0,88.655492918859,193.622654121696,2500,837.059512188171,observed_2024_small_system_stock,BRUGEL_POWERBI_SNAPSHOT+SIBELGA_PV_2024+REGIONAL_PV_TARGETS_2030+REGIONAL_PV_YIELD+BRUSSELS_ENV_ROOFTOP,PV_PROXY_STOCK_ONLY_V1
central,2050,Brussels-Capital Region,BE_TABULA_04,"Apartment, enclosed",pre-1946,TABULA_existing,80870.5437885,566042,2024,apartment,pv_installed,true,0.111511850067,0,0,0,0,0,88.655492918859,193.622654121696,2500,837.059512188171,observed_2024_small_system_stock,BRUGEL_POWERBI_SNAPSHOT+SIBELGA_PV_2024+REGIONAL_PV_TARGETS_2030+REGIONAL_PV_YIELD+BRUSSELS_ENV_ROOFTOP,PV_PROXY_STOCK_ONLY_V1
central,2050,Brussels-Capital Region,BE_TABULA_04,"Apartment, enclosed",pre-1946,TABULA_standard_B_proxy,4895.96527083,566042,2024,apartment,no_pv,false,0.111511850067,0,1,4895.96527083,0,0,88.655492918859,193.622654121696,2500,837.059512188171,observed_2024_small_system_stock,BRUGEL_POWERBI_SNAPSHOT+SIBELGA_PV_2024+REGIONAL_PV_TARGETS_2030+REGIONAL_PV_YIELD+BRUSSELS_ENV_ROOFTOP,PV_PROXY_STOCK_ONLY_V1
central,2050,Brussels-Capital Region,BE_TABULA_04,"Apartment, enclosed",pre-1946,TABULA_standard_B_proxy,4895.96527083,566042,2024,apartment,pv_installed,true,0.111511850067,0,0,0,0,0,88.655492918859,193.622654121696,2500,837.059512188171,observed_2024_small_system_stock,BRUGEL_POWERBI_SNAPSHOT+SIBELGA_PV_2024+REGIONAL_PV_TARGETS_2030+REGIONAL_PV_YIELD+BRUSSELS_ENV_ROOFTOP,PV_PROXY_STOCK_ONLY_V1
central,2050,Brussels-Capital Region,BE_TABULA_04,"Apartment, enclosed",pre-1946,TABULA_advanced_A_proxy,1350.31070637,566042,2050,apartment,no_pv,false,0.231312889111,0.057828222278,0.942171777722,1272.224638698169,0,0,193.622654121696,193.622654121696,2500,837.059512188171,linear_trajectory,BRUGEL_POWERBI_SNAPSHOT+SIBELGA_PV_2024+REGIONAL_PV_TARGETS_2030+REGIONAL_PV_YIELD+BRUSSELS_ENV_ROOFTOP,PV_PROXY_STOCK_ONLY_V1
central,2050,Brussels-Capital Region,BE_TABULA_04,"Apartment, enclosed",pre-1946,TABULA_advanced_A_proxy,1350.31070637,566042,2050,apartment,pv_installed,true,0.231312889111,0.057828222278,0.057828222278,78.086067671831,0.459845655053,0.035907538939,193.622654121696,193.622654121696,2500,837.059512188171,linear_trajectory,BRUGEL_POWERBI_SNAPSHOT+SIBELGA_PV_2024+REGIONAL_PV_TARGETS_2030+REGIONAL_PV_YIELD+BRUSSELS_ENV_ROOFTOP,PV_PROXY_STOCK_ONLY_V1
central,2050,Brussels-Capital Region,BE_TABULA_05,"Apartment, exposed",pre-1946,TABULA_existing,0,566042,2024,apartment,no_pv,false,0.111511850067,0,1,0,0,0,88.655492918859,193.622654121696,2500,837.059512188171,observed_2024_small_system_stock,BRUGEL_POWERBI_SNAPSHOT+SIBELGA_PV_2024+REGIONAL_PV_TARGETS_2030+REGIONAL_PV_YIELD+BRUSSELS_ENV_ROOFTOP,PV_PROXY_STOCK_ONLY_V1
central,2050,Brussels-Capital Region,BE_TABULA_05,"Apartment, exposed",pre-1946,TABULA_existing,0,566042,2024,apartment,pv_installed,true,0.111511850067,0,0,0,0,0,88.655492918859,193.622654121696,2500,837.059512188171,observed_2024_small_system_stock,BRUGEL_POWERBI_SNAPSHOT+SIBELGA_PV_2024+REGIONAL_PV_TARGETS_2030+REGIONAL_PV_YIELD+BRUSSELS_ENV_ROOFTOP,PV_PROXY_STOCK_ONLY_V1
central,2050,Brussels-Capital Region,BE_TABULA_05,"Apartment, exposed",pre-1946,TABULA_standard_B_proxy,73087.16825932999,566042,2024,apartment,no_pv,false,0.111511850067,0,1,73087.16825932999,0,0,88.655492918859,193.622654121696,2500,837.059512188171,observed_2024_small_system_stock,BRUGEL_POWERBI_SNAPSHOT+SIBELGA_PV_2024+REGIONAL_PV_TARGETS_2030+REGIONAL_PV_YIELD+BRUSSELS_ENV_ROOFTOP,PV_PROXY_STOCK_ONLY_V1
central,2050,Brussels-Capital Region,BE_TABULA_05,"Apartment, exposed",pre-1946,TABULA_standard_B_proxy,73087.16825932999,566042,2024,apartment,pv_installed,true,0.111511850067,0,0,0,0,0,88.655492918859,193.622654121696,2500,837.059512188171,observed_2024_small_system_stock,BRUGEL_POWERBI_SNAPSHOT+SIBELGA_PV_2024+REGIONAL_PV_TARGETS_2030+REGIONAL_PV_YIELD+BRUSSELS_ENV_ROOFTOP,PV_PROXY_STOCK_ONLY_V1
central,2050,Brussels-Capital Region,BE_TABULA_05,"Apartment, exposed",pre-1946,TABULA_advanced_A_proxy,14029.651506370004,566042,2050,apartment,no_pv,false,0.231312889111,0.057828222278,0.942171777722,13218.341700581923,0,0,193.622654121696,193.622654121696,2500,837.059512188171,linear_trajectory,BRUGEL_POWERBI_SNAPSHOT+SIBELGA_PV_2024+REGIONAL_PV_TARGETS_2030+REGIONAL_PV_YIELD+BRUSSELS_ENV_ROOFTOP,PV_PROXY_STOCK_ONLY_V1
central,2050,Brussels-Capital Region,BE_TABULA_05,"Apartment, exposed",pre-1946,TABULA_advanced_A_proxy,14029.651506370004,566042,2050,apartment,pv_installed,true,0.231312889111,0.057828222278,0.057828222278,811.309805788081,0.459845655053,0.373077289094,193.622654121696,193.622654121696,2500,837.059512188171,linear_trajectory,BRUGEL_POWERBI_SNAPSHOT+SIBELGA_PV_2024+REGIONAL_PV_TARGETS_2030+REGIONAL_PV_YIELD+BRUSSELS_ENV_ROOFTOP,PV_PROXY_STOCK_ONLY_V1
central,2050,Brussels-Capital Region,BE_TABULA_06,Detached house,1946-1970,TABULA_existing,0,566042,2024,house,no_pv,false,0.111511850067,0,0.888488149933,0,0,0,88.655492918859,193.622654121696,2500,837.059512188171,observed_2024_small_system_stock,BRUGEL_POWERBI_SNAPSHOT+SIBELGA_PV_2024+REGIONAL_PV_TARGETS_2030+REGIONAL_PV_YIELD+BRUSSELS_ENV_ROOFTOP,PV_PROXY_STOCK_ONLY_V1
central,2050,Brussels-Capital Region,BE_TABULA_06,Detached house,1946-1970,TABULA_existing,0,566042,2024,house,pv_installed,true,0.111511850067,0,0.111511850067,0,3.965978926316,0,88.655492918859,193.622654121696,2500,837.059512188171,observed_2024_small_system_stock,BRUGEL_POWERBI_SNAPSHOT+SIBELGA_PV_2024+REGIONAL_PV_TARGETS_2030+REGIONAL_PV_YIELD+BRUSSELS_ENV_ROOFTOP,PV_PROXY_STOCK_ONLY_V1
central,2050,Brussels-Capital Region,BE_TABULA_06,Detached house,1946-1970,TABULA_standard_B_proxy,1039.797161646,566042,2024,house,no_pv,false,0.111511850067,0,0.888488149933,923.847456456341,0,0,88.655492918859,193.622654121696,2500,837.059512188171,observed_2024_small_system_stock,BRUGEL_POWERBI_SNAPSHOT+SIBELGA_PV_2024+REGIONAL_PV_TARGETS_2030+REGIONAL_PV_YIELD+BRUSSELS_ENV_ROOFTOP,PV_PROXY_STOCK_ONLY_V1
central,2050,Brussels-Capital Region,BE_TABULA_06,Detached house,1946-1970,TABULA_standard_B_proxy,1039.797161646,566042,2024,house,pv_installed,true,0.111511850067,0,0.111511850067,115.949705189659,3.965978926316,0.459854087295,88.655492918859,193.622654121696,2500,837.059512188171,observed_2024_small_system_stock,BRUGEL_POWERBI_SNAPSHOT+SIBELGA_PV_2024+REGIONAL_PV_TARGETS_2030+REGIONAL_PV_YIELD+BRUSSELS_ENV_ROOFTOP,PV_PROXY_STOCK_ONLY_V1
central,2050,Brussels-Capital Region,BE_TABULA_06,Detached house,1946-1970,TABULA_advanced_A_proxy,1626.2411945205,566042,2050,house,no_pv,false,0.231312889111,0.057828222278,0.768687110889,1250.070645425406,0,0,193.622654121696,193.622654121696,2500,837.059512188171,linear_trajectory,BRUGEL_POWERBI_SNAPSHOT+SIBELGA_PV_2024+REGIONAL_PV_TARGETS_2030+REGIONAL_PV_YIELD+BRUSSELS_ENV_ROOFTOP,PV_PROXY_STOCK_ONLY_V1
central,2050,Brussels-Capital Region,BE_TABULA_06,Detached house,1946-1970,TABULA_advanced_A_proxy,1626.2411945205,566042,2050,house,pv_installed,true,0.231312889111,0.057828222278,0.231312889111,376.170549095094,3.965978926316,1.491884470412,193.622654121696,193.622654121696,2500,837.059512188171,linear_trajectory,BRUGEL_POWERBI_SNAPSHOT+SIBELGA_PV_2024+REGIONAL_PV_TARGETS_2030+REGIONAL_PV_YIELD+BRUSSELS_ENV_ROOFTOP,PV_PROXY_STOCK_ONLY_V1
central,2050,Brussels-Capital Region,BE_TABULA_07,Semi-detached house,1946-1970,TABULA_existing,0,566042,2024,house,no_pv,false,0.111511850067,0,0.888488149933,0,0,0,88.655492918859,193.622654121696,2500,837.059512188171,observed_2024_small_system_stock,BRUGEL_POWERBI_SNAPSHOT+SIBELGA_PV_2024+REGIONAL_PV_TARGETS_2030+REGIONAL_PV_YIELD+BRUSSELS_ENV_ROOFTOP,PV_PROXY_STOCK_ONLY_V1
central,2050,Brussels-Capital Region,BE_TABULA_07,Semi-detached house,1946-1970,TABULA_existing,0,566042,2024,house,pv_installed,true,0.111511850067,0,0.111511850067,0,3.965978926316,0,88.655492918859,193.622654121696,2500,837.059512188171,observed_2024_small_system_stock,BRUGEL_POWERBI_SNAPSHOT+SIBELGA_PV_2024+REGIONAL_PV_TARGETS_2030+REGIONAL_PV_YIELD+BRUSSELS_ENV_ROOFTOP,PV_PROXY_STOCK_ONLY_V1
central,2050,Brussels-Capital Region,BE_TABULA_07,Semi-detached house,1946-1970,TABULA_standard_B_proxy,6078.441039822001,566042,2024,house,no_pv,false,0.111511850067,0,0.888488149933,5400.622833947695,0,0,88.655492918859,193.622654121696,2500,837.059512188171,observed_2024_small_system_stock,BRUGEL_POWERBI_SNAPSHOT+SIBELGA_PV_2024+REGIONAL_PV_TARGETS_2030+REGIONAL_PV_YIELD+BRUSSELS_ENV_ROOFTOP,PV_PROXY_STOCK_ONLY_V1
central,2050,Brussels-Capital Region,BE_TABULA_07,Semi-detached house,1946-1970,TABULA_standard_B_proxy,6078.441039822001,566042,2024,house,pv_installed,true,0.111511850067,0,0.111511850067,677.818205874306,3.965978926316,2.688212720371,88.655492918859,193.622654121696,2500,837.059512188171,observed_2024_small_system_stock,BRUGEL_POWERBI_SNAPSHOT+SIBELGA_PV_2024+REGIONAL_PV_TARGETS_2030+REGIONAL_PV_YIELD+BRUSSELS_ENV_ROOFTOP,PV_PROXY_STOCK_ONLY_V1
central,2050,Brussels-Capital Region,BE_TABULA_07,Semi-detached house,1946-1970,TABULA_advanced_A_proxy,1705.569767514,566042,2050,house,no_pv,false,0.231312889111,0.057828222278,0.768687110889,1311.049497010764,0,0,193.622654121696,193.622654121696,2500,837.059512188171,linear_trajectory,BRUGEL_POWERBI_SNAPSHOT+SIBELGA_PV_2024+REGIONAL_PV_TARGETS_2030+REGIONAL_PV_YIELD+BRUSSELS_ENV_ROOFTOP,PV_PROXY_STOCK_ONLY_V1
central,2050,Brussels-Capital Region,BE_TABULA_07,Semi-detached house,1946-1970,TABULA_advanced_A_proxy,1705.569767514,566042,2050,house,pv_installed,true,0.231312889111,0.057828222278,0.231312889111,394.520270503236,3.965978926316,1.56465907882,193.622654121696,193.622654121696,2500,837.059512188171,linear_trajectory,BRUGEL_POWERBI_SNAPSHOT+SIBELGA_PV_2024+REGIONAL_PV_TARGETS_2030+REGIONAL_PV_YIELD+BRUSSELS_ENV_ROOFTOP,PV_PROXY_STOCK_ONLY_V1
central,2050,Brussels-Capital Region,BE_TABULA_08,Terraced house,1946-1970,TABULA_existing,31129.3299659,566042,2024,house,no_pv,false,0.111511850067,0,0.888488149933,27658.040790053445,0,0,88.655492918859,193.622654121696,2500,837.059512188171,observed_2024_small_system_stock,BRUGEL_POWERBI_SNAPSHOT+SIBELGA_PV_2024+REGIONAL_PV_TARGETS_2030+REGIONAL_PV_YIELD+BRUSSELS_ENV_ROOFTOP,PV_PROXY_STOCK_ONLY_V1
central,2050,Brussels-Capital Region,BE_TABULA_08,Terraced house,1946-1970,TABULA_existing,31129.3299659,566042,2024,house,pv_installed,true,0.111511850067,0,0.111511850067,3471.289175846558,3.965978926316,13.767059718555,88.655492918859,193.622654121696,2500,837.059512188171,observed_2024_small_system_stock,BRUGEL_POWERBI_SNAPSHOT+SIBELGA_PV_2024+REGIONAL_PV_TARGETS_2030+REGIONAL_PV_YIELD+BRUSSELS_ENV_ROOFTOP,PV_PROXY_STOCK_ONLY_V1
central,2050,Brussels-Capital Region,BE_TABULA_08,Terraced house,1946-1970,TABULA_standard_B_proxy,1884.59371333,566042,2024,house,no_pv,false,0.111511850067,0,0.888488149933,1674.439181731756,0,0,88.655492918859,193.622654121696,2500,837.059512188171,observed_2024_small_system_stock,BRUGEL_POWERBI_SNAPSHOT+SIBELGA_PV_2024+REGIONAL_PV_TARGETS_2030+REGIONAL_PV_YIELD+BRUSSELS_ENV_ROOFTOP,PV_PROXY_STOCK_ONLY_V1
central,2050,Brussels-Capital Region,BE_TABULA_08,Terraced house,1946-1970,TABULA_standard_B_proxy,1884.59371333,566042,2024,house,pv_installed,true,0.111511850067,0,0.111511850067,210.154531598244,3.965978926316,0.833468443588,88.655492918859,193.622654121696,2500,837.059512188171,observed_2024_small_system_stock,BRUGEL_POWERBI_SNAPSHOT+SIBELGA_PV_2024+REGIONAL_PV_TARGETS_2030+REGIONAL_PV_YIELD+BRUSSELS_ENV_ROOFTOP,PV_PROXY_STOCK_ONLY_V1
central,2050,Brussels-Capital Region,BE_TABULA_08,Terraced house,1946-1970,TABULA_advanced_A_proxy,519.772287485,566042,2050,house,no_pv,false,0.231312889111,0.057828222278,0.768687110889,399.542257987256,0,0,193.622654121696,193.622654121696,2500,837.059512188171,linear_trajectory,BRUGEL_POWERBI_SNAPSHOT+SIBELGA_PV_2024+REGIONAL_PV_TARGETS_2030+REGIONAL_PV_YIELD+BRUSSELS_ENV_ROOFTOP,PV_PROXY_STOCK_ONLY_V1
central,2050,Brussels-Capital Region,BE_TABULA_08,Terraced house,1946-1970,TABULA_advanced_A_proxy,519.772287485,566042,2050,house,pv_installed,true,0.231312889111,0.057828222278,0.231312889111,120.230029497744,3.965978926316,0.476829763298,193.622654121696,193.622654121696,2500,837.059512188171,linear_trajectory,BRUGEL_POWERBI_SNAPSHOT+SIBELGA_PV_2024+REGIONAL_PV_TARGETS_2030+REGIONAL_PV_YIELD+BRUSSELS_ENV_ROOFTOP,PV_PROXY_STOCK_ONLY_V1
central,2050,Brussels-Capital Region,BE_TABULA_09,"Apartment, enclosed",1946-1970,TABULA_existing,41099.8888818,566042,2024,apartment,no_pv,false,0.111511850067,0,1,41099.8888818,0,0,88.655492918859,193.622654121696,2500,837.059512188171,observed_2024_small_system_stock,BRUGEL_POWERBI_SNAPSHOT+SIBELGA_PV_2024+REGIONAL_PV_TARGETS_2030+REGIONAL_PV_YIELD+BRUSSELS_ENV_ROOFTOP,PV_PROXY_STOCK_ONLY_V1
central,2050,Brussels-Capital Region,BE_TABULA_09,"Apartment, enclosed",1946-1970,TABULA_existing,41099.8888818,566042,2024,apartment,pv_installed,true,0.111511850067,0,0,0,0,0,88.655492918859,193.622654121696,2500,837.059512188171,observed_2024_small_system_stock,BRUGEL_POWERBI_SNAPSHOT+SIBELGA_PV_2024+REGIONAL_PV_TARGETS_2030+REGIONAL_PV_YIELD+BRUSSELS_ENV_ROOFTOP,PV_PROXY_STOCK_ONLY_V1
central,2050,Brussels-Capital Region,BE_TABULA_09,"Apartment, enclosed",1946-1970,TABULA_standard_B_proxy,2488.2190619,566042,2024,apartment,no_pv,false,0.111511850067,0,1,2488.2190619,0,0,88.655492918859,193.622654121696,2500,837.059512188171,observed_2024_small_system_stock,BRUGEL_POWERBI_SNAPSHOT+SIBELGA_PV_2024+REGIONAL_PV_TARGETS_2030+REGIONAL_PV_YIELD+BRUSSELS_ENV_ROOFTOP,PV_PROXY_STOCK_ONLY_V1
central,2050,Brussels-Capital Region,BE_TABULA_09,"Apartment, enclosed",1946-1970,TABULA_standard_B_proxy,2488.2190619,566042,2024,apartment,pv_installed,true,0.111511850067,0,0,0,0,0,88.655492918859,193.622654121696,2500,837.059512188171,observed_2024_small_system_stock,BRUGEL_POWERBI_SNAPSHOT+SIBELGA_PV_2024+REGIONAL_PV_TARGETS_2030+REGIONAL_PV_YIELD+BRUSSELS_ENV_ROOFTOP,PV_PROXY_STOCK_ONLY_V1
central,2050,Brussels-Capital Region,BE_TABULA_09,"Apartment, enclosed",1946-1970,TABULA_advanced_A_proxy,686.252588245,566042,2050,apartment,no_pv,false,0.231312889111,0.057828222278,0.942171777722,646.567821033368,0,0,193.622654121696,193.622654121696,2500,837.059512188171,linear_trajectory,BRUGEL_POWERBI_SNAPSHOT+SIBELGA_PV_2024+REGIONAL_PV_TARGETS_2030+REGIONAL_PV_YIELD+BRUSSELS_ENV_ROOFTOP,PV_PROXY_STOCK_ONLY_V1
central,2050,Brussels-Capital Region,BE_TABULA_09,"Apartment, enclosed",1946-1970,TABULA_advanced_A_proxy,686.252588245,566042,2050,apartment,pv_installed,true,0.231312889111,0.057828222278,0.057828222278,39.684767211632,0.459845655053,0.018248867774,193.622654121696,193.622654121696,2500,837.059512188171,linear_trajectory,BRUGEL_POWERBI_SNAPSHOT+SIBELGA_PV_2024+REGIONAL_PV_TARGETS_2030+REGIONAL_PV_YIELD+BRUSSELS_ENV_ROOFTOP,PV_PROXY_STOCK_ONLY_V1
central,2050,Brussels-Capital Region,BE_TABULA_10,"Apartment, exposed",1946-1970,TABULA_existing,0,566042,2024,apartment,no_pv,false,0.111511850067,0,1,0,0,0,88.655492918859,193.622654121696,2500,837.059512188171,observed_2024_small_system_stock,BRUGEL_POWERBI_SNAPSHOT+SIBELGA_PV_2024+REGIONAL_PV_TARGETS_2030+REGIONAL_PV_YIELD+BRUSSELS_ENV_ROOFTOP,PV_PROXY_STOCK_ONLY_V1
central,2050,Brussels-Capital Region,BE_TABULA_10,"Apartment, exposed",1946-1970,TABULA_existing,0,566042,2024,apartment,pv_installed,true,0.111511850067,0,0,0,0,0,88.655492918859,193.622654121696,2500,837.059512188171,observed_2024_small_system_stock,BRUGEL_POWERBI_SNAPSHOT+SIBELGA_PV_2024+REGIONAL_PV_TARGETS_2030+REGIONAL_PV_YIELD+BRUSSELS_ENV_ROOFTOP,PV_PROXY_STOCK_ONLY_V1
central,2050,Brussels-Capital Region,BE_TABULA_10,"Apartment, exposed",1946-1970,TABULA_standard_B_proxy,35663.5199437,566042,2024,apartment,no_pv,false,0.111511850067,0,1,35663.5199437,0,0,88.655492918859,193.622654121696,2500,837.059512188171,observed_2024_small_system_stock,BRUGEL_POWERBI_SNAPSHOT+SIBELGA_PV_2024+REGIONAL_PV_TARGETS_2030+REGIONAL_PV_YIELD+BRUSSELS_ENV_ROOFTOP,PV_PROXY_STOCK_ONLY_V1
central,2050,Brussels-Capital Region,BE_TABULA_10,"Apartment, exposed",1946-1970,TABULA_standard_B_proxy,35663.5199437,566042,2024,apartment,pv_installed,true,0.111511850067,0,0,0,0,0,88.655492918859,193.622654121696,2500,837.059512188171,observed_2024_small_system_stock,BRUGEL_POWERBI_SNAPSHOT+SIBELGA_PV_2024+REGIONAL_PV_TARGETS_2030+REGIONAL_PV_YIELD+BRUSSELS_ENV_ROOFTOP,PV_PROXY_STOCK_ONLY_V1
central,2050,Brussels-Capital Region,BE_TABULA_10,"Apartment, exposed",1946-1970,TABULA_advanced_A_proxy,8610.840588245002,566042,2050,apartment,no_pv,false,0.231312889111,0.057828222278,0.942171777722,8112.890984710713,0,0,193.622654121696,193.622654121696,2500,837.059512188171,linear_trajectory,BRUGEL_POWERBI_SNAPSHOT+SIBELGA_PV_2024+REGIONAL_PV_TARGETS_2030+REGIONAL_PV_YIELD+BRUSSELS_ENV_ROOFTOP,PV_PROXY_STOCK_ONLY_V1
central,2050,Brussels-Capital Region,BE_TABULA_10,"Apartment, exposed",1946-1970,TABULA_advanced_A_proxy,8610.840588245002,566042,2050,apartment,pv_installed,true,0.231312889111,0.057828222278,0.057828222278,497.949603534289,0.459845655053,0.228979961621,193.622654121696,193.622654121696,2500,837.059512188171,linear_trajectory,BRUGEL_POWERBI_SNAPSHOT+SIBELGA_PV_2024+REGIONAL_PV_TARGETS_2030+REGIONAL_PV_YIELD+BRUSSELS_ENV_ROOFTOP,PV_PROXY_STOCK_ONLY_V1
central,2050,Brussels-Capital Region,BE_TABULA_11,Detached house,1971-1990,TABULA_existing,800.78464274,566042,2024,house,no_pv,false,0.111511850067,0,0.888488149933,711.487665722745,0,0,88.655492918859,193.622654121696,2500,837.059512188171,observed_2024_small_system_stock,BRUGEL_POWERBI_SNAPSHOT+SIBELGA_PV_2024+REGIONAL_PV_TARGETS_2030+REGIONAL_PV_YIELD+BRUSSELS_ENV_ROOFTOP,PV_PROXY_STOCK_ONLY_V1
central,2050,Brussels-Capital Region,BE_TABULA_11,Detached house,1971-1990,TABULA_existing,800.78464274,566042,2024,house,pv_installed,true,0.111511850067,0,0.111511850067,89.296977017255,3.965978926316,0.354149929034,88.655492918859,193.622654121696,2500,837.059512188171,observed_2024_small_system_stock,BRUGEL_POWERBI_SNAPSHOT+SIBELGA_PV_2024+REGIONAL_PV_TARGETS_2030+REGIONAL_PV_YIELD+BRUSSELS_ENV_ROOFTOP,PV_PROXY_STOCK_ONLY_V1
central,2050,Brussels-Capital Region,BE_TABULA_11,Detached house,1971-1990,TABULA_standard_B_proxy,48.4801216438,566042,2024,house,no_pv,false,0.111511850067,0,0.888488149933,43.074013587822,0,0,88.655492918859,193.622654121696,2500,837.059512188171,observed_2024_small_system_stock,BRUGEL_POWERBI_SNAPSHOT+SIBELGA_PV_2024+REGIONAL_PV_TARGETS_2030+REGIONAL_PV_YIELD+BRUSSELS_ENV_ROOFTOP,PV_PROXY_STOCK_ONLY_V1
central,2050,Brussels-Capital Region,BE_TABULA_11,Detached house,1971-1990,TABULA_standard_B_proxy,48.4801216438,566042,2024,house,pv_installed,true,0.111511850067,0,0.111511850067,5.406108055978,3.965978926316,0.021440510623,88.655492918859,193.622654121696,2500,837.059512188171,observed_2024_small_system_stock,BRUGEL_POWERBI_SNAPSHOT+SIBELGA_PV_2024+REGIONAL_PV_TARGETS_2030+REGIONAL_PV_YIELD+BRUSSELS_ENV_ROOFTOP,PV_PROXY_STOCK_ONLY_V1
central,2050,Brussels-Capital Region,BE_TABULA_11,Detached house,1971-1990,TABULA_advanced_A_proxy,13.3708520548,566042,2050,house,no_pv,false,0.231312889111,0.057828222278,0.768687110889,10.278001636135,0,0,193.622654121696,193.622654121696,2500,837.059512188171,linear_trajectory,BRUGEL_POWERBI_SNAPSHOT+SIBELGA_PV_2024+REGIONAL_PV_TARGETS_2030+REGIONAL_PV_YIELD+BRUSSELS_ENV_ROOFTOP,PV_PROXY_STOCK_ONLY_V1
central,2050,Brussels-Capital Region,BE_TABULA_11,Detached house,1971-1990,TABULA_advanced_A_proxy,13.3708520548,566042,2050,house,pv_installed,true,0.231312889111,0.057828222278,0.231312889111,3.092850418665,3.965978926316,0.012266179583,193.622654121696,193.622654121696,2500,837.059512188171,linear_trajectory,BRUGEL_POWERBI_SNAPSHOT+SIBELGA_PV_2024+REGIONAL_PV_TARGETS_2030+REGIONAL_PV_YIELD+BRUSSELS_ENV_ROOFTOP,PV_PROXY_STOCK_ONLY_V1
central,2050,Brussels-Capital Region,BE_TABULA_12,Semi-detached house,1971-1990,TABULA_existing,1173.8996771,566042,2024,house,no_pv,false,0.111511850067,0,0.888488149933,1042.995952313414,0,0,88.655492918859,193.622654121696,2500,837.059512188171,observed_2024_small_system_stock,BRUGEL_POWERBI_SNAPSHOT+SIBELGA_PV_2024+REGIONAL_PV_TARGETS_2030+REGIONAL_PV_YIELD+BRUSSELS_ENV_ROOFTOP,PV_PROXY_STOCK_ONLY_V1
central,2050,Brussels-Capital Region,BE_TABULA_12,Semi-detached house,1971-1990,TABULA_existing,1173.8996771,566042,2024,house,pv_installed,true,0.111511850067,0,0.111511850067,130.903724786586,3.965978926316,0.51916141388,88.655492918859,193.622654121696,2500,837.059512188171,observed_2024_small_system_stock,BRUGEL_POWERBI_SNAPSHOT+SIBELGA_PV_2024+REGIONAL_PV_TARGETS_2030+REGIONAL_PV_YIELD+BRUSSELS_ENV_ROOFTOP,PV_PROXY_STOCK_ONLY_V1
central,2050,Brussels-Capital Region,BE_TABULA_12,Semi-detached house,1971-1990,TABULA_standard_B_proxy,71.0687944124,566042,2024,house,no_pv,false,0.111511850067,0,0.888488149933,63.143781665435,0,0,88.655492918859,193.622654121696,2500,837.059512188171,observed_2024_small_system_stock,BRUGEL_POWERBI_SNAPSHOT+SIBELGA_PV_2024+REGIONAL_PV_TARGETS_2030+REGIONAL_PV_YIELD+BRUSSELS_ENV_ROOFTOP,PV_PROXY_STOCK_ONLY_V1
central,2050,Brussels-Capital Region,BE_TABULA_12,Semi-detached house,1971-1990,TABULA_standard_B_proxy,71.0687944124,566042,2024,house,pv_installed,true,0.111511850067,0,0.111511850067,7.925012746965,3.965978926316,0.031430433545,88.655492918859,193.622654121696,2500,837.059512188171,observed_2024_small_system_stock,BRUGEL_POWERBI_SNAPSHOT+SIBELGA_PV_2024+REGIONAL_PV_TARGETS_2030+REGIONAL_PV_YIELD+BRUSSELS_ENV_ROOFTOP,PV_PROXY_STOCK_ONLY_V1
central,2050,Brussels-Capital Region,BE_TABULA_12,Semi-detached house,1971-1990,TABULA_advanced_A_proxy,19.6008240817,566042,2050,house,no_pv,false,0.231312889111,0.057828222278,0.768687110889,15.066900834415,0,0,193.622654121696,193.622654121696,2500,837.059512188171,linear_trajectory,BRUGEL_POWERBI_SNAPSHOT+SIBELGA_PV_2024+REGIONAL_PV_TARGETS_2030+REGIONAL_PV_YIELD+BRUSSELS_ENV_ROOFTOP,PV_PROXY_STOCK_ONLY_V1
central,2050,Brussels-Capital Region,BE_TABULA_12,Semi-detached house,1971-1990,TABULA_advanced_A_proxy,19.6008240817,566042,2050,house,pv_installed,true,0.231312889111,0.057828222278,0.231312889111,4.533923247285,3.965978926316,0.017981444052,193.622654121696,193.622654121696,2500,837.059512188171,linear_trajectory,BRUGEL_POWERBI_SNAPSHOT+SIBELGA_PV_2024+REGIONAL_PV_TARGETS_2030+REGIONAL_PV_YIELD+BRUSSELS_ENV_ROOFTOP,PV_PROXY_STOCK_ONLY_V1
central,2050,Brussels-Capital Region,BE_TABULA_13,Terraced house,1971-1990,TABULA_existing,3614.06653206,566042,2024,house,no_pv,false,0.111511850067,0,0.888488149933,3211.055286804421,0,0,88.655492918859,193.622654121696,2500,837.059512188171,observed_2024_small_system_stock,BRUGEL_POWERBI_SNAPSHOT+SIBELGA_PV_2024+REGIONAL_PV_TARGETS_2030+REGIONAL_PV_YIELD+BRUSSELS_ENV_ROOFTOP,PV_PROXY_STOCK_ONLY_V1
central,2050,Brussels-Capital Region,BE_TABULA_13,Terraced house,1971-1990,TABULA_existing,3614.06653206,566042,2024,house,pv_installed,true,0.111511850067,0,0.111511850067,403.01124525558,3.965978926316,1.598334105752,88.655492918859,193.622654121696,2500,837.059512188171,observed_2024_small_system_stock,BRUGEL_POWERBI_SNAPSHOT+SIBELGA_PV_2024+REGIONAL_PV_TARGETS_2030+REGIONAL_PV_YIELD+BRUSSELS_ENV_ROOFTOP,PV_PROXY_STOCK_ONLY_V1
central,2050,Brussels-Capital Region,BE_TABULA_13,Terraced house,1971-1990,TABULA_standard_B_proxy,218.798383176,566042,2024,house,no_pv,false,0.111511850067,0,0.888488149933,194.399770676355,0,0,88.655492918859,193.622654121696,2500,837.059512188171,observed_2024_small_system_stock,BRUGEL_POWERBI_SNAPSHOT+SIBELGA_PV_2024+REGIONAL_PV_TARGETS_2030+REGIONAL_PV_YIELD+BRUSSELS_ENV_ROOFTOP,PV_PROXY_STOCK_ONLY_V1
central,2050,Brussels-Capital Region,BE_TABULA_13,Terraced house,1971-1990,TABULA_standard_B_proxy,218.798383176,566042,2024,house,pv_installed,true,0.111511850067,0,0.111511850067,24.398612499645,3.965978926316,0.096764383005,88.655492918859,193.622654121696,2500,837.059512188171,observed_2024_small_system_stock,BRUGEL_POWERBI_SNAPSHOT+SIBELGA_PV_2024+REGIONAL_PV_TARGETS_2030+REGIONAL_PV_YIELD+BRUSSELS_ENV_ROOFTOP,PV_PROXY_STOCK_ONLY_V1
central,2050,Brussels-Capital Region,BE_TABULA_13,Terraced house,1971-1990,TABULA_advanced_A_proxy,60.3447498082,566042,2050,house,no_pv,false,0.231312889111,0.057828222278,0.768687110889,46.386231387413,0,0,193.622654121696,193.622654121696,2500,837.059512188171,linear_trajectory,BRUGEL_POWERBI_SNAPSHOT+SIBELGA_PV_2024+REGIONAL_PV_TARGETS_2030+REGIONAL_PV_YIELD+BRUSSELS_ENV_ROOFTOP,PV_PROXY_STOCK_ONLY_V1
central,2050,Brussels-Capital Region,BE_TABULA_13,Terraced house,1971-1990,TABULA_advanced_A_proxy,60.3447498082,566042,2050,house,pv_installed,true,0.231312889111,0.057828222278,0.231312889111,13.958518420787,3.965978926316,0.055359189899,193.622654121696,193.622654121696,2500,837.059512188171,linear_trajectory,BRUGEL_POWERBI_SNAPSHOT+SIBELGA_PV_2024+REGIONAL_PV_TARGETS_2030+REGIONAL_PV_YIELD+BRUSSELS_ENV_ROOFTOP,PV_PROXY_STOCK_ONLY_V1
central,2050,Brussels-Capital Region,BE_TABULA_14,"Apartment, enclosed",1971-1990,TABULA_existing,22843.025226,566042,2024,apartment,no_pv,false,0.111511850067,0,1,22843.025226,0,0,88.655492918859,193.622654121696,2500,837.059512188171,observed_2024_small_system_stock,BRUGEL_POWERBI_SNAPSHOT+SIBELGA_PV_2024+REGIONAL_PV_TARGETS_2030+REGIONAL_PV_YIELD+BRUSSELS_ENV_ROOFTOP,PV_PROXY_STOCK_ONLY_V1
central,2050,Brussels-Capital Region,BE_TABULA_14,"Apartment, enclosed",1971-1990,TABULA_existing,22843.025226,566042,2024,apartment,pv_installed,true,0.111511850067,0,0,0,0,0,88.655492918859,193.622654121696,2500,837.059512188171,observed_2024_small_system_stock,BRUGEL_POWERBI_SNAPSHOT+SIBELGA_PV_2024+REGIONAL_PV_TARGETS_2030+REGIONAL_PV_YIELD+BRUSSELS_ENV_ROOFTOP,PV_PROXY_STOCK_ONLY_V1
central,2050,Brussels-Capital Region,BE_TABULA_14,"Apartment, enclosed",1971-1990,TABULA_standard_B_proxy,1382.93441527,566042,2024,apartment,no_pv,false,0.111511850067,0,1,1382.93441527,0,0,88.655492918859,193.622654121696,2500,837.059512188171,observed_2024_small_system_stock,BRUGEL_POWERBI_SNAPSHOT+SIBELGA_PV_2024+REGIONAL_PV_TARGETS_2030+REGIONAL_PV_YIELD+BRUSSELS_ENV_ROOFTOP,PV_PROXY_STOCK_ONLY_V1
central,2050,Brussels-Capital Region,BE_TABULA_14,"Apartment, enclosed",1971-1990,TABULA_standard_B_proxy,1382.93441527,566042,2024,apartment,pv_installed,true,0.111511850067,0,0,0,0,0,88.655492918859,193.622654121696,2500,837.059512188171,observed_2024_small_system_stock,BRUGEL_POWERBI_SNAPSHOT+SIBELGA_PV_2024+REGIONAL_PV_TARGETS_2030+REGIONAL_PV_YIELD+BRUSSELS_ENV_ROOFTOP,PV_PROXY_STOCK_ONLY_V1
central,2050,Brussels-Capital Region,BE_TABULA_14,"Apartment, enclosed",1971-1990,TABULA_advanced_A_proxy,381.414296027,566042,2050,apartment,no_pv,false,0.231312889111,0.057828222278,0.942171777722,359.357785336484,0,0,193.622654121696,193.622654121696,2500,837.059512188171,linear_trajectory,BRUGEL_POWERBI_SNAPSHOT+SIBELGA_PV_2024+REGIONAL_PV_TARGETS_2030+REGIONAL_PV_YIELD+BRUSSELS_ENV_ROOFTOP,PV_PROXY_STOCK_ONLY_V1
central,2050,Brussels-Capital Region,BE_TABULA_14,"Apartment, enclosed",1971-1990,TABULA_advanced_A_proxy,381.414296027,566042,2050,apartment,pv_installed,true,0.231312889111,0.057828222278,0.057828222278,22.056510690516,0.459845655053,0.010142590607,193.622654121696,193.622654121696,2500,837.059512188171,linear_trajectory,BRUGEL_POWERBI_SNAPSHOT+SIBELGA_PV_2024+REGIONAL_PV_TARGETS_2030+REGIONAL_PV_YIELD+BRUSSELS_ENV_ROOFTOP,PV_PROXY_STOCK_ONLY_V1
central,2050,Brussels-Capital Region,BE_TABULA_15,"Apartment, exposed",1971-1990,TABULA_existing,22843.025226,566042,2024,apartment,no_pv,false,0.111511850067,0,1,22843.025226,0,0,88.655492918859,193.622654121696,2500,837.059512188171,observed_2024_small_system_stock,BRUGEL_POWERBI_SNAPSHOT+SIBELGA_PV_2024+REGIONAL_PV_TARGETS_2030+REGIONAL_PV_YIELD+BRUSSELS_ENV_ROOFTOP,PV_PROXY_STOCK_ONLY_V1
central,2050,Brussels-Capital Region,BE_TABULA_15,"Apartment, exposed",1971-1990,TABULA_existing,22843.025226,566042,2024,apartment,pv_installed,true,0.111511850067,0,0,0,0,0,88.655492918859,193.622654121696,2500,837.059512188171,observed_2024_small_system_stock,BRUGEL_POWERBI_SNAPSHOT+SIBELGA_PV_2024+REGIONAL_PV_TARGETS_2030+REGIONAL_PV_YIELD+BRUSSELS_ENV_ROOFTOP,PV_PROXY_STOCK_ONLY_V1
central,2050,Brussels-Capital Region,BE_TABULA_15,"Apartment, exposed",1971-1990,TABULA_standard_B_proxy,1382.93441527,566042,2024,apartment,no_pv,false,0.111511850067,0,1,1382.93441527,0,0,88.655492918859,193.622654121696,2500,837.059512188171,observed_2024_small_system_stock,BRUGEL_POWERBI_SNAPSHOT+SIBELGA_PV_2024+REGIONAL_PV_TARGETS_2030+REGIONAL_PV_YIELD+BRUSSELS_ENV_ROOFTOP,PV_PROXY_STOCK_ONLY_V1
central,2050,Brussels-Capital Region,BE_TABULA_15,"Apartment, exposed",1971-1990,TABULA_standard_B_proxy,1382.93441527,566042,2024,apartment,pv_installed,true,0.111511850067,0,0,0,0,0,88.655492918859,193.622654121696,2500,837.059512188171,observed_2024_small_system_stock,BRUGEL_POWERBI_SNAPSHOT+SIBELGA_PV_2024+REGIONAL_PV_TARGETS_2030+REGIONAL_PV_YIELD+BRUSSELS_ENV_ROOFTOP,PV_PROXY_STOCK_ONLY_V1
central,2050,Brussels-Capital Region,BE_TABULA_15,"Apartment, exposed",1971-1990,TABULA_advanced_A_proxy,381.414296027,566042,2050,apartment,no_pv,false,0.231312889111,0.057828222278,0.942171777722,359.357785336484,0,0,193.622654121696,193.622654121696,2500,837.059512188171,linear_trajectory,BRUGEL_POWERBI_SNAPSHOT+SIBELGA_PV_2024+REGIONAL_PV_TARGETS_2030+REGIONAL_PV_YIELD+BRUSSELS_ENV_ROOFTOP,PV_PROXY_STOCK_ONLY_V1
central,2050,Brussels-Capital Region,BE_TABULA_15,"Apartment, exposed",1971-1990,TABULA_advanced_A_proxy,381.414296027,566042,2050,apartment,pv_installed,true,0.231312889111,0.057828222278,0.057828222278,22.056510690516,0.459845655053,0.010142590607,193.622654121696,193.622654121696,2500,837.059512188171,linear_trajectory,BRUGEL_POWERBI_SNAPSHOT+SIBELGA_PV_2024+REGIONAL_PV_TARGETS_2030+REGIONAL_PV_YIELD+BRUSSELS_ENV_ROOFTOP,PV_PROXY_STOCK_ONLY_V1
central,2050,Brussels-Capital Region,BE_TABULA_16,Detached house,1991-2005,TABULA_existing,356.134537973,566042,2024,house,no_pv,false,0.111511850067,0,0.888488149933,316.421316770841,0,0,88.655492918859,193.622654121696,2500,837.059512188171,observed_2024_small_system_stock,BRUGEL_POWERBI_SNAPSHOT+SIBELGA_PV_2024+REGIONAL_PV_TARGETS_2030+REGIONAL_PV_YIELD+BRUSSELS_ENV_ROOFTOP,PV_PROXY_STOCK_ONLY_V1
central,2050,Brussels-Capital Region,BE_TABULA_16,Detached house,1991-2005,TABULA_existing,356.134537973,566042,2024,house,pv_installed,true,0.111511850067,0,0.111511850067,39.713221202159,3.965978926316,0.157501798384,88.655492918859,193.622654121696,2500,837.059512188171,observed_2024_small_system_stock,BRUGEL_POWERBI_SNAPSHOT+SIBELGA_PV_2024+REGIONAL_PV_TARGETS_2030+REGIONAL_PV_YIELD+BRUSSELS_ENV_ROOFTOP,PV_PROXY_STOCK_ONLY_V1
central,2050,Brussels-Capital Region,BE_TABULA_16,Detached house,1991-2005,TABULA_standard_B_proxy,21.5606603836,566042,2024,house,no_pv,false,0.111511850067,0,0.888488149933,19.156391255556,0,0,88.655492918859,193.622654121696,2500,837.059512188171,observed_2024_small_system_stock,BRUGEL_POWERBI_SNAPSHOT+SIBELGA_PV_2024+REGIONAL_PV_TARGETS_2030+REGIONAL_PV_YIELD+BRUSSELS_ENV_ROOFTOP,PV_PROXY_STOCK_ONLY_V1
central,2050,Brussels-Capital Region,BE_TABULA_16,Detached house,1991-2005,TABULA_standard_B_proxy,21.5606603836,566042,2024,house,pv_installed,true,0.111511850067,0,0.111511850067,2.404269128044,3.965978926316,0.009535280695,88.655492918859,193.622654121696,2500,837.059512188171,observed_2024_small_system_stock,BRUGEL_POWERBI_SNAPSHOT+SIBELGA_PV_2024+REGIONAL_PV_TARGETS_2030+REGIONAL_PV_YIELD+BRUSSELS_ENV_ROOFTOP,PV_PROXY_STOCK_ONLY_V1
central,2050,Brussels-Capital Region,BE_TABULA_16,Detached house,1991-2005,TABULA_advanced_A_proxy,5.94644547945,566042,2050,house,no_pv,false,0.231312889111,0.057828222278,0.768687110889,4.57095599566,0,0,193.622654121696,193.622654121696,2500,837.059512188171,linear_trajectory,BRUGEL_POWERBI_SNAPSHOT+SIBELGA_PV_2024+REGIONAL_PV_TARGETS_2030+REGIONAL_PV_YIELD+BRUSSELS_ENV_ROOFTOP,PV_PROXY_STOCK_ONLY_V1
central,2050,Brussels-Capital Region,BE_TABULA_16,Detached house,1991-2005,TABULA_advanced_A_proxy,5.94644547945,566042,2050,house,pv_installed,true,0.231312889111,0.057828222278,0.231312889111,1.37548948379,3.965978926316,0.005455162306,193.622654121696,193.622654121696,2500,837.059512188171,linear_trajectory,BRUGEL_POWERBI_SNAPSHOT+SIBELGA_PV_2024+REGIONAL_PV_TARGETS_2030+REGIONAL_PV_YIELD+BRUSSELS_ENV_ROOFTOP,PV_PROXY_STOCK_ONLY_V1
central,2050,Brussels-Capital Region,BE_TABULA_17,Semi-detached house,1991-2005,TABULA_existing,777.627522495,566042,2024,house,no_pv,false,0.111511850067,0,0.888488149933,690.912838798491,0,0,88.655492918859,193.622654121696,2500,837.059512188171,observed_2024_small_system_stock,BRUGEL_POWERBI_SNAPSHOT+SIBELGA_PV_2024+REGIONAL_PV_TARGETS_2030+REGIONAL_PV_YIELD+BRUSSELS_ENV_ROOFTOP,PV_PROXY_STOCK_ONLY_V1
central,2050,Brussels-Capital Region,BE_TABULA_17,Semi-detached house,1991-2005,TABULA_existing,777.627522495,566042,2024,house,pv_installed,true,0.111511850067,0,0.111511850067,86.714683696509,3.965978926316,0.343908608142,88.655492918859,193.622654121696,2500,837.059512188171,observed_2024_small_system_stock,BRUGEL_POWERBI_SNAPSHOT+SIBELGA_PV_2024+REGIONAL_PV_TARGETS_2030+REGIONAL_PV_YIELD+BRUSSELS_ENV_ROOFTOP,PV_PROXY_STOCK_ONLY_V1
central,2050,Brussels-Capital Region,BE_TABULA_17,Semi-detached house,1991-2005,TABULA_standard_B_proxy,47.0781716732,566042,2024,house,no_pv,false,0.111511850067,0,0.888488149933,41.828397652145,0,0,88.655492918859,193.622654121696,2500,837.059512188171,observed_2024_small_system_stock,BRUGEL_POWERBI_SNAPSHOT+SIBELGA_PV_2024+REGIONAL_PV_TARGETS_2030+REGIONAL_PV_YIELD+BRUSSELS_ENV_ROOFTOP,PV_PROXY_STOCK_ONLY_V1
central,2050,Brussels-Capital Region,BE_TABULA_17,Semi-detached house,1991-2005,TABULA_standard_B_proxy,47.0781716732,566042,2024,house,pv_installed,true,0.111511850067,0,0.111511850067,5.249774021055,3.965978926316,0.020820493135,88.655492918859,193.622654121696,2500,837.059512188171,observed_2024_small_system_stock,BRUGEL_POWERBI_SNAPSHOT+SIBELGA_PV_2024+REGIONAL_PV_TARGETS_2030+REGIONAL_PV_YIELD+BRUSSELS_ENV_ROOFTOP,PV_PROXY_STOCK_ONLY_V1
central,2050,Brussels-Capital Region,BE_TABULA_17,Semi-detached house,1991-2005,TABULA_advanced_A_proxy,12.9841932551,566042,2050,house,no_pv,false,0.231312889111,0.057828222278,0.768687110889,9.980782000493,0,0,193.622654121696,193.622654121696,2500,837.059512188171,linear_trajectory,BRUGEL_POWERBI_SNAPSHOT+SIBELGA_PV_2024+REGIONAL_PV_TARGETS_2030+REGIONAL_PV_YIELD+BRUSSELS_ENV_ROOFTOP,PV_PROXY_STOCK_ONLY_V1
central,2050,Brussels-Capital Region,BE_TABULA_17,Semi-detached house,1991-2005,TABULA_advanced_A_proxy,12.9841932551,566042,2050,house,pv_installed,true,0.231312889111,0.057828222278,0.231312889111,3.003411254607,3.965978926316,0.011911465743,193.622654121696,193.622654121696,2500,837.059512188171,linear_trajectory,BRUGEL_POWERBI_SNAPSHOT+SIBELGA_PV_2024+REGIONAL_PV_TARGETS_2030+REGIONAL_PV_YIELD+BRUSSELS_ENV_ROOFTOP,PV_PROXY_STOCK_ONLY_V1
central,2050,Brussels-Capital Region,BE_TABULA_18,Terraced house,1991-2005,TABULA_existing,2418.3683003,566042,2024,house,no_pv,false,0.111511850067,0,0.888488149933,2148.691576989932,0,0,88.655492918859,193.622654121696,2500,837.059512188171,observed_2024_small_system_stock,BRUGEL_POWERBI_SNAPSHOT+SIBELGA_PV_2024+REGIONAL_PV_TARGETS_2030+REGIONAL_PV_YIELD+BRUSSELS_ENV_ROOFTOP,PV_PROXY_STOCK_ONLY_V1
central,2050,Brussels-Capital Region,BE_TABULA_18,Terraced house,1991-2005,TABULA_existing,2418.3683003,566042,2024,house,pv_installed,true,0.111511850067,0,0.111511850067,269.676723310068,3.965978926316,1.069532201566,88.655492918859,193.622654121696,2500,837.059512188171,observed_2024_small_system_stock,BRUGEL_POWERBI_SNAPSHOT+SIBELGA_PV_2024+REGIONAL_PV_TARGETS_2030+REGIONAL_PV_YIELD+BRUSSELS_ENV_ROOFTOP,PV_PROXY_STOCK_ONLY_V1
central,2050,Brussels-Capital Region,BE_TABULA_18,Terraced house,1991-2005,TABULA_standard_B_proxy,146.409887404,566042,2024,house,no_pv,false,0.111511850067,0,0.888488149933,130.083449991465,0,0,88.655492918859,193.622654121696,2500,837.059512188171,observed_2024_small_system_stock,BRUGEL_POWERBI_SNAPSHOT+SIBELGA_PV_2024+REGIONAL_PV_TARGETS_2030+REGIONAL_PV_YIELD+BRUSSELS_ENV_ROOFTOP,PV_PROXY_STOCK_ONLY_V1
central,2050,Brussels-Capital Region,BE_TABULA_18,Terraced house,1991-2005,TABULA_standard_B_proxy,146.409887404,566042,2024,house,pv_installed,true,0.111511850067,0,0.111511850067,16.326437412535,3.965978926316,0.06475030672,88.655492918859,193.622654121696,2500,837.059512188171,observed_2024_small_system_stock,BRUGEL_POWERBI_SNAPSHOT+SIBELGA_PV_2024+REGIONAL_PV_TARGETS_2030+REGIONAL_PV_YIELD+BRUSSELS_ENV_ROOFTOP,PV_PROXY_STOCK_ONLY_V1
central,2050,Brussels-Capital Region,BE_TABULA_18,Terraced house,1991-2005,TABULA_advanced_A_proxy,40.3799511523,566042,2050,house,no_pv,false,0.231312889111,0.057828222278,0.768687110889,31.039547989119,0,0,193.622654121696,193.622654121696,2500,837.059512188171,linear_trajectory,BRUGEL_POWERBI_SNAPSHOT+SIBELGA_PV_2024+REGIONAL_PV_TARGETS_2030+REGIONAL_PV_YIELD+BRUSSELS_ENV_ROOFTOP,PV_PROXY_STOCK_ONLY_V1
central,2050,Brussels-Capital Region,BE_TABULA_18,Terraced house,1991-2005,TABULA_advanced_A_proxy,40.3799511523,566042,2050,house,pv_installed,true,0.231312889111,0.057828222278,0.231312889111,9.340403163181,3.965978926316,0.037043842108,193.622654121696,193.622654121696,2500,837.059512188171,linear_trajectory,BRUGEL_POWERBI_SNAPSHOT+SIBELGA_PV_2024+REGIONAL_PV_TARGETS_2030+REGIONAL_PV_YIELD+BRUSSELS_ENV_ROOFTOP,PV_PROXY_STOCK_ONLY_V1
central,2050,Brussels-Capital Region,BE_TABULA_19,"Apartment, enclosed",1991-2005,TABULA_existing,10769.3902325,566042,2024,apartment,no_pv,false,0.111511850067,0,1,10769.3902325,0,0,88.655492918859,193.622654121696,2500,837.059512188171,observed_2024_small_system_stock,BRUGEL_POWERBI_SNAPSHOT+SIBELGA_PV_2024+REGIONAL_PV_TARGETS_2030+REGIONAL_PV_YIELD+BRUSSELS_ENV_ROOFTOP,PV_PROXY_STOCK_ONLY_V1
central,2050,Brussels-Capital Region,BE_TABULA_19,"Apartment, enclosed",1991-2005,TABULA_existing,10769.3902325,566042,2024,apartment,pv_installed,true,0.111511850067,0,0,0,0,0,88.655492918859,193.622654121696,2500,837.059512188171,observed_2024_small_system_stock,BRUGEL_POWERBI_SNAPSHOT+SIBELGA_PV_2024+REGIONAL_PV_TARGETS_2030+REGIONAL_PV_YIELD+BRUSSELS_ENV_ROOFTOP,PV_PROXY_STOCK_ONLY_V1
central,2050,Brussels-Capital Region,BE_TABULA_19,"Apartment, enclosed",1991-2005,TABULA_standard_B_proxy,651.987214337,566042,2024,apartment,no_pv,false,0.111511850067,0,1,651.987214337,0,0,88.655492918859,193.622654121696,2500,837.059512188171,observed_2024_small_system_stock,BRUGEL_POWERBI_SNAPSHOT+SIBELGA_PV_2024+REGIONAL_PV_TARGETS_2030+REGIONAL_PV_YIELD+BRUSSELS_ENV_ROOFTOP,PV_PROXY_STOCK_ONLY_V1
central,2050,Brussels-Capital Region,BE_TABULA_19,"Apartment, enclosed",1991-2005,TABULA_standard_B_proxy,651.987214337,566042,2024,apartment,pv_installed,true,0.111511850067,0,0,0,0,0,88.655492918859,193.622654121696,2500,837.059512188171,observed_2024_small_system_stock,BRUGEL_POWERBI_SNAPSHOT+SIBELGA_PV_2024+REGIONAL_PV_TARGETS_2030+REGIONAL_PV_YIELD+BRUSSELS_ENV_ROOFTOP,PV_PROXY_STOCK_ONLY_V1
central,2050,Brussels-Capital Region,BE_TABULA_19,"Apartment, enclosed",1991-2005,TABULA_advanced_A_proxy,179.818537762,566042,2050,apartment,no_pv,false,0.231312889111,0.057828222278,0.942171777722,169.41995139066,0,0,193.622654121696,193.622654121696,2500,837.059512188171,linear_trajectory,BRUGEL_POWERBI_SNAPSHOT+SIBELGA_PV_2024+REGIONAL_PV_TARGETS_2030+REGIONAL_PV_YIELD+BRUSSELS_ENV_ROOFTOP,PV_PROXY_STOCK_ONLY_V1
central,2050,Brussels-Capital Region,BE_TABULA_19,"Apartment, enclosed",1991-2005,TABULA_advanced_A_proxy,179.818537762,566042,2050,apartment,pv_installed,true,0.231312889111,0.057828222278,0.057828222278,10.39858637134,0.459845655053,0.004781744762,193.622654121696,193.622654121696,2500,837.059512188171,linear_trajectory,BRUGEL_POWERBI_SNAPSHOT+SIBELGA_PV_2024+REGIONAL_PV_TARGETS_2030+REGIONAL_PV_YIELD+BRUSSELS_ENV_ROOFTOP,PV_PROXY_STOCK_ONLY_V1
central,2050,Brussels-Capital Region,BE_TABULA_20,"Apartment, exposed",1991-2005,TABULA_existing,10769.3902325,566042,2024,apartment,no_pv,false,0.111511850067,0,1,10769.3902325,0,0,88.655492918859,193.622654121696,2500,837.059512188171,observed_2024_small_system_stock,BRUGEL_POWERBI_SNAPSHOT+SIBELGA_PV_2024+REGIONAL_PV_TARGETS_2030+REGIONAL_PV_YIELD+BRUSSELS_ENV_ROOFTOP,PV_PROXY_STOCK_ONLY_V1
central,2050,Brussels-Capital Region,BE_TABULA_20,"Apartment, exposed",1991-2005,TABULA_existing,10769.3902325,566042,2024,apartment,pv_installed,true,0.111511850067,0,0,0,0,0,88.655492918859,193.622654121696,2500,837.059512188171,observed_2024_small_system_stock,BRUGEL_POWERBI_SNAPSHOT+SIBELGA_PV_2024+REGIONAL_PV_TARGETS_2030+REGIONAL_PV_YIELD+BRUSSELS_ENV_ROOFTOP,PV_PROXY_STOCK_ONLY_V1
central,2050,Brussels-Capital Region,BE_TABULA_20,"Apartment, exposed",1991-2005,TABULA_standard_B_proxy,651.987214337,566042,2024,apartment,no_pv,false,0.111511850067,0,1,651.987214337,0,0,88.655492918859,193.622654121696,2500,837.059512188171,observed_2024_small_system_stock,BRUGEL_POWERBI_SNAPSHOT+SIBELGA_PV_2024+REGIONAL_PV_TARGETS_2030+REGIONAL_PV_YIELD+BRUSSELS_ENV_ROOFTOP,PV_PROXY_STOCK_ONLY_V1
central,2050,Brussels-Capital Region,BE_TABULA_20,"Apartment, exposed",1991-2005,TABULA_standard_B_proxy,651.987214337,566042,2024,apartment,pv_installed,true,0.111511850067,0,0,0,0,0,88.655492918859,193.622654121696,2500,837.059512188171,observed_2024_small_system_stock,BRUGEL_POWERBI_SNAPSHOT+SIBELGA_PV_2024+REGIONAL_PV_TARGETS_2030+REGIONAL_PV_YIELD+BRUSSELS_ENV_ROOFTOP,PV_PROXY_STOCK_ONLY_V1
central,2050,Brussels-Capital Region,BE_TABULA_20,"Apartment, exposed",1991-2005,TABULA_advanced_A_proxy,179.818537762,566042,2050,apartment,no_pv,false,0.231312889111,0.057828222278,0.942171777722,169.41995139066,0,0,193.622654121696,193.622654121696,2500,837.059512188171,linear_trajectory,BRUGEL_POWERBI_SNAPSHOT+SIBELGA_PV_2024+REGIONAL_PV_TARGETS_2030+REGIONAL_PV_YIELD+BRUSSELS_ENV_ROOFTOP,PV_PROXY_STOCK_ONLY_V1
central,2050,Brussels-Capital Region,BE_TABULA_20,"Apartment, exposed",1991-2005,TABULA_advanced_A_proxy,179.818537762,566042,2050,apartment,pv_installed,true,0.231312889111,0.057828222278,0.057828222278,10.39858637134,0.459845655053,0.004781744762,193.622654121696,193.622654121696,2500,837.059512188171,linear_trajectory,BRUGEL_POWERBI_SNAPSHOT+SIBELGA_PV_2024+REGIONAL_PV_TARGETS_2030+REGIONAL_PV_YIELD+BRUSSELS_ENV_ROOFTOP,PV_PROXY_STOCK_ONLY_V1
central,2050,Brussels-Capital Region,BE_TABULA_21,Detached house,post-2005,TABULA_existing,294.657171068,566042,2024,house,no_pv,false,0.111511850067,0,0.888488149933,261.799404786671,0,0,88.655492918859,193.622654121696,2500,837.059512188171,observed_2024_small_system_stock,BRUGEL_POWERBI_SNAPSHOT+SIBELGA_PV_2024+REGIONAL_PV_TARGETS_2030+REGIONAL_PV_YIELD+BRUSSELS_ENV_ROOFTOP,PV_PROXY_STOCK_ONLY_V1
central,2050,Brussels-Capital Region,BE_TABULA_21,Detached house,post-2005,TABULA_existing,294.657171068,566042,2024,house,pv_installed,true,0.111511850067,0,0.111511850067,32.857766281329,3.965978926316,0.130313208638,88.655492918859,193.622654121696,2500,837.059512188171,observed_2024_small_system_stock,BRUGEL_POWERBI_SNAPSHOT+SIBELGA_PV_2024+REGIONAL_PV_TARGETS_2030+REGIONAL_PV_YIELD+BRUSSELS_ENV_ROOFTOP,PV_PROXY_STOCK_ONLY_V1
central,2050,Brussels-Capital Region,BE_TABULA_21,Detached house,post-2005,TABULA_standard_B_proxy,17.8387730411,566042,2024,house,no_pv,false,0.111511850067,0,0.888488149933,15.84953845636,0,0,88.655492918859,193.622654121696,2500,837.059512188171,observed_2024_small_system_stock,BRUGEL_POWERBI_SNAPSHOT+SIBELGA_PV_2024+REGIONAL_PV_TARGETS_2030+REGIONAL_PV_YIELD+BRUSSELS_ENV_ROOFTOP,PV_PROXY_STOCK_ONLY_V1
central,2050,Brussels-Capital Region,BE_TABULA_21,Detached house,post-2005,TABULA_standard_B_proxy,17.8387730411,566042,2024,house,pv_installed,true,0.111511850067,0,0.111511850067,1.98923458474,3.965978926316,0.007889262443,88.655492918859,193.622654121696,2500,837.059512188171,observed_2024_small_system_stock,BRUGEL_POWERBI_SNAPSHOT+SIBELGA_PV_2024+REGIONAL_PV_TARGETS_2030+REGIONAL_PV_YIELD+BRUSSELS_ENV_ROOFTOP,PV_PROXY_STOCK_ONLY_V1
central,2050,Brussels-Capital Region,BE_TABULA_21,Detached house,post-2005,TABULA_advanced_A_proxy,4.91994630137,566042,2050,house,no_pv,false,0.231312889111,0.057828222278,0.768687110889,3.781899308131,0,0,193.622654121696,193.622654121696,2500,837.059512188171,linear_trajectory,BRUGEL_POWERBI_SNAPSHOT+SIBELGA_PV_2024+REGIONAL_PV_TARGETS_2030+REGIONAL_PV_YIELD+BRUSSELS_ENV_ROOFTOP,PV_PROXY_STOCK_ONLY_V1
central,2050,Brussels-Capital Region,BE_TABULA_21,Detached house,post-2005,TABULA_advanced_A_proxy,4.91994630137,566042,2050,house,pv_installed,true,0.231312889111,0.057828222278,0.231312889111,1.138046993239,3.965978926316,0.004513470392,193.622654121696,193.622654121696,2500,837.059512188171,linear_trajectory,BRUGEL_POWERBI_SNAPSHOT+SIBELGA_PV_2024+REGIONAL_PV_TARGETS_2030+REGIONAL_PV_YIELD+BRUSSELS_ENV_ROOFTOP,PV_PROXY_STOCK_ONLY_V1
central,2050,Brussels-Capital Region,BE_TABULA_22,Semi-detached house,post-2005,TABULA_existing,641.936200605,566042,2024,house,no_pv,false,0.111511850067,0,0.888488149933,570.352707250495,0,0,88.655492918859,193.622654121696,2500,837.059512188171,observed_2024_small_system_stock,BRUGEL_POWERBI_SNAPSHOT+SIBELGA_PV_2024+REGIONAL_PV_TARGETS_2030+REGIONAL_PV_YIELD+BRUSSELS_ENV_ROOFTOP,PV_PROXY_STOCK_ONLY_V1
central,2050,Brussels-Capital Region,BE_TABULA_22,Semi-detached house,post-2005,TABULA_existing,641.936200605,566042,2024,house,pv_installed,true,0.111511850067,0,0.111511850067,71.583493354505,3.965978926316,0.283898626116,88.655492918859,193.622654121696,2500,837.059512188171,observed_2024_small_system_stock,BRUGEL_POWERBI_SNAPSHOT+SIBELGA_PV_2024+REGIONAL_PV_TARGETS_2030+REGIONAL_PV_YIELD+BRUSSELS_ENV_ROOFTOP,PV_PROXY_STOCK_ONLY_V1
central,2050,Brussels-Capital Region,BE_TABULA_22,Semi-detached house,post-2005,TABULA_standard_B_proxy,38.8633140946,566042,2024,house,no_pv,false,0.111511850067,0,0.888488149933,34.529594040173,0,0,88.655492918859,193.622654121696,2500,837.059512188171,observed_2024_small_system_stock,BRUGEL_POWERBI_SNAPSHOT+SIBELGA_PV_2024+REGIONAL_PV_TARGETS_2030+REGIONAL_PV_YIELD+BRUSSELS_ENV_ROOFTOP,PV_PROXY_STOCK_ONLY_V1
central,2050,Brussels-Capital Region,BE_TABULA_22,Semi-detached house,post-2005,TABULA_standard_B_proxy,38.8633140946,566042,2024,house,pv_installed,true,0.111511850067,0,0.111511850067,4.333720054427,3.965978926316,0.017187442408,88.655492918859,193.622654121696,2500,837.059512188171,observed_2024_small_system_stock,BRUGEL_POWERBI_SNAPSHOT+SIBELGA_PV_2024+REGIONAL_PV_TARGETS_2030+REGIONAL_PV_YIELD+BRUSSELS_ENV_ROOFTOP,PV_PROXY_STOCK_ONLY_V1
central,2050,Brussels-Capital Region,BE_TABULA_22,Semi-detached house,post-2005,TABULA_advanced_A_proxy,10.718529688,566042,2050,house,no_pv,false,0.231312889111,0.057828222278,0.768687110889,8.239195618852,0,0,193.622654121696,193.622654121696,2500,837.059512188171,linear_trajectory,BRUGEL_POWERBI_SNAPSHOT+SIBELGA_PV_2024+REGIONAL_PV_TARGETS_2030+REGIONAL_PV_YIELD+BRUSSELS_ENV_ROOFTOP,PV_PROXY_STOCK_ONLY_V1
central,2050,Brussels-Capital Region,BE_TABULA_22,Semi-detached house,post-2005,TABULA_advanced_A_proxy,10.718529688,566042,2050,house,pv_installed,true,0.231312889111,0.057828222278,0.231312889111,2.479334069148,3.965978926316,0.00983298667,193.622654121696,193.622654121696,2500,837.059512188171,linear_trajectory,BRUGEL_POWERBI_SNAPSHOT+SIBELGA_PV_2024+REGIONAL_PV_TARGETS_2030+REGIONAL_PV_YIELD+BRUSSELS_ENV_ROOFTOP,PV_PROXY_STOCK_ONLY_V1
central,2050,Brussels-Capital Region,BE_TABULA_23,Terraced house,post-2005,TABULA_existing,2153.27823584,566042,2024,house,no_pv,false,0.111511850067,0,0.888488149933,1913.162196052272,0,0,88.655492918859,193.622654121696,2500,837.059512188171,observed_2024_small_system_stock,BRUGEL_POWERBI_SNAPSHOT+SIBELGA_PV_2024+REGIONAL_PV_TARGETS_2030+REGIONAL_PV_YIELD+BRUSSELS_ENV_ROOFTOP,PV_PROXY_STOCK_ONLY_V1
central,2050,Brussels-Capital Region,BE_TABULA_23,Terraced house,post-2005,TABULA_existing,2153.27823584,566042,2024,house,pv_installed,true,0.111511850067,0,0.111511850067,240.116039787728,3.965978926316,0.952295153668,88.655492918859,193.622654121696,2500,837.059512188171,observed_2024_small_system_stock,BRUGEL_POWERBI_SNAPSHOT+SIBELGA_PV_2024+REGIONAL_PV_TARGETS_2030+REGIONAL_PV_YIELD+BRUSSELS_ENV_ROOFTOP,PV_PROXY_STOCK_ONLY_V1
central,2050,Brussels-Capital Region,BE_TABULA_23,Terraced house,post-2005,TABULA_standard_B_proxy,130.361129865,566042,2024,house,no_pv,false,0.111511850067,0,0.888488149933,115.824319096917,0,0,88.655492918859,193.622654121696,2500,837.059512188171,observed_2024_small_system_stock,BRUGEL_POWERBI_SNAPSHOT+SIBELGA_PV_2024+REGIONAL_PV_TARGETS_2030+REGIONAL_PV_YIELD+BRUSSELS_ENV_ROOFTOP,PV_PROXY_STOCK_ONLY_V1
central,2050,Brussels-Capital Region,BE_TABULA_23,Terraced house,post-2005,TABULA_standard_B_proxy,130.361129865,566042,2024,house,pv_installed,true,0.111511850067,0,0.111511850067,14.536810768083,3.965978926316,0.057652685162,88.655492918859,193.622654121696,2500,837.059512188171,observed_2024_small_system_stock,BRUGEL_POWERBI_SNAPSHOT+SIBELGA_PV_2024+REGIONAL_PV_TARGETS_2030+REGIONAL_PV_YIELD+BRUSSELS_ENV_ROOFTOP,PV_PROXY_STOCK_ONLY_V1
central,2050,Brussels-Capital Region,BE_TABULA_23,Terraced house,post-2005,TABULA_advanced_A_proxy,35.9536924006,566042,2050,house,no_pv,false,0.231312889111,0.057828222278,0.768687110889,27.637139937226,0,0,193.622654121696,193.622654121696,2500,837.059512188171,linear_trajectory,BRUGEL_POWERBI_SNAPSHOT+SIBELGA_PV_2024+REGIONAL_PV_TARGETS_2030+REGIONAL_PV_YIELD+BRUSSELS_ENV_ROOFTOP,PV_PROXY_STOCK_ONLY_V1
central,2050,Brussels-Capital Region,BE_TABULA_23,Terraced house,post-2005,TABULA_advanced_A_proxy,35.9536924006,566042,2050,house,pv_installed,true,0.231312889111,0.057828222278,0.231312889111,8.316552463374,3.965978926316,0.032983271809,193.622654121696,193.622654121696,2500,837.059512188171,linear_trajectory,BRUGEL_POWERBI_SNAPSHOT+SIBELGA_PV_2024+REGIONAL_PV_TARGETS_2030+REGIONAL_PV_YIELD+BRUSSELS_ENV_ROOFTOP,PV_PROXY_STOCK_ONLY_V1
central,2050,Brussels-Capital Region,BE_TABULA_24,"Apartment, enclosed",post-2005,TABULA_existing,14100.6447212,566042,2024,apartment,no_pv,false,0.111511850067,0,1,14100.6447212,0,0,88.655492918859,193.622654121696,2500,837.059512188171,observed_2024_small_system_stock,BRUGEL_POWERBI_SNAPSHOT+SIBELGA_PV_2024+REGIONAL_PV_TARGETS_2030+REGIONAL_PV_YIELD+BRUSSELS_ENV_ROOFTOP,PV_PROXY_STOCK_ONLY_V1
central,2050,Brussels-Capital Region,BE_TABULA_24,"Apartment, enclosed",post-2005,TABULA_existing,14100.6447212,566042,2024,apartment,pv_installed,true,0.111511850067,0,0,0,0,0,88.655492918859,193.622654121696,2500,837.059512188171,observed_2024_small_system_stock,BRUGEL_POWERBI_SNAPSHOT+SIBELGA_PV_2024+REGIONAL_PV_TARGETS_2030+REGIONAL_PV_YIELD+BRUSSELS_ENV_ROOFTOP,PV_PROXY_STOCK_ONLY_V1
central,2050,Brussels-Capital Region,BE_TABULA_24,"Apartment, enclosed",post-2005,TABULA_standard_B_proxy,853.663937665,566042,2024,apartment,no_pv,false,0.111511850067,0,1,853.663937665,0,0,88.655492918859,193.622654121696,2500,837.059512188171,observed_2024_small_system_stock,BRUGEL_POWERBI_SNAPSHOT+SIBELGA_PV_2024+REGIONAL_PV_TARGETS_2030+REGIONAL_PV_YIELD+BRUSSELS_ENV_ROOFTOP,PV_PROXY_STOCK_ONLY_V1
central,2050,Brussels-Capital Region,BE_TABULA_24,"Apartment, enclosed",post-2005,TABULA_standard_B_proxy,853.663937665,566042,2024,apartment,pv_installed,true,0.111511850067,0,0,0,0,0,88.655492918859,193.622654121696,2500,837.059512188171,observed_2024_small_system_stock,BRUGEL_POWERBI_SNAPSHOT+SIBELGA_PV_2024+REGIONAL_PV_TARGETS_2030+REGIONAL_PV_YIELD+BRUSSELS_ENV_ROOFTOP,PV_PROXY_STOCK_ONLY_V1
central,2050,Brussels-Capital Region,BE_TABULA_24,"Apartment, enclosed",post-2005,TABULA_advanced_A_proxy,235.441121598,566042,2050,apartment,no_pv,false,0.231312889111,0.057828222278,0.942171777722,221.825980084936,0,0,193.622654121696,193.622654121696,2500,837.059512188171,linear_trajectory,BRUGEL_POWERBI_SNAPSHOT+SIBELGA_PV_2024+REGIONAL_PV_TARGETS_2030+REGIONAL_PV_YIELD+BRUSSELS_ENV_ROOFTOP,PV_PROXY_STOCK_ONLY_V1
central,2050,Brussels-Capital Region,BE_TABULA_24,"Apartment, enclosed",post-2005,TABULA_advanced_A_proxy,235.441121598,566042,2050,apartment,pv_installed,true,0.231312889111,0.057828222278,0.057828222278,13.615141513064,0.459845655053,0.006260863668,193.622654121696,193.622654121696,2500,837.059512188171,linear_trajectory,BRUGEL_POWERBI_SNAPSHOT+SIBELGA_PV_2024+REGIONAL_PV_TARGETS_2030+REGIONAL_PV_YIELD+BRUSSELS_ENV_ROOFTOP,PV_PROXY_STOCK_ONLY_V1
central,2050,Brussels-Capital Region,BE_TABULA_25,"Apartment, exposed",post-2005,TABULA_existing,14100.6447212,566042,2024,apartment,no_pv,false,0.111511850067,0,1,14100.6447212,0,0,88.655492918859,193.622654121696,2500,837.059512188171,observed_2024_small_system_stock,BRUGEL_POWERBI_SNAPSHOT+SIBELGA_PV_2024+REGIONAL_PV_TARGETS_2030+REGIONAL_PV_YIELD+BRUSSELS_ENV_ROOFTOP,PV_PROXY_STOCK_ONLY_V1
central,2050,Brussels-Capital Region,BE_TABULA_25,"Apartment, exposed",post-2005,TABULA_existing,14100.6447212,566042,2024,apartment,pv_installed,true,0.111511850067,0,0,0,0,0,88.655492918859,193.622654121696,2500,837.059512188171,observed_2024_small_system_stock,BRUGEL_POWERBI_SNAPSHOT+SIBELGA_PV_2024+REGIONAL_PV_TARGETS_2030+REGIONAL_PV_YIELD+BRUSSELS_ENV_ROOFTOP,PV_PROXY_STOCK_ONLY_V1
central,2050,Brussels-Capital Region,BE_TABULA_25,"Apartment, exposed",post-2005,TABULA_standard_B_proxy,853.663937665,566042,2024,apartment,no_pv,false,0.111511850067,0,1,853.663937665,0,0,88.655492918859,193.622654121696,2500,837.059512188171,observed_2024_small_system_stock,BRUGEL_POWERBI_SNAPSHOT+SIBELGA_PV_2024+REGIONAL_PV_TARGETS_2030+REGIONAL_PV_YIELD+BRUSSELS_ENV_ROOFTOP,PV_PROXY_STOCK_ONLY_V1
central,2050,Brussels-Capital Region,BE_TABULA_25,"Apartment, exposed",post-2005,TABULA_standard_B_proxy,853.663937665,566042,2024,apartment,pv_installed,true,0.111511850067,0,0,0,0,0,88.655492918859,193.622654121696,2500,837.059512188171,observed_2024_small_system_stock,BRUGEL_POWERBI_SNAPSHOT+SIBELGA_PV_2024+REGIONAL_PV_TARGETS_2030+REGIONAL_PV_YIELD+BRUSSELS_ENV_ROOFTOP,PV_PROXY_STOCK_ONLY_V1
central,2050,Brussels-Capital Region,BE_TABULA_25,"Apartment, exposed",post-2005,TABULA_advanced_A_proxy,235.441121598,566042,2050,apartment,no_pv,false,0.231312889111,0.057828222278,0.942171777722,221.825980084936,0,0,193.622654121696,193.622654121696,2500,837.059512188171,linear_trajectory,BRUGEL_POWERBI_SNAPSHOT+SIBELGA_PV_2024+REGIONAL_PV_TARGETS_2030+REGIONAL_PV_YIELD+BRUSSELS_ENV_ROOFTOP,PV_PROXY_STOCK_ONLY_V1
central,2050,Brussels-Capital Region,BE_TABULA_25,"Apartment, exposed",post-2005,TABULA_advanced_A_proxy,235.441121598,566042,2050,apartment,pv_installed,true,0.231312889111,0.057828222278,0.057828222278,13.615141513064,0.459845655053,0.006260863668,193.622654121696,193.622654121696,2500,837.059512188171,linear_trajectory,BRUGEL_POWERBI_SNAPSHOT+SIBELGA_PV_2024+REGIONAL_PV_TARGETS_2030+REGIONAL_PV_YIELD+BRUSSELS_ENV_ROOFTOP,PV_PROXY_STOCK_ONLY_V1
