run_id,archetype_id,dwelling_type,dwelling_class,construction_period,state_id,archetype_state_sha256,floor_area_m2,climate_scenario_id,weather_member_id,weather_pair_id,observed_pvgis_year,climate_target,occupant_seed,occupant_count,richardson_seed,model_scenario_id,model_scenario_axis,annual_heating_kWh,annual_cooling_kWh,heating_intensity_kWh_m2,cooling_intensity_kWh_m2,peak_heating_W,peak_cooling_W,heating_full_load_equivalent_hours,cooling_full_load_equivalent_hours,heating_controlled_hours,cooling_controlled_hours,iso_no_load_trial_above_cooling_setpoint_hours,iso_no_load_trial_below_heating_setpoint_hours,hrv_bypass_hours,annual_internal_gains_kWh,annual_household_electricity_kWh,max_abs_energy_balance_residual_W,warmup_cycles,model_contract_version,central_thermal_assumptions_sha256,effective_thermal_assumptions_sha256,behaviour_assumptions_sha256,occupant_distribution_sha256,model_scenario_sha256,member_sha256,metadata_sha256,climate_manifest_sha256,morph_contract_sha256,weather_contract_sha256,weather_forcing_sha256,heating_setpoint_hours_json,cooling_setpoint_hours_json,facade_source_sha256_json
mc_7156ee5883fad2174d7af41e253a02151da6e8b5a366ef5651bd6a7122f5a0da,BE_TABULA_11,Detached house,SFH,1971-1990,TABULA_existing,231ef175659def943b74235aceb0ef9def0e53fc195cdad7a8338fa6b54777e3,238.40000000000001,rcp_2_6,weather_2050_rcp_2_6_pvgis_2006,pvgis_2006,2006,2041-2060,1203443498,4,2950803985,central,central,43531.104815299092,760.30478299906724,182.59691617155659,3.1891979152645438,20247.044847101701,8808.3330063271787,2149.997945084338,86.316534859993041,5973,289,289,5973,0,4185.6149999996142,3499.9999999996135,1.0982148523908108e-10,2,residential_energy_demand_gate5_v1,4b5b7791539478f9b2562d1b176e235ac7b641e1afdc40c3d5242661d9dbed3d,4b5b7791539478f9b2562d1b176e235ac7b641e1afdc40c3d5242661d9dbed3d,2ad0e9f7bbdfe12695c931891fd0e8132d060fd7bcbca23623db43d4c7393a5c,561839806dcdb8279ac4e42025bc5a82751f2588a2b2066fa84637918d8e4896,2987a546cb3f48253dcdfdc400036a68d1977eddb1012f753e54eca010acedd8,73ed0728ba3aea4548919a2c599b960f1645e1842d48afd930cc90a737aecd92,a96eee14f959c7954577e91fe17d4515a9348f0431a52c4dd9b8f37b88ac9cf5,d543101e7ea78ed2ddaba45de0ca0f44ec997e73ba696c2970de54b1e75cccfc,e40ccb491db9d0ecfe8c9e8462f713cf096279ef2b219236d05222512135b242,fb59b12e82b041c59cc8a3933745a40e92c5e89aa7df64846e5855fbd3acb00e,38669e3f0e715d12f919bbd64ba6e09fbb431145f819869ebd01d20e8fde4ed0,"[[18.0,3210],[20.0,5550]]","[[26.0,8760]]","[[""north"",""002ee4e68ba2ff1e9da7eb8f1e16c441bba47a8ad5ed36d81dc169204a2cb66d""],[""east"",""b1a28b883b4633c7b55388b5b43f571e79efcd391bc0ce6bc07019b5e25d8065""],[""south"",""c667e440b35d715226d38302c0104b35b5d5764fed6125e5bcc80d08fabf1f41""],[""west"",""2767619730916a7bca7fe58275301af35dc43db33040cad9a975264954dbabb5""]]"
mc_37f60b90354bc060e9c702f69e11c96198d57078e6b236231fd1cf07904f80ff,BE_TABULA_11,Detached house,SFH,1971-1990,TABULA_existing,231ef175659def943b74235aceb0ef9def0e53fc195cdad7a8338fa6b54777e3,238.40000000000001,rcp_2_6,weather_2050_rcp_2_6_pvgis_2006,pvgis_2006,2006,2041-2060,2404203277,3,2654959407,central,central,43546.661592923891,743.75610283443609,182.66217111125792,3.1197823105471314,19960.500846347084,8418.0530855061916,2181.6417297411272,88.352508030033746,5996,283,283,5996,0,4067.384999999565,3499.9999999995653,9.0722096501849592e-11,2,residential_energy_demand_gate5_v1,4b5b7791539478f9b2562d1b176e235ac7b641e1afdc40c3d5242661d9dbed3d,4b5b7791539478f9b2562d1b176e235ac7b641e1afdc40c3d5242661d9dbed3d,2ad0e9f7bbdfe12695c931891fd0e8132d060fd7bcbca23623db43d4c7393a5c,561839806dcdb8279ac4e42025bc5a82751f2588a2b2066fa84637918d8e4896,2987a546cb3f48253dcdfdc400036a68d1977eddb1012f753e54eca010acedd8,73ed0728ba3aea4548919a2c599b960f1645e1842d48afd930cc90a737aecd92,a96eee14f959c7954577e91fe17d4515a9348f0431a52c4dd9b8f37b88ac9cf5,d543101e7ea78ed2ddaba45de0ca0f44ec997e73ba696c2970de54b1e75cccfc,e40ccb491db9d0ecfe8c9e8462f713cf096279ef2b219236d05222512135b242,fb59b12e82b041c59cc8a3933745a40e92c5e89aa7df64846e5855fbd3acb00e,38669e3f0e715d12f919bbd64ba6e09fbb431145f819869ebd01d20e8fde4ed0,"[[18.0,3303],[20.0,5457]]","[[26.0,8760]]","[[""north"",""002ee4e68ba2ff1e9da7eb8f1e16c441bba47a8ad5ed36d81dc169204a2cb66d""],[""east"",""b1a28b883b4633c7b55388b5b43f571e79efcd391bc0ce6bc07019b5e25d8065""],[""south"",""c667e440b35d715226d38302c0104b35b5d5764fed6125e5bcc80d08fabf1f41""],[""west"",""2767619730916a7bca7fe58275301af35dc43db33040cad9a975264954dbabb5""]]"
mc_149a0185a4bca49a7ca8ea4d9f0ac79f49df97cb8f23b224eca772870fabb0b7,BE_TABULA_11,Detached house,SFH,1971-1990,TABULA_existing,231ef175659def943b74235aceb0ef9def0e53fc195cdad7a8338fa6b54777e3,238.40000000000001,rcp_2_6,weather_2050_rcp_2_6_pvgis_2006,pvgis_2006,2006,2041-2060,556301278,2,3952333982,central,central,43136.5672777828,736.69465859911247,180.94197683633723,3.0901621585533241,20271.377342336673,8175.2881377569238,2127.9544329576602,90.112378448992672,5929,277,277,5929,0,3946.4599999993889,3499.9999999993893,9.7770680440589786e-11,2,residential_energy_demand_gate5_v1,4b5b7791539478f9b2562d1b176e235ac7b641e1afdc40c3d5242661d9dbed3d,4b5b7791539478f9b2562d1b176e235ac7b641e1afdc40c3d5242661d9dbed3d,2ad0e9f7bbdfe12695c931891fd0e8132d060fd7bcbca23623db43d4c7393a5c,561839806dcdb8279ac4e42025bc5a82751f2588a2b2066fa84637918d8e4896,2987a546cb3f48253dcdfdc400036a68d1977eddb1012f753e54eca010acedd8,73ed0728ba3aea4548919a2c599b960f1645e1842d48afd930cc90a737aecd92,a96eee14f959c7954577e91fe17d4515a9348f0431a52c4dd9b8f37b88ac9cf5,d543101e7ea78ed2ddaba45de0ca0f44ec997e73ba696c2970de54b1e75cccfc,e40ccb491db9d0ecfe8c9e8462f713cf096279ef2b219236d05222512135b242,fb59b12e82b041c59cc8a3933745a40e92c5e89aa7df64846e5855fbd3acb00e,38669e3f0e715d12f919bbd64ba6e09fbb431145f819869ebd01d20e8fde4ed0,"[[18.0,3769],[20.0,4991]]","[[26.0,8760]]","[[""north"",""002ee4e68ba2ff1e9da7eb8f1e16c441bba47a8ad5ed36d81dc169204a2cb66d""],[""east"",""b1a28b883b4633c7b55388b5b43f571e79efcd391bc0ce6bc07019b5e25d8065""],[""south"",""c667e440b35d715226d38302c0104b35b5d5764fed6125e5bcc80d08fabf1f41""],[""west"",""2767619730916a7bca7fe58275301af35dc43db33040cad9a975264954dbabb5""]]"
mc_bf394f1f03a7792849e1862cd0b2f24d428a776f4ba9b2a0457902d2edeefff7,BE_TABULA_11,Detached house,SFH,1971-1990,TABULA_existing,231ef175659def943b74235aceb0ef9def0e53fc195cdad7a8338fa6b54777e3,238.40000000000001,rcp_2_6,weather_2050_rcp_2_6_pvgis_2006,pvgis_2006,2006,2041-2060,3323552575,1,3663581506,central,central,42298.640015689351,710.73270032453274,177.42718127386473,2.9812613268646508,20131.133180905756,8478.6295883468374,2101.1554409569612,83.826365206633739,5847,272,272,5847,0,3729.2383333328439,3499.9999999995107,8.0490281106904149e-11,2,residential_energy_demand_gate5_v1,4b5b7791539478f9b2562d1b176e235ac7b641e1afdc40c3d5242661d9dbed3d,4b5b7791539478f9b2562d1b176e235ac7b641e1afdc40c3d5242661d9dbed3d,2ad0e9f7bbdfe12695c931891fd0e8132d060fd7bcbca23623db43d4c7393a5c,561839806dcdb8279ac4e42025bc5a82751f2588a2b2066fa84637918d8e4896,2987a546cb3f48253dcdfdc400036a68d1977eddb1012f753e54eca010acedd8,73ed0728ba3aea4548919a2c599b960f1645e1842d48afd930cc90a737aecd92,a96eee14f959c7954577e91fe17d4515a9348f0431a52c4dd9b8f37b88ac9cf5,d543101e7ea78ed2ddaba45de0ca0f44ec997e73ba696c2970de54b1e75cccfc,e40ccb491db9d0ecfe8c9e8462f713cf096279ef2b219236d05222512135b242,fb59b12e82b041c59cc8a3933745a40e92c5e89aa7df64846e5855fbd3acb00e,38669e3f0e715d12f919bbd64ba6e09fbb431145f819869ebd01d20e8fde4ed0,"[[18.0,4662],[20.0,4098]]","[[26.0,8760]]","[[""north"",""002ee4e68ba2ff1e9da7eb8f1e16c441bba47a8ad5ed36d81dc169204a2cb66d""],[""east"",""b1a28b883b4633c7b55388b5b43f571e79efcd391bc0ce6bc07019b5e25d8065""],[""south"",""c667e440b35d715226d38302c0104b35b5d5764fed6125e5bcc80d08fabf1f41""],[""west"",""2767619730916a7bca7fe58275301af35dc43db33040cad9a975264954dbabb5""]]"
mc_c3eb4b447b188452d3729b17164534f8c85ef6e98c71efa572ceb268ed114a78,BE_TABULA_11,Detached house,SFH,1971-1990,TABULA_existing,231ef175659def943b74235aceb0ef9def0e53fc195cdad7a8338fa6b54777e3,238.40000000000001,rcp_2_6,weather_2050_rcp_2_6_pvgis_2006,pvgis_2006,2006,2041-2060,3843248486,5,251978867,central,central,43857.192794564457,741.46845857463677,183.96473487652875,3.110186487309718,20133.523792116815,8378.0551098782635,2178.3167838576042,88.501262984102112,6044,287,287,6044,0,4335.800000001188,3500.0000000011878,8.3673512563109398e-11,2,residential_energy_demand_gate5_v1,4b5b7791539478f9b2562d1b176e235ac7b641e1afdc40c3d5242661d9dbed3d,4b5b7791539478f9b2562d1b176e235ac7b641e1afdc40c3d5242661d9dbed3d,2ad0e9f7bbdfe12695c931891fd0e8132d060fd7bcbca23623db43d4c7393a5c,561839806dcdb8279ac4e42025bc5a82751f2588a2b2066fa84637918d8e4896,2987a546cb3f48253dcdfdc400036a68d1977eddb1012f753e54eca010acedd8,73ed0728ba3aea4548919a2c599b960f1645e1842d48afd930cc90a737aecd92,a96eee14f959c7954577e91fe17d4515a9348f0431a52c4dd9b8f37b88ac9cf5,d543101e7ea78ed2ddaba45de0ca0f44ec997e73ba696c2970de54b1e75cccfc,e40ccb491db9d0ecfe8c9e8462f713cf096279ef2b219236d05222512135b242,fb59b12e82b041c59cc8a3933745a40e92c5e89aa7df64846e5855fbd3acb00e,38669e3f0e715d12f919bbd64ba6e09fbb431145f819869ebd01d20e8fde4ed0,"[[18.0,2818],[20.0,5942]]","[[26.0,8760]]","[[""north"",""002ee4e68ba2ff1e9da7eb8f1e16c441bba47a8ad5ed36d81dc169204a2cb66d""],[""east"",""b1a28b883b4633c7b55388b5b43f571e79efcd391bc0ce6bc07019b5e25d8065""],[""south"",""c667e440b35d715226d38302c0104b35b5d5764fed6125e5bcc80d08fabf1f41""],[""west"",""2767619730916a7bca7fe58275301af35dc43db33040cad9a975264954dbabb5""]]"
mc_6e7984a963717a1639563d27998e2a82204cc39f60e0475fc55ec54917ed709a,BE_TABULA_11,Detached house,SFH,1971-1990,TABULA_existing,231ef175659def943b74235aceb0ef9def0e53fc195cdad7a8338fa6b54777e3,238.40000000000001,rcp_2_6,weather_2050_rcp_2_6_pvgis_2006,pvgis_2006,2006,2041-2060,3312507027,1,2010455973,central,central,42496.154446692126,734.34892245210494,178.25568140390993,3.0803226612923864,20373.507426981971,8168.9837869311041,2085.8536311922257,89.894770464219846,5856,276,276,5856,0,3739.1550000003494,3500.0000000003492,8.9130480773746967e-11,2,residential_energy_demand_gate5_v1,4b5b7791539478f9b2562d1b176e235ac7b641e1afdc40c3d5242661d9dbed3d,4b5b7791539478f9b2562d1b176e235ac7b641e1afdc40c3d5242661d9dbed3d,2ad0e9f7bbdfe12695c931891fd0e8132d060fd7bcbca23623db43d4c7393a5c,561839806dcdb8279ac4e42025bc5a82751f2588a2b2066fa84637918d8e4896,2987a546cb3f48253dcdfdc400036a68d1977eddb1012f753e54eca010acedd8,73ed0728ba3aea4548919a2c599b960f1645e1842d48afd930cc90a737aecd92,a96eee14f959c7954577e91fe17d4515a9348f0431a52c4dd9b8f37b88ac9cf5,d543101e7ea78ed2ddaba45de0ca0f44ec997e73ba696c2970de54b1e75cccfc,e40ccb491db9d0ecfe8c9e8462f713cf096279ef2b219236d05222512135b242,fb59b12e82b041c59cc8a3933745a40e92c5e89aa7df64846e5855fbd3acb00e,38669e3f0e715d12f919bbd64ba6e09fbb431145f819869ebd01d20e8fde4ed0,"[[18.0,4506],[20.0,4254]]","[[26.0,8760]]","[[""north"",""002ee4e68ba2ff1e9da7eb8f1e16c441bba47a8ad5ed36d81dc169204a2cb66d""],[""east"",""b1a28b883b4633c7b55388b5b43f571e79efcd391bc0ce6bc07019b5e25d8065""],[""south"",""c667e440b35d715226d38302c0104b35b5d5764fed6125e5bcc80d08fabf1f41""],[""west"",""2767619730916a7bca7fe58275301af35dc43db33040cad9a975264954dbabb5""]]"
mc_8b9aac6b15cd258a632de78e06c071293fd48f58a5ae2c67836a1f72e14370ea,BE_TABULA_11,Detached house,SFH,1971-1990,TABULA_existing,231ef175659def943b74235aceb0ef9def0e53fc195cdad7a8338fa6b54777e3,238.40000000000001,rcp_2_6,weather_2050_rcp_2_6_pvgis_2006,pvgis_2006,2006,2041-2060,526650457,2,2819822863,central,central,43159.780858519109,746.63556695726504,181.03934923875465,3.1318605996529572,20048.720849952035,8441.9993472874412,2152.7448649484472,88.442978522282374,5960,285,285,5960,0,3952.2466666675477,3500.0000000008813,1.0413714335300028e-10,2,residential_energy_demand_gate5_v1,4b5b7791539478f9b2562d1b176e235ac7b641e1afdc40c3d5242661d9dbed3d,4b5b7791539478f9b2562d1b176e235ac7b641e1afdc40c3d5242661d9dbed3d,2ad0e9f7bbdfe12695c931891fd0e8132d060fd7bcbca23623db43d4c7393a5c,561839806dcdb8279ac4e42025bc5a82751f2588a2b2066fa84637918d8e4896,2987a546cb3f48253dcdfdc400036a68d1977eddb1012f753e54eca010acedd8,73ed0728ba3aea4548919a2c599b960f1645e1842d48afd930cc90a737aecd92,a96eee14f959c7954577e91fe17d4515a9348f0431a52c4dd9b8f37b88ac9cf5,d543101e7ea78ed2ddaba45de0ca0f44ec997e73ba696c2970de54b1e75cccfc,e40ccb491db9d0ecfe8c9e8462f713cf096279ef2b219236d05222512135b242,fb59b12e82b041c59cc8a3933745a40e92c5e89aa7df64846e5855fbd3acb00e,38669e3f0e715d12f919bbd64ba6e09fbb431145f819869ebd01d20e8fde4ed0,"[[18.0,3742],[20.0,5018]]","[[26.0,8760]]","[[""north"",""002ee4e68ba2ff1e9da7eb8f1e16c441bba47a8ad5ed36d81dc169204a2cb66d""],[""east"",""b1a28b883b4633c7b55388b5b43f571e79efcd391bc0ce6bc07019b5e25d8065""],[""south"",""c667e440b35d715226d38302c0104b35b5d5764fed6125e5bcc80d08fabf1f41""],[""west"",""2767619730916a7bca7fe58275301af35dc43db33040cad9a975264954dbabb5""]]"
mc_378fe8f5919efb7d188df03f0f3cd8f41636f46c2ee099e022fe51242e892861,BE_TABULA_11,Detached house,SFH,1971-1990,TABULA_existing,231ef175659def943b74235aceb0ef9def0e53fc195cdad7a8338fa6b54777e3,238.40000000000001,rcp_2_6,weather_2050_rcp_2_6_pvgis_2006,pvgis_2006,2006,2041-2060,2006049321,2,3978763875,central,central,43222.974600538844,723.14395426605051,181.30442365997837,3.0333219558139701,20252.986402379593,8720.485872408397,2134.1531437289873,82.924732044355096,5973,278,278,5973,0,3961.7899999999822,3499.9999999999823,1.0595613275654614e-10,2,residential_energy_demand_gate5_v1,4b5b7791539478f9b2562d1b176e235ac7b641e1afdc40c3d5242661d9dbed3d,4b5b7791539478f9b2562d1b176e235ac7b641e1afdc40c3d5242661d9dbed3d,2ad0e9f7bbdfe12695c931891fd0e8132d060fd7bcbca23623db43d4c7393a5c,561839806dcdb8279ac4e42025bc5a82751f2588a2b2066fa84637918d8e4896,2987a546cb3f48253dcdfdc400036a68d1977eddb1012f753e54eca010acedd8,73ed0728ba3aea4548919a2c599b960f1645e1842d48afd930cc90a737aecd92,a96eee14f959c7954577e91fe17d4515a9348f0431a52c4dd9b8f37b88ac9cf5,d543101e7ea78ed2ddaba45de0ca0f44ec997e73ba696c2970de54b1e75cccfc,e40ccb491db9d0ecfe8c9e8462f713cf096279ef2b219236d05222512135b242,fb59b12e82b041c59cc8a3933745a40e92c5e89aa7df64846e5855fbd3acb00e,38669e3f0e715d12f919bbd64ba6e09fbb431145f819869ebd01d20e8fde4ed0,"[[18.0,3681],[20.0,5079]]","[[26.0,8760]]","[[""north"",""002ee4e68ba2ff1e9da7eb8f1e16c441bba47a8ad5ed36d81dc169204a2cb66d""],[""east"",""b1a28b883b4633c7b55388b5b43f571e79efcd391bc0ce6bc07019b5e25d8065""],[""south"",""c667e440b35d715226d38302c0104b35b5d5764fed6125e5bcc80d08fabf1f41""],[""west"",""2767619730916a7bca7fe58275301af35dc43db33040cad9a975264954dbabb5""]]"
mc_72116e551714fd21855317fe6e72559f3401c5eb936e61a650cbd13fd9a79f1f,BE_TABULA_11,Detached house,SFH,1971-1990,TABULA_existing,231ef175659def943b74235aceb0ef9def0e53fc195cdad7a8338fa6b54777e3,238.40000000000001,rcp_2_6,weather_2050_rcp_2_6_pvgis_2006,pvgis_2006,2006,2041-2060,3087163335,2,2259369127,central,central,43062.620052833779,744.64665485520743,180.63179552363161,3.1235178475470109,20229.146637837464,8565.7192083079863,2128.7413069757281,86.933348706196952,5941,276,276,5941,0,3945.5266666664597,3499.9999999997935,9.0039975475519896e-11,2,residential_energy_demand_gate5_v1,4b5b7791539478f9b2562d1b176e235ac7b641e1afdc40c3d5242661d9dbed3d,4b5b7791539478f9b2562d1b176e235ac7b641e1afdc40c3d5242661d9dbed3d,2ad0e9f7bbdfe12695c931891fd0e8132d060fd7bcbca23623db43d4c7393a5c,561839806dcdb8279ac4e42025bc5a82751f2588a2b2066fa84637918d8e4896,2987a546cb3f48253dcdfdc400036a68d1977eddb1012f753e54eca010acedd8,73ed0728ba3aea4548919a2c599b960f1645e1842d48afd930cc90a737aecd92,a96eee14f959c7954577e91fe17d4515a9348f0431a52c4dd9b8f37b88ac9cf5,d543101e7ea78ed2ddaba45de0ca0f44ec997e73ba696c2970de54b1e75cccfc,e40ccb491db9d0ecfe8c9e8462f713cf096279ef2b219236d05222512135b242,fb59b12e82b041c59cc8a3933745a40e92c5e89aa7df64846e5855fbd3acb00e,38669e3f0e715d12f919bbd64ba6e09fbb431145f819869ebd01d20e8fde4ed0,"[[18.0,3817],[20.0,4943]]","[[26.0,8760]]","[[""north"",""002ee4e68ba2ff1e9da7eb8f1e16c441bba47a8ad5ed36d81dc169204a2cb66d""],[""east"",""b1a28b883b4633c7b55388b5b43f571e79efcd391bc0ce6bc07019b5e25d8065""],[""south"",""c667e440b35d715226d38302c0104b35b5d5764fed6125e5bcc80d08fabf1f41""],[""west"",""2767619730916a7bca7fe58275301af35dc43db33040cad9a975264954dbabb5""]]"
mc_b63995656113ded885754820b398d2cdaed8411e53f30aa07734793d5f95f35e,BE_TABULA_11,Detached house,SFH,1971-1990,TABULA_existing,231ef175659def943b74235aceb0ef9def0e53fc195cdad7a8338fa6b54777e3,238.40000000000001,rcp_2_6,weather_2050_rcp_2_6_pvgis_2006,pvgis_2006,2006,2041-2060,1341830702,3,629275523,central,central,43488.560132482453,754.01129109378746,182.41845693155392,3.162799039822934,20140.658642846236,8706.7872184491043,2159.2422027334824,86.600404049852912,5947,283,283,5947,0,4050.5033333333936,3500.0000000000605,9.4587448984384537e-11,2,residential_energy_demand_gate5_v1,4b5b7791539478f9b2562d1b176e235ac7b641e1afdc40c3d5242661d9dbed3d,4b5b7791539478f9b2562d1b176e235ac7b641e1afdc40c3d5242661d9dbed3d,2ad0e9f7bbdfe12695c931891fd0e8132d060fd7bcbca23623db43d4c7393a5c,561839806dcdb8279ac4e42025bc5a82751f2588a2b2066fa84637918d8e4896,2987a546cb3f48253dcdfdc400036a68d1977eddb1012f753e54eca010acedd8,73ed0728ba3aea4548919a2c599b960f1645e1842d48afd930cc90a737aecd92,a96eee14f959c7954577e91fe17d4515a9348f0431a52c4dd9b8f37b88ac9cf5,d543101e7ea78ed2ddaba45de0ca0f44ec997e73ba696c2970de54b1e75cccfc,e40ccb491db9d0ecfe8c9e8462f713cf096279ef2b219236d05222512135b242,fb59b12e82b041c59cc8a3933745a40e92c5e89aa7df64846e5855fbd3acb00e,38669e3f0e715d12f919bbd64ba6e09fbb431145f819869ebd01d20e8fde4ed0,"[[18.0,3398],[20.0,5362]]","[[26.0,8760]]","[[""north"",""002ee4e68ba2ff1e9da7eb8f1e16c441bba47a8ad5ed36d81dc169204a2cb66d""],[""east"",""b1a28b883b4633c7b55388b5b43f571e79efcd391bc0ce6bc07019b5e25d8065""],[""south"",""c667e440b35d715226d38302c0104b35b5d5764fed6125e5bcc80d08fabf1f41""],[""west"",""2767619730916a7bca7fe58275301af35dc43db33040cad9a975264954dbabb5""]]"
mc_51d87fcf0ee1adc7e487f9ca9a23a00afbc0e90edcc58af90c2a13b975c2e227,BE_TABULA_11,Detached house,SFH,1971-1990,TABULA_existing,231ef175659def943b74235aceb0ef9def0e53fc195cdad7a8338fa6b54777e3,238.40000000000001,rcp_2_6,weather_2050_rcp_2_6_pvgis_2006,pvgis_2006,2006,2041-2060,3835840985,3,3290365174,central,central,43506.170656525253,739.51527853237701,182.49232657938444,3.1019936180049372,20703.885099943102,8412.4886355960625,2101.3529802020016,87.906838340706898,6000,281,281,6000,0,4067.3616666672956,3500.0000000006285,8.7311491370201111e-11,2,residential_energy_demand_gate5_v1,4b5b7791539478f9b2562d1b176e235ac7b641e1afdc40c3d5242661d9dbed3d,4b5b7791539478f9b2562d1b176e235ac7b641e1afdc40c3d5242661d9dbed3d,2ad0e9f7bbdfe12695c931891fd0e8132d060fd7bcbca23623db43d4c7393a5c,561839806dcdb8279ac4e42025bc5a82751f2588a2b2066fa84637918d8e4896,2987a546cb3f48253dcdfdc400036a68d1977eddb1012f753e54eca010acedd8,73ed0728ba3aea4548919a2c599b960f1645e1842d48afd930cc90a737aecd92,a96eee14f959c7954577e91fe17d4515a9348f0431a52c4dd9b8f37b88ac9cf5,d543101e7ea78ed2ddaba45de0ca0f44ec997e73ba696c2970de54b1e75cccfc,e40ccb491db9d0ecfe8c9e8462f713cf096279ef2b219236d05222512135b242,fb59b12e82b041c59cc8a3933745a40e92c5e89aa7df64846e5855fbd3acb00e,38669e3f0e715d12f919bbd64ba6e09fbb431145f819869ebd01d20e8fde4ed0,"[[18.0,3298],[20.0,5462]]","[[26.0,8760]]","[[""north"",""002ee4e68ba2ff1e9da7eb8f1e16c441bba47a8ad5ed36d81dc169204a2cb66d""],[""east"",""b1a28b883b4633c7b55388b5b43f571e79efcd391bc0ce6bc07019b5e25d8065""],[""south"",""c667e440b35d715226d38302c0104b35b5d5764fed6125e5bcc80d08fabf1f41""],[""west"",""2767619730916a7bca7fe58275301af35dc43db33040cad9a975264954dbabb5""]]"
mc_4b8fd2394ad64d9289158a435437a8ead099f7f2c06db204d5a59c0076b8fcda,BE_TABULA_11,Detached house,SFH,1971-1990,TABULA_existing,231ef175659def943b74235aceb0ef9def0e53fc195cdad7a8338fa6b54777e3,238.40000000000001,rcp_2_6,weather_2050_rcp_2_6_pvgis_2006,pvgis_2006,2006,2041-2060,2527946898,1,2830791166,central,central,42493.332674458536,725.29439292977304,178.24384511098378,3.0423422522222023,19872.496818634372,9033.169073225723,2138.2986276094243,80.29235222437525,5856,280,280,5856,0,3737.1483333335882,3500.0000000002547,8.1854523159563541e-11,2,residential_energy_demand_gate5_v1,4b5b7791539478f9b2562d1b176e235ac7b641e1afdc40c3d5242661d9dbed3d,4b5b7791539478f9b2562d1b176e235ac7b641e1afdc40c3d5242661d9dbed3d,2ad0e9f7bbdfe12695c931891fd0e8132d060fd7bcbca23623db43d4c7393a5c,561839806dcdb8279ac4e42025bc5a82751f2588a2b2066fa84637918d8e4896,2987a546cb3f48253dcdfdc400036a68d1977eddb1012f753e54eca010acedd8,73ed0728ba3aea4548919a2c599b960f1645e1842d48afd930cc90a737aecd92,a96eee14f959c7954577e91fe17d4515a9348f0431a52c4dd9b8f37b88ac9cf5,d543101e7ea78ed2ddaba45de0ca0f44ec997e73ba696c2970de54b1e75cccfc,e40ccb491db9d0ecfe8c9e8462f713cf096279ef2b219236d05222512135b242,fb59b12e82b041c59cc8a3933745a40e92c5e89aa7df64846e5855fbd3acb00e,38669e3f0e715d12f919bbd64ba6e09fbb431145f819869ebd01d20e8fde4ed0,"[[18.0,4526],[20.0,4234]]","[[26.0,8760]]","[[""north"",""002ee4e68ba2ff1e9da7eb8f1e16c441bba47a8ad5ed36d81dc169204a2cb66d""],[""east"",""b1a28b883b4633c7b55388b5b43f571e79efcd391bc0ce6bc07019b5e25d8065""],[""south"",""c667e440b35d715226d38302c0104b35b5d5764fed6125e5bcc80d08fabf1f41""],[""west"",""2767619730916a7bca7fe58275301af35dc43db33040cad9a975264954dbabb5""]]"
mc_d4c8e793fcfc8fad6054081538006655032327dfdcb3682270fb30fda027a577,BE_TABULA_11,Detached house,SFH,1971-1990,TABULA_existing,231ef175659def943b74235aceb0ef9def0e53fc195cdad7a8338fa6b54777e3,238.40000000000001,rcp_2_6,weather_2050_rcp_2_6_pvgis_2006,pvgis_2006,2006,2041-2060,1636053932,1,1368692372,central,central,42496.857399076231,715.57024452641645,178.25863002968217,3.0015530391208745,20178.424799323173,9503.8878970946662,2106.0542545670692,75.292370056802326,5869,278,278,5869,0,3738.5366666674408,3500.0000000007749,8.3218765212222934e-11,2,residential_energy_demand_gate5_v1,4b5b7791539478f9b2562d1b176e235ac7b641e1afdc40c3d5242661d9dbed3d,4b5b7791539478f9b2562d1b176e235ac7b641e1afdc40c3d5242661d9dbed3d,2ad0e9f7bbdfe12695c931891fd0e8132d060fd7bcbca23623db43d4c7393a5c,561839806dcdb8279ac4e42025bc5a82751f2588a2b2066fa84637918d8e4896,2987a546cb3f48253dcdfdc400036a68d1977eddb1012f753e54eca010acedd8,73ed0728ba3aea4548919a2c599b960f1645e1842d48afd930cc90a737aecd92,a96eee14f959c7954577e91fe17d4515a9348f0431a52c4dd9b8f37b88ac9cf5,d543101e7ea78ed2ddaba45de0ca0f44ec997e73ba696c2970de54b1e75cccfc,e40ccb491db9d0ecfe8c9e8462f713cf096279ef2b219236d05222512135b242,fb59b12e82b041c59cc8a3933745a40e92c5e89aa7df64846e5855fbd3acb00e,38669e3f0e715d12f919bbd64ba6e09fbb431145f819869ebd01d20e8fde4ed0,"[[18.0,4514],[20.0,4246]]","[[26.0,8760]]","[[""north"",""002ee4e68ba2ff1e9da7eb8f1e16c441bba47a8ad5ed36d81dc169204a2cb66d""],[""east"",""b1a28b883b4633c7b55388b5b43f571e79efcd391bc0ce6bc07019b5e25d8065""],[""south"",""c667e440b35d715226d38302c0104b35b5d5764fed6125e5bcc80d08fabf1f41""],[""west"",""2767619730916a7bca7fe58275301af35dc43db33040cad9a975264954dbabb5""]]"
mc_6374e3dc95bb8fcbc5468a6de27763e8d4c4b6ae31804ef150ee0fe0310a851f,BE_TABULA_11,Detached house,SFH,1971-1990,TABULA_existing,231ef175659def943b74235aceb0ef9def0e53fc195cdad7a8338fa6b54777e3,238.40000000000001,rcp_2_6,weather_2050_rcp_2_6_pvgis_2006,pvgis_2006,2006,2041-2060,4263654691,1,2518495530,central,central,42432.151939755757,735.0053838192963,177.98721451239831,3.0830762744097999,20281.595018974087,8752.7072704968086,2092.1506370706602,83.974633345366854,5861,282,282,5861,0,3739.7383333325311,3499.9999999991978,8.7311491370201111e-11,2,residential_energy_demand_gate5_v1,4b5b7791539478f9b2562d1b176e235ac7b641e1afdc40c3d5242661d9dbed3d,4b5b7791539478f9b2562d1b176e235ac7b641e1afdc40c3d5242661d9dbed3d,2ad0e9f7bbdfe12695c931891fd0e8132d060fd7bcbca23623db43d4c7393a5c,561839806dcdb8279ac4e42025bc5a82751f2588a2b2066fa84637918d8e4896,2987a546cb3f48253dcdfdc400036a68d1977eddb1012f753e54eca010acedd8,73ed0728ba3aea4548919a2c599b960f1645e1842d48afd930cc90a737aecd92,a96eee14f959c7954577e91fe17d4515a9348f0431a52c4dd9b8f37b88ac9cf5,d543101e7ea78ed2ddaba45de0ca0f44ec997e73ba696c2970de54b1e75cccfc,e40ccb491db9d0ecfe8c9e8462f713cf096279ef2b219236d05222512135b242,fb59b12e82b041c59cc8a3933745a40e92c5e89aa7df64846e5855fbd3acb00e,38669e3f0e715d12f919bbd64ba6e09fbb431145f819869ebd01d20e8fde4ed0,"[[18.0,4513],[20.0,4247]]","[[26.0,8760]]","[[""north"",""002ee4e68ba2ff1e9da7eb8f1e16c441bba47a8ad5ed36d81dc169204a2cb66d""],[""east"",""b1a28b883b4633c7b55388b5b43f571e79efcd391bc0ce6bc07019b5e25d8065""],[""south"",""c667e440b35d715226d38302c0104b35b5d5764fed6125e5bcc80d08fabf1f41""],[""west"",""2767619730916a7bca7fe58275301af35dc43db33040cad9a975264954dbabb5""]]"
mc_cd80924eb6896c16ef2383538c3f1ce1a20413c845cd0d28292c1e582722fc9e,BE_TABULA_11,Detached house,SFH,1971-1990,TABULA_existing,231ef175659def943b74235aceb0ef9def0e53fc195cdad7a8338fa6b54777e3,238.40000000000001,rcp_2_6,weather_2050_rcp_2_6_pvgis_2006,pvgis_2006,2006,2041-2060,2949107545,2,1219764977,central,central,43120.983668139685,735.458210140853,180.87660934622352,3.0849757136780744,19673.175244420596,8942.0491508326286,2191.8670032875852,82.247167034680373,5930,278,278,5930,0,3949.8433333335838,3500.0000000002506,9.7315933089703321e-11,2,residential_energy_demand_gate5_v1,4b5b7791539478f9b2562d1b176e235ac7b641e1afdc40c3d5242661d9dbed3d,4b5b7791539478f9b2562d1b176e235ac7b641e1afdc40c3d5242661d9dbed3d,2ad0e9f7bbdfe12695c931891fd0e8132d060fd7bcbca23623db43d4c7393a5c,561839806dcdb8279ac4e42025bc5a82751f2588a2b2066fa84637918d8e4896,2987a546cb3f48253dcdfdc400036a68d1977eddb1012f753e54eca010acedd8,73ed0728ba3aea4548919a2c599b960f1645e1842d48afd930cc90a737aecd92,a96eee14f959c7954577e91fe17d4515a9348f0431a52c4dd9b8f37b88ac9cf5,d543101e7ea78ed2ddaba45de0ca0f44ec997e73ba696c2970de54b1e75cccfc,e40ccb491db9d0ecfe8c9e8462f713cf096279ef2b219236d05222512135b242,fb59b12e82b041c59cc8a3933745a40e92c5e89aa7df64846e5855fbd3acb00e,38669e3f0e715d12f919bbd64ba6e09fbb431145f819869ebd01d20e8fde4ed0,"[[18.0,3773],[20.0,4987]]","[[26.0,8760]]","[[""north"",""002ee4e68ba2ff1e9da7eb8f1e16c441bba47a8ad5ed36d81dc169204a2cb66d""],[""east"",""b1a28b883b4633c7b55388b5b43f571e79efcd391bc0ce6bc07019b5e25d8065""],[""south"",""c667e440b35d715226d38302c0104b35b5d5764fed6125e5bcc80d08fabf1f41""],[""west"",""2767619730916a7bca7fe58275301af35dc43db33040cad9a975264954dbabb5""]]"
mc_01a0b5497cc14783b915f2ef6ea7d64319a984777ec4f56476c243ad2d71cc15,BE_TABULA_11,Detached house,SFH,1971-1990,TABULA_existing,231ef175659def943b74235aceb0ef9def0e53fc195cdad7a8338fa6b54777e3,238.40000000000001,rcp_2_6,weather_2050_rcp_2_6_pvgis_2006,pvgis_2006,2006,2041-2060,74780820,2,1528480852,central,central,43104.337002934524,766.78368316041747,180.80678273043006,3.2163745099010801,19999.992411069215,8187.3499574463349,2155.2176679366116,93.654685233411001,5941,288,288,5941,0,3947.1366666665199,3499.9999999998522,8.1854523159563541e-11,2,residential_energy_demand_gate5_v1,4b5b7791539478f9b2562d1b176e235ac7b641e1afdc40c3d5242661d9dbed3d,4b5b7791539478f9b2562d1b176e235ac7b641e1afdc40c3d5242661d9dbed3d,2ad0e9f7bbdfe12695c931891fd0e8132d060fd7bcbca23623db43d4c7393a5c,561839806dcdb8279ac4e42025bc5a82751f2588a2b2066fa84637918d8e4896,2987a546cb3f48253dcdfdc400036a68d1977eddb1012f753e54eca010acedd8,73ed0728ba3aea4548919a2c599b960f1645e1842d48afd930cc90a737aecd92,a96eee14f959c7954577e91fe17d4515a9348f0431a52c4dd9b8f37b88ac9cf5,d543101e7ea78ed2ddaba45de0ca0f44ec997e73ba696c2970de54b1e75cccfc,e40ccb491db9d0ecfe8c9e8462f713cf096279ef2b219236d05222512135b242,fb59b12e82b041c59cc8a3933745a40e92c5e89aa7df64846e5855fbd3acb00e,38669e3f0e715d12f919bbd64ba6e09fbb431145f819869ebd01d20e8fde4ed0,"[[18.0,3775],[20.0,4985]]","[[26.0,8760]]","[[""north"",""002ee4e68ba2ff1e9da7eb8f1e16c441bba47a8ad5ed36d81dc169204a2cb66d""],[""east"",""b1a28b883b4633c7b55388b5b43f571e79efcd391bc0ce6bc07019b5e25d8065""],[""south"",""c667e440b35d715226d38302c0104b35b5d5764fed6125e5bcc80d08fabf1f41""],[""west"",""2767619730916a7bca7fe58275301af35dc43db33040cad9a975264954dbabb5""]]"
mc_18c0dca956c591edb9ddf21c6fc0fb9717ff9a47cb6e04ad86afa2d1302a19a0,BE_TABULA_11,Detached house,SFH,1971-1990,TABULA_existing,231ef175659def943b74235aceb0ef9def0e53fc195cdad7a8338fa6b54777e3,238.40000000000001,rcp_2_6,weather_2050_rcp_2_6_pvgis_2006,pvgis_2006,2006,2041-2060,4191004058,1,1597052397,central,central,42370.171878302594,724.86654378347453,177.72723103314846,3.0405475829843729,20019.310099112383,9071.5128242048722,2116.4651363376006,79.90580599184787,5899,279,279,5899,0,3729.879999999534,3499.9999999995339,9.276845958083868e-11,2,residential_energy_demand_gate5_v1,4b5b7791539478f9b2562d1b176e235ac7b641e1afdc40c3d5242661d9dbed3d,4b5b7791539478f9b2562d1b176e235ac7b641e1afdc40c3d5242661d9dbed3d,2ad0e9f7bbdfe12695c931891fd0e8132d060fd7bcbca23623db43d4c7393a5c,561839806dcdb8279ac4e42025bc5a82751f2588a2b2066fa84637918d8e4896,2987a546cb3f48253dcdfdc400036a68d1977eddb1012f753e54eca010acedd8,73ed0728ba3aea4548919a2c599b960f1645e1842d48afd930cc90a737aecd92,a96eee14f959c7954577e91fe17d4515a9348f0431a52c4dd9b8f37b88ac9cf5,d543101e7ea78ed2ddaba45de0ca0f44ec997e73ba696c2970de54b1e75cccfc,e40ccb491db9d0ecfe8c9e8462f713cf096279ef2b219236d05222512135b242,fb59b12e82b041c59cc8a3933745a40e92c5e89aa7df64846e5855fbd3acb00e,38669e3f0e715d12f919bbd64ba6e09fbb431145f819869ebd01d20e8fde4ed0,"[[18.0,4639],[20.0,4121]]","[[26.0,8760]]","[[""north"",""002ee4e68ba2ff1e9da7eb8f1e16c441bba47a8ad5ed36d81dc169204a2cb66d""],[""east"",""b1a28b883b4633c7b55388b5b43f571e79efcd391bc0ce6bc07019b5e25d8065""],[""south"",""c667e440b35d715226d38302c0104b35b5d5764fed6125e5bcc80d08fabf1f41""],[""west"",""2767619730916a7bca7fe58275301af35dc43db33040cad9a975264954dbabb5""]]"
mc_af341f290fe5f5165e34af1b2a25da2a160ee62caf6719d5610ab392cef900f7,BE_TABULA_11,Detached house,SFH,1971-1990,TABULA_existing,231ef175659def943b74235aceb0ef9def0e53fc195cdad7a8338fa6b54777e3,238.40000000000001,rcp_2_6,weather_2050_rcp_2_6_pvgis_2006,pvgis_2006,2006,2041-2060,406410021,5,2414463445,central,central,43859.746718638962,762.43893482058797,183.97544764529766,3.1981498943816611,19849.41039410805,8650.8056157166993,2209.6246612774939,88.135021024561723,6012,286,286,6012,0,4326.9683333335679,3500.0000000002337,8.2309270510450006e-11,2,residential_energy_demand_gate5_v1,4b5b7791539478f9b2562d1b176e235ac7b641e1afdc40c3d5242661d9dbed3d,4b5b7791539478f9b2562d1b176e235ac7b641e1afdc40c3d5242661d9dbed3d,2ad0e9f7bbdfe12695c931891fd0e8132d060fd7bcbca23623db43d4c7393a5c,561839806dcdb8279ac4e42025bc5a82751f2588a2b2066fa84637918d8e4896,2987a546cb3f48253dcdfdc400036a68d1977eddb1012f753e54eca010acedd8,73ed0728ba3aea4548919a2c599b960f1645e1842d48afd930cc90a737aecd92,a96eee14f959c7954577e91fe17d4515a9348f0431a52c4dd9b8f37b88ac9cf5,d543101e7ea78ed2ddaba45de0ca0f44ec997e73ba696c2970de54b1e75cccfc,e40ccb491db9d0ecfe8c9e8462f713cf096279ef2b219236d05222512135b242,fb59b12e82b041c59cc8a3933745a40e92c5e89aa7df64846e5855fbd3acb00e,38669e3f0e715d12f919bbd64ba6e09fbb431145f819869ebd01d20e8fde4ed0,"[[18.0,2801],[20.0,5959]]","[[26.0,8760]]","[[""north"",""002ee4e68ba2ff1e9da7eb8f1e16c441bba47a8ad5ed36d81dc169204a2cb66d""],[""east"",""b1a28b883b4633c7b55388b5b43f571e79efcd391bc0ce6bc07019b5e25d8065""],[""south"",""c667e440b35d715226d38302c0104b35b5d5764fed6125e5bcc80d08fabf1f41""],[""west"",""2767619730916a7bca7fe58275301af35dc43db33040cad9a975264954dbabb5""]]"
mc_e044d291a3631bd145ad99e91400acaa7aad6a0528986357e29e1a35382b1a06,BE_TABULA_11,Detached house,SFH,1971-1990,TABULA_existing,231ef175659def943b74235aceb0ef9def0e53fc195cdad7a8338fa6b54777e3,238.40000000000001,rcp_2_6,weather_2050_rcp_2_6_pvgis_2006,pvgis_2006,2006,2041-2060,4239089345,3,101885228,central,central,43430.693411305183,735.70113960305116,182.17572739641435,3.0859947131000469,19752.941897526624,8340.1262454070838,2198.6949405619112,88.212230601209725,5981,286,286,5981,0,4049.4416666670431,3500.0000000003765,9.6861185738816857e-11,2,residential_energy_demand_gate5_v1,4b5b7791539478f9b2562d1b176e235ac7b641e1afdc40c3d5242661d9dbed3d,4b5b7791539478f9b2562d1b176e235ac7b641e1afdc40c3d5242661d9dbed3d,2ad0e9f7bbdfe12695c931891fd0e8132d060fd7bcbca23623db43d4c7393a5c,561839806dcdb8279ac4e42025bc5a82751f2588a2b2066fa84637918d8e4896,2987a546cb3f48253dcdfdc400036a68d1977eddb1012f753e54eca010acedd8,73ed0728ba3aea4548919a2c599b960f1645e1842d48afd930cc90a737aecd92,a96eee14f959c7954577e91fe17d4515a9348f0431a52c4dd9b8f37b88ac9cf5,d543101e7ea78ed2ddaba45de0ca0f44ec997e73ba696c2970de54b1e75cccfc,e40ccb491db9d0ecfe8c9e8462f713cf096279ef2b219236d05222512135b242,fb59b12e82b041c59cc8a3933745a40e92c5e89aa7df64846e5855fbd3acb00e,38669e3f0e715d12f919bbd64ba6e09fbb431145f819869ebd01d20e8fde4ed0,"[[18.0,3400],[20.0,5360]]","[[26.0,8760]]","[[""north"",""002ee4e68ba2ff1e9da7eb8f1e16c441bba47a8ad5ed36d81dc169204a2cb66d""],[""east"",""b1a28b883b4633c7b55388b5b43f571e79efcd391bc0ce6bc07019b5e25d8065""],[""south"",""c667e440b35d715226d38302c0104b35b5d5764fed6125e5bcc80d08fabf1f41""],[""west"",""2767619730916a7bca7fe58275301af35dc43db33040cad9a975264954dbabb5""]]"
mc_e50ba2c0a435f7395f53c4e873a82a0de2a7776f1d403addf8475d3e1a5b9971,BE_TABULA_11,Detached house,SFH,1971-1990,TABULA_existing,231ef175659def943b74235aceb0ef9def0e53fc195cdad7a8338fa6b54777e3,238.40000000000001,rcp_2_6,weather_2050_rcp_2_6_pvgis_2006,pvgis_2006,2006,2041-2060,4121713922,1,654293494,central,central,42450.83546043891,727.26660979062922,178.06558498506254,3.0506149739539814,20277.030121098796,9731.8508727876542,2093.5430488051438,74.730554269406539,5907,274,274,5907,0,3736.4249999998583,3499.999999999859,9.5951691037043929e-11,2,residential_energy_demand_gate5_v1,4b5b7791539478f9b2562d1b176e235ac7b641e1afdc40c3d5242661d9dbed3d,4b5b7791539478f9b2562d1b176e235ac7b641e1afdc40c3d5242661d9dbed3d,2ad0e9f7bbdfe12695c931891fd0e8132d060fd7bcbca23623db43d4c7393a5c,561839806dcdb8279ac4e42025bc5a82751f2588a2b2066fa84637918d8e4896,2987a546cb3f48253dcdfdc400036a68d1977eddb1012f753e54eca010acedd8,73ed0728ba3aea4548919a2c599b960f1645e1842d48afd930cc90a737aecd92,a96eee14f959c7954577e91fe17d4515a9348f0431a52c4dd9b8f37b88ac9cf5,d543101e7ea78ed2ddaba45de0ca0f44ec997e73ba696c2970de54b1e75cccfc,e40ccb491db9d0ecfe8c9e8462f713cf096279ef2b219236d05222512135b242,fb59b12e82b041c59cc8a3933745a40e92c5e89aa7df64846e5855fbd3acb00e,38669e3f0e715d12f919bbd64ba6e09fbb431145f819869ebd01d20e8fde4ed0,"[[18.0,4526],[20.0,4234]]","[[26.0,8760]]","[[""north"",""002ee4e68ba2ff1e9da7eb8f1e16c441bba47a8ad5ed36d81dc169204a2cb66d""],[""east"",""b1a28b883b4633c7b55388b5b43f571e79efcd391bc0ce6bc07019b5e25d8065""],[""south"",""c667e440b35d715226d38302c0104b35b5d5764fed6125e5bcc80d08fabf1f41""],[""west"",""2767619730916a7bca7fe58275301af35dc43db33040cad9a975264954dbabb5""]]"
mc_0ca955f8b34109598f0d2f89a008357ca49ff5c12d717f49b50551c62cd8823b,BE_TABULA_11,Detached house,SFH,1971-1990,TABULA_existing,231ef175659def943b74235aceb0ef9def0e53fc195cdad7a8338fa6b54777e3,238.40000000000001,rcp_2_6,weather_2050_rcp_2_6_pvgis_2006,pvgis_2006,2006,2041-2060,528153456,4,1704256339,central,central,43572.184982070292,754.07023957699516,182.76923230734184,3.1630463069504828,20329.597534765191,8836.4796429354428,2143.2881249891184,85.336046711753198,5985,287,287,5985,0,4175.3366666669344,3500.0000000002688,9.7315933089703321e-11,2,residential_energy_demand_gate5_v1,4b5b7791539478f9b2562d1b176e235ac7b641e1afdc40c3d5242661d9dbed3d,4b5b7791539478f9b2562d1b176e235ac7b641e1afdc40c3d5242661d9dbed3d,2ad0e9f7bbdfe12695c931891fd0e8132d060fd7bcbca23623db43d4c7393a5c,561839806dcdb8279ac4e42025bc5a82751f2588a2b2066fa84637918d8e4896,2987a546cb3f48253dcdfdc400036a68d1977eddb1012f753e54eca010acedd8,73ed0728ba3aea4548919a2c599b960f1645e1842d48afd930cc90a737aecd92,a96eee14f959c7954577e91fe17d4515a9348f0431a52c4dd9b8f37b88ac9cf5,d543101e7ea78ed2ddaba45de0ca0f44ec997e73ba696c2970de54b1e75cccfc,e40ccb491db9d0ecfe8c9e8462f713cf096279ef2b219236d05222512135b242,fb59b12e82b041c59cc8a3933745a40e92c5e89aa7df64846e5855fbd3acb00e,38669e3f0e715d12f919bbd64ba6e09fbb431145f819869ebd01d20e8fde4ed0,"[[18.0,3185],[20.0,5575]]","[[26.0,8760]]","[[""north"",""002ee4e68ba2ff1e9da7eb8f1e16c441bba47a8ad5ed36d81dc169204a2cb66d""],[""east"",""b1a28b883b4633c7b55388b5b43f571e79efcd391bc0ce6bc07019b5e25d8065""],[""south"",""c667e440b35d715226d38302c0104b35b5d5764fed6125e5bcc80d08fabf1f41""],[""west"",""2767619730916a7bca7fe58275301af35dc43db33040cad9a975264954dbabb5""]]"
mc_c647fcc2c39222eb3dec08a864c814b77b085057a18ef3feb2dee82257e27a6a,BE_TABULA_11,Detached house,SFH,1971-1990,TABULA_existing,231ef175659def943b74235aceb0ef9def0e53fc195cdad7a8338fa6b54777e3,238.40000000000001,rcp_2_6,weather_2050_rcp_2_6_pvgis_2006,pvgis_2006,2006,2041-2060,1536553193,4,764451246,central,central,43682.445049105765,749.05260715162672,183.23173258853089,3.1419991910722596,20254.099881847178,8020.4771339791896,2156.7211233245835,93.392524489375376,5989,285,285,5989,0,4198.4133333338577,3500.0000000005239,8.0035533756017685e-11,2,residential_energy_demand_gate5_v1,4b5b7791539478f9b2562d1b176e235ac7b641e1afdc40c3d5242661d9dbed3d,4b5b7791539478f9b2562d1b176e235ac7b641e1afdc40c3d5242661d9dbed3d,2ad0e9f7bbdfe12695c931891fd0e8132d060fd7bcbca23623db43d4c7393a5c,561839806dcdb8279ac4e42025bc5a82751f2588a2b2066fa84637918d8e4896,2987a546cb3f48253dcdfdc400036a68d1977eddb1012f753e54eca010acedd8,73ed0728ba3aea4548919a2c599b960f1645e1842d48afd930cc90a737aecd92,a96eee14f959c7954577e91fe17d4515a9348f0431a52c4dd9b8f37b88ac9cf5,d543101e7ea78ed2ddaba45de0ca0f44ec997e73ba696c2970de54b1e75cccfc,e40ccb491db9d0ecfe8c9e8462f713cf096279ef2b219236d05222512135b242,fb59b12e82b041c59cc8a3933745a40e92c5e89aa7df64846e5855fbd3acb00e,38669e3f0e715d12f919bbd64ba6e09fbb431145f819869ebd01d20e8fde4ed0,"[[18.0,3054],[20.0,5706]]","[[26.0,8760]]","[[""north"",""002ee4e68ba2ff1e9da7eb8f1e16c441bba47a8ad5ed36d81dc169204a2cb66d""],[""east"",""b1a28b883b4633c7b55388b5b43f571e79efcd391bc0ce6bc07019b5e25d8065""],[""south"",""c667e440b35d715226d38302c0104b35b5d5764fed6125e5bcc80d08fabf1f41""],[""west"",""2767619730916a7bca7fe58275301af35dc43db33040cad9a975264954dbabb5""]]"
mc_b7ae03c33cf530dca42a52d74d147bc7efc952c8a708bf3b706e243b7843ef85,BE_TABULA_11,Detached house,SFH,1971-1990,TABULA_existing,231ef175659def943b74235aceb0ef9def0e53fc195cdad7a8338fa6b54777e3,238.40000000000001,rcp_2_6,weather_2050_rcp_2_6_pvgis_2006,pvgis_2006,2006,2041-2060,2701107225,1,1133817418,central,central,42449.435681309034,733.11376802095742,178.05971342830969,3.0751416443832107,19756.626540759818,8663.8143025011304,2148.6176090706463,84.617899509840271,5877,283,283,5877,0,3737.1833333334598,3500.0000000001264,8.9869445218937472e-11,2,residential_energy_demand_gate5_v1,4b5b7791539478f9b2562d1b176e235ac7b641e1afdc40c3d5242661d9dbed3d,4b5b7791539478f9b2562d1b176e235ac7b641e1afdc40c3d5242661d9dbed3d,2ad0e9f7bbdfe12695c931891fd0e8132d060fd7bcbca23623db43d4c7393a5c,561839806dcdb8279ac4e42025bc5a82751f2588a2b2066fa84637918d8e4896,2987a546cb3f48253dcdfdc400036a68d1977eddb1012f753e54eca010acedd8,73ed0728ba3aea4548919a2c599b960f1645e1842d48afd930cc90a737aecd92,a96eee14f959c7954577e91fe17d4515a9348f0431a52c4dd9b8f37b88ac9cf5,d543101e7ea78ed2ddaba45de0ca0f44ec997e73ba696c2970de54b1e75cccfc,e40ccb491db9d0ecfe8c9e8462f713cf096279ef2b219236d05222512135b242,fb59b12e82b041c59cc8a3933745a40e92c5e89aa7df64846e5855fbd3acb00e,38669e3f0e715d12f919bbd64ba6e09fbb431145f819869ebd01d20e8fde4ed0,"[[18.0,4533],[20.0,4227]]","[[26.0,8760]]","[[""north"",""002ee4e68ba2ff1e9da7eb8f1e16c441bba47a8ad5ed36d81dc169204a2cb66d""],[""east"",""b1a28b883b4633c7b55388b5b43f571e79efcd391bc0ce6bc07019b5e25d8065""],[""south"",""c667e440b35d715226d38302c0104b35b5d5764fed6125e5bcc80d08fabf1f41""],[""west"",""2767619730916a7bca7fe58275301af35dc43db33040cad9a975264954dbabb5""]]"
mc_6a2ddd4fd1a751daa71f487db4994508e31583b61d24508b8bd6e7b7e7976ef7,BE_TABULA_11,Detached house,SFH,1971-1990,TABULA_existing,231ef175659def943b74235aceb0ef9def0e53fc195cdad7a8338fa6b54777e3,238.40000000000001,rcp_2_6,weather_2050_rcp_2_6_pvgis_2006,pvgis_2006,2006,2041-2060,460941366,2,1808244412,central,central,43025.954303256774,739.42829188147107,180.47799623849318,3.101628741113553,20167.390025728408,8980.5770262568858,2133.4418706816655,82.336389935699444,5914,274,274,5914,0,3937.8500000003442,3500.0000000003447,8.2309270510450006e-11,2,residential_energy_demand_gate5_v1,4b5b7791539478f9b2562d1b176e235ac7b641e1afdc40c3d5242661d9dbed3d,4b5b7791539478f9b2562d1b176e235ac7b641e1afdc40c3d5242661d9dbed3d,2ad0e9f7bbdfe12695c931891fd0e8132d060fd7bcbca23623db43d4c7393a5c,561839806dcdb8279ac4e42025bc5a82751f2588a2b2066fa84637918d8e4896,2987a546cb3f48253dcdfdc400036a68d1977eddb1012f753e54eca010acedd8,73ed0728ba3aea4548919a2c599b960f1645e1842d48afd930cc90a737aecd92,a96eee14f959c7954577e91fe17d4515a9348f0431a52c4dd9b8f37b88ac9cf5,d543101e7ea78ed2ddaba45de0ca0f44ec997e73ba696c2970de54b1e75cccfc,e40ccb491db9d0ecfe8c9e8462f713cf096279ef2b219236d05222512135b242,fb59b12e82b041c59cc8a3933745a40e92c5e89aa7df64846e5855fbd3acb00e,38669e3f0e715d12f919bbd64ba6e09fbb431145f819869ebd01d20e8fde4ed0,"[[18.0,3831],[20.0,4929]]","[[26.0,8760]]","[[""north"",""002ee4e68ba2ff1e9da7eb8f1e16c441bba47a8ad5ed36d81dc169204a2cb66d""],[""east"",""b1a28b883b4633c7b55388b5b43f571e79efcd391bc0ce6bc07019b5e25d8065""],[""south"",""c667e440b35d715226d38302c0104b35b5d5764fed6125e5bcc80d08fabf1f41""],[""west"",""2767619730916a7bca7fe58275301af35dc43db33040cad9a975264954dbabb5""]]"
mc_ec91aa29ae97510b50faf0a8f23f4281e01a626149ca75f5fba9b78035d9d00d,BE_TABULA_11,Detached house,SFH,1971-1990,TABULA_existing,231ef175659def943b74235aceb0ef9def0e53fc195cdad7a8338fa6b54777e3,238.40000000000001,rcp_2_6,weather_2050_rcp_2_6_pvgis_2006,pvgis_2006,2006,2041-2060,2869373249,4,3994045191,central,central,43528.055853935897,746.52068365840057,182.58412690409352,3.1313787066208079,20217.040747215975,8493.018420544131,2153.0379444840369,87.898159016423335,6011,285,285,6011,0,4183.9700000009489,3500.0000000009486,8.6401996668428183e-11,2,residential_energy_demand_gate5_v1,4b5b7791539478f9b2562d1b176e235ac7b641e1afdc40c3d5242661d9dbed3d,4b5b7791539478f9b2562d1b176e235ac7b641e1afdc40c3d5242661d9dbed3d,2ad0e9f7bbdfe12695c931891fd0e8132d060fd7bcbca23623db43d4c7393a5c,561839806dcdb8279ac4e42025bc5a82751f2588a2b2066fa84637918d8e4896,2987a546cb3f48253dcdfdc400036a68d1977eddb1012f753e54eca010acedd8,73ed0728ba3aea4548919a2c599b960f1645e1842d48afd930cc90a737aecd92,a96eee14f959c7954577e91fe17d4515a9348f0431a52c4dd9b8f37b88ac9cf5,d543101e7ea78ed2ddaba45de0ca0f44ec997e73ba696c2970de54b1e75cccfc,e40ccb491db9d0ecfe8c9e8462f713cf096279ef2b219236d05222512135b242,fb59b12e82b041c59cc8a3933745a40e92c5e89aa7df64846e5855fbd3acb00e,38669e3f0e715d12f919bbd64ba6e09fbb431145f819869ebd01d20e8fde4ed0,"[[18.0,3202],[20.0,5558]]","[[26.0,8760]]","[[""north"",""002ee4e68ba2ff1e9da7eb8f1e16c441bba47a8ad5ed36d81dc169204a2cb66d""],[""east"",""b1a28b883b4633c7b55388b5b43f571e79efcd391bc0ce6bc07019b5e25d8065""],[""south"",""c667e440b35d715226d38302c0104b35b5d5764fed6125e5bcc80d08fabf1f41""],[""west"",""2767619730916a7bca7fe58275301af35dc43db33040cad9a975264954dbabb5""]]"
mc_8f8c31a9f1cea72dd6c9c4e89bf292d212ff025b50c846b446e8082eb0496e3a,BE_TABULA_11,Detached house,SFH,1971-1990,TABULA_existing,231ef175659def943b74235aceb0ef9def0e53fc195cdad7a8338fa6b54777e3,238.40000000000001,rcp_2_6,weather_2050_rcp_2_6_pvgis_2006,pvgis_2006,2006,2041-2060,2053834706,2,1023915084,central,central,43047.417208267048,750.65246160319612,180.56802520246245,3.1487099899462923,19766.891430799838,8520.3244451832124,2177.7535106603859,88.101394076320858,5929,291,291,5929,0,3941.9100000002095,3500.0000000002096,1.007265382213518e-10,2,residential_energy_demand_gate5_v1,4b5b7791539478f9b2562d1b176e235ac7b641e1afdc40c3d5242661d9dbed3d,4b5b7791539478f9b2562d1b176e235ac7b641e1afdc40c3d5242661d9dbed3d,2ad0e9f7bbdfe12695c931891fd0e8132d060fd7bcbca23623db43d4c7393a5c,561839806dcdb8279ac4e42025bc5a82751f2588a2b2066fa84637918d8e4896,2987a546cb3f48253dcdfdc400036a68d1977eddb1012f753e54eca010acedd8,73ed0728ba3aea4548919a2c599b960f1645e1842d48afd930cc90a737aecd92,a96eee14f959c7954577e91fe17d4515a9348f0431a52c4dd9b8f37b88ac9cf5,d543101e7ea78ed2ddaba45de0ca0f44ec997e73ba696c2970de54b1e75cccfc,e40ccb491db9d0ecfe8c9e8462f713cf096279ef2b219236d05222512135b242,fb59b12e82b041c59cc8a3933745a40e92c5e89aa7df64846e5855fbd3acb00e,38669e3f0e715d12f919bbd64ba6e09fbb431145f819869ebd01d20e8fde4ed0,"[[18.0,3842],[20.0,4918]]","[[26.0,8760]]","[[""north"",""002ee4e68ba2ff1e9da7eb8f1e16c441bba47a8ad5ed36d81dc169204a2cb66d""],[""east"",""b1a28b883b4633c7b55388b5b43f571e79efcd391bc0ce6bc07019b5e25d8065""],[""south"",""c667e440b35d715226d38302c0104b35b5d5764fed6125e5bcc80d08fabf1f41""],[""west"",""2767619730916a7bca7fe58275301af35dc43db33040cad9a975264954dbabb5""]]"
mc_bbce6dba009a40f32c31799808ad2b72ed18eb263ba4c7e376a55e2baa19c5c0,BE_TABULA_11,Detached house,SFH,1971-1990,TABULA_existing,231ef175659def943b74235aceb0ef9def0e53fc195cdad7a8338fa6b54777e3,238.40000000000001,rcp_2_6,weather_2050_rcp_2_6_pvgis_2006,pvgis_2006,2006,2041-2060,3560160567,4,3509751109,central,central,43555.258869588921,754.57067916617996,182.69823351337635,3.1651454663010905,20408.880161638492,8239.7419755632618,2134.1327169658957,91.576979158330758,5969,291,291,5969,0,4188.5666666661409,3499.9999999994739,8.1854523159563541e-11,2,residential_energy_demand_gate5_v1,4b5b7791539478f9b2562d1b176e235ac7b641e1afdc40c3d5242661d9dbed3d,4b5b7791539478f9b2562d1b176e235ac7b641e1afdc40c3d5242661d9dbed3d,2ad0e9f7bbdfe12695c931891fd0e8132d060fd7bcbca23623db43d4c7393a5c,561839806dcdb8279ac4e42025bc5a82751f2588a2b2066fa84637918d8e4896,2987a546cb3f48253dcdfdc400036a68d1977eddb1012f753e54eca010acedd8,73ed0728ba3aea4548919a2c599b960f1645e1842d48afd930cc90a737aecd92,a96eee14f959c7954577e91fe17d4515a9348f0431a52c4dd9b8f37b88ac9cf5,d543101e7ea78ed2ddaba45de0ca0f44ec997e73ba696c2970de54b1e75cccfc,e40ccb491db9d0ecfe8c9e8462f713cf096279ef2b219236d05222512135b242,fb59b12e82b041c59cc8a3933745a40e92c5e89aa7df64846e5855fbd3acb00e,38669e3f0e715d12f919bbd64ba6e09fbb431145f819869ebd01d20e8fde4ed0,"[[18.0,3215],[20.0,5545]]","[[26.0,8760]]","[[""north"",""002ee4e68ba2ff1e9da7eb8f1e16c441bba47a8ad5ed36d81dc169204a2cb66d""],[""east"",""b1a28b883b4633c7b55388b5b43f571e79efcd391bc0ce6bc07019b5e25d8065""],[""south"",""c667e440b35d715226d38302c0104b35b5d5764fed6125e5bcc80d08fabf1f41""],[""west"",""2767619730916a7bca7fe58275301af35dc43db33040cad9a975264954dbabb5""]]"
mc_dac2734958def5325a58711950d11a915cf1768f2220c50e84157c412f75dbca,BE_TABULA_11,Detached house,SFH,1971-1990,TABULA_existing,231ef175659def943b74235aceb0ef9def0e53fc195cdad7a8338fa6b54777e3,238.40000000000001,rcp_2_6,weather_2050_rcp_2_6_pvgis_2006,pvgis_2006,2006,2041-2060,3815772485,4,2742801478,central,central,43576.754154649039,751.4531867323841,182.78839829970235,3.1520687362935575,20202.373594195804,8398.6785981829817,2157.0115982395632,89.472787647208918,6019,285,285,6019,0,4193.3383333333741,3500.0000000000409,1.0049916454590857e-10,2,residential_energy_demand_gate5_v1,4b5b7791539478f9b2562d1b176e235ac7b641e1afdc40c3d5242661d9dbed3d,4b5b7791539478f9b2562d1b176e235ac7b641e1afdc40c3d5242661d9dbed3d,2ad0e9f7bbdfe12695c931891fd0e8132d060fd7bcbca23623db43d4c7393a5c,561839806dcdb8279ac4e42025bc5a82751f2588a2b2066fa84637918d8e4896,2987a546cb3f48253dcdfdc400036a68d1977eddb1012f753e54eca010acedd8,73ed0728ba3aea4548919a2c599b960f1645e1842d48afd930cc90a737aecd92,a96eee14f959c7954577e91fe17d4515a9348f0431a52c4dd9b8f37b88ac9cf5,d543101e7ea78ed2ddaba45de0ca0f44ec997e73ba696c2970de54b1e75cccfc,e40ccb491db9d0ecfe8c9e8462f713cf096279ef2b219236d05222512135b242,fb59b12e82b041c59cc8a3933745a40e92c5e89aa7df64846e5855fbd3acb00e,38669e3f0e715d12f919bbd64ba6e09fbb431145f819869ebd01d20e8fde4ed0,"[[18.0,3131],[20.0,5629]]","[[26.0,8760]]","[[""north"",""002ee4e68ba2ff1e9da7eb8f1e16c441bba47a8ad5ed36d81dc169204a2cb66d""],[""east"",""b1a28b883b4633c7b55388b5b43f571e79efcd391bc0ce6bc07019b5e25d8065""],[""south"",""c667e440b35d715226d38302c0104b35b5d5764fed6125e5bcc80d08fabf1f41""],[""west"",""2767619730916a7bca7fe58275301af35dc43db33040cad9a975264954dbabb5""]]"
mc_ae75473e9419d2e5dba8be9321739ca2cbf525a49a3eb99aebe1bca8721d72de,BE_TABULA_11,Detached house,SFH,1971-1990,TABULA_existing,231ef175659def943b74235aceb0ef9def0e53fc195cdad7a8338fa6b54777e3,238.40000000000001,rcp_2_6,weather_2050_rcp_2_6_pvgis_2006,pvgis_2006,2006,2041-2060,1523204169,1,2506735745,central,central,42567.116677164144,750.97454461744223,178.55334176662811,3.1500610093013517,20310.450275052899,7996.4584706089709,2095.8233865178686,93.91339270724076,5855,286,286,5855,0,3740.5316666670419,3500.0000000003747,9.0039975475519896e-11,2,residential_energy_demand_gate5_v1,4b5b7791539478f9b2562d1b176e235ac7b641e1afdc40c3d5242661d9dbed3d,4b5b7791539478f9b2562d1b176e235ac7b641e1afdc40c3d5242661d9dbed3d,2ad0e9f7bbdfe12695c931891fd0e8132d060fd7bcbca23623db43d4c7393a5c,561839806dcdb8279ac4e42025bc5a82751f2588a2b2066fa84637918d8e4896,2987a546cb3f48253dcdfdc400036a68d1977eddb1012f753e54eca010acedd8,73ed0728ba3aea4548919a2c599b960f1645e1842d48afd930cc90a737aecd92,a96eee14f959c7954577e91fe17d4515a9348f0431a52c4dd9b8f37b88ac9cf5,d543101e7ea78ed2ddaba45de0ca0f44ec997e73ba696c2970de54b1e75cccfc,e40ccb491db9d0ecfe8c9e8462f713cf096279ef2b219236d05222512135b242,fb59b12e82b041c59cc8a3933745a40e92c5e89aa7df64846e5855fbd3acb00e,38669e3f0e715d12f919bbd64ba6e09fbb431145f819869ebd01d20e8fde4ed0,"[[18.0,4484],[20.0,4276]]","[[26.0,8760]]","[[""north"",""002ee4e68ba2ff1e9da7eb8f1e16c441bba47a8ad5ed36d81dc169204a2cb66d""],[""east"",""b1a28b883b4633c7b55388b5b43f571e79efcd391bc0ce6bc07019b5e25d8065""],[""south"",""c667e440b35d715226d38302c0104b35b5d5764fed6125e5bcc80d08fabf1f41""],[""west"",""2767619730916a7bca7fe58275301af35dc43db33040cad9a975264954dbabb5""]]"
mc_c5324d61416845e81452329db1fbec4c01d0d248a643f2e16802d38df583b21d,BE_TABULA_11,Detached house,SFH,1971-1990,TABULA_existing,231ef175659def943b74235aceb0ef9def0e53fc195cdad7a8338fa6b54777e3,238.40000000000001,rcp_2_6,weather_2050_rcp_2_6_pvgis_2006,pvgis_2006,2006,2041-2060,3168655264,2,2596705045,central,central,43027.684001716254,760.98256813854789,180.4852516850514,3.1920409737355198,19864.623382108017,8506.2667354981331,2166.0457978010854,89.461404374122793,5908,300,300,5908,0,3935.9949999992409,3499.999999999241,8.9585228124633431e-11,2,residential_energy_demand_gate5_v1,4b5b7791539478f9b2562d1b176e235ac7b641e1afdc40c3d5242661d9dbed3d,4b5b7791539478f9b2562d1b176e235ac7b641e1afdc40c3d5242661d9dbed3d,2ad0e9f7bbdfe12695c931891fd0e8132d060fd7bcbca23623db43d4c7393a5c,561839806dcdb8279ac4e42025bc5a82751f2588a2b2066fa84637918d8e4896,2987a546cb3f48253dcdfdc400036a68d1977eddb1012f753e54eca010acedd8,73ed0728ba3aea4548919a2c599b960f1645e1842d48afd930cc90a737aecd92,a96eee14f959c7954577e91fe17d4515a9348f0431a52c4dd9b8f37b88ac9cf5,d543101e7ea78ed2ddaba45de0ca0f44ec997e73ba696c2970de54b1e75cccfc,e40ccb491db9d0ecfe8c9e8462f713cf096279ef2b219236d05222512135b242,fb59b12e82b041c59cc8a3933745a40e92c5e89aa7df64846e5855fbd3acb00e,38669e3f0e715d12f919bbd64ba6e09fbb431145f819869ebd01d20e8fde4ed0,"[[18.0,3834],[20.0,4926]]","[[26.0,8760]]","[[""north"",""002ee4e68ba2ff1e9da7eb8f1e16c441bba47a8ad5ed36d81dc169204a2cb66d""],[""east"",""b1a28b883b4633c7b55388b5b43f571e79efcd391bc0ce6bc07019b5e25d8065""],[""south"",""c667e440b35d715226d38302c0104b35b5d5764fed6125e5bcc80d08fabf1f41""],[""west"",""2767619730916a7bca7fe58275301af35dc43db33040cad9a975264954dbabb5""]]"
mc_e66b9d60a963dcb320d2519d20b145f95f3796d21dfbde705d5ea06b2ed3aacc,BE_TABULA_11,Detached house,SFH,1971-1990,TABULA_existing,231ef175659def943b74235aceb0ef9def0e53fc195cdad7a8338fa6b54777e3,238.40000000000001,rcp_2_6,weather_2050_rcp_2_6_pvgis_2006,pvgis_2006,2006,2041-2060,871166546,3,1136300916,central,central,43371.972216257382,742.76547172259313,181.92941365879773,3.1156269787021524,20037.810165118844,8260.4773344398236,2164.5065932283292,89.917984354951699,5955,275,275,5955,0,4049.6983333329008,3499.9999999995675,8.3673512563109398e-11,2,residential_energy_demand_gate5_v1,4b5b7791539478f9b2562d1b176e235ac7b641e1afdc40c3d5242661d9dbed3d,4b5b7791539478f9b2562d1b176e235ac7b641e1afdc40c3d5242661d9dbed3d,2ad0e9f7bbdfe12695c931891fd0e8132d060fd7bcbca23623db43d4c7393a5c,561839806dcdb8279ac4e42025bc5a82751f2588a2b2066fa84637918d8e4896,2987a546cb3f48253dcdfdc400036a68d1977eddb1012f753e54eca010acedd8,73ed0728ba3aea4548919a2c599b960f1645e1842d48afd930cc90a737aecd92,a96eee14f959c7954577e91fe17d4515a9348f0431a52c4dd9b8f37b88ac9cf5,d543101e7ea78ed2ddaba45de0ca0f44ec997e73ba696c2970de54b1e75cccfc,e40ccb491db9d0ecfe8c9e8462f713cf096279ef2b219236d05222512135b242,fb59b12e82b041c59cc8a3933745a40e92c5e89aa7df64846e5855fbd3acb00e,38669e3f0e715d12f919bbd64ba6e09fbb431145f819869ebd01d20e8fde4ed0,"[[18.0,3470],[20.0,5290]]","[[26.0,8760]]","[[""north"",""002ee4e68ba2ff1e9da7eb8f1e16c441bba47a8ad5ed36d81dc169204a2cb66d""],[""east"",""b1a28b883b4633c7b55388b5b43f571e79efcd391bc0ce6bc07019b5e25d8065""],[""south"",""c667e440b35d715226d38302c0104b35b5d5764fed6125e5bcc80d08fabf1f41""],[""west"",""2767619730916a7bca7fe58275301af35dc43db33040cad9a975264954dbabb5""]]"
mc_bb9bd04490a85424795ca116d1f9cbf6e373f94c12f8b46d515f4e84959afece,BE_TABULA_11,Detached house,SFH,1971-1990,TABULA_existing,231ef175659def943b74235aceb0ef9def0e53fc195cdad7a8338fa6b54777e3,238.40000000000001,rcp_2_6,weather_2050_rcp_2_6_pvgis_2006,pvgis_2006,2006,2041-2060,2626399861,1,2488973170,central,central,42347.980879944436,718.62642547494772,177.63414798634412,3.0143725900794784,19667.029901470938,8815.187727501303,2153.2473938414637,81.521397806765137,5859,272,272,5859,0,3732.994999999506,3499.9999999995057,7.9580786405131221e-11,2,residential_energy_demand_gate5_v1,4b5b7791539478f9b2562d1b176e235ac7b641e1afdc40c3d5242661d9dbed3d,4b5b7791539478f9b2562d1b176e235ac7b641e1afdc40c3d5242661d9dbed3d,2ad0e9f7bbdfe12695c931891fd0e8132d060fd7bcbca23623db43d4c7393a5c,561839806dcdb8279ac4e42025bc5a82751f2588a2b2066fa84637918d8e4896,2987a546cb3f48253dcdfdc400036a68d1977eddb1012f753e54eca010acedd8,73ed0728ba3aea4548919a2c599b960f1645e1842d48afd930cc90a737aecd92,a96eee14f959c7954577e91fe17d4515a9348f0431a52c4dd9b8f37b88ac9cf5,d543101e7ea78ed2ddaba45de0ca0f44ec997e73ba696c2970de54b1e75cccfc,e40ccb491db9d0ecfe8c9e8462f713cf096279ef2b219236d05222512135b242,fb59b12e82b041c59cc8a3933745a40e92c5e89aa7df64846e5855fbd3acb00e,38669e3f0e715d12f919bbd64ba6e09fbb431145f819869ebd01d20e8fde4ed0,"[[18.0,4602],[20.0,4158]]","[[26.0,8760]]","[[""north"",""002ee4e68ba2ff1e9da7eb8f1e16c441bba47a8ad5ed36d81dc169204a2cb66d""],[""east"",""b1a28b883b4633c7b55388b5b43f571e79efcd391bc0ce6bc07019b5e25d8065""],[""south"",""c667e440b35d715226d38302c0104b35b5d5764fed6125e5bcc80d08fabf1f41""],[""west"",""2767619730916a7bca7fe58275301af35dc43db33040cad9a975264954dbabb5""]]"
mc_15c62002d4969591904ce7da39e5154e5cd32549e0b27bd60cec8939f6e0c198,BE_TABULA_11,Detached house,SFH,1971-1990,TABULA_existing,231ef175659def943b74235aceb0ef9def0e53fc195cdad7a8338fa6b54777e3,238.40000000000001,rcp_2_6,weather_2050_rcp_2_6_pvgis_2006,pvgis_2006,2006,2041-2060,1170469307,2,979580575,central,central,43168.87126111926,753.0433778199224,181.07748012214455,3.1587390009224934,19863.285680183199,8278.2219520013423,2173.2996220351956,90.966802072498993,5958,291,291,5958,0,3962.629999999991,3499.9999999999914,9.3223206931725144e-11,2,residential_energy_demand_gate5_v1,4b5b7791539478f9b2562d1b176e235ac7b641e1afdc40c3d5242661d9dbed3d,4b5b7791539478f9b2562d1b176e235ac7b641e1afdc40c3d5242661d9dbed3d,2ad0e9f7bbdfe12695c931891fd0e8132d060fd7bcbca23623db43d4c7393a5c,561839806dcdb8279ac4e42025bc5a82751f2588a2b2066fa84637918d8e4896,2987a546cb3f48253dcdfdc400036a68d1977eddb1012f753e54eca010acedd8,73ed0728ba3aea4548919a2c599b960f1645e1842d48afd930cc90a737aecd92,a96eee14f959c7954577e91fe17d4515a9348f0431a52c4dd9b8f37b88ac9cf5,d543101e7ea78ed2ddaba45de0ca0f44ec997e73ba696c2970de54b1e75cccfc,e40ccb491db9d0ecfe8c9e8462f713cf096279ef2b219236d05222512135b242,fb59b12e82b041c59cc8a3933745a40e92c5e89aa7df64846e5855fbd3acb00e,38669e3f0e715d12f919bbd64ba6e09fbb431145f819869ebd01d20e8fde4ed0,"[[18.0,3677],[20.0,5083]]","[[26.0,8760]]","[[""north"",""002ee4e68ba2ff1e9da7eb8f1e16c441bba47a8ad5ed36d81dc169204a2cb66d""],[""east"",""b1a28b883b4633c7b55388b5b43f571e79efcd391bc0ce6bc07019b5e25d8065""],[""south"",""c667e440b35d715226d38302c0104b35b5d5764fed6125e5bcc80d08fabf1f41""],[""west"",""2767619730916a7bca7fe58275301af35dc43db33040cad9a975264954dbabb5""]]"
mc_e04accbb0f6255b25fca0241cb0cf8be1ead822ba06689fa10e076dfce3d7f45,BE_TABULA_11,Detached house,SFH,1971-1990,TABULA_existing,231ef175659def943b74235aceb0ef9def0e53fc195cdad7a8338fa6b54777e3,238.40000000000001,rcp_2_6,weather_2050_rcp_2_6_pvgis_2006,pvgis_2006,2006,2041-2060,1630191912,5,873554529,central,central,43898.887721397208,755.13526268719102,184.13962970384733,3.1675136857684185,20364.776342851947,8238.6820738609822,2155.6282761143975,91.657288862137619,6029,293,293,6029,0,4328.2400000005027,3500.0000000005034,9.5042196335271001e-11,2,residential_energy_demand_gate5_v1,4b5b7791539478f9b2562d1b176e235ac7b641e1afdc40c3d5242661d9dbed3d,4b5b7791539478f9b2562d1b176e235ac7b641e1afdc40c3d5242661d9dbed3d,2ad0e9f7bbdfe12695c931891fd0e8132d060fd7bcbca23623db43d4c7393a5c,561839806dcdb8279ac4e42025bc5a82751f2588a2b2066fa84637918d8e4896,2987a546cb3f48253dcdfdc400036a68d1977eddb1012f753e54eca010acedd8,73ed0728ba3aea4548919a2c599b960f1645e1842d48afd930cc90a737aecd92,a96eee14f959c7954577e91fe17d4515a9348f0431a52c4dd9b8f37b88ac9cf5,d543101e7ea78ed2ddaba45de0ca0f44ec997e73ba696c2970de54b1e75cccfc,e40ccb491db9d0ecfe8c9e8462f713cf096279ef2b219236d05222512135b242,fb59b12e82b041c59cc8a3933745a40e92c5e89aa7df64846e5855fbd3acb00e,38669e3f0e715d12f919bbd64ba6e09fbb431145f819869ebd01d20e8fde4ed0,"[[18.0,2766],[20.0,5994]]","[[26.0,8760]]","[[""north"",""002ee4e68ba2ff1e9da7eb8f1e16c441bba47a8ad5ed36d81dc169204a2cb66d""],[""east"",""b1a28b883b4633c7b55388b5b43f571e79efcd391bc0ce6bc07019b5e25d8065""],[""south"",""c667e440b35d715226d38302c0104b35b5d5764fed6125e5bcc80d08fabf1f41""],[""west"",""2767619730916a7bca7fe58275301af35dc43db33040cad9a975264954dbabb5""]]"
mc_06717348513f4d40735ff42bef3ef8fae2d4044560e99e38aa77be354c0fc1d6,BE_TABULA_11,Detached house,SFH,1971-1990,TABULA_existing,231ef175659def943b74235aceb0ef9def0e53fc195cdad7a8338fa6b54777e3,238.40000000000001,rcp_2_6,weather_2050_rcp_2_6_pvgis_2006,pvgis_2006,2006,2041-2060,2418138936,1,3501527251,central,central,42436.469280022757,736.72736003445323,178.00532416116928,3.090299329003579,20030.411517633369,8965.8748346909524,2118.6019689443056,82.17015892123456,5883,270,270,5883,0,3737.8600000001588,3500.0000000001592,8.8220986071974039e-11,2,residential_energy_demand_gate5_v1,4b5b7791539478f9b2562d1b176e235ac7b641e1afdc40c3d5242661d9dbed3d,4b5b7791539478f9b2562d1b176e235ac7b641e1afdc40c3d5242661d9dbed3d,2ad0e9f7bbdfe12695c931891fd0e8132d060fd7bcbca23623db43d4c7393a5c,561839806dcdb8279ac4e42025bc5a82751f2588a2b2066fa84637918d8e4896,2987a546cb3f48253dcdfdc400036a68d1977eddb1012f753e54eca010acedd8,73ed0728ba3aea4548919a2c599b960f1645e1842d48afd930cc90a737aecd92,a96eee14f959c7954577e91fe17d4515a9348f0431a52c4dd9b8f37b88ac9cf5,d543101e7ea78ed2ddaba45de0ca0f44ec997e73ba696c2970de54b1e75cccfc,e40ccb491db9d0ecfe8c9e8462f713cf096279ef2b219236d05222512135b242,fb59b12e82b041c59cc8a3933745a40e92c5e89aa7df64846e5855fbd3acb00e,38669e3f0e715d12f919bbd64ba6e09fbb431145f819869ebd01d20e8fde4ed0,"[[18.0,4532],[20.0,4228]]","[[26.0,8760]]","[[""north"",""002ee4e68ba2ff1e9da7eb8f1e16c441bba47a8ad5ed36d81dc169204a2cb66d""],[""east"",""b1a28b883b4633c7b55388b5b43f571e79efcd391bc0ce6bc07019b5e25d8065""],[""south"",""c667e440b35d715226d38302c0104b35b5d5764fed6125e5bcc80d08fabf1f41""],[""west"",""2767619730916a7bca7fe58275301af35dc43db33040cad9a975264954dbabb5""]]"
mc_c1d729cddbe58ae119ee5886ee57c371e9d030e117874944b2f32c3c5c41011d,BE_TABULA_11,Detached house,SFH,1971-1990,TABULA_existing,231ef175659def943b74235aceb0ef9def0e53fc195cdad7a8338fa6b54777e3,238.40000000000001,rcp_2_6,weather_2050_rcp_2_6_pvgis_2006,pvgis_2006,2006,2041-2060,4284547342,2,2057228894,central,central,43227.641703841866,719.32767886508509,181.32400043557828,3.0173140891991825,20363.849464617517,8995.8071834005204,2122.7637622714956,79.962549685638194,5970,273,273,5970,0,3950.7766666665279,3499.9999999998604,9.1858964879065752e-11,2,residential_energy_demand_gate5_v1,4b5b7791539478f9b2562d1b176e235ac7b641e1afdc40c3d5242661d9dbed3d,4b5b7791539478f9b2562d1b176e235ac7b641e1afdc40c3d5242661d9dbed3d,2ad0e9f7bbdfe12695c931891fd0e8132d060fd7bcbca23623db43d4c7393a5c,561839806dcdb8279ac4e42025bc5a82751f2588a2b2066fa84637918d8e4896,2987a546cb3f48253dcdfdc400036a68d1977eddb1012f753e54eca010acedd8,73ed0728ba3aea4548919a2c599b960f1645e1842d48afd930cc90a737aecd92,a96eee14f959c7954577e91fe17d4515a9348f0431a52c4dd9b8f37b88ac9cf5,d543101e7ea78ed2ddaba45de0ca0f44ec997e73ba696c2970de54b1e75cccfc,e40ccb491db9d0ecfe8c9e8462f713cf096279ef2b219236d05222512135b242,fb59b12e82b041c59cc8a3933745a40e92c5e89aa7df64846e5855fbd3acb00e,38669e3f0e715d12f919bbd64ba6e09fbb431145f819869ebd01d20e8fde4ed0,"[[18.0,3684],[20.0,5076]]","[[26.0,8760]]","[[""north"",""002ee4e68ba2ff1e9da7eb8f1e16c441bba47a8ad5ed36d81dc169204a2cb66d""],[""east"",""b1a28b883b4633c7b55388b5b43f571e79efcd391bc0ce6bc07019b5e25d8065""],[""south"",""c667e440b35d715226d38302c0104b35b5d5764fed6125e5bcc80d08fabf1f41""],[""west"",""2767619730916a7bca7fe58275301af35dc43db33040cad9a975264954dbabb5""]]"
mc_4d841bd55bbfba3c79f5678ceeb5f5cf33969dea69da76d5d949e59a9b1d384f,BE_TABULA_11,Detached house,SFH,1971-1990,TABULA_existing,231ef175659def943b74235aceb0ef9def0e53fc195cdad7a8338fa6b54777e3,238.40000000000001,rcp_2_6,weather_2050_rcp_2_6_pvgis_2006,pvgis_2006,2006,2041-2060,2078907488,2,1328110144,central,central,43057.52339582167,767.54559607645069,180.61041692878217,3.2195704533408165,20301.282134788613,8486.1644325326524,2120.9263094786306,90.446703240156353,5923,282,282,5923,0,3942.4233333332386,3499.999999999905,9.6406438387930393e-11,2,residential_energy_demand_gate5_v1,4b5b7791539478f9b2562d1b176e235ac7b641e1afdc40c3d5242661d9dbed3d,4b5b7791539478f9b2562d1b176e235ac7b641e1afdc40c3d5242661d9dbed3d,2ad0e9f7bbdfe12695c931891fd0e8132d060fd7bcbca23623db43d4c7393a5c,561839806dcdb8279ac4e42025bc5a82751f2588a2b2066fa84637918d8e4896,2987a546cb3f48253dcdfdc400036a68d1977eddb1012f753e54eca010acedd8,73ed0728ba3aea4548919a2c599b960f1645e1842d48afd930cc90a737aecd92,a96eee14f959c7954577e91fe17d4515a9348f0431a52c4dd9b8f37b88ac9cf5,d543101e7ea78ed2ddaba45de0ca0f44ec997e73ba696c2970de54b1e75cccfc,e40ccb491db9d0ecfe8c9e8462f713cf096279ef2b219236d05222512135b242,fb59b12e82b041c59cc8a3933745a40e92c5e89aa7df64846e5855fbd3acb00e,38669e3f0e715d12f919bbd64ba6e09fbb431145f819869ebd01d20e8fde4ed0,"[[18.0,3796],[20.0,4964]]","[[26.0,8760]]","[[""north"",""002ee4e68ba2ff1e9da7eb8f1e16c441bba47a8ad5ed36d81dc169204a2cb66d""],[""east"",""b1a28b883b4633c7b55388b5b43f571e79efcd391bc0ce6bc07019b5e25d8065""],[""south"",""c667e440b35d715226d38302c0104b35b5d5764fed6125e5bcc80d08fabf1f41""],[""west"",""2767619730916a7bca7fe58275301af35dc43db33040cad9a975264954dbabb5""]]"
mc_19a5774067c5ab125015a0bdb3f3762db482676effac969de12004a44e9ecbe6,BE_TABULA_11,Detached house,SFH,1971-1990,TABULA_existing,231ef175659def943b74235aceb0ef9def0e53fc195cdad7a8338fa6b54777e3,238.40000000000001,rcp_2_6,weather_2050_rcp_2_6_pvgis_2006,pvgis_2006,2006,2041-2060,1049765411,2,638039541,central,central,43118.340831819536,741.72312098277769,180.8655236234041,3.1112547021089667,20383.182773117056,9122.3711903632466,2115.3880290318248,81.308149548477516,5930,285,285,5930,0,3942.749999999493,3499.9999999994934,8.6401996668428183e-11,2,residential_energy_demand_gate5_v1,4b5b7791539478f9b2562d1b176e235ac7b641e1afdc40c3d5242661d9dbed3d,4b5b7791539478f9b2562d1b176e235ac7b641e1afdc40c3d5242661d9dbed3d,2ad0e9f7bbdfe12695c931891fd0e8132d060fd7bcbca23623db43d4c7393a5c,561839806dcdb8279ac4e42025bc5a82751f2588a2b2066fa84637918d8e4896,2987a546cb3f48253dcdfdc400036a68d1977eddb1012f753e54eca010acedd8,73ed0728ba3aea4548919a2c599b960f1645e1842d48afd930cc90a737aecd92,a96eee14f959c7954577e91fe17d4515a9348f0431a52c4dd9b8f37b88ac9cf5,d543101e7ea78ed2ddaba45de0ca0f44ec997e73ba696c2970de54b1e75cccfc,e40ccb491db9d0ecfe8c9e8462f713cf096279ef2b219236d05222512135b242,fb59b12e82b041c59cc8a3933745a40e92c5e89aa7df64846e5855fbd3acb00e,38669e3f0e715d12f919bbd64ba6e09fbb431145f819869ebd01d20e8fde4ed0,"[[18.0,3777],[20.0,4983]]","[[26.0,8760]]","[[""north"",""002ee4e68ba2ff1e9da7eb8f1e16c441bba47a8ad5ed36d81dc169204a2cb66d""],[""east"",""b1a28b883b4633c7b55388b5b43f571e79efcd391bc0ce6bc07019b5e25d8065""],[""south"",""c667e440b35d715226d38302c0104b35b5d5764fed6125e5bcc80d08fabf1f41""],[""west"",""2767619730916a7bca7fe58275301af35dc43db33040cad9a975264954dbabb5""]]"
mc_94b010e46e71161bc017b410196856d96312df6b1418fbfc976f457f281581a1,BE_TABULA_11,Detached house,SFH,1971-1990,TABULA_existing,231ef175659def943b74235aceb0ef9def0e53fc195cdad7a8338fa6b54777e3,238.40000000000001,rcp_2_6,weather_2050_rcp_2_6_pvgis_2006,pvgis_2006,2006,2041-2060,179219561,1,703939130,central,central,42360.143020367774,734.46709729388601,177.68516367603931,3.0808183611320721,20436.908344565138,9406.5899898015268,2072.7275528263922,78.080058564281359,5865,274,274,5865,0,3732.7150000000506,3500.0000000000505,8.4412477008299902e-11,2,residential_energy_demand_gate5_v1,4b5b7791539478f9b2562d1b176e235ac7b641e1afdc40c3d5242661d9dbed3d,4b5b7791539478f9b2562d1b176e235ac7b641e1afdc40c3d5242661d9dbed3d,2ad0e9f7bbdfe12695c931891fd0e8132d060fd7bcbca23623db43d4c7393a5c,561839806dcdb8279ac4e42025bc5a82751f2588a2b2066fa84637918d8e4896,2987a546cb3f48253dcdfdc400036a68d1977eddb1012f753e54eca010acedd8,73ed0728ba3aea4548919a2c599b960f1645e1842d48afd930cc90a737aecd92,a96eee14f959c7954577e91fe17d4515a9348f0431a52c4dd9b8f37b88ac9cf5,d543101e7ea78ed2ddaba45de0ca0f44ec997e73ba696c2970de54b1e75cccfc,e40ccb491db9d0ecfe8c9e8462f713cf096279ef2b219236d05222512135b242,fb59b12e82b041c59cc8a3933745a40e92c5e89aa7df64846e5855fbd3acb00e,38669e3f0e715d12f919bbd64ba6e09fbb431145f819869ebd01d20e8fde4ed0,"[[18.0,4610],[20.0,4150]]","[[26.0,8760]]","[[""north"",""002ee4e68ba2ff1e9da7eb8f1e16c441bba47a8ad5ed36d81dc169204a2cb66d""],[""east"",""b1a28b883b4633c7b55388b5b43f571e79efcd391bc0ce6bc07019b5e25d8065""],[""south"",""c667e440b35d715226d38302c0104b35b5d5764fed6125e5bcc80d08fabf1f41""],[""west"",""2767619730916a7bca7fe58275301af35dc43db33040cad9a975264954dbabb5""]]"
mc_0bfd63bf89f5d32d52e0be91d52c221e6d38e7ba2fdad6a69a9f730010d681bb,BE_TABULA_11,Detached house,SFH,1971-1990,TABULA_existing,231ef175659def943b74235aceb0ef9def0e53fc195cdad7a8338fa6b54777e3,238.40000000000001,rcp_2_6,weather_2050_rcp_2_6_pvgis_2006,pvgis_2006,2006,2041-2060,1182233951,5,3827554510,central,central,43856.458747538432,758.49535602857827,183.96165582021155,3.181608037032627,20100.292464711576,8640.3197179506897,2181.8816230924799,87.785565903628168,6044,285,285,6044,0,4328.8233333341295,3500.0000000007963,9.7315933089703321e-11,2,residential_energy_demand_gate5_v1,4b5b7791539478f9b2562d1b176e235ac7b641e1afdc40c3d5242661d9dbed3d,4b5b7791539478f9b2562d1b176e235ac7b641e1afdc40c3d5242661d9dbed3d,2ad0e9f7bbdfe12695c931891fd0e8132d060fd7bcbca23623db43d4c7393a5c,561839806dcdb8279ac4e42025bc5a82751f2588a2b2066fa84637918d8e4896,2987a546cb3f48253dcdfdc400036a68d1977eddb1012f753e54eca010acedd8,73ed0728ba3aea4548919a2c599b960f1645e1842d48afd930cc90a737aecd92,a96eee14f959c7954577e91fe17d4515a9348f0431a52c4dd9b8f37b88ac9cf5,d543101e7ea78ed2ddaba45de0ca0f44ec997e73ba696c2970de54b1e75cccfc,e40ccb491db9d0ecfe8c9e8462f713cf096279ef2b219236d05222512135b242,fb59b12e82b041c59cc8a3933745a40e92c5e89aa7df64846e5855fbd3acb00e,38669e3f0e715d12f919bbd64ba6e09fbb431145f819869ebd01d20e8fde4ed0,"[[18.0,2812],[20.0,5948]]","[[26.0,8760]]","[[""north"",""002ee4e68ba2ff1e9da7eb8f1e16c441bba47a8ad5ed36d81dc169204a2cb66d""],[""east"",""b1a28b883b4633c7b55388b5b43f571e79efcd391bc0ce6bc07019b5e25d8065""],[""south"",""c667e440b35d715226d38302c0104b35b5d5764fed6125e5bcc80d08fabf1f41""],[""west"",""2767619730916a7bca7fe58275301af35dc43db33040cad9a975264954dbabb5""]]"
mc_1baaf7a55f5d6dc0b4724b3ab1f807add4be5c3d3a0d6a2b98ac0abfda09016e,BE_TABULA_11,Detached house,SFH,1971-1990,TABULA_existing,231ef175659def943b74235aceb0ef9def0e53fc195cdad7a8338fa6b54777e3,238.40000000000001,rcp_2_6,weather_2050_rcp_2_6_pvgis_2006,pvgis_2006,2006,2041-2060,2553148887,1,4219507087,central,central,42372.77423013682,738.84143189612234,177.73814693849337,3.0991670801011844,20132.444469304366,8250.1322566041636,2104.7009117418379,89.555101532425226,5880,288,288,5880,0,3733.5899999992939,3499.9999999992942,8.6629370343871415e-11,2,residential_energy_demand_gate5_v1,4b5b7791539478f9b2562d1b176e235ac7b641e1afdc40c3d5242661d9dbed3d,4b5b7791539478f9b2562d1b176e235ac7b641e1afdc40c3d5242661d9dbed3d,2ad0e9f7bbdfe12695c931891fd0e8132d060fd7bcbca23623db43d4c7393a5c,561839806dcdb8279ac4e42025bc5a82751f2588a2b2066fa84637918d8e4896,2987a546cb3f48253dcdfdc400036a68d1977eddb1012f753e54eca010acedd8,73ed0728ba3aea4548919a2c599b960f1645e1842d48afd930cc90a737aecd92,a96eee14f959c7954577e91fe17d4515a9348f0431a52c4dd9b8f37b88ac9cf5,d543101e7ea78ed2ddaba45de0ca0f44ec997e73ba696c2970de54b1e75cccfc,e40ccb491db9d0ecfe8c9e8462f713cf096279ef2b219236d05222512135b242,fb59b12e82b041c59cc8a3933745a40e92c5e89aa7df64846e5855fbd3acb00e,38669e3f0e715d12f919bbd64ba6e09fbb431145f819869ebd01d20e8fde4ed0,"[[18.0,4597],[20.0,4163]]","[[26.0,8760]]","[[""north"",""002ee4e68ba2ff1e9da7eb8f1e16c441bba47a8ad5ed36d81dc169204a2cb66d""],[""east"",""b1a28b883b4633c7b55388b5b43f571e79efcd391bc0ce6bc07019b5e25d8065""],[""south"",""c667e440b35d715226d38302c0104b35b5d5764fed6125e5bcc80d08fabf1f41""],[""west"",""2767619730916a7bca7fe58275301af35dc43db33040cad9a975264954dbabb5""]]"
mc_26505756ac3ca8175186c171c2d31305adfa25809175fa9d0f18c70853964125,BE_TABULA_11,Detached house,SFH,1971-1990,TABULA_existing,231ef175659def943b74235aceb0ef9def0e53fc195cdad7a8338fa6b54777e3,238.40000000000001,rcp_2_6,weather_2050_rcp_2_6_pvgis_2006,pvgis_2006,2006,2041-2060,3936058544,2,1082227064,central,central,43070.649377499103,741.98369359714241,180.66547557675798,3.1123477080417046,20513.689004128053,8002.4623637942677,2099.6052620682617,92.719423080840343,5957,285,285,5957,0,3942.8783333330171,3499.9999999996835,9.5496943686157465e-11,2,residential_energy_demand_gate5_v1,4b5b7791539478f9b2562d1b176e235ac7b641e1afdc40c3d5242661d9dbed3d,4b5b7791539478f9b2562d1b176e235ac7b641e1afdc40c3d5242661d9dbed3d,2ad0e9f7bbdfe12695c931891fd0e8132d060fd7bcbca23623db43d4c7393a5c,561839806dcdb8279ac4e42025bc5a82751f2588a2b2066fa84637918d8e4896,2987a546cb3f48253dcdfdc400036a68d1977eddb1012f753e54eca010acedd8,73ed0728ba3aea4548919a2c599b960f1645e1842d48afd930cc90a737aecd92,a96eee14f959c7954577e91fe17d4515a9348f0431a52c4dd9b8f37b88ac9cf5,d543101e7ea78ed2ddaba45de0ca0f44ec997e73ba696c2970de54b1e75cccfc,e40ccb491db9d0ecfe8c9e8462f713cf096279ef2b219236d05222512135b242,fb59b12e82b041c59cc8a3933745a40e92c5e89aa7df64846e5855fbd3acb00e,38669e3f0e715d12f919bbd64ba6e09fbb431145f819869ebd01d20e8fde4ed0,"[[18.0,3842],[20.0,4918]]","[[26.0,8760]]","[[""north"",""002ee4e68ba2ff1e9da7eb8f1e16c441bba47a8ad5ed36d81dc169204a2cb66d""],[""east"",""b1a28b883b4633c7b55388b5b43f571e79efcd391bc0ce6bc07019b5e25d8065""],[""south"",""c667e440b35d715226d38302c0104b35b5d5764fed6125e5bcc80d08fabf1f41""],[""west"",""2767619730916a7bca7fe58275301af35dc43db33040cad9a975264954dbabb5""]]"
mc_138af28bbf38339a5ab6dc93d86a2c7abdcdaf24872bb9d76924ed2a458b9b19,BE_TABULA_11,Detached house,SFH,1971-1990,TABULA_existing,231ef175659def943b74235aceb0ef9def0e53fc195cdad7a8338fa6b54777e3,238.40000000000001,rcp_2_6,weather_2050_rcp_2_6_pvgis_2006,pvgis_2006,2006,2041-2060,3672343387,5,2650450628,central,central,43876.548821037686,777.26451124779055,184.04592626274197,3.2603377149655643,19700.571274933882,8857.0508509348856,2227.1713956266958,87.75658222237125,6016,293,293,6016,0,4342.9049999997596,3499.9999999997599,9.0949470177292824e-11,2,residential_energy_demand_gate5_v1,4b5b7791539478f9b2562d1b176e235ac7b641e1afdc40c3d5242661d9dbed3d,4b5b7791539478f9b2562d1b176e235ac7b641e1afdc40c3d5242661d9dbed3d,2ad0e9f7bbdfe12695c931891fd0e8132d060fd7bcbca23623db43d4c7393a5c,561839806dcdb8279ac4e42025bc5a82751f2588a2b2066fa84637918d8e4896,2987a546cb3f48253dcdfdc400036a68d1977eddb1012f753e54eca010acedd8,73ed0728ba3aea4548919a2c599b960f1645e1842d48afd930cc90a737aecd92,a96eee14f959c7954577e91fe17d4515a9348f0431a52c4dd9b8f37b88ac9cf5,d543101e7ea78ed2ddaba45de0ca0f44ec997e73ba696c2970de54b1e75cccfc,e40ccb491db9d0ecfe8c9e8462f713cf096279ef2b219236d05222512135b242,fb59b12e82b041c59cc8a3933745a40e92c5e89aa7df64846e5855fbd3acb00e,38669e3f0e715d12f919bbd64ba6e09fbb431145f819869ebd01d20e8fde4ed0,"[[18.0,2774],[20.0,5986]]","[[26.0,8760]]","[[""north"",""002ee4e68ba2ff1e9da7eb8f1e16c441bba47a8ad5ed36d81dc169204a2cb66d""],[""east"",""b1a28b883b4633c7b55388b5b43f571e79efcd391bc0ce6bc07019b5e25d8065""],[""south"",""c667e440b35d715226d38302c0104b35b5d5764fed6125e5bcc80d08fabf1f41""],[""west"",""2767619730916a7bca7fe58275301af35dc43db33040cad9a975264954dbabb5""]]"
mc_dea5433dee43cb2cfcc78a710755d1c04c9bd354f149c7d7476ef8ddeb1f6f3a,BE_TABULA_11,Detached house,SFH,1971-1990,TABULA_existing,231ef175659def943b74235aceb0ef9def0e53fc195cdad7a8338fa6b54777e3,238.40000000000001,rcp_2_6,weather_2050_rcp_2_6_pvgis_2006,pvgis_2006,2006,2041-2060,1536720057,3,992965893,central,central,43531.843353654862,754.23180530500633,182.6000140673442,3.1637240155411339,20381.585528736236,8783.7275653323268,2135.8418505900245,85.86693971268113,6006,286,286,6006,0,4056.4416666675684,3500.0000000009018,8.6856744019314647e-11,2,residential_energy_demand_gate5_v1,4b5b7791539478f9b2562d1b176e235ac7b641e1afdc40c3d5242661d9dbed3d,4b5b7791539478f9b2562d1b176e235ac7b641e1afdc40c3d5242661d9dbed3d,2ad0e9f7bbdfe12695c931891fd0e8132d060fd7bcbca23623db43d4c7393a5c,561839806dcdb8279ac4e42025bc5a82751f2588a2b2066fa84637918d8e4896,2987a546cb3f48253dcdfdc400036a68d1977eddb1012f753e54eca010acedd8,73ed0728ba3aea4548919a2c599b960f1645e1842d48afd930cc90a737aecd92,a96eee14f959c7954577e91fe17d4515a9348f0431a52c4dd9b8f37b88ac9cf5,d543101e7ea78ed2ddaba45de0ca0f44ec997e73ba696c2970de54b1e75cccfc,e40ccb491db9d0ecfe8c9e8462f713cf096279ef2b219236d05222512135b242,fb59b12e82b041c59cc8a3933745a40e92c5e89aa7df64846e5855fbd3acb00e,38669e3f0e715d12f919bbd64ba6e09fbb431145f819869ebd01d20e8fde4ed0,"[[18.0,3309],[20.0,5451]]","[[26.0,8760]]","[[""north"",""002ee4e68ba2ff1e9da7eb8f1e16c441bba47a8ad5ed36d81dc169204a2cb66d""],[""east"",""b1a28b883b4633c7b55388b5b43f571e79efcd391bc0ce6bc07019b5e25d8065""],[""south"",""c667e440b35d715226d38302c0104b35b5d5764fed6125e5bcc80d08fabf1f41""],[""west"",""2767619730916a7bca7fe58275301af35dc43db33040cad9a975264954dbabb5""]]"
mc_24257cb157417520325f9210c99833df2dfbab3a0f5189f7debf413dac4ebec6,BE_TABULA_11,Detached house,SFH,1971-1990,TABULA_existing,231ef175659def943b74235aceb0ef9def0e53fc195cdad7a8338fa6b54777e3,238.40000000000001,rcp_2_6,weather_2050_rcp_2_6_pvgis_2006,pvgis_2006,2006,2041-2060,1105527356,3,2355334313,central,central,43372.229497995337,752.36373538142038,181.93049286071869,3.1558881517677029,20208.064190961497,8666.138813715952,2146.2832405983017,86.816487890852798,5979,278,278,5979,0,4060.4783333332889,3499.9999999999559,8.8220986071974039e-11,2,residential_energy_demand_gate5_v1,4b5b7791539478f9b2562d1b176e235ac7b641e1afdc40c3d5242661d9dbed3d,4b5b7791539478f9b2562d1b176e235ac7b641e1afdc40c3d5242661d9dbed3d,2ad0e9f7bbdfe12695c931891fd0e8132d060fd7bcbca23623db43d4c7393a5c,561839806dcdb8279ac4e42025bc5a82751f2588a2b2066fa84637918d8e4896,2987a546cb3f48253dcdfdc400036a68d1977eddb1012f753e54eca010acedd8,73ed0728ba3aea4548919a2c599b960f1645e1842d48afd930cc90a737aecd92,a96eee14f959c7954577e91fe17d4515a9348f0431a52c4dd9b8f37b88ac9cf5,d543101e7ea78ed2ddaba45de0ca0f44ec997e73ba696c2970de54b1e75cccfc,e40ccb491db9d0ecfe8c9e8462f713cf096279ef2b219236d05222512135b242,fb59b12e82b041c59cc8a3933745a40e92c5e89aa7df64846e5855fbd3acb00e,38669e3f0e715d12f919bbd64ba6e09fbb431145f819869ebd01d20e8fde4ed0,"[[18.0,3422],[20.0,5338]]","[[26.0,8760]]","[[""north"",""002ee4e68ba2ff1e9da7eb8f1e16c441bba47a8ad5ed36d81dc169204a2cb66d""],[""east"",""b1a28b883b4633c7b55388b5b43f571e79efcd391bc0ce6bc07019b5e25d8065""],[""south"",""c667e440b35d715226d38302c0104b35b5d5764fed6125e5bcc80d08fabf1f41""],[""west"",""2767619730916a7bca7fe58275301af35dc43db33040cad9a975264954dbabb5""]]"
mc_0caa1fad3de2cd7925bc2e4a37bbc72ac117c7e7cfd798ca4cb0870688e543c0,BE_TABULA_11,Detached house,SFH,1971-1990,TABULA_existing,231ef175659def943b74235aceb0ef9def0e53fc195cdad7a8338fa6b54777e3,238.40000000000001,rcp_2_6,weather_2050_rcp_2_6_pvgis_2006,pvgis_2006,2006,2041-2060,2803026148,4,1800981112,central,central,43681.436103670414,755.79367826671682,183.22750043485911,3.1702754960852215,20195.979035599488,8922.3977647960783,2162.8778692368942,84.707462970184054,5983,294,294,5983,0,4192.9766666669957,3500.0000000003288,9.1858964879065752e-11,2,residential_energy_demand_gate5_v1,4b5b7791539478f9b2562d1b176e235ac7b641e1afdc40c3d5242661d9dbed3d,4b5b7791539478f9b2562d1b176e235ac7b641e1afdc40c3d5242661d9dbed3d,2ad0e9f7bbdfe12695c931891fd0e8132d060fd7bcbca23623db43d4c7393a5c,561839806dcdb8279ac4e42025bc5a82751f2588a2b2066fa84637918d8e4896,2987a546cb3f48253dcdfdc400036a68d1977eddb1012f753e54eca010acedd8,73ed0728ba3aea4548919a2c599b960f1645e1842d48afd930cc90a737aecd92,a96eee14f959c7954577e91fe17d4515a9348f0431a52c4dd9b8f37b88ac9cf5,d543101e7ea78ed2ddaba45de0ca0f44ec997e73ba696c2970de54b1e75cccfc,e40ccb491db9d0ecfe8c9e8462f713cf096279ef2b219236d05222512135b242,fb59b12e82b041c59cc8a3933745a40e92c5e89aa7df64846e5855fbd3acb00e,38669e3f0e715d12f919bbd64ba6e09fbb431145f819869ebd01d20e8fde4ed0,"[[18.0,3130],[20.0,5630]]","[[26.0,8760]]","[[""north"",""002ee4e68ba2ff1e9da7eb8f1e16c441bba47a8ad5ed36d81dc169204a2cb66d""],[""east"",""b1a28b883b4633c7b55388b5b43f571e79efcd391bc0ce6bc07019b5e25d8065""],[""south"",""c667e440b35d715226d38302c0104b35b5d5764fed6125e5bcc80d08fabf1f41""],[""west"",""2767619730916a7bca7fe58275301af35dc43db33040cad9a975264954dbabb5""]]"
mc_43e4b504fbd5ec237b679a65dfde2de6544f7c1367945ac4551f24bcab761376,BE_TABULA_11,Detached house,SFH,1971-1990,TABULA_existing,231ef175659def943b74235aceb0ef9def0e53fc195cdad7a8338fa6b54777e3,238.40000000000001,rcp_2_6,weather_2050_rcp_2_6_pvgis_2006,pvgis_2006,2006,2041-2060,2970899734,3,1890613871,central,central,43437.899258961996,753.08814809935677,182.20595326745803,3.1589267957187785,19781.300382050289,8399.9176040803632,2195.9071658594244,89.654230385966528,5917,297,297,5917,0,4058.740000000259,3500.0000000002588,8.503775461576879e-11,2,residential_energy_demand_gate5_v1,4b5b7791539478f9b2562d1b176e235ac7b641e1afdc40c3d5242661d9dbed3d,4b5b7791539478f9b2562d1b176e235ac7b641e1afdc40c3d5242661d9dbed3d,2ad0e9f7bbdfe12695c931891fd0e8132d060fd7bcbca23623db43d4c7393a5c,561839806dcdb8279ac4e42025bc5a82751f2588a2b2066fa84637918d8e4896,2987a546cb3f48253dcdfdc400036a68d1977eddb1012f753e54eca010acedd8,73ed0728ba3aea4548919a2c599b960f1645e1842d48afd930cc90a737aecd92,a96eee14f959c7954577e91fe17d4515a9348f0431a52c4dd9b8f37b88ac9cf5,d543101e7ea78ed2ddaba45de0ca0f44ec997e73ba696c2970de54b1e75cccfc,e40ccb491db9d0ecfe8c9e8462f713cf096279ef2b219236d05222512135b242,fb59b12e82b041c59cc8a3933745a40e92c5e89aa7df64846e5855fbd3acb00e,38669e3f0e715d12f919bbd64ba6e09fbb431145f819869ebd01d20e8fde4ed0,"[[18.0,3375],[20.0,5385]]","[[26.0,8760]]","[[""north"",""002ee4e68ba2ff1e9da7eb8f1e16c441bba47a8ad5ed36d81dc169204a2cb66d""],[""east"",""b1a28b883b4633c7b55388b5b43f571e79efcd391bc0ce6bc07019b5e25d8065""],[""south"",""c667e440b35d715226d38302c0104b35b5d5764fed6125e5bcc80d08fabf1f41""],[""west"",""2767619730916a7bca7fe58275301af35dc43db33040cad9a975264954dbabb5""]]"
mc_d6515a6736c2fdacac5ec99b8513820c7d6e8a4b734397bc03667cc4028af23e,BE_TABULA_11,Detached house,SFH,1971-1990,TABULA_existing,231ef175659def943b74235aceb0ef9def0e53fc195cdad7a8338fa6b54777e3,238.40000000000001,rcp_2_6,weather_2050_rcp_2_6_pvgis_2006,pvgis_2006,2006,2041-2060,387036528,2,2547100333,central,central,43264.451153146787,751.08602039860136,181.47840248803183,3.1505286090545357,20369.550697241084,9021.3388940483092,2123.9767040618458,83.256601843670779,5956,283,283,5956,0,3958.7566666670768,3500.0000000004102,9.36211108637508e-11,2,residential_energy_demand_gate5_v1,4b5b7791539478f9b2562d1b176e235ac7b641e1afdc40c3d5242661d9dbed3d,4b5b7791539478f9b2562d1b176e235ac7b641e1afdc40c3d5242661d9dbed3d,2ad0e9f7bbdfe12695c931891fd0e8132d060fd7bcbca23623db43d4c7393a5c,561839806dcdb8279ac4e42025bc5a82751f2588a2b2066fa84637918d8e4896,2987a546cb3f48253dcdfdc400036a68d1977eddb1012f753e54eca010acedd8,73ed0728ba3aea4548919a2c599b960f1645e1842d48afd930cc90a737aecd92,a96eee14f959c7954577e91fe17d4515a9348f0431a52c4dd9b8f37b88ac9cf5,d543101e7ea78ed2ddaba45de0ca0f44ec997e73ba696c2970de54b1e75cccfc,e40ccb491db9d0ecfe8c9e8462f713cf096279ef2b219236d05222512135b242,fb59b12e82b041c59cc8a3933745a40e92c5e89aa7df64846e5855fbd3acb00e,38669e3f0e715d12f919bbd64ba6e09fbb431145f819869ebd01d20e8fde4ed0,"[[18.0,3667],[20.0,5093]]","[[26.0,8760]]","[[""north"",""002ee4e68ba2ff1e9da7eb8f1e16c441bba47a8ad5ed36d81dc169204a2cb66d""],[""east"",""b1a28b883b4633c7b55388b5b43f571e79efcd391bc0ce6bc07019b5e25d8065""],[""south"",""c667e440b35d715226d38302c0104b35b5d5764fed6125e5bcc80d08fabf1f41""],[""west"",""2767619730916a7bca7fe58275301af35dc43db33040cad9a975264954dbabb5""]]"
mc_6ba39f79e778c6c8050ec24125d5f4d544e545bde88b3413b02efd4649c358d3,BE_TABULA_11,Detached house,SFH,1971-1990,TABULA_existing,231ef175659def943b74235aceb0ef9def0e53fc195cdad7a8338fa6b54777e3,238.40000000000001,rcp_2_6,weather_2050_rcp_2_6_pvgis_2006,pvgis_2006,2006,2041-2060,247910426,2,1544109121,central,central,42965.640222025489,727.79718672824811,180.22500093131498,3.0528405483567456,20047.2612590391,8129.1385890758884,2143.2174533393049,89.529435222851006,5891,286,286,5891,0,3938.993333333945,3500.0000000006121,8.5947249317541718e-11,2,residential_energy_demand_gate5_v1,4b5b7791539478f9b2562d1b176e235ac7b641e1afdc40c3d5242661d9dbed3d,4b5b7791539478f9b2562d1b176e235ac7b641e1afdc40c3d5242661d9dbed3d,2ad0e9f7bbdfe12695c931891fd0e8132d060fd7bcbca23623db43d4c7393a5c,561839806dcdb8279ac4e42025bc5a82751f2588a2b2066fa84637918d8e4896,2987a546cb3f48253dcdfdc400036a68d1977eddb1012f753e54eca010acedd8,73ed0728ba3aea4548919a2c599b960f1645e1842d48afd930cc90a737aecd92,a96eee14f959c7954577e91fe17d4515a9348f0431a52c4dd9b8f37b88ac9cf5,d543101e7ea78ed2ddaba45de0ca0f44ec997e73ba696c2970de54b1e75cccfc,e40ccb491db9d0ecfe8c9e8462f713cf096279ef2b219236d05222512135b242,fb59b12e82b041c59cc8a3933745a40e92c5e89aa7df64846e5855fbd3acb00e,38669e3f0e715d12f919bbd64ba6e09fbb431145f819869ebd01d20e8fde4ed0,"[[18.0,3852],[20.0,4908]]","[[26.0,8760]]","[[""north"",""002ee4e68ba2ff1e9da7eb8f1e16c441bba47a8ad5ed36d81dc169204a2cb66d""],[""east"",""b1a28b883b4633c7b55388b5b43f571e79efcd391bc0ce6bc07019b5e25d8065""],[""south"",""c667e440b35d715226d38302c0104b35b5d5764fed6125e5bcc80d08fabf1f41""],[""west"",""2767619730916a7bca7fe58275301af35dc43db33040cad9a975264954dbabb5""]]"
mc_c0ae3e405dd0ecd5accdb47fdd20288cdcc1db2455a7ba063b234ec94df90032,BE_TABULA_11,Detached house,SFH,1971-1990,TABULA_existing,231ef175659def943b74235aceb0ef9def0e53fc195cdad7a8338fa6b54777e3,238.40000000000001,rcp_2_6,weather_2050_rcp_2_6_pvgis_2006,pvgis_2006,2006,2041-2060,2703791916,2,3817024223,central,central,43139.631571020378,738.31123558870581,180.95483041535394,3.0969431023016183,20339.86137577736,8270.5359677070137,2120.9402942340184,89.270059216416286,5908,286,286,5908,0,3952.9116666666646,3499.9999999999977,9.9134922493249178e-11,2,residential_energy_demand_gate5_v1,4b5b7791539478f9b2562d1b176e235ac7b641e1afdc40c3d5242661d9dbed3d,4b5b7791539478f9b2562d1b176e235ac7b641e1afdc40c3d5242661d9dbed3d,2ad0e9f7bbdfe12695c931891fd0e8132d060fd7bcbca23623db43d4c7393a5c,561839806dcdb8279ac4e42025bc5a82751f2588a2b2066fa84637918d8e4896,2987a546cb3f48253dcdfdc400036a68d1977eddb1012f753e54eca010acedd8,73ed0728ba3aea4548919a2c599b960f1645e1842d48afd930cc90a737aecd92,a96eee14f959c7954577e91fe17d4515a9348f0431a52c4dd9b8f37b88ac9cf5,d543101e7ea78ed2ddaba45de0ca0f44ec997e73ba696c2970de54b1e75cccfc,e40ccb491db9d0ecfe8c9e8462f713cf096279ef2b219236d05222512135b242,fb59b12e82b041c59cc8a3933745a40e92c5e89aa7df64846e5855fbd3acb00e,38669e3f0e715d12f919bbd64ba6e09fbb431145f819869ebd01d20e8fde4ed0,"[[18.0,3743],[20.0,5017]]","[[26.0,8760]]","[[""north"",""002ee4e68ba2ff1e9da7eb8f1e16c441bba47a8ad5ed36d81dc169204a2cb66d""],[""east"",""b1a28b883b4633c7b55388b5b43f571e79efcd391bc0ce6bc07019b5e25d8065""],[""south"",""c667e440b35d715226d38302c0104b35b5d5764fed6125e5bcc80d08fabf1f41""],[""west"",""2767619730916a7bca7fe58275301af35dc43db33040cad9a975264954dbabb5""]]"
mc_9cffeb10c5b2c3cbfb25bbe7693a579fe22e3688ec0e304bf06154fd4fda377d,BE_TABULA_11,Detached house,SFH,1971-1990,TABULA_existing,231ef175659def943b74235aceb0ef9def0e53fc195cdad7a8338fa6b54777e3,238.40000000000001,rcp_2_6,weather_2050_rcp_2_6_pvgis_2006,pvgis_2006,2006,2041-2060,2308038042,2,3939876558,central,central,43129.165523837481,758.67843306087855,180.91092921072769,3.1823759776043561,20105.53092926391,8640.5089956448192,2145.1393487481751,87.804831109288173,5904,277,277,5904,0,3948.1633333334303,3500.0000000000969,9.4360075308941305e-11,2,residential_energy_demand_gate5_v1,4b5b7791539478f9b2562d1b176e235ac7b641e1afdc40c3d5242661d9dbed3d,4b5b7791539478f9b2562d1b176e235ac7b641e1afdc40c3d5242661d9dbed3d,2ad0e9f7bbdfe12695c931891fd0e8132d060fd7bcbca23623db43d4c7393a5c,561839806dcdb8279ac4e42025bc5a82751f2588a2b2066fa84637918d8e4896,2987a546cb3f48253dcdfdc400036a68d1977eddb1012f753e54eca010acedd8,73ed0728ba3aea4548919a2c599b960f1645e1842d48afd930cc90a737aecd92,a96eee14f959c7954577e91fe17d4515a9348f0431a52c4dd9b8f37b88ac9cf5,d543101e7ea78ed2ddaba45de0ca0f44ec997e73ba696c2970de54b1e75cccfc,e40ccb491db9d0ecfe8c9e8462f713cf096279ef2b219236d05222512135b242,fb59b12e82b041c59cc8a3933745a40e92c5e89aa7df64846e5855fbd3acb00e,38669e3f0e715d12f919bbd64ba6e09fbb431145f819869ebd01d20e8fde4ed0,"[[18.0,3758],[20.0,5002]]","[[26.0,8760]]","[[""north"",""002ee4e68ba2ff1e9da7eb8f1e16c441bba47a8ad5ed36d81dc169204a2cb66d""],[""east"",""b1a28b883b4633c7b55388b5b43f571e79efcd391bc0ce6bc07019b5e25d8065""],[""south"",""c667e440b35d715226d38302c0104b35b5d5764fed6125e5bcc80d08fabf1f41""],[""west"",""2767619730916a7bca7fe58275301af35dc43db33040cad9a975264954dbabb5""]]"
mc_bcfb22577879ca27cfca2f060d3bb7116ad8e5ab6b75812d601ea4aa07c2cc1a,BE_TABULA_11,Detached house,SFH,1971-1990,TABULA_existing,231ef175659def943b74235aceb0ef9def0e53fc195cdad7a8338fa6b54777e3,238.40000000000001,rcp_2_6,weather_2050_rcp_2_6_pvgis_2006,pvgis_2006,2006,2041-2060,121872340,5,62979322,central,central,43864.545599543599,758.06729730549978,183.9955771792936,3.1798124886975661,20213.61835564192,8808.7369935270272,2170.0491632810686,86.058568653208127,6029,285,285,6029,0,4342.2516666662705,3499.9999999996035,9.1858964879065752e-11,2,residential_energy_demand_gate5_v1,4b5b7791539478f9b2562d1b176e235ac7b641e1afdc40c3d5242661d9dbed3d,4b5b7791539478f9b2562d1b176e235ac7b641e1afdc40c3d5242661d9dbed3d,2ad0e9f7bbdfe12695c931891fd0e8132d060fd7bcbca23623db43d4c7393a5c,561839806dcdb8279ac4e42025bc5a82751f2588a2b2066fa84637918d8e4896,2987a546cb3f48253dcdfdc400036a68d1977eddb1012f753e54eca010acedd8,73ed0728ba3aea4548919a2c599b960f1645e1842d48afd930cc90a737aecd92,a96eee14f959c7954577e91fe17d4515a9348f0431a52c4dd9b8f37b88ac9cf5,d543101e7ea78ed2ddaba45de0ca0f44ec997e73ba696c2970de54b1e75cccfc,e40ccb491db9d0ecfe8c9e8462f713cf096279ef2b219236d05222512135b242,fb59b12e82b041c59cc8a3933745a40e92c5e89aa7df64846e5855fbd3acb00e,38669e3f0e715d12f919bbd64ba6e09fbb431145f819869ebd01d20e8fde4ed0,"[[18.0,2786],[20.0,5974]]","[[26.0,8760]]","[[""north"",""002ee4e68ba2ff1e9da7eb8f1e16c441bba47a8ad5ed36d81dc169204a2cb66d""],[""east"",""b1a28b883b4633c7b55388b5b43f571e79efcd391bc0ce6bc07019b5e25d8065""],[""south"",""c667e440b35d715226d38302c0104b35b5d5764fed6125e5bcc80d08fabf1f41""],[""west"",""2767619730916a7bca7fe58275301af35dc43db33040cad9a975264954dbabb5""]]"
mc_c4ff255401f856bd158b9a04c4851f18b636b01f66e3c1956f765c3a9f05b64c,BE_TABULA_11,Detached house,SFH,1971-1990,TABULA_existing,231ef175659def943b74235aceb0ef9def0e53fc195cdad7a8338fa6b54777e3,238.40000000000001,rcp_2_6,weather_2050_rcp_2_6_pvgis_2006,pvgis_2006,2006,2041-2060,3159291459,4,3216263764,central,central,43547.465617018112,777.21178860134614,182.66554369554578,3.2601165629251097,20081.587229227636,8248.5671714668497,2168.5270750728901,94.223853967007699,5993,299,299,5993,0,4193.525000000328,3500.0000000003274,8.5492501966655254e-11,2,residential_energy_demand_gate5_v1,4b5b7791539478f9b2562d1b176e235ac7b641e1afdc40c3d5242661d9dbed3d,4b5b7791539478f9b2562d1b176e235ac7b641e1afdc40c3d5242661d9dbed3d,2ad0e9f7bbdfe12695c931891fd0e8132d060fd7bcbca23623db43d4c7393a5c,561839806dcdb8279ac4e42025bc5a82751f2588a2b2066fa84637918d8e4896,2987a546cb3f48253dcdfdc400036a68d1977eddb1012f753e54eca010acedd8,73ed0728ba3aea4548919a2c599b960f1645e1842d48afd930cc90a737aecd92,a96eee14f959c7954577e91fe17d4515a9348f0431a52c4dd9b8f37b88ac9cf5,d543101e7ea78ed2ddaba45de0ca0f44ec997e73ba696c2970de54b1e75cccfc,e40ccb491db9d0ecfe8c9e8462f713cf096279ef2b219236d05222512135b242,fb59b12e82b041c59cc8a3933745a40e92c5e89aa7df64846e5855fbd3acb00e,38669e3f0e715d12f919bbd64ba6e09fbb431145f819869ebd01d20e8fde4ed0,"[[18.0,3170],[20.0,5590]]","[[26.0,8760]]","[[""north"",""002ee4e68ba2ff1e9da7eb8f1e16c441bba47a8ad5ed36d81dc169204a2cb66d""],[""east"",""b1a28b883b4633c7b55388b5b43f571e79efcd391bc0ce6bc07019b5e25d8065""],[""south"",""c667e440b35d715226d38302c0104b35b5d5764fed6125e5bcc80d08fabf1f41""],[""west"",""2767619730916a7bca7fe58275301af35dc43db33040cad9a975264954dbabb5""]]"
mc_2d0569a960ba12f05410ffb1b380b19cb089043ae83626b60e67139231707765,BE_TABULA_11,Detached house,SFH,1971-1990,TABULA_existing,231ef175659def943b74235aceb0ef9def0e53fc195cdad7a8338fa6b54777e3,238.40000000000001,rcp_2_6,weather_2050_rcp_2_6_pvgis_2006,pvgis_2006,2006,2041-2060,3292453555,2,1443969456,central,central,43062.983323373126,725.26706743409386,180.63331930945102,3.0422276318544204,20304.266814627368,8579.6426621271185,2120.883443688308,84.533481870477019,5915,283,283,5915,0,3933.8599999998978,3499.999999999899,9.3891117103339639e-11,2,residential_energy_demand_gate5_v1,4b5b7791539478f9b2562d1b176e235ac7b641e1afdc40c3d5242661d9dbed3d,4b5b7791539478f9b2562d1b176e235ac7b641e1afdc40c3d5242661d9dbed3d,2ad0e9f7bbdfe12695c931891fd0e8132d060fd7bcbca23623db43d4c7393a5c,561839806dcdb8279ac4e42025bc5a82751f2588a2b2066fa84637918d8e4896,2987a546cb3f48253dcdfdc400036a68d1977eddb1012f753e54eca010acedd8,73ed0728ba3aea4548919a2c599b960f1645e1842d48afd930cc90a737aecd92,a96eee14f959c7954577e91fe17d4515a9348f0431a52c4dd9b8f37b88ac9cf5,d543101e7ea78ed2ddaba45de0ca0f44ec997e73ba696c2970de54b1e75cccfc,e40ccb491db9d0ecfe8c9e8462f713cf096279ef2b219236d05222512135b242,fb59b12e82b041c59cc8a3933745a40e92c5e89aa7df64846e5855fbd3acb00e,38669e3f0e715d12f919bbd64ba6e09fbb431145f819869ebd01d20e8fde4ed0,"[[18.0,3832],[20.0,4928]]","[[26.0,8760]]","[[""north"",""002ee4e68ba2ff1e9da7eb8f1e16c441bba47a8ad5ed36d81dc169204a2cb66d""],[""east"",""b1a28b883b4633c7b55388b5b43f571e79efcd391bc0ce6bc07019b5e25d8065""],[""south"",""c667e440b35d715226d38302c0104b35b5d5764fed6125e5bcc80d08fabf1f41""],[""west"",""2767619730916a7bca7fe58275301af35dc43db33040cad9a975264954dbabb5""]]"
mc_a49d7c438d95353219b7bf8913e0691f68623a95837740d26593b2f4eda9f602,BE_TABULA_11,Detached house,SFH,1971-1990,TABULA_existing,231ef175659def943b74235aceb0ef9def0e53fc195cdad7a8338fa6b54777e3,238.40000000000001,rcp_2_6,weather_2050_rcp_2_6_pvgis_2006,pvgis_2006,2006,2041-2060,4217880632,3,3645581868,central,central,43414.602129783285,751.31636359373465,182.10823041016479,3.1514948137321084,19985.152241437947,7976.9924268597451,2172.3428275800602,94.18541768498342,6001,285,285,6001,0,4060.2916666663114,3499.9999999996453,9.049472282640636e-11,2,residential_energy_demand_gate5_v1,4b5b7791539478f9b2562d1b176e235ac7b641e1afdc40c3d5242661d9dbed3d,4b5b7791539478f9b2562d1b176e235ac7b641e1afdc40c3d5242661d9dbed3d,2ad0e9f7bbdfe12695c931891fd0e8132d060fd7bcbca23623db43d4c7393a5c,561839806dcdb8279ac4e42025bc5a82751f2588a2b2066fa84637918d8e4896,2987a546cb3f48253dcdfdc400036a68d1977eddb1012f753e54eca010acedd8,73ed0728ba3aea4548919a2c599b960f1645e1842d48afd930cc90a737aecd92,a96eee14f959c7954577e91fe17d4515a9348f0431a52c4dd9b8f37b88ac9cf5,d543101e7ea78ed2ddaba45de0ca0f44ec997e73ba696c2970de54b1e75cccfc,e40ccb491db9d0ecfe8c9e8462f713cf096279ef2b219236d05222512135b242,fb59b12e82b041c59cc8a3933745a40e92c5e89aa7df64846e5855fbd3acb00e,38669e3f0e715d12f919bbd64ba6e09fbb431145f819869ebd01d20e8fde4ed0,"[[18.0,3383],[20.0,5377]]","[[26.0,8760]]","[[""north"",""002ee4e68ba2ff1e9da7eb8f1e16c441bba47a8ad5ed36d81dc169204a2cb66d""],[""east"",""b1a28b883b4633c7b55388b5b43f571e79efcd391bc0ce6bc07019b5e25d8065""],[""south"",""c667e440b35d715226d38302c0104b35b5d5764fed6125e5bcc80d08fabf1f41""],[""west"",""2767619730916a7bca7fe58275301af35dc43db33040cad9a975264954dbabb5""]]"
mc_ca7899262d40256513d521260bed2bae32d3d4f7f964154664b1b79a147c3fdd,BE_TABULA_11,Detached house,SFH,1971-1990,TABULA_existing,231ef175659def943b74235aceb0ef9def0e53fc195cdad7a8338fa6b54777e3,238.40000000000001,rcp_2_6,weather_2050_rcp_2_6_pvgis_2006,pvgis_2006,2006,2041-2060,3936536578,1,1445601406,central,central,42578.728759362297,732.16007747858418,178.60205016511031,3.0711412645913767,20581.435315161722,8080.940976089104,2068.7929732478779,90.603319544715234,5888,276,276,5888,0,3742.8650000008888,3500.000000000889,8.8675733422860503e-11,2,residential_energy_demand_gate5_v1,4b5b7791539478f9b2562d1b176e235ac7b641e1afdc40c3d5242661d9dbed3d,4b5b7791539478f9b2562d1b176e235ac7b641e1afdc40c3d5242661d9dbed3d,2ad0e9f7bbdfe12695c931891fd0e8132d060fd7bcbca23623db43d4c7393a5c,561839806dcdb8279ac4e42025bc5a82751f2588a2b2066fa84637918d8e4896,2987a546cb3f48253dcdfdc400036a68d1977eddb1012f753e54eca010acedd8,73ed0728ba3aea4548919a2c599b960f1645e1842d48afd930cc90a737aecd92,a96eee14f959c7954577e91fe17d4515a9348f0431a52c4dd9b8f37b88ac9cf5,d543101e7ea78ed2ddaba45de0ca0f44ec997e73ba696c2970de54b1e75cccfc,e40ccb491db9d0ecfe8c9e8462f713cf096279ef2b219236d05222512135b242,fb59b12e82b041c59cc8a3933745a40e92c5e89aa7df64846e5855fbd3acb00e,38669e3f0e715d12f919bbd64ba6e09fbb431145f819869ebd01d20e8fde4ed0,"[[18.0,4405],[20.0,4355]]","[[26.0,8760]]","[[""north"",""002ee4e68ba2ff1e9da7eb8f1e16c441bba47a8ad5ed36d81dc169204a2cb66d""],[""east"",""b1a28b883b4633c7b55388b5b43f571e79efcd391bc0ce6bc07019b5e25d8065""],[""south"",""c667e440b35d715226d38302c0104b35b5d5764fed6125e5bcc80d08fabf1f41""],[""west"",""2767619730916a7bca7fe58275301af35dc43db33040cad9a975264954dbabb5""]]"
mc_1d5e02c131a9641514fdf7a7d03abb1b0ad2dc7c8318a2e5d3f5e69b54875d8e,BE_TABULA_11,Detached house,SFH,1971-1990,TABULA_existing,231ef175659def943b74235aceb0ef9def0e53fc195cdad7a8338fa6b54777e3,238.40000000000001,rcp_2_6,weather_2050_rcp_2_6_pvgis_2006,pvgis_2006,2006,2041-2060,2415921962,1,2835669025,central,central,42383.938876589847,717.03494875353874,177.78497850918561,3.0076969326910183,20490.184330796212,8001.3136364530928,2068.4996382823115,89.614653459752844,5896,270,270,5896,0,3736.3316666652668,3499.9999999986007,9.0949470177292824e-11,2,residential_energy_demand_gate5_v1,4b5b7791539478f9b2562d1b176e235ac7b641e1afdc40c3d5242661d9dbed3d,4b5b7791539478f9b2562d1b176e235ac7b641e1afdc40c3d5242661d9dbed3d,2ad0e9f7bbdfe12695c931891fd0e8132d060fd7bcbca23623db43d4c7393a5c,561839806dcdb8279ac4e42025bc5a82751f2588a2b2066fa84637918d8e4896,2987a546cb3f48253dcdfdc400036a68d1977eddb1012f753e54eca010acedd8,73ed0728ba3aea4548919a2c599b960f1645e1842d48afd930cc90a737aecd92,a96eee14f959c7954577e91fe17d4515a9348f0431a52c4dd9b8f37b88ac9cf5,d543101e7ea78ed2ddaba45de0ca0f44ec997e73ba696c2970de54b1e75cccfc,e40ccb491db9d0ecfe8c9e8462f713cf096279ef2b219236d05222512135b242,fb59b12e82b041c59cc8a3933745a40e92c5e89aa7df64846e5855fbd3acb00e,38669e3f0e715d12f919bbd64ba6e09fbb431145f819869ebd01d20e8fde4ed0,"[[18.0,4522],[20.0,4238]]","[[26.0,8760]]","[[""north"",""002ee4e68ba2ff1e9da7eb8f1e16c441bba47a8ad5ed36d81dc169204a2cb66d""],[""east"",""b1a28b883b4633c7b55388b5b43f571e79efcd391bc0ce6bc07019b5e25d8065""],[""south"",""c667e440b35d715226d38302c0104b35b5d5764fed6125e5bcc80d08fabf1f41""],[""west"",""2767619730916a7bca7fe58275301af35dc43db33040cad9a975264954dbabb5""]]"
mc_b9da9438dcfb87355ffd9104a27e214c753052727c2be7ce0c552c102678c1d4,BE_TABULA_11,Detached house,SFH,1971-1990,TABULA_existing,231ef175659def943b74235aceb0ef9def0e53fc195cdad7a8338fa6b54777e3,238.40000000000001,rcp_2_6,weather_2050_rcp_2_6_pvgis_2006,pvgis_2006,2006,2041-2060,1719658758,1,1903171019,central,central,42379.979390449131,732.70740151423286,177.76836992638059,3.0734370868885605,20386.952376044723,9071.2666343746841,2078.7795354957943,80.772336548647942,5884,284,284,5884,0,3736.3550000005393,3500.0000000005393,8.9485752141627017e-11,2,residential_energy_demand_gate5_v1,4b5b7791539478f9b2562d1b176e235ac7b641e1afdc40c3d5242661d9dbed3d,4b5b7791539478f9b2562d1b176e235ac7b641e1afdc40c3d5242661d9dbed3d,2ad0e9f7bbdfe12695c931891fd0e8132d060fd7bcbca23623db43d4c7393a5c,561839806dcdb8279ac4e42025bc5a82751f2588a2b2066fa84637918d8e4896,2987a546cb3f48253dcdfdc400036a68d1977eddb1012f753e54eca010acedd8,73ed0728ba3aea4548919a2c599b960f1645e1842d48afd930cc90a737aecd92,a96eee14f959c7954577e91fe17d4515a9348f0431a52c4dd9b8f37b88ac9cf5,d543101e7ea78ed2ddaba45de0ca0f44ec997e73ba696c2970de54b1e75cccfc,e40ccb491db9d0ecfe8c9e8462f713cf096279ef2b219236d05222512135b242,fb59b12e82b041c59cc8a3933745a40e92c5e89aa7df64846e5855fbd3acb00e,38669e3f0e715d12f919bbd64ba6e09fbb431145f819869ebd01d20e8fde4ed0,"[[18.0,4581],[20.0,4179]]","[[26.0,8760]]","[[""north"",""002ee4e68ba2ff1e9da7eb8f1e16c441bba47a8ad5ed36d81dc169204a2cb66d""],[""east"",""b1a28b883b4633c7b55388b5b43f571e79efcd391bc0ce6bc07019b5e25d8065""],[""south"",""c667e440b35d715226d38302c0104b35b5d5764fed6125e5bcc80d08fabf1f41""],[""west"",""2767619730916a7bca7fe58275301af35dc43db33040cad9a975264954dbabb5""]]"
mc_d8cc838ca31db346c41ac6021322d50d6df807badfd86699c64d324ab62283b1,BE_TABULA_11,Detached house,SFH,1971-1990,TABULA_existing,231ef175659def943b74235aceb0ef9def0e53fc195cdad7a8338fa6b54777e3,238.40000000000001,rcp_2_6,weather_2050_rcp_2_6_pvgis_2006,pvgis_2006,2006,2041-2060,229503377,5,718922874,central,central,43804.185378018912,750.03863302910588,183.74238833061625,3.1461352056590011,20487.330259420207,8712.001553343971,2138.1109604496892,86.092573381281682,6020,285,285,6020,0,4335.5549999995346,3499.9999999995348,8.7993612396530807e-11,2,residential_energy_demand_gate5_v1,4b5b7791539478f9b2562d1b176e235ac7b641e1afdc40c3d5242661d9dbed3d,4b5b7791539478f9b2562d1b176e235ac7b641e1afdc40c3d5242661d9dbed3d,2ad0e9f7bbdfe12695c931891fd0e8132d060fd7bcbca23623db43d4c7393a5c,561839806dcdb8279ac4e42025bc5a82751f2588a2b2066fa84637918d8e4896,2987a546cb3f48253dcdfdc400036a68d1977eddb1012f753e54eca010acedd8,73ed0728ba3aea4548919a2c599b960f1645e1842d48afd930cc90a737aecd92,a96eee14f959c7954577e91fe17d4515a9348f0431a52c4dd9b8f37b88ac9cf5,d543101e7ea78ed2ddaba45de0ca0f44ec997e73ba696c2970de54b1e75cccfc,e40ccb491db9d0ecfe8c9e8462f713cf096279ef2b219236d05222512135b242,fb59b12e82b041c59cc8a3933745a40e92c5e89aa7df64846e5855fbd3acb00e,38669e3f0e715d12f919bbd64ba6e09fbb431145f819869ebd01d20e8fde4ed0,"[[18.0,2809],[20.0,5951]]","[[26.0,8760]]","[[""north"",""002ee4e68ba2ff1e9da7eb8f1e16c441bba47a8ad5ed36d81dc169204a2cb66d""],[""east"",""b1a28b883b4633c7b55388b5b43f571e79efcd391bc0ce6bc07019b5e25d8065""],[""south"",""c667e440b35d715226d38302c0104b35b5d5764fed6125e5bcc80d08fabf1f41""],[""west"",""2767619730916a7bca7fe58275301af35dc43db33040cad9a975264954dbabb5""]]"
mc_720ccabf5ff6e0a486aa2a621ebcfb8378ccb599df1e01dd75fced315d78338f,BE_TABULA_11,Detached house,SFH,1971-1990,TABULA_existing,231ef175659def943b74235aceb0ef9def0e53fc195cdad7a8338fa6b54777e3,238.40000000000001,rcp_2_6,weather_2050_rcp_2_6_pvgis_2006,pvgis_2006,2006,2041-2060,3209387723,3,723055425,central,central,43565.977130636398,737.52051606826842,182.74319266206541,3.0936263257897165,20228.275286329415,8558.5769858201929,2153.7168401143408,86.173264234251647,5994,281,281,5994,0,4071.0600000000331,3500.0000000000327,8.6401996668428183e-11,2,residential_energy_demand_gate5_v1,4b5b7791539478f9b2562d1b176e235ac7b641e1afdc40c3d5242661d9dbed3d,4b5b7791539478f9b2562d1b176e235ac7b641e1afdc40c3d5242661d9dbed3d,2ad0e9f7bbdfe12695c931891fd0e8132d060fd7bcbca23623db43d4c7393a5c,561839806dcdb8279ac4e42025bc5a82751f2588a2b2066fa84637918d8e4896,2987a546cb3f48253dcdfdc400036a68d1977eddb1012f753e54eca010acedd8,73ed0728ba3aea4548919a2c599b960f1645e1842d48afd930cc90a737aecd92,a96eee14f959c7954577e91fe17d4515a9348f0431a52c4dd9b8f37b88ac9cf5,d543101e7ea78ed2ddaba45de0ca0f44ec997e73ba696c2970de54b1e75cccfc,e40ccb491db9d0ecfe8c9e8462f713cf096279ef2b219236d05222512135b242,fb59b12e82b041c59cc8a3933745a40e92c5e89aa7df64846e5855fbd3acb00e,38669e3f0e715d12f919bbd64ba6e09fbb431145f819869ebd01d20e8fde4ed0,"[[18.0,3271],[20.0,5489]]","[[26.0,8760]]","[[""north"",""002ee4e68ba2ff1e9da7eb8f1e16c441bba47a8ad5ed36d81dc169204a2cb66d""],[""east"",""b1a28b883b4633c7b55388b5b43f571e79efcd391bc0ce6bc07019b5e25d8065""],[""south"",""c667e440b35d715226d38302c0104b35b5d5764fed6125e5bcc80d08fabf1f41""],[""west"",""2767619730916a7bca7fe58275301af35dc43db33040cad9a975264954dbabb5""]]"
mc_3c1494244eecf95241aefe43de6fa4a942d46d0fdef1c7a0ce35c8954b457eed,BE_TABULA_11,Detached house,SFH,1971-1990,TABULA_existing,231ef175659def943b74235aceb0ef9def0e53fc195cdad7a8338fa6b54777e3,238.40000000000001,rcp_2_6,weather_2050_rcp_2_6_pvgis_2006,pvgis_2006,2006,2041-2060,3772491886,2,1490866013,central,central,43279.048967460549,732.05531421644537,181.53963493062309,3.0707018213777069,20170.057879271732,8002.364540162218,2145.7077231264348,91.479875797011076,5905,284,284,5905,0,3949.7616666657887,3499.9999999991219,1.014086592476815e-10,2,residential_energy_demand_gate5_v1,4b5b7791539478f9b2562d1b176e235ac7b641e1afdc40c3d5242661d9dbed3d,4b5b7791539478f9b2562d1b176e235ac7b641e1afdc40c3d5242661d9dbed3d,2ad0e9f7bbdfe12695c931891fd0e8132d060fd7bcbca23623db43d4c7393a5c,561839806dcdb8279ac4e42025bc5a82751f2588a2b2066fa84637918d8e4896,2987a546cb3f48253dcdfdc400036a68d1977eddb1012f753e54eca010acedd8,73ed0728ba3aea4548919a2c599b960f1645e1842d48afd930cc90a737aecd92,a96eee14f959c7954577e91fe17d4515a9348f0431a52c4dd9b8f37b88ac9cf5,d543101e7ea78ed2ddaba45de0ca0f44ec997e73ba696c2970de54b1e75cccfc,e40ccb491db9d0ecfe8c9e8462f713cf096279ef2b219236d05222512135b242,fb59b12e82b041c59cc8a3933745a40e92c5e89aa7df64846e5855fbd3acb00e,38669e3f0e715d12f919bbd64ba6e09fbb431145f819869ebd01d20e8fde4ed0,"[[18.0,3642],[20.0,5118]]","[[26.0,8760]]","[[""north"",""002ee4e68ba2ff1e9da7eb8f1e16c441bba47a8ad5ed36d81dc169204a2cb66d""],[""east"",""b1a28b883b4633c7b55388b5b43f571e79efcd391bc0ce6bc07019b5e25d8065""],[""south"",""c667e440b35d715226d38302c0104b35b5d5764fed6125e5bcc80d08fabf1f41""],[""west"",""2767619730916a7bca7fe58275301af35dc43db33040cad9a975264954dbabb5""]]"
mc_a090bf1363d93d02e10e256a24e25623e1be509489376efa91f31591319eb252,BE_TABULA_11,Detached house,SFH,1971-1990,TABULA_existing,231ef175659def943b74235aceb0ef9def0e53fc195cdad7a8338fa6b54777e3,238.40000000000001,rcp_2_6,weather_2050_rcp_2_6_pvgis_2006,pvgis_2006,2006,2041-2060,1635250833,4,362923052,central,central,43523.35174977938,746.42728740322366,182.56439492357123,3.1309869438054685,20182.259701199284,8520.1138501642708,2156.5152958166082,87.607665875125875,6005,282,282,6005,0,4179.7466666668033,3500.0000000001364,8.1399775808677077e-11,2,residential_energy_demand_gate5_v1,4b5b7791539478f9b2562d1b176e235ac7b641e1afdc40c3d5242661d9dbed3d,4b5b7791539478f9b2562d1b176e235ac7b641e1afdc40c3d5242661d9dbed3d,2ad0e9f7bbdfe12695c931891fd0e8132d060fd7bcbca23623db43d4c7393a5c,561839806dcdb8279ac4e42025bc5a82751f2588a2b2066fa84637918d8e4896,2987a546cb3f48253dcdfdc400036a68d1977eddb1012f753e54eca010acedd8,73ed0728ba3aea4548919a2c599b960f1645e1842d48afd930cc90a737aecd92,a96eee14f959c7954577e91fe17d4515a9348f0431a52c4dd9b8f37b88ac9cf5,d543101e7ea78ed2ddaba45de0ca0f44ec997e73ba696c2970de54b1e75cccfc,e40ccb491db9d0ecfe8c9e8462f713cf096279ef2b219236d05222512135b242,fb59b12e82b041c59cc8a3933745a40e92c5e89aa7df64846e5855fbd3acb00e,38669e3f0e715d12f919bbd64ba6e09fbb431145f819869ebd01d20e8fde4ed0,"[[18.0,3215],[20.0,5545]]","[[26.0,8760]]","[[""north"",""002ee4e68ba2ff1e9da7eb8f1e16c441bba47a8ad5ed36d81dc169204a2cb66d""],[""east"",""b1a28b883b4633c7b55388b5b43f571e79efcd391bc0ce6bc07019b5e25d8065""],[""south"",""c667e440b35d715226d38302c0104b35b5d5764fed6125e5bcc80d08fabf1f41""],[""west"",""2767619730916a7bca7fe58275301af35dc43db33040cad9a975264954dbabb5""]]"
mc_6ac7d4a236b0eabd557a5b81e262c02e8580d3ed6f8f228622586c6f7bd884a8,BE_TABULA_11,Detached house,SFH,1971-1990,TABULA_existing,231ef175659def943b74235aceb0ef9def0e53fc195cdad7a8338fa6b54777e3,238.40000000000001,rcp_2_6,weather_2050_rcp_2_6_pvgis_2006,pvgis_2006,2006,2041-2060,4035582952,5,4237377275,central,central,43861.276484600035,753.2156022653005,183.98186444882566,3.1594614188980725,20071.411236976048,8187.2838597824148,2185.2612139099474,91.998227393244179,6039,293,293,6039,0,4345.6233333326909,3499.9999999993584,1.0277290130034089e-10,2,residential_energy_demand_gate5_v1,4b5b7791539478f9b2562d1b176e235ac7b641e1afdc40c3d5242661d9dbed3d,4b5b7791539478f9b2562d1b176e235ac7b641e1afdc40c3d5242661d9dbed3d,2ad0e9f7bbdfe12695c931891fd0e8132d060fd7bcbca23623db43d4c7393a5c,561839806dcdb8279ac4e42025bc5a82751f2588a2b2066fa84637918d8e4896,2987a546cb3f48253dcdfdc400036a68d1977eddb1012f753e54eca010acedd8,73ed0728ba3aea4548919a2c599b960f1645e1842d48afd930cc90a737aecd92,a96eee14f959c7954577e91fe17d4515a9348f0431a52c4dd9b8f37b88ac9cf5,d543101e7ea78ed2ddaba45de0ca0f44ec997e73ba696c2970de54b1e75cccfc,e40ccb491db9d0ecfe8c9e8462f713cf096279ef2b219236d05222512135b242,fb59b12e82b041c59cc8a3933745a40e92c5e89aa7df64846e5855fbd3acb00e,38669e3f0e715d12f919bbd64ba6e09fbb431145f819869ebd01d20e8fde4ed0,"[[18.0,2788],[20.0,5972]]","[[26.0,8760]]","[[""north"",""002ee4e68ba2ff1e9da7eb8f1e16c441bba47a8ad5ed36d81dc169204a2cb66d""],[""east"",""b1a28b883b4633c7b55388b5b43f571e79efcd391bc0ce6bc07019b5e25d8065""],[""south"",""c667e440b35d715226d38302c0104b35b5d5764fed6125e5bcc80d08fabf1f41""],[""west"",""2767619730916a7bca7fe58275301af35dc43db33040cad9a975264954dbabb5""]]"
mc_6b7387b6e346b76a98bc7998315e1cb17e561f1ef8c2a20f0d9e29a159c54dc4,BE_TABULA_11,Detached house,SFH,1971-1990,TABULA_existing,231ef175659def943b74235aceb0ef9def0e53fc195cdad7a8338fa6b54777e3,238.40000000000001,rcp_2_6,weather_2050_rcp_2_6_pvgis_2006,pvgis_2006,2006,2041-2060,615541883,3,1703613008,central,central,43296.728481267048,741.6752287158904,181.61379396504634,3.1110538117277282,20300.465140687553,8460.846512202037,2132.7948981074746,87.659695474473338,5962,281,281,5962,0,4043.9000000002497,3500.0000000002506,9.3223206931725144e-11,2,residential_energy_demand_gate5_v1,4b5b7791539478f9b2562d1b176e235ac7b641e1afdc40c3d5242661d9dbed3d,4b5b7791539478f9b2562d1b176e235ac7b641e1afdc40c3d5242661d9dbed3d,2ad0e9f7bbdfe12695c931891fd0e8132d060fd7bcbca23623db43d4c7393a5c,561839806dcdb8279ac4e42025bc5a82751f2588a2b2066fa84637918d8e4896,2987a546cb3f48253dcdfdc400036a68d1977eddb1012f753e54eca010acedd8,73ed0728ba3aea4548919a2c599b960f1645e1842d48afd930cc90a737aecd92,a96eee14f959c7954577e91fe17d4515a9348f0431a52c4dd9b8f37b88ac9cf5,d543101e7ea78ed2ddaba45de0ca0f44ec997e73ba696c2970de54b1e75cccfc,e40ccb491db9d0ecfe8c9e8462f713cf096279ef2b219236d05222512135b242,fb59b12e82b041c59cc8a3933745a40e92c5e89aa7df64846e5855fbd3acb00e,38669e3f0e715d12f919bbd64ba6e09fbb431145f819869ebd01d20e8fde4ed0,"[[18.0,3512],[20.0,5248]]","[[26.0,8760]]","[[""north"",""002ee4e68ba2ff1e9da7eb8f1e16c441bba47a8ad5ed36d81dc169204a2cb66d""],[""east"",""b1a28b883b4633c7b55388b5b43f571e79efcd391bc0ce6bc07019b5e25d8065""],[""south"",""c667e440b35d715226d38302c0104b35b5d5764fed6125e5bcc80d08fabf1f41""],[""west"",""2767619730916a7bca7fe58275301af35dc43db33040cad9a975264954dbabb5""]]"
mc_bfcd170409d001ba6edb9b897ec2f1168ee7b3b18e94c64caca06db36f8a423f,BE_TABULA_11,Detached house,SFH,1971-1990,TABULA_existing,231ef175659def943b74235aceb0ef9def0e53fc195cdad7a8338fa6b54777e3,238.40000000000001,rcp_2_6,weather_2050_rcp_2_6_pvgis_2006,pvgis_2006,2006,2041-2060,3820219209,1,1151876882,central,central,42383.874873810892,738.65701228528815,177.78471004115306,3.0983935079080878,20400.835732562093,8826.7507169395885,2077.5558133709851,83.683909965613637,5892,284,284,5892,0,3737.2883333329119,3499.9999999995789,9.3677954282611609e-11,2,residential_energy_demand_gate5_v1,4b5b7791539478f9b2562d1b176e235ac7b641e1afdc40c3d5242661d9dbed3d,4b5b7791539478f9b2562d1b176e235ac7b641e1afdc40c3d5242661d9dbed3d,2ad0e9f7bbdfe12695c931891fd0e8132d060fd7bcbca23623db43d4c7393a5c,561839806dcdb8279ac4e42025bc5a82751f2588a2b2066fa84637918d8e4896,2987a546cb3f48253dcdfdc400036a68d1977eddb1012f753e54eca010acedd8,73ed0728ba3aea4548919a2c599b960f1645e1842d48afd930cc90a737aecd92,a96eee14f959c7954577e91fe17d4515a9348f0431a52c4dd9b8f37b88ac9cf5,d543101e7ea78ed2ddaba45de0ca0f44ec997e73ba696c2970de54b1e75cccfc,e40ccb491db9d0ecfe8c9e8462f713cf096279ef2b219236d05222512135b242,fb59b12e82b041c59cc8a3933745a40e92c5e89aa7df64846e5855fbd3acb00e,38669e3f0e715d12f919bbd64ba6e09fbb431145f819869ebd01d20e8fde4ed0,"[[18.0,4548],[20.0,4212]]","[[26.0,8760]]","[[""north"",""002ee4e68ba2ff1e9da7eb8f1e16c441bba47a8ad5ed36d81dc169204a2cb66d""],[""east"",""b1a28b883b4633c7b55388b5b43f571e79efcd391bc0ce6bc07019b5e25d8065""],[""south"",""c667e440b35d715226d38302c0104b35b5d5764fed6125e5bcc80d08fabf1f41""],[""west"",""2767619730916a7bca7fe58275301af35dc43db33040cad9a975264954dbabb5""]]"
mc_be4ac290db48bd1b397667f471bfde704e80fb2e9ed130510e0bc82fedf8c8dd,BE_TABULA_11,Detached house,SFH,1971-1990,TABULA_existing,231ef175659def943b74235aceb0ef9def0e53fc195cdad7a8338fa6b54777e3,238.40000000000001,rcp_2_6,weather_2050_rcp_2_6_pvgis_2006,pvgis_2006,2006,2041-2060,2055890937,1,1164913972,central,central,42461.422001180516,741.10915799119732,178.10999161569009,3.1086793539899218,20173.027010079652,9339.3609763972781,2104.8612079864984,79.353304777934085,5845,278,278,5845,0,3735.0716666671019,3500.0000000004352,8.8220986071974039e-11,2,residential_energy_demand_gate5_v1,4b5b7791539478f9b2562d1b176e235ac7b641e1afdc40c3d5242661d9dbed3d,4b5b7791539478f9b2562d1b176e235ac7b641e1afdc40c3d5242661d9dbed3d,2ad0e9f7bbdfe12695c931891fd0e8132d060fd7bcbca23623db43d4c7393a5c,561839806dcdb8279ac4e42025bc5a82751f2588a2b2066fa84637918d8e4896,2987a546cb3f48253dcdfdc400036a68d1977eddb1012f753e54eca010acedd8,73ed0728ba3aea4548919a2c599b960f1645e1842d48afd930cc90a737aecd92,a96eee14f959c7954577e91fe17d4515a9348f0431a52c4dd9b8f37b88ac9cf5,d543101e7ea78ed2ddaba45de0ca0f44ec997e73ba696c2970de54b1e75cccfc,e40ccb491db9d0ecfe8c9e8462f713cf096279ef2b219236d05222512135b242,fb59b12e82b041c59cc8a3933745a40e92c5e89aa7df64846e5855fbd3acb00e,38669e3f0e715d12f919bbd64ba6e09fbb431145f819869ebd01d20e8fde4ed0,"[[18.0,4560],[20.0,4200]]","[[26.0,8760]]","[[""north"",""002ee4e68ba2ff1e9da7eb8f1e16c441bba47a8ad5ed36d81dc169204a2cb66d""],[""east"",""b1a28b883b4633c7b55388b5b43f571e79efcd391bc0ce6bc07019b5e25d8065""],[""south"",""c667e440b35d715226d38302c0104b35b5d5764fed6125e5bcc80d08fabf1f41""],[""west"",""2767619730916a7bca7fe58275301af35dc43db33040cad9a975264954dbabb5""]]"
mc_a61880b361ad0acb5547484fa668a5a46f0a87756a5c95dcfc470d721f39a15f,BE_TABULA_11,Detached house,SFH,1971-1990,TABULA_existing,231ef175659def943b74235aceb0ef9def0e53fc195cdad7a8338fa6b54777e3,238.40000000000001,rcp_2_6,weather_2050_rcp_2_6_pvgis_2006,pvgis_2006,2006,2041-2060,3962631770,2,599316190,central,central,43291.304043600663,742.18084450720858,181.59104045134507,3.1131746833356062,20478.099245042125,8137.7495755953969,2114.0294089590252,91.202222139270859,5918,283,283,5918,0,3963.0616666665042,3499.9999999998372,8.1399775808677077e-11,2,residential_energy_demand_gate5_v1,4b5b7791539478f9b2562d1b176e235ac7b641e1afdc40c3d5242661d9dbed3d,4b5b7791539478f9b2562d1b176e235ac7b641e1afdc40c3d5242661d9dbed3d,2ad0e9f7bbdfe12695c931891fd0e8132d060fd7bcbca23623db43d4c7393a5c,561839806dcdb8279ac4e42025bc5a82751f2588a2b2066fa84637918d8e4896,2987a546cb3f48253dcdfdc400036a68d1977eddb1012f753e54eca010acedd8,73ed0728ba3aea4548919a2c599b960f1645e1842d48afd930cc90a737aecd92,a96eee14f959c7954577e91fe17d4515a9348f0431a52c4dd9b8f37b88ac9cf5,d543101e7ea78ed2ddaba45de0ca0f44ec997e73ba696c2970de54b1e75cccfc,e40ccb491db9d0ecfe8c9e8462f713cf096279ef2b219236d05222512135b242,fb59b12e82b041c59cc8a3933745a40e92c5e89aa7df64846e5855fbd3acb00e,38669e3f0e715d12f919bbd64ba6e09fbb431145f819869ebd01d20e8fde4ed0,"[[18.0,3619],[20.0,5141]]","[[26.0,8760]]","[[""north"",""002ee4e68ba2ff1e9da7eb8f1e16c441bba47a8ad5ed36d81dc169204a2cb66d""],[""east"",""b1a28b883b4633c7b55388b5b43f571e79efcd391bc0ce6bc07019b5e25d8065""],[""south"",""c667e440b35d715226d38302c0104b35b5d5764fed6125e5bcc80d08fabf1f41""],[""west"",""2767619730916a7bca7fe58275301af35dc43db33040cad9a975264954dbabb5""]]"
mc_8c569bf81a95068cc040181cd3753fc695799012c714ba843a483085288c68e9,BE_TABULA_11,Detached house,SFH,1971-1990,TABULA_existing,231ef175659def943b74235aceb0ef9def0e53fc195cdad7a8338fa6b54777e3,238.40000000000001,rcp_2_6,weather_2050_rcp_2_6_pvgis_2006,pvgis_2006,2006,2041-2060,292497774,2,2686717748,central,central,43046.870871281862,736.02367113921048,180.56573352047761,3.0873476138389702,20077.817563897748,8452.3497676208171,2144.0014948977891,87.079178142717552,5891,281,281,5891,0,3941.9449999999065,3499.9999999999068,1.0004441719502211e-10,2,residential_energy_demand_gate5_v1,4b5b7791539478f9b2562d1b176e235ac7b641e1afdc40c3d5242661d9dbed3d,4b5b7791539478f9b2562d1b176e235ac7b641e1afdc40c3d5242661d9dbed3d,2ad0e9f7bbdfe12695c931891fd0e8132d060fd7bcbca23623db43d4c7393a5c,561839806dcdb8279ac4e42025bc5a82751f2588a2b2066fa84637918d8e4896,2987a546cb3f48253dcdfdc400036a68d1977eddb1012f753e54eca010acedd8,73ed0728ba3aea4548919a2c599b960f1645e1842d48afd930cc90a737aecd92,a96eee14f959c7954577e91fe17d4515a9348f0431a52c4dd9b8f37b88ac9cf5,d543101e7ea78ed2ddaba45de0ca0f44ec997e73ba696c2970de54b1e75cccfc,e40ccb491db9d0ecfe8c9e8462f713cf096279ef2b219236d05222512135b242,fb59b12e82b041c59cc8a3933745a40e92c5e89aa7df64846e5855fbd3acb00e,38669e3f0e715d12f919bbd64ba6e09fbb431145f819869ebd01d20e8fde4ed0,"[[18.0,3837],[20.0,4923]]","[[26.0,8760]]","[[""north"",""002ee4e68ba2ff1e9da7eb8f1e16c441bba47a8ad5ed36d81dc169204a2cb66d""],[""east"",""b1a28b883b4633c7b55388b5b43f571e79efcd391bc0ce6bc07019b5e25d8065""],[""south"",""c667e440b35d715226d38302c0104b35b5d5764fed6125e5bcc80d08fabf1f41""],[""west"",""2767619730916a7bca7fe58275301af35dc43db33040cad9a975264954dbabb5""]]"
mc_9e5827b2984c0c2283c1f8a68dedaa81f3e8da2292d5684947028879e5b0b914,BE_TABULA_11,Detached house,SFH,1971-1990,TABULA_existing,231ef175659def943b74235aceb0ef9def0e53fc195cdad7a8338fa6b54777e3,238.40000000000001,rcp_2_6,weather_2050_rcp_2_6_pvgis_2006,pvgis_2006,2006,2041-2060,238028136,1,1168980962,central,central,42457.504002214941,706.48900921715654,178.09355705627073,2.9634606091323681,20510.710476948272,8131.8896648546724,2070.0162507745595,86.878823783178134,5856,263,263,5856,0,3736.6816666669379,3500.0000000002719,9.5951691037043929e-11,2,residential_energy_demand_gate5_v1,4b5b7791539478f9b2562d1b176e235ac7b641e1afdc40c3d5242661d9dbed3d,4b5b7791539478f9b2562d1b176e235ac7b641e1afdc40c3d5242661d9dbed3d,2ad0e9f7bbdfe12695c931891fd0e8132d060fd7bcbca23623db43d4c7393a5c,561839806dcdb8279ac4e42025bc5a82751f2588a2b2066fa84637918d8e4896,2987a546cb3f48253dcdfdc400036a68d1977eddb1012f753e54eca010acedd8,73ed0728ba3aea4548919a2c599b960f1645e1842d48afd930cc90a737aecd92,a96eee14f959c7954577e91fe17d4515a9348f0431a52c4dd9b8f37b88ac9cf5,d543101e7ea78ed2ddaba45de0ca0f44ec997e73ba696c2970de54b1e75cccfc,e40ccb491db9d0ecfe8c9e8462f713cf096279ef2b219236d05222512135b242,fb59b12e82b041c59cc8a3933745a40e92c5e89aa7df64846e5855fbd3acb00e,38669e3f0e715d12f919bbd64ba6e09fbb431145f819869ebd01d20e8fde4ed0,"[[18.0,4525],[20.0,4235]]","[[26.0,8760]]","[[""north"",""002ee4e68ba2ff1e9da7eb8f1e16c441bba47a8ad5ed36d81dc169204a2cb66d""],[""east"",""b1a28b883b4633c7b55388b5b43f571e79efcd391bc0ce6bc07019b5e25d8065""],[""south"",""c667e440b35d715226d38302c0104b35b5d5764fed6125e5bcc80d08fabf1f41""],[""west"",""2767619730916a7bca7fe58275301af35dc43db33040cad9a975264954dbabb5""]]"
mc_b31a0190a3f2f45eea88913b14fd81394191d006d8467669e7151984bb7309c8,BE_TABULA_11,Detached house,SFH,1971-1990,TABULA_existing,231ef175659def943b74235aceb0ef9def0e53fc195cdad7a8338fa6b54777e3,238.40000000000001,rcp_2_6,weather_2050_rcp_2_6_pvgis_2006,pvgis_2006,2006,2041-2060,2973159850,2,2567223277,central,central,43245.035198148522,739.58778454826802,181.39695972377734,3.1022977539776342,20308.40802985341,7986.1662418679098,2129.4153207173213,92.608613713916824,5936,281,281,5936,0,3950.2983333335569,3500.0000000002237,8.4583007264882326e-11,2,residential_energy_demand_gate5_v1,4b5b7791539478f9b2562d1b176e235ac7b641e1afdc40c3d5242661d9dbed3d,4b5b7791539478f9b2562d1b176e235ac7b641e1afdc40c3d5242661d9dbed3d,2ad0e9f7bbdfe12695c931891fd0e8132d060fd7bcbca23623db43d4c7393a5c,561839806dcdb8279ac4e42025bc5a82751f2588a2b2066fa84637918d8e4896,2987a546cb3f48253dcdfdc400036a68d1977eddb1012f753e54eca010acedd8,73ed0728ba3aea4548919a2c599b960f1645e1842d48afd930cc90a737aecd92,a96eee14f959c7954577e91fe17d4515a9348f0431a52c4dd9b8f37b88ac9cf5,d543101e7ea78ed2ddaba45de0ca0f44ec997e73ba696c2970de54b1e75cccfc,e40ccb491db9d0ecfe8c9e8462f713cf096279ef2b219236d05222512135b242,fb59b12e82b041c59cc8a3933745a40e92c5e89aa7df64846e5855fbd3acb00e,38669e3f0e715d12f919bbd64ba6e09fbb431145f819869ebd01d20e8fde4ed0,"[[18.0,3725],[20.0,5035]]","[[26.0,8760]]","[[""north"",""002ee4e68ba2ff1e9da7eb8f1e16c441bba47a8ad5ed36d81dc169204a2cb66d""],[""east"",""b1a28b883b4633c7b55388b5b43f571e79efcd391bc0ce6bc07019b5e25d8065""],[""south"",""c667e440b35d715226d38302c0104b35b5d5764fed6125e5bcc80d08fabf1f41""],[""west"",""2767619730916a7bca7fe58275301af35dc43db33040cad9a975264954dbabb5""]]"
mc_cca48d679227045dca483e36eb1bad3648e6014d33ec0473c8e804e46cfeed8f,BE_TABULA_11,Detached house,SFH,1971-1990,TABULA_existing,231ef175659def943b74235aceb0ef9def0e53fc195cdad7a8338fa6b54777e3,238.40000000000001,rcp_2_6,weather_2050_rcp_2_6_pvgis_2006,pvgis_2006,2006,2041-2060,3979556006,1,3659265523,central,central,42396.522564779531,729.25530892194615,177.83776243615574,3.0589568327262842,19882.703858370234,8269.6739525358662,2132.3318431326638,88.184287930520227,5881,277,277,5881,0,3732.0383333336686,3500.0000000003347,9.5184304882423021e-11,2,residential_energy_demand_gate5_v1,4b5b7791539478f9b2562d1b176e235ac7b641e1afdc40c3d5242661d9dbed3d,4b5b7791539478f9b2562d1b176e235ac7b641e1afdc40c3d5242661d9dbed3d,2ad0e9f7bbdfe12695c931891fd0e8132d060fd7bcbca23623db43d4c7393a5c,561839806dcdb8279ac4e42025bc5a82751f2588a2b2066fa84637918d8e4896,2987a546cb3f48253dcdfdc400036a68d1977eddb1012f753e54eca010acedd8,73ed0728ba3aea4548919a2c599b960f1645e1842d48afd930cc90a737aecd92,a96eee14f959c7954577e91fe17d4515a9348f0431a52c4dd9b8f37b88ac9cf5,d543101e7ea78ed2ddaba45de0ca0f44ec997e73ba696c2970de54b1e75cccfc,e40ccb491db9d0ecfe8c9e8462f713cf096279ef2b219236d05222512135b242,fb59b12e82b041c59cc8a3933745a40e92c5e89aa7df64846e5855fbd3acb00e,38669e3f0e715d12f919bbd64ba6e09fbb431145f819869ebd01d20e8fde4ed0,"[[18.0,4608],[20.0,4152]]","[[26.0,8760]]","[[""north"",""002ee4e68ba2ff1e9da7eb8f1e16c441bba47a8ad5ed36d81dc169204a2cb66d""],[""east"",""b1a28b883b4633c7b55388b5b43f571e79efcd391bc0ce6bc07019b5e25d8065""],[""south"",""c667e440b35d715226d38302c0104b35b5d5764fed6125e5bcc80d08fabf1f41""],[""west"",""2767619730916a7bca7fe58275301af35dc43db33040cad9a975264954dbabb5""]]"
mc_8bd5d78850a99d1b58fec157b2b1aa8271105b8a52ad91b76105dcc624539f14,BE_TABULA_11,Detached house,SFH,1971-1990,TABULA_existing,231ef175659def943b74235aceb0ef9def0e53fc195cdad7a8338fa6b54777e3,238.40000000000001,rcp_2_6,weather_2050_rcp_2_6_pvgis_2006,pvgis_2006,2006,2041-2060,2849274450,4,1759781199,central,central,43579.830762994214,733.73230456590261,182.80130353604955,3.0777361768703968,19972.405010583701,8982.594206649168,2182.0021544676547,81.683786185373194,5981,274,274,5981,0,4179.4900000003354,3500.0000000003356,8.8448359747417271e-11,2,residential_energy_demand_gate5_v1,4b5b7791539478f9b2562d1b176e235ac7b641e1afdc40c3d5242661d9dbed3d,4b5b7791539478f9b2562d1b176e235ac7b641e1afdc40c3d5242661d9dbed3d,2ad0e9f7bbdfe12695c931891fd0e8132d060fd7bcbca23623db43d4c7393a5c,561839806dcdb8279ac4e42025bc5a82751f2588a2b2066fa84637918d8e4896,2987a546cb3f48253dcdfdc400036a68d1977eddb1012f753e54eca010acedd8,73ed0728ba3aea4548919a2c599b960f1645e1842d48afd930cc90a737aecd92,a96eee14f959c7954577e91fe17d4515a9348f0431a52c4dd9b8f37b88ac9cf5,d543101e7ea78ed2ddaba45de0ca0f44ec997e73ba696c2970de54b1e75cccfc,e40ccb491db9d0ecfe8c9e8462f713cf096279ef2b219236d05222512135b242,fb59b12e82b041c59cc8a3933745a40e92c5e89aa7df64846e5855fbd3acb00e,38669e3f0e715d12f919bbd64ba6e09fbb431145f819869ebd01d20e8fde4ed0,"[[18.0,3174],[20.0,5586]]","[[26.0,8760]]","[[""north"",""002ee4e68ba2ff1e9da7eb8f1e16c441bba47a8ad5ed36d81dc169204a2cb66d""],[""east"",""b1a28b883b4633c7b55388b5b43f571e79efcd391bc0ce6bc07019b5e25d8065""],[""south"",""c667e440b35d715226d38302c0104b35b5d5764fed6125e5bcc80d08fabf1f41""],[""west"",""2767619730916a7bca7fe58275301af35dc43db33040cad9a975264954dbabb5""]]"
mc_667f50d5e6fed6fc23f48093bd2f5c47919c4a99442f96989f5965a9c9cf8832,BE_TABULA_11,Detached house,SFH,1971-1990,TABULA_existing,231ef175659def943b74235aceb0ef9def0e53fc195cdad7a8338fa6b54777e3,238.40000000000001,rcp_2_6,weather_2050_rcp_2_6_pvgis_2006,pvgis_2006,2006,2041-2060,1707147214,3,2915924490,central,central,43397.187353791807,743.96235929685088,182.03518185315355,3.1206474802720252,20207.457120689578,8574.3899903967158,2147.5828004781083,86.765631156278857,6005,287,287,6005,0,4059.1249999999818,3499.9999999999818,9.7770680440589786e-11,2,residential_energy_demand_gate5_v1,4b5b7791539478f9b2562d1b176e235ac7b641e1afdc40c3d5242661d9dbed3d,4b5b7791539478f9b2562d1b176e235ac7b641e1afdc40c3d5242661d9dbed3d,2ad0e9f7bbdfe12695c931891fd0e8132d060fd7bcbca23623db43d4c7393a5c,561839806dcdb8279ac4e42025bc5a82751f2588a2b2066fa84637918d8e4896,2987a546cb3f48253dcdfdc400036a68d1977eddb1012f753e54eca010acedd8,73ed0728ba3aea4548919a2c599b960f1645e1842d48afd930cc90a737aecd92,a96eee14f959c7954577e91fe17d4515a9348f0431a52c4dd9b8f37b88ac9cf5,d543101e7ea78ed2ddaba45de0ca0f44ec997e73ba696c2970de54b1e75cccfc,e40ccb491db9d0ecfe8c9e8462f713cf096279ef2b219236d05222512135b242,fb59b12e82b041c59cc8a3933745a40e92c5e89aa7df64846e5855fbd3acb00e,38669e3f0e715d12f919bbd64ba6e09fbb431145f819869ebd01d20e8fde4ed0,"[[18.0,3358],[20.0,5402]]","[[26.0,8760]]","[[""north"",""002ee4e68ba2ff1e9da7eb8f1e16c441bba47a8ad5ed36d81dc169204a2cb66d""],[""east"",""b1a28b883b4633c7b55388b5b43f571e79efcd391bc0ce6bc07019b5e25d8065""],[""south"",""c667e440b35d715226d38302c0104b35b5d5764fed6125e5bcc80d08fabf1f41""],[""west"",""2767619730916a7bca7fe58275301af35dc43db33040cad9a975264954dbabb5""]]"
mc_835c22cfd56d7ffb730fc4456227967ae8457e8394fdc6d73d9b4ac02131759c,BE_TABULA_11,Detached house,SFH,1971-1990,TABULA_existing,231ef175659def943b74235aceb0ef9def0e53fc195cdad7a8338fa6b54777e3,238.40000000000001,rcp_2_6,weather_2050_rcp_2_6_pvgis_2006,pvgis_2006,2006,2041-2060,422447889,2,1648704536,central,central,43148.364279882277,757.12619445322775,180.99146090554646,3.1758649096192437,20144.151052941659,8947.52365154779,2141.9797819467453,84.618518367621874,5946,281,281,5946,0,3949.9366666675405,3500.0000000008736,8.7766238721087575e-11,2,residential_energy_demand_gate5_v1,4b5b7791539478f9b2562d1b176e235ac7b641e1afdc40c3d5242661d9dbed3d,4b5b7791539478f9b2562d1b176e235ac7b641e1afdc40c3d5242661d9dbed3d,2ad0e9f7bbdfe12695c931891fd0e8132d060fd7bcbca23623db43d4c7393a5c,561839806dcdb8279ac4e42025bc5a82751f2588a2b2066fa84637918d8e4896,2987a546cb3f48253dcdfdc400036a68d1977eddb1012f753e54eca010acedd8,73ed0728ba3aea4548919a2c599b960f1645e1842d48afd930cc90a737aecd92,a96eee14f959c7954577e91fe17d4515a9348f0431a52c4dd9b8f37b88ac9cf5,d543101e7ea78ed2ddaba45de0ca0f44ec997e73ba696c2970de54b1e75cccfc,e40ccb491db9d0ecfe8c9e8462f713cf096279ef2b219236d05222512135b242,fb59b12e82b041c59cc8a3933745a40e92c5e89aa7df64846e5855fbd3acb00e,38669e3f0e715d12f919bbd64ba6e09fbb431145f819869ebd01d20e8fde4ed0,"[[18.0,3786],[20.0,4974]]","[[26.0,8760]]","[[""north"",""002ee4e68ba2ff1e9da7eb8f1e16c441bba47a8ad5ed36d81dc169204a2cb66d""],[""east"",""b1a28b883b4633c7b55388b5b43f571e79efcd391bc0ce6bc07019b5e25d8065""],[""south"",""c667e440b35d715226d38302c0104b35b5d5764fed6125e5bcc80d08fabf1f41""],[""west"",""2767619730916a7bca7fe58275301af35dc43db33040cad9a975264954dbabb5""]]"
mc_46fe16c0298343ec344720effe9a269f89fa2b3a407a70015ab1bd6c6dec15b0,BE_TABULA_11,Detached house,SFH,1971-1990,TABULA_existing,231ef175659def943b74235aceb0ef9def0e53fc195cdad7a8338fa6b54777e3,238.40000000000001,rcp_2_6,weather_2050_rcp_2_6_pvgis_2006,pvgis_2006,2006,2041-2060,216697226,1,3027592219,central,central,42443.10752312783,723.76008597612361,178.03316914063686,3.0359064009065588,20355.99043766893,8622.1541675117678,2085.0426145114761,83.941909633586448,5876,277,277,5876,0,3736.5416666659248,3499.9999999992583,8.8220986071974039e-11,2,residential_energy_demand_gate5_v1,4b5b7791539478f9b2562d1b176e235ac7b641e1afdc40c3d5242661d9dbed3d,4b5b7791539478f9b2562d1b176e235ac7b641e1afdc40c3d5242661d9dbed3d,2ad0e9f7bbdfe12695c931891fd0e8132d060fd7bcbca23623db43d4c7393a5c,561839806dcdb8279ac4e42025bc5a82751f2588a2b2066fa84637918d8e4896,2987a546cb3f48253dcdfdc400036a68d1977eddb1012f753e54eca010acedd8,73ed0728ba3aea4548919a2c599b960f1645e1842d48afd930cc90a737aecd92,a96eee14f959c7954577e91fe17d4515a9348f0431a52c4dd9b8f37b88ac9cf5,d543101e7ea78ed2ddaba45de0ca0f44ec997e73ba696c2970de54b1e75cccfc,e40ccb491db9d0ecfe8c9e8462f713cf096279ef2b219236d05222512135b242,fb59b12e82b041c59cc8a3933745a40e92c5e89aa7df64846e5855fbd3acb00e,38669e3f0e715d12f919bbd64ba6e09fbb431145f819869ebd01d20e8fde4ed0,"[[18.0,4544],[20.0,4216]]","[[26.0,8760]]","[[""north"",""002ee4e68ba2ff1e9da7eb8f1e16c441bba47a8ad5ed36d81dc169204a2cb66d""],[""east"",""b1a28b883b4633c7b55388b5b43f571e79efcd391bc0ce6bc07019b5e25d8065""],[""south"",""c667e440b35d715226d38302c0104b35b5d5764fed6125e5bcc80d08fabf1f41""],[""west"",""2767619730916a7bca7fe58275301af35dc43db33040cad9a975264954dbabb5""]]"
mc_2fee7767e53d60ca61e03f8fa9094f9ea8ea4e0b4578e4cb73480c901a203bc4,BE_TABULA_11,Detached house,SFH,1971-1990,TABULA_existing,231ef175659def943b74235aceb0ef9def0e53fc195cdad7a8338fa6b54777e3,238.40000000000001,rcp_2_6,weather_2050_rcp_2_6_pvgis_2006,pvgis_2006,2006,2041-2060,1850706042,2,2667540625,central,central,43133.19189482923,738.65291713748729,180.92781835079376,3.0983763302746952,20197.125382180213,8395.6769085865162,2135.6104434983286,87.980150401219504,5931,285,285,5931,0,3941.4550000001632,3500.0000000001633,8.7311491370201111e-11,2,residential_energy_demand_gate5_v1,4b5b7791539478f9b2562d1b176e235ac7b641e1afdc40c3d5242661d9dbed3d,4b5b7791539478f9b2562d1b176e235ac7b641e1afdc40c3d5242661d9dbed3d,2ad0e9f7bbdfe12695c931891fd0e8132d060fd7bcbca23623db43d4c7393a5c,561839806dcdb8279ac4e42025bc5a82751f2588a2b2066fa84637918d8e4896,2987a546cb3f48253dcdfdc400036a68d1977eddb1012f753e54eca010acedd8,73ed0728ba3aea4548919a2c599b960f1645e1842d48afd930cc90a737aecd92,a96eee14f959c7954577e91fe17d4515a9348f0431a52c4dd9b8f37b88ac9cf5,d543101e7ea78ed2ddaba45de0ca0f44ec997e73ba696c2970de54b1e75cccfc,e40ccb491db9d0ecfe8c9e8462f713cf096279ef2b219236d05222512135b242,fb59b12e82b041c59cc8a3933745a40e92c5e89aa7df64846e5855fbd3acb00e,38669e3f0e715d12f919bbd64ba6e09fbb431145f819869ebd01d20e8fde4ed0,"[[18.0,3776],[20.0,4984]]","[[26.0,8760]]","[[""north"",""002ee4e68ba2ff1e9da7eb8f1e16c441bba47a8ad5ed36d81dc169204a2cb66d""],[""east"",""b1a28b883b4633c7b55388b5b43f571e79efcd391bc0ce6bc07019b5e25d8065""],[""south"",""c667e440b35d715226d38302c0104b35b5d5764fed6125e5bcc80d08fabf1f41""],[""west"",""2767619730916a7bca7fe58275301af35dc43db33040cad9a975264954dbabb5""]]"
mc_ebde2bf3e0d5d208a8ed2773c302ffeb3a69bf10406ab586557d4a24a7821e62,BE_TABULA_11,Detached house,SFH,1971-1990,TABULA_existing,231ef175659def943b74235aceb0ef9def0e53fc195cdad7a8338fa6b54777e3,238.40000000000001,rcp_2_6,weather_2050_rcp_2_6_pvgis_2006,pvgis_2006,2006,2041-2060,2345298607,5,2797143836,central,central,43901.232514963274,781.66806126792119,184.14946524732918,3.2788089818285284,19974.036375505493,8761.4900485087674,2197.914917627772,89.216338424188876,6008,293,293,6008,0,4322.2666666669893,3500.0000000003229,9.3734797701472417e-11,2,residential_energy_demand_gate5_v1,4b5b7791539478f9b2562d1b176e235ac7b641e1afdc40c3d5242661d9dbed3d,4b5b7791539478f9b2562d1b176e235ac7b641e1afdc40c3d5242661d9dbed3d,2ad0e9f7bbdfe12695c931891fd0e8132d060fd7bcbca23623db43d4c7393a5c,561839806dcdb8279ac4e42025bc5a82751f2588a2b2066fa84637918d8e4896,2987a546cb3f48253dcdfdc400036a68d1977eddb1012f753e54eca010acedd8,73ed0728ba3aea4548919a2c599b960f1645e1842d48afd930cc90a737aecd92,a96eee14f959c7954577e91fe17d4515a9348f0431a52c4dd9b8f37b88ac9cf5,d543101e7ea78ed2ddaba45de0ca0f44ec997e73ba696c2970de54b1e75cccfc,e40ccb491db9d0ecfe8c9e8462f713cf096279ef2b219236d05222512135b242,fb59b12e82b041c59cc8a3933745a40e92c5e89aa7df64846e5855fbd3acb00e,38669e3f0e715d12f919bbd64ba6e09fbb431145f819869ebd01d20e8fde4ed0,"[[18.0,2814],[20.0,5946]]","[[26.0,8760]]","[[""north"",""002ee4e68ba2ff1e9da7eb8f1e16c441bba47a8ad5ed36d81dc169204a2cb66d""],[""east"",""b1a28b883b4633c7b55388b5b43f571e79efcd391bc0ce6bc07019b5e25d8065""],[""south"",""c667e440b35d715226d38302c0104b35b5d5764fed6125e5bcc80d08fabf1f41""],[""west"",""2767619730916a7bca7fe58275301af35dc43db33040cad9a975264954dbabb5""]]"
mc_bf179377ef2245d0b0596e407a46a95593ac1080115d48abc93cae75a051f56b,BE_TABULA_11,Detached house,SFH,1971-1990,TABULA_existing,231ef175659def943b74235aceb0ef9def0e53fc195cdad7a8338fa6b54777e3,238.40000000000001,rcp_2_6,weather_2050_rcp_2_6_pvgis_2006,pvgis_2006,2006,2041-2060,2582489112,1,498585544,central,central,42494.315659208121,725.53865136223965,178.24796836916158,3.0433668261838909,20378.036549960754,9496.1787875495793,2085.2998057504201,76.403221505632544,5891,280,280,5891,0,3742.0600000001718,3500.0000000001714,9.0039975475519896e-11,2,residential_energy_demand_gate5_v1,4b5b7791539478f9b2562d1b176e235ac7b641e1afdc40c3d5242661d9dbed3d,4b5b7791539478f9b2562d1b176e235ac7b641e1afdc40c3d5242661d9dbed3d,2ad0e9f7bbdfe12695c931891fd0e8132d060fd7bcbca23623db43d4c7393a5c,561839806dcdb8279ac4e42025bc5a82751f2588a2b2066fa84637918d8e4896,2987a546cb3f48253dcdfdc400036a68d1977eddb1012f753e54eca010acedd8,73ed0728ba3aea4548919a2c599b960f1645e1842d48afd930cc90a737aecd92,a96eee14f959c7954577e91fe17d4515a9348f0431a52c4dd9b8f37b88ac9cf5,d543101e7ea78ed2ddaba45de0ca0f44ec997e73ba696c2970de54b1e75cccfc,e40ccb491db9d0ecfe8c9e8462f713cf096279ef2b219236d05222512135b242,fb59b12e82b041c59cc8a3933745a40e92c5e89aa7df64846e5855fbd3acb00e,38669e3f0e715d12f919bbd64ba6e09fbb431145f819869ebd01d20e8fde4ed0,"[[18.0,4440],[20.0,4320]]","[[26.0,8760]]","[[""north"",""002ee4e68ba2ff1e9da7eb8f1e16c441bba47a8ad5ed36d81dc169204a2cb66d""],[""east"",""b1a28b883b4633c7b55388b5b43f571e79efcd391bc0ce6bc07019b5e25d8065""],[""south"",""c667e440b35d715226d38302c0104b35b5d5764fed6125e5bcc80d08fabf1f41""],[""west"",""2767619730916a7bca7fe58275301af35dc43db33040cad9a975264954dbabb5""]]"
mc_2ce9483e5b7838dcce10cdc44a1f1c1a8b9166d0491d409056b9b85f451465e8,BE_TABULA_11,Detached house,SFH,1971-1990,TABULA_existing,231ef175659def943b74235aceb0ef9def0e53fc195cdad7a8338fa6b54777e3,238.40000000000001,rcp_2_6,weather_2050_rcp_2_6_pvgis_2006,pvgis_2006,2006,2041-2060,1092453103,3,591205793,central,central,43360.537643240183,740.33751498336869,181.88144984580615,3.1054425964067476,19561.321458945509,8581.7959337584907,2216.6466480418248,86.268366283458093,5989,289,289,5989,0,4043.8183333335983,3500.0000000002656,8.276401786133647e-11,2,residential_energy_demand_gate5_v1,4b5b7791539478f9b2562d1b176e235ac7b641e1afdc40c3d5242661d9dbed3d,4b5b7791539478f9b2562d1b176e235ac7b641e1afdc40c3d5242661d9dbed3d,2ad0e9f7bbdfe12695c931891fd0e8132d060fd7bcbca23623db43d4c7393a5c,561839806dcdb8279ac4e42025bc5a82751f2588a2b2066fa84637918d8e4896,2987a546cb3f48253dcdfdc400036a68d1977eddb1012f753e54eca010acedd8,73ed0728ba3aea4548919a2c599b960f1645e1842d48afd930cc90a737aecd92,a96eee14f959c7954577e91fe17d4515a9348f0431a52c4dd9b8f37b88ac9cf5,d543101e7ea78ed2ddaba45de0ca0f44ec997e73ba696c2970de54b1e75cccfc,e40ccb491db9d0ecfe8c9e8462f713cf096279ef2b219236d05222512135b242,fb59b12e82b041c59cc8a3933745a40e92c5e89aa7df64846e5855fbd3acb00e,38669e3f0e715d12f919bbd64ba6e09fbb431145f819869ebd01d20e8fde4ed0,"[[18.0,3450],[20.0,5310]]","[[26.0,8760]]","[[""north"",""002ee4e68ba2ff1e9da7eb8f1e16c441bba47a8ad5ed36d81dc169204a2cb66d""],[""east"",""b1a28b883b4633c7b55388b5b43f571e79efcd391bc0ce6bc07019b5e25d8065""],[""south"",""c667e440b35d715226d38302c0104b35b5d5764fed6125e5bcc80d08fabf1f41""],[""west"",""2767619730916a7bca7fe58275301af35dc43db33040cad9a975264954dbabb5""]]"
mc_894d292427a2941f3d10b427f1876986eef37d3d0dbda992abd87b05a2da1aca,BE_TABULA_11,Detached house,SFH,1971-1990,TABULA_existing,231ef175659def943b74235aceb0ef9def0e53fc195cdad7a8338fa6b54777e3,238.40000000000001,rcp_2_6,weather_2050_rcp_2_6_pvgis_2006,pvgis_2006,2006,2041-2060,2333746188,3,540052035,central,central,43348.394731838482,747.68196766811946,181.83051481475871,3.1362498643796957,20419.04125337935,7894.5425248346237,2122.9397694989389,94.708713686203382,5964,282,282,5964,0,4033.936666666727,3500.0000000000605,8.6401996668428183e-11,2,residential_energy_demand_gate5_v1,4b5b7791539478f9b2562d1b176e235ac7b641e1afdc40c3d5242661d9dbed3d,4b5b7791539478f9b2562d1b176e235ac7b641e1afdc40c3d5242661d9dbed3d,2ad0e9f7bbdfe12695c931891fd0e8132d060fd7bcbca23623db43d4c7393a5c,561839806dcdb8279ac4e42025bc5a82751f2588a2b2066fa84637918d8e4896,2987a546cb3f48253dcdfdc400036a68d1977eddb1012f753e54eca010acedd8,73ed0728ba3aea4548919a2c599b960f1645e1842d48afd930cc90a737aecd92,a96eee14f959c7954577e91fe17d4515a9348f0431a52c4dd9b8f37b88ac9cf5,d543101e7ea78ed2ddaba45de0ca0f44ec997e73ba696c2970de54b1e75cccfc,e40ccb491db9d0ecfe8c9e8462f713cf096279ef2b219236d05222512135b242,fb59b12e82b041c59cc8a3933745a40e92c5e89aa7df64846e5855fbd3acb00e,38669e3f0e715d12f919bbd64ba6e09fbb431145f819869ebd01d20e8fde4ed0,"[[18.0,3468],[20.0,5292]]","[[26.0,8760]]","[[""north"",""002ee4e68ba2ff1e9da7eb8f1e16c441bba47a8ad5ed36d81dc169204a2cb66d""],[""east"",""b1a28b883b4633c7b55388b5b43f571e79efcd391bc0ce6bc07019b5e25d8065""],[""south"",""c667e440b35d715226d38302c0104b35b5d5764fed6125e5bcc80d08fabf1f41""],[""west"",""2767619730916a7bca7fe58275301af35dc43db33040cad9a975264954dbabb5""]]"
mc_e3cfa3c89628a7041ead4ec7e217502274897fccf14c1fa283ec48a1146f5607,BE_TABULA_11,Detached house,SFH,1971-1990,TABULA_existing,231ef175659def943b74235aceb0ef9def0e53fc195cdad7a8338fa6b54777e3,238.40000000000001,rcp_2_6,weather_2050_rcp_2_6_pvgis_2006,pvgis_2006,2006,2041-2060,290922874,2,3162789502,central,central,43183.607201059356,749.07960653846521,181.13929195075232,3.1421124435338306,20154.037955793796,8911.7179952381885,2142.6776755992523,84.055577941169375,5926,282,282,5926,0,3941.2566666671028,3500.0000000004361,9.0039975475519896e-11,2,residential_energy_demand_gate5_v1,4b5b7791539478f9b2562d1b176e235ac7b641e1afdc40c3d5242661d9dbed3d,4b5b7791539478f9b2562d1b176e235ac7b641e1afdc40c3d5242661d9dbed3d,2ad0e9f7bbdfe12695c931891fd0e8132d060fd7bcbca23623db43d4c7393a5c,561839806dcdb8279ac4e42025bc5a82751f2588a2b2066fa84637918d8e4896,2987a546cb3f48253dcdfdc400036a68d1977eddb1012f753e54eca010acedd8,73ed0728ba3aea4548919a2c599b960f1645e1842d48afd930cc90a737aecd92,a96eee14f959c7954577e91fe17d4515a9348f0431a52c4dd9b8f37b88ac9cf5,d543101e7ea78ed2ddaba45de0ca0f44ec997e73ba696c2970de54b1e75cccfc,e40ccb491db9d0ecfe8c9e8462f713cf096279ef2b219236d05222512135b242,fb59b12e82b041c59cc8a3933745a40e92c5e89aa7df64846e5855fbd3acb00e,38669e3f0e715d12f919bbd64ba6e09fbb431145f819869ebd01d20e8fde4ed0,"[[18.0,3757],[20.0,5003]]","[[26.0,8760]]","[[""north"",""002ee4e68ba2ff1e9da7eb8f1e16c441bba47a8ad5ed36d81dc169204a2cb66d""],[""east"",""b1a28b883b4633c7b55388b5b43f571e79efcd391bc0ce6bc07019b5e25d8065""],[""south"",""c667e440b35d715226d38302c0104b35b5d5764fed6125e5bcc80d08fabf1f41""],[""west"",""2767619730916a7bca7fe58275301af35dc43db33040cad9a975264954dbabb5""]]"
mc_ea73c6e6992377dc0adaf5c6415498943ac001d8de7c2bf105bb19ac951e74da,BE_TABULA_11,Detached house,SFH,1971-1990,TABULA_existing,231ef175659def943b74235aceb0ef9def0e53fc195cdad7a8338fa6b54777e3,238.40000000000001,rcp_2_6,weather_2050_rcp_2_6_pvgis_2006,pvgis_2006,2006,2041-2060,2221754146,1,299414330,central,central,42489.321205598251,718.07161656762571,178.22701847985843,3.0120453715084969,20367.750663648963,8070.3367555083687,2086.1076859817626,88.976660865794656,5835,279,279,5835,0,3737.2999999990457,3499.9999999990459,8.5492501966655254e-11,2,residential_energy_demand_gate5_v1,4b5b7791539478f9b2562d1b176e235ac7b641e1afdc40c3d5242661d9dbed3d,4b5b7791539478f9b2562d1b176e235ac7b641e1afdc40c3d5242661d9dbed3d,2ad0e9f7bbdfe12695c931891fd0e8132d060fd7bcbca23623db43d4c7393a5c,561839806dcdb8279ac4e42025bc5a82751f2588a2b2066fa84637918d8e4896,2987a546cb3f48253dcdfdc400036a68d1977eddb1012f753e54eca010acedd8,73ed0728ba3aea4548919a2c599b960f1645e1842d48afd930cc90a737aecd92,a96eee14f959c7954577e91fe17d4515a9348f0431a52c4dd9b8f37b88ac9cf5,d543101e7ea78ed2ddaba45de0ca0f44ec997e73ba696c2970de54b1e75cccfc,e40ccb491db9d0ecfe8c9e8462f713cf096279ef2b219236d05222512135b242,fb59b12e82b041c59cc8a3933745a40e92c5e89aa7df64846e5855fbd3acb00e,38669e3f0e715d12f919bbd64ba6e09fbb431145f819869ebd01d20e8fde4ed0,"[[18.0,4534],[20.0,4226]]","[[26.0,8760]]","[[""north"",""002ee4e68ba2ff1e9da7eb8f1e16c441bba47a8ad5ed36d81dc169204a2cb66d""],[""east"",""b1a28b883b4633c7b55388b5b43f571e79efcd391bc0ce6bc07019b5e25d8065""],[""south"",""c667e440b35d715226d38302c0104b35b5d5764fed6125e5bcc80d08fabf1f41""],[""west"",""2767619730916a7bca7fe58275301af35dc43db33040cad9a975264954dbabb5""]]"
mc_a331d9541120fa139cfebb838262252c40e7f9f9017b4d99dcbe5e5d8d8e0f55,BE_TABULA_11,Detached house,SFH,1971-1990,TABULA_existing,231ef175659def943b74235aceb0ef9def0e53fc195cdad7a8338fa6b54777e3,238.40000000000001,rcp_2_6,weather_2050_rcp_2_6_pvgis_2006,pvgis_2006,2006,2041-2060,1816115144,1,3928427033,central,central,42462.257822621556,711.73934410870004,178.11349757811055,2.9854838259593124,20336.013506958447,8736.7425306333644,2088.032534404646,81.465070260815267,5870,263,263,5870,0,3738.9099999998316,3499.9999999998317,8.1854523159563541e-11,2,residential_energy_demand_gate5_v1,4b5b7791539478f9b2562d1b176e235ac7b641e1afdc40c3d5242661d9dbed3d,4b5b7791539478f9b2562d1b176e235ac7b641e1afdc40c3d5242661d9dbed3d,2ad0e9f7bbdfe12695c931891fd0e8132d060fd7bcbca23623db43d4c7393a5c,561839806dcdb8279ac4e42025bc5a82751f2588a2b2066fa84637918d8e4896,2987a546cb3f48253dcdfdc400036a68d1977eddb1012f753e54eca010acedd8,73ed0728ba3aea4548919a2c599b960f1645e1842d48afd930cc90a737aecd92,a96eee14f959c7954577e91fe17d4515a9348f0431a52c4dd9b8f37b88ac9cf5,d543101e7ea78ed2ddaba45de0ca0f44ec997e73ba696c2970de54b1e75cccfc,e40ccb491db9d0ecfe8c9e8462f713cf096279ef2b219236d05222512135b242,fb59b12e82b041c59cc8a3933745a40e92c5e89aa7df64846e5855fbd3acb00e,38669e3f0e715d12f919bbd64ba6e09fbb431145f819869ebd01d20e8fde4ed0,"[[18.0,4493],[20.0,4267]]","[[26.0,8760]]","[[""north"",""002ee4e68ba2ff1e9da7eb8f1e16c441bba47a8ad5ed36d81dc169204a2cb66d""],[""east"",""b1a28b883b4633c7b55388b5b43f571e79efcd391bc0ce6bc07019b5e25d8065""],[""south"",""c667e440b35d715226d38302c0104b35b5d5764fed6125e5bcc80d08fabf1f41""],[""west"",""2767619730916a7bca7fe58275301af35dc43db33040cad9a975264954dbabb5""]]"
mc_d34914a006230ee1c2b9c885d0237fe825a2811283ea28b039e5bd8cb4135a71,BE_TABULA_11,Detached house,SFH,1971-1990,TABULA_existing,231ef175659def943b74235aceb0ef9def0e53fc195cdad7a8338fa6b54777e3,238.40000000000001,rcp_2_6,weather_2050_rcp_2_6_pvgis_2006,pvgis_2006,2006,2041-2060,3240729649,2,1511892000,central,central,43088.144578332402,724.57931684553023,180.73886148629362,3.0393427720030628,19826.417271546223,8426.3841513561892,2173.2693299141911,85.989352470823718,5895,275,275,5895,0,3933.650000000513,3500.000000000513,9.822542779147625e-11,2,residential_energy_demand_gate5_v1,4b5b7791539478f9b2562d1b176e235ac7b641e1afdc40c3d5242661d9dbed3d,4b5b7791539478f9b2562d1b176e235ac7b641e1afdc40c3d5242661d9dbed3d,2ad0e9f7bbdfe12695c931891fd0e8132d060fd7bcbca23623db43d4c7393a5c,561839806dcdb8279ac4e42025bc5a82751f2588a2b2066fa84637918d8e4896,2987a546cb3f48253dcdfdc400036a68d1977eddb1012f753e54eca010acedd8,73ed0728ba3aea4548919a2c599b960f1645e1842d48afd930cc90a737aecd92,a96eee14f959c7954577e91fe17d4515a9348f0431a52c4dd9b8f37b88ac9cf5,d543101e7ea78ed2ddaba45de0ca0f44ec997e73ba696c2970de54b1e75cccfc,e40ccb491db9d0ecfe8c9e8462f713cf096279ef2b219236d05222512135b242,fb59b12e82b041c59cc8a3933745a40e92c5e89aa7df64846e5855fbd3acb00e,38669e3f0e715d12f919bbd64ba6e09fbb431145f819869ebd01d20e8fde4ed0,"[[18.0,3857],[20.0,4903]]","[[26.0,8760]]","[[""north"",""002ee4e68ba2ff1e9da7eb8f1e16c441bba47a8ad5ed36d81dc169204a2cb66d""],[""east"",""b1a28b883b4633c7b55388b5b43f571e79efcd391bc0ce6bc07019b5e25d8065""],[""south"",""c667e440b35d715226d38302c0104b35b5d5764fed6125e5bcc80d08fabf1f41""],[""west"",""2767619730916a7bca7fe58275301af35dc43db33040cad9a975264954dbabb5""]]"
mc_52705916277775030667f8ccaf502673b35cb39cd8d26fe18b632dfe3ba8415d,BE_TABULA_11,Detached house,SFH,1971-1990,TABULA_existing,231ef175659def943b74235aceb0ef9def0e53fc195cdad7a8338fa6b54777e3,238.40000000000001,rcp_2_6,weather_2050_rcp_2_6_pvgis_2006,pvgis_2006,2006,2041-2060,2288844644,1,134262918,central,central,42425.77914427036,722.31085736052694,177.96048298771123,3.0298274218142907,20283.289541702325,8868.6094402389299,2091.6616635109017,81.445784959616745,5834,273,273,5834,0,3735.4099999993218,3499.999999999322,9.5496943686157465e-11,2,residential_energy_demand_gate5_v1,4b5b7791539478f9b2562d1b176e235ac7b641e1afdc40c3d5242661d9dbed3d,4b5b7791539478f9b2562d1b176e235ac7b641e1afdc40c3d5242661d9dbed3d,2ad0e9f7bbdfe12695c931891fd0e8132d060fd7bcbca23623db43d4c7393a5c,561839806dcdb8279ac4e42025bc5a82751f2588a2b2066fa84637918d8e4896,2987a546cb3f48253dcdfdc400036a68d1977eddb1012f753e54eca010acedd8,73ed0728ba3aea4548919a2c599b960f1645e1842d48afd930cc90a737aecd92,a96eee14f959c7954577e91fe17d4515a9348f0431a52c4dd9b8f37b88ac9cf5,d543101e7ea78ed2ddaba45de0ca0f44ec997e73ba696c2970de54b1e75cccfc,e40ccb491db9d0ecfe8c9e8462f713cf096279ef2b219236d05222512135b242,fb59b12e82b041c59cc8a3933745a40e92c5e89aa7df64846e5855fbd3acb00e,38669e3f0e715d12f919bbd64ba6e09fbb431145f819869ebd01d20e8fde4ed0,"[[18.0,4547],[20.0,4213]]","[[26.0,8760]]","[[""north"",""002ee4e68ba2ff1e9da7eb8f1e16c441bba47a8ad5ed36d81dc169204a2cb66d""],[""east"",""b1a28b883b4633c7b55388b5b43f571e79efcd391bc0ce6bc07019b5e25d8065""],[""south"",""c667e440b35d715226d38302c0104b35b5d5764fed6125e5bcc80d08fabf1f41""],[""west"",""2767619730916a7bca7fe58275301af35dc43db33040cad9a975264954dbabb5""]]"
mc_b28eec6a627146c7be5339033d51cca7bbb303c77195caaa25814a2fd6d85fe3,BE_TABULA_11,Detached house,SFH,1971-1990,TABULA_existing,231ef175659def943b74235aceb0ef9def0e53fc195cdad7a8338fa6b54777e3,238.40000000000001,rcp_2_6,weather_2050_rcp_2_6_pvgis_2006,pvgis_2006,2006,2041-2060,3778118032,4,2119399914,central,central,43544.489912571371,760.69058826636092,182.65306171380607,3.1908162259495003,20512.427323334898,8551.908716952199,2122.8345737042659,88.949802136973958,6008,285,285,6008,0,4187.5983333339545,3500.0000000006207,9.7315933089703321e-11,2,residential_energy_demand_gate5_v1,4b5b7791539478f9b2562d1b176e235ac7b641e1afdc40c3d5242661d9dbed3d,4b5b7791539478f9b2562d1b176e235ac7b641e1afdc40c3d5242661d9dbed3d,2ad0e9f7bbdfe12695c931891fd0e8132d060fd7bcbca23623db43d4c7393a5c,561839806dcdb8279ac4e42025bc5a82751f2588a2b2066fa84637918d8e4896,2987a546cb3f48253dcdfdc400036a68d1977eddb1012f753e54eca010acedd8,73ed0728ba3aea4548919a2c599b960f1645e1842d48afd930cc90a737aecd92,a96eee14f959c7954577e91fe17d4515a9348f0431a52c4dd9b8f37b88ac9cf5,d543101e7ea78ed2ddaba45de0ca0f44ec997e73ba696c2970de54b1e75cccfc,e40ccb491db9d0ecfe8c9e8462f713cf096279ef2b219236d05222512135b242,fb59b12e82b041c59cc8a3933745a40e92c5e89aa7df64846e5855fbd3acb00e,38669e3f0e715d12f919bbd64ba6e09fbb431145f819869ebd01d20e8fde4ed0,"[[18.0,3183],[20.0,5577]]","[[26.0,8760]]","[[""north"",""002ee4e68ba2ff1e9da7eb8f1e16c441bba47a8ad5ed36d81dc169204a2cb66d""],[""east"",""b1a28b883b4633c7b55388b5b43f571e79efcd391bc0ce6bc07019b5e25d8065""],[""south"",""c667e440b35d715226d38302c0104b35b5d5764fed6125e5bcc80d08fabf1f41""],[""west"",""2767619730916a7bca7fe58275301af35dc43db33040cad9a975264954dbabb5""]]"
mc_395bcabb1f49fa7852d41fe160602b3ee14ff43d690e891369f1354c4cb78c36,BE_TABULA_11,Detached house,SFH,1971-1990,TABULA_existing,231ef175659def943b74235aceb0ef9def0e53fc195cdad7a8338fa6b54777e3,238.40000000000001,rcp_2_6,weather_2050_rcp_2_6_pvgis_2006,pvgis_2006,2006,2041-2060,96231892,2,202303042,central,central,43103.157818395615,734.01498751239239,180.80183648655878,3.0789219274848674,20299.960021328829,8387.0731650636881,2123.3124485520093,87.517417943833863,5914,284,284,5914,0,3944.0916666664621,3499.9999999997949,1.0095391189679503e-10,2,residential_energy_demand_gate5_v1,4b5b7791539478f9b2562d1b176e235ac7b641e1afdc40c3d5242661d9dbed3d,4b5b7791539478f9b2562d1b176e235ac7b641e1afdc40c3d5242661d9dbed3d,2ad0e9f7bbdfe12695c931891fd0e8132d060fd7bcbca23623db43d4c7393a5c,561839806dcdb8279ac4e42025bc5a82751f2588a2b2066fa84637918d8e4896,2987a546cb3f48253dcdfdc400036a68d1977eddb1012f753e54eca010acedd8,73ed0728ba3aea4548919a2c599b960f1645e1842d48afd930cc90a737aecd92,a96eee14f959c7954577e91fe17d4515a9348f0431a52c4dd9b8f37b88ac9cf5,d543101e7ea78ed2ddaba45de0ca0f44ec997e73ba696c2970de54b1e75cccfc,e40ccb491db9d0ecfe8c9e8462f713cf096279ef2b219236d05222512135b242,fb59b12e82b041c59cc8a3933745a40e92c5e89aa7df64846e5855fbd3acb00e,38669e3f0e715d12f919bbd64ba6e09fbb431145f819869ebd01d20e8fde4ed0,"[[18.0,3802],[20.0,4958]]","[[26.0,8760]]","[[""north"",""002ee4e68ba2ff1e9da7eb8f1e16c441bba47a8ad5ed36d81dc169204a2cb66d""],[""east"",""b1a28b883b4633c7b55388b5b43f571e79efcd391bc0ce6bc07019b5e25d8065""],[""south"",""c667e440b35d715226d38302c0104b35b5d5764fed6125e5bcc80d08fabf1f41""],[""west"",""2767619730916a7bca7fe58275301af35dc43db33040cad9a975264954dbabb5""]]"
mc_9f405883ced22f4c49cba89a2cc9054073bba02a1d048fe1fdfa1d1f981b067f,BE_TABULA_11,Detached house,SFH,1971-1990,TABULA_existing,231ef175659def943b74235aceb0ef9def0e53fc195cdad7a8338fa6b54777e3,238.40000000000001,rcp_2_6,weather_2050_rcp_2_6_pvgis_2006,pvgis_2006,2006,2041-2060,3338747715,1,3157262246,central,central,42490.240826988338,727.12493503761868,178.23087595213229,3.0500207006611522,19899.675886763478,8294.5522001505869,2135.2227578365364,87.6629524405691,5848,285,285,5848,0,3736.0399999997076,3499.9999999997076,8.2536644185893238e-11,2,residential_energy_demand_gate5_v1,4b5b7791539478f9b2562d1b176e235ac7b641e1afdc40c3d5242661d9dbed3d,4b5b7791539478f9b2562d1b176e235ac7b641e1afdc40c3d5242661d9dbed3d,2ad0e9f7bbdfe12695c931891fd0e8132d060fd7bcbca23623db43d4c7393a5c,561839806dcdb8279ac4e42025bc5a82751f2588a2b2066fa84637918d8e4896,2987a546cb3f48253dcdfdc400036a68d1977eddb1012f753e54eca010acedd8,73ed0728ba3aea4548919a2c599b960f1645e1842d48afd930cc90a737aecd92,a96eee14f959c7954577e91fe17d4515a9348f0431a52c4dd9b8f37b88ac9cf5,d543101e7ea78ed2ddaba45de0ca0f44ec997e73ba696c2970de54b1e75cccfc,e40ccb491db9d0ecfe8c9e8462f713cf096279ef2b219236d05222512135b242,fb59b12e82b041c59cc8a3933745a40e92c5e89aa7df64846e5855fbd3acb00e,38669e3f0e715d12f919bbd64ba6e09fbb431145f819869ebd01d20e8fde4ed0,"[[18.0,4565],[20.0,4195]]","[[26.0,8760]]","[[""north"",""002ee4e68ba2ff1e9da7eb8f1e16c441bba47a8ad5ed36d81dc169204a2cb66d""],[""east"",""b1a28b883b4633c7b55388b5b43f571e79efcd391bc0ce6bc07019b5e25d8065""],[""south"",""c667e440b35d715226d38302c0104b35b5d5764fed6125e5bcc80d08fabf1f41""],[""west"",""2767619730916a7bca7fe58275301af35dc43db33040cad9a975264954dbabb5""]]"
mc_7ad3ec42d95a316a98488e72edbcdbaf7802ff5c6e389ce7899650ce18f2e285,BE_TABULA_11,Detached house,SFH,1971-1990,TABULA_existing,231ef175659def943b74235aceb0ef9def0e53fc195cdad7a8338fa6b54777e3,238.40000000000001,rcp_2_6,weather_2050_rcp_2_6_pvgis_2006,pvgis_2006,2006,2041-2060,799376848,4,2787136780,central,central,43545.450738425905,740.47885999546668,182.65709202359858,3.1060354865581656,19816.473317374926,9097.9033355312604,2197.4369526310011,81.390055783905225,5990,277,277,5990,0,4193.7816666663757,3499.999999999709,8.9130480773746967e-11,2,residential_energy_demand_gate5_v1,4b5b7791539478f9b2562d1b176e235ac7b641e1afdc40c3d5242661d9dbed3d,4b5b7791539478f9b2562d1b176e235ac7b641e1afdc40c3d5242661d9dbed3d,2ad0e9f7bbdfe12695c931891fd0e8132d060fd7bcbca23623db43d4c7393a5c,561839806dcdb8279ac4e42025bc5a82751f2588a2b2066fa84637918d8e4896,2987a546cb3f48253dcdfdc400036a68d1977eddb1012f753e54eca010acedd8,73ed0728ba3aea4548919a2c599b960f1645e1842d48afd930cc90a737aecd92,a96eee14f959c7954577e91fe17d4515a9348f0431a52c4dd9b8f37b88ac9cf5,d543101e7ea78ed2ddaba45de0ca0f44ec997e73ba696c2970de54b1e75cccfc,e40ccb491db9d0ecfe8c9e8462f713cf096279ef2b219236d05222512135b242,fb59b12e82b041c59cc8a3933745a40e92c5e89aa7df64846e5855fbd3acb00e,38669e3f0e715d12f919bbd64ba6e09fbb431145f819869ebd01d20e8fde4ed0,"[[18.0,3186],[20.0,5574]]","[[26.0,8760]]","[[""north"",""002ee4e68ba2ff1e9da7eb8f1e16c441bba47a8ad5ed36d81dc169204a2cb66d""],[""east"",""b1a28b883b4633c7b55388b5b43f571e79efcd391bc0ce6bc07019b5e25d8065""],[""south"",""c667e440b35d715226d38302c0104b35b5d5764fed6125e5bcc80d08fabf1f41""],[""west"",""2767619730916a7bca7fe58275301af35dc43db33040cad9a975264954dbabb5""]]"
mc_a73ede2e4e8c7bfe7c91da6fc4205d09e3bc7a76d65b4ef875f49497db2cec72,BE_TABULA_11,Detached house,SFH,1971-1990,TABULA_existing,231ef175659def943b74235aceb0ef9def0e53fc195cdad7a8338fa6b54777e3,238.40000000000001,rcp_2_6,weather_2050_rcp_2_6_pvgis_2006,pvgis_2006,2006,2041-2060,3364469763,3,3525852059,central,central,43362.1422192096,753.67098337224502,181.88818044970469,3.1613715745480078,19877.911554055161,8693.4514039393416,2181.4234408525463,86.694104372715231,5949,280,280,5949,0,4054.493333332874,3499.9999999995403,9.0949470177292824e-11,2,residential_energy_demand_gate5_v1,4b5b7791539478f9b2562d1b176e235ac7b641e1afdc40c3d5242661d9dbed3d,4b5b7791539478f9b2562d1b176e235ac7b641e1afdc40c3d5242661d9dbed3d,2ad0e9f7bbdfe12695c931891fd0e8132d060fd7bcbca23623db43d4c7393a5c,561839806dcdb8279ac4e42025bc5a82751f2588a2b2066fa84637918d8e4896,2987a546cb3f48253dcdfdc400036a68d1977eddb1012f753e54eca010acedd8,73ed0728ba3aea4548919a2c599b960f1645e1842d48afd930cc90a737aecd92,a96eee14f959c7954577e91fe17d4515a9348f0431a52c4dd9b8f37b88ac9cf5,d543101e7ea78ed2ddaba45de0ca0f44ec997e73ba696c2970de54b1e75cccfc,e40ccb491db9d0ecfe8c9e8462f713cf096279ef2b219236d05222512135b242,fb59b12e82b041c59cc8a3933745a40e92c5e89aa7df64846e5855fbd3acb00e,38669e3f0e715d12f919bbd64ba6e09fbb431145f819869ebd01d20e8fde4ed0,"[[18.0,3432],[20.0,5328]]","[[26.0,8760]]","[[""north"",""002ee4e68ba2ff1e9da7eb8f1e16c441bba47a8ad5ed36d81dc169204a2cb66d""],[""east"",""b1a28b883b4633c7b55388b5b43f571e79efcd391bc0ce6bc07019b5e25d8065""],[""south"",""c667e440b35d715226d38302c0104b35b5d5764fed6125e5bcc80d08fabf1f41""],[""west"",""2767619730916a7bca7fe58275301af35dc43db33040cad9a975264954dbabb5""]]"
mc_6251a14f64264f894fc9f58643a293a68baa9f4cc00e665ade1d921c5d16cd30,BE_TABULA_11,Detached house,SFH,1971-1990,TABULA_existing,231ef175659def943b74235aceb0ef9def0e53fc195cdad7a8338fa6b54777e3,238.40000000000001,rcp_2_6,weather_2050_rcp_2_6_pvgis_2006,pvgis_2006,2006,2041-2060,179395282,2,1160425781,central,central,43138.687278980833,726.00674080514375,180.95086945881221,3.0453302886121802,20488.025719895701,8883.6865957676728,2105.5560876756085,81.723587722131569,5919,285,285,5919,0,3942.6333333330567,3499.9999999997235,8.276401786133647e-11,2,residential_energy_demand_gate5_v1,4b5b7791539478f9b2562d1b176e235ac7b641e1afdc40c3d5242661d9dbed3d,4b5b7791539478f9b2562d1b176e235ac7b641e1afdc40c3d5242661d9dbed3d,2ad0e9f7bbdfe12695c931891fd0e8132d060fd7bcbca23623db43d4c7393a5c,561839806dcdb8279ac4e42025bc5a82751f2588a2b2066fa84637918d8e4896,2987a546cb3f48253dcdfdc400036a68d1977eddb1012f753e54eca010acedd8,73ed0728ba3aea4548919a2c599b960f1645e1842d48afd930cc90a737aecd92,a96eee14f959c7954577e91fe17d4515a9348f0431a52c4dd9b8f37b88ac9cf5,d543101e7ea78ed2ddaba45de0ca0f44ec997e73ba696c2970de54b1e75cccfc,e40ccb491db9d0ecfe8c9e8462f713cf096279ef2b219236d05222512135b242,fb59b12e82b041c59cc8a3933745a40e92c5e89aa7df64846e5855fbd3acb00e,38669e3f0e715d12f919bbd64ba6e09fbb431145f819869ebd01d20e8fde4ed0,"[[18.0,3772],[20.0,4988]]","[[26.0,8760]]","[[""north"",""002ee4e68ba2ff1e9da7eb8f1e16c441bba47a8ad5ed36d81dc169204a2cb66d""],[""east"",""b1a28b883b4633c7b55388b5b43f571e79efcd391bc0ce6bc07019b5e25d8065""],[""south"",""c667e440b35d715226d38302c0104b35b5d5764fed6125e5bcc80d08fabf1f41""],[""west"",""2767619730916a7bca7fe58275301af35dc43db33040cad9a975264954dbabb5""]]"
mc_1f6250fc0e9989dd948bb55c5dda37eb4484675df627bcb81f731b8197fe3c5f,BE_TABULA_11,Detached house,SFH,1971-1990,TABULA_existing,231ef175659def943b74235aceb0ef9def0e53fc195cdad7a8338fa6b54777e3,238.40000000000001,rcp_2_6,weather_2050_rcp_2_6_pvgis_2006,pvgis_2006,2006,2041-2060,1171171859,4,75851243,central,central,43528.842541788843,756.33244600681724,182.58742676924851,3.1725354278809448,19950.486765185276,8730.6555293776855,2181.8436338981528,86.629514068198276,5962,294,294,5962,0,4171.8133333330361,3499.999999999703,8.7311491370201111e-11,2,residential_energy_demand_gate5_v1,4b5b7791539478f9b2562d1b176e235ac7b641e1afdc40c3d5242661d9dbed3d,4b5b7791539478f9b2562d1b176e235ac7b641e1afdc40c3d5242661d9dbed3d,2ad0e9f7bbdfe12695c931891fd0e8132d060fd7bcbca23623db43d4c7393a5c,561839806dcdb8279ac4e42025bc5a82751f2588a2b2066fa84637918d8e4896,2987a546cb3f48253dcdfdc400036a68d1977eddb1012f753e54eca010acedd8,73ed0728ba3aea4548919a2c599b960f1645e1842d48afd930cc90a737aecd92,a96eee14f959c7954577e91fe17d4515a9348f0431a52c4dd9b8f37b88ac9cf5,d543101e7ea78ed2ddaba45de0ca0f44ec997e73ba696c2970de54b1e75cccfc,e40ccb491db9d0ecfe8c9e8462f713cf096279ef2b219236d05222512135b242,fb59b12e82b041c59cc8a3933745a40e92c5e89aa7df64846e5855fbd3acb00e,38669e3f0e715d12f919bbd64ba6e09fbb431145f819869ebd01d20e8fde4ed0,"[[18.0,3244],[20.0,5516]]","[[26.0,8760]]","[[""north"",""002ee4e68ba2ff1e9da7eb8f1e16c441bba47a8ad5ed36d81dc169204a2cb66d""],[""east"",""b1a28b883b4633c7b55388b5b43f571e79efcd391bc0ce6bc07019b5e25d8065""],[""south"",""c667e440b35d715226d38302c0104b35b5d5764fed6125e5bcc80d08fabf1f41""],[""west"",""2767619730916a7bca7fe58275301af35dc43db33040cad9a975264954dbabb5""]]"
mc_14264419d249b864ffa09822a025abc32a936c015dd1e12f35e387f20b3f9401,BE_TABULA_11,Detached house,SFH,1971-1990,TABULA_existing,231ef175659def943b74235aceb0ef9def0e53fc195cdad7a8338fa6b54777e3,238.40000000000001,rcp_2_6,weather_2050_rcp_2_6_pvgis_2006,pvgis_2006,2006,2041-2060,1001156282,1,2699337107,central,central,42502.846546512301,748.91935339277802,178.28375229241738,3.1414402407415185,20120.934360731568,8533.5869444183081,2112.3694250234093,87.761378453246436,5903,273,273,5903,0,3740.1466666665592,3499.9999999998922,9.0949470177292824e-11,2,residential_energy_demand_gate5_v1,4b5b7791539478f9b2562d1b176e235ac7b641e1afdc40c3d5242661d9dbed3d,4b5b7791539478f9b2562d1b176e235ac7b641e1afdc40c3d5242661d9dbed3d,2ad0e9f7bbdfe12695c931891fd0e8132d060fd7bcbca23623db43d4c7393a5c,561839806dcdb8279ac4e42025bc5a82751f2588a2b2066fa84637918d8e4896,2987a546cb3f48253dcdfdc400036a68d1977eddb1012f753e54eca010acedd8,73ed0728ba3aea4548919a2c599b960f1645e1842d48afd930cc90a737aecd92,a96eee14f959c7954577e91fe17d4515a9348f0431a52c4dd9b8f37b88ac9cf5,d543101e7ea78ed2ddaba45de0ca0f44ec997e73ba696c2970de54b1e75cccfc,e40ccb491db9d0ecfe8c9e8462f713cf096279ef2b219236d05222512135b242,fb59b12e82b041c59cc8a3933745a40e92c5e89aa7df64846e5855fbd3acb00e,38669e3f0e715d12f919bbd64ba6e09fbb431145f819869ebd01d20e8fde4ed0,"[[18.0,4492],[20.0,4268]]","[[26.0,8760]]","[[""north"",""002ee4e68ba2ff1e9da7eb8f1e16c441bba47a8ad5ed36d81dc169204a2cb66d""],[""east"",""b1a28b883b4633c7b55388b5b43f571e79efcd391bc0ce6bc07019b5e25d8065""],[""south"",""c667e440b35d715226d38302c0104b35b5d5764fed6125e5bcc80d08fabf1f41""],[""west"",""2767619730916a7bca7fe58275301af35dc43db33040cad9a975264954dbabb5""]]"
mc_21a49594f76d72f183ef862786009f60ebd2c5b81a444c64f366dec568475e05,BE_TABULA_11,Detached house,SFH,1971-1990,TABULA_existing,231ef175659def943b74235aceb0ef9def0e53fc195cdad7a8338fa6b54777e3,238.40000000000001,rcp_2_6,weather_2050_rcp_2_6_pvgis_2006,pvgis_2006,2006,2041-2060,1575906619,2,3985209950,central,central,42907.840066011326,729.13275924037544,179.9825506124636,3.0584427820485547,19984.700517732112,9004.4034790344504,2147.034429059363,80.975131882757552,5924,277,277,5924,0,3919.8600000008364,3500.0000000008372,8.7766238721087575e-11,2,residential_energy_demand_gate5_v1,4b5b7791539478f9b2562d1b176e235ac7b641e1afdc40c3d5242661d9dbed3d,4b5b7791539478f9b2562d1b176e235ac7b641e1afdc40c3d5242661d9dbed3d,2ad0e9f7bbdfe12695c931891fd0e8132d060fd7bcbca23623db43d4c7393a5c,561839806dcdb8279ac4e42025bc5a82751f2588a2b2066fa84637918d8e4896,2987a546cb3f48253dcdfdc400036a68d1977eddb1012f753e54eca010acedd8,73ed0728ba3aea4548919a2c599b960f1645e1842d48afd930cc90a737aecd92,a96eee14f959c7954577e91fe17d4515a9348f0431a52c4dd9b8f37b88ac9cf5,d543101e7ea78ed2ddaba45de0ca0f44ec997e73ba696c2970de54b1e75cccfc,e40ccb491db9d0ecfe8c9e8462f713cf096279ef2b219236d05222512135b242,fb59b12e82b041c59cc8a3933745a40e92c5e89aa7df64846e5855fbd3acb00e,38669e3f0e715d12f919bbd64ba6e09fbb431145f819869ebd01d20e8fde4ed0,"[[18.0,3957],[20.0,4803]]","[[26.0,8760]]","[[""north"",""002ee4e68ba2ff1e9da7eb8f1e16c441bba47a8ad5ed36d81dc169204a2cb66d""],[""east"",""b1a28b883b4633c7b55388b5b43f571e79efcd391bc0ce6bc07019b5e25d8065""],[""south"",""c667e440b35d715226d38302c0104b35b5d5764fed6125e5bcc80d08fabf1f41""],[""west"",""2767619730916a7bca7fe58275301af35dc43db33040cad9a975264954dbabb5""]]"
mc_70f738482b7bad186d015ca251d0a407ce004d06ae793086e7439bfc1581fe50,BE_TABULA_11,Detached house,SFH,1971-1990,TABULA_existing,231ef175659def943b74235aceb0ef9def0e53fc195cdad7a8338fa6b54777e3,238.40000000000001,rcp_2_6,weather_2050_rcp_2_6_pvgis_2006,pvgis_2006,2006,2041-2060,3557983481,3,99384246,central,central,43471.15274377491,745.95604115651179,182.34543936147193,3.1290102397504689,20000.118909016499,7969.2150178619713,2173.5447144855298,93.604707550812364,5988,283,283,5988,0,4056.5816666674446,3500.0000000007776,9.4587448984384537e-11,2,residential_energy_demand_gate5_v1,4b5b7791539478f9b2562d1b176e235ac7b641e1afdc40c3d5242661d9dbed3d,4b5b7791539478f9b2562d1b176e235ac7b641e1afdc40c3d5242661d9dbed3d,2ad0e9f7bbdfe12695c931891fd0e8132d060fd7bcbca23623db43d4c7393a5c,561839806dcdb8279ac4e42025bc5a82751f2588a2b2066fa84637918d8e4896,2987a546cb3f48253dcdfdc400036a68d1977eddb1012f753e54eca010acedd8,73ed0728ba3aea4548919a2c599b960f1645e1842d48afd930cc90a737aecd92,a96eee14f959c7954577e91fe17d4515a9348f0431a52c4dd9b8f37b88ac9cf5,d543101e7ea78ed2ddaba45de0ca0f44ec997e73ba696c2970de54b1e75cccfc,e40ccb491db9d0ecfe8c9e8462f713cf096279ef2b219236d05222512135b242,fb59b12e82b041c59cc8a3933745a40e92c5e89aa7df64846e5855fbd3acb00e,38669e3f0e715d12f919bbd64ba6e09fbb431145f819869ebd01d20e8fde4ed0,"[[18.0,3352],[20.0,5408]]","[[26.0,8760]]","[[""north"",""002ee4e68ba2ff1e9da7eb8f1e16c441bba47a8ad5ed36d81dc169204a2cb66d""],[""east"",""b1a28b883b4633c7b55388b5b43f571e79efcd391bc0ce6bc07019b5e25d8065""],[""south"",""c667e440b35d715226d38302c0104b35b5d5764fed6125e5bcc80d08fabf1f41""],[""west"",""2767619730916a7bca7fe58275301af35dc43db33040cad9a975264954dbabb5""]]"
mc_a20f594793abd36e7d0f4f95ffd6ca6ba618a1c1758f814bf21015ca269864a5,BE_TABULA_11,Detached house,SFH,1971-1990,TABULA_existing,231ef175659def943b74235aceb0ef9def0e53fc195cdad7a8338fa6b54777e3,238.40000000000001,rcp_2_6,weather_2050_rcp_2_6_pvgis_2006,pvgis_2006,2006,2041-2060,569801540,3,787510844,central,central,43502.156695263111,740.94138035183528,182.47548949355331,3.1079755887241411,19865.665983133738,8495.4618139506292,2189.8161749118867,87.216139225664605,6016,275,275,6016,0,4052.9766666664655,3499.9999999997995,9.0949470177292824e-11,2,residential_energy_demand_gate5_v1,4b5b7791539478f9b2562d1b176e235ac7b641e1afdc40c3d5242661d9dbed3d,4b5b7791539478f9b2562d1b176e235ac7b641e1afdc40c3d5242661d9dbed3d,2ad0e9f7bbdfe12695c931891fd0e8132d060fd7bcbca23623db43d4c7393a5c,561839806dcdb8279ac4e42025bc5a82751f2588a2b2066fa84637918d8e4896,2987a546cb3f48253dcdfdc400036a68d1977eddb1012f753e54eca010acedd8,73ed0728ba3aea4548919a2c599b960f1645e1842d48afd930cc90a737aecd92,a96eee14f959c7954577e91fe17d4515a9348f0431a52c4dd9b8f37b88ac9cf5,d543101e7ea78ed2ddaba45de0ca0f44ec997e73ba696c2970de54b1e75cccfc,e40ccb491db9d0ecfe8c9e8462f713cf096279ef2b219236d05222512135b242,fb59b12e82b041c59cc8a3933745a40e92c5e89aa7df64846e5855fbd3acb00e,38669e3f0e715d12f919bbd64ba6e09fbb431145f819869ebd01d20e8fde4ed0,"[[18.0,3320],[20.0,5440]]","[[26.0,8760]]","[[""north"",""002ee4e68ba2ff1e9da7eb8f1e16c441bba47a8ad5ed36d81dc169204a2cb66d""],[""east"",""b1a28b883b4633c7b55388b5b43f571e79efcd391bc0ce6bc07019b5e25d8065""],[""south"",""c667e440b35d715226d38302c0104b35b5d5764fed6125e5bcc80d08fabf1f41""],[""west"",""2767619730916a7bca7fe58275301af35dc43db33040cad9a975264954dbabb5""]]"
mc_9eea921db34b42bf99dc4dd3b465076825edc918bf781c46c2737df134c6b82b,BE_TABULA_11,Detached house,SFH,1971-1990,TABULA_existing,231ef175659def943b74235aceb0ef9def0e53fc195cdad7a8338fa6b54777e3,238.40000000000001,rcp_2_6,weather_2050_rcp_2_6_pvgis_2006,pvgis_2006,2006,2041-2060,2643480774,4,23282080,central,central,43579.461759731203,754.13701845324931,182.79975570357047,3.1633264196864483,19982.69960507314,8954.6939157222205,2180.8595745825755,84.216950970169052,5983,281,281,5983,0,4177.3899999994883,3499.9999999994884,9.0039975475519896e-11,2,residential_energy_demand_gate5_v1,4b5b7791539478f9b2562d1b176e235ac7b641e1afdc40c3d5242661d9dbed3d,4b5b7791539478f9b2562d1b176e235ac7b641e1afdc40c3d5242661d9dbed3d,2ad0e9f7bbdfe12695c931891fd0e8132d060fd7bcbca23623db43d4c7393a5c,561839806dcdb8279ac4e42025bc5a82751f2588a2b2066fa84637918d8e4896,2987a546cb3f48253dcdfdc400036a68d1977eddb1012f753e54eca010acedd8,73ed0728ba3aea4548919a2c599b960f1645e1842d48afd930cc90a737aecd92,a96eee14f959c7954577e91fe17d4515a9348f0431a52c4dd9b8f37b88ac9cf5,d543101e7ea78ed2ddaba45de0ca0f44ec997e73ba696c2970de54b1e75cccfc,e40ccb491db9d0ecfe8c9e8462f713cf096279ef2b219236d05222512135b242,fb59b12e82b041c59cc8a3933745a40e92c5e89aa7df64846e5855fbd3acb00e,38669e3f0e715d12f919bbd64ba6e09fbb431145f819869ebd01d20e8fde4ed0,"[[18.0,3159],[20.0,5601]]","[[26.0,8760]]","[[""north"",""002ee4e68ba2ff1e9da7eb8f1e16c441bba47a8ad5ed36d81dc169204a2cb66d""],[""east"",""b1a28b883b4633c7b55388b5b43f571e79efcd391bc0ce6bc07019b5e25d8065""],[""south"",""c667e440b35d715226d38302c0104b35b5d5764fed6125e5bcc80d08fabf1f41""],[""west"",""2767619730916a7bca7fe58275301af35dc43db33040cad9a975264954dbabb5""]]"
mc_6960523e9fed3ec29c854bdc9e26e5dc592b6b804f67f1d886ceed889aab4c15,BE_TABULA_11,Detached house,SFH,1971-1990,TABULA_existing,231ef175659def943b74235aceb0ef9def0e53fc195cdad7a8338fa6b54777e3,238.40000000000001,rcp_2_6,weather_2050_rcp_2_6_pvgis_2006,pvgis_2006,2006,2041-2060,2628022060,4,416348938,central,central,43521.801554148493,755.58944579588024,182.55789242511952,3.1694188162578869,20115.364267511395,8583.1878485863435,2163.6099140616193,88.031330447967107,5987,290,290,5987,0,4176.7366666662492,3499.9999999995816,8.3282714058441343e-11,2,residential_energy_demand_gate5_v1,4b5b7791539478f9b2562d1b176e235ac7b641e1afdc40c3d5242661d9dbed3d,4b5b7791539478f9b2562d1b176e235ac7b641e1afdc40c3d5242661d9dbed3d,2ad0e9f7bbdfe12695c931891fd0e8132d060fd7bcbca23623db43d4c7393a5c,561839806dcdb8279ac4e42025bc5a82751f2588a2b2066fa84637918d8e4896,2987a546cb3f48253dcdfdc400036a68d1977eddb1012f753e54eca010acedd8,73ed0728ba3aea4548919a2c599b960f1645e1842d48afd930cc90a737aecd92,a96eee14f959c7954577e91fe17d4515a9348f0431a52c4dd9b8f37b88ac9cf5,d543101e7ea78ed2ddaba45de0ca0f44ec997e73ba696c2970de54b1e75cccfc,e40ccb491db9d0ecfe8c9e8462f713cf096279ef2b219236d05222512135b242,fb59b12e82b041c59cc8a3933745a40e92c5e89aa7df64846e5855fbd3acb00e,38669e3f0e715d12f919bbd64ba6e09fbb431145f819869ebd01d20e8fde4ed0,"[[18.0,3179],[20.0,5581]]","[[26.0,8760]]","[[""north"",""002ee4e68ba2ff1e9da7eb8f1e16c441bba47a8ad5ed36d81dc169204a2cb66d""],[""east"",""b1a28b883b4633c7b55388b5b43f571e79efcd391bc0ce6bc07019b5e25d8065""],[""south"",""c667e440b35d715226d38302c0104b35b5d5764fed6125e5bcc80d08fabf1f41""],[""west"",""2767619730916a7bca7fe58275301af35dc43db33040cad9a975264954dbabb5""]]"
mc_f095edf996d1dda00a208e10af6331ffb3b0f4c605c148915cabaac81f018da3,BE_TABULA_11,Detached house,SFH,1971-1990,TABULA_existing,231ef175659def943b74235aceb0ef9def0e53fc195cdad7a8338fa6b54777e3,238.40000000000001,rcp_2_6,weather_2050_rcp_2_6_pvgis_2006,pvgis_2006,2006,2041-2060,4036477215,2,1803229945,central,central,43109.133375748454,751.19746887308906,180.82690174391129,3.1509960942663131,20304.712138925686,7978.166309603258,2123.1098023352397,94.156657021410851,5915,281,281,5915,0,3938.5733333331214,3499.9999999997881,8.7311491370201111e-11,2,residential_energy_demand_gate5_v1,4b5b7791539478f9b2562d1b176e235ac7b641e1afdc40c3d5242661d9dbed3d,4b5b7791539478f9b2562d1b176e235ac7b641e1afdc40c3d5242661d9dbed3d,2ad0e9f7bbdfe12695c931891fd0e8132d060fd7bcbca23623db43d4c7393a5c,561839806dcdb8279ac4e42025bc5a82751f2588a2b2066fa84637918d8e4896,2987a546cb3f48253dcdfdc400036a68d1977eddb1012f753e54eca010acedd8,73ed0728ba3aea4548919a2c599b960f1645e1842d48afd930cc90a737aecd92,a96eee14f959c7954577e91fe17d4515a9348f0431a52c4dd9b8f37b88ac9cf5,d543101e7ea78ed2ddaba45de0ca0f44ec997e73ba696c2970de54b1e75cccfc,e40ccb491db9d0ecfe8c9e8462f713cf096279ef2b219236d05222512135b242,fb59b12e82b041c59cc8a3933745a40e92c5e89aa7df64846e5855fbd3acb00e,38669e3f0e715d12f919bbd64ba6e09fbb431145f819869ebd01d20e8fde4ed0,"[[18.0,3762],[20.0,4998]]","[[26.0,8760]]","[[""north"",""002ee4e68ba2ff1e9da7eb8f1e16c441bba47a8ad5ed36d81dc169204a2cb66d""],[""east"",""b1a28b883b4633c7b55388b5b43f571e79efcd391bc0ce6bc07019b5e25d8065""],[""south"",""c667e440b35d715226d38302c0104b35b5d5764fed6125e5bcc80d08fabf1f41""],[""west"",""2767619730916a7bca7fe58275301af35dc43db33040cad9a975264954dbabb5""]]"
mc_0de266b9fd0f40fedbed57874ed3c40b50e85a7c6aee974731f4d3654dadcaea,BE_TABULA_11,Detached house,SFH,1971-1990,TABULA_existing,231ef175659def943b74235aceb0ef9def0e53fc195cdad7a8338fa6b54777e3,238.40000000000001,rcp_2_6,weather_2050_rcp_2_6_pvgis_2006,pvgis_2006,2006,2041-2060,2406248338,3,4281637363,central,central,43472.67646144372,750.0074734135801,182.35183079464647,3.1460045025737418,20234.92443471025,8711.2951876857605,2148.3982607255148,86.095977378172947,5972,288,288,5972,0,4061.6099999996618,3499.9999999996626,8.0945028457790613e-11,2,residential_energy_demand_gate5_v1,4b5b7791539478f9b2562d1b176e235ac7b641e1afdc40c3d5242661d9dbed3d,4b5b7791539478f9b2562d1b176e235ac7b641e1afdc40c3d5242661d9dbed3d,2ad0e9f7bbdfe12695c931891fd0e8132d060fd7bcbca23623db43d4c7393a5c,561839806dcdb8279ac4e42025bc5a82751f2588a2b2066fa84637918d8e4896,2987a546cb3f48253dcdfdc400036a68d1977eddb1012f753e54eca010acedd8,73ed0728ba3aea4548919a2c599b960f1645e1842d48afd930cc90a737aecd92,a96eee14f959c7954577e91fe17d4515a9348f0431a52c4dd9b8f37b88ac9cf5,d543101e7ea78ed2ddaba45de0ca0f44ec997e73ba696c2970de54b1e75cccfc,e40ccb491db9d0ecfe8c9e8462f713cf096279ef2b219236d05222512135b242,fb59b12e82b041c59cc8a3933745a40e92c5e89aa7df64846e5855fbd3acb00e,38669e3f0e715d12f919bbd64ba6e09fbb431145f819869ebd01d20e8fde4ed0,"[[18.0,3317],[20.0,5443]]","[[26.0,8760]]","[[""north"",""002ee4e68ba2ff1e9da7eb8f1e16c441bba47a8ad5ed36d81dc169204a2cb66d""],[""east"",""b1a28b883b4633c7b55388b5b43f571e79efcd391bc0ce6bc07019b5e25d8065""],[""south"",""c667e440b35d715226d38302c0104b35b5d5764fed6125e5bcc80d08fabf1f41""],[""west"",""2767619730916a7bca7fe58275301af35dc43db33040cad9a975264954dbabb5""]]"
mc_8d33e641551a5226eb0716276ddfc9ec87f3f6adddcce838c970ca5979b8ec87,BE_TABULA_11,Detached house,SFH,1971-1990,TABULA_existing,231ef175659def943b74235aceb0ef9def0e53fc195cdad7a8338fa6b54777e3,238.40000000000001,rcp_2_6,weather_2050_rcp_2_6_pvgis_2006,pvgis_2006,2006,2041-2060,2256124716,3,2406407853,central,central,43577.310422330949,760.16957823609573,182.79073163729424,3.1886307811916765,19623.208884637861,8433.1768659818972,2220.702571048188,90.140357580130882,6008,283,283,6008,0,4079.4716666664995,3499.9999999998331,9.6065377874765545e-11,2,residential_energy_demand_gate5_v1,4b5b7791539478f9b2562d1b176e235ac7b641e1afdc40c3d5242661d9dbed3d,4b5b7791539478f9b2562d1b176e235ac7b641e1afdc40c3d5242661d9dbed3d,2ad0e9f7bbdfe12695c931891fd0e8132d060fd7bcbca23623db43d4c7393a5c,561839806dcdb8279ac4e42025bc5a82751f2588a2b2066fa84637918d8e4896,2987a546cb3f48253dcdfdc400036a68d1977eddb1012f753e54eca010acedd8,73ed0728ba3aea4548919a2c599b960f1645e1842d48afd930cc90a737aecd92,a96eee14f959c7954577e91fe17d4515a9348f0431a52c4dd9b8f37b88ac9cf5,d543101e7ea78ed2ddaba45de0ca0f44ec997e73ba696c2970de54b1e75cccfc,e40ccb491db9d0ecfe8c9e8462f713cf096279ef2b219236d05222512135b242,fb59b12e82b041c59cc8a3933745a40e92c5e89aa7df64846e5855fbd3acb00e,38669e3f0e715d12f919bbd64ba6e09fbb431145f819869ebd01d20e8fde4ed0,"[[18.0,3199],[20.0,5561]]","[[26.0,8760]]","[[""north"",""002ee4e68ba2ff1e9da7eb8f1e16c441bba47a8ad5ed36d81dc169204a2cb66d""],[""east"",""b1a28b883b4633c7b55388b5b43f571e79efcd391bc0ce6bc07019b5e25d8065""],[""south"",""c667e440b35d715226d38302c0104b35b5d5764fed6125e5bcc80d08fabf1f41""],[""west"",""2767619730916a7bca7fe58275301af35dc43db33040cad9a975264954dbabb5""]]"
mc_a96093844a7bc9c17aaeec037927f89d8fe166f73a6b83dc32f6ac40d267e1aa,BE_TABULA_11,Detached house,SFH,1971-1990,TABULA_existing,231ef175659def943b74235aceb0ef9def0e53fc195cdad7a8338fa6b54777e3,238.40000000000001,rcp_2_6,weather_2050_rcp_2_6_pvgis_2006,pvgis_2006,2006,2041-2060,1716477969,4,1953031498,central,central,43648.925148444963,740.33991551346401,183.09112897837653,3.1054526657443957,20105.342661859162,8535.5738705198073,2171.0112522105455,86.735810238893535,5977,280,280,5977,0,4198.238333331441,3499.9999999981073,8.6401996668428183e-11,2,residential_energy_demand_gate5_v1,4b5b7791539478f9b2562d1b176e235ac7b641e1afdc40c3d5242661d9dbed3d,4b5b7791539478f9b2562d1b176e235ac7b641e1afdc40c3d5242661d9dbed3d,2ad0e9f7bbdfe12695c931891fd0e8132d060fd7bcbca23623db43d4c7393a5c,561839806dcdb8279ac4e42025bc5a82751f2588a2b2066fa84637918d8e4896,2987a546cb3f48253dcdfdc400036a68d1977eddb1012f753e54eca010acedd8,73ed0728ba3aea4548919a2c599b960f1645e1842d48afd930cc90a737aecd92,a96eee14f959c7954577e91fe17d4515a9348f0431a52c4dd9b8f37b88ac9cf5,d543101e7ea78ed2ddaba45de0ca0f44ec997e73ba696c2970de54b1e75cccfc,e40ccb491db9d0ecfe8c9e8462f713cf096279ef2b219236d05222512135b242,fb59b12e82b041c59cc8a3933745a40e92c5e89aa7df64846e5855fbd3acb00e,38669e3f0e715d12f919bbd64ba6e09fbb431145f819869ebd01d20e8fde4ed0,"[[18.0,3118],[20.0,5642]]","[[26.0,8760]]","[[""north"",""002ee4e68ba2ff1e9da7eb8f1e16c441bba47a8ad5ed36d81dc169204a2cb66d""],[""east"",""b1a28b883b4633c7b55388b5b43f571e79efcd391bc0ce6bc07019b5e25d8065""],[""south"",""c667e440b35d715226d38302c0104b35b5d5764fed6125e5bcc80d08fabf1f41""],[""west"",""2767619730916a7bca7fe58275301af35dc43db33040cad9a975264954dbabb5""]]"
mc_d8fcedd4600d9cc60b0ce91b0bf0dbf05c16bb7f36677119b7c10ee6497a77a5,BE_TABULA_11,Detached house,SFH,1971-1990,TABULA_existing,231ef175659def943b74235aceb0ef9def0e53fc195cdad7a8338fa6b54777e3,238.40000000000001,rcp_2_6,weather_2050_rcp_2_6_pvgis_2006,pvgis_2006,2006,2041-2060,3495331521,2,899247170,central,central,43060.737819502683,721.21751545633072,180.6239002495918,3.0252412561087696,20402.464609386672,8097.7052717402048,2110.5654950966805,89.064431373326627,5897,271,271,5897,0,3940.0200000002942,3500.0000000002942,9.5496943686157465e-11,2,residential_energy_demand_gate5_v1,4b5b7791539478f9b2562d1b176e235ac7b641e1afdc40c3d5242661d9dbed3d,4b5b7791539478f9b2562d1b176e235ac7b641e1afdc40c3d5242661d9dbed3d,2ad0e9f7bbdfe12695c931891fd0e8132d060fd7bcbca23623db43d4c7393a5c,561839806dcdb8279ac4e42025bc5a82751f2588a2b2066fa84637918d8e4896,2987a546cb3f48253dcdfdc400036a68d1977eddb1012f753e54eca010acedd8,73ed0728ba3aea4548919a2c599b960f1645e1842d48afd930cc90a737aecd92,a96eee14f959c7954577e91fe17d4515a9348f0431a52c4dd9b8f37b88ac9cf5,d543101e7ea78ed2ddaba45de0ca0f44ec997e73ba696c2970de54b1e75cccfc,e40ccb491db9d0ecfe8c9e8462f713cf096279ef2b219236d05222512135b242,fb59b12e82b041c59cc8a3933745a40e92c5e89aa7df64846e5855fbd3acb00e,38669e3f0e715d12f919bbd64ba6e09fbb431145f819869ebd01d20e8fde4ed0,"[[18.0,3830],[20.0,4930]]","[[26.0,8760]]","[[""north"",""002ee4e68ba2ff1e9da7eb8f1e16c441bba47a8ad5ed36d81dc169204a2cb66d""],[""east"",""b1a28b883b4633c7b55388b5b43f571e79efcd391bc0ce6bc07019b5e25d8065""],[""south"",""c667e440b35d715226d38302c0104b35b5d5764fed6125e5bcc80d08fabf1f41""],[""west"",""2767619730916a7bca7fe58275301af35dc43db33040cad9a975264954dbabb5""]]"
mc_75f40856a40d3e47d6910e987755387ed426d67bd8afc955a383dabef42429f3,BE_TABULA_11,Detached house,SFH,1971-1990,TABULA_existing,231ef175659def943b74235aceb0ef9def0e53fc195cdad7a8338fa6b54777e3,238.40000000000001,rcp_2_6,weather_2050_rcp_2_6_pvgis_2006,pvgis_2006,2006,2041-2060,72277458,2,3121524516,central,central,42999.427521688587,720.9574128849215,180.36672618157965,3.0241502218327243,20184.757991718845,8093.133327138351,2130.2919529344799,89.082606666983537,5974,277,277,5974,0,3926.0550000004746,3500.0000000004748,9.5951691037043929e-11,2,residential_energy_demand_gate5_v1,4b5b7791539478f9b2562d1b176e235ac7b641e1afdc40c3d5242661d9dbed3d,4b5b7791539478f9b2562d1b176e235ac7b641e1afdc40c3d5242661d9dbed3d,2ad0e9f7bbdfe12695c931891fd0e8132d060fd7bcbca23623db43d4c7393a5c,561839806dcdb8279ac4e42025bc5a82751f2588a2b2066fa84637918d8e4896,2987a546cb3f48253dcdfdc400036a68d1977eddb1012f753e54eca010acedd8,73ed0728ba3aea4548919a2c599b960f1645e1842d48afd930cc90a737aecd92,a96eee14f959c7954577e91fe17d4515a9348f0431a52c4dd9b8f37b88ac9cf5,d543101e7ea78ed2ddaba45de0ca0f44ec997e73ba696c2970de54b1e75cccfc,e40ccb491db9d0ecfe8c9e8462f713cf096279ef2b219236d05222512135b242,fb59b12e82b041c59cc8a3933745a40e92c5e89aa7df64846e5855fbd3acb00e,38669e3f0e715d12f919bbd64ba6e09fbb431145f819869ebd01d20e8fde4ed0,"[[18.0,3917],[20.0,4843]]","[[26.0,8760]]","[[""north"",""002ee4e68ba2ff1e9da7eb8f1e16c441bba47a8ad5ed36d81dc169204a2cb66d""],[""east"",""b1a28b883b4633c7b55388b5b43f571e79efcd391bc0ce6bc07019b5e25d8065""],[""south"",""c667e440b35d715226d38302c0104b35b5d5764fed6125e5bcc80d08fabf1f41""],[""west"",""2767619730916a7bca7fe58275301af35dc43db33040cad9a975264954dbabb5""]]"
mc_32b25aaa2e73d69415f983c496f3eb945a3f9e0c2dbca812aa44a7a671bbfd39,BE_TABULA_11,Detached house,SFH,1971-1990,TABULA_existing,231ef175659def943b74235aceb0ef9def0e53fc195cdad7a8338fa6b54777e3,238.40000000000001,rcp_2_6,weather_2050_rcp_2_6_pvgis_2006,pvgis_2006,2006,2041-2060,1112764345,4,1629321937,central,central,43599.553596172438,755.52365994556249,182.88403354099177,3.1691428688991716,20414.186368353308,9127.8598908670283,2135.7477985878386,82.771171882415643,6011,282,282,6011,0,4167.8816666661896,3499.999999999523,9.4928509497549385e-11,2,residential_energy_demand_gate5_v1,4b5b7791539478f9b2562d1b176e235ac7b641e1afdc40c3d5242661d9dbed3d,4b5b7791539478f9b2562d1b176e235ac7b641e1afdc40c3d5242661d9dbed3d,2ad0e9f7bbdfe12695c931891fd0e8132d060fd7bcbca23623db43d4c7393a5c,561839806dcdb8279ac4e42025bc5a82751f2588a2b2066fa84637918d8e4896,2987a546cb3f48253dcdfdc400036a68d1977eddb1012f753e54eca010acedd8,73ed0728ba3aea4548919a2c599b960f1645e1842d48afd930cc90a737aecd92,a96eee14f959c7954577e91fe17d4515a9348f0431a52c4dd9b8f37b88ac9cf5,d543101e7ea78ed2ddaba45de0ca0f44ec997e73ba696c2970de54b1e75cccfc,e40ccb491db9d0ecfe8c9e8462f713cf096279ef2b219236d05222512135b242,fb59b12e82b041c59cc8a3933745a40e92c5e89aa7df64846e5855fbd3acb00e,38669e3f0e715d12f919bbd64ba6e09fbb431145f819869ebd01d20e8fde4ed0,"[[18.0,3150],[20.0,5610]]","[[26.0,8760]]","[[""north"",""002ee4e68ba2ff1e9da7eb8f1e16c441bba47a8ad5ed36d81dc169204a2cb66d""],[""east"",""b1a28b883b4633c7b55388b5b43f571e79efcd391bc0ce6bc07019b5e25d8065""],[""south"",""c667e440b35d715226d38302c0104b35b5d5764fed6125e5bcc80d08fabf1f41""],[""west"",""2767619730916a7bca7fe58275301af35dc43db33040cad9a975264954dbabb5""]]"
mc_527d761f8192cab5383427cd34c69a2382c0a5d016189cee69bf973bf85dd48f,BE_TABULA_11,Detached house,SFH,1971-1990,TABULA_existing,231ef175659def943b74235aceb0ef9def0e53fc195cdad7a8338fa6b54777e3,238.40000000000001,rcp_2_6,weather_2050_rcp_2_6_pvgis_2006,pvgis_2006,2006,2041-2060,1434917810,4,605698252,central,central,43605.082525279788,747.58114319382275,182.90722535771724,3.1358269429271086,20543.775935283247,8308.8741026120424,2122.5446900630141,89.973820034029316,5999,289,289,5999,0,4181.3683333330691,3499.9999999997358,8.9357854449190199e-11,2,residential_energy_demand_gate5_v1,4b5b7791539478f9b2562d1b176e235ac7b641e1afdc40c3d5242661d9dbed3d,4b5b7791539478f9b2562d1b176e235ac7b641e1afdc40c3d5242661d9dbed3d,2ad0e9f7bbdfe12695c931891fd0e8132d060fd7bcbca23623db43d4c7393a5c,561839806dcdb8279ac4e42025bc5a82751f2588a2b2066fa84637918d8e4896,2987a546cb3f48253dcdfdc400036a68d1977eddb1012f753e54eca010acedd8,73ed0728ba3aea4548919a2c599b960f1645e1842d48afd930cc90a737aecd92,a96eee14f959c7954577e91fe17d4515a9348f0431a52c4dd9b8f37b88ac9cf5,d543101e7ea78ed2ddaba45de0ca0f44ec997e73ba696c2970de54b1e75cccfc,e40ccb491db9d0ecfe8c9e8462f713cf096279ef2b219236d05222512135b242,fb59b12e82b041c59cc8a3933745a40e92c5e89aa7df64846e5855fbd3acb00e,38669e3f0e715d12f919bbd64ba6e09fbb431145f819869ebd01d20e8fde4ed0,"[[18.0,3184],[20.0,5576]]","[[26.0,8760]]","[[""north"",""002ee4e68ba2ff1e9da7eb8f1e16c441bba47a8ad5ed36d81dc169204a2cb66d""],[""east"",""b1a28b883b4633c7b55388b5b43f571e79efcd391bc0ce6bc07019b5e25d8065""],[""south"",""c667e440b35d715226d38302c0104b35b5d5764fed6125e5bcc80d08fabf1f41""],[""west"",""2767619730916a7bca7fe58275301af35dc43db33040cad9a975264954dbabb5""]]"
mc_14e7856499017cc8c69a81bc2f591a75b01faabff74040a5a4f0b6b6f545afac,BE_TABULA_11,Detached house,SFH,1971-1990,TABULA_existing,231ef175659def943b74235aceb0ef9def0e53fc195cdad7a8338fa6b54777e3,238.40000000000001,rcp_2_6,weather_2050_rcp_2_6_pvgis_2006,pvgis_2006,2006,2041-2060,1707735972,3,2494229307,central,central,43504.074902589302,732.92490372116265,182.48353566522357,3.0743494283605814,20042.21206028483,8816.6690327274882,2170.6224229009099,83.129456374118661,5982,281,281,5982,0,4055.4033333328766,3499.9999999995434,7.9126039054244757e-11,2,residential_energy_demand_gate5_v1,4b5b7791539478f9b2562d1b176e235ac7b641e1afdc40c3d5242661d9dbed3d,4b5b7791539478f9b2562d1b176e235ac7b641e1afdc40c3d5242661d9dbed3d,2ad0e9f7bbdfe12695c931891fd0e8132d060fd7bcbca23623db43d4c7393a5c,561839806dcdb8279ac4e42025bc5a82751f2588a2b2066fa84637918d8e4896,2987a546cb3f48253dcdfdc400036a68d1977eddb1012f753e54eca010acedd8,73ed0728ba3aea4548919a2c599b960f1645e1842d48afd930cc90a737aecd92,a96eee14f959c7954577e91fe17d4515a9348f0431a52c4dd9b8f37b88ac9cf5,d543101e7ea78ed2ddaba45de0ca0f44ec997e73ba696c2970de54b1e75cccfc,e40ccb491db9d0ecfe8c9e8462f713cf096279ef2b219236d05222512135b242,fb59b12e82b041c59cc8a3933745a40e92c5e89aa7df64846e5855fbd3acb00e,38669e3f0e715d12f919bbd64ba6e09fbb431145f819869ebd01d20e8fde4ed0,"[[18.0,3330],[20.0,5430]]","[[26.0,8760]]","[[""north"",""002ee4e68ba2ff1e9da7eb8f1e16c441bba47a8ad5ed36d81dc169204a2cb66d""],[""east"",""b1a28b883b4633c7b55388b5b43f571e79efcd391bc0ce6bc07019b5e25d8065""],[""south"",""c667e440b35d715226d38302c0104b35b5d5764fed6125e5bcc80d08fabf1f41""],[""west"",""2767619730916a7bca7fe58275301af35dc43db33040cad9a975264954dbabb5""]]"
mc_a925452232d6afa92c3ca246af84b575a72187f4645f45d0b89b9669cfbe404b,BE_TABULA_11,Detached house,SFH,1971-1990,TABULA_existing,231ef175659def943b74235aceb0ef9def0e53fc195cdad7a8338fa6b54777e3,238.40000000000001,rcp_2_6,weather_2050_rcp_2_6_pvgis_2006,pvgis_2006,2006,2041-2060,1203242319,3,365613225,central,central,43453.004804891156,759.32037652014685,182.26931545675819,3.1850686934569916,20154.187968259492,9026.2479249035969,2156.0285571080608,84.123589650708226,5950,296,296,5950,0,4048.7300000004452,3500.0000000004457,9.2427399067673832e-11,2,residential_energy_demand_gate5_v1,4b5b7791539478f9b2562d1b176e235ac7b641e1afdc40c3d5242661d9dbed3d,4b5b7791539478f9b2562d1b176e235ac7b641e1afdc40c3d5242661d9dbed3d,2ad0e9f7bbdfe12695c931891fd0e8132d060fd7bcbca23623db43d4c7393a5c,561839806dcdb8279ac4e42025bc5a82751f2588a2b2066fa84637918d8e4896,2987a546cb3f48253dcdfdc400036a68d1977eddb1012f753e54eca010acedd8,73ed0728ba3aea4548919a2c599b960f1645e1842d48afd930cc90a737aecd92,a96eee14f959c7954577e91fe17d4515a9348f0431a52c4dd9b8f37b88ac9cf5,d543101e7ea78ed2ddaba45de0ca0f44ec997e73ba696c2970de54b1e75cccfc,e40ccb491db9d0ecfe8c9e8462f713cf096279ef2b219236d05222512135b242,fb59b12e82b041c59cc8a3933745a40e92c5e89aa7df64846e5855fbd3acb00e,38669e3f0e715d12f919bbd64ba6e09fbb431145f819869ebd01d20e8fde4ed0,"[[18.0,3363],[20.0,5397]]","[[26.0,8760]]","[[""north"",""002ee4e68ba2ff1e9da7eb8f1e16c441bba47a8ad5ed36d81dc169204a2cb66d""],[""east"",""b1a28b883b4633c7b55388b5b43f571e79efcd391bc0ce6bc07019b5e25d8065""],[""south"",""c667e440b35d715226d38302c0104b35b5d5764fed6125e5bcc80d08fabf1f41""],[""west"",""2767619730916a7bca7fe58275301af35dc43db33040cad9a975264954dbabb5""]]"
mc_c5f16472f0da751a769c64d82067015812a0a535596c12c41516cd2831962223,BE_TABULA_11,Detached house,SFH,1971-1990,TABULA_existing,231ef175659def943b74235aceb0ef9def0e53fc195cdad7a8338fa6b54777e3,238.40000000000001,rcp_2_6,weather_2050_rcp_2_6_pvgis_2006,pvgis_2006,2006,2041-2060,257542045,4,1896891077,central,central,43574.829387755191,755.81594331266467,182.78032461306708,3.1703688897343314,20562.412132428944,9116.6438878424142,2119.1496944579476,82.905063816366692,5989,293,293,5989,0,4176.9350000003906,3500.0000000003902,9.0039975475519896e-11,2,residential_energy_demand_gate5_v1,4b5b7791539478f9b2562d1b176e235ac7b641e1afdc40c3d5242661d9dbed3d,4b5b7791539478f9b2562d1b176e235ac7b641e1afdc40c3d5242661d9dbed3d,2ad0e9f7bbdfe12695c931891fd0e8132d060fd7bcbca23623db43d4c7393a5c,561839806dcdb8279ac4e42025bc5a82751f2588a2b2066fa84637918d8e4896,2987a546cb3f48253dcdfdc400036a68d1977eddb1012f753e54eca010acedd8,73ed0728ba3aea4548919a2c599b960f1645e1842d48afd930cc90a737aecd92,a96eee14f959c7954577e91fe17d4515a9348f0431a52c4dd9b8f37b88ac9cf5,d543101e7ea78ed2ddaba45de0ca0f44ec997e73ba696c2970de54b1e75cccfc,e40ccb491db9d0ecfe8c9e8462f713cf096279ef2b219236d05222512135b242,fb59b12e82b041c59cc8a3933745a40e92c5e89aa7df64846e5855fbd3acb00e,38669e3f0e715d12f919bbd64ba6e09fbb431145f819869ebd01d20e8fde4ed0,"[[18.0,3165],[20.0,5595]]","[[26.0,8760]]","[[""north"",""002ee4e68ba2ff1e9da7eb8f1e16c441bba47a8ad5ed36d81dc169204a2cb66d""],[""east"",""b1a28b883b4633c7b55388b5b43f571e79efcd391bc0ce6bc07019b5e25d8065""],[""south"",""c667e440b35d715226d38302c0104b35b5d5764fed6125e5bcc80d08fabf1f41""],[""west"",""2767619730916a7bca7fe58275301af35dc43db33040cad9a975264954dbabb5""]]"
mc_c27c60a309fb4308ee55d0cc857aa2cd9b3b82b884376855c8a6c3ffe4bd61a7,BE_TABULA_11,Detached house,SFH,1971-1990,TABULA_existing,231ef175659def943b74235aceb0ef9def0e53fc195cdad7a8338fa6b54777e3,238.40000000000001,rcp_2_6,weather_2050_rcp_2_6_pvgis_2006,pvgis_2006,2006,2041-2060,1750314948,1,3931488156,central,central,42439.140588857066,728.8290066915871,178.0165293156756,3.0571686522298114,19949.736894549504,8988.68533549534,2127.3032728793496,81.082936991188319,5895,274,274,5895,0,3734.6400000010067,3500.0000000010073,9.822542779147625e-11,2,residential_energy_demand_gate5_v1,4b5b7791539478f9b2562d1b176e235ac7b641e1afdc40c3d5242661d9dbed3d,4b5b7791539478f9b2562d1b176e235ac7b641e1afdc40c3d5242661d9dbed3d,2ad0e9f7bbdfe12695c931891fd0e8132d060fd7bcbca23623db43d4c7393a5c,561839806dcdb8279ac4e42025bc5a82751f2588a2b2066fa84637918d8e4896,2987a546cb3f48253dcdfdc400036a68d1977eddb1012f753e54eca010acedd8,73ed0728ba3aea4548919a2c599b960f1645e1842d48afd930cc90a737aecd92,a96eee14f959c7954577e91fe17d4515a9348f0431a52c4dd9b8f37b88ac9cf5,d543101e7ea78ed2ddaba45de0ca0f44ec997e73ba696c2970de54b1e75cccfc,e40ccb491db9d0ecfe8c9e8462f713cf096279ef2b219236d05222512135b242,fb59b12e82b041c59cc8a3933745a40e92c5e89aa7df64846e5855fbd3acb00e,38669e3f0e715d12f919bbd64ba6e09fbb431145f819869ebd01d20e8fde4ed0,"[[18.0,4549],[20.0,4211]]","[[26.0,8760]]","[[""north"",""002ee4e68ba2ff1e9da7eb8f1e16c441bba47a8ad5ed36d81dc169204a2cb66d""],[""east"",""b1a28b883b4633c7b55388b5b43f571e79efcd391bc0ce6bc07019b5e25d8065""],[""south"",""c667e440b35d715226d38302c0104b35b5d5764fed6125e5bcc80d08fabf1f41""],[""west"",""2767619730916a7bca7fe58275301af35dc43db33040cad9a975264954dbabb5""]]"
mc_b3e1eca5754ef319913cb58471bfa59cde65a75be2ea2f8f5e69b7ee75da9988,BE_TABULA_11,Detached house,SFH,1971-1990,TABULA_existing,231ef175659def943b74235aceb0ef9def0e53fc195cdad7a8338fa6b54777e3,238.40000000000001,rcp_2_6,weather_2050_rcp_2_6_pvgis_2006,pvgis_2006,2006,2041-2060,2401247500,2,2178812215,central,central,43151.935820798702,724.56536868107537,181.00644220133682,3.0392842646018261,20198.471898392865,8255.616905361474,2136.396061933387,87.766350714568446,5959,273,273,5959,0,3944.4416666662505,3499.9999999995848,8.2536644185893238e-11,2,residential_energy_demand_gate5_v1,4b5b7791539478f9b2562d1b176e235ac7b641e1afdc40c3d5242661d9dbed3d,4b5b7791539478f9b2562d1b176e235ac7b641e1afdc40c3d5242661d9dbed3d,2ad0e9f7bbdfe12695c931891fd0e8132d060fd7bcbca23623db43d4c7393a5c,561839806dcdb8279ac4e42025bc5a82751f2588a2b2066fa84637918d8e4896,2987a546cb3f48253dcdfdc400036a68d1977eddb1012f753e54eca010acedd8,73ed0728ba3aea4548919a2c599b960f1645e1842d48afd930cc90a737aecd92,a96eee14f959c7954577e91fe17d4515a9348f0431a52c4dd9b8f37b88ac9cf5,d543101e7ea78ed2ddaba45de0ca0f44ec997e73ba696c2970de54b1e75cccfc,e40ccb491db9d0ecfe8c9e8462f713cf096279ef2b219236d05222512135b242,fb59b12e82b041c59cc8a3933745a40e92c5e89aa7df64846e5855fbd3acb00e,38669e3f0e715d12f919bbd64ba6e09fbb431145f819869ebd01d20e8fde4ed0,"[[18.0,3739],[20.0,5021]]","[[26.0,8760]]","[[""north"",""002ee4e68ba2ff1e9da7eb8f1e16c441bba47a8ad5ed36d81dc169204a2cb66d""],[""east"",""b1a28b883b4633c7b55388b5b43f571e79efcd391bc0ce6bc07019b5e25d8065""],[""south"",""c667e440b35d715226d38302c0104b35b5d5764fed6125e5bcc80d08fabf1f41""],[""west"",""2767619730916a7bca7fe58275301af35dc43db33040cad9a975264954dbabb5""]]"
mc_85ea62615391571fc3629983fa7a9297795a353c2e36f72c90c669677e47df66,BE_TABULA_11,Detached house,SFH,1971-1990,TABULA_existing,231ef175659def943b74235aceb0ef9def0e53fc195cdad7a8338fa6b54777e3,238.40000000000001,rcp_2_6,weather_2050_rcp_2_6_pvgis_2006,pvgis_2006,2006,2041-2060,1109499996,2,2149108299,central,central,43211.093549933656,730.11697151413523,181.25458703831231,3.0625711892371443,20165.869168802354,8051.9705806706697,2142.7835908398861,90.675563726826468,5930,285,285,5930,0,3950.8816666665725,3499.9999999999059,8.276401786133647e-11,2,residential_energy_demand_gate5_v1,4b5b7791539478f9b2562d1b176e235ac7b641e1afdc40c3d5242661d9dbed3d,4b5b7791539478f9b2562d1b176e235ac7b641e1afdc40c3d5242661d9dbed3d,2ad0e9f7bbdfe12695c931891fd0e8132d060fd7bcbca23623db43d4c7393a5c,561839806dcdb8279ac4e42025bc5a82751f2588a2b2066fa84637918d8e4896,2987a546cb3f48253dcdfdc400036a68d1977eddb1012f753e54eca010acedd8,73ed0728ba3aea4548919a2c599b960f1645e1842d48afd930cc90a737aecd92,a96eee14f959c7954577e91fe17d4515a9348f0431a52c4dd9b8f37b88ac9cf5,d543101e7ea78ed2ddaba45de0ca0f44ec997e73ba696c2970de54b1e75cccfc,e40ccb491db9d0ecfe8c9e8462f713cf096279ef2b219236d05222512135b242,fb59b12e82b041c59cc8a3933745a40e92c5e89aa7df64846e5855fbd3acb00e,38669e3f0e715d12f919bbd64ba6e09fbb431145f819869ebd01d20e8fde4ed0,"[[18.0,3648],[20.0,5112]]","[[26.0,8760]]","[[""north"",""002ee4e68ba2ff1e9da7eb8f1e16c441bba47a8ad5ed36d81dc169204a2cb66d""],[""east"",""b1a28b883b4633c7b55388b5b43f571e79efcd391bc0ce6bc07019b5e25d8065""],[""south"",""c667e440b35d715226d38302c0104b35b5d5764fed6125e5bcc80d08fabf1f41""],[""west"",""2767619730916a7bca7fe58275301af35dc43db33040cad9a975264954dbabb5""]]"
mc_9fbbff8f60a05dc8d04bbd9538d56eb08dfc1865ec4761a9860bdce03195b8dc,BE_TABULA_11,Detached house,SFH,1971-1990,TABULA_existing,231ef175659def943b74235aceb0ef9def0e53fc195cdad7a8338fa6b54777e3,238.40000000000001,rcp_2_6,weather_2050_rcp_2_6_pvgis_2006,pvgis_2006,2006,2041-2060,3243227553,3,3783601543,central,central,43509.321415124461,750.71670421236831,182.50554284867641,3.1489794639780548,20334.003718002288,8701.4584297887504,2139.7321461392467,86.274813615422147,6008,281,281,6008,0,4062.0183333325253,3499.9999999991919,8.6401996668428183e-11,2,residential_energy_demand_gate5_v1,4b5b7791539478f9b2562d1b176e235ac7b641e1afdc40c3d5242661d9dbed3d,4b5b7791539478f9b2562d1b176e235ac7b641e1afdc40c3d5242661d9dbed3d,2ad0e9f7bbdfe12695c931891fd0e8132d060fd7bcbca23623db43d4c7393a5c,561839806dcdb8279ac4e42025bc5a82751f2588a2b2066fa84637918d8e4896,2987a546cb3f48253dcdfdc400036a68d1977eddb1012f753e54eca010acedd8,73ed0728ba3aea4548919a2c599b960f1645e1842d48afd930cc90a737aecd92,a96eee14f959c7954577e91fe17d4515a9348f0431a52c4dd9b8f37b88ac9cf5,d543101e7ea78ed2ddaba45de0ca0f44ec997e73ba696c2970de54b1e75cccfc,e40ccb491db9d0ecfe8c9e8462f713cf096279ef2b219236d05222512135b242,fb59b12e82b041c59cc8a3933745a40e92c5e89aa7df64846e5855fbd3acb00e,38669e3f0e715d12f919bbd64ba6e09fbb431145f819869ebd01d20e8fde4ed0,"[[18.0,3303],[20.0,5457]]","[[26.0,8760]]","[[""north"",""002ee4e68ba2ff1e9da7eb8f1e16c441bba47a8ad5ed36d81dc169204a2cb66d""],[""east"",""b1a28b883b4633c7b55388b5b43f571e79efcd391bc0ce6bc07019b5e25d8065""],[""south"",""c667e440b35d715226d38302c0104b35b5d5764fed6125e5bcc80d08fabf1f41""],[""west"",""2767619730916a7bca7fe58275301af35dc43db33040cad9a975264954dbabb5""]]"
mc_c48ea4594d71f498af44c83b3a7903a4c234251820dd7456de52be6c7a1a26ae,BE_TABULA_11,Detached house,SFH,1971-1990,TABULA_existing,231ef175659def943b74235aceb0ef9def0e53fc195cdad7a8338fa6b54777e3,238.40000000000001,rcp_2_6,weather_2050_rcp_2_6_pvgis_2006,pvgis_2006,2006,2041-2060,3434026444,1,580808,central,central,42395.066672915855,728.80074073545575,177.83165550719738,3.0570500869775827,19854.219610020853,7977.1502288301608,2135.3177060415987,91.36103994901616,5854,272,272,5854,0,3733.0416666661745,3499.9999999995075,9.0835783339571208e-11,2,residential_energy_demand_gate5_v1,4b5b7791539478f9b2562d1b176e235ac7b641e1afdc40c3d5242661d9dbed3d,4b5b7791539478f9b2562d1b176e235ac7b641e1afdc40c3d5242661d9dbed3d,2ad0e9f7bbdfe12695c931891fd0e8132d060fd7bcbca23623db43d4c7393a5c,561839806dcdb8279ac4e42025bc5a82751f2588a2b2066fa84637918d8e4896,2987a546cb3f48253dcdfdc400036a68d1977eddb1012f753e54eca010acedd8,73ed0728ba3aea4548919a2c599b960f1645e1842d48afd930cc90a737aecd92,a96eee14f959c7954577e91fe17d4515a9348f0431a52c4dd9b8f37b88ac9cf5,d543101e7ea78ed2ddaba45de0ca0f44ec997e73ba696c2970de54b1e75cccfc,e40ccb491db9d0ecfe8c9e8462f713cf096279ef2b219236d05222512135b242,fb59b12e82b041c59cc8a3933745a40e92c5e89aa7df64846e5855fbd3acb00e,38669e3f0e715d12f919bbd64ba6e09fbb431145f819869ebd01d20e8fde4ed0,"[[18.0,4609],[20.0,4151]]","[[26.0,8760]]","[[""north"",""002ee4e68ba2ff1e9da7eb8f1e16c441bba47a8ad5ed36d81dc169204a2cb66d""],[""east"",""b1a28b883b4633c7b55388b5b43f571e79efcd391bc0ce6bc07019b5e25d8065""],[""south"",""c667e440b35d715226d38302c0104b35b5d5764fed6125e5bcc80d08fabf1f41""],[""west"",""2767619730916a7bca7fe58275301af35dc43db33040cad9a975264954dbabb5""]]"
mc_85d94292929351c4287db8db341cd0654c4c6c33b1d58c0f62df0cb234f90dd6,BE_TABULA_11,Detached house,SFH,1971-1990,TABULA_existing,231ef175659def943b74235aceb0ef9def0e53fc195cdad7a8338fa6b54777e3,238.40000000000001,rcp_2_6,weather_2050_rcp_2_6_pvgis_2006,pvgis_2006,2006,2041-2060,586221574,1,2222624595,central,central,42311.324335283483,727.45739960320236,177.48038731243071,3.0514152667919561,20479.016664887364,7902.6535281443375,2066.0818352586753,92.052295727308746,5850,272,272,5850,0,3731.0233333333053,3499.9999999999727,9.0579987954697572e-11,2,residential_energy_demand_gate5_v1,4b5b7791539478f9b2562d1b176e235ac7b641e1afdc40c3d5242661d9dbed3d,4b5b7791539478f9b2562d1b176e235ac7b641e1afdc40c3d5242661d9dbed3d,2ad0e9f7bbdfe12695c931891fd0e8132d060fd7bcbca23623db43d4c7393a5c,561839806dcdb8279ac4e42025bc5a82751f2588a2b2066fa84637918d8e4896,2987a546cb3f48253dcdfdc400036a68d1977eddb1012f753e54eca010acedd8,73ed0728ba3aea4548919a2c599b960f1645e1842d48afd930cc90a737aecd92,a96eee14f959c7954577e91fe17d4515a9348f0431a52c4dd9b8f37b88ac9cf5,d543101e7ea78ed2ddaba45de0ca0f44ec997e73ba696c2970de54b1e75cccfc,e40ccb491db9d0ecfe8c9e8462f713cf096279ef2b219236d05222512135b242,fb59b12e82b041c59cc8a3933745a40e92c5e89aa7df64846e5855fbd3acb00e,38669e3f0e715d12f919bbd64ba6e09fbb431145f819869ebd01d20e8fde4ed0,"[[18.0,4628],[20.0,4132]]","[[26.0,8760]]","[[""north"",""002ee4e68ba2ff1e9da7eb8f1e16c441bba47a8ad5ed36d81dc169204a2cb66d""],[""east"",""b1a28b883b4633c7b55388b5b43f571e79efcd391bc0ce6bc07019b5e25d8065""],[""south"",""c667e440b35d715226d38302c0104b35b5d5764fed6125e5bcc80d08fabf1f41""],[""west"",""2767619730916a7bca7fe58275301af35dc43db33040cad9a975264954dbabb5""]]"
mc_eaa9e1b3df18bec0ce145b14dcba2a93277215b885b4bf62ea2d774d5fc13eef,BE_TABULA_11,Detached house,SFH,1971-1990,TABULA_existing,231ef175659def943b74235aceb0ef9def0e53fc195cdad7a8338fa6b54777e3,238.40000000000001,rcp_2_6,weather_2050_rcp_2_6_pvgis_2006,pvgis_2006,2006,2041-2060,1790489491,3,3792273481,central,central,43480.285911355764,746.63973052051654,182.38374962817014,3.1318780642639115,20156.306310072268,8500.4586162195628,2157.15544517342,87.835229159973494,5977,285,285,5977,0,4060.5250000006881,3500.000000000688,9.3223206931725144e-11,2,residential_energy_demand_gate5_v1,4b5b7791539478f9b2562d1b176e235ac7b641e1afdc40c3d5242661d9dbed3d,4b5b7791539478f9b2562d1b176e235ac7b641e1afdc40c3d5242661d9dbed3d,2ad0e9f7bbdfe12695c931891fd0e8132d060fd7bcbca23623db43d4c7393a5c,561839806dcdb8279ac4e42025bc5a82751f2588a2b2066fa84637918d8e4896,2987a546cb3f48253dcdfdc400036a68d1977eddb1012f753e54eca010acedd8,73ed0728ba3aea4548919a2c599b960f1645e1842d48afd930cc90a737aecd92,a96eee14f959c7954577e91fe17d4515a9348f0431a52c4dd9b8f37b88ac9cf5,d543101e7ea78ed2ddaba45de0ca0f44ec997e73ba696c2970de54b1e75cccfc,e40ccb491db9d0ecfe8c9e8462f713cf096279ef2b219236d05222512135b242,fb59b12e82b041c59cc8a3933745a40e92c5e89aa7df64846e5855fbd3acb00e,38669e3f0e715d12f919bbd64ba6e09fbb431145f819869ebd01d20e8fde4ed0,"[[18.0,3335],[20.0,5425]]","[[26.0,8760]]","[[""north"",""002ee4e68ba2ff1e9da7eb8f1e16c441bba47a8ad5ed36d81dc169204a2cb66d""],[""east"",""b1a28b883b4633c7b55388b5b43f571e79efcd391bc0ce6bc07019b5e25d8065""],[""south"",""c667e440b35d715226d38302c0104b35b5d5764fed6125e5bcc80d08fabf1f41""],[""west"",""2767619730916a7bca7fe58275301af35dc43db33040cad9a975264954dbabb5""]]"
mc_e3b4d8e3a43a207644728f921670caacd0c1c860c4a9115887731d46f3bfcea7,BE_TABULA_11,Detached house,SFH,1971-1990,TABULA_existing,231ef175659def943b74235aceb0ef9def0e53fc195cdad7a8338fa6b54777e3,238.40000000000001,rcp_2_6,weather_2050_rcp_2_6_pvgis_2006,pvgis_2006,2006,2041-2060,3286000813,3,440025546,central,central,43369.846928750543,755.15410047355658,181.92049886220866,3.167592703328677,19962.020359517515,8834.7424900830229,2172.6181091721319,85.475507783188391,5929,282,282,5929,0,4042.8150000001251,3500.0000000001251,9.0722096501849592e-11,2,residential_energy_demand_gate5_v1,4b5b7791539478f9b2562d1b176e235ac7b641e1afdc40c3d5242661d9dbed3d,4b5b7791539478f9b2562d1b176e235ac7b641e1afdc40c3d5242661d9dbed3d,2ad0e9f7bbdfe12695c931891fd0e8132d060fd7bcbca23623db43d4c7393a5c,561839806dcdb8279ac4e42025bc5a82751f2588a2b2066fa84637918d8e4896,2987a546cb3f48253dcdfdc400036a68d1977eddb1012f753e54eca010acedd8,73ed0728ba3aea4548919a2c599b960f1645e1842d48afd930cc90a737aecd92,a96eee14f959c7954577e91fe17d4515a9348f0431a52c4dd9b8f37b88ac9cf5,d543101e7ea78ed2ddaba45de0ca0f44ec997e73ba696c2970de54b1e75cccfc,e40ccb491db9d0ecfe8c9e8462f713cf096279ef2b219236d05222512135b242,fb59b12e82b041c59cc8a3933745a40e92c5e89aa7df64846e5855fbd3acb00e,38669e3f0e715d12f919bbd64ba6e09fbb431145f819869ebd01d20e8fde4ed0,"[[18.0,3413],[20.0,5347]]","[[26.0,8760]]","[[""north"",""002ee4e68ba2ff1e9da7eb8f1e16c441bba47a8ad5ed36d81dc169204a2cb66d""],[""east"",""b1a28b883b4633c7b55388b5b43f571e79efcd391bc0ce6bc07019b5e25d8065""],[""south"",""c667e440b35d715226d38302c0104b35b5d5764fed6125e5bcc80d08fabf1f41""],[""west"",""2767619730916a7bca7fe58275301af35dc43db33040cad9a975264954dbabb5""]]"
mc_78de8b2ac018cb593b4f8149d3725013e4f464f4c690c4f2776a9f0167dac9e9,BE_TABULA_11,Detached house,SFH,1971-1990,TABULA_existing,231ef175659def943b74235aceb0ef9def0e53fc195cdad7a8338fa6b54777e3,238.40000000000001,rcp_2_6,weather_2050_rcp_2_6_pvgis_2006,pvgis_2006,2006,2041-2060,3422917158,4,4221923420,central,central,43578.695531381847,746.82386234751266,182.79654165848089,3.1326504293100363,20239.606952861912,9098.0121346020969,2153.1394178195615,82.086487828165019,5961,284,284,5961,0,4167.6950000000588,3500.0000000000591,8.5492501966655254e-11,2,residential_energy_demand_gate5_v1,4b5b7791539478f9b2562d1b176e235ac7b641e1afdc40c3d5242661d9dbed3d,4b5b7791539478f9b2562d1b176e235ac7b641e1afdc40c3d5242661d9dbed3d,2ad0e9f7bbdfe12695c931891fd0e8132d060fd7bcbca23623db43d4c7393a5c,561839806dcdb8279ac4e42025bc5a82751f2588a2b2066fa84637918d8e4896,2987a546cb3f48253dcdfdc400036a68d1977eddb1012f753e54eca010acedd8,73ed0728ba3aea4548919a2c599b960f1645e1842d48afd930cc90a737aecd92,a96eee14f959c7954577e91fe17d4515a9348f0431a52c4dd9b8f37b88ac9cf5,d543101e7ea78ed2ddaba45de0ca0f44ec997e73ba696c2970de54b1e75cccfc,e40ccb491db9d0ecfe8c9e8462f713cf096279ef2b219236d05222512135b242,fb59b12e82b041c59cc8a3933745a40e92c5e89aa7df64846e5855fbd3acb00e,38669e3f0e715d12f919bbd64ba6e09fbb431145f819869ebd01d20e8fde4ed0,"[[18.0,3224],[20.0,5536]]","[[26.0,8760]]","[[""north"",""002ee4e68ba2ff1e9da7eb8f1e16c441bba47a8ad5ed36d81dc169204a2cb66d""],[""east"",""b1a28b883b4633c7b55388b5b43f571e79efcd391bc0ce6bc07019b5e25d8065""],[""south"",""c667e440b35d715226d38302c0104b35b5d5764fed6125e5bcc80d08fabf1f41""],[""west"",""2767619730916a7bca7fe58275301af35dc43db33040cad9a975264954dbabb5""]]"
mc_8adafa5029368a483ebb9eb6c536ce9c3663f22ac2d40a34a4c7f1a9447dc838,BE_TABULA_11,Detached house,SFH,1971-1990,TABULA_existing,231ef175659def943b74235aceb0ef9def0e53fc195cdad7a8338fa6b54777e3,238.40000000000001,rcp_2_6,weather_2050_rcp_2_6_pvgis_2006,pvgis_2006,2006,2041-2060,2634905433,2,1721980304,central,central,43200.011028355992,747.10923825103919,181.20809995115769,3.1338474758852315,19868.216809309244,8703.3880691476097,2174.3275424755102,85.841195671768929,5914,283,283,5914,0,3949.2133333330021,3499.9999999996685,9.7315933089703321e-11,2,residential_energy_demand_gate5_v1,4b5b7791539478f9b2562d1b176e235ac7b641e1afdc40c3d5242661d9dbed3d,4b5b7791539478f9b2562d1b176e235ac7b641e1afdc40c3d5242661d9dbed3d,2ad0e9f7bbdfe12695c931891fd0e8132d060fd7bcbca23623db43d4c7393a5c,561839806dcdb8279ac4e42025bc5a82751f2588a2b2066fa84637918d8e4896,2987a546cb3f48253dcdfdc400036a68d1977eddb1012f753e54eca010acedd8,73ed0728ba3aea4548919a2c599b960f1645e1842d48afd930cc90a737aecd92,a96eee14f959c7954577e91fe17d4515a9348f0431a52c4dd9b8f37b88ac9cf5,d543101e7ea78ed2ddaba45de0ca0f44ec997e73ba696c2970de54b1e75cccfc,e40ccb491db9d0ecfe8c9e8462f713cf096279ef2b219236d05222512135b242,fb59b12e82b041c59cc8a3933745a40e92c5e89aa7df64846e5855fbd3acb00e,38669e3f0e715d12f919bbd64ba6e09fbb431145f819869ebd01d20e8fde4ed0,"[[18.0,3738],[20.0,5022]]","[[26.0,8760]]","[[""north"",""002ee4e68ba2ff1e9da7eb8f1e16c441bba47a8ad5ed36d81dc169204a2cb66d""],[""east"",""b1a28b883b4633c7b55388b5b43f571e79efcd391bc0ce6bc07019b5e25d8065""],[""south"",""c667e440b35d715226d38302c0104b35b5d5764fed6125e5bcc80d08fabf1f41""],[""west"",""2767619730916a7bca7fe58275301af35dc43db33040cad9a975264954dbabb5""]]"
mc_7e7a2b109cbafe3758546ba5d6bd65dc62eda4aab207942b21bbc21e99d4fcea,BE_TABULA_11,Detached house,SFH,1971-1990,TABULA_existing,231ef175659def943b74235aceb0ef9def0e53fc195cdad7a8338fa6b54777e3,238.40000000000001,rcp_2_6,weather_2050_rcp_2_6_pvgis_2006,pvgis_2006,2006,2041-2060,3836208712,2,65169178,central,central,43044.572526805401,736.88195412640164,180.55609281378105,3.0909477941543693,20661.291745097544,8489.3850726686833,2083.3437259322814,86.800392233210232,5883,283,283,5883,0,3935.5400000007999,3500.0000000007994,8.9130480773746967e-11,2,residential_energy_demand_gate5_v1,4b5b7791539478f9b2562d1b176e235ac7b641e1afdc40c3d5242661d9dbed3d,4b5b7791539478f9b2562d1b176e235ac7b641e1afdc40c3d5242661d9dbed3d,2ad0e9f7bbdfe12695c931891fd0e8132d060fd7bcbca23623db43d4c7393a5c,561839806dcdb8279ac4e42025bc5a82751f2588a2b2066fa84637918d8e4896,2987a546cb3f48253dcdfdc400036a68d1977eddb1012f753e54eca010acedd8,73ed0728ba3aea4548919a2c599b960f1645e1842d48afd930cc90a737aecd92,a96eee14f959c7954577e91fe17d4515a9348f0431a52c4dd9b8f37b88ac9cf5,d543101e7ea78ed2ddaba45de0ca0f44ec997e73ba696c2970de54b1e75cccfc,e40ccb491db9d0ecfe8c9e8462f713cf096279ef2b219236d05222512135b242,fb59b12e82b041c59cc8a3933745a40e92c5e89aa7df64846e5855fbd3acb00e,38669e3f0e715d12f919bbd64ba6e09fbb431145f819869ebd01d20e8fde4ed0,"[[18.0,3852],[20.0,4908]]","[[26.0,8760]]","[[""north"",""002ee4e68ba2ff1e9da7eb8f1e16c441bba47a8ad5ed36d81dc169204a2cb66d""],[""east"",""b1a28b883b4633c7b55388b5b43f571e79efcd391bc0ce6bc07019b5e25d8065""],[""south"",""c667e440b35d715226d38302c0104b35b5d5764fed6125e5bcc80d08fabf1f41""],[""west"",""2767619730916a7bca7fe58275301af35dc43db33040cad9a975264954dbabb5""]]"
mc_f99e4c77dbfa8fa7a7cb53cab40e128ec90ebb8539f08b74a8519e214ac69934,BE_TABULA_11,Detached house,SFH,1971-1990,TABULA_existing,231ef175659def943b74235aceb0ef9def0e53fc195cdad7a8338fa6b54777e3,238.40000000000001,rcp_2_6,weather_2050_rcp_2_6_pvgis_2006,pvgis_2006,2006,2041-2060,1011976490,1,3560991697,central,central,42456.15971232202,711.08099729282344,178.08791825638431,2.9827223040806352,20215.481168724797,8107.2922653151472,2100.1805179886387,87.70881498067989,5863,280,280,5863,0,3735.7716666662341,3499.999999999568,9.1404217528179288e-11,2,residential_energy_demand_gate5_v1,4b5b7791539478f9b2562d1b176e235ac7b641e1afdc40c3d5242661d9dbed3d,4b5b7791539478f9b2562d1b176e235ac7b641e1afdc40c3d5242661d9dbed3d,2ad0e9f7bbdfe12695c931891fd0e8132d060fd7bcbca23623db43d4c7393a5c,561839806dcdb8279ac4e42025bc5a82751f2588a2b2066fa84637918d8e4896,2987a546cb3f48253dcdfdc400036a68d1977eddb1012f753e54eca010acedd8,73ed0728ba3aea4548919a2c599b960f1645e1842d48afd930cc90a737aecd92,a96eee14f959c7954577e91fe17d4515a9348f0431a52c4dd9b8f37b88ac9cf5,d543101e7ea78ed2ddaba45de0ca0f44ec997e73ba696c2970de54b1e75cccfc,e40ccb491db9d0ecfe8c9e8462f713cf096279ef2b219236d05222512135b242,fb59b12e82b041c59cc8a3933745a40e92c5e89aa7df64846e5855fbd3acb00e,38669e3f0e715d12f919bbd64ba6e09fbb431145f819869ebd01d20e8fde4ed0,"[[18.0,4584],[20.0,4176]]","[[26.0,8760]]","[[""north"",""002ee4e68ba2ff1e9da7eb8f1e16c441bba47a8ad5ed36d81dc169204a2cb66d""],[""east"",""b1a28b883b4633c7b55388b5b43f571e79efcd391bc0ce6bc07019b5e25d8065""],[""south"",""c667e440b35d715226d38302c0104b35b5d5764fed6125e5bcc80d08fabf1f41""],[""west"",""2767619730916a7bca7fe58275301af35dc43db33040cad9a975264954dbabb5""]]"
mc_a9ae6bc4cb01a27d32842d2cfb3b08340c9be8cab0a9c48e93d280a28258fdc0,BE_TABULA_11,Detached house,SFH,1971-1990,TABULA_existing,231ef175659def943b74235aceb0ef9def0e53fc195cdad7a8338fa6b54777e3,238.40000000000001,rcp_2_6,weather_2050_rcp_2_6_pvgis_2006,pvgis_2006,2006,2041-2060,3890277953,1,1872972848,central,central,42319.825291835041,737.87667617246484,177.51604568722752,3.0951202859583256,20432.654926837571,7994.2390837666107,2071.1858269700156,92.301051850053341,5865,278,278,5865,0,3727.9199999994125,3499.999999999412,8.0035533756017685e-11,2,residential_energy_demand_gate5_v1,4b5b7791539478f9b2562d1b176e235ac7b641e1afdc40c3d5242661d9dbed3d,4b5b7791539478f9b2562d1b176e235ac7b641e1afdc40c3d5242661d9dbed3d,2ad0e9f7bbdfe12695c931891fd0e8132d060fd7bcbca23623db43d4c7393a5c,561839806dcdb8279ac4e42025bc5a82751f2588a2b2066fa84637918d8e4896,2987a546cb3f48253dcdfdc400036a68d1977eddb1012f753e54eca010acedd8,73ed0728ba3aea4548919a2c599b960f1645e1842d48afd930cc90a737aecd92,a96eee14f959c7954577e91fe17d4515a9348f0431a52c4dd9b8f37b88ac9cf5,d543101e7ea78ed2ddaba45de0ca0f44ec997e73ba696c2970de54b1e75cccfc,e40ccb491db9d0ecfe8c9e8462f713cf096279ef2b219236d05222512135b242,fb59b12e82b041c59cc8a3933745a40e92c5e89aa7df64846e5855fbd3acb00e,38669e3f0e715d12f919bbd64ba6e09fbb431145f819869ebd01d20e8fde4ed0,"[[18.0,4684],[20.0,4076]]","[[26.0,8760]]","[[""north"",""002ee4e68ba2ff1e9da7eb8f1e16c441bba47a8ad5ed36d81dc169204a2cb66d""],[""east"",""b1a28b883b4633c7b55388b5b43f571e79efcd391bc0ce6bc07019b5e25d8065""],[""south"",""c667e440b35d715226d38302c0104b35b5d5764fed6125e5bcc80d08fabf1f41""],[""west"",""2767619730916a7bca7fe58275301af35dc43db33040cad9a975264954dbabb5""]]"
mc_5caa70dd1c66a32d48eea3dd7cd5696174b5fc53cf16eb5a55b1fd3a2e7e7227,BE_TABULA_11,Detached house,SFH,1971-1990,TABULA_existing,231ef175659def943b74235aceb0ef9def0e53fc195cdad7a8338fa6b54777e3,238.40000000000001,rcp_2_6,weather_2050_rcp_2_6_pvgis_2006,pvgis_2006,2006,2041-2060,776271248,1,209885325,central,central,42319.944955604667,735.24383390391949,177.51654763256991,3.0840764844963067,20635.74154037968,8297.5527015324278,2050.8080542099101,88.609721486689864,5880,270,270,5880,0,3732.4466666669496,3500.0000000002833,9.3109520094003528e-11,2,residential_energy_demand_gate5_v1,4b5b7791539478f9b2562d1b176e235ac7b641e1afdc40c3d5242661d9dbed3d,4b5b7791539478f9b2562d1b176e235ac7b641e1afdc40c3d5242661d9dbed3d,2ad0e9f7bbdfe12695c931891fd0e8132d060fd7bcbca23623db43d4c7393a5c,561839806dcdb8279ac4e42025bc5a82751f2588a2b2066fa84637918d8e4896,2987a546cb3f48253dcdfdc400036a68d1977eddb1012f753e54eca010acedd8,73ed0728ba3aea4548919a2c599b960f1645e1842d48afd930cc90a737aecd92,a96eee14f959c7954577e91fe17d4515a9348f0431a52c4dd9b8f37b88ac9cf5,d543101e7ea78ed2ddaba45de0ca0f44ec997e73ba696c2970de54b1e75cccfc,e40ccb491db9d0ecfe8c9e8462f713cf096279ef2b219236d05222512135b242,fb59b12e82b041c59cc8a3933745a40e92c5e89aa7df64846e5855fbd3acb00e,38669e3f0e715d12f919bbd64ba6e09fbb431145f819869ebd01d20e8fde4ed0,"[[18.0,4641],[20.0,4119]]","[[26.0,8760]]","[[""north"",""002ee4e68ba2ff1e9da7eb8f1e16c441bba47a8ad5ed36d81dc169204a2cb66d""],[""east"",""b1a28b883b4633c7b55388b5b43f571e79efcd391bc0ce6bc07019b5e25d8065""],[""south"",""c667e440b35d715226d38302c0104b35b5d5764fed6125e5bcc80d08fabf1f41""],[""west"",""2767619730916a7bca7fe58275301af35dc43db33040cad9a975264954dbabb5""]]"
mc_31730cf67c85cb7a0aa3fdc19633984ff88bbe2fef47adc751bdc2bdce1312a2,BE_TABULA_11,Detached house,SFH,1971-1990,TABULA_existing,231ef175659def943b74235aceb0ef9def0e53fc195cdad7a8338fa6b54777e3,238.40000000000001,rcp_2_6,weather_2050_rcp_2_6_pvgis_2006,pvgis_2006,2006,2041-2060,1900787840,5,3270319275,central,central,43937.731285659633,765.75221749638399,184.3025641176998,3.2120478921828188,19932.00000776014,8509.2932700821566,2204.3814603930023,89.99010766131353,6023,295,295,6023,0,4344.6900000001124,3500.0000000001128,8.8220986071974039e-11,2,residential_energy_demand_gate5_v1,4b5b7791539478f9b2562d1b176e235ac7b641e1afdc40c3d5242661d9dbed3d,4b5b7791539478f9b2562d1b176e235ac7b641e1afdc40c3d5242661d9dbed3d,2ad0e9f7bbdfe12695c931891fd0e8132d060fd7bcbca23623db43d4c7393a5c,561839806dcdb8279ac4e42025bc5a82751f2588a2b2066fa84637918d8e4896,2987a546cb3f48253dcdfdc400036a68d1977eddb1012f753e54eca010acedd8,73ed0728ba3aea4548919a2c599b960f1645e1842d48afd930cc90a737aecd92,a96eee14f959c7954577e91fe17d4515a9348f0431a52c4dd9b8f37b88ac9cf5,d543101e7ea78ed2ddaba45de0ca0f44ec997e73ba696c2970de54b1e75cccfc,e40ccb491db9d0ecfe8c9e8462f713cf096279ef2b219236d05222512135b242,fb59b12e82b041c59cc8a3933745a40e92c5e89aa7df64846e5855fbd3acb00e,38669e3f0e715d12f919bbd64ba6e09fbb431145f819869ebd01d20e8fde4ed0,"[[18.0,2748],[20.0,6012]]","[[26.0,8760]]","[[""north"",""002ee4e68ba2ff1e9da7eb8f1e16c441bba47a8ad5ed36d81dc169204a2cb66d""],[""east"",""b1a28b883b4633c7b55388b5b43f571e79efcd391bc0ce6bc07019b5e25d8065""],[""south"",""c667e440b35d715226d38302c0104b35b5d5764fed6125e5bcc80d08fabf1f41""],[""west"",""2767619730916a7bca7fe58275301af35dc43db33040cad9a975264954dbabb5""]]"
mc_0e0cdb30e39c85a9a2cc315f2298ed4921362ed60f72b20639d85edd3a5773a3,BE_TABULA_11,Detached house,SFH,1971-1990,TABULA_existing,231ef175659def943b74235aceb0ef9def0e53fc195cdad7a8338fa6b54777e3,238.40000000000001,rcp_2_6,weather_2050_rcp_2_6_pvgis_2006,pvgis_2006,2006,2041-2060,1062724148,2,1904767939,central,central,43192.487856130341,749.61633388412906,181.17654302068095,3.1443638166280579,20460.227857278827,9067.0830083196015,2111.0462775596311,82.674475704734405,5930,277,277,5930,0,3953.2850000001749,3500.0000000001751,9.1858964879065752e-11,2,residential_energy_demand_gate5_v1,4b5b7791539478f9b2562d1b176e235ac7b641e1afdc40c3d5242661d9dbed3d,4b5b7791539478f9b2562d1b176e235ac7b641e1afdc40c3d5242661d9dbed3d,2ad0e9f7bbdfe12695c931891fd0e8132d060fd7bcbca23623db43d4c7393a5c,561839806dcdb8279ac4e42025bc5a82751f2588a2b2066fa84637918d8e4896,2987a546cb3f48253dcdfdc400036a68d1977eddb1012f753e54eca010acedd8,73ed0728ba3aea4548919a2c599b960f1645e1842d48afd930cc90a737aecd92,a96eee14f959c7954577e91fe17d4515a9348f0431a52c4dd9b8f37b88ac9cf5,d543101e7ea78ed2ddaba45de0ca0f44ec997e73ba696c2970de54b1e75cccfc,e40ccb491db9d0ecfe8c9e8462f713cf096279ef2b219236d05222512135b242,fb59b12e82b041c59cc8a3933745a40e92c5e89aa7df64846e5855fbd3acb00e,38669e3f0e715d12f919bbd64ba6e09fbb431145f819869ebd01d20e8fde4ed0,"[[18.0,3713],[20.0,5047]]","[[26.0,8760]]","[[""north"",""002ee4e68ba2ff1e9da7eb8f1e16c441bba47a8ad5ed36d81dc169204a2cb66d""],[""east"",""b1a28b883b4633c7b55388b5b43f571e79efcd391bc0ce6bc07019b5e25d8065""],[""south"",""c667e440b35d715226d38302c0104b35b5d5764fed6125e5bcc80d08fabf1f41""],[""west"",""2767619730916a7bca7fe58275301af35dc43db33040cad9a975264954dbabb5""]]"
mc_d33ca799b113ffa398295dde998062dd9e5223dada1ad3a348120648db722a64,BE_TABULA_11,Detached house,SFH,1971-1990,TABULA_existing,231ef175659def943b74235aceb0ef9def0e53fc195cdad7a8338fa6b54777e3,238.40000000000001,rcp_2_6,weather_2050_rcp_2_6_pvgis_2006,pvgis_2006,2006,2041-2060,2674825830,3,914695781,central,central,43433.25750452045,744.41479589964797,182.18648282097504,3.1225452848139597,20288.676041979903,8351.7748322951611,2140.7635182626709,89.132527019418518,5988,288,288,5988,0,4069.0299999998765,3499.9999999998768,9.4701135822106153e-11,2,residential_energy_demand_gate5_v1,4b5b7791539478f9b2562d1b176e235ac7b641e1afdc40c3d5242661d9dbed3d,4b5b7791539478f9b2562d1b176e235ac7b641e1afdc40c3d5242661d9dbed3d,2ad0e9f7bbdfe12695c931891fd0e8132d060fd7bcbca23623db43d4c7393a5c,561839806dcdb8279ac4e42025bc5a82751f2588a2b2066fa84637918d8e4896,2987a546cb3f48253dcdfdc400036a68d1977eddb1012f753e54eca010acedd8,73ed0728ba3aea4548919a2c599b960f1645e1842d48afd930cc90a737aecd92,a96eee14f959c7954577e91fe17d4515a9348f0431a52c4dd9b8f37b88ac9cf5,d543101e7ea78ed2ddaba45de0ca0f44ec997e73ba696c2970de54b1e75cccfc,e40ccb491db9d0ecfe8c9e8462f713cf096279ef2b219236d05222512135b242,fb59b12e82b041c59cc8a3933745a40e92c5e89aa7df64846e5855fbd3acb00e,38669e3f0e715d12f919bbd64ba6e09fbb431145f819869ebd01d20e8fde4ed0,"[[18.0,3347],[20.0,5413]]","[[26.0,8760]]","[[""north"",""002ee4e68ba2ff1e9da7eb8f1e16c441bba47a8ad5ed36d81dc169204a2cb66d""],[""east"",""b1a28b883b4633c7b55388b5b43f571e79efcd391bc0ce6bc07019b5e25d8065""],[""south"",""c667e440b35d715226d38302c0104b35b5d5764fed6125e5bcc80d08fabf1f41""],[""west"",""2767619730916a7bca7fe58275301af35dc43db33040cad9a975264954dbabb5""]]"
mc_b35947c08422b64c6d29308b0734a2ee54f7bb61084a6b36ba541e21660c8586,BE_TABULA_11,Detached house,SFH,1971-1990,TABULA_existing,231ef175659def943b74235aceb0ef9def0e53fc195cdad7a8338fa6b54777e3,238.40000000000001,rcp_2_6,weather_2050_rcp_2_6_pvgis_2006,pvgis_2006,2006,2041-2060,1053006648,1,1282721725,central,central,42620.509030079455,718.36533896272999,178.77730297852119,3.0132774285349413,20399.576490312855,8191.1100693210847,2089.2840128479456,87.700608694453948,5898,275,275,5898,0,3749.0949999995646,3499.9999999995653,8.8220986071974039e-11,2,residential_energy_demand_gate5_v1,4b5b7791539478f9b2562d1b176e235ac7b641e1afdc40c3d5242661d9dbed3d,4b5b7791539478f9b2562d1b176e235ac7b641e1afdc40c3d5242661d9dbed3d,2ad0e9f7bbdfe12695c931891fd0e8132d060fd7bcbca23623db43d4c7393a5c,561839806dcdb8279ac4e42025bc5a82751f2588a2b2066fa84637918d8e4896,2987a546cb3f48253dcdfdc400036a68d1977eddb1012f753e54eca010acedd8,73ed0728ba3aea4548919a2c599b960f1645e1842d48afd930cc90a737aecd92,a96eee14f959c7954577e91fe17d4515a9348f0431a52c4dd9b8f37b88ac9cf5,d543101e7ea78ed2ddaba45de0ca0f44ec997e73ba696c2970de54b1e75cccfc,e40ccb491db9d0ecfe8c9e8462f713cf096279ef2b219236d05222512135b242,fb59b12e82b041c59cc8a3933745a40e92c5e89aa7df64846e5855fbd3acb00e,38669e3f0e715d12f919bbd64ba6e09fbb431145f819869ebd01d20e8fde4ed0,"[[18.0,4356],[20.0,4404]]","[[26.0,8760]]","[[""north"",""002ee4e68ba2ff1e9da7eb8f1e16c441bba47a8ad5ed36d81dc169204a2cb66d""],[""east"",""b1a28b883b4633c7b55388b5b43f571e79efcd391bc0ce6bc07019b5e25d8065""],[""south"",""c667e440b35d715226d38302c0104b35b5d5764fed6125e5bcc80d08fabf1f41""],[""west"",""2767619730916a7bca7fe58275301af35dc43db33040cad9a975264954dbabb5""]]"
mc_0a314abc3c69fb246784bc3a91089b93a3aeb705b044626cef9e948f36c0db1b,BE_TABULA_11,Detached house,SFH,1971-1990,TABULA_existing,231ef175659def943b74235aceb0ef9def0e53fc195cdad7a8338fa6b54777e3,238.40000000000001,rcp_2_6,weather_2050_rcp_2_6_pvgis_2006,pvgis_2006,2006,2041-2060,3482630119,1,2812545130,central,central,42525.48304608334,742.19605976874789,178.37870405236299,3.1132385057413923,19879.205529532952,8027.6319846756905,2139.1942944051066,92.455167499651139,5890,277,277,5890,0,3740.5316666670283,3500.0000000003615,9.3677954282611609e-11,2,residential_energy_demand_gate5_v1,4b5b7791539478f9b2562d1b176e235ac7b641e1afdc40c3d5242661d9dbed3d,4b5b7791539478f9b2562d1b176e235ac7b641e1afdc40c3d5242661d9dbed3d,2ad0e9f7bbdfe12695c931891fd0e8132d060fd7bcbca23623db43d4c7393a5c,561839806dcdb8279ac4e42025bc5a82751f2588a2b2066fa84637918d8e4896,2987a546cb3f48253dcdfdc400036a68d1977eddb1012f753e54eca010acedd8,73ed0728ba3aea4548919a2c599b960f1645e1842d48afd930cc90a737aecd92,a96eee14f959c7954577e91fe17d4515a9348f0431a52c4dd9b8f37b88ac9cf5,d543101e7ea78ed2ddaba45de0ca0f44ec997e73ba696c2970de54b1e75cccfc,e40ccb491db9d0ecfe8c9e8462f713cf096279ef2b219236d05222512135b242,fb59b12e82b041c59cc8a3933745a40e92c5e89aa7df64846e5855fbd3acb00e,38669e3f0e715d12f919bbd64ba6e09fbb431145f819869ebd01d20e8fde4ed0,"[[18.0,4493],[20.0,4267]]","[[26.0,8760]]","[[""north"",""002ee4e68ba2ff1e9da7eb8f1e16c441bba47a8ad5ed36d81dc169204a2cb66d""],[""east"",""b1a28b883b4633c7b55388b5b43f571e79efcd391bc0ce6bc07019b5e25d8065""],[""south"",""c667e440b35d715226d38302c0104b35b5d5764fed6125e5bcc80d08fabf1f41""],[""west"",""2767619730916a7bca7fe58275301af35dc43db33040cad9a975264954dbabb5""]]"
mc_66c7d18eb3478ef73ac640d6264347570452b61922014fff5ee5d890a557f977,BE_TABULA_11,Detached house,SFH,1971-1990,TABULA_existing,231ef175659def943b74235aceb0ef9def0e53fc195cdad7a8338fa6b54777e3,238.40000000000001,rcp_2_6,weather_2050_rcp_2_6_pvgis_2006,pvgis_2006,2006,2041-2060,11823356,1,1077703118,central,central,42337.028879921854,716.40682229227536,177.58820838893394,3.0050621740447792,20309.281947100146,8156.4350686001353,2084.6147584241367,87.833326234672043,5854,268,268,5854,0,3729.0400000003756,3500.0000000003756,8.4128259913995862e-11,2,residential_energy_demand_gate5_v1,4b5b7791539478f9b2562d1b176e235ac7b641e1afdc40c3d5242661d9dbed3d,4b5b7791539478f9b2562d1b176e235ac7b641e1afdc40c3d5242661d9dbed3d,2ad0e9f7bbdfe12695c931891fd0e8132d060fd7bcbca23623db43d4c7393a5c,561839806dcdb8279ac4e42025bc5a82751f2588a2b2066fa84637918d8e4896,2987a546cb3f48253dcdfdc400036a68d1977eddb1012f753e54eca010acedd8,73ed0728ba3aea4548919a2c599b960f1645e1842d48afd930cc90a737aecd92,a96eee14f959c7954577e91fe17d4515a9348f0431a52c4dd9b8f37b88ac9cf5,d543101e7ea78ed2ddaba45de0ca0f44ec997e73ba696c2970de54b1e75cccfc,e40ccb491db9d0ecfe8c9e8462f713cf096279ef2b219236d05222512135b242,fb59b12e82b041c59cc8a3933745a40e92c5e89aa7df64846e5855fbd3acb00e,38669e3f0e715d12f919bbd64ba6e09fbb431145f819869ebd01d20e8fde4ed0,"[[18.0,4657],[20.0,4103]]","[[26.0,8760]]","[[""north"",""002ee4e68ba2ff1e9da7eb8f1e16c441bba47a8ad5ed36d81dc169204a2cb66d""],[""east"",""b1a28b883b4633c7b55388b5b43f571e79efcd391bc0ce6bc07019b5e25d8065""],[""south"",""c667e440b35d715226d38302c0104b35b5d5764fed6125e5bcc80d08fabf1f41""],[""west"",""2767619730916a7bca7fe58275301af35dc43db33040cad9a975264954dbabb5""]]"
mc_d6fd8c44af8d971d6104a7865494a068509d83fac87032c827ac455f491779b4,BE_TABULA_11,Detached house,SFH,1971-1990,TABULA_existing,231ef175659def943b74235aceb0ef9def0e53fc195cdad7a8338fa6b54777e3,238.40000000000001,rcp_2_6,weather_2050_rcp_2_6_pvgis_2006,pvgis_2006,2006,2041-2060,1148551946,1,1941304635,central,central,42398.997169310009,746.42885756463954,177.84814248871646,3.1309935300530181,19890.477054417752,7937.3155074403085,2131.6229396264293,94.040467065338333,5844,289,289,5844,0,3730.5683333335942,3500.0000000002606,7.7761797001585364e-11,2,residential_energy_demand_gate5_v1,4b5b7791539478f9b2562d1b176e235ac7b641e1afdc40c3d5242661d9dbed3d,4b5b7791539478f9b2562d1b176e235ac7b641e1afdc40c3d5242661d9dbed3d,2ad0e9f7bbdfe12695c931891fd0e8132d060fd7bcbca23623db43d4c7393a5c,561839806dcdb8279ac4e42025bc5a82751f2588a2b2066fa84637918d8e4896,2987a546cb3f48253dcdfdc400036a68d1977eddb1012f753e54eca010acedd8,73ed0728ba3aea4548919a2c599b960f1645e1842d48afd930cc90a737aecd92,a96eee14f959c7954577e91fe17d4515a9348f0431a52c4dd9b8f37b88ac9cf5,d543101e7ea78ed2ddaba45de0ca0f44ec997e73ba696c2970de54b1e75cccfc,e40ccb491db9d0ecfe8c9e8462f713cf096279ef2b219236d05222512135b242,fb59b12e82b041c59cc8a3933745a40e92c5e89aa7df64846e5855fbd3acb00e,38669e3f0e715d12f919bbd64ba6e09fbb431145f819869ebd01d20e8fde4ed0,"[[18.0,4628],[20.0,4132]]","[[26.0,8760]]","[[""north"",""002ee4e68ba2ff1e9da7eb8f1e16c441bba47a8ad5ed36d81dc169204a2cb66d""],[""east"",""b1a28b883b4633c7b55388b5b43f571e79efcd391bc0ce6bc07019b5e25d8065""],[""south"",""c667e440b35d715226d38302c0104b35b5d5764fed6125e5bcc80d08fabf1f41""],[""west"",""2767619730916a7bca7fe58275301af35dc43db33040cad9a975264954dbabb5""]]"
mc_f667def6a1d3b0805839c42390e4d307bd8033cc87b8c93cc9793c72522a5e03,BE_TABULA_11,Detached house,SFH,1971-1990,TABULA_existing,231ef175659def943b74235aceb0ef9def0e53fc195cdad7a8338fa6b54777e3,238.40000000000001,rcp_2_6,weather_2050_rcp_2_6_pvgis_2006,pvgis_2006,2006,2041-2060,919568898,1,2362649772,central,central,42486.851773104907,724.97083413272605,178.21666012208433,3.0409850425030456,20087.521684880365,7952.8192696645028,2115.0867906758376,91.158972629753933,5867,280,280,5867,0,3739.283333333196,3499.9999999998631,9.7315933089703321e-11,2,residential_energy_demand_gate5_v1,4b5b7791539478f9b2562d1b176e235ac7b641e1afdc40c3d5242661d9dbed3d,4b5b7791539478f9b2562d1b176e235ac7b641e1afdc40c3d5242661d9dbed3d,2ad0e9f7bbdfe12695c931891fd0e8132d060fd7bcbca23623db43d4c7393a5c,561839806dcdb8279ac4e42025bc5a82751f2588a2b2066fa84637918d8e4896,2987a546cb3f48253dcdfdc400036a68d1977eddb1012f753e54eca010acedd8,73ed0728ba3aea4548919a2c599b960f1645e1842d48afd930cc90a737aecd92,a96eee14f959c7954577e91fe17d4515a9348f0431a52c4dd9b8f37b88ac9cf5,d543101e7ea78ed2ddaba45de0ca0f44ec997e73ba696c2970de54b1e75cccfc,e40ccb491db9d0ecfe8c9e8462f713cf096279ef2b219236d05222512135b242,fb59b12e82b041c59cc8a3933745a40e92c5e89aa7df64846e5855fbd3acb00e,38669e3f0e715d12f919bbd64ba6e09fbb431145f819869ebd01d20e8fde4ed0,"[[18.0,4512],[20.0,4248]]","[[26.0,8760]]","[[""north"",""002ee4e68ba2ff1e9da7eb8f1e16c441bba47a8ad5ed36d81dc169204a2cb66d""],[""east"",""b1a28b883b4633c7b55388b5b43f571e79efcd391bc0ce6bc07019b5e25d8065""],[""south"",""c667e440b35d715226d38302c0104b35b5d5764fed6125e5bcc80d08fabf1f41""],[""west"",""2767619730916a7bca7fe58275301af35dc43db33040cad9a975264954dbabb5""]]"
mc_494a748187be50acdc1d728e5e9d5a880a5b5dcb31a311f8b0801b7afc33d2e7,BE_TABULA_11,Detached house,SFH,1971-1990,TABULA_existing,231ef175659def943b74235aceb0ef9def0e53fc195cdad7a8338fa6b54777e3,238.40000000000001,rcp_2_6,weather_2050_rcp_2_6_pvgis_2006,pvgis_2006,2006,2041-2060,3039625071,3,5878749,central,central,43515.145673754065,746.02715594758024,182.52997346373348,3.1293085400485747,20368.754132628306,8373.9617200229022,2136.367565262522,89.08891405172794,5961,288,288,5961,0,4057.0950000006542,3500.0000000006539,9.3564267444889992e-11,2,residential_energy_demand_gate5_v1,4b5b7791539478f9b2562d1b176e235ac7b641e1afdc40c3d5242661d9dbed3d,4b5b7791539478f9b2562d1b176e235ac7b641e1afdc40c3d5242661d9dbed3d,2ad0e9f7bbdfe12695c931891fd0e8132d060fd7bcbca23623db43d4c7393a5c,561839806dcdb8279ac4e42025bc5a82751f2588a2b2066fa84637918d8e4896,2987a546cb3f48253dcdfdc400036a68d1977eddb1012f753e54eca010acedd8,73ed0728ba3aea4548919a2c599b960f1645e1842d48afd930cc90a737aecd92,a96eee14f959c7954577e91fe17d4515a9348f0431a52c4dd9b8f37b88ac9cf5,d543101e7ea78ed2ddaba45de0ca0f44ec997e73ba696c2970de54b1e75cccfc,e40ccb491db9d0ecfe8c9e8462f713cf096279ef2b219236d05222512135b242,fb59b12e82b041c59cc8a3933745a40e92c5e89aa7df64846e5855fbd3acb00e,38669e3f0e715d12f919bbd64ba6e09fbb431145f819869ebd01d20e8fde4ed0,"[[18.0,3349],[20.0,5411]]","[[26.0,8760]]","[[""north"",""002ee4e68ba2ff1e9da7eb8f1e16c441bba47a8ad5ed36d81dc169204a2cb66d""],[""east"",""b1a28b883b4633c7b55388b5b43f571e79efcd391bc0ce6bc07019b5e25d8065""],[""south"",""c667e440b35d715226d38302c0104b35b5d5764fed6125e5bcc80d08fabf1f41""],[""west"",""2767619730916a7bca7fe58275301af35dc43db33040cad9a975264954dbabb5""]]"
mc_00c28f06e5889d71dbbb587e9a1af62e9d49292f398e8c38cc7a75feb207362d,BE_TABULA_11,Detached house,SFH,1971-1990,TABULA_existing,231ef175659def943b74235aceb0ef9def0e53fc195cdad7a8338fa6b54777e3,238.40000000000001,rcp_2_6,weather_2050_rcp_2_6_pvgis_2006,pvgis_2006,2006,2041-2060,2908346779,1,4131552095,central,central,42421.59348379694,727.362755528972,177.94292568706769,3.051018269836292,19949.077246389013,8487.708588565145,2126.4940207435247,85.696009463483875,5897,276,276,5897,0,3730.0316666673712,3500.0000000007044,8.4128259913995862e-11,2,residential_energy_demand_gate5_v1,4b5b7791539478f9b2562d1b176e235ac7b641e1afdc40c3d5242661d9dbed3d,4b5b7791539478f9b2562d1b176e235ac7b641e1afdc40c3d5242661d9dbed3d,2ad0e9f7bbdfe12695c931891fd0e8132d060fd7bcbca23623db43d4c7393a5c,561839806dcdb8279ac4e42025bc5a82751f2588a2b2066fa84637918d8e4896,2987a546cb3f48253dcdfdc400036a68d1977eddb1012f753e54eca010acedd8,73ed0728ba3aea4548919a2c599b960f1645e1842d48afd930cc90a737aecd92,a96eee14f959c7954577e91fe17d4515a9348f0431a52c4dd9b8f37b88ac9cf5,d543101e7ea78ed2ddaba45de0ca0f44ec997e73ba696c2970de54b1e75cccfc,e40ccb491db9d0ecfe8c9e8462f713cf096279ef2b219236d05222512135b242,fb59b12e82b041c59cc8a3933745a40e92c5e89aa7df64846e5855fbd3acb00e,38669e3f0e715d12f919bbd64ba6e09fbb431145f819869ebd01d20e8fde4ed0,"[[18.0,4589],[20.0,4171]]","[[26.0,8760]]","[[""north"",""002ee4e68ba2ff1e9da7eb8f1e16c441bba47a8ad5ed36d81dc169204a2cb66d""],[""east"",""b1a28b883b4633c7b55388b5b43f571e79efcd391bc0ce6bc07019b5e25d8065""],[""south"",""c667e440b35d715226d38302c0104b35b5d5764fed6125e5bcc80d08fabf1f41""],[""west"",""2767619730916a7bca7fe58275301af35dc43db33040cad9a975264954dbabb5""]]"
mc_d582c8a10919de49527f20588a0fd8e2adfce522e4174d9e267b6c1f1b45ad3c,BE_TABULA_11,Detached house,SFH,1971-1990,TABULA_existing,231ef175659def943b74235aceb0ef9def0e53fc195cdad7a8338fa6b54777e3,238.40000000000001,rcp_2_6,weather_2050_rcp_2_6_pvgis_2006,pvgis_2006,2006,2041-2060,4181595953,2,250235785,central,central,43123.682452080517,740.64725563123363,180.88792974865987,3.1067418440907448,20338.079608197706,8167.6255313110241,2120.3419045866344,90.680853669395503,5898,285,285,5898,0,3941.443333333189,3499.9999999998558,8.6856744019314647e-11,2,residential_energy_demand_gate5_v1,4b5b7791539478f9b2562d1b176e235ac7b641e1afdc40c3d5242661d9dbed3d,4b5b7791539478f9b2562d1b176e235ac7b641e1afdc40c3d5242661d9dbed3d,2ad0e9f7bbdfe12695c931891fd0e8132d060fd7bcbca23623db43d4c7393a5c,561839806dcdb8279ac4e42025bc5a82751f2588a2b2066fa84637918d8e4896,2987a546cb3f48253dcdfdc400036a68d1977eddb1012f753e54eca010acedd8,73ed0728ba3aea4548919a2c599b960f1645e1842d48afd930cc90a737aecd92,a96eee14f959c7954577e91fe17d4515a9348f0431a52c4dd9b8f37b88ac9cf5,d543101e7ea78ed2ddaba45de0ca0f44ec997e73ba696c2970de54b1e75cccfc,e40ccb491db9d0ecfe8c9e8462f713cf096279ef2b219236d05222512135b242,fb59b12e82b041c59cc8a3933745a40e92c5e89aa7df64846e5855fbd3acb00e,38669e3f0e715d12f919bbd64ba6e09fbb431145f819869ebd01d20e8fde4ed0,"[[18.0,3808],[20.0,4952]]","[[26.0,8760]]","[[""north"",""002ee4e68ba2ff1e9da7eb8f1e16c441bba47a8ad5ed36d81dc169204a2cb66d""],[""east"",""b1a28b883b4633c7b55388b5b43f571e79efcd391bc0ce6bc07019b5e25d8065""],[""south"",""c667e440b35d715226d38302c0104b35b5d5764fed6125e5bcc80d08fabf1f41""],[""west"",""2767619730916a7bca7fe58275301af35dc43db33040cad9a975264954dbabb5""]]"
mc_b6f5127733f6c111e432355bb4c22d32f8f690b35edef30fc6349d058665bf61,BE_TABULA_11,Detached house,SFH,1971-1990,TABULA_existing,231ef175659def943b74235aceb0ef9def0e53fc195cdad7a8338fa6b54777e3,238.40000000000001,rcp_2_6,weather_2050_rcp_2_6_pvgis_2006,pvgis_2006,2006,2041-2060,115385883,1,263324218,central,central,42435.442459620528,711.33896822035922,178.0010170286096,2.9838043968974799,20517.376844842376,8649.4199577452691,2068.2684136733533,82.241233712253589,5874,268,268,5874,0,3733.3449999998647,3499.9999999998649,9.0949470177292824e-11,2,residential_energy_demand_gate5_v1,4b5b7791539478f9b2562d1b176e235ac7b641e1afdc40c3d5242661d9dbed3d,4b5b7791539478f9b2562d1b176e235ac7b641e1afdc40c3d5242661d9dbed3d,2ad0e9f7bbdfe12695c931891fd0e8132d060fd7bcbca23623db43d4c7393a5c,561839806dcdb8279ac4e42025bc5a82751f2588a2b2066fa84637918d8e4896,2987a546cb3f48253dcdfdc400036a68d1977eddb1012f753e54eca010acedd8,73ed0728ba3aea4548919a2c599b960f1645e1842d48afd930cc90a737aecd92,a96eee14f959c7954577e91fe17d4515a9348f0431a52c4dd9b8f37b88ac9cf5,d543101e7ea78ed2ddaba45de0ca0f44ec997e73ba696c2970de54b1e75cccfc,e40ccb491db9d0ecfe8c9e8462f713cf096279ef2b219236d05222512135b242,fb59b12e82b041c59cc8a3933745a40e92c5e89aa7df64846e5855fbd3acb00e,38669e3f0e715d12f919bbd64ba6e09fbb431145f819869ebd01d20e8fde4ed0,"[[18.0,4582],[20.0,4178]]","[[26.0,8760]]","[[""north"",""002ee4e68ba2ff1e9da7eb8f1e16c441bba47a8ad5ed36d81dc169204a2cb66d""],[""east"",""b1a28b883b4633c7b55388b5b43f571e79efcd391bc0ce6bc07019b5e25d8065""],[""south"",""c667e440b35d715226d38302c0104b35b5d5764fed6125e5bcc80d08fabf1f41""],[""west"",""2767619730916a7bca7fe58275301af35dc43db33040cad9a975264954dbabb5""]]"
mc_12df580e650ccb89ffef7cddd0d2b5f34e3e32eb77405458ec3a64841f85d16b,BE_TABULA_11,Detached house,SFH,1971-1990,TABULA_existing,231ef175659def943b74235aceb0ef9def0e53fc195cdad7a8338fa6b54777e3,238.40000000000001,rcp_2_6,weather_2050_rcp_2_6_pvgis_2006,pvgis_2006,2006,2041-2060,1189564474,3,3720135182,central,central,43531.677374646424,747.07266935807934,182.59931784667123,3.1336940828778497,20248.607905678527,8488.6938896806823,2149.8602559457131,88.007964366138992,5985,285,285,5985,0,4049.6400000003346,3500.0000000003342,8.6401996668428183e-11,2,residential_energy_demand_gate5_v1,4b5b7791539478f9b2562d1b176e235ac7b641e1afdc40c3d5242661d9dbed3d,4b5b7791539478f9b2562d1b176e235ac7b641e1afdc40c3d5242661d9dbed3d,2ad0e9f7bbdfe12695c931891fd0e8132d060fd7bcbca23623db43d4c7393a5c,561839806dcdb8279ac4e42025bc5a82751f2588a2b2066fa84637918d8e4896,2987a546cb3f48253dcdfdc400036a68d1977eddb1012f753e54eca010acedd8,73ed0728ba3aea4548919a2c599b960f1645e1842d48afd930cc90a737aecd92,a96eee14f959c7954577e91fe17d4515a9348f0431a52c4dd9b8f37b88ac9cf5,d543101e7ea78ed2ddaba45de0ca0f44ec997e73ba696c2970de54b1e75cccfc,e40ccb491db9d0ecfe8c9e8462f713cf096279ef2b219236d05222512135b242,fb59b12e82b041c59cc8a3933745a40e92c5e89aa7df64846e5855fbd3acb00e,38669e3f0e715d12f919bbd64ba6e09fbb431145f819869ebd01d20e8fde4ed0,"[[18.0,3338],[20.0,5422]]","[[26.0,8760]]","[[""north"",""002ee4e68ba2ff1e9da7eb8f1e16c441bba47a8ad5ed36d81dc169204a2cb66d""],[""east"",""b1a28b883b4633c7b55388b5b43f571e79efcd391bc0ce6bc07019b5e25d8065""],[""south"",""c667e440b35d715226d38302c0104b35b5d5764fed6125e5bcc80d08fabf1f41""],[""west"",""2767619730916a7bca7fe58275301af35dc43db33040cad9a975264954dbabb5""]]"
mc_ba2e5f03cc203691f8d6bdaaf369e715126d61f62da49cb2451d1cce0ff83140,BE_TABULA_11,Detached house,SFH,1971-1990,TABULA_existing,231ef175659def943b74235aceb0ef9def0e53fc195cdad7a8338fa6b54777e3,238.40000000000001,rcp_2_6,weather_2050_rcp_2_6_pvgis_2006,pvgis_2006,2006,2041-2060,424842177,1,1102224402,central,central,42402.978272394648,713.40210089636173,177.86484174662183,2.992458476914269,20023.767136417209,8482.6072458290164,2117.6324107004016,84.101748462673285,5888,272,272,5888,0,3734.6166666667013,3500.000000000035,7.503331289626658e-11,2,residential_energy_demand_gate5_v1,4b5b7791539478f9b2562d1b176e235ac7b641e1afdc40c3d5242661d9dbed3d,4b5b7791539478f9b2562d1b176e235ac7b641e1afdc40c3d5242661d9dbed3d,2ad0e9f7bbdfe12695c931891fd0e8132d060fd7bcbca23623db43d4c7393a5c,561839806dcdb8279ac4e42025bc5a82751f2588a2b2066fa84637918d8e4896,2987a546cb3f48253dcdfdc400036a68d1977eddb1012f753e54eca010acedd8,73ed0728ba3aea4548919a2c599b960f1645e1842d48afd930cc90a737aecd92,a96eee14f959c7954577e91fe17d4515a9348f0431a52c4dd9b8f37b88ac9cf5,d543101e7ea78ed2ddaba45de0ca0f44ec997e73ba696c2970de54b1e75cccfc,e40ccb491db9d0ecfe8c9e8462f713cf096279ef2b219236d05222512135b242,fb59b12e82b041c59cc8a3933745a40e92c5e89aa7df64846e5855fbd3acb00e,38669e3f0e715d12f919bbd64ba6e09fbb431145f819869ebd01d20e8fde4ed0,"[[18.0,4559],[20.0,4201]]","[[26.0,8760]]","[[""north"",""002ee4e68ba2ff1e9da7eb8f1e16c441bba47a8ad5ed36d81dc169204a2cb66d""],[""east"",""b1a28b883b4633c7b55388b5b43f571e79efcd391bc0ce6bc07019b5e25d8065""],[""south"",""c667e440b35d715226d38302c0104b35b5d5764fed6125e5bcc80d08fabf1f41""],[""west"",""2767619730916a7bca7fe58275301af35dc43db33040cad9a975264954dbabb5""]]"
mc_d4a608effa52ce3ada18fcdfaf88d606640de2a0c951884508cc6bd47ec8ddf6,BE_TABULA_11,Detached house,SFH,1971-1990,TABULA_existing,231ef175659def943b74235aceb0ef9def0e53fc195cdad7a8338fa6b54777e3,238.40000000000001,rcp_2_6,weather_2050_rcp_2_6_pvgis_2006,pvgis_2006,2006,2041-2060,2648616802,4,1151705822,central,central,43634.958009301605,750.01690036612194,183.03254198532551,3.1460440451599072,20086.443947792464,8718.4700086897046,2172.3585380625404,86.026206389260906,6004,286,286,6004,0,4197.0833333329056,3499.9999999995725,9.4587448984384537e-11,2,residential_energy_demand_gate5_v1,4b5b7791539478f9b2562d1b176e235ac7b641e1afdc40c3d5242661d9dbed3d,4b5b7791539478f9b2562d1b176e235ac7b641e1afdc40c3d5242661d9dbed3d,2ad0e9f7bbdfe12695c931891fd0e8132d060fd7bcbca23623db43d4c7393a5c,561839806dcdb8279ac4e42025bc5a82751f2588a2b2066fa84637918d8e4896,2987a546cb3f48253dcdfdc400036a68d1977eddb1012f753e54eca010acedd8,73ed0728ba3aea4548919a2c599b960f1645e1842d48afd930cc90a737aecd92,a96eee14f959c7954577e91fe17d4515a9348f0431a52c4dd9b8f37b88ac9cf5,d543101e7ea78ed2ddaba45de0ca0f44ec997e73ba696c2970de54b1e75cccfc,e40ccb491db9d0ecfe8c9e8462f713cf096279ef2b219236d05222512135b242,fb59b12e82b041c59cc8a3933745a40e92c5e89aa7df64846e5855fbd3acb00e,38669e3f0e715d12f919bbd64ba6e09fbb431145f819869ebd01d20e8fde4ed0,"[[18.0,3146],[20.0,5614]]","[[26.0,8760]]","[[""north"",""002ee4e68ba2ff1e9da7eb8f1e16c441bba47a8ad5ed36d81dc169204a2cb66d""],[""east"",""b1a28b883b4633c7b55388b5b43f571e79efcd391bc0ce6bc07019b5e25d8065""],[""south"",""c667e440b35d715226d38302c0104b35b5d5764fed6125e5bcc80d08fabf1f41""],[""west"",""2767619730916a7bca7fe58275301af35dc43db33040cad9a975264954dbabb5""]]"
mc_17eb57fb9d1fce2d06e82cbdd5756575521646e7d2a868b27b3a605d5ec7c11d,BE_TABULA_11,Detached house,SFH,1971-1990,TABULA_existing,231ef175659def943b74235aceb0ef9def0e53fc195cdad7a8338fa6b54777e3,238.40000000000001,rcp_2_6,weather_2050_rcp_2_6_pvgis_2006,pvgis_2006,2006,2041-2060,2295453719,2,1068452540,central,central,43219.229004292829,741.35560552920037,181.28871226632899,3.1097131104412767,19549.18107310919,8179.2042211680055,2210.7948584988503,90.639087310052943,5950,279,279,5950,0,3955.851666665556,3499.9999999988891,9.0949470177292824e-11,2,residential_energy_demand_gate5_v1,4b5b7791539478f9b2562d1b176e235ac7b641e1afdc40c3d5242661d9dbed3d,4b5b7791539478f9b2562d1b176e235ac7b641e1afdc40c3d5242661d9dbed3d,2ad0e9f7bbdfe12695c931891fd0e8132d060fd7bcbca23623db43d4c7393a5c,561839806dcdb8279ac4e42025bc5a82751f2588a2b2066fa84637918d8e4896,2987a546cb3f48253dcdfdc400036a68d1977eddb1012f753e54eca010acedd8,73ed0728ba3aea4548919a2c599b960f1645e1842d48afd930cc90a737aecd92,a96eee14f959c7954577e91fe17d4515a9348f0431a52c4dd9b8f37b88ac9cf5,d543101e7ea78ed2ddaba45de0ca0f44ec997e73ba696c2970de54b1e75cccfc,e40ccb491db9d0ecfe8c9e8462f713cf096279ef2b219236d05222512135b242,fb59b12e82b041c59cc8a3933745a40e92c5e89aa7df64846e5855fbd3acb00e,38669e3f0e715d12f919bbd64ba6e09fbb431145f819869ebd01d20e8fde4ed0,"[[18.0,3662],[20.0,5098]]","[[26.0,8760]]","[[""north"",""002ee4e68ba2ff1e9da7eb8f1e16c441bba47a8ad5ed36d81dc169204a2cb66d""],[""east"",""b1a28b883b4633c7b55388b5b43f571e79efcd391bc0ce6bc07019b5e25d8065""],[""south"",""c667e440b35d715226d38302c0104b35b5d5764fed6125e5bcc80d08fabf1f41""],[""west"",""2767619730916a7bca7fe58275301af35dc43db33040cad9a975264954dbabb5""]]"
mc_e9f22205d09bac5909d206cdf0c9a6999722c307b32c7c69d6e7309e1cf7a139,BE_TABULA_11,Detached house,SFH,1971-1990,TABULA_existing,231ef175659def943b74235aceb0ef9def0e53fc195cdad7a8338fa6b54777e3,238.40000000000001,rcp_2_6,weather_2050_rcp_2_6_pvgis_2006,pvgis_2006,2006,2041-2060,3106430030,4,2948202106,central,central,43523.291418271168,745.85072351854683,182.56414185516428,3.128568471134844,20024.803733498829,8279.101339750503,2173.4690635425554,90.088367433973644,5965,284,284,5965,0,4174.9633333340698,3500.0000000007371,9.5042196335271001e-11,2,residential_energy_demand_gate5_v1,4b5b7791539478f9b2562d1b176e235ac7b641e1afdc40c3d5242661d9dbed3d,4b5b7791539478f9b2562d1b176e235ac7b641e1afdc40c3d5242661d9dbed3d,2ad0e9f7bbdfe12695c931891fd0e8132d060fd7bcbca23623db43d4c7393a5c,561839806dcdb8279ac4e42025bc5a82751f2588a2b2066fa84637918d8e4896,2987a546cb3f48253dcdfdc400036a68d1977eddb1012f753e54eca010acedd8,73ed0728ba3aea4548919a2c599b960f1645e1842d48afd930cc90a737aecd92,a96eee14f959c7954577e91fe17d4515a9348f0431a52c4dd9b8f37b88ac9cf5,d543101e7ea78ed2ddaba45de0ca0f44ec997e73ba696c2970de54b1e75cccfc,e40ccb491db9d0ecfe8c9e8462f713cf096279ef2b219236d05222512135b242,fb59b12e82b041c59cc8a3933745a40e92c5e89aa7df64846e5855fbd3acb00e,38669e3f0e715d12f919bbd64ba6e09fbb431145f819869ebd01d20e8fde4ed0,"[[18.0,3226],[20.0,5534]]","[[26.0,8760]]","[[""north"",""002ee4e68ba2ff1e9da7eb8f1e16c441bba47a8ad5ed36d81dc169204a2cb66d""],[""east"",""b1a28b883b4633c7b55388b5b43f571e79efcd391bc0ce6bc07019b5e25d8065""],[""south"",""c667e440b35d715226d38302c0104b35b5d5764fed6125e5bcc80d08fabf1f41""],[""west"",""2767619730916a7bca7fe58275301af35dc43db33040cad9a975264954dbabb5""]]"
mc_57be55fe8679cc4d6badd42c3b4a52f235e8258260d08fd42bfcdae3c9c1dcac,BE_TABULA_11,Detached house,SFH,1971-1990,TABULA_existing,231ef175659def943b74235aceb0ef9def0e53fc195cdad7a8338fa6b54777e3,238.40000000000001,rcp_2_6,weather_2050_rcp_2_6_pvgis_2006,pvgis_2006,2006,2041-2060,342939150,2,547920487,central,central,43122.532176607165,731.37543754725243,180.8831047676475,3.0678499897116294,19963.568732121657,8272.0648967562774,2160.0612974183523,88.415099092615492,5912,281,281,5912,0,3949.330000000426,3500.0000000004261,1.014086592476815e-10,2,residential_energy_demand_gate5_v1,4b5b7791539478f9b2562d1b176e235ac7b641e1afdc40c3d5242661d9dbed3d,4b5b7791539478f9b2562d1b176e235ac7b641e1afdc40c3d5242661d9dbed3d,2ad0e9f7bbdfe12695c931891fd0e8132d060fd7bcbca23623db43d4c7393a5c,561839806dcdb8279ac4e42025bc5a82751f2588a2b2066fa84637918d8e4896,2987a546cb3f48253dcdfdc400036a68d1977eddb1012f753e54eca010acedd8,73ed0728ba3aea4548919a2c599b960f1645e1842d48afd930cc90a737aecd92,a96eee14f959c7954577e91fe17d4515a9348f0431a52c4dd9b8f37b88ac9cf5,d543101e7ea78ed2ddaba45de0ca0f44ec997e73ba696c2970de54b1e75cccfc,e40ccb491db9d0ecfe8c9e8462f713cf096279ef2b219236d05222512135b242,fb59b12e82b041c59cc8a3933745a40e92c5e89aa7df64846e5855fbd3acb00e,38669e3f0e715d12f919bbd64ba6e09fbb431145f819869ebd01d20e8fde4ed0,"[[18.0,3797],[20.0,4963]]","[[26.0,8760]]","[[""north"",""002ee4e68ba2ff1e9da7eb8f1e16c441bba47a8ad5ed36d81dc169204a2cb66d""],[""east"",""b1a28b883b4633c7b55388b5b43f571e79efcd391bc0ce6bc07019b5e25d8065""],[""south"",""c667e440b35d715226d38302c0104b35b5d5764fed6125e5bcc80d08fabf1f41""],[""west"",""2767619730916a7bca7fe58275301af35dc43db33040cad9a975264954dbabb5""]]"
mc_5b0a52df42c2efb2d37ec69e7c5f9bdf54f75b2746908666f3903419e850cf4d,BE_TABULA_11,Detached house,SFH,1971-1990,TABULA_existing,231ef175659def943b74235aceb0ef9def0e53fc195cdad7a8338fa6b54777e3,238.40000000000001,rcp_2_6,weather_2050_rcp_2_6_pvgis_2006,pvgis_2006,2006,2041-2060,928419318,1,1493054089,central,central,42500.497940764937,739.69305263762294,178.27390075824218,3.1027393147551297,20347.03125963136,8635.9666377579942,2088.7812771530062,85.652606554030939,5876,287,287,5876,0,3739.9249999998201,3499.9999999998199,9.3677954282611609e-11,2,residential_energy_demand_gate5_v1,4b5b7791539478f9b2562d1b176e235ac7b641e1afdc40c3d5242661d9dbed3d,4b5b7791539478f9b2562d1b176e235ac7b641e1afdc40c3d5242661d9dbed3d,2ad0e9f7bbdfe12695c931891fd0e8132d060fd7bcbca23623db43d4c7393a5c,561839806dcdb8279ac4e42025bc5a82751f2588a2b2066fa84637918d8e4896,2987a546cb3f48253dcdfdc400036a68d1977eddb1012f753e54eca010acedd8,73ed0728ba3aea4548919a2c599b960f1645e1842d48afd930cc90a737aecd92,a96eee14f959c7954577e91fe17d4515a9348f0431a52c4dd9b8f37b88ac9cf5,d543101e7ea78ed2ddaba45de0ca0f44ec997e73ba696c2970de54b1e75cccfc,e40ccb491db9d0ecfe8c9e8462f713cf096279ef2b219236d05222512135b242,fb59b12e82b041c59cc8a3933745a40e92c5e89aa7df64846e5855fbd3acb00e,38669e3f0e715d12f919bbd64ba6e09fbb431145f819869ebd01d20e8fde4ed0,"[[18.0,4476],[20.0,4284]]","[[26.0,8760]]","[[""north"",""002ee4e68ba2ff1e9da7eb8f1e16c441bba47a8ad5ed36d81dc169204a2cb66d""],[""east"",""b1a28b883b4633c7b55388b5b43f571e79efcd391bc0ce6bc07019b5e25d8065""],[""south"",""c667e440b35d715226d38302c0104b35b5d5764fed6125e5bcc80d08fabf1f41""],[""west"",""2767619730916a7bca7fe58275301af35dc43db33040cad9a975264954dbabb5""]]"
mc_57ec8c916272da751f2c39dc57ceef23f62727af651ab289f86d09bb2b58ba5d,BE_TABULA_11,Detached house,SFH,1971-1990,TABULA_existing,231ef175659def943b74235aceb0ef9def0e53fc195cdad7a8338fa6b54777e3,238.40000000000001,rcp_2_6,weather_2050_rcp_2_6_pvgis_2006,pvgis_2006,2006,2041-2060,383233399,1,2063486046,central,central,42461.341264143244,751.75309102222081,178.10965295362098,3.1533267240864968,20273.199009112839,7981.5467085748624,2094.4568859140973,94.18639249640492,5899,281,281,5899,0,3739.0266666663661,3499.9999999996985,8.8903107098303735e-11,2,residential_energy_demand_gate5_v1,4b5b7791539478f9b2562d1b176e235ac7b641e1afdc40c3d5242661d9dbed3d,4b5b7791539478f9b2562d1b176e235ac7b641e1afdc40c3d5242661d9dbed3d,2ad0e9f7bbdfe12695c931891fd0e8132d060fd7bcbca23623db43d4c7393a5c,561839806dcdb8279ac4e42025bc5a82751f2588a2b2066fa84637918d8e4896,2987a546cb3f48253dcdfdc400036a68d1977eddb1012f753e54eca010acedd8,73ed0728ba3aea4548919a2c599b960f1645e1842d48afd930cc90a737aecd92,a96eee14f959c7954577e91fe17d4515a9348f0431a52c4dd9b8f37b88ac9cf5,d543101e7ea78ed2ddaba45de0ca0f44ec997e73ba696c2970de54b1e75cccfc,e40ccb491db9d0ecfe8c9e8462f713cf096279ef2b219236d05222512135b242,fb59b12e82b041c59cc8a3933745a40e92c5e89aa7df64846e5855fbd3acb00e,38669e3f0e715d12f919bbd64ba6e09fbb431145f819869ebd01d20e8fde4ed0,"[[18.0,4541],[20.0,4219]]","[[26.0,8760]]","[[""north"",""002ee4e68ba2ff1e9da7eb8f1e16c441bba47a8ad5ed36d81dc169204a2cb66d""],[""east"",""b1a28b883b4633c7b55388b5b43f571e79efcd391bc0ce6bc07019b5e25d8065""],[""south"",""c667e440b35d715226d38302c0104b35b5d5764fed6125e5bcc80d08fabf1f41""],[""west"",""2767619730916a7bca7fe58275301af35dc43db33040cad9a975264954dbabb5""]]"
mc_b103ec24ab34d696489f61c815375b1c512084bc72153b1097924421e6735d91,BE_TABULA_11,Detached house,SFH,1971-1990,TABULA_existing,231ef175659def943b74235aceb0ef9def0e53fc195cdad7a8338fa6b54777e3,238.40000000000001,rcp_2_6,weather_2050_rcp_2_6_pvgis_2006,pvgis_2006,2006,2041-2060,2361976829,2,839684546,central,central,43077.892483470234,741.50253261811758,180.69585773267715,3.1103294153444527,20135.795030664398,7881.6321924140766,2139.3688413031505,94.079819321155327,5948,281,281,5948,0,3941.6416666661894,3499.999999999523,1.0277290130034089e-10,2,residential_energy_demand_gate5_v1,4b5b7791539478f9b2562d1b176e235ac7b641e1afdc40c3d5242661d9dbed3d,4b5b7791539478f9b2562d1b176e235ac7b641e1afdc40c3d5242661d9dbed3d,2ad0e9f7bbdfe12695c931891fd0e8132d060fd7bcbca23623db43d4c7393a5c,561839806dcdb8279ac4e42025bc5a82751f2588a2b2066fa84637918d8e4896,2987a546cb3f48253dcdfdc400036a68d1977eddb1012f753e54eca010acedd8,73ed0728ba3aea4548919a2c599b960f1645e1842d48afd930cc90a737aecd92,a96eee14f959c7954577e91fe17d4515a9348f0431a52c4dd9b8f37b88ac9cf5,d543101e7ea78ed2ddaba45de0ca0f44ec997e73ba696c2970de54b1e75cccfc,e40ccb491db9d0ecfe8c9e8462f713cf096279ef2b219236d05222512135b242,fb59b12e82b041c59cc8a3933745a40e92c5e89aa7df64846e5855fbd3acb00e,38669e3f0e715d12f919bbd64ba6e09fbb431145f819869ebd01d20e8fde4ed0,"[[18.0,3789],[20.0,4971]]","[[26.0,8760]]","[[""north"",""002ee4e68ba2ff1e9da7eb8f1e16c441bba47a8ad5ed36d81dc169204a2cb66d""],[""east"",""b1a28b883b4633c7b55388b5b43f571e79efcd391bc0ce6bc07019b5e25d8065""],[""south"",""c667e440b35d715226d38302c0104b35b5d5764fed6125e5bcc80d08fabf1f41""],[""west"",""2767619730916a7bca7fe58275301af35dc43db33040cad9a975264954dbabb5""]]"
mc_2bd01c6e7d7629bfa2df57b0a111216d851b1ba266cd83af102c6fb56b0a81fc,BE_TABULA_11,Detached house,SFH,1971-1990,TABULA_existing,231ef175659def943b74235aceb0ef9def0e53fc195cdad7a8338fa6b54777e3,238.40000000000001,rcp_2_6,weather_2050_rcp_2_6_pvgis_2006,pvgis_2006,2006,2041-2060,723624264,5,1555883653,central,central,43814.290748835847,751.88328091925962,183.78477663102285,3.1538728226479011,19785.633236310718,8725.3050021701238,2214.4497588496479,86.172721839781431,6039,294,294,6039,0,4330.8649999996742,3499.9999999996744,9.1858964879065752e-11,2,residential_energy_demand_gate5_v1,4b5b7791539478f9b2562d1b176e235ac7b641e1afdc40c3d5242661d9dbed3d,4b5b7791539478f9b2562d1b176e235ac7b641e1afdc40c3d5242661d9dbed3d,2ad0e9f7bbdfe12695c931891fd0e8132d060fd7bcbca23623db43d4c7393a5c,561839806dcdb8279ac4e42025bc5a82751f2588a2b2066fa84637918d8e4896,2987a546cb3f48253dcdfdc400036a68d1977eddb1012f753e54eca010acedd8,73ed0728ba3aea4548919a2c599b960f1645e1842d48afd930cc90a737aecd92,a96eee14f959c7954577e91fe17d4515a9348f0431a52c4dd9b8f37b88ac9cf5,d543101e7ea78ed2ddaba45de0ca0f44ec997e73ba696c2970de54b1e75cccfc,e40ccb491db9d0ecfe8c9e8462f713cf096279ef2b219236d05222512135b242,fb59b12e82b041c59cc8a3933745a40e92c5e89aa7df64846e5855fbd3acb00e,38669e3f0e715d12f919bbd64ba6e09fbb431145f819869ebd01d20e8fde4ed0,"[[18.0,2811],[20.0,5949]]","[[26.0,8760]]","[[""north"",""002ee4e68ba2ff1e9da7eb8f1e16c441bba47a8ad5ed36d81dc169204a2cb66d""],[""east"",""b1a28b883b4633c7b55388b5b43f571e79efcd391bc0ce6bc07019b5e25d8065""],[""south"",""c667e440b35d715226d38302c0104b35b5d5764fed6125e5bcc80d08fabf1f41""],[""west"",""2767619730916a7bca7fe58275301af35dc43db33040cad9a975264954dbabb5""]]"
mc_d88e6f25f63da349cf0f2b3c4dc497747b0f2979499e805e069802e384680548,BE_TABULA_11,Detached house,SFH,1971-1990,TABULA_existing,231ef175659def943b74235aceb0ef9def0e53fc195cdad7a8338fa6b54777e3,238.40000000000001,rcp_2_6,weather_2050_rcp_2_6_pvgis_2006,pvgis_2006,2006,2041-2060,4113141974,2,1158652197,central,central,43223.469815793738,736.27853177112354,181.30650090517508,3.088416660113773,20469.108378866164,8493.4201982294999,2111.6439961997016,86.688108510703955,5878,280,280,5878,0,3952.0716666665116,3499.9999999998445,9.7315933089703321e-11,2,residential_energy_demand_gate5_v1,4b5b7791539478f9b2562d1b176e235ac7b641e1afdc40c3d5242661d9dbed3d,4b5b7791539478f9b2562d1b176e235ac7b641e1afdc40c3d5242661d9dbed3d,2ad0e9f7bbdfe12695c931891fd0e8132d060fd7bcbca23623db43d4c7393a5c,561839806dcdb8279ac4e42025bc5a82751f2588a2b2066fa84637918d8e4896,2987a546cb3f48253dcdfdc400036a68d1977eddb1012f753e54eca010acedd8,73ed0728ba3aea4548919a2c599b960f1645e1842d48afd930cc90a737aecd92,a96eee14f959c7954577e91fe17d4515a9348f0431a52c4dd9b8f37b88ac9cf5,d543101e7ea78ed2ddaba45de0ca0f44ec997e73ba696c2970de54b1e75cccfc,e40ccb491db9d0ecfe8c9e8462f713cf096279ef2b219236d05222512135b242,fb59b12e82b041c59cc8a3933745a40e92c5e89aa7df64846e5855fbd3acb00e,38669e3f0e715d12f919bbd64ba6e09fbb431145f819869ebd01d20e8fde4ed0,"[[18.0,3676],[20.0,5084]]","[[26.0,8760]]","[[""north"",""002ee4e68ba2ff1e9da7eb8f1e16c441bba47a8ad5ed36d81dc169204a2cb66d""],[""east"",""b1a28b883b4633c7b55388b5b43f571e79efcd391bc0ce6bc07019b5e25d8065""],[""south"",""c667e440b35d715226d38302c0104b35b5d5764fed6125e5bcc80d08fabf1f41""],[""west"",""2767619730916a7bca7fe58275301af35dc43db33040cad9a975264954dbabb5""]]"
mc_6ca92f65f70a64863dea6145245f922b096b9c81f2ed623dee9c62b880818194,BE_TABULA_11,Detached house,SFH,1971-1990,TABULA_existing,231ef175659def943b74235aceb0ef9def0e53fc195cdad7a8338fa6b54777e3,238.40000000000001,rcp_2_6,weather_2050_rcp_2_6_pvgis_2006,pvgis_2006,2006,2041-2060,165987770,2,1660718897,central,central,43135.040232227933,745.41735909949989,180.93557144390911,3.126750667363674,20223.121351408176,8594.2971178527205,2132.9566036166993,86.73395262901289,5922,285,285,5922,0,3954.6033333331116,3499.9999999997785,9.049472282640636e-11,2,residential_energy_demand_gate5_v1,4b5b7791539478f9b2562d1b176e235ac7b641e1afdc40c3d5242661d9dbed3d,4b5b7791539478f9b2562d1b176e235ac7b641e1afdc40c3d5242661d9dbed3d,2ad0e9f7bbdfe12695c931891fd0e8132d060fd7bcbca23623db43d4c7393a5c,561839806dcdb8279ac4e42025bc5a82751f2588a2b2066fa84637918d8e4896,2987a546cb3f48253dcdfdc400036a68d1977eddb1012f753e54eca010acedd8,73ed0728ba3aea4548919a2c599b960f1645e1842d48afd930cc90a737aecd92,a96eee14f959c7954577e91fe17d4515a9348f0431a52c4dd9b8f37b88ac9cf5,d543101e7ea78ed2ddaba45de0ca0f44ec997e73ba696c2970de54b1e75cccfc,e40ccb491db9d0ecfe8c9e8462f713cf096279ef2b219236d05222512135b242,fb59b12e82b041c59cc8a3933745a40e92c5e89aa7df64846e5855fbd3acb00e,38669e3f0e715d12f919bbd64ba6e09fbb431145f819869ebd01d20e8fde4ed0,"[[18.0,3753],[20.0,5007]]","[[26.0,8760]]","[[""north"",""002ee4e68ba2ff1e9da7eb8f1e16c441bba47a8ad5ed36d81dc169204a2cb66d""],[""east"",""b1a28b883b4633c7b55388b5b43f571e79efcd391bc0ce6bc07019b5e25d8065""],[""south"",""c667e440b35d715226d38302c0104b35b5d5764fed6125e5bcc80d08fabf1f41""],[""west"",""2767619730916a7bca7fe58275301af35dc43db33040cad9a975264954dbabb5""]]"
mc_785e799237fcaca6d95f53fb9eb0b750e50d77823f301102fbb370be2e15f760,BE_TABULA_11,Detached house,SFH,1971-1990,TABULA_existing,231ef175659def943b74235aceb0ef9def0e53fc195cdad7a8338fa6b54777e3,238.40000000000001,rcp_2_6,weather_2050_rcp_2_6_pvgis_2006,pvgis_2006,2006,2041-2060,4048212796,4,3652768753,central,central,43570.772192988632,750.94715542350048,182.76330617864357,3.1499461217428713,19974.366236120597,8565.9449783353812,2181.3344001972655,87.666586386296387,5965,285,285,5965,0,4185.6383333318263,3499.9999999984934,9.333689376944676e-11,2,residential_energy_demand_gate5_v1,4b5b7791539478f9b2562d1b176e235ac7b641e1afdc40c3d5242661d9dbed3d,4b5b7791539478f9b2562d1b176e235ac7b641e1afdc40c3d5242661d9dbed3d,2ad0e9f7bbdfe12695c931891fd0e8132d060fd7bcbca23623db43d4c7393a5c,561839806dcdb8279ac4e42025bc5a82751f2588a2b2066fa84637918d8e4896,2987a546cb3f48253dcdfdc400036a68d1977eddb1012f753e54eca010acedd8,73ed0728ba3aea4548919a2c599b960f1645e1842d48afd930cc90a737aecd92,a96eee14f959c7954577e91fe17d4515a9348f0431a52c4dd9b8f37b88ac9cf5,d543101e7ea78ed2ddaba45de0ca0f44ec997e73ba696c2970de54b1e75cccfc,e40ccb491db9d0ecfe8c9e8462f713cf096279ef2b219236d05222512135b242,fb59b12e82b041c59cc8a3933745a40e92c5e89aa7df64846e5855fbd3acb00e,38669e3f0e715d12f919bbd64ba6e09fbb431145f819869ebd01d20e8fde4ed0,"[[18.0,3169],[20.0,5591]]","[[26.0,8760]]","[[""north"",""002ee4e68ba2ff1e9da7eb8f1e16c441bba47a8ad5ed36d81dc169204a2cb66d""],[""east"",""b1a28b883b4633c7b55388b5b43f571e79efcd391bc0ce6bc07019b5e25d8065""],[""south"",""c667e440b35d715226d38302c0104b35b5d5764fed6125e5bcc80d08fabf1f41""],[""west"",""2767619730916a7bca7fe58275301af35dc43db33040cad9a975264954dbabb5""]]"
mc_5d1ddc515abd934ac386b3c09466de040b8dec9909965dc74bda0fd57fc895a2,BE_TABULA_11,Detached house,SFH,1971-1990,TABULA_existing,231ef175659def943b74235aceb0ef9def0e53fc195cdad7a8338fa6b54777e3,238.40000000000001,rcp_2_6,weather_2050_rcp_2_6_pvgis_2006,pvgis_2006,2006,2041-2060,80031975,4,482579599,central,central,43511.726020124552,739.77515071750952,182.51562927904592,3.1030836858955935,20317.784664180726,8453.5056253438088,2141.5585773400594,87.511049676201338,5982,283,283,5982,0,4180.458333333183,3499.9999999998495,9.0949470177292824e-11,2,residential_energy_demand_gate5_v1,4b5b7791539478f9b2562d1b176e235ac7b641e1afdc40c3d5242661d9dbed3d,4b5b7791539478f9b2562d1b176e235ac7b641e1afdc40c3d5242661d9dbed3d,2ad0e9f7bbdfe12695c931891fd0e8132d060fd7bcbca23623db43d4c7393a5c,561839806dcdb8279ac4e42025bc5a82751f2588a2b2066fa84637918d8e4896,2987a546cb3f48253dcdfdc400036a68d1977eddb1012f753e54eca010acedd8,73ed0728ba3aea4548919a2c599b960f1645e1842d48afd930cc90a737aecd92,a96eee14f959c7954577e91fe17d4515a9348f0431a52c4dd9b8f37b88ac9cf5,d543101e7ea78ed2ddaba45de0ca0f44ec997e73ba696c2970de54b1e75cccfc,e40ccb491db9d0ecfe8c9e8462f713cf096279ef2b219236d05222512135b242,fb59b12e82b041c59cc8a3933745a40e92c5e89aa7df64846e5855fbd3acb00e,38669e3f0e715d12f919bbd64ba6e09fbb431145f819869ebd01d20e8fde4ed0,"[[18.0,3196],[20.0,5564]]","[[26.0,8760]]","[[""north"",""002ee4e68ba2ff1e9da7eb8f1e16c441bba47a8ad5ed36d81dc169204a2cb66d""],[""east"",""b1a28b883b4633c7b55388b5b43f571e79efcd391bc0ce6bc07019b5e25d8065""],[""south"",""c667e440b35d715226d38302c0104b35b5d5764fed6125e5bcc80d08fabf1f41""],[""west"",""2767619730916a7bca7fe58275301af35dc43db33040cad9a975264954dbabb5""]]"
mc_55af86102835efdbc0d4e53d9a21929c9a50b899018189a9a075560fde241049,BE_TABULA_11,Detached house,SFH,1971-1990,TABULA_existing,231ef175659def943b74235aceb0ef9def0e53fc195cdad7a8338fa6b54777e3,238.40000000000001,rcp_2_6,weather_2050_rcp_2_6_pvgis_2006,pvgis_2006,2006,2041-2060,2116466165,4,600067131,central,central,43555.674844716028,759.11943807525097,182.69997837548669,3.1842258308525628,20053.222092188349,8244.6549836389968,2172.0038128776805,92.07413040105088,5993,289,289,5993,0,4177.5883333328884,3499.9999999995548,8.9130480773746967e-11,2,residential_energy_demand_gate5_v1,4b5b7791539478f9b2562d1b176e235ac7b641e1afdc40c3d5242661d9dbed3d,4b5b7791539478f9b2562d1b176e235ac7b641e1afdc40c3d5242661d9dbed3d,2ad0e9f7bbdfe12695c931891fd0e8132d060fd7bcbca23623db43d4c7393a5c,561839806dcdb8279ac4e42025bc5a82751f2588a2b2066fa84637918d8e4896,2987a546cb3f48253dcdfdc400036a68d1977eddb1012f753e54eca010acedd8,73ed0728ba3aea4548919a2c599b960f1645e1842d48afd930cc90a737aecd92,a96eee14f959c7954577e91fe17d4515a9348f0431a52c4dd9b8f37b88ac9cf5,d543101e7ea78ed2ddaba45de0ca0f44ec997e73ba696c2970de54b1e75cccfc,e40ccb491db9d0ecfe8c9e8462f713cf096279ef2b219236d05222512135b242,fb59b12e82b041c59cc8a3933745a40e92c5e89aa7df64846e5855fbd3acb00e,38669e3f0e715d12f919bbd64ba6e09fbb431145f819869ebd01d20e8fde4ed0,"[[18.0,3198],[20.0,5562]]","[[26.0,8760]]","[[""north"",""002ee4e68ba2ff1e9da7eb8f1e16c441bba47a8ad5ed36d81dc169204a2cb66d""],[""east"",""b1a28b883b4633c7b55388b5b43f571e79efcd391bc0ce6bc07019b5e25d8065""],[""south"",""c667e440b35d715226d38302c0104b35b5d5764fed6125e5bcc80d08fabf1f41""],[""west"",""2767619730916a7bca7fe58275301af35dc43db33040cad9a975264954dbabb5""]]"
mc_3d5132b7ce494399c5d0a33e7232797d64fcf4a2fa1f9380bde23b0376515b0b,BE_TABULA_11,Detached house,SFH,1971-1990,TABULA_existing,231ef175659def943b74235aceb0ef9def0e53fc195cdad7a8338fa6b54777e3,238.40000000000001,rcp_2_6,weather_2050_rcp_2_6_pvgis_2006,pvgis_2006,2006,2041-2060,4202739625,2,4291519983,central,central,43153.147667141377,752.01885955289629,181.01152544941851,3.1544415249702027,20589.124161055523,8354.5274166337167,2095.9195412870386,90.013333136670298,5954,291,291,5954,0,3957.0999999994588,3499.9999999994589,8.1854523159563541e-11,2,residential_energy_demand_gate5_v1,4b5b7791539478f9b2562d1b176e235ac7b641e1afdc40c3d5242661d9dbed3d,4b5b7791539478f9b2562d1b176e235ac7b641e1afdc40c3d5242661d9dbed3d,2ad0e9f7bbdfe12695c931891fd0e8132d060fd7bcbca23623db43d4c7393a5c,561839806dcdb8279ac4e42025bc5a82751f2588a2b2066fa84637918d8e4896,2987a546cb3f48253dcdfdc400036a68d1977eddb1012f753e54eca010acedd8,73ed0728ba3aea4548919a2c599b960f1645e1842d48afd930cc90a737aecd92,a96eee14f959c7954577e91fe17d4515a9348f0431a52c4dd9b8f37b88ac9cf5,d543101e7ea78ed2ddaba45de0ca0f44ec997e73ba696c2970de54b1e75cccfc,e40ccb491db9d0ecfe8c9e8462f713cf096279ef2b219236d05222512135b242,fb59b12e82b041c59cc8a3933745a40e92c5e89aa7df64846e5855fbd3acb00e,38669e3f0e715d12f919bbd64ba6e09fbb431145f819869ebd01d20e8fde4ed0,"[[18.0,3706],[20.0,5054]]","[[26.0,8760]]","[[""north"",""002ee4e68ba2ff1e9da7eb8f1e16c441bba47a8ad5ed36d81dc169204a2cb66d""],[""east"",""b1a28b883b4633c7b55388b5b43f571e79efcd391bc0ce6bc07019b5e25d8065""],[""south"",""c667e440b35d715226d38302c0104b35b5d5764fed6125e5bcc80d08fabf1f41""],[""west"",""2767619730916a7bca7fe58275301af35dc43db33040cad9a975264954dbabb5""]]"
mc_35a3e664c4fc884faeec5def186773dcca18bcf0b288cf2da7f95a01bcffa6be,BE_TABULA_11,Detached house,SFH,1971-1990,TABULA_existing,231ef175659def943b74235aceb0ef9def0e53fc195cdad7a8338fa6b54777e3,238.40000000000001,rcp_2_6,weather_2050_rcp_2_6_pvgis_2006,pvgis_2006,2006,2041-2060,407954113,3,3772183402,central,central,43488.443357404809,733.9093740057142,182.4179671032081,3.0784789178092038,19869.69487880568,8348.5670579522612,2188.6819914780085,87.908424153656824,5966,276,276,5966,0,4062.695000000263,3500.0000000002633,8.5492501966655254e-11,2,residential_energy_demand_gate5_v1,4b5b7791539478f9b2562d1b176e235ac7b641e1afdc40c3d5242661d9dbed3d,4b5b7791539478f9b2562d1b176e235ac7b641e1afdc40c3d5242661d9dbed3d,2ad0e9f7bbdfe12695c931891fd0e8132d060fd7bcbca23623db43d4c7393a5c,561839806dcdb8279ac4e42025bc5a82751f2588a2b2066fa84637918d8e4896,2987a546cb3f48253dcdfdc400036a68d1977eddb1012f753e54eca010acedd8,73ed0728ba3aea4548919a2c599b960f1645e1842d48afd930cc90a737aecd92,a96eee14f959c7954577e91fe17d4515a9348f0431a52c4dd9b8f37b88ac9cf5,d543101e7ea78ed2ddaba45de0ca0f44ec997e73ba696c2970de54b1e75cccfc,e40ccb491db9d0ecfe8c9e8462f713cf096279ef2b219236d05222512135b242,fb59b12e82b041c59cc8a3933745a40e92c5e89aa7df64846e5855fbd3acb00e,38669e3f0e715d12f919bbd64ba6e09fbb431145f819869ebd01d20e8fde4ed0,"[[18.0,3336],[20.0,5424]]","[[26.0,8760]]","[[""north"",""002ee4e68ba2ff1e9da7eb8f1e16c441bba47a8ad5ed36d81dc169204a2cb66d""],[""east"",""b1a28b883b4633c7b55388b5b43f571e79efcd391bc0ce6bc07019b5e25d8065""],[""south"",""c667e440b35d715226d38302c0104b35b5d5764fed6125e5bcc80d08fabf1f41""],[""west"",""2767619730916a7bca7fe58275301af35dc43db33040cad9a975264954dbabb5""]]"
mc_534fa9e96c26c42e2c79956d3c0aa4e808e65bb10bc592a4129103c78a468b5d,BE_TABULA_11,Detached house,SFH,1971-1990,TABULA_existing,231ef175659def943b74235aceb0ef9def0e53fc195cdad7a8338fa6b54777e3,238.40000000000001,rcp_2_6,weather_2050_rcp_2_6_pvgis_2006,pvgis_2006,2006,2041-2060,4263995439,3,1733235126,central,central,43485.168755238999,726.88564471791926,182.40423135586829,3.0490169660986544,19907.729410433294,8798.285026424468,2184.3359359932419,82.616742073576361,6005,275,275,6005,0,4064.2583333331968,3499.9999999998631,8.6401996668428183e-11,2,residential_energy_demand_gate5_v1,4b5b7791539478f9b2562d1b176e235ac7b641e1afdc40c3d5242661d9dbed3d,4b5b7791539478f9b2562d1b176e235ac7b641e1afdc40c3d5242661d9dbed3d,2ad0e9f7bbdfe12695c931891fd0e8132d060fd7bcbca23623db43d4c7393a5c,561839806dcdb8279ac4e42025bc5a82751f2588a2b2066fa84637918d8e4896,2987a546cb3f48253dcdfdc400036a68d1977eddb1012f753e54eca010acedd8,73ed0728ba3aea4548919a2c599b960f1645e1842d48afd930cc90a737aecd92,a96eee14f959c7954577e91fe17d4515a9348f0431a52c4dd9b8f37b88ac9cf5,d543101e7ea78ed2ddaba45de0ca0f44ec997e73ba696c2970de54b1e75cccfc,e40ccb491db9d0ecfe8c9e8462f713cf096279ef2b219236d05222512135b242,fb59b12e82b041c59cc8a3933745a40e92c5e89aa7df64846e5855fbd3acb00e,38669e3f0e715d12f919bbd64ba6e09fbb431145f819869ebd01d20e8fde4ed0,"[[18.0,3340],[20.0,5420]]","[[26.0,8760]]","[[""north"",""002ee4e68ba2ff1e9da7eb8f1e16c441bba47a8ad5ed36d81dc169204a2cb66d""],[""east"",""b1a28b883b4633c7b55388b5b43f571e79efcd391bc0ce6bc07019b5e25d8065""],[""south"",""c667e440b35d715226d38302c0104b35b5d5764fed6125e5bcc80d08fabf1f41""],[""west"",""2767619730916a7bca7fe58275301af35dc43db33040cad9a975264954dbabb5""]]"
mc_10084085046895e05d398c6db3dd414e5bc8b1213e6ca2ea3a39f1c4ad0561ae,BE_TABULA_11,Detached house,SFH,1971-1990,TABULA_existing,231ef175659def943b74235aceb0ef9def0e53fc195cdad7a8338fa6b54777e3,238.40000000000001,rcp_2_6,weather_2050_rcp_2_6_pvgis_2006,pvgis_2006,2006,2041-2060,1886112852,2,2154598458,central,central,43114.277063184447,721.40061405360598,180.84847761402872,3.026009287137609,20353.810010882906,8263.0591048303631,2118.2411076909839,87.304302789253256,5927,278,278,5927,0,3946.2966666666284,3499.9999999999618,8.8220986071974039e-11,2,residential_energy_demand_gate5_v1,4b5b7791539478f9b2562d1b176e235ac7b641e1afdc40c3d5242661d9dbed3d,4b5b7791539478f9b2562d1b176e235ac7b641e1afdc40c3d5242661d9dbed3d,2ad0e9f7bbdfe12695c931891fd0e8132d060fd7bcbca23623db43d4c7393a5c,561839806dcdb8279ac4e42025bc5a82751f2588a2b2066fa84637918d8e4896,2987a546cb3f48253dcdfdc400036a68d1977eddb1012f753e54eca010acedd8,73ed0728ba3aea4548919a2c599b960f1645e1842d48afd930cc90a737aecd92,a96eee14f959c7954577e91fe17d4515a9348f0431a52c4dd9b8f37b88ac9cf5,d543101e7ea78ed2ddaba45de0ca0f44ec997e73ba696c2970de54b1e75cccfc,e40ccb491db9d0ecfe8c9e8462f713cf096279ef2b219236d05222512135b242,fb59b12e82b041c59cc8a3933745a40e92c5e89aa7df64846e5855fbd3acb00e,38669e3f0e715d12f919bbd64ba6e09fbb431145f819869ebd01d20e8fde4ed0,"[[18.0,3782],[20.0,4978]]","[[26.0,8760]]","[[""north"",""002ee4e68ba2ff1e9da7eb8f1e16c441bba47a8ad5ed36d81dc169204a2cb66d""],[""east"",""b1a28b883b4633c7b55388b5b43f571e79efcd391bc0ce6bc07019b5e25d8065""],[""south"",""c667e440b35d715226d38302c0104b35b5d5764fed6125e5bcc80d08fabf1f41""],[""west"",""2767619730916a7bca7fe58275301af35dc43db33040cad9a975264954dbabb5""]]"
mc_191c19c9d2f51c238954acf2db3603d9db43436fd93a0007df7faa2e1376bcdf,BE_TABULA_11,Detached house,SFH,1971-1990,TABULA_existing,231ef175659def943b74235aceb0ef9def0e53fc195cdad7a8338fa6b54777e3,238.40000000000001,rcp_2_6,weather_2050_rcp_2_6_pvgis_2006,pvgis_2006,2006,2041-2060,3969387698,1,3151871966,central,central,42516.296280786635,718.88082780852608,178.34016896303118,3.0154397139619382,20020.119561865242,7967.974189148501,2123.6784400515066,90.221279680795433,5862,279,279,5862,0,3738.8050000003677,3500.0000000003683,8.7311491370201111e-11,2,residential_energy_demand_gate5_v1,4b5b7791539478f9b2562d1b176e235ac7b641e1afdc40c3d5242661d9dbed3d,4b5b7791539478f9b2562d1b176e235ac7b641e1afdc40c3d5242661d9dbed3d,2ad0e9f7bbdfe12695c931891fd0e8132d060fd7bcbca23623db43d4c7393a5c,561839806dcdb8279ac4e42025bc5a82751f2588a2b2066fa84637918d8e4896,2987a546cb3f48253dcdfdc400036a68d1977eddb1012f753e54eca010acedd8,73ed0728ba3aea4548919a2c599b960f1645e1842d48afd930cc90a737aecd92,a96eee14f959c7954577e91fe17d4515a9348f0431a52c4dd9b8f37b88ac9cf5,d543101e7ea78ed2ddaba45de0ca0f44ec997e73ba696c2970de54b1e75cccfc,e40ccb491db9d0ecfe8c9e8462f713cf096279ef2b219236d05222512135b242,fb59b12e82b041c59cc8a3933745a40e92c5e89aa7df64846e5855fbd3acb00e,38669e3f0e715d12f919bbd64ba6e09fbb431145f819869ebd01d20e8fde4ed0,"[[18.0,4501],[20.0,4259]]","[[26.0,8760]]","[[""north"",""002ee4e68ba2ff1e9da7eb8f1e16c441bba47a8ad5ed36d81dc169204a2cb66d""],[""east"",""b1a28b883b4633c7b55388b5b43f571e79efcd391bc0ce6bc07019b5e25d8065""],[""south"",""c667e440b35d715226d38302c0104b35b5d5764fed6125e5bcc80d08fabf1f41""],[""west"",""2767619730916a7bca7fe58275301af35dc43db33040cad9a975264954dbabb5""]]"
mc_9f9893905583a144f618d789b9443aecdb8e85120f33219f652a52fb952a7231,BE_TABULA_11,Detached house,SFH,1971-1990,TABULA_existing,231ef175659def943b74235aceb0ef9def0e53fc195cdad7a8338fa6b54777e3,238.40000000000001,rcp_2_6,weather_2050_rcp_2_6_pvgis_2006,pvgis_2006,2006,2041-2060,4282019026,1,3851693447,central,central,42296.677991014949,721.83308731074465,177.41895130459289,3.0278233528135261,20276.722422409224,8056.4296532591252,2085.9721364173697,89.597143943128259,5878,281,281,5878,0,3731.1866666665542,3499.9999999998872,8.6856744019314647e-11,2,residential_energy_demand_gate5_v1,4b5b7791539478f9b2562d1b176e235ac7b641e1afdc40c3d5242661d9dbed3d,4b5b7791539478f9b2562d1b176e235ac7b641e1afdc40c3d5242661d9dbed3d,2ad0e9f7bbdfe12695c931891fd0e8132d060fd7bcbca23623db43d4c7393a5c,561839806dcdb8279ac4e42025bc5a82751f2588a2b2066fa84637918d8e4896,2987a546cb3f48253dcdfdc400036a68d1977eddb1012f753e54eca010acedd8,73ed0728ba3aea4548919a2c599b960f1645e1842d48afd930cc90a737aecd92,a96eee14f959c7954577e91fe17d4515a9348f0431a52c4dd9b8f37b88ac9cf5,d543101e7ea78ed2ddaba45de0ca0f44ec997e73ba696c2970de54b1e75cccfc,e40ccb491db9d0ecfe8c9e8462f713cf096279ef2b219236d05222512135b242,fb59b12e82b041c59cc8a3933745a40e92c5e89aa7df64846e5855fbd3acb00e,38669e3f0e715d12f919bbd64ba6e09fbb431145f819869ebd01d20e8fde4ed0,"[[18.0,4635],[20.0,4125]]","[[26.0,8760]]","[[""north"",""002ee4e68ba2ff1e9da7eb8f1e16c441bba47a8ad5ed36d81dc169204a2cb66d""],[""east"",""b1a28b883b4633c7b55388b5b43f571e79efcd391bc0ce6bc07019b5e25d8065""],[""south"",""c667e440b35d715226d38302c0104b35b5d5764fed6125e5bcc80d08fabf1f41""],[""west"",""2767619730916a7bca7fe58275301af35dc43db33040cad9a975264954dbabb5""]]"
mc_b62f4d785021db8ff9fce7bd16b1fe918e34ae0ed5be7e2889b93579d50f42c5,BE_TABULA_11,Detached house,SFH,1971-1990,TABULA_existing,231ef175659def943b74235aceb0ef9def0e53fc195cdad7a8338fa6b54777e3,238.40000000000001,rcp_2_6,weather_2050_rcp_2_6_pvgis_2006,pvgis_2006,2006,2041-2060,3013076802,2,3079320196,central,central,43090.863197050152,740.40078148156067,180.75026508829762,3.105707976013258,20210.83490396677,8005.7432164701722,2132.0674480692896,92.483703444089755,5921,276,276,5921,0,3945.7016666665736,3499.9999999999068,8.9130480773746967e-11,2,residential_energy_demand_gate5_v1,4b5b7791539478f9b2562d1b176e235ac7b641e1afdc40c3d5242661d9dbed3d,4b5b7791539478f9b2562d1b176e235ac7b641e1afdc40c3d5242661d9dbed3d,2ad0e9f7bbdfe12695c931891fd0e8132d060fd7bcbca23623db43d4c7393a5c,561839806dcdb8279ac4e42025bc5a82751f2588a2b2066fa84637918d8e4896,2987a546cb3f48253dcdfdc400036a68d1977eddb1012f753e54eca010acedd8,73ed0728ba3aea4548919a2c599b960f1645e1842d48afd930cc90a737aecd92,a96eee14f959c7954577e91fe17d4515a9348f0431a52c4dd9b8f37b88ac9cf5,d543101e7ea78ed2ddaba45de0ca0f44ec997e73ba696c2970de54b1e75cccfc,e40ccb491db9d0ecfe8c9e8462f713cf096279ef2b219236d05222512135b242,fb59b12e82b041c59cc8a3933745a40e92c5e89aa7df64846e5855fbd3acb00e,38669e3f0e715d12f919bbd64ba6e09fbb431145f819869ebd01d20e8fde4ed0,"[[18.0,3771],[20.0,4989]]","[[26.0,8760]]","[[""north"",""002ee4e68ba2ff1e9da7eb8f1e16c441bba47a8ad5ed36d81dc169204a2cb66d""],[""east"",""b1a28b883b4633c7b55388b5b43f571e79efcd391bc0ce6bc07019b5e25d8065""],[""south"",""c667e440b35d715226d38302c0104b35b5d5764fed6125e5bcc80d08fabf1f41""],[""west"",""2767619730916a7bca7fe58275301af35dc43db33040cad9a975264954dbabb5""]]"
mc_443556a6e0fb82e7881eedb678e61794d183404653945257c809c4bf91dbec52,BE_TABULA_11,Detached house,SFH,1971-1990,TABULA_existing,231ef175659def943b74235aceb0ef9def0e53fc195cdad7a8338fa6b54777e3,238.40000000000001,rcp_2_6,weather_2050_rcp_2_6_pvgis_2006,pvgis_2006,2006,2041-2060,2641806699,5,682517088,central,central,43867.281602799711,737.1380895634428,184.00705370301893,3.0920221877661191,20274.7426760952,8185.5358886037648,2163.6418426420346,90.053736199448636,6014,290,290,6014,0,4350.4416666669194,3500.0000000002524,8.6401996668428183e-11,2,residential_energy_demand_gate5_v1,4b5b7791539478f9b2562d1b176e235ac7b641e1afdc40c3d5242661d9dbed3d,4b5b7791539478f9b2562d1b176e235ac7b641e1afdc40c3d5242661d9dbed3d,2ad0e9f7bbdfe12695c931891fd0e8132d060fd7bcbca23623db43d4c7393a5c,561839806dcdb8279ac4e42025bc5a82751f2588a2b2066fa84637918d8e4896,2987a546cb3f48253dcdfdc400036a68d1977eddb1012f753e54eca010acedd8,73ed0728ba3aea4548919a2c599b960f1645e1842d48afd930cc90a737aecd92,a96eee14f959c7954577e91fe17d4515a9348f0431a52c4dd9b8f37b88ac9cf5,d543101e7ea78ed2ddaba45de0ca0f44ec997e73ba696c2970de54b1e75cccfc,e40ccb491db9d0ecfe8c9e8462f713cf096279ef2b219236d05222512135b242,fb59b12e82b041c59cc8a3933745a40e92c5e89aa7df64846e5855fbd3acb00e,38669e3f0e715d12f919bbd64ba6e09fbb431145f819869ebd01d20e8fde4ed0,"[[18.0,2764],[20.0,5996]]","[[26.0,8760]]","[[""north"",""002ee4e68ba2ff1e9da7eb8f1e16c441bba47a8ad5ed36d81dc169204a2cb66d""],[""east"",""b1a28b883b4633c7b55388b5b43f571e79efcd391bc0ce6bc07019b5e25d8065""],[""south"",""c667e440b35d715226d38302c0104b35b5d5764fed6125e5bcc80d08fabf1f41""],[""west"",""2767619730916a7bca7fe58275301af35dc43db33040cad9a975264954dbabb5""]]"
mc_638330c802f04cec64aa479685b5e588dacd0feee7ffa04032d0fa39379c85e8,BE_TABULA_11,Detached house,SFH,1971-1990,TABULA_existing,231ef175659def943b74235aceb0ef9def0e53fc195cdad7a8338fa6b54777e3,238.40000000000001,rcp_2_6,weather_2050_rcp_2_6_pvgis_2006,pvgis_2006,2006,2041-2060,484202279,1,252429783,central,central,42469.201641683772,735.97236808629668,178.14262433592185,3.0871324164693652,20192.268346033528,8827.4033319033497,2103.240751058373,83.373597015375935,5910,282,282,5910,0,3737.2649999999117,3499.9999999999118,9.5042196335271001e-11,2,residential_energy_demand_gate5_v1,4b5b7791539478f9b2562d1b176e235ac7b641e1afdc40c3d5242661d9dbed3d,4b5b7791539478f9b2562d1b176e235ac7b641e1afdc40c3d5242661d9dbed3d,2ad0e9f7bbdfe12695c931891fd0e8132d060fd7bcbca23623db43d4c7393a5c,561839806dcdb8279ac4e42025bc5a82751f2588a2b2066fa84637918d8e4896,2987a546cb3f48253dcdfdc400036a68d1977eddb1012f753e54eca010acedd8,73ed0728ba3aea4548919a2c599b960f1645e1842d48afd930cc90a737aecd92,a96eee14f959c7954577e91fe17d4515a9348f0431a52c4dd9b8f37b88ac9cf5,d543101e7ea78ed2ddaba45de0ca0f44ec997e73ba696c2970de54b1e75cccfc,e40ccb491db9d0ecfe8c9e8462f713cf096279ef2b219236d05222512135b242,fb59b12e82b041c59cc8a3933745a40e92c5e89aa7df64846e5855fbd3acb00e,38669e3f0e715d12f919bbd64ba6e09fbb431145f819869ebd01d20e8fde4ed0,"[[18.0,4561],[20.0,4199]]","[[26.0,8760]]","[[""north"",""002ee4e68ba2ff1e9da7eb8f1e16c441bba47a8ad5ed36d81dc169204a2cb66d""],[""east"",""b1a28b883b4633c7b55388b5b43f571e79efcd391bc0ce6bc07019b5e25d8065""],[""south"",""c667e440b35d715226d38302c0104b35b5d5764fed6125e5bcc80d08fabf1f41""],[""west"",""2767619730916a7bca7fe58275301af35dc43db33040cad9a975264954dbabb5""]]"
mc_8dd9fcaaf16d9bc7ea1963700406a8b7e61541bc470565b4a0fcc5d22c347729,BE_TABULA_13,Terraced house,SFH,1971-1990,TABULA_standard_B_proxy,5425e9370287189ca45179f958739e4d1ea29f5439b14d2d1b6a877cf57e26a0,168.30000000000001,rcp_2_6,weather_2050_rcp_2_6_pvgis_2006,pvgis_2006,2006,2041-2060,1203443498,4,2950803985,central,central,10564.137666845556,725.69868291125249,62.769683106628371,4.311935133162522,7511.1798645607514,4322.667714566729,1406.4551584883848,167.88213455911935,4423,555,555,4423,0,4185.6149999996142,3499.9999999996135,7.0258465711958706e-11,2,residential_energy_demand_gate5_v1,4b5b7791539478f9b2562d1b176e235ac7b641e1afdc40c3d5242661d9dbed3d,4b5b7791539478f9b2562d1b176e235ac7b641e1afdc40c3d5242661d9dbed3d,2ad0e9f7bbdfe12695c931891fd0e8132d060fd7bcbca23623db43d4c7393a5c,561839806dcdb8279ac4e42025bc5a82751f2588a2b2066fa84637918d8e4896,2987a546cb3f48253dcdfdc400036a68d1977eddb1012f753e54eca010acedd8,73ed0728ba3aea4548919a2c599b960f1645e1842d48afd930cc90a737aecd92,a96eee14f959c7954577e91fe17d4515a9348f0431a52c4dd9b8f37b88ac9cf5,d543101e7ea78ed2ddaba45de0ca0f44ec997e73ba696c2970de54b1e75cccfc,e40ccb491db9d0ecfe8c9e8462f713cf096279ef2b219236d05222512135b242,fb59b12e82b041c59cc8a3933745a40e92c5e89aa7df64846e5855fbd3acb00e,38669e3f0e715d12f919bbd64ba6e09fbb431145f819869ebd01d20e8fde4ed0,"[[18.0,3210],[20.0,5550]]","[[26.0,8760]]","[[""north"",""002ee4e68ba2ff1e9da7eb8f1e16c441bba47a8ad5ed36d81dc169204a2cb66d""],[""east"",""b1a28b883b4633c7b55388b5b43f571e79efcd391bc0ce6bc07019b5e25d8065""],[""south"",""c667e440b35d715226d38302c0104b35b5d5764fed6125e5bcc80d08fabf1f41""],[""west"",""2767619730916a7bca7fe58275301af35dc43db33040cad9a975264954dbabb5""]]"
mc_db4795579461ffbe22e3aca90b838bedac1fb48d953cfb93b2a36a4b93c223c5,BE_TABULA_13,Terraced house,SFH,1971-1990,TABULA_standard_B_proxy,5425e9370287189ca45179f958739e4d1ea29f5439b14d2d1b6a877cf57e26a0,168.30000000000001,rcp_2_6,weather_2050_rcp_2_6_pvgis_2006,pvgis_2006,2006,2041-2060,2404203277,3,2654959407,central,central,10574.636686743159,687.4482421246696,62.832065874885075,4.0846597868370145,7414.9565337252825,3761.2741008978051,1426.1225455128122,182.77004644797827,4451,530,530,4451,0,4067.384999999565,3499.9999999995653,6.7416294768918306e-11,2,residential_energy_demand_gate5_v1,4b5b7791539478f9b2562d1b176e235ac7b641e1afdc40c3d5242661d9dbed3d,4b5b7791539478f9b2562d1b176e235ac7b641e1afdc40c3d5242661d9dbed3d,2ad0e9f7bbdfe12695c931891fd0e8132d060fd7bcbca23623db43d4c7393a5c,561839806dcdb8279ac4e42025bc5a82751f2588a2b2066fa84637918d8e4896,2987a546cb3f48253dcdfdc400036a68d1977eddb1012f753e54eca010acedd8,73ed0728ba3aea4548919a2c599b960f1645e1842d48afd930cc90a737aecd92,a96eee14f959c7954577e91fe17d4515a9348f0431a52c4dd9b8f37b88ac9cf5,d543101e7ea78ed2ddaba45de0ca0f44ec997e73ba696c2970de54b1e75cccfc,e40ccb491db9d0ecfe8c9e8462f713cf096279ef2b219236d05222512135b242,fb59b12e82b041c59cc8a3933745a40e92c5e89aa7df64846e5855fbd3acb00e,38669e3f0e715d12f919bbd64ba6e09fbb431145f819869ebd01d20e8fde4ed0,"[[18.0,3303],[20.0,5457]]","[[26.0,8760]]","[[""north"",""002ee4e68ba2ff1e9da7eb8f1e16c441bba47a8ad5ed36d81dc169204a2cb66d""],[""east"",""b1a28b883b4633c7b55388b5b43f571e79efcd391bc0ce6bc07019b5e25d8065""],[""south"",""c667e440b35d715226d38302c0104b35b5d5764fed6125e5bcc80d08fabf1f41""],[""west"",""2767619730916a7bca7fe58275301af35dc43db33040cad9a975264954dbabb5""]]"
mc_b9cfbf4bd4cb92256547e2ed34c8d3c65f4339cb0a091570f5a06dc4e0dc6b97,BE_TABULA_13,Terraced house,SFH,1971-1990,TABULA_standard_B_proxy,5425e9370287189ca45179f958739e4d1ea29f5439b14d2d1b6a877cf57e26a0,168.30000000000001,rcp_2_6,weather_2050_rcp_2_6_pvgis_2006,pvgis_2006,2006,2041-2060,556301278,2,3952333982,central,central,10575.943207038305,663.91853028926289,62.839828918825333,3.9448516357056618,7494.1848821401873,3755.8149547908056,1411.2199489823674,176.77083090645564,4378,532,532,4378,0,3946.4599999993889,3499.9999999993893,6.730260793119669e-11,2,residential_energy_demand_gate5_v1,4b5b7791539478f9b2562d1b176e235ac7b641e1afdc40c3d5242661d9dbed3d,4b5b7791539478f9b2562d1b176e235ac7b641e1afdc40c3d5242661d9dbed3d,2ad0e9f7bbdfe12695c931891fd0e8132d060fd7bcbca23623db43d4c7393a5c,561839806dcdb8279ac4e42025bc5a82751f2588a2b2066fa84637918d8e4896,2987a546cb3f48253dcdfdc400036a68d1977eddb1012f753e54eca010acedd8,73ed0728ba3aea4548919a2c599b960f1645e1842d48afd930cc90a737aecd92,a96eee14f959c7954577e91fe17d4515a9348f0431a52c4dd9b8f37b88ac9cf5,d543101e7ea78ed2ddaba45de0ca0f44ec997e73ba696c2970de54b1e75cccfc,e40ccb491db9d0ecfe8c9e8462f713cf096279ef2b219236d05222512135b242,fb59b12e82b041c59cc8a3933745a40e92c5e89aa7df64846e5855fbd3acb00e,38669e3f0e715d12f919bbd64ba6e09fbb431145f819869ebd01d20e8fde4ed0,"[[18.0,3769],[20.0,4991]]","[[26.0,8760]]","[[""north"",""002ee4e68ba2ff1e9da7eb8f1e16c441bba47a8ad5ed36d81dc169204a2cb66d""],[""east"",""b1a28b883b4633c7b55388b5b43f571e79efcd391bc0ce6bc07019b5e25d8065""],[""south"",""c667e440b35d715226d38302c0104b35b5d5764fed6125e5bcc80d08fabf1f41""],[""west"",""2767619730916a7bca7fe58275301af35dc43db33040cad9a975264954dbabb5""]]"
mc_8e8ee9a670f3d32b274ae0a226e05815590199999b2a24754196a3ecbc496b48,BE_TABULA_13,Terraced house,SFH,1971-1990,TABULA_standard_B_proxy,5425e9370287189ca45179f958739e4d1ea29f5439b14d2d1b6a877cf57e26a0,168.30000000000001,rcp_2_6,weather_2050_rcp_2_6_pvgis_2006,pvgis_2006,2006,2041-2060,3323552575,1,3663581506,central,central,10388.211151861511,607.78009223377649,61.72436810375229,3.6112899122624862,7543.0790999188148,4227.0150022611579,1377.1844381127221,143.78470194893006,4377,481,481,4377,0,3729.2383333328439,3499.9999999995107,6.6620486904866993e-11,2,residential_energy_demand_gate5_v1,4b5b7791539478f9b2562d1b176e235ac7b641e1afdc40c3d5242661d9dbed3d,4b5b7791539478f9b2562d1b176e235ac7b641e1afdc40c3d5242661d9dbed3d,2ad0e9f7bbdfe12695c931891fd0e8132d060fd7bcbca23623db43d4c7393a5c,561839806dcdb8279ac4e42025bc5a82751f2588a2b2066fa84637918d8e4896,2987a546cb3f48253dcdfdc400036a68d1977eddb1012f753e54eca010acedd8,73ed0728ba3aea4548919a2c599b960f1645e1842d48afd930cc90a737aecd92,a96eee14f959c7954577e91fe17d4515a9348f0431a52c4dd9b8f37b88ac9cf5,d543101e7ea78ed2ddaba45de0ca0f44ec997e73ba696c2970de54b1e75cccfc,e40ccb491db9d0ecfe8c9e8462f713cf096279ef2b219236d05222512135b242,fb59b12e82b041c59cc8a3933745a40e92c5e89aa7df64846e5855fbd3acb00e,38669e3f0e715d12f919bbd64ba6e09fbb431145f819869ebd01d20e8fde4ed0,"[[18.0,4662],[20.0,4098]]","[[26.0,8760]]","[[""north"",""002ee4e68ba2ff1e9da7eb8f1e16c441bba47a8ad5ed36d81dc169204a2cb66d""],[""east"",""b1a28b883b4633c7b55388b5b43f571e79efcd391bc0ce6bc07019b5e25d8065""],[""south"",""c667e440b35d715226d38302c0104b35b5d5764fed6125e5bcc80d08fabf1f41""],[""west"",""2767619730916a7bca7fe58275301af35dc43db33040cad9a975264954dbabb5""]]"
mc_794c4e629b3a2f96ae5e303206513dffca738f456eefec077d697acefa3f488a,BE_TABULA_13,Terraced house,SFH,1971-1990,TABULA_standard_B_proxy,5425e9370287189ca45179f958739e4d1ea29f5439b14d2d1b6a877cf57e26a0,168.30000000000001,rcp_2_6,weather_2050_rcp_2_6_pvgis_2006,pvgis_2006,2006,2041-2060,3843248486,5,251978867,central,central,10562.898615222273,706.1728640124071,62.762320946062225,4.1959171955579739,7311.253822716777,3742.2529186454844,1444.7451656516587,188.70260224635157,4457,560,560,4457,0,4335.800000001188,3500.0000000011878,6.5256244852207601e-11,2,residential_energy_demand_gate5_v1,4b5b7791539478f9b2562d1b176e235ac7b641e1afdc40c3d5242661d9dbed3d,4b5b7791539478f9b2562d1b176e235ac7b641e1afdc40c3d5242661d9dbed3d,2ad0e9f7bbdfe12695c931891fd0e8132d060fd7bcbca23623db43d4c7393a5c,561839806dcdb8279ac4e42025bc5a82751f2588a2b2066fa84637918d8e4896,2987a546cb3f48253dcdfdc400036a68d1977eddb1012f753e54eca010acedd8,73ed0728ba3aea4548919a2c599b960f1645e1842d48afd930cc90a737aecd92,a96eee14f959c7954577e91fe17d4515a9348f0431a52c4dd9b8f37b88ac9cf5,d543101e7ea78ed2ddaba45de0ca0f44ec997e73ba696c2970de54b1e75cccfc,e40ccb491db9d0ecfe8c9e8462f713cf096279ef2b219236d05222512135b242,fb59b12e82b041c59cc8a3933745a40e92c5e89aa7df64846e5855fbd3acb00e,38669e3f0e715d12f919bbd64ba6e09fbb431145f819869ebd01d20e8fde4ed0,"[[18.0,2818],[20.0,5942]]","[[26.0,8760]]","[[""north"",""002ee4e68ba2ff1e9da7eb8f1e16c441bba47a8ad5ed36d81dc169204a2cb66d""],[""east"",""b1a28b883b4633c7b55388b5b43f571e79efcd391bc0ce6bc07019b5e25d8065""],[""south"",""c667e440b35d715226d38302c0104b35b5d5764fed6125e5bcc80d08fabf1f41""],[""west"",""2767619730916a7bca7fe58275301af35dc43db33040cad9a975264954dbabb5""]]"
mc_b640adc109e09194266c8d4197283b6dbed98b0a5f857b9eee52420f2d05fb7f,BE_TABULA_13,Terraced house,SFH,1971-1990,TABULA_standard_B_proxy,5425e9370287189ca45179f958739e4d1ea29f5439b14d2d1b6a877cf57e26a0,168.30000000000001,rcp_2_6,weather_2050_rcp_2_6_pvgis_2006,pvgis_2006,2006,2041-2060,3312507027,1,2010455973,central,central,10509.681381787619,662.08492048343612,62.446116350490897,3.9339567467821515,7574.6508416871375,3863.1186786949033,1387.4806379123804,171.38611975211478,4327,521,521,4327,0,3739.1550000003494,3500.0000000003492,6.9121597334742546e-11,2,residential_energy_demand_gate5_v1,4b5b7791539478f9b2562d1b176e235ac7b641e1afdc40c3d5242661d9dbed3d,4b5b7791539478f9b2562d1b176e235ac7b641e1afdc40c3d5242661d9dbed3d,2ad0e9f7bbdfe12695c931891fd0e8132d060fd7bcbca23623db43d4c7393a5c,561839806dcdb8279ac4e42025bc5a82751f2588a2b2066fa84637918d8e4896,2987a546cb3f48253dcdfdc400036a68d1977eddb1012f753e54eca010acedd8,73ed0728ba3aea4548919a2c599b960f1645e1842d48afd930cc90a737aecd92,a96eee14f959c7954577e91fe17d4515a9348f0431a52c4dd9b8f37b88ac9cf5,d543101e7ea78ed2ddaba45de0ca0f44ec997e73ba696c2970de54b1e75cccfc,e40ccb491db9d0ecfe8c9e8462f713cf096279ef2b219236d05222512135b242,fb59b12e82b041c59cc8a3933745a40e92c5e89aa7df64846e5855fbd3acb00e,38669e3f0e715d12f919bbd64ba6e09fbb431145f819869ebd01d20e8fde4ed0,"[[18.0,4506],[20.0,4254]]","[[26.0,8760]]","[[""north"",""002ee4e68ba2ff1e9da7eb8f1e16c441bba47a8ad5ed36d81dc169204a2cb66d""],[""east"",""b1a28b883b4633c7b55388b5b43f571e79efcd391bc0ce6bc07019b5e25d8065""],[""south"",""c667e440b35d715226d38302c0104b35b5d5764fed6125e5bcc80d08fabf1f41""],[""west"",""2767619730916a7bca7fe58275301af35dc43db33040cad9a975264954dbabb5""]]"
mc_73d7af90f1acd76c28685c8e6bea3fab76bff2bb24f476f329976bbb06690906,BE_TABULA_13,Terraced house,SFH,1971-1990,TABULA_standard_B_proxy,5425e9370287189ca45179f958739e4d1ea29f5439b14d2d1b6a877cf57e26a0,168.30000000000001,rcp_2_6,weather_2050_rcp_2_6_pvgis_2006,pvgis_2006,2006,2041-2060,526650457,2,2819822863,central,central,10564.312447249155,683.80077787077892,62.77072161170026,4.0629873907948832,7339.0850143056059,3956.7308431303304,1439.4590642643898,172.81963443583552,4384,537,537,4384,0,3952.2466666675477,3500.0000000008813,6.8268946051830426e-11,2,residential_energy_demand_gate5_v1,4b5b7791539478f9b2562d1b176e235ac7b641e1afdc40c3d5242661d9dbed3d,4b5b7791539478f9b2562d1b176e235ac7b641e1afdc40c3d5242661d9dbed3d,2ad0e9f7bbdfe12695c931891fd0e8132d060fd7bcbca23623db43d4c7393a5c,561839806dcdb8279ac4e42025bc5a82751f2588a2b2066fa84637918d8e4896,2987a546cb3f48253dcdfdc400036a68d1977eddb1012f753e54eca010acedd8,73ed0728ba3aea4548919a2c599b960f1645e1842d48afd930cc90a737aecd92,a96eee14f959c7954577e91fe17d4515a9348f0431a52c4dd9b8f37b88ac9cf5,d543101e7ea78ed2ddaba45de0ca0f44ec997e73ba696c2970de54b1e75cccfc,e40ccb491db9d0ecfe8c9e8462f713cf096279ef2b219236d05222512135b242,fb59b12e82b041c59cc8a3933745a40e92c5e89aa7df64846e5855fbd3acb00e,38669e3f0e715d12f919bbd64ba6e09fbb431145f819869ebd01d20e8fde4ed0,"[[18.0,3742],[20.0,5018]]","[[26.0,8760]]","[[""north"",""002ee4e68ba2ff1e9da7eb8f1e16c441bba47a8ad5ed36d81dc169204a2cb66d""],[""east"",""b1a28b883b4633c7b55388b5b43f571e79efcd391bc0ce6bc07019b5e25d8065""],[""south"",""c667e440b35d715226d38302c0104b35b5d5764fed6125e5bcc80d08fabf1f41""],[""west"",""2767619730916a7bca7fe58275301af35dc43db33040cad9a975264954dbabb5""]]"
mc_40681089093946ae4eed845130639174333f7dc43c9450a11ffb8aafa902c443,BE_TABULA_13,Terraced house,SFH,1971-1990,TABULA_standard_B_proxy,5425e9370287189ca45179f958739e4d1ea29f5439b14d2d1b6a877cf57e26a0,168.30000000000001,rcp_2_6,weather_2050_rcp_2_6_pvgis_2006,pvgis_2006,2006,2041-2060,2006049321,2,3978763875,central,central,10552.064197067142,653.51288934714148,62.697945318283672,3.8830237037857485,7502.0191063883667,4058.9789069875756,1406.5632261695389,161.00425853953368,4413,539,539,4413,0,3961.7899999999822,3499.9999999999823,6.5483618527650833e-11,2,residential_energy_demand_gate5_v1,4b5b7791539478f9b2562d1b176e235ac7b641e1afdc40c3d5242661d9dbed3d,4b5b7791539478f9b2562d1b176e235ac7b641e1afdc40c3d5242661d9dbed3d,2ad0e9f7bbdfe12695c931891fd0e8132d060fd7bcbca23623db43d4c7393a5c,561839806dcdb8279ac4e42025bc5a82751f2588a2b2066fa84637918d8e4896,2987a546cb3f48253dcdfdc400036a68d1977eddb1012f753e54eca010acedd8,73ed0728ba3aea4548919a2c599b960f1645e1842d48afd930cc90a737aecd92,a96eee14f959c7954577e91fe17d4515a9348f0431a52c4dd9b8f37b88ac9cf5,d543101e7ea78ed2ddaba45de0ca0f44ec997e73ba696c2970de54b1e75cccfc,e40ccb491db9d0ecfe8c9e8462f713cf096279ef2b219236d05222512135b242,fb59b12e82b041c59cc8a3933745a40e92c5e89aa7df64846e5855fbd3acb00e,38669e3f0e715d12f919bbd64ba6e09fbb431145f819869ebd01d20e8fde4ed0,"[[18.0,3681],[20.0,5079]]","[[26.0,8760]]","[[""north"",""002ee4e68ba2ff1e9da7eb8f1e16c441bba47a8ad5ed36d81dc169204a2cb66d""],[""east"",""b1a28b883b4633c7b55388b5b43f571e79efcd391bc0ce6bc07019b5e25d8065""],[""south"",""c667e440b35d715226d38302c0104b35b5d5764fed6125e5bcc80d08fabf1f41""],[""west"",""2767619730916a7bca7fe58275301af35dc43db33040cad9a975264954dbabb5""]]"
mc_7298351d3a2371df7fe1e6e90b813706c51984dab2e21edbde1e181efae588af,BE_TABULA_13,Terraced house,SFH,1971-1990,TABULA_standard_B_proxy,5425e9370287189ca45179f958739e4d1ea29f5439b14d2d1b6a877cf57e26a0,168.30000000000001,rcp_2_6,weather_2050_rcp_2_6_pvgis_2006,pvgis_2006,2006,2041-2060,3087163335,2,2259369127,central,central,10507.729458235319,664.91982199080564,62.434518468421381,3.9508010813476266,7481.4014668406908,3910.1204569714409,1404.5135132512294,170.05098162776682,4408,532,532,4408,0,3945.5266666664597,3499.9999999997935,6.4289906731573865e-11,2,residential_energy_demand_gate5_v1,4b5b7791539478f9b2562d1b176e235ac7b641e1afdc40c3d5242661d9dbed3d,4b5b7791539478f9b2562d1b176e235ac7b641e1afdc40c3d5242661d9dbed3d,2ad0e9f7bbdfe12695c931891fd0e8132d060fd7bcbca23623db43d4c7393a5c,561839806dcdb8279ac4e42025bc5a82751f2588a2b2066fa84637918d8e4896,2987a546cb3f48253dcdfdc400036a68d1977eddb1012f753e54eca010acedd8,73ed0728ba3aea4548919a2c599b960f1645e1842d48afd930cc90a737aecd92,a96eee14f959c7954577e91fe17d4515a9348f0431a52c4dd9b8f37b88ac9cf5,d543101e7ea78ed2ddaba45de0ca0f44ec997e73ba696c2970de54b1e75cccfc,e40ccb491db9d0ecfe8c9e8462f713cf096279ef2b219236d05222512135b242,fb59b12e82b041c59cc8a3933745a40e92c5e89aa7df64846e5855fbd3acb00e,38669e3f0e715d12f919bbd64ba6e09fbb431145f819869ebd01d20e8fde4ed0,"[[18.0,3817],[20.0,4943]]","[[26.0,8760]]","[[""north"",""002ee4e68ba2ff1e9da7eb8f1e16c441bba47a8ad5ed36d81dc169204a2cb66d""],[""east"",""b1a28b883b4633c7b55388b5b43f571e79efcd391bc0ce6bc07019b5e25d8065""],[""south"",""c667e440b35d715226d38302c0104b35b5d5764fed6125e5bcc80d08fabf1f41""],[""west"",""2767619730916a7bca7fe58275301af35dc43db33040cad9a975264954dbabb5""]]"
mc_c6c27260ab2803c3a874d4c4d0ae75318a9df28daed3a3b5f040dea70f07b3ae,BE_TABULA_13,Terraced house,SFH,1971-1990,TABULA_standard_B_proxy,5425e9370287189ca45179f958739e4d1ea29f5439b14d2d1b6a877cf57e26a0,168.30000000000001,rcp_2_6,weather_2050_rcp_2_6_pvgis_2006,pvgis_2006,2006,2041-2060,1341830702,3,629275523,central,central,10593.483481974796,691.0136376015065,62.944049209594745,4.1058445490285589,7308.8023855289011,4299.3389704600377,1449.4144078856771,160.72555393964825,4434,533,533,4434,0,4050.5033333333936,3500.0000000000605,7.5942807598039508e-11,2,residential_energy_demand_gate5_v1,4b5b7791539478f9b2562d1b176e235ac7b641e1afdc40c3d5242661d9dbed3d,4b5b7791539478f9b2562d1b176e235ac7b641e1afdc40c3d5242661d9dbed3d,2ad0e9f7bbdfe12695c931891fd0e8132d060fd7bcbca23623db43d4c7393a5c,561839806dcdb8279ac4e42025bc5a82751f2588a2b2066fa84637918d8e4896,2987a546cb3f48253dcdfdc400036a68d1977eddb1012f753e54eca010acedd8,73ed0728ba3aea4548919a2c599b960f1645e1842d48afd930cc90a737aecd92,a96eee14f959c7954577e91fe17d4515a9348f0431a52c4dd9b8f37b88ac9cf5,d543101e7ea78ed2ddaba45de0ca0f44ec997e73ba696c2970de54b1e75cccfc,e40ccb491db9d0ecfe8c9e8462f713cf096279ef2b219236d05222512135b242,fb59b12e82b041c59cc8a3933745a40e92c5e89aa7df64846e5855fbd3acb00e,38669e3f0e715d12f919bbd64ba6e09fbb431145f819869ebd01d20e8fde4ed0,"[[18.0,3398],[20.0,5362]]","[[26.0,8760]]","[[""north"",""002ee4e68ba2ff1e9da7eb8f1e16c441bba47a8ad5ed36d81dc169204a2cb66d""],[""east"",""b1a28b883b4633c7b55388b5b43f571e79efcd391bc0ce6bc07019b5e25d8065""],[""south"",""c667e440b35d715226d38302c0104b35b5d5764fed6125e5bcc80d08fabf1f41""],[""west"",""2767619730916a7bca7fe58275301af35dc43db33040cad9a975264954dbabb5""]]"
mc_8a6d46b409444f0d10f157cf7c49b8490de2e6d1b6e0406530c552baf270ba48,BE_TABULA_13,Terraced house,SFH,1971-1990,TABULA_standard_B_proxy,5425e9370287189ca45179f958739e4d1ea29f5439b14d2d1b6a877cf57e26a0,168.30000000000001,rcp_2_6,weather_2050_rcp_2_6_pvgis_2006,pvgis_2006,2006,2041-2060,3835840985,3,3290365174,central,central,10614.202894775573,677.93683064773745,63.067159208411006,4.0281451613056296,7729.2871362718179,3921.7275459205234,1373.2447388279172,172.8668865212077,4430,538,538,4430,0,4067.3616666672956,3500.0000000006285,6.7984728957526386e-11,2,residential_energy_demand_gate5_v1,4b5b7791539478f9b2562d1b176e235ac7b641e1afdc40c3d5242661d9dbed3d,4b5b7791539478f9b2562d1b176e235ac7b641e1afdc40c3d5242661d9dbed3d,2ad0e9f7bbdfe12695c931891fd0e8132d060fd7bcbca23623db43d4c7393a5c,561839806dcdb8279ac4e42025bc5a82751f2588a2b2066fa84637918d8e4896,2987a546cb3f48253dcdfdc400036a68d1977eddb1012f753e54eca010acedd8,73ed0728ba3aea4548919a2c599b960f1645e1842d48afd930cc90a737aecd92,a96eee14f959c7954577e91fe17d4515a9348f0431a52c4dd9b8f37b88ac9cf5,d543101e7ea78ed2ddaba45de0ca0f44ec997e73ba696c2970de54b1e75cccfc,e40ccb491db9d0ecfe8c9e8462f713cf096279ef2b219236d05222512135b242,fb59b12e82b041c59cc8a3933745a40e92c5e89aa7df64846e5855fbd3acb00e,38669e3f0e715d12f919bbd64ba6e09fbb431145f819869ebd01d20e8fde4ed0,"[[18.0,3298],[20.0,5462]]","[[26.0,8760]]","[[""north"",""002ee4e68ba2ff1e9da7eb8f1e16c441bba47a8ad5ed36d81dc169204a2cb66d""],[""east"",""b1a28b883b4633c7b55388b5b43f571e79efcd391bc0ce6bc07019b5e25d8065""],[""south"",""c667e440b35d715226d38302c0104b35b5d5764fed6125e5bcc80d08fabf1f41""],[""west"",""2767619730916a7bca7fe58275301af35dc43db33040cad9a975264954dbabb5""]]"
mc_c54400c4d656cb8195a9e007fec3156a83b58ba235c18842957ca581e61bc557,BE_TABULA_13,Terraced house,SFH,1971-1990,TABULA_standard_B_proxy,5425e9370287189ca45179f958739e4d1ea29f5439b14d2d1b6a877cf57e26a0,168.30000000000001,rcp_2_6,weather_2050_rcp_2_6_pvgis_2006,pvgis_2006,2006,2041-2060,2527946898,1,2830791166,central,central,10489.553855633379,629.92142494199379,62.326523206377772,3.7428486330480912,7325.2846435207284,4348.9240976961419,1431.9653591770625,144.84534813465632,4347,504,504,4347,0,3737.1483333335882,3500.0000000002547,6.5483618527650833e-11,2,residential_energy_demand_gate5_v1,4b5b7791539478f9b2562d1b176e235ac7b641e1afdc40c3d5242661d9dbed3d,4b5b7791539478f9b2562d1b176e235ac7b641e1afdc40c3d5242661d9dbed3d,2ad0e9f7bbdfe12695c931891fd0e8132d060fd7bcbca23623db43d4c7393a5c,561839806dcdb8279ac4e42025bc5a82751f2588a2b2066fa84637918d8e4896,2987a546cb3f48253dcdfdc400036a68d1977eddb1012f753e54eca010acedd8,73ed0728ba3aea4548919a2c599b960f1645e1842d48afd930cc90a737aecd92,a96eee14f959c7954577e91fe17d4515a9348f0431a52c4dd9b8f37b88ac9cf5,d543101e7ea78ed2ddaba45de0ca0f44ec997e73ba696c2970de54b1e75cccfc,e40ccb491db9d0ecfe8c9e8462f713cf096279ef2b219236d05222512135b242,fb59b12e82b041c59cc8a3933745a40e92c5e89aa7df64846e5855fbd3acb00e,38669e3f0e715d12f919bbd64ba6e09fbb431145f819869ebd01d20e8fde4ed0,"[[18.0,4526],[20.0,4234]]","[[26.0,8760]]","[[""north"",""002ee4e68ba2ff1e9da7eb8f1e16c441bba47a8ad5ed36d81dc169204a2cb66d""],[""east"",""b1a28b883b4633c7b55388b5b43f571e79efcd391bc0ce6bc07019b5e25d8065""],[""south"",""c667e440b35d715226d38302c0104b35b5d5764fed6125e5bcc80d08fabf1f41""],[""west"",""2767619730916a7bca7fe58275301af35dc43db33040cad9a975264954dbabb5""]]"
mc_1cac49460e96d9fb816805d889e9cc116144bcf30e438c435da0022f22fbe54d,BE_TABULA_13,Terraced house,SFH,1971-1990,TABULA_standard_B_proxy,5425e9370287189ca45179f958739e4d1ea29f5439b14d2d1b6a877cf57e26a0,168.30000000000001,rcp_2_6,weather_2050_rcp_2_6_pvgis_2006,pvgis_2006,2006,2041-2060,1636053932,1,1368692372,central,central,10456.116971459509,635.68857614904152,62.127848909444495,3.777115722810704,7487.1370434130213,5004.9918926409337,1396.5440876574467,127.01091026415513,4402,501,501,4402,0,3738.5366666674408,3500.0000000007749,6.5938365878537297e-11,2,residential_energy_demand_gate5_v1,4b5b7791539478f9b2562d1b176e235ac7b641e1afdc40c3d5242661d9dbed3d,4b5b7791539478f9b2562d1b176e235ac7b641e1afdc40c3d5242661d9dbed3d,2ad0e9f7bbdfe12695c931891fd0e8132d060fd7bcbca23623db43d4c7393a5c,561839806dcdb8279ac4e42025bc5a82751f2588a2b2066fa84637918d8e4896,2987a546cb3f48253dcdfdc400036a68d1977eddb1012f753e54eca010acedd8,73ed0728ba3aea4548919a2c599b960f1645e1842d48afd930cc90a737aecd92,a96eee14f959c7954577e91fe17d4515a9348f0431a52c4dd9b8f37b88ac9cf5,d543101e7ea78ed2ddaba45de0ca0f44ec997e73ba696c2970de54b1e75cccfc,e40ccb491db9d0ecfe8c9e8462f713cf096279ef2b219236d05222512135b242,fb59b12e82b041c59cc8a3933745a40e92c5e89aa7df64846e5855fbd3acb00e,38669e3f0e715d12f919bbd64ba6e09fbb431145f819869ebd01d20e8fde4ed0,"[[18.0,4514],[20.0,4246]]","[[26.0,8760]]","[[""north"",""002ee4e68ba2ff1e9da7eb8f1e16c441bba47a8ad5ed36d81dc169204a2cb66d""],[""east"",""b1a28b883b4633c7b55388b5b43f571e79efcd391bc0ce6bc07019b5e25d8065""],[""south"",""c667e440b35d715226d38302c0104b35b5d5764fed6125e5bcc80d08fabf1f41""],[""west"",""2767619730916a7bca7fe58275301af35dc43db33040cad9a975264954dbabb5""]]"
mc_0ff89d72aa5d8106f8f90b04ec4f554a8395f33de1993d23e4d736b24a61e132,BE_TABULA_13,Terraced house,SFH,1971-1990,TABULA_standard_B_proxy,5425e9370287189ca45179f958739e4d1ea29f5439b14d2d1b6a877cf57e26a0,168.30000000000001,rcp_2_6,weather_2050_rcp_2_6_pvgis_2006,pvgis_2006,2006,2041-2060,4263654691,1,2518495530,central,central,10494.809154508326,669.27908216392166,62.357748986977576,3.9767028054897304,7485.1617357873802,4347.1156711509602,1402.0818153242424,153.95934518271528,4369,522,522,4369,0,3739.7383333325311,3499.9999999991978,6.8212102632969618e-11,2,residential_energy_demand_gate5_v1,4b5b7791539478f9b2562d1b176e235ac7b641e1afdc40c3d5242661d9dbed3d,4b5b7791539478f9b2562d1b176e235ac7b641e1afdc40c3d5242661d9dbed3d,2ad0e9f7bbdfe12695c931891fd0e8132d060fd7bcbca23623db43d4c7393a5c,561839806dcdb8279ac4e42025bc5a82751f2588a2b2066fa84637918d8e4896,2987a546cb3f48253dcdfdc400036a68d1977eddb1012f753e54eca010acedd8,73ed0728ba3aea4548919a2c599b960f1645e1842d48afd930cc90a737aecd92,a96eee14f959c7954577e91fe17d4515a9348f0431a52c4dd9b8f37b88ac9cf5,d543101e7ea78ed2ddaba45de0ca0f44ec997e73ba696c2970de54b1e75cccfc,e40ccb491db9d0ecfe8c9e8462f713cf096279ef2b219236d05222512135b242,fb59b12e82b041c59cc8a3933745a40e92c5e89aa7df64846e5855fbd3acb00e,38669e3f0e715d12f919bbd64ba6e09fbb431145f819869ebd01d20e8fde4ed0,"[[18.0,4513],[20.0,4247]]","[[26.0,8760]]","[[""north"",""002ee4e68ba2ff1e9da7eb8f1e16c441bba47a8ad5ed36d81dc169204a2cb66d""],[""east"",""b1a28b883b4633c7b55388b5b43f571e79efcd391bc0ce6bc07019b5e25d8065""],[""south"",""c667e440b35d715226d38302c0104b35b5d5764fed6125e5bcc80d08fabf1f41""],[""west"",""2767619730916a7bca7fe58275301af35dc43db33040cad9a975264954dbabb5""]]"
mc_8875694dea72b13b6c24ab0ff75bbb7f6c22a101c61aa7358888f6e44d7d6adb,BE_TABULA_13,Terraced house,SFH,1971-1990,TABULA_standard_B_proxy,5425e9370287189ca45179f958739e4d1ea29f5439b14d2d1b6a877cf57e26a0,168.30000000000001,rcp_2_6,weather_2050_rcp_2_6_pvgis_2006,pvgis_2006,2006,2041-2060,2949107545,2,1219764977,central,central,10546.449852794176,672.70803232499668,62.664586172276742,3.9970768409090711,7127.1054883195284,4542.4668879676246,1479.7662066428711,148.0931064367048,4435,527,527,4435,0,3949.8433333335838,3500.0000000002506,6.2584604165749624e-11,2,residential_energy_demand_gate5_v1,4b5b7791539478f9b2562d1b176e235ac7b641e1afdc40c3d5242661d9dbed3d,4b5b7791539478f9b2562d1b176e235ac7b641e1afdc40c3d5242661d9dbed3d,2ad0e9f7bbdfe12695c931891fd0e8132d060fd7bcbca23623db43d4c7393a5c,561839806dcdb8279ac4e42025bc5a82751f2588a2b2066fa84637918d8e4896,2987a546cb3f48253dcdfdc400036a68d1977eddb1012f753e54eca010acedd8,73ed0728ba3aea4548919a2c599b960f1645e1842d48afd930cc90a737aecd92,a96eee14f959c7954577e91fe17d4515a9348f0431a52c4dd9b8f37b88ac9cf5,d543101e7ea78ed2ddaba45de0ca0f44ec997e73ba696c2970de54b1e75cccfc,e40ccb491db9d0ecfe8c9e8462f713cf096279ef2b219236d05222512135b242,fb59b12e82b041c59cc8a3933745a40e92c5e89aa7df64846e5855fbd3acb00e,38669e3f0e715d12f919bbd64ba6e09fbb431145f819869ebd01d20e8fde4ed0,"[[18.0,3773],[20.0,4987]]","[[26.0,8760]]","[[""north"",""002ee4e68ba2ff1e9da7eb8f1e16c441bba47a8ad5ed36d81dc169204a2cb66d""],[""east"",""b1a28b883b4633c7b55388b5b43f571e79efcd391bc0ce6bc07019b5e25d8065""],[""south"",""c667e440b35d715226d38302c0104b35b5d5764fed6125e5bcc80d08fabf1f41""],[""west"",""2767619730916a7bca7fe58275301af35dc43db33040cad9a975264954dbabb5""]]"
mc_f82b3d66e0cd478b5170bc83ec42d6bea7641b24fc82d71d3d326d0cef0e54bf,BE_TABULA_13,Terraced house,SFH,1971-1990,TABULA_standard_B_proxy,5425e9370287189ca45179f958739e4d1ea29f5439b14d2d1b6a877cf57e26a0,168.30000000000001,rcp_2_6,weather_2050_rcp_2_6_pvgis_2006,pvgis_2006,2006,2041-2060,74780820,2,1528480852,central,central,10567.187610415695,697.89279171679743,62.787805171810419,4.1467189050314754,7350.0327044157048,4364.7313561500778,1437.7062028672619,159.89364173202529,4383,529,529,4383,0,3947.1366666665199,3499.9999999998522,6.298250809777528e-11,2,residential_energy_demand_gate5_v1,4b5b7791539478f9b2562d1b176e235ac7b641e1afdc40c3d5242661d9dbed3d,4b5b7791539478f9b2562d1b176e235ac7b641e1afdc40c3d5242661d9dbed3d,2ad0e9f7bbdfe12695c931891fd0e8132d060fd7bcbca23623db43d4c7393a5c,561839806dcdb8279ac4e42025bc5a82751f2588a2b2066fa84637918d8e4896,2987a546cb3f48253dcdfdc400036a68d1977eddb1012f753e54eca010acedd8,73ed0728ba3aea4548919a2c599b960f1645e1842d48afd930cc90a737aecd92,a96eee14f959c7954577e91fe17d4515a9348f0431a52c4dd9b8f37b88ac9cf5,d543101e7ea78ed2ddaba45de0ca0f44ec997e73ba696c2970de54b1e75cccfc,e40ccb491db9d0ecfe8c9e8462f713cf096279ef2b219236d05222512135b242,fb59b12e82b041c59cc8a3933745a40e92c5e89aa7df64846e5855fbd3acb00e,38669e3f0e715d12f919bbd64ba6e09fbb431145f819869ebd01d20e8fde4ed0,"[[18.0,3775],[20.0,4985]]","[[26.0,8760]]","[[""north"",""002ee4e68ba2ff1e9da7eb8f1e16c441bba47a8ad5ed36d81dc169204a2cb66d""],[""east"",""b1a28b883b4633c7b55388b5b43f571e79efcd391bc0ce6bc07019b5e25d8065""],[""south"",""c667e440b35d715226d38302c0104b35b5d5764fed6125e5bcc80d08fabf1f41""],[""west"",""2767619730916a7bca7fe58275301af35dc43db33040cad9a975264954dbabb5""]]"
mc_dc3845d09c0fc565b58aa9be12d4e3ad2f3364e9494b1422a62595deb2135cfe,BE_TABULA_13,Terraced house,SFH,1971-1990,TABULA_standard_B_proxy,5425e9370287189ca45179f958739e4d1ea29f5439b14d2d1b6a877cf57e26a0,168.30000000000001,rcp_2_6,weather_2050_rcp_2_6_pvgis_2006,pvgis_2006,2006,2041-2060,4191004058,1,1597052397,central,central,10424.001472376571,633.00479954108778,61.937025979658763,3.7611693377367068,7550.2982788305098,4423.8778522788407,1380.6079028166789,143.08821822804455,4334,507,507,4334,0,3729.879999999534,3499.9999999995339,6.9348971010185778e-11,2,residential_energy_demand_gate5_v1,4b5b7791539478f9b2562d1b176e235ac7b641e1afdc40c3d5242661d9dbed3d,4b5b7791539478f9b2562d1b176e235ac7b641e1afdc40c3d5242661d9dbed3d,2ad0e9f7bbdfe12695c931891fd0e8132d060fd7bcbca23623db43d4c7393a5c,561839806dcdb8279ac4e42025bc5a82751f2588a2b2066fa84637918d8e4896,2987a546cb3f48253dcdfdc400036a68d1977eddb1012f753e54eca010acedd8,73ed0728ba3aea4548919a2c599b960f1645e1842d48afd930cc90a737aecd92,a96eee14f959c7954577e91fe17d4515a9348f0431a52c4dd9b8f37b88ac9cf5,d543101e7ea78ed2ddaba45de0ca0f44ec997e73ba696c2970de54b1e75cccfc,e40ccb491db9d0ecfe8c9e8462f713cf096279ef2b219236d05222512135b242,fb59b12e82b041c59cc8a3933745a40e92c5e89aa7df64846e5855fbd3acb00e,38669e3f0e715d12f919bbd64ba6e09fbb431145f819869ebd01d20e8fde4ed0,"[[18.0,4639],[20.0,4121]]","[[26.0,8760]]","[[""north"",""002ee4e68ba2ff1e9da7eb8f1e16c441bba47a8ad5ed36d81dc169204a2cb66d""],[""east"",""b1a28b883b4633c7b55388b5b43f571e79efcd391bc0ce6bc07019b5e25d8065""],[""south"",""c667e440b35d715226d38302c0104b35b5d5764fed6125e5bcc80d08fabf1f41""],[""west"",""2767619730916a7bca7fe58275301af35dc43db33040cad9a975264954dbabb5""]]"
mc_516360df7a7c1ce2b7ac62aeb188d2c3f6de58798a05614b83418a22c6221ac0,BE_TABULA_13,Terraced house,SFH,1971-1990,TABULA_standard_B_proxy,5425e9370287189ca45179f958739e4d1ea29f5439b14d2d1b6a877cf57e26a0,168.30000000000001,rcp_2_6,weather_2050_rcp_2_6_pvgis_2006,pvgis_2006,2006,2041-2060,406410021,5,2414463445,central,central,10590.063176101552,726.47869512196394,62.923726536551108,4.3165697868209385,7073.2062584656242,4001.1647336559922,1497.2083082444753,181.56680453847676,4462,568,568,4462,0,4326.9683333335679,3500.0000000002337,6.843947630841285e-11,2,residential_energy_demand_gate5_v1,4b5b7791539478f9b2562d1b176e235ac7b641e1afdc40c3d5242661d9dbed3d,4b5b7791539478f9b2562d1b176e235ac7b641e1afdc40c3d5242661d9dbed3d,2ad0e9f7bbdfe12695c931891fd0e8132d060fd7bcbca23623db43d4c7393a5c,561839806dcdb8279ac4e42025bc5a82751f2588a2b2066fa84637918d8e4896,2987a546cb3f48253dcdfdc400036a68d1977eddb1012f753e54eca010acedd8,73ed0728ba3aea4548919a2c599b960f1645e1842d48afd930cc90a737aecd92,a96eee14f959c7954577e91fe17d4515a9348f0431a52c4dd9b8f37b88ac9cf5,d543101e7ea78ed2ddaba45de0ca0f44ec997e73ba696c2970de54b1e75cccfc,e40ccb491db9d0ecfe8c9e8462f713cf096279ef2b219236d05222512135b242,fb59b12e82b041c59cc8a3933745a40e92c5e89aa7df64846e5855fbd3acb00e,38669e3f0e715d12f919bbd64ba6e09fbb431145f819869ebd01d20e8fde4ed0,"[[18.0,2801],[20.0,5959]]","[[26.0,8760]]","[[""north"",""002ee4e68ba2ff1e9da7eb8f1e16c441bba47a8ad5ed36d81dc169204a2cb66d""],[""east"",""b1a28b883b4633c7b55388b5b43f571e79efcd391bc0ce6bc07019b5e25d8065""],[""south"",""c667e440b35d715226d38302c0104b35b5d5764fed6125e5bcc80d08fabf1f41""],[""west"",""2767619730916a7bca7fe58275301af35dc43db33040cad9a975264954dbabb5""]]"
mc_a75f3417f85d136a6e2d4910340e922aeec6bbd7a393fc1c707707dcee6066a0,BE_TABULA_13,Terraced house,SFH,1971-1990,TABULA_standard_B_proxy,5425e9370287189ca45179f958739e4d1ea29f5439b14d2d1b6a877cf57e26a0,168.30000000000001,rcp_2_6,weather_2050_rcp_2_6_pvgis_2006,pvgis_2006,2006,2041-2060,4239089345,3,101885228,central,central,10579.235844667017,684.87635822123616,62.859393016440976,4.0693782425504228,7110.6039368400552,3677.03299149655,1487.8111534037175,186.25787688200532,4438,549,549,4438,0,4049.4416666670431,3500.0000000003765,6.6350480665278155e-11,2,residential_energy_demand_gate5_v1,4b5b7791539478f9b2562d1b176e235ac7b641e1afdc40c3d5242661d9dbed3d,4b5b7791539478f9b2562d1b176e235ac7b641e1afdc40c3d5242661d9dbed3d,2ad0e9f7bbdfe12695c931891fd0e8132d060fd7bcbca23623db43d4c7393a5c,561839806dcdb8279ac4e42025bc5a82751f2588a2b2066fa84637918d8e4896,2987a546cb3f48253dcdfdc400036a68d1977eddb1012f753e54eca010acedd8,73ed0728ba3aea4548919a2c599b960f1645e1842d48afd930cc90a737aecd92,a96eee14f959c7954577e91fe17d4515a9348f0431a52c4dd9b8f37b88ac9cf5,d543101e7ea78ed2ddaba45de0ca0f44ec997e73ba696c2970de54b1e75cccfc,e40ccb491db9d0ecfe8c9e8462f713cf096279ef2b219236d05222512135b242,fb59b12e82b041c59cc8a3933745a40e92c5e89aa7df64846e5855fbd3acb00e,38669e3f0e715d12f919bbd64ba6e09fbb431145f819869ebd01d20e8fde4ed0,"[[18.0,3400],[20.0,5360]]","[[26.0,8760]]","[[""north"",""002ee4e68ba2ff1e9da7eb8f1e16c441bba47a8ad5ed36d81dc169204a2cb66d""],[""east"",""b1a28b883b4633c7b55388b5b43f571e79efcd391bc0ce6bc07019b5e25d8065""],[""south"",""c667e440b35d715226d38302c0104b35b5d5764fed6125e5bcc80d08fabf1f41""],[""west"",""2767619730916a7bca7fe58275301af35dc43db33040cad9a975264954dbabb5""]]"
mc_4cb6ebd17a595379c05d894fa811082b8383dff1a26dc2a8f6d07c4a52561ddc,BE_TABULA_13,Terraced house,SFH,1971-1990,TABULA_standard_B_proxy,5425e9370287189ca45179f958739e4d1ea29f5439b14d2d1b6a877cf57e26a0,168.30000000000001,rcp_2_6,weather_2050_rcp_2_6_pvgis_2006,pvgis_2006,2006,2041-2060,4121713922,1,654293494,central,central,10456.549031127573,647.06096497284625,62.130416108898231,3.8446878489176841,7411.8791872896463,5074.3240893606198,1410.7824435480704,127.51668075942266,4387,512,512,4387,0,3736.4249999998583,3499.999999999859,6.4801497501321137e-11,2,residential_energy_demand_gate5_v1,4b5b7791539478f9b2562d1b176e235ac7b641e1afdc40c3d5242661d9dbed3d,4b5b7791539478f9b2562d1b176e235ac7b641e1afdc40c3d5242661d9dbed3d,2ad0e9f7bbdfe12695c931891fd0e8132d060fd7bcbca23623db43d4c7393a5c,561839806dcdb8279ac4e42025bc5a82751f2588a2b2066fa84637918d8e4896,2987a546cb3f48253dcdfdc400036a68d1977eddb1012f753e54eca010acedd8,73ed0728ba3aea4548919a2c599b960f1645e1842d48afd930cc90a737aecd92,a96eee14f959c7954577e91fe17d4515a9348f0431a52c4dd9b8f37b88ac9cf5,d543101e7ea78ed2ddaba45de0ca0f44ec997e73ba696c2970de54b1e75cccfc,e40ccb491db9d0ecfe8c9e8462f713cf096279ef2b219236d05222512135b242,fb59b12e82b041c59cc8a3933745a40e92c5e89aa7df64846e5855fbd3acb00e,38669e3f0e715d12f919bbd64ba6e09fbb431145f819869ebd01d20e8fde4ed0,"[[18.0,4526],[20.0,4234]]","[[26.0,8760]]","[[""north"",""002ee4e68ba2ff1e9da7eb8f1e16c441bba47a8ad5ed36d81dc169204a2cb66d""],[""east"",""b1a28b883b4633c7b55388b5b43f571e79efcd391bc0ce6bc07019b5e25d8065""],[""south"",""c667e440b35d715226d38302c0104b35b5d5764fed6125e5bcc80d08fabf1f41""],[""west"",""2767619730916a7bca7fe58275301af35dc43db33040cad9a975264954dbabb5""]]"
mc_0145a4d43719a7bda627ce870cd77c8d1ec00d3dd1bcca932dbde89b9c7e70f5,BE_TABULA_13,Terraced house,SFH,1971-1990,TABULA_standard_B_proxy,5425e9370287189ca45179f958739e4d1ea29f5439b14d2d1b6a877cf57e26a0,168.30000000000001,rcp_2_6,weather_2050_rcp_2_6_pvgis_2006,pvgis_2006,2006,2041-2060,528153456,4,1704256339,central,central,10579.86274757902,699.39041274401382,62.863117929762446,4.1556174256922978,7521.5073585456175,4342.1284908393345,1406.6146908117598,161.07086978644924,4405,550,550,4405,0,4175.3366666669344,3500.0000000002688,6.6620486904866993e-11,2,residential_energy_demand_gate5_v1,4b5b7791539478f9b2562d1b176e235ac7b641e1afdc40c3d5242661d9dbed3d,4b5b7791539478f9b2562d1b176e235ac7b641e1afdc40c3d5242661d9dbed3d,2ad0e9f7bbdfe12695c931891fd0e8132d060fd7bcbca23623db43d4c7393a5c,561839806dcdb8279ac4e42025bc5a82751f2588a2b2066fa84637918d8e4896,2987a546cb3f48253dcdfdc400036a68d1977eddb1012f753e54eca010acedd8,73ed0728ba3aea4548919a2c599b960f1645e1842d48afd930cc90a737aecd92,a96eee14f959c7954577e91fe17d4515a9348f0431a52c4dd9b8f37b88ac9cf5,d543101e7ea78ed2ddaba45de0ca0f44ec997e73ba696c2970de54b1e75cccfc,e40ccb491db9d0ecfe8c9e8462f713cf096279ef2b219236d05222512135b242,fb59b12e82b041c59cc8a3933745a40e92c5e89aa7df64846e5855fbd3acb00e,38669e3f0e715d12f919bbd64ba6e09fbb431145f819869ebd01d20e8fde4ed0,"[[18.0,3185],[20.0,5575]]","[[26.0,8760]]","[[""north"",""002ee4e68ba2ff1e9da7eb8f1e16c441bba47a8ad5ed36d81dc169204a2cb66d""],[""east"",""b1a28b883b4633c7b55388b5b43f571e79efcd391bc0ce6bc07019b5e25d8065""],[""south"",""c667e440b35d715226d38302c0104b35b5d5764fed6125e5bcc80d08fabf1f41""],[""west"",""2767619730916a7bca7fe58275301af35dc43db33040cad9a975264954dbabb5""]]"
mc_76fc64e47da5fede2e288d5381943f7c07b7d4318d7bc68e07d7f6cabedc7332,BE_TABULA_13,Terraced house,SFH,1971-1990,TABULA_standard_B_proxy,5425e9370287189ca45179f958739e4d1ea29f5439b14d2d1b6a877cf57e26a0,168.30000000000001,rcp_2_6,weather_2050_rcp_2_6_pvgis_2006,pvgis_2006,2006,2041-2060,1536553193,4,764451246,central,central,10576.226389899119,693.11826232606631,62.841511526435639,4.1183497464412735,7388.1162401493084,4013.2004348665296,1431.5186775790876,172.70960510825267,4438,559,559,4438,0,4198.4133333338577,3500.0000000005239,6.9348971010185778e-11,2,residential_energy_demand_gate5_v1,4b5b7791539478f9b2562d1b176e235ac7b641e1afdc40c3d5242661d9dbed3d,4b5b7791539478f9b2562d1b176e235ac7b641e1afdc40c3d5242661d9dbed3d,2ad0e9f7bbdfe12695c931891fd0e8132d060fd7bcbca23623db43d4c7393a5c,561839806dcdb8279ac4e42025bc5a82751f2588a2b2066fa84637918d8e4896,2987a546cb3f48253dcdfdc400036a68d1977eddb1012f753e54eca010acedd8,73ed0728ba3aea4548919a2c599b960f1645e1842d48afd930cc90a737aecd92,a96eee14f959c7954577e91fe17d4515a9348f0431a52c4dd9b8f37b88ac9cf5,d543101e7ea78ed2ddaba45de0ca0f44ec997e73ba696c2970de54b1e75cccfc,e40ccb491db9d0ecfe8c9e8462f713cf096279ef2b219236d05222512135b242,fb59b12e82b041c59cc8a3933745a40e92c5e89aa7df64846e5855fbd3acb00e,38669e3f0e715d12f919bbd64ba6e09fbb431145f819869ebd01d20e8fde4ed0,"[[18.0,3054],[20.0,5706]]","[[26.0,8760]]","[[""north"",""002ee4e68ba2ff1e9da7eb8f1e16c441bba47a8ad5ed36d81dc169204a2cb66d""],[""east"",""b1a28b883b4633c7b55388b5b43f571e79efcd391bc0ce6bc07019b5e25d8065""],[""south"",""c667e440b35d715226d38302c0104b35b5d5764fed6125e5bcc80d08fabf1f41""],[""west"",""2767619730916a7bca7fe58275301af35dc43db33040cad9a975264954dbabb5""]]"
mc_c77bf3cc97e52fac970ce2a6aa8a61530db78338f5ada982b94139f7bd88f0b2,BE_TABULA_13,Terraced house,SFH,1971-1990,TABULA_standard_B_proxy,5425e9370287189ca45179f958739e4d1ea29f5439b14d2d1b6a877cf57e26a0,168.30000000000001,rcp_2_6,weather_2050_rcp_2_6_pvgis_2006,pvgis_2006,2006,2041-2060,2701107225,1,1133817418,central,central,10468.227125259678,653.555799370778,62.1998046658329,3.8832786653046818,7548.4052285888092,4162.4610543297531,1386.8130827969258,157.01187130410636,4387,506,506,4387,0,3737.1833333334598,3500.0000000001264,6.3778315961826593e-11,2,residential_energy_demand_gate5_v1,4b5b7791539478f9b2562d1b176e235ac7b641e1afdc40c3d5242661d9dbed3d,4b5b7791539478f9b2562d1b176e235ac7b641e1afdc40c3d5242661d9dbed3d,2ad0e9f7bbdfe12695c931891fd0e8132d060fd7bcbca23623db43d4c7393a5c,561839806dcdb8279ac4e42025bc5a82751f2588a2b2066fa84637918d8e4896,2987a546cb3f48253dcdfdc400036a68d1977eddb1012f753e54eca010acedd8,73ed0728ba3aea4548919a2c599b960f1645e1842d48afd930cc90a737aecd92,a96eee14f959c7954577e91fe17d4515a9348f0431a52c4dd9b8f37b88ac9cf5,d543101e7ea78ed2ddaba45de0ca0f44ec997e73ba696c2970de54b1e75cccfc,e40ccb491db9d0ecfe8c9e8462f713cf096279ef2b219236d05222512135b242,fb59b12e82b041c59cc8a3933745a40e92c5e89aa7df64846e5855fbd3acb00e,38669e3f0e715d12f919bbd64ba6e09fbb431145f819869ebd01d20e8fde4ed0,"[[18.0,4533],[20.0,4227]]","[[26.0,8760]]","[[""north"",""002ee4e68ba2ff1e9da7eb8f1e16c441bba47a8ad5ed36d81dc169204a2cb66d""],[""east"",""b1a28b883b4633c7b55388b5b43f571e79efcd391bc0ce6bc07019b5e25d8065""],[""south"",""c667e440b35d715226d38302c0104b35b5d5764fed6125e5bcc80d08fabf1f41""],[""west"",""2767619730916a7bca7fe58275301af35dc43db33040cad9a975264954dbabb5""]]"
mc_6f9921c900a14752bd691896c92b7f8a112b0965bf12267a93269e366f797908,BE_TABULA_13,Terraced house,SFH,1971-1990,TABULA_standard_B_proxy,5425e9370287189ca45179f958739e4d1ea29f5439b14d2d1b6a877cf57e26a0,168.30000000000001,rcp_2_6,weather_2050_rcp_2_6_pvgis_2006,pvgis_2006,2006,2041-2060,460941366,2,1808244412,central,central,10537.501966454442,681.25696856349737,62.61141988386477,4.0478726593196512,7385.4281552367747,4319.8711960063283,1426.7963542482814,157.70307438641035,4379,534,534,4379,0,3937.8500000003442,3500.0000000003447,6.957634468562901e-11,2,residential_energy_demand_gate5_v1,4b5b7791539478f9b2562d1b176e235ac7b641e1afdc40c3d5242661d9dbed3d,4b5b7791539478f9b2562d1b176e235ac7b641e1afdc40c3d5242661d9dbed3d,2ad0e9f7bbdfe12695c931891fd0e8132d060fd7bcbca23623db43d4c7393a5c,561839806dcdb8279ac4e42025bc5a82751f2588a2b2066fa84637918d8e4896,2987a546cb3f48253dcdfdc400036a68d1977eddb1012f753e54eca010acedd8,73ed0728ba3aea4548919a2c599b960f1645e1842d48afd930cc90a737aecd92,a96eee14f959c7954577e91fe17d4515a9348f0431a52c4dd9b8f37b88ac9cf5,d543101e7ea78ed2ddaba45de0ca0f44ec997e73ba696c2970de54b1e75cccfc,e40ccb491db9d0ecfe8c9e8462f713cf096279ef2b219236d05222512135b242,fb59b12e82b041c59cc8a3933745a40e92c5e89aa7df64846e5855fbd3acb00e,38669e3f0e715d12f919bbd64ba6e09fbb431145f819869ebd01d20e8fde4ed0,"[[18.0,3831],[20.0,4929]]","[[26.0,8760]]","[[""north"",""002ee4e68ba2ff1e9da7eb8f1e16c441bba47a8ad5ed36d81dc169204a2cb66d""],[""east"",""b1a28b883b4633c7b55388b5b43f571e79efcd391bc0ce6bc07019b5e25d8065""],[""south"",""c667e440b35d715226d38302c0104b35b5d5764fed6125e5bcc80d08fabf1f41""],[""west"",""2767619730916a7bca7fe58275301af35dc43db33040cad9a975264954dbabb5""]]"
mc_cc93eec7c936e157908e06d67b8ac9de0780bf29bc159971b31437e78b1a0377,BE_TABULA_13,Terraced house,SFH,1971-1990,TABULA_standard_B_proxy,5425e9370287189ca45179f958739e4d1ea29f5439b14d2d1b6a877cf57e26a0,168.30000000000001,rcp_2_6,weather_2050_rcp_2_6_pvgis_2006,pvgis_2006,2006,2041-2060,2869373249,4,3994045191,central,central,10549.077816513327,694.92277140946817,62.68020092996629,4.1290717255464537,7388.403203231278,3988.1277775072549,1427.7885933322841,174.24787022341187,4383,559,559,4383,0,4183.9700000009489,3500.0000000009486,7.1281647251453251e-11,2,residential_energy_demand_gate5_v1,4b5b7791539478f9b2562d1b176e235ac7b641e1afdc40c3d5242661d9dbed3d,4b5b7791539478f9b2562d1b176e235ac7b641e1afdc40c3d5242661d9dbed3d,2ad0e9f7bbdfe12695c931891fd0e8132d060fd7bcbca23623db43d4c7393a5c,561839806dcdb8279ac4e42025bc5a82751f2588a2b2066fa84637918d8e4896,2987a546cb3f48253dcdfdc400036a68d1977eddb1012f753e54eca010acedd8,73ed0728ba3aea4548919a2c599b960f1645e1842d48afd930cc90a737aecd92,a96eee14f959c7954577e91fe17d4515a9348f0431a52c4dd9b8f37b88ac9cf5,d543101e7ea78ed2ddaba45de0ca0f44ec997e73ba696c2970de54b1e75cccfc,e40ccb491db9d0ecfe8c9e8462f713cf096279ef2b219236d05222512135b242,fb59b12e82b041c59cc8a3933745a40e92c5e89aa7df64846e5855fbd3acb00e,38669e3f0e715d12f919bbd64ba6e09fbb431145f819869ebd01d20e8fde4ed0,"[[18.0,3202],[20.0,5558]]","[[26.0,8760]]","[[""north"",""002ee4e68ba2ff1e9da7eb8f1e16c441bba47a8ad5ed36d81dc169204a2cb66d""],[""east"",""b1a28b883b4633c7b55388b5b43f571e79efcd391bc0ce6bc07019b5e25d8065""],[""south"",""c667e440b35d715226d38302c0104b35b5d5764fed6125e5bcc80d08fabf1f41""],[""west"",""2767619730916a7bca7fe58275301af35dc43db33040cad9a975264954dbabb5""]]"
mc_532a212097eeabefef3e740184881d668bfffd165c7efb1c40e3518946820bb7,BE_TABULA_13,Terraced house,SFH,1971-1990,TABULA_standard_B_proxy,5425e9370287189ca45179f958739e4d1ea29f5439b14d2d1b6a877cf57e26a0,168.30000000000001,rcp_2_6,weather_2050_rcp_2_6_pvgis_2006,pvgis_2006,2006,2041-2060,2053834706,2,1023915084,central,central,10537.299286042013,684.65853205869541,62.610215603339348,4.0680839694515472,7225.6462454042294,4101.1344085591081,1458.319287737635,166.94369504930302,4425,531,531,4425,0,3941.9100000002095,3500.0000000002096,7.0087935455376282e-11,2,residential_energy_demand_gate5_v1,4b5b7791539478f9b2562d1b176e235ac7b641e1afdc40c3d5242661d9dbed3d,4b5b7791539478f9b2562d1b176e235ac7b641e1afdc40c3d5242661d9dbed3d,2ad0e9f7bbdfe12695c931891fd0e8132d060fd7bcbca23623db43d4c7393a5c,561839806dcdb8279ac4e42025bc5a82751f2588a2b2066fa84637918d8e4896,2987a546cb3f48253dcdfdc400036a68d1977eddb1012f753e54eca010acedd8,73ed0728ba3aea4548919a2c599b960f1645e1842d48afd930cc90a737aecd92,a96eee14f959c7954577e91fe17d4515a9348f0431a52c4dd9b8f37b88ac9cf5,d543101e7ea78ed2ddaba45de0ca0f44ec997e73ba696c2970de54b1e75cccfc,e40ccb491db9d0ecfe8c9e8462f713cf096279ef2b219236d05222512135b242,fb59b12e82b041c59cc8a3933745a40e92c5e89aa7df64846e5855fbd3acb00e,38669e3f0e715d12f919bbd64ba6e09fbb431145f819869ebd01d20e8fde4ed0,"[[18.0,3842],[20.0,4918]]","[[26.0,8760]]","[[""north"",""002ee4e68ba2ff1e9da7eb8f1e16c441bba47a8ad5ed36d81dc169204a2cb66d""],[""east"",""b1a28b883b4633c7b55388b5b43f571e79efcd391bc0ce6bc07019b5e25d8065""],[""south"",""c667e440b35d715226d38302c0104b35b5d5764fed6125e5bcc80d08fabf1f41""],[""west"",""2767619730916a7bca7fe58275301af35dc43db33040cad9a975264954dbabb5""]]"
mc_064990b85483a4776ec71a198c1fd69a5ea0b72eee3666598c1d1c5eba98138e,BE_TABULA_13,Terraced house,SFH,1971-1990,TABULA_standard_B_proxy,5425e9370287189ca45179f958739e4d1ea29f5439b14d2d1b6a877cf57e26a0,168.30000000000001,rcp_2_6,weather_2050_rcp_2_6_pvgis_2006,pvgis_2006,2006,2041-2060,3560160567,4,3509751109,central,central,10552.283212364911,706.90471049007601,62.699246656951338,4.2002656594775756,7522.2486363803191,3556.827617956088,1402.8096813139423,198.74584501126174,4417,559,559,4417,0,4188.5666666661409,3499.9999999994739,6.7757355282083154e-11,2,residential_energy_demand_gate5_v1,4b5b7791539478f9b2562d1b176e235ac7b641e1afdc40c3d5242661d9dbed3d,4b5b7791539478f9b2562d1b176e235ac7b641e1afdc40c3d5242661d9dbed3d,2ad0e9f7bbdfe12695c931891fd0e8132d060fd7bcbca23623db43d4c7393a5c,561839806dcdb8279ac4e42025bc5a82751f2588a2b2066fa84637918d8e4896,2987a546cb3f48253dcdfdc400036a68d1977eddb1012f753e54eca010acedd8,73ed0728ba3aea4548919a2c599b960f1645e1842d48afd930cc90a737aecd92,a96eee14f959c7954577e91fe17d4515a9348f0431a52c4dd9b8f37b88ac9cf5,d543101e7ea78ed2ddaba45de0ca0f44ec997e73ba696c2970de54b1e75cccfc,e40ccb491db9d0ecfe8c9e8462f713cf096279ef2b219236d05222512135b242,fb59b12e82b041c59cc8a3933745a40e92c5e89aa7df64846e5855fbd3acb00e,38669e3f0e715d12f919bbd64ba6e09fbb431145f819869ebd01d20e8fde4ed0,"[[18.0,3215],[20.0,5545]]","[[26.0,8760]]","[[""north"",""002ee4e68ba2ff1e9da7eb8f1e16c441bba47a8ad5ed36d81dc169204a2cb66d""],[""east"",""b1a28b883b4633c7b55388b5b43f571e79efcd391bc0ce6bc07019b5e25d8065""],[""south"",""c667e440b35d715226d38302c0104b35b5d5764fed6125e5bcc80d08fabf1f41""],[""west"",""2767619730916a7bca7fe58275301af35dc43db33040cad9a975264954dbabb5""]]"
mc_62bffa4fbe373d4fab805f0c348263748fea3a95c20f8be80f9632cfb2f398b3,BE_TABULA_13,Terraced house,SFH,1971-1990,TABULA_standard_B_proxy,5425e9370287189ca45179f958739e4d1ea29f5439b14d2d1b6a877cf57e26a0,168.30000000000001,rcp_2_6,weather_2050_rcp_2_6_pvgis_2006,pvgis_2006,2006,2041-2060,3815772485,4,2742801478,central,central,10526.048398787134,694.34741444497547,62.543365411688256,4.1256530864229077,7372.2500147894953,3727.9212441867371,1427.7931944346424,186.25592360024507,4461,534,534,4461,0,4193.3383333333741,3500.0000000000409,7.0485839387401938e-11,2,residential_energy_demand_gate5_v1,4b5b7791539478f9b2562d1b176e235ac7b641e1afdc40c3d5242661d9dbed3d,4b5b7791539478f9b2562d1b176e235ac7b641e1afdc40c3d5242661d9dbed3d,2ad0e9f7bbdfe12695c931891fd0e8132d060fd7bcbca23623db43d4c7393a5c,561839806dcdb8279ac4e42025bc5a82751f2588a2b2066fa84637918d8e4896,2987a546cb3f48253dcdfdc400036a68d1977eddb1012f753e54eca010acedd8,73ed0728ba3aea4548919a2c599b960f1645e1842d48afd930cc90a737aecd92,a96eee14f959c7954577e91fe17d4515a9348f0431a52c4dd9b8f37b88ac9cf5,d543101e7ea78ed2ddaba45de0ca0f44ec997e73ba696c2970de54b1e75cccfc,e40ccb491db9d0ecfe8c9e8462f713cf096279ef2b219236d05222512135b242,fb59b12e82b041c59cc8a3933745a40e92c5e89aa7df64846e5855fbd3acb00e,38669e3f0e715d12f919bbd64ba6e09fbb431145f819869ebd01d20e8fde4ed0,"[[18.0,3131],[20.0,5629]]","[[26.0,8760]]","[[""north"",""002ee4e68ba2ff1e9da7eb8f1e16c441bba47a8ad5ed36d81dc169204a2cb66d""],[""east"",""b1a28b883b4633c7b55388b5b43f571e79efcd391bc0ce6bc07019b5e25d8065""],[""south"",""c667e440b35d715226d38302c0104b35b5d5764fed6125e5bcc80d08fabf1f41""],[""west"",""2767619730916a7bca7fe58275301af35dc43db33040cad9a975264954dbabb5""]]"
mc_012fbaddee4fa038896e84a919f4ae5cc7975c0b00dccb14c43014d121d3848f,BE_TABULA_13,Terraced house,SFH,1971-1990,TABULA_standard_B_proxy,5425e9370287189ca45179f958739e4d1ea29f5439b14d2d1b6a877cf57e26a0,168.30000000000001,rcp_2_6,weather_2050_rcp_2_6_pvgis_2006,pvgis_2006,2006,2041-2060,1523204169,1,2506735745,central,central,10488.006852898248,685.88923295550751,62.317331270934332,4.0753965119162654,7506.8228366515223,4014.5953903901814,1397.129928482035,170.84890661642626,4400,517,517,4400,0,3740.5316666670419,3500.0000000003747,6.7757355282083154e-11,2,residential_energy_demand_gate5_v1,4b5b7791539478f9b2562d1b176e235ac7b641e1afdc40c3d5242661d9dbed3d,4b5b7791539478f9b2562d1b176e235ac7b641e1afdc40c3d5242661d9dbed3d,2ad0e9f7bbdfe12695c931891fd0e8132d060fd7bcbca23623db43d4c7393a5c,561839806dcdb8279ac4e42025bc5a82751f2588a2b2066fa84637918d8e4896,2987a546cb3f48253dcdfdc400036a68d1977eddb1012f753e54eca010acedd8,73ed0728ba3aea4548919a2c599b960f1645e1842d48afd930cc90a737aecd92,a96eee14f959c7954577e91fe17d4515a9348f0431a52c4dd9b8f37b88ac9cf5,d543101e7ea78ed2ddaba45de0ca0f44ec997e73ba696c2970de54b1e75cccfc,e40ccb491db9d0ecfe8c9e8462f713cf096279ef2b219236d05222512135b242,fb59b12e82b041c59cc8a3933745a40e92c5e89aa7df64846e5855fbd3acb00e,38669e3f0e715d12f919bbd64ba6e09fbb431145f819869ebd01d20e8fde4ed0,"[[18.0,4484],[20.0,4276]]","[[26.0,8760]]","[[""north"",""002ee4e68ba2ff1e9da7eb8f1e16c441bba47a8ad5ed36d81dc169204a2cb66d""],[""east"",""b1a28b883b4633c7b55388b5b43f571e79efcd391bc0ce6bc07019b5e25d8065""],[""south"",""c667e440b35d715226d38302c0104b35b5d5764fed6125e5bcc80d08fabf1f41""],[""west"",""2767619730916a7bca7fe58275301af35dc43db33040cad9a975264954dbabb5""]]"
mc_a58311ed0cf531aad21c84254d7c4bcd0766d532618ca1410134abbda7332e8f,BE_TABULA_13,Terraced house,SFH,1971-1990,TABULA_standard_B_proxy,5425e9370287189ca45179f958739e4d1ea29f5439b14d2d1b6a877cf57e26a0,168.30000000000001,rcp_2_6,weather_2050_rcp_2_6_pvgis_2006,pvgis_2006,2006,2041-2060,3168655264,2,2596705045,central,central,10573.858784931641,719.87666114195474,62.827443760734639,4.277342015103712,7262.1769968114932,4101.6302684288994,1456.0177739504509,175.50988607700577,4384,554,554,4384,0,3935.9949999992409,3499.999999999241,6.9462657847907394e-11,2,residential_energy_demand_gate5_v1,4b5b7791539478f9b2562d1b176e235ac7b641e1afdc40c3d5242661d9dbed3d,4b5b7791539478f9b2562d1b176e235ac7b641e1afdc40c3d5242661d9dbed3d,2ad0e9f7bbdfe12695c931891fd0e8132d060fd7bcbca23623db43d4c7393a5c,561839806dcdb8279ac4e42025bc5a82751f2588a2b2066fa84637918d8e4896,2987a546cb3f48253dcdfdc400036a68d1977eddb1012f753e54eca010acedd8,73ed0728ba3aea4548919a2c599b960f1645e1842d48afd930cc90a737aecd92,a96eee14f959c7954577e91fe17d4515a9348f0431a52c4dd9b8f37b88ac9cf5,d543101e7ea78ed2ddaba45de0ca0f44ec997e73ba696c2970de54b1e75cccfc,e40ccb491db9d0ecfe8c9e8462f713cf096279ef2b219236d05222512135b242,fb59b12e82b041c59cc8a3933745a40e92c5e89aa7df64846e5855fbd3acb00e,38669e3f0e715d12f919bbd64ba6e09fbb431145f819869ebd01d20e8fde4ed0,"[[18.0,3834],[20.0,4926]]","[[26.0,8760]]","[[""north"",""002ee4e68ba2ff1e9da7eb8f1e16c441bba47a8ad5ed36d81dc169204a2cb66d""],[""east"",""b1a28b883b4633c7b55388b5b43f571e79efcd391bc0ce6bc07019b5e25d8065""],[""south"",""c667e440b35d715226d38302c0104b35b5d5764fed6125e5bcc80d08fabf1f41""],[""west"",""2767619730916a7bca7fe58275301af35dc43db33040cad9a975264954dbabb5""]]"
mc_2ff6e326dbeda666ec71675064eb633cd2af127932ed6f2bc0b71fd3da4936c9,BE_TABULA_13,Terraced house,SFH,1971-1990,TABULA_standard_B_proxy,5425e9370287189ca45179f958739e4d1ea29f5439b14d2d1b6a877cf57e26a0,168.30000000000001,rcp_2_6,weather_2050_rcp_2_6_pvgis_2006,pvgis_2006,2006,2041-2060,871166546,3,1136300916,central,central,10529.10190063035,681.14882789586045,62.561508619312832,4.0472301122748684,7250.1344984663901,3912.719259452876,1452.262975653425,174.08579116691007,4459,535,535,4459,0,4049.6983333329008,3499.9999999995675,6.8780536821577698e-11,2,residential_energy_demand_gate5_v1,4b5b7791539478f9b2562d1b176e235ac7b641e1afdc40c3d5242661d9dbed3d,4b5b7791539478f9b2562d1b176e235ac7b641e1afdc40c3d5242661d9dbed3d,2ad0e9f7bbdfe12695c931891fd0e8132d060fd7bcbca23623db43d4c7393a5c,561839806dcdb8279ac4e42025bc5a82751f2588a2b2066fa84637918d8e4896,2987a546cb3f48253dcdfdc400036a68d1977eddb1012f753e54eca010acedd8,73ed0728ba3aea4548919a2c599b960f1645e1842d48afd930cc90a737aecd92,a96eee14f959c7954577e91fe17d4515a9348f0431a52c4dd9b8f37b88ac9cf5,d543101e7ea78ed2ddaba45de0ca0f44ec997e73ba696c2970de54b1e75cccfc,e40ccb491db9d0ecfe8c9e8462f713cf096279ef2b219236d05222512135b242,fb59b12e82b041c59cc8a3933745a40e92c5e89aa7df64846e5855fbd3acb00e,38669e3f0e715d12f919bbd64ba6e09fbb431145f819869ebd01d20e8fde4ed0,"[[18.0,3470],[20.0,5290]]","[[26.0,8760]]","[[""north"",""002ee4e68ba2ff1e9da7eb8f1e16c441bba47a8ad5ed36d81dc169204a2cb66d""],[""east"",""b1a28b883b4633c7b55388b5b43f571e79efcd391bc0ce6bc07019b5e25d8065""],[""south"",""c667e440b35d715226d38302c0104b35b5d5764fed6125e5bcc80d08fabf1f41""],[""west"",""2767619730916a7bca7fe58275301af35dc43db33040cad9a975264954dbabb5""]]"
mc_980709b5982f978da87d7edd07120df1ad3aa542c998955a4d95287e94cc4370,BE_TABULA_13,Terraced house,SFH,1971-1990,TABULA_standard_B_proxy,5425e9370287189ca45179f958739e4d1ea29f5439b14d2d1b6a877cf57e26a0,168.30000000000001,rcp_2_6,weather_2050_rcp_2_6_pvgis_2006,pvgis_2006,2006,2041-2060,2626399861,1,2488973170,central,central,10454.228856331507,640.03998827812529,62.116630162397541,3.8029708156751352,7230.7950665278959,4148.8360909763414,1445.7924419301028,154.26976970003781,4371,512,512,4371,0,3732.994999999506,3499.9999999995057,6.9405814429046586e-11,2,residential_energy_demand_gate5_v1,4b5b7791539478f9b2562d1b176e235ac7b641e1afdc40c3d5242661d9dbed3d,4b5b7791539478f9b2562d1b176e235ac7b641e1afdc40c3d5242661d9dbed3d,2ad0e9f7bbdfe12695c931891fd0e8132d060fd7bcbca23623db43d4c7393a5c,561839806dcdb8279ac4e42025bc5a82751f2588a2b2066fa84637918d8e4896,2987a546cb3f48253dcdfdc400036a68d1977eddb1012f753e54eca010acedd8,73ed0728ba3aea4548919a2c599b960f1645e1842d48afd930cc90a737aecd92,a96eee14f959c7954577e91fe17d4515a9348f0431a52c4dd9b8f37b88ac9cf5,d543101e7ea78ed2ddaba45de0ca0f44ec997e73ba696c2970de54b1e75cccfc,e40ccb491db9d0ecfe8c9e8462f713cf096279ef2b219236d05222512135b242,fb59b12e82b041c59cc8a3933745a40e92c5e89aa7df64846e5855fbd3acb00e,38669e3f0e715d12f919bbd64ba6e09fbb431145f819869ebd01d20e8fde4ed0,"[[18.0,4602],[20.0,4158]]","[[26.0,8760]]","[[""north"",""002ee4e68ba2ff1e9da7eb8f1e16c441bba47a8ad5ed36d81dc169204a2cb66d""],[""east"",""b1a28b883b4633c7b55388b5b43f571e79efcd391bc0ce6bc07019b5e25d8065""],[""south"",""c667e440b35d715226d38302c0104b35b5d5764fed6125e5bcc80d08fabf1f41""],[""west"",""2767619730916a7bca7fe58275301af35dc43db33040cad9a975264954dbabb5""]]"
mc_bbdf08bc69920c93c1840555c5d53ada965c167a5a91716e159fbaad5704f060,BE_TABULA_13,Terraced house,SFH,1971-1990,TABULA_standard_B_proxy,5425e9370287189ca45179f958739e4d1ea29f5439b14d2d1b6a877cf57e26a0,168.30000000000001,rcp_2_6,weather_2050_rcp_2_6_pvgis_2006,pvgis_2006,2006,2041-2060,1170469307,2,979580575,central,central,10575.959116293807,694.70986219317706,62.839923447972701,4.1278066678144798,7395.8867733358011,3710.0831833486677,1429.9785056773771,187.24913374210169,4436,528,528,4436,0,3962.629999999991,3499.9999999999914,6.6165739553980529e-11,2,residential_energy_demand_gate5_v1,4b5b7791539478f9b2562d1b176e235ac7b641e1afdc40c3d5242661d9dbed3d,4b5b7791539478f9b2562d1b176e235ac7b641e1afdc40c3d5242661d9dbed3d,2ad0e9f7bbdfe12695c931891fd0e8132d060fd7bcbca23623db43d4c7393a5c,561839806dcdb8279ac4e42025bc5a82751f2588a2b2066fa84637918d8e4896,2987a546cb3f48253dcdfdc400036a68d1977eddb1012f753e54eca010acedd8,73ed0728ba3aea4548919a2c599b960f1645e1842d48afd930cc90a737aecd92,a96eee14f959c7954577e91fe17d4515a9348f0431a52c4dd9b8f37b88ac9cf5,d543101e7ea78ed2ddaba45de0ca0f44ec997e73ba696c2970de54b1e75cccfc,e40ccb491db9d0ecfe8c9e8462f713cf096279ef2b219236d05222512135b242,fb59b12e82b041c59cc8a3933745a40e92c5e89aa7df64846e5855fbd3acb00e,38669e3f0e715d12f919bbd64ba6e09fbb431145f819869ebd01d20e8fde4ed0,"[[18.0,3677],[20.0,5083]]","[[26.0,8760]]","[[""north"",""002ee4e68ba2ff1e9da7eb8f1e16c441bba47a8ad5ed36d81dc169204a2cb66d""],[""east"",""b1a28b883b4633c7b55388b5b43f571e79efcd391bc0ce6bc07019b5e25d8065""],[""south"",""c667e440b35d715226d38302c0104b35b5d5764fed6125e5bcc80d08fabf1f41""],[""west"",""2767619730916a7bca7fe58275301af35dc43db33040cad9a975264954dbabb5""]]"
mc_e9af34d5e948e6141a773aa86bbe8d544facdf2bf95b5fe142f96c02f039aaa8,BE_TABULA_13,Terraced house,SFH,1971-1990,TABULA_standard_B_proxy,5425e9370287189ca45179f958739e4d1ea29f5439b14d2d1b6a877cf57e26a0,168.30000000000001,rcp_2_6,weather_2050_rcp_2_6_pvgis_2006,pvgis_2006,2006,2041-2060,1630191912,5,873554529,central,central,10563.906841377864,720.5786175241459,62.768311594639712,4.2815128789313475,7527.9148187100473,3875.1300022677196,1403.297871426772,185.9495338485327,4483,556,556,4483,0,4328.2400000005027,3500.0000000005034,6.6620486904866993e-11,2,residential_energy_demand_gate5_v1,4b5b7791539478f9b2562d1b176e235ac7b641e1afdc40c3d5242661d9dbed3d,4b5b7791539478f9b2562d1b176e235ac7b641e1afdc40c3d5242661d9dbed3d,2ad0e9f7bbdfe12695c931891fd0e8132d060fd7bcbca23623db43d4c7393a5c,561839806dcdb8279ac4e42025bc5a82751f2588a2b2066fa84637918d8e4896,2987a546cb3f48253dcdfdc400036a68d1977eddb1012f753e54eca010acedd8,73ed0728ba3aea4548919a2c599b960f1645e1842d48afd930cc90a737aecd92,a96eee14f959c7954577e91fe17d4515a9348f0431a52c4dd9b8f37b88ac9cf5,d543101e7ea78ed2ddaba45de0ca0f44ec997e73ba696c2970de54b1e75cccfc,e40ccb491db9d0ecfe8c9e8462f713cf096279ef2b219236d05222512135b242,fb59b12e82b041c59cc8a3933745a40e92c5e89aa7df64846e5855fbd3acb00e,38669e3f0e715d12f919bbd64ba6e09fbb431145f819869ebd01d20e8fde4ed0,"[[18.0,2766],[20.0,5994]]","[[26.0,8760]]","[[""north"",""002ee4e68ba2ff1e9da7eb8f1e16c441bba47a8ad5ed36d81dc169204a2cb66d""],[""east"",""b1a28b883b4633c7b55388b5b43f571e79efcd391bc0ce6bc07019b5e25d8065""],[""south"",""c667e440b35d715226d38302c0104b35b5d5764fed6125e5bcc80d08fabf1f41""],[""west"",""2767619730916a7bca7fe58275301af35dc43db33040cad9a975264954dbabb5""]]"
mc_e2384ebaa670ce82832d8e6606cec53d207dd7cdd4bf5e39362a9d8accaf5f9d,BE_TABULA_13,Terraced house,SFH,1971-1990,TABULA_standard_B_proxy,5425e9370287189ca45179f958739e4d1ea29f5439b14d2d1b6a877cf57e26a0,168.30000000000001,rcp_2_6,weather_2050_rcp_2_6_pvgis_2006,pvgis_2006,2006,2041-2060,2418138936,1,3501527251,central,central,10457.198527365632,655.89362080168473,62.134275266581291,3.8971694640622978,7590.0310904984681,4320.3422392938628,1377.7543731614498,151.81519992473721,4353,510,510,4353,0,3737.8600000001588,3500.0000000001592,6.8780536821577698e-11,2,residential_energy_demand_gate5_v1,4b5b7791539478f9b2562d1b176e235ac7b641e1afdc40c3d5242661d9dbed3d,4b5b7791539478f9b2562d1b176e235ac7b641e1afdc40c3d5242661d9dbed3d,2ad0e9f7bbdfe12695c931891fd0e8132d060fd7bcbca23623db43d4c7393a5c,561839806dcdb8279ac4e42025bc5a82751f2588a2b2066fa84637918d8e4896,2987a546cb3f48253dcdfdc400036a68d1977eddb1012f753e54eca010acedd8,73ed0728ba3aea4548919a2c599b960f1645e1842d48afd930cc90a737aecd92,a96eee14f959c7954577e91fe17d4515a9348f0431a52c4dd9b8f37b88ac9cf5,d543101e7ea78ed2ddaba45de0ca0f44ec997e73ba696c2970de54b1e75cccfc,e40ccb491db9d0ecfe8c9e8462f713cf096279ef2b219236d05222512135b242,fb59b12e82b041c59cc8a3933745a40e92c5e89aa7df64846e5855fbd3acb00e,38669e3f0e715d12f919bbd64ba6e09fbb431145f819869ebd01d20e8fde4ed0,"[[18.0,4532],[20.0,4228]]","[[26.0,8760]]","[[""north"",""002ee4e68ba2ff1e9da7eb8f1e16c441bba47a8ad5ed36d81dc169204a2cb66d""],[""east"",""b1a28b883b4633c7b55388b5b43f571e79efcd391bc0ce6bc07019b5e25d8065""],[""south"",""c667e440b35d715226d38302c0104b35b5d5764fed6125e5bcc80d08fabf1f41""],[""west"",""2767619730916a7bca7fe58275301af35dc43db33040cad9a975264954dbabb5""]]"
mc_651f1069801d6934f2ad0dd0ef337958d25e60180728a1394a2b824473fe64b9,BE_TABULA_13,Terraced house,SFH,1971-1990,TABULA_standard_B_proxy,5425e9370287189ca45179f958739e4d1ea29f5439b14d2d1b6a877cf57e26a0,168.30000000000001,rcp_2_6,weather_2050_rcp_2_6_pvgis_2006,pvgis_2006,2006,2041-2060,4284547342,2,2057228894,central,central,10540.516433560215,636.97796117797725,62.629331156032173,3.7847769529291573,7557.2044317207356,4352.1589265110351,1394.7639671248373,146.3590764799159,4376,507,507,4376,0,3950.7766666665279,3499.9999999998604,6.6961547418031842e-11,2,residential_energy_demand_gate5_v1,4b5b7791539478f9b2562d1b176e235ac7b641e1afdc40c3d5242661d9dbed3d,4b5b7791539478f9b2562d1b176e235ac7b641e1afdc40c3d5242661d9dbed3d,2ad0e9f7bbdfe12695c931891fd0e8132d060fd7bcbca23623db43d4c7393a5c,561839806dcdb8279ac4e42025bc5a82751f2588a2b2066fa84637918d8e4896,2987a546cb3f48253dcdfdc400036a68d1977eddb1012f753e54eca010acedd8,73ed0728ba3aea4548919a2c599b960f1645e1842d48afd930cc90a737aecd92,a96eee14f959c7954577e91fe17d4515a9348f0431a52c4dd9b8f37b88ac9cf5,d543101e7ea78ed2ddaba45de0ca0f44ec997e73ba696c2970de54b1e75cccfc,e40ccb491db9d0ecfe8c9e8462f713cf096279ef2b219236d05222512135b242,fb59b12e82b041c59cc8a3933745a40e92c5e89aa7df64846e5855fbd3acb00e,38669e3f0e715d12f919bbd64ba6e09fbb431145f819869ebd01d20e8fde4ed0,"[[18.0,3684],[20.0,5076]]","[[26.0,8760]]","[[""north"",""002ee4e68ba2ff1e9da7eb8f1e16c441bba47a8ad5ed36d81dc169204a2cb66d""],[""east"",""b1a28b883b4633c7b55388b5b43f571e79efcd391bc0ce6bc07019b5e25d8065""],[""south"",""c667e440b35d715226d38302c0104b35b5d5764fed6125e5bcc80d08fabf1f41""],[""west"",""2767619730916a7bca7fe58275301af35dc43db33040cad9a975264954dbabb5""]]"
mc_44010dc55e392bfd82d13bc8778e298ddb2c1c1b90d6f2ca0ab8b5299b0ed606,BE_TABULA_13,Terraced house,SFH,1971-1990,TABULA_standard_B_proxy,5425e9370287189ca45179f958739e4d1ea29f5439b14d2d1b6a877cf57e26a0,168.30000000000001,rcp_2_6,weather_2050_rcp_2_6_pvgis_2006,pvgis_2006,2006,2041-2060,2078907488,2,1328110144,central,central,10569.121313645917,702.18984988791988,62.79929479290503,4.1722510391439087,7706.3164919232186,4085.4252389034305,1371.488093529915,171.87680812301309,4379,529,529,4379,0,3942.4233333332386,3499.999999999905,6.730260793119669e-11,2,residential_energy_demand_gate5_v1,4b5b7791539478f9b2562d1b176e235ac7b641e1afdc40c3d5242661d9dbed3d,4b5b7791539478f9b2562d1b176e235ac7b641e1afdc40c3d5242661d9dbed3d,2ad0e9f7bbdfe12695c931891fd0e8132d060fd7bcbca23623db43d4c7393a5c,561839806dcdb8279ac4e42025bc5a82751f2588a2b2066fa84637918d8e4896,2987a546cb3f48253dcdfdc400036a68d1977eddb1012f753e54eca010acedd8,73ed0728ba3aea4548919a2c599b960f1645e1842d48afd930cc90a737aecd92,a96eee14f959c7954577e91fe17d4515a9348f0431a52c4dd9b8f37b88ac9cf5,d543101e7ea78ed2ddaba45de0ca0f44ec997e73ba696c2970de54b1e75cccfc,e40ccb491db9d0ecfe8c9e8462f713cf096279ef2b219236d05222512135b242,fb59b12e82b041c59cc8a3933745a40e92c5e89aa7df64846e5855fbd3acb00e,38669e3f0e715d12f919bbd64ba6e09fbb431145f819869ebd01d20e8fde4ed0,"[[18.0,3796],[20.0,4964]]","[[26.0,8760]]","[[""north"",""002ee4e68ba2ff1e9da7eb8f1e16c441bba47a8ad5ed36d81dc169204a2cb66d""],[""east"",""b1a28b883b4633c7b55388b5b43f571e79efcd391bc0ce6bc07019b5e25d8065""],[""south"",""c667e440b35d715226d38302c0104b35b5d5764fed6125e5bcc80d08fabf1f41""],[""west"",""2767619730916a7bca7fe58275301af35dc43db33040cad9a975264954dbabb5""]]"
mc_a0a06ddf73527b99ef70d21d5cdf9c92b9a0e35e18ec53bd542898f8664071db,BE_TABULA_13,Terraced house,SFH,1971-1990,TABULA_standard_B_proxy,5425e9370287189ca45179f958739e4d1ea29f5439b14d2d1b6a877cf57e26a0,168.30000000000001,rcp_2_6,weather_2050_rcp_2_6_pvgis_2006,pvgis_2006,2006,2041-2060,1049765411,2,638039541,central,central,10574.030370221564,693.35271607699519,62.828463281173875,4.1197428168567747,7549.7779246021009,4461.7026295956648,1400.5750203280122,155.40092508133588,4383,546,546,4383,0,3942.749999999493,3499.9999999994934,6.8666849983856082e-11,2,residential_energy_demand_gate5_v1,4b5b7791539478f9b2562d1b176e235ac7b641e1afdc40c3d5242661d9dbed3d,4b5b7791539478f9b2562d1b176e235ac7b641e1afdc40c3d5242661d9dbed3d,2ad0e9f7bbdfe12695c931891fd0e8132d060fd7bcbca23623db43d4c7393a5c,561839806dcdb8279ac4e42025bc5a82751f2588a2b2066fa84637918d8e4896,2987a546cb3f48253dcdfdc400036a68d1977eddb1012f753e54eca010acedd8,73ed0728ba3aea4548919a2c599b960f1645e1842d48afd930cc90a737aecd92,a96eee14f959c7954577e91fe17d4515a9348f0431a52c4dd9b8f37b88ac9cf5,d543101e7ea78ed2ddaba45de0ca0f44ec997e73ba696c2970de54b1e75cccfc,e40ccb491db9d0ecfe8c9e8462f713cf096279ef2b219236d05222512135b242,fb59b12e82b041c59cc8a3933745a40e92c5e89aa7df64846e5855fbd3acb00e,38669e3f0e715d12f919bbd64ba6e09fbb431145f819869ebd01d20e8fde4ed0,"[[18.0,3777],[20.0,4983]]","[[26.0,8760]]","[[""north"",""002ee4e68ba2ff1e9da7eb8f1e16c441bba47a8ad5ed36d81dc169204a2cb66d""],[""east"",""b1a28b883b4633c7b55388b5b43f571e79efcd391bc0ce6bc07019b5e25d8065""],[""south"",""c667e440b35d715226d38302c0104b35b5d5764fed6125e5bcc80d08fabf1f41""],[""west"",""2767619730916a7bca7fe58275301af35dc43db33040cad9a975264954dbabb5""]]"
mc_8bafe6f43eed1dd3c07ca1ce84137803098b3ba9e7a4a3d6709e0284652188eb,BE_TABULA_13,Terraced house,SFH,1971-1990,TABULA_standard_B_proxy,5425e9370287189ca45179f958739e4d1ea29f5439b14d2d1b6a877cf57e26a0,168.30000000000001,rcp_2_6,weather_2050_rcp_2_6_pvgis_2006,pvgis_2006,2006,2041-2060,179219561,1,703939130,central,central,10453.805898027824,658.8304974063193,62.114117041163539,3.9146197112674939,7736.5719294953697,5017.3837472467949,1351.2193763975888,131.30956900951446,4333,524,524,4333,0,3732.7150000000506,3500.0000000000505,6.5028871176764369e-11,2,residential_energy_demand_gate5_v1,4b5b7791539478f9b2562d1b176e235ac7b641e1afdc40c3d5242661d9dbed3d,4b5b7791539478f9b2562d1b176e235ac7b641e1afdc40c3d5242661d9dbed3d,2ad0e9f7bbdfe12695c931891fd0e8132d060fd7bcbca23623db43d4c7393a5c,561839806dcdb8279ac4e42025bc5a82751f2588a2b2066fa84637918d8e4896,2987a546cb3f48253dcdfdc400036a68d1977eddb1012f753e54eca010acedd8,73ed0728ba3aea4548919a2c599b960f1645e1842d48afd930cc90a737aecd92,a96eee14f959c7954577e91fe17d4515a9348f0431a52c4dd9b8f37b88ac9cf5,d543101e7ea78ed2ddaba45de0ca0f44ec997e73ba696c2970de54b1e75cccfc,e40ccb491db9d0ecfe8c9e8462f713cf096279ef2b219236d05222512135b242,fb59b12e82b041c59cc8a3933745a40e92c5e89aa7df64846e5855fbd3acb00e,38669e3f0e715d12f919bbd64ba6e09fbb431145f819869ebd01d20e8fde4ed0,"[[18.0,4610],[20.0,4150]]","[[26.0,8760]]","[[""north"",""002ee4e68ba2ff1e9da7eb8f1e16c441bba47a8ad5ed36d81dc169204a2cb66d""],[""east"",""b1a28b883b4633c7b55388b5b43f571e79efcd391bc0ce6bc07019b5e25d8065""],[""south"",""c667e440b35d715226d38302c0104b35b5d5764fed6125e5bcc80d08fabf1f41""],[""west"",""2767619730916a7bca7fe58275301af35dc43db33040cad9a975264954dbabb5""]]"
mc_6535ab575d3f8a623c58fdf4f1c5775c30cc35779fec3ccb62e2380d737d1df8,BE_TABULA_13,Terraced house,SFH,1971-1990,TABULA_standard_B_proxy,5425e9370287189ca45179f958739e4d1ea29f5439b14d2d1b6a877cf57e26a0,168.30000000000001,rcp_2_6,weather_2050_rcp_2_6_pvgis_2006,pvgis_2006,2006,2041-2060,1182233951,5,3827554510,central,central,10547.668833478043,711.23339621977186,62.671829075924194,4.2259857172891966,7337.984574057733,4247.4755117818695,1437.4067875214175,167.44849834846968,4431,561,561,4431,0,4328.8233333341295,3500.0000000007963,7.3896444519050419e-11,2,residential_energy_demand_gate5_v1,4b5b7791539478f9b2562d1b176e235ac7b641e1afdc40c3d5242661d9dbed3d,4b5b7791539478f9b2562d1b176e235ac7b641e1afdc40c3d5242661d9dbed3d,2ad0e9f7bbdfe12695c931891fd0e8132d060fd7bcbca23623db43d4c7393a5c,561839806dcdb8279ac4e42025bc5a82751f2588a2b2066fa84637918d8e4896,2987a546cb3f48253dcdfdc400036a68d1977eddb1012f753e54eca010acedd8,73ed0728ba3aea4548919a2c599b960f1645e1842d48afd930cc90a737aecd92,a96eee14f959c7954577e91fe17d4515a9348f0431a52c4dd9b8f37b88ac9cf5,d543101e7ea78ed2ddaba45de0ca0f44ec997e73ba696c2970de54b1e75cccfc,e40ccb491db9d0ecfe8c9e8462f713cf096279ef2b219236d05222512135b242,fb59b12e82b041c59cc8a3933745a40e92c5e89aa7df64846e5855fbd3acb00e,38669e3f0e715d12f919bbd64ba6e09fbb431145f819869ebd01d20e8fde4ed0,"[[18.0,2812],[20.0,5948]]","[[26.0,8760]]","[[""north"",""002ee4e68ba2ff1e9da7eb8f1e16c441bba47a8ad5ed36d81dc169204a2cb66d""],[""east"",""b1a28b883b4633c7b55388b5b43f571e79efcd391bc0ce6bc07019b5e25d8065""],[""south"",""c667e440b35d715226d38302c0104b35b5d5764fed6125e5bcc80d08fabf1f41""],[""west"",""2767619730916a7bca7fe58275301af35dc43db33040cad9a975264954dbabb5""]]"
mc_aba1c3923b54c717b06d851dd66486aa1b9787fcb99d58fd024aa138de39e346,BE_TABULA_13,Terraced house,SFH,1971-1990,TABULA_standard_B_proxy,5425e9370287189ca45179f958739e4d1ea29f5439b14d2d1b6a877cf57e26a0,168.30000000000001,rcp_2_6,weather_2050_rcp_2_6_pvgis_2006,pvgis_2006,2006,2041-2060,2553148887,1,4219507087,central,central,10490.759660865526,675.78206533645266,62.333687824512921,4.0153420400264563,7507.2769712699601,3802.5341668019933,1397.4120977570471,177.71886739016438,4358,524,524,4358,0,3733.5899999992939,3499.9999999992942,6.6847860580310225e-11,2,residential_energy_demand_gate5_v1,4b5b7791539478f9b2562d1b176e235ac7b641e1afdc40c3d5242661d9dbed3d,4b5b7791539478f9b2562d1b176e235ac7b641e1afdc40c3d5242661d9dbed3d,2ad0e9f7bbdfe12695c931891fd0e8132d060fd7bcbca23623db43d4c7393a5c,561839806dcdb8279ac4e42025bc5a82751f2588a2b2066fa84637918d8e4896,2987a546cb3f48253dcdfdc400036a68d1977eddb1012f753e54eca010acedd8,73ed0728ba3aea4548919a2c599b960f1645e1842d48afd930cc90a737aecd92,a96eee14f959c7954577e91fe17d4515a9348f0431a52c4dd9b8f37b88ac9cf5,d543101e7ea78ed2ddaba45de0ca0f44ec997e73ba696c2970de54b1e75cccfc,e40ccb491db9d0ecfe8c9e8462f713cf096279ef2b219236d05222512135b242,fb59b12e82b041c59cc8a3933745a40e92c5e89aa7df64846e5855fbd3acb00e,38669e3f0e715d12f919bbd64ba6e09fbb431145f819869ebd01d20e8fde4ed0,"[[18.0,4597],[20.0,4163]]","[[26.0,8760]]","[[""north"",""002ee4e68ba2ff1e9da7eb8f1e16c441bba47a8ad5ed36d81dc169204a2cb66d""],[""east"",""b1a28b883b4633c7b55388b5b43f571e79efcd391bc0ce6bc07019b5e25d8065""],[""south"",""c667e440b35d715226d38302c0104b35b5d5764fed6125e5bcc80d08fabf1f41""],[""west"",""2767619730916a7bca7fe58275301af35dc43db33040cad9a975264954dbabb5""]]"
mc_00e8976f30ac29f9f48dc05f74239568e3ac8fa08f6f64991c1d42e4dd7e9720,BE_TABULA_13,Terraced house,SFH,1971-1990,TABULA_standard_B_proxy,5425e9370287189ca45179f958739e4d1ea29f5439b14d2d1b6a877cf57e26a0,168.30000000000001,rcp_2_6,weather_2050_rcp_2_6_pvgis_2006,pvgis_2006,2006,2041-2060,3936058544,2,1082227064,central,central,10522.670154334095,684.84067437681529,62.523292657956588,4.0691662173310474,7659.1802315447439,3992.1872684943892,1373.8637603794612,171.54522779566292,4423,534,534,4423,0,3942.8783333330171,3499.9999999996835,6.843947630841285e-11,2,residential_energy_demand_gate5_v1,4b5b7791539478f9b2562d1b176e235ac7b641e1afdc40c3d5242661d9dbed3d,4b5b7791539478f9b2562d1b176e235ac7b641e1afdc40c3d5242661d9dbed3d,2ad0e9f7bbdfe12695c931891fd0e8132d060fd7bcbca23623db43d4c7393a5c,561839806dcdb8279ac4e42025bc5a82751f2588a2b2066fa84637918d8e4896,2987a546cb3f48253dcdfdc400036a68d1977eddb1012f753e54eca010acedd8,73ed0728ba3aea4548919a2c599b960f1645e1842d48afd930cc90a737aecd92,a96eee14f959c7954577e91fe17d4515a9348f0431a52c4dd9b8f37b88ac9cf5,d543101e7ea78ed2ddaba45de0ca0f44ec997e73ba696c2970de54b1e75cccfc,e40ccb491db9d0ecfe8c9e8462f713cf096279ef2b219236d05222512135b242,fb59b12e82b041c59cc8a3933745a40e92c5e89aa7df64846e5855fbd3acb00e,38669e3f0e715d12f919bbd64ba6e09fbb431145f819869ebd01d20e8fde4ed0,"[[18.0,3842],[20.0,4918]]","[[26.0,8760]]","[[""north"",""002ee4e68ba2ff1e9da7eb8f1e16c441bba47a8ad5ed36d81dc169204a2cb66d""],[""east"",""b1a28b883b4633c7b55388b5b43f571e79efcd391bc0ce6bc07019b5e25d8065""],[""south"",""c667e440b35d715226d38302c0104b35b5d5764fed6125e5bcc80d08fabf1f41""],[""west"",""2767619730916a7bca7fe58275301af35dc43db33040cad9a975264954dbabb5""]]"
mc_abda7fea10cce7fed702dd96c718768b344fbac68ecb673c4e41dd20deb21340,BE_TABULA_13,Terraced house,SFH,1971-1990,TABULA_standard_B_proxy,5425e9370287189ca45179f958739e4d1ea29f5439b14d2d1b6a877cf57e26a0,168.30000000000001,rcp_2_6,weather_2050_rcp_2_6_pvgis_2006,pvgis_2006,2006,2041-2060,3672343387,5,2650450628,central,central,10568.830817029972,724.10299798853953,62.797568728639163,4.3024539393258436,7180.1782299492952,4204.7035751384301,1471.9454696745886,172.21261500335373,4446,564,564,4446,0,4342.9049999997596,3499.9999999997599,6.6052052716258913e-11,2,residential_energy_demand_gate5_v1,4b5b7791539478f9b2562d1b176e235ac7b641e1afdc40c3d5242661d9dbed3d,4b5b7791539478f9b2562d1b176e235ac7b641e1afdc40c3d5242661d9dbed3d,2ad0e9f7bbdfe12695c931891fd0e8132d060fd7bcbca23623db43d4c7393a5c,561839806dcdb8279ac4e42025bc5a82751f2588a2b2066fa84637918d8e4896,2987a546cb3f48253dcdfdc400036a68d1977eddb1012f753e54eca010acedd8,73ed0728ba3aea4548919a2c599b960f1645e1842d48afd930cc90a737aecd92,a96eee14f959c7954577e91fe17d4515a9348f0431a52c4dd9b8f37b88ac9cf5,d543101e7ea78ed2ddaba45de0ca0f44ec997e73ba696c2970de54b1e75cccfc,e40ccb491db9d0ecfe8c9e8462f713cf096279ef2b219236d05222512135b242,fb59b12e82b041c59cc8a3933745a40e92c5e89aa7df64846e5855fbd3acb00e,38669e3f0e715d12f919bbd64ba6e09fbb431145f819869ebd01d20e8fde4ed0,"[[18.0,2774],[20.0,5986]]","[[26.0,8760]]","[[""north"",""002ee4e68ba2ff1e9da7eb8f1e16c441bba47a8ad5ed36d81dc169204a2cb66d""],[""east"",""b1a28b883b4633c7b55388b5b43f571e79efcd391bc0ce6bc07019b5e25d8065""],[""south"",""c667e440b35d715226d38302c0104b35b5d5764fed6125e5bcc80d08fabf1f41""],[""west"",""2767619730916a7bca7fe58275301af35dc43db33040cad9a975264954dbabb5""]]"
mc_d049465f366baa59f630d7ff44c6e6be0439a48ee414019fd6a4ac04b09c415f,BE_TABULA_13,Terraced house,SFH,1971-1990,TABULA_standard_B_proxy,5425e9370287189ca45179f958739e4d1ea29f5439b14d2d1b6a877cf57e26a0,168.30000000000001,rcp_2_6,weather_2050_rcp_2_6_pvgis_2006,pvgis_2006,2006,2041-2060,1536720057,3,992965893,central,central,10589.585981233136,693.84165192797207,62.920891154088743,4.1226479615446943,7570.7740343628811,4290.8932135799078,1398.7454827165905,161.70098331323828,4487,554,554,4487,0,4056.4416666675684,3500.0000000009018,6.3096194935496897e-11,2,residential_energy_demand_gate5_v1,4b5b7791539478f9b2562d1b176e235ac7b641e1afdc40c3d5242661d9dbed3d,4b5b7791539478f9b2562d1b176e235ac7b641e1afdc40c3d5242661d9dbed3d,2ad0e9f7bbdfe12695c931891fd0e8132d060fd7bcbca23623db43d4c7393a5c,561839806dcdb8279ac4e42025bc5a82751f2588a2b2066fa84637918d8e4896,2987a546cb3f48253dcdfdc400036a68d1977eddb1012f753e54eca010acedd8,73ed0728ba3aea4548919a2c599b960f1645e1842d48afd930cc90a737aecd92,a96eee14f959c7954577e91fe17d4515a9348f0431a52c4dd9b8f37b88ac9cf5,d543101e7ea78ed2ddaba45de0ca0f44ec997e73ba696c2970de54b1e75cccfc,e40ccb491db9d0ecfe8c9e8462f713cf096279ef2b219236d05222512135b242,fb59b12e82b041c59cc8a3933745a40e92c5e89aa7df64846e5855fbd3acb00e,38669e3f0e715d12f919bbd64ba6e09fbb431145f819869ebd01d20e8fde4ed0,"[[18.0,3309],[20.0,5451]]","[[26.0,8760]]","[[""north"",""002ee4e68ba2ff1e9da7eb8f1e16c441bba47a8ad5ed36d81dc169204a2cb66d""],[""east"",""b1a28b883b4633c7b55388b5b43f571e79efcd391bc0ce6bc07019b5e25d8065""],[""south"",""c667e440b35d715226d38302c0104b35b5d5764fed6125e5bcc80d08fabf1f41""],[""west"",""2767619730916a7bca7fe58275301af35dc43db33040cad9a975264954dbabb5""]]"
mc_f59527c80a695437e5a42db9ec2c046e2ac073212eba3dad8d1d4456648a6837,BE_TABULA_13,Terraced house,SFH,1971-1990,TABULA_standard_B_proxy,5425e9370287189ca45179f958739e4d1ea29f5439b14d2d1b6a877cf57e26a0,168.30000000000001,rcp_2_6,weather_2050_rcp_2_6_pvgis_2006,pvgis_2006,2006,2041-2060,1105527356,3,2355334313,central,central,10550.068160177072,677.2716502030255,62.686085324878619,4.0241928116638475,7599.1729496297312,4026.128498620365,1388.3179432955428,168.21908452129793,4428,517,517,4428,0,4060.4783333332889,3499.9999999999559,6.6961547418031842e-11,2,residential_energy_demand_gate5_v1,4b5b7791539478f9b2562d1b176e235ac7b641e1afdc40c3d5242661d9dbed3d,4b5b7791539478f9b2562d1b176e235ac7b641e1afdc40c3d5242661d9dbed3d,2ad0e9f7bbdfe12695c931891fd0e8132d060fd7bcbca23623db43d4c7393a5c,561839806dcdb8279ac4e42025bc5a82751f2588a2b2066fa84637918d8e4896,2987a546cb3f48253dcdfdc400036a68d1977eddb1012f753e54eca010acedd8,73ed0728ba3aea4548919a2c599b960f1645e1842d48afd930cc90a737aecd92,a96eee14f959c7954577e91fe17d4515a9348f0431a52c4dd9b8f37b88ac9cf5,d543101e7ea78ed2ddaba45de0ca0f44ec997e73ba696c2970de54b1e75cccfc,e40ccb491db9d0ecfe8c9e8462f713cf096279ef2b219236d05222512135b242,fb59b12e82b041c59cc8a3933745a40e92c5e89aa7df64846e5855fbd3acb00e,38669e3f0e715d12f919bbd64ba6e09fbb431145f819869ebd01d20e8fde4ed0,"[[18.0,3422],[20.0,5338]]","[[26.0,8760]]","[[""north"",""002ee4e68ba2ff1e9da7eb8f1e16c441bba47a8ad5ed36d81dc169204a2cb66d""],[""east"",""b1a28b883b4633c7b55388b5b43f571e79efcd391bc0ce6bc07019b5e25d8065""],[""south"",""c667e440b35d715226d38302c0104b35b5d5764fed6125e5bcc80d08fabf1f41""],[""west"",""2767619730916a7bca7fe58275301af35dc43db33040cad9a975264954dbabb5""]]"
mc_f36c9b6a3ffb46fe75b154c96ff251e9928e0bd60c11d1205b47f594c72995a5,BE_TABULA_13,Terraced house,SFH,1971-1990,TABULA_standard_B_proxy,5425e9370287189ca45179f958739e4d1ea29f5439b14d2d1b6a877cf57e26a0,168.30000000000001,rcp_2_6,weather_2050_rcp_2_6_pvgis_2006,pvgis_2006,2006,2041-2060,2803026148,4,1800981112,central,central,10574.120813938753,715.83166998063655,62.829000676997936,4.2533076053513756,7404.3461062532488,4449.5542079916904,1428.0965074023902,160.87716578324995,4449,541,541,4449,0,4192.9766666669957,3500.0000000003288,7.071321306284517e-11,2,residential_energy_demand_gate5_v1,4b5b7791539478f9b2562d1b176e235ac7b641e1afdc40c3d5242661d9dbed3d,4b5b7791539478f9b2562d1b176e235ac7b641e1afdc40c3d5242661d9dbed3d,2ad0e9f7bbdfe12695c931891fd0e8132d060fd7bcbca23623db43d4c7393a5c,561839806dcdb8279ac4e42025bc5a82751f2588a2b2066fa84637918d8e4896,2987a546cb3f48253dcdfdc400036a68d1977eddb1012f753e54eca010acedd8,73ed0728ba3aea4548919a2c599b960f1645e1842d48afd930cc90a737aecd92,a96eee14f959c7954577e91fe17d4515a9348f0431a52c4dd9b8f37b88ac9cf5,d543101e7ea78ed2ddaba45de0ca0f44ec997e73ba696c2970de54b1e75cccfc,e40ccb491db9d0ecfe8c9e8462f713cf096279ef2b219236d05222512135b242,fb59b12e82b041c59cc8a3933745a40e92c5e89aa7df64846e5855fbd3acb00e,38669e3f0e715d12f919bbd64ba6e09fbb431145f819869ebd01d20e8fde4ed0,"[[18.0,3130],[20.0,5630]]","[[26.0,8760]]","[[""north"",""002ee4e68ba2ff1e9da7eb8f1e16c441bba47a8ad5ed36d81dc169204a2cb66d""],[""east"",""b1a28b883b4633c7b55388b5b43f571e79efcd391bc0ce6bc07019b5e25d8065""],[""south"",""c667e440b35d715226d38302c0104b35b5d5764fed6125e5bcc80d08fabf1f41""],[""west"",""2767619730916a7bca7fe58275301af35dc43db33040cad9a975264954dbabb5""]]"
mc_2f40c4880837e68ec14a34ceb0817cfba499609dc65d8ace2cfefd07556afd52,BE_TABULA_13,Terraced house,SFH,1971-1990,TABULA_standard_B_proxy,5425e9370287189ca45179f958739e4d1ea29f5439b14d2d1b6a877cf57e26a0,168.30000000000001,rcp_2_6,weather_2050_rcp_2_6_pvgis_2006,pvgis_2006,2006,2041-2060,2970899734,3,1890613871,central,central,10601.81035001497,701.23418837611268,62.993525549702731,4.1665727176239606,7226.0886837598646,3815.3817486577495,1467.1575196470819,183.79135682105905,4427,537,537,4427,0,4058.740000000259,3500.0000000002588,6.7529981606639922e-11,2,residential_energy_demand_gate5_v1,4b5b7791539478f9b2562d1b176e235ac7b641e1afdc40c3d5242661d9dbed3d,4b5b7791539478f9b2562d1b176e235ac7b641e1afdc40c3d5242661d9dbed3d,2ad0e9f7bbdfe12695c931891fd0e8132d060fd7bcbca23623db43d4c7393a5c,561839806dcdb8279ac4e42025bc5a82751f2588a2b2066fa84637918d8e4896,2987a546cb3f48253dcdfdc400036a68d1977eddb1012f753e54eca010acedd8,73ed0728ba3aea4548919a2c599b960f1645e1842d48afd930cc90a737aecd92,a96eee14f959c7954577e91fe17d4515a9348f0431a52c4dd9b8f37b88ac9cf5,d543101e7ea78ed2ddaba45de0ca0f44ec997e73ba696c2970de54b1e75cccfc,e40ccb491db9d0ecfe8c9e8462f713cf096279ef2b219236d05222512135b242,fb59b12e82b041c59cc8a3933745a40e92c5e89aa7df64846e5855fbd3acb00e,38669e3f0e715d12f919bbd64ba6e09fbb431145f819869ebd01d20e8fde4ed0,"[[18.0,3375],[20.0,5385]]","[[26.0,8760]]","[[""north"",""002ee4e68ba2ff1e9da7eb8f1e16c441bba47a8ad5ed36d81dc169204a2cb66d""],[""east"",""b1a28b883b4633c7b55388b5b43f571e79efcd391bc0ce6bc07019b5e25d8065""],[""south"",""c667e440b35d715226d38302c0104b35b5d5764fed6125e5bcc80d08fabf1f41""],[""west"",""2767619730916a7bca7fe58275301af35dc43db33040cad9a975264954dbabb5""]]"
mc_f4df695eeea9b0d0b34f282b7b2aef7f3a5d1ce05d60cf082b0f4a993bf6ea65,BE_TABULA_13,Terraced house,SFH,1971-1990,TABULA_standard_B_proxy,5425e9370287189ca45179f958739e4d1ea29f5439b14d2d1b6a877cf57e26a0,168.30000000000001,rcp_2_6,weather_2050_rcp_2_6_pvgis_2006,pvgis_2006,2006,2041-2060,387036528,2,2547100333,central,central,10579.828632018836,682.00417134311397,62.862915222928315,4.052312366863422,7436.6905443311416,4358.4606329318649,1422.6528008596047,156.47822219386228,4393,517,517,4393,0,3958.7566666670768,3500.0000000004102,6.5710992203094065e-11,2,residential_energy_demand_gate5_v1,4b5b7791539478f9b2562d1b176e235ac7b641e1afdc40c3d5242661d9dbed3d,4b5b7791539478f9b2562d1b176e235ac7b641e1afdc40c3d5242661d9dbed3d,2ad0e9f7bbdfe12695c931891fd0e8132d060fd7bcbca23623db43d4c7393a5c,561839806dcdb8279ac4e42025bc5a82751f2588a2b2066fa84637918d8e4896,2987a546cb3f48253dcdfdc400036a68d1977eddb1012f753e54eca010acedd8,73ed0728ba3aea4548919a2c599b960f1645e1842d48afd930cc90a737aecd92,a96eee14f959c7954577e91fe17d4515a9348f0431a52c4dd9b8f37b88ac9cf5,d543101e7ea78ed2ddaba45de0ca0f44ec997e73ba696c2970de54b1e75cccfc,e40ccb491db9d0ecfe8c9e8462f713cf096279ef2b219236d05222512135b242,fb59b12e82b041c59cc8a3933745a40e92c5e89aa7df64846e5855fbd3acb00e,38669e3f0e715d12f919bbd64ba6e09fbb431145f819869ebd01d20e8fde4ed0,"[[18.0,3667],[20.0,5093]]","[[26.0,8760]]","[[""north"",""002ee4e68ba2ff1e9da7eb8f1e16c441bba47a8ad5ed36d81dc169204a2cb66d""],[""east"",""b1a28b883b4633c7b55388b5b43f571e79efcd391bc0ce6bc07019b5e25d8065""],[""south"",""c667e440b35d715226d38302c0104b35b5d5764fed6125e5bcc80d08fabf1f41""],[""west"",""2767619730916a7bca7fe58275301af35dc43db33040cad9a975264954dbabb5""]]"
mc_8e58887e41392e8eb7fcbd2a7cccb8af8f36e6ba866982e72cc8d0484d7afe12,BE_TABULA_13,Terraced house,SFH,1971-1990,TABULA_standard_B_proxy,5425e9370287189ca45179f958739e4d1ea29f5439b14d2d1b6a877cf57e26a0,168.30000000000001,rcp_2_6,weather_2050_rcp_2_6_pvgis_2006,pvgis_2006,2006,2041-2060,247910426,2,1544109121,central,central,10535.169034885563,666.66003214700777,62.597558139545825,3.9611410109744964,7560.2261227685322,3531.6625115615379,1393.4991974853281,188.76663043667824,4385,525,525,4385,0,3938.993333333945,3500.0000000006121,6.843947630841285e-11,2,residential_energy_demand_gate5_v1,4b5b7791539478f9b2562d1b176e235ac7b641e1afdc40c3d5242661d9dbed3d,4b5b7791539478f9b2562d1b176e235ac7b641e1afdc40c3d5242661d9dbed3d,2ad0e9f7bbdfe12695c931891fd0e8132d060fd7bcbca23623db43d4c7393a5c,561839806dcdb8279ac4e42025bc5a82751f2588a2b2066fa84637918d8e4896,2987a546cb3f48253dcdfdc400036a68d1977eddb1012f753e54eca010acedd8,73ed0728ba3aea4548919a2c599b960f1645e1842d48afd930cc90a737aecd92,a96eee14f959c7954577e91fe17d4515a9348f0431a52c4dd9b8f37b88ac9cf5,d543101e7ea78ed2ddaba45de0ca0f44ec997e73ba696c2970de54b1e75cccfc,e40ccb491db9d0ecfe8c9e8462f713cf096279ef2b219236d05222512135b242,fb59b12e82b041c59cc8a3933745a40e92c5e89aa7df64846e5855fbd3acb00e,38669e3f0e715d12f919bbd64ba6e09fbb431145f819869ebd01d20e8fde4ed0,"[[18.0,3852],[20.0,4908]]","[[26.0,8760]]","[[""north"",""002ee4e68ba2ff1e9da7eb8f1e16c441bba47a8ad5ed36d81dc169204a2cb66d""],[""east"",""b1a28b883b4633c7b55388b5b43f571e79efcd391bc0ce6bc07019b5e25d8065""],[""south"",""c667e440b35d715226d38302c0104b35b5d5764fed6125e5bcc80d08fabf1f41""],[""west"",""2767619730916a7bca7fe58275301af35dc43db33040cad9a975264954dbabb5""]]"
mc_e8e8ed7f844cde983425852d8c78040a70108e17516bc96c8df586955a02f25b,BE_TABULA_13,Terraced house,SFH,1971-1990,TABULA_standard_B_proxy,5425e9370287189ca45179f958739e4d1ea29f5439b14d2d1b6a877cf57e26a0,168.30000000000001,rcp_2_6,weather_2050_rcp_2_6_pvgis_2006,pvgis_2006,2006,2041-2060,2703791916,2,3817024223,central,central,10535.392111424342,678.8353567213718,62.59888360917612,4.0334839971561003,7468.8285166381756,3858.194125939292,1410.5816043245386,175.94639734622132,4432,542,542,4432,0,3952.9116666666646,3499.9999999999977,6.8325789470691234e-11,2,residential_energy_demand_gate5_v1,4b5b7791539478f9b2562d1b176e235ac7b641e1afdc40c3d5242661d9dbed3d,4b5b7791539478f9b2562d1b176e235ac7b641e1afdc40c3d5242661d9dbed3d,2ad0e9f7bbdfe12695c931891fd0e8132d060fd7bcbca23623db43d4c7393a5c,561839806dcdb8279ac4e42025bc5a82751f2588a2b2066fa84637918d8e4896,2987a546cb3f48253dcdfdc400036a68d1977eddb1012f753e54eca010acedd8,73ed0728ba3aea4548919a2c599b960f1645e1842d48afd930cc90a737aecd92,a96eee14f959c7954577e91fe17d4515a9348f0431a52c4dd9b8f37b88ac9cf5,d543101e7ea78ed2ddaba45de0ca0f44ec997e73ba696c2970de54b1e75cccfc,e40ccb491db9d0ecfe8c9e8462f713cf096279ef2b219236d05222512135b242,fb59b12e82b041c59cc8a3933745a40e92c5e89aa7df64846e5855fbd3acb00e,38669e3f0e715d12f919bbd64ba6e09fbb431145f819869ebd01d20e8fde4ed0,"[[18.0,3743],[20.0,5017]]","[[26.0,8760]]","[[""north"",""002ee4e68ba2ff1e9da7eb8f1e16c441bba47a8ad5ed36d81dc169204a2cb66d""],[""east"",""b1a28b883b4633c7b55388b5b43f571e79efcd391bc0ce6bc07019b5e25d8065""],[""south"",""c667e440b35d715226d38302c0104b35b5d5764fed6125e5bcc80d08fabf1f41""],[""west"",""2767619730916a7bca7fe58275301af35dc43db33040cad9a975264954dbabb5""]]"
mc_2ba70a84fa2b362e733ecdabd7cb23819f1b9afab372cc86f5546da6ee76ada7,BE_TABULA_13,Terraced house,SFH,1971-1990,TABULA_standard_B_proxy,5425e9370287189ca45179f958739e4d1ea29f5439b14d2d1b6a877cf57e26a0,168.30000000000001,rcp_2_6,weather_2050_rcp_2_6_pvgis_2006,pvgis_2006,2006,2041-2060,2308038042,2,3939876558,central,central,10583.432541113194,702.31160571281407,62.88432882420198,4.1729744843304459,7397.5644281815521,4218.9699021727411,1430.6644631298984,166.46518510386346,4385,555,555,4385,0,3948.1633333334303,3500.0000000000969,6.900791049702093e-11,2,residential_energy_demand_gate5_v1,4b5b7791539478f9b2562d1b176e235ac7b641e1afdc40c3d5242661d9dbed3d,4b5b7791539478f9b2562d1b176e235ac7b641e1afdc40c3d5242661d9dbed3d,2ad0e9f7bbdfe12695c931891fd0e8132d060fd7bcbca23623db43d4c7393a5c,561839806dcdb8279ac4e42025bc5a82751f2588a2b2066fa84637918d8e4896,2987a546cb3f48253dcdfdc400036a68d1977eddb1012f753e54eca010acedd8,73ed0728ba3aea4548919a2c599b960f1645e1842d48afd930cc90a737aecd92,a96eee14f959c7954577e91fe17d4515a9348f0431a52c4dd9b8f37b88ac9cf5,d543101e7ea78ed2ddaba45de0ca0f44ec997e73ba696c2970de54b1e75cccfc,e40ccb491db9d0ecfe8c9e8462f713cf096279ef2b219236d05222512135b242,fb59b12e82b041c59cc8a3933745a40e92c5e89aa7df64846e5855fbd3acb00e,38669e3f0e715d12f919bbd64ba6e09fbb431145f819869ebd01d20e8fde4ed0,"[[18.0,3758],[20.0,5002]]","[[26.0,8760]]","[[""north"",""002ee4e68ba2ff1e9da7eb8f1e16c441bba47a8ad5ed36d81dc169204a2cb66d""],[""east"",""b1a28b883b4633c7b55388b5b43f571e79efcd391bc0ce6bc07019b5e25d8065""],[""south"",""c667e440b35d715226d38302c0104b35b5d5764fed6125e5bcc80d08fabf1f41""],[""west"",""2767619730916a7bca7fe58275301af35dc43db33040cad9a975264954dbabb5""]]"
mc_e124b0f40d78eb802873d2b0e5e4bea16be548407676ff60875803ad1f896f44,BE_TABULA_13,Terraced house,SFH,1971-1990,TABULA_standard_B_proxy,5425e9370287189ca45179f958739e4d1ea29f5439b14d2d1b6a877cf57e26a0,168.30000000000001,rcp_2_6,weather_2050_rcp_2_6_pvgis_2006,pvgis_2006,2006,2041-2060,121872340,5,62979322,central,central,10548.653864702086,696.72688536775433,62.677681905538236,4.1397913569088196,7385.2432915490972,4398.8354038182606,1428.3420935872034,158.38894193744648,4463,525,525,4463,0,4342.2516666662705,3499.9999999996035,6.9348971010185778e-11,2,residential_energy_demand_gate5_v1,4b5b7791539478f9b2562d1b176e235ac7b641e1afdc40c3d5242661d9dbed3d,4b5b7791539478f9b2562d1b176e235ac7b641e1afdc40c3d5242661d9dbed3d,2ad0e9f7bbdfe12695c931891fd0e8132d060fd7bcbca23623db43d4c7393a5c,561839806dcdb8279ac4e42025bc5a82751f2588a2b2066fa84637918d8e4896,2987a546cb3f48253dcdfdc400036a68d1977eddb1012f753e54eca010acedd8,73ed0728ba3aea4548919a2c599b960f1645e1842d48afd930cc90a737aecd92,a96eee14f959c7954577e91fe17d4515a9348f0431a52c4dd9b8f37b88ac9cf5,d543101e7ea78ed2ddaba45de0ca0f44ec997e73ba696c2970de54b1e75cccfc,e40ccb491db9d0ecfe8c9e8462f713cf096279ef2b219236d05222512135b242,fb59b12e82b041c59cc8a3933745a40e92c5e89aa7df64846e5855fbd3acb00e,38669e3f0e715d12f919bbd64ba6e09fbb431145f819869ebd01d20e8fde4ed0,"[[18.0,2786],[20.0,5974]]","[[26.0,8760]]","[[""north"",""002ee4e68ba2ff1e9da7eb8f1e16c441bba47a8ad5ed36d81dc169204a2cb66d""],[""east"",""b1a28b883b4633c7b55388b5b43f571e79efcd391bc0ce6bc07019b5e25d8065""],[""south"",""c667e440b35d715226d38302c0104b35b5d5764fed6125e5bcc80d08fabf1f41""],[""west"",""2767619730916a7bca7fe58275301af35dc43db33040cad9a975264954dbabb5""]]"
mc_7d38060781fe950426de335632e6495a25e7b4bb02a1ec46f0bd829d6ec67593,BE_TABULA_13,Terraced house,SFH,1971-1990,TABULA_standard_B_proxy,5425e9370287189ca45179f958739e4d1ea29f5439b14d2d1b6a877cf57e26a0,168.30000000000001,rcp_2_6,weather_2050_rcp_2_6_pvgis_2006,pvgis_2006,2006,2041-2060,3159291459,4,3216263764,central,central,10552.174781910508,730.25386881433701,62.698602388060053,4.3390010030560724,7304.2178535012508,4137.013181595993,1444.6686823356945,176.51717235588234,4427,550,550,4427,0,4193.525000000328,3500.0000000003274,6.9121597334742546e-11,2,residential_energy_demand_gate5_v1,4b5b7791539478f9b2562d1b176e235ac7b641e1afdc40c3d5242661d9dbed3d,4b5b7791539478f9b2562d1b176e235ac7b641e1afdc40c3d5242661d9dbed3d,2ad0e9f7bbdfe12695c931891fd0e8132d060fd7bcbca23623db43d4c7393a5c,561839806dcdb8279ac4e42025bc5a82751f2588a2b2066fa84637918d8e4896,2987a546cb3f48253dcdfdc400036a68d1977eddb1012f753e54eca010acedd8,73ed0728ba3aea4548919a2c599b960f1645e1842d48afd930cc90a737aecd92,a96eee14f959c7954577e91fe17d4515a9348f0431a52c4dd9b8f37b88ac9cf5,d543101e7ea78ed2ddaba45de0ca0f44ec997e73ba696c2970de54b1e75cccfc,e40ccb491db9d0ecfe8c9e8462f713cf096279ef2b219236d05222512135b242,fb59b12e82b041c59cc8a3933745a40e92c5e89aa7df64846e5855fbd3acb00e,38669e3f0e715d12f919bbd64ba6e09fbb431145f819869ebd01d20e8fde4ed0,"[[18.0,3170],[20.0,5590]]","[[26.0,8760]]","[[""north"",""002ee4e68ba2ff1e9da7eb8f1e16c441bba47a8ad5ed36d81dc169204a2cb66d""],[""east"",""b1a28b883b4633c7b55388b5b43f571e79efcd391bc0ce6bc07019b5e25d8065""],[""south"",""c667e440b35d715226d38302c0104b35b5d5764fed6125e5bcc80d08fabf1f41""],[""west"",""2767619730916a7bca7fe58275301af35dc43db33040cad9a975264954dbabb5""]]"
mc_1c84b2d68acc513edd06d982d50f7a18a7624a43abd6e5d5807042e5bb70a69d,BE_TABULA_13,Terraced house,SFH,1971-1990,TABULA_standard_B_proxy,5425e9370287189ca45179f958739e4d1ea29f5439b14d2d1b6a877cf57e26a0,168.30000000000001,rcp_2_6,weather_2050_rcp_2_6_pvgis_2006,pvgis_2006,2006,2041-2060,3292453555,2,1443969456,central,central,10517.606788216643,652.91537189895803,62.493207297781595,3.8794733921506714,7506.9320531015292,3907.9203994725103,1401.052615611625,167.07489026314053,4387,524,524,4387,0,3933.8599999998978,3499.999999999899,6.7075234255753458e-11,2,residential_energy_demand_gate5_v1,4b5b7791539478f9b2562d1b176e235ac7b641e1afdc40c3d5242661d9dbed3d,4b5b7791539478f9b2562d1b176e235ac7b641e1afdc40c3d5242661d9dbed3d,2ad0e9f7bbdfe12695c931891fd0e8132d060fd7bcbca23623db43d4c7393a5c,561839806dcdb8279ac4e42025bc5a82751f2588a2b2066fa84637918d8e4896,2987a546cb3f48253dcdfdc400036a68d1977eddb1012f753e54eca010acedd8,73ed0728ba3aea4548919a2c599b960f1645e1842d48afd930cc90a737aecd92,a96eee14f959c7954577e91fe17d4515a9348f0431a52c4dd9b8f37b88ac9cf5,d543101e7ea78ed2ddaba45de0ca0f44ec997e73ba696c2970de54b1e75cccfc,e40ccb491db9d0ecfe8c9e8462f713cf096279ef2b219236d05222512135b242,fb59b12e82b041c59cc8a3933745a40e92c5e89aa7df64846e5855fbd3acb00e,38669e3f0e715d12f919bbd64ba6e09fbb431145f819869ebd01d20e8fde4ed0,"[[18.0,3832],[20.0,4928]]","[[26.0,8760]]","[[""north"",""002ee4e68ba2ff1e9da7eb8f1e16c441bba47a8ad5ed36d81dc169204a2cb66d""],[""east"",""b1a28b883b4633c7b55388b5b43f571e79efcd391bc0ce6bc07019b5e25d8065""],[""south"",""c667e440b35d715226d38302c0104b35b5d5764fed6125e5bcc80d08fabf1f41""],[""west"",""2767619730916a7bca7fe58275301af35dc43db33040cad9a975264954dbabb5""]]"
mc_97dca81f7f3286abe261b082ba82768390e296d5c213a2f029ca58571514d678,BE_TABULA_13,Terraced house,SFH,1971-1990,TABULA_standard_B_proxy,5425e9370287189ca45179f958739e4d1ea29f5439b14d2d1b6a877cf57e26a0,168.30000000000001,rcp_2_6,weather_2050_rcp_2_6_pvgis_2006,pvgis_2006,2006,2041-2060,4217880632,3,3645581868,central,central,10535.09953555595,687.87625141899571,62.597145190469099,4.0872029198989646,7558.9688197624218,3618.9847613637912,1393.72178755555,190.07437079115357,4417,528,528,4417,0,4060.2916666663114,3499.9999999996453,7.1167960413731635e-11,2,residential_energy_demand_gate5_v1,4b5b7791539478f9b2562d1b176e235ac7b641e1afdc40c3d5242661d9dbed3d,4b5b7791539478f9b2562d1b176e235ac7b641e1afdc40c3d5242661d9dbed3d,2ad0e9f7bbdfe12695c931891fd0e8132d060fd7bcbca23623db43d4c7393a5c,561839806dcdb8279ac4e42025bc5a82751f2588a2b2066fa84637918d8e4896,2987a546cb3f48253dcdfdc400036a68d1977eddb1012f753e54eca010acedd8,73ed0728ba3aea4548919a2c599b960f1645e1842d48afd930cc90a737aecd92,a96eee14f959c7954577e91fe17d4515a9348f0431a52c4dd9b8f37b88ac9cf5,d543101e7ea78ed2ddaba45de0ca0f44ec997e73ba696c2970de54b1e75cccfc,e40ccb491db9d0ecfe8c9e8462f713cf096279ef2b219236d05222512135b242,fb59b12e82b041c59cc8a3933745a40e92c5e89aa7df64846e5855fbd3acb00e,38669e3f0e715d12f919bbd64ba6e09fbb431145f819869ebd01d20e8fde4ed0,"[[18.0,3383],[20.0,5377]]","[[26.0,8760]]","[[""north"",""002ee4e68ba2ff1e9da7eb8f1e16c441bba47a8ad5ed36d81dc169204a2cb66d""],[""east"",""b1a28b883b4633c7b55388b5b43f571e79efcd391bc0ce6bc07019b5e25d8065""],[""south"",""c667e440b35d715226d38302c0104b35b5d5764fed6125e5bcc80d08fabf1f41""],[""west"",""2767619730916a7bca7fe58275301af35dc43db33040cad9a975264954dbabb5""]]"
mc_c5efd42101cfb981776fb5533ef8c7f7d2c0416ac6f82910b58f8d2b6a6f1df0,BE_TABULA_13,Terraced house,SFH,1971-1990,TABULA_standard_B_proxy,5425e9370287189ca45179f958739e4d1ea29f5439b14d2d1b6a877cf57e26a0,168.30000000000001,rcp_2_6,weather_2050_rcp_2_6_pvgis_2006,pvgis_2006,2006,2041-2060,3936536578,1,1445601406,central,central,10498.890470225931,644.28824220217393,62.381999228912242,3.8282129661448239,7699.3282712735017,4079.5962074410236,1363.6112268907546,157.92941493254096,4371,494,494,4371,0,3742.8650000008888,3500.000000000889,6.8212102632969618e-11,2,residential_energy_demand_gate5_v1,4b5b7791539478f9b2562d1b176e235ac7b641e1afdc40c3d5242661d9dbed3d,4b5b7791539478f9b2562d1b176e235ac7b641e1afdc40c3d5242661d9dbed3d,2ad0e9f7bbdfe12695c931891fd0e8132d060fd7bcbca23623db43d4c7393a5c,561839806dcdb8279ac4e42025bc5a82751f2588a2b2066fa84637918d8e4896,2987a546cb3f48253dcdfdc400036a68d1977eddb1012f753e54eca010acedd8,73ed0728ba3aea4548919a2c599b960f1645e1842d48afd930cc90a737aecd92,a96eee14f959c7954577e91fe17d4515a9348f0431a52c4dd9b8f37b88ac9cf5,d543101e7ea78ed2ddaba45de0ca0f44ec997e73ba696c2970de54b1e75cccfc,e40ccb491db9d0ecfe8c9e8462f713cf096279ef2b219236d05222512135b242,fb59b12e82b041c59cc8a3933745a40e92c5e89aa7df64846e5855fbd3acb00e,38669e3f0e715d12f919bbd64ba6e09fbb431145f819869ebd01d20e8fde4ed0,"[[18.0,4405],[20.0,4355]]","[[26.0,8760]]","[[""north"",""002ee4e68ba2ff1e9da7eb8f1e16c441bba47a8ad5ed36d81dc169204a2cb66d""],[""east"",""b1a28b883b4633c7b55388b5b43f571e79efcd391bc0ce6bc07019b5e25d8065""],[""south"",""c667e440b35d715226d38302c0104b35b5d5764fed6125e5bcc80d08fabf1f41""],[""west"",""2767619730916a7bca7fe58275301af35dc43db33040cad9a975264954dbabb5""]]"
mc_05f8de947bf397fb8e89d8aea84de3cedcb0fb7eebcca0ca20c2b740858118d5,BE_TABULA_13,Terraced house,SFH,1971-1990,TABULA_standard_B_proxy,5425e9370287189ca45179f958739e4d1ea29f5439b14d2d1b6a877cf57e26a0,168.30000000000001,rcp_2_6,weather_2050_rcp_2_6_pvgis_2006,pvgis_2006,2006,2041-2060,2415921962,1,2835669025,central,central,10438.438504015996,633.16165999068357,62.022807510493138,3.7621013665518928,7719.2813877815961,3873.3728840734661,1352.255213877602,163.46519659754875,4401,506,506,4401,0,3736.3316666652668,3499.9999999986007,6.7984728957526386e-11,2,residential_energy_demand_gate5_v1,4b5b7791539478f9b2562d1b176e235ac7b641e1afdc40c3d5242661d9dbed3d,4b5b7791539478f9b2562d1b176e235ac7b641e1afdc40c3d5242661d9dbed3d,2ad0e9f7bbdfe12695c931891fd0e8132d060fd7bcbca23623db43d4c7393a5c,561839806dcdb8279ac4e42025bc5a82751f2588a2b2066fa84637918d8e4896,2987a546cb3f48253dcdfdc400036a68d1977eddb1012f753e54eca010acedd8,73ed0728ba3aea4548919a2c599b960f1645e1842d48afd930cc90a737aecd92,a96eee14f959c7954577e91fe17d4515a9348f0431a52c4dd9b8f37b88ac9cf5,d543101e7ea78ed2ddaba45de0ca0f44ec997e73ba696c2970de54b1e75cccfc,e40ccb491db9d0ecfe8c9e8462f713cf096279ef2b219236d05222512135b242,fb59b12e82b041c59cc8a3933745a40e92c5e89aa7df64846e5855fbd3acb00e,38669e3f0e715d12f919bbd64ba6e09fbb431145f819869ebd01d20e8fde4ed0,"[[18.0,4522],[20.0,4238]]","[[26.0,8760]]","[[""north"",""002ee4e68ba2ff1e9da7eb8f1e16c441bba47a8ad5ed36d81dc169204a2cb66d""],[""east"",""b1a28b883b4633c7b55388b5b43f571e79efcd391bc0ce6bc07019b5e25d8065""],[""south"",""c667e440b35d715226d38302c0104b35b5d5764fed6125e5bcc80d08fabf1f41""],[""west"",""2767619730916a7bca7fe58275301af35dc43db33040cad9a975264954dbabb5""]]"
mc_d0750cca306e9a8a3c1103888d821540598c5cdc2fbb15fc6ec82b6980de71d7,BE_TABULA_13,Terraced house,SFH,1971-1990,TABULA_standard_B_proxy,5425e9370287189ca45179f958739e4d1ea29f5439b14d2d1b6a877cf57e26a0,168.30000000000001,rcp_2_6,weather_2050_rcp_2_6_pvgis_2006,pvgis_2006,2006,2041-2060,1719658758,1,1903171019,central,central,10461.399195758639,661.49672528561189,62.15923467473938,3.930461825820629,7586.605926340284,4600.3018844155913,1378.9300903895942,143.79419914300831,4339,524,524,4339,0,3736.3550000005393,3500.0000000005393,6.4574123825877905e-11,2,residential_energy_demand_gate5_v1,4b5b7791539478f9b2562d1b176e235ac7b641e1afdc40c3d5242661d9dbed3d,4b5b7791539478f9b2562d1b176e235ac7b641e1afdc40c3d5242661d9dbed3d,2ad0e9f7bbdfe12695c931891fd0e8132d060fd7bcbca23623db43d4c7393a5c,561839806dcdb8279ac4e42025bc5a82751f2588a2b2066fa84637918d8e4896,2987a546cb3f48253dcdfdc400036a68d1977eddb1012f753e54eca010acedd8,73ed0728ba3aea4548919a2c599b960f1645e1842d48afd930cc90a737aecd92,a96eee14f959c7954577e91fe17d4515a9348f0431a52c4dd9b8f37b88ac9cf5,d543101e7ea78ed2ddaba45de0ca0f44ec997e73ba696c2970de54b1e75cccfc,e40ccb491db9d0ecfe8c9e8462f713cf096279ef2b219236d05222512135b242,fb59b12e82b041c59cc8a3933745a40e92c5e89aa7df64846e5855fbd3acb00e,38669e3f0e715d12f919bbd64ba6e09fbb431145f819869ebd01d20e8fde4ed0,"[[18.0,4581],[20.0,4179]]","[[26.0,8760]]","[[""north"",""002ee4e68ba2ff1e9da7eb8f1e16c441bba47a8ad5ed36d81dc169204a2cb66d""],[""east"",""b1a28b883b4633c7b55388b5b43f571e79efcd391bc0ce6bc07019b5e25d8065""],[""south"",""c667e440b35d715226d38302c0104b35b5d5764fed6125e5bcc80d08fabf1f41""],[""west"",""2767619730916a7bca7fe58275301af35dc43db33040cad9a975264954dbabb5""]]"
mc_faf754b57619d3fb7e68a71b17d90d8509d632d0810f4740b22aa87e12680b24,BE_TABULA_13,Terraced house,SFH,1971-1990,TABULA_standard_B_proxy,5425e9370287189ca45179f958739e4d1ea29f5439b14d2d1b6a877cf57e26a0,168.30000000000001,rcp_2_6,weather_2050_rcp_2_6_pvgis_2006,pvgis_2006,2006,2041-2060,229503377,5,718922874,central,central,10531.602921919317,698.80272914250111,62.576369114196766,4.1521255445187233,7682.3495644840132,4048.8419507043104,1370.8830655933155,172.59323472010112,4439,556,556,4439,0,4335.5549999995346,3499.9999999995348,6.9405814429046586e-11,2,residential_energy_demand_gate5_v1,4b5b7791539478f9b2562d1b176e235ac7b641e1afdc40c3d5242661d9dbed3d,4b5b7791539478f9b2562d1b176e235ac7b641e1afdc40c3d5242661d9dbed3d,2ad0e9f7bbdfe12695c931891fd0e8132d060fd7bcbca23623db43d4c7393a5c,561839806dcdb8279ac4e42025bc5a82751f2588a2b2066fa84637918d8e4896,2987a546cb3f48253dcdfdc400036a68d1977eddb1012f753e54eca010acedd8,73ed0728ba3aea4548919a2c599b960f1645e1842d48afd930cc90a737aecd92,a96eee14f959c7954577e91fe17d4515a9348f0431a52c4dd9b8f37b88ac9cf5,d543101e7ea78ed2ddaba45de0ca0f44ec997e73ba696c2970de54b1e75cccfc,e40ccb491db9d0ecfe8c9e8462f713cf096279ef2b219236d05222512135b242,fb59b12e82b041c59cc8a3933745a40e92c5e89aa7df64846e5855fbd3acb00e,38669e3f0e715d12f919bbd64ba6e09fbb431145f819869ebd01d20e8fde4ed0,"[[18.0,2809],[20.0,5951]]","[[26.0,8760]]","[[""north"",""002ee4e68ba2ff1e9da7eb8f1e16c441bba47a8ad5ed36d81dc169204a2cb66d""],[""east"",""b1a28b883b4633c7b55388b5b43f571e79efcd391bc0ce6bc07019b5e25d8065""],[""south"",""c667e440b35d715226d38302c0104b35b5d5764fed6125e5bcc80d08fabf1f41""],[""west"",""2767619730916a7bca7fe58275301af35dc43db33040cad9a975264954dbabb5""]]"
mc_61558d421867e645d9cab78d6036c7615948c7702a86876a607f32759519493a,BE_TABULA_13,Terraced house,SFH,1971-1990,TABULA_standard_B_proxy,5425e9370287189ca45179f958739e4d1ea29f5439b14d2d1b6a877cf57e26a0,168.30000000000001,rcp_2_6,weather_2050_rcp_2_6_pvgis_2006,pvgis_2006,2006,2041-2060,3209387723,3,723055425,central,central,10578.044352844941,672.63172621130366,62.852313445305647,3.9966234474824933,7434.4842620595737,3965.5449580421291,1422.8349916386139,169.61898889765601,4480,536,536,4480,0,4071.0600000000331,3500.0000000000327,6.6393113229423761e-11,2,residential_energy_demand_gate5_v1,4b5b7791539478f9b2562d1b176e235ac7b641e1afdc40c3d5242661d9dbed3d,4b5b7791539478f9b2562d1b176e235ac7b641e1afdc40c3d5242661d9dbed3d,2ad0e9f7bbdfe12695c931891fd0e8132d060fd7bcbca23623db43d4c7393a5c,561839806dcdb8279ac4e42025bc5a82751f2588a2b2066fa84637918d8e4896,2987a546cb3f48253dcdfdc400036a68d1977eddb1012f753e54eca010acedd8,73ed0728ba3aea4548919a2c599b960f1645e1842d48afd930cc90a737aecd92,a96eee14f959c7954577e91fe17d4515a9348f0431a52c4dd9b8f37b88ac9cf5,d543101e7ea78ed2ddaba45de0ca0f44ec997e73ba696c2970de54b1e75cccfc,e40ccb491db9d0ecfe8c9e8462f713cf096279ef2b219236d05222512135b242,fb59b12e82b041c59cc8a3933745a40e92c5e89aa7df64846e5855fbd3acb00e,38669e3f0e715d12f919bbd64ba6e09fbb431145f819869ebd01d20e8fde4ed0,"[[18.0,3271],[20.0,5489]]","[[26.0,8760]]","[[""north"",""002ee4e68ba2ff1e9da7eb8f1e16c441bba47a8ad5ed36d81dc169204a2cb66d""],[""east"",""b1a28b883b4633c7b55388b5b43f571e79efcd391bc0ce6bc07019b5e25d8065""],[""south"",""c667e440b35d715226d38302c0104b35b5d5764fed6125e5bcc80d08fabf1f41""],[""west"",""2767619730916a7bca7fe58275301af35dc43db33040cad9a975264954dbabb5""]]"
mc_4b235b7261f00d4788906cd0fc6f3bb9d7f8dedf0625e2d36bc1ea004336bdb9,BE_TABULA_13,Terraced house,SFH,1971-1990,TABULA_standard_B_proxy,5425e9370287189ca45179f958739e4d1ea29f5439b14d2d1b6a877cf57e26a0,168.30000000000001,rcp_2_6,weather_2050_rcp_2_6_pvgis_2006,pvgis_2006,2006,2041-2060,3772491886,2,1490866013,central,central,10631.401858647096,695.87630862861897,63.169351507112864,4.134737425006648,7507.3342701746406,3629.8163833551134,1416.1354051975336,191.71115977646403,4389,570,570,4389,0,3949.7616666657887,3499.9999999991219,6.7757355282083154e-11,2,residential_energy_demand_gate5_v1,4b5b7791539478f9b2562d1b176e235ac7b641e1afdc40c3d5242661d9dbed3d,4b5b7791539478f9b2562d1b176e235ac7b641e1afdc40c3d5242661d9dbed3d,2ad0e9f7bbdfe12695c931891fd0e8132d060fd7bcbca23623db43d4c7393a5c,561839806dcdb8279ac4e42025bc5a82751f2588a2b2066fa84637918d8e4896,2987a546cb3f48253dcdfdc400036a68d1977eddb1012f753e54eca010acedd8,73ed0728ba3aea4548919a2c599b960f1645e1842d48afd930cc90a737aecd92,a96eee14f959c7954577e91fe17d4515a9348f0431a52c4dd9b8f37b88ac9cf5,d543101e7ea78ed2ddaba45de0ca0f44ec997e73ba696c2970de54b1e75cccfc,e40ccb491db9d0ecfe8c9e8462f713cf096279ef2b219236d05222512135b242,fb59b12e82b041c59cc8a3933745a40e92c5e89aa7df64846e5855fbd3acb00e,38669e3f0e715d12f919bbd64ba6e09fbb431145f819869ebd01d20e8fde4ed0,"[[18.0,3642],[20.0,5118]]","[[26.0,8760]]","[[""north"",""002ee4e68ba2ff1e9da7eb8f1e16c441bba47a8ad5ed36d81dc169204a2cb66d""],[""east"",""b1a28b883b4633c7b55388b5b43f571e79efcd391bc0ce6bc07019b5e25d8065""],[""south"",""c667e440b35d715226d38302c0104b35b5d5764fed6125e5bcc80d08fabf1f41""],[""west"",""2767619730916a7bca7fe58275301af35dc43db33040cad9a975264954dbabb5""]]"
mc_ff362d53c861e898dc41619fcb5932f2bfdaea8fc81b6791d9e4bdefd0f4c7fe,BE_TABULA_13,Terraced house,SFH,1971-1990,TABULA_standard_B_proxy,5425e9370287189ca45179f958739e4d1ea29f5439b14d2d1b6a877cf57e26a0,168.30000000000001,rcp_2_6,weather_2050_rcp_2_6_pvgis_2006,pvgis_2006,2006,2041-2060,1635250833,4,362923052,central,central,10554.982434014988,705.35829691090123,62.715284812923272,4.1910772246637027,7378.8667009489554,4128.7537578253996,1430.4340844993947,170.84048560028705,4416,568,568,4416,0,4179.7466666668033,3500.0000000001364,6.8098415795248002e-11,2,residential_energy_demand_gate5_v1,4b5b7791539478f9b2562d1b176e235ac7b641e1afdc40c3d5242661d9dbed3d,4b5b7791539478f9b2562d1b176e235ac7b641e1afdc40c3d5242661d9dbed3d,2ad0e9f7bbdfe12695c931891fd0e8132d060fd7bcbca23623db43d4c7393a5c,561839806dcdb8279ac4e42025bc5a82751f2588a2b2066fa84637918d8e4896,2987a546cb3f48253dcdfdc400036a68d1977eddb1012f753e54eca010acedd8,73ed0728ba3aea4548919a2c599b960f1645e1842d48afd930cc90a737aecd92,a96eee14f959c7954577e91fe17d4515a9348f0431a52c4dd9b8f37b88ac9cf5,d543101e7ea78ed2ddaba45de0ca0f44ec997e73ba696c2970de54b1e75cccfc,e40ccb491db9d0ecfe8c9e8462f713cf096279ef2b219236d05222512135b242,fb59b12e82b041c59cc8a3933745a40e92c5e89aa7df64846e5855fbd3acb00e,38669e3f0e715d12f919bbd64ba6e09fbb431145f819869ebd01d20e8fde4ed0,"[[18.0,3215],[20.0,5545]]","[[26.0,8760]]","[[""north"",""002ee4e68ba2ff1e9da7eb8f1e16c441bba47a8ad5ed36d81dc169204a2cb66d""],[""east"",""b1a28b883b4633c7b55388b5b43f571e79efcd391bc0ce6bc07019b5e25d8065""],[""south"",""c667e440b35d715226d38302c0104b35b5d5764fed6125e5bcc80d08fabf1f41""],[""west"",""2767619730916a7bca7fe58275301af35dc43db33040cad9a975264954dbabb5""]]"
mc_9d97560bf5e71a93ea2a9a05d4056b0327708e89f7dd9f3055c5418546c8983f,BE_TABULA_13,Terraced house,SFH,1971-1990,TABULA_standard_B_proxy,5425e9370287189ca45179f958739e4d1ea29f5439b14d2d1b6a877cf57e26a0,168.30000000000001,rcp_2_6,weather_2050_rcp_2_6_pvgis_2006,pvgis_2006,2006,2041-2060,4035582952,5,4237377275,central,central,10553.757694167562,710.41493204275355,62.708007689646827,4.2211225908660337,7568.0971961680189,3572.4899888183504,1394.5060985093166,198.85708127001161,4469,548,548,4469,0,4345.6233333326909,3499.9999999993584,6.9803718361072242e-11,2,residential_energy_demand_gate5_v1,4b5b7791539478f9b2562d1b176e235ac7b641e1afdc40c3d5242661d9dbed3d,4b5b7791539478f9b2562d1b176e235ac7b641e1afdc40c3d5242661d9dbed3d,2ad0e9f7bbdfe12695c931891fd0e8132d060fd7bcbca23623db43d4c7393a5c,561839806dcdb8279ac4e42025bc5a82751f2588a2b2066fa84637918d8e4896,2987a546cb3f48253dcdfdc400036a68d1977eddb1012f753e54eca010acedd8,73ed0728ba3aea4548919a2c599b960f1645e1842d48afd930cc90a737aecd92,a96eee14f959c7954577e91fe17d4515a9348f0431a52c4dd9b8f37b88ac9cf5,d543101e7ea78ed2ddaba45de0ca0f44ec997e73ba696c2970de54b1e75cccfc,e40ccb491db9d0ecfe8c9e8462f713cf096279ef2b219236d05222512135b242,fb59b12e82b041c59cc8a3933745a40e92c5e89aa7df64846e5855fbd3acb00e,38669e3f0e715d12f919bbd64ba6e09fbb431145f819869ebd01d20e8fde4ed0,"[[18.0,2788],[20.0,5972]]","[[26.0,8760]]","[[""north"",""002ee4e68ba2ff1e9da7eb8f1e16c441bba47a8ad5ed36d81dc169204a2cb66d""],[""east"",""b1a28b883b4633c7b55388b5b43f571e79efcd391bc0ce6bc07019b5e25d8065""],[""south"",""c667e440b35d715226d38302c0104b35b5d5764fed6125e5bcc80d08fabf1f41""],[""west"",""2767619730916a7bca7fe58275301af35dc43db33040cad9a975264954dbabb5""]]"
mc_d1573a13fdee5a9f0a30b136c6d25578f98d2cadd4208791698158ea293df88d,BE_TABULA_13,Terraced house,SFH,1971-1990,TABULA_standard_B_proxy,5425e9370287189ca45179f958739e4d1ea29f5439b14d2d1b6a877cf57e26a0,168.30000000000001,rcp_2_6,weather_2050_rcp_2_6_pvgis_2006,pvgis_2006,2006,2041-2060,615541883,3,1703613008,central,central,10577.433901482744,684.18458492277136,62.848686283319921,4.0652678842707743,7549.3072077142133,4052.1884026260677,1401.1131896545762,168.8432315929283,4421,531,531,4421,0,4043.9000000002497,3500.0000000002506,6.7529981606639922e-11,2,residential_energy_demand_gate5_v1,4b5b7791539478f9b2562d1b176e235ac7b641e1afdc40c3d5242661d9dbed3d,4b5b7791539478f9b2562d1b176e235ac7b641e1afdc40c3d5242661d9dbed3d,2ad0e9f7bbdfe12695c931891fd0e8132d060fd7bcbca23623db43d4c7393a5c,561839806dcdb8279ac4e42025bc5a82751f2588a2b2066fa84637918d8e4896,2987a546cb3f48253dcdfdc400036a68d1977eddb1012f753e54eca010acedd8,73ed0728ba3aea4548919a2c599b960f1645e1842d48afd930cc90a737aecd92,a96eee14f959c7954577e91fe17d4515a9348f0431a52c4dd9b8f37b88ac9cf5,d543101e7ea78ed2ddaba45de0ca0f44ec997e73ba696c2970de54b1e75cccfc,e40ccb491db9d0ecfe8c9e8462f713cf096279ef2b219236d05222512135b242,fb59b12e82b041c59cc8a3933745a40e92c5e89aa7df64846e5855fbd3acb00e,38669e3f0e715d12f919bbd64ba6e09fbb431145f819869ebd01d20e8fde4ed0,"[[18.0,3512],[20.0,5248]]","[[26.0,8760]]","[[""north"",""002ee4e68ba2ff1e9da7eb8f1e16c441bba47a8ad5ed36d81dc169204a2cb66d""],[""east"",""b1a28b883b4633c7b55388b5b43f571e79efcd391bc0ce6bc07019b5e25d8065""],[""south"",""c667e440b35d715226d38302c0104b35b5d5764fed6125e5bcc80d08fabf1f41""],[""west"",""2767619730916a7bca7fe58275301af35dc43db33040cad9a975264954dbabb5""]]"
mc_83973139a5733538a8c530756efa3a2d1d7bd9cbf496dff8514c622a7c9aa426,BE_TABULA_13,Terraced house,SFH,1971-1990,TABULA_standard_B_proxy,5425e9370287189ca45179f958739e4d1ea29f5439b14d2d1b6a877cf57e26a0,168.30000000000001,rcp_2_6,weather_2050_rcp_2_6_pvgis_2006,pvgis_2006,2006,2041-2060,3820219209,1,1151876882,central,central,10434.976723636773,653.028900577885,62.002238405447251,3.8801479535227865,7615.1345225639452,4423.1055922354808,1370.2944698767333,147.64035968850516,4341,498,498,4341,0,3737.2883333329119,3499.9999999995789,6.5938365878537297e-11,2,residential_energy_demand_gate5_v1,4b5b7791539478f9b2562d1b176e235ac7b641e1afdc40c3d5242661d9dbed3d,4b5b7791539478f9b2562d1b176e235ac7b641e1afdc40c3d5242661d9dbed3d,2ad0e9f7bbdfe12695c931891fd0e8132d060fd7bcbca23623db43d4c7393a5c,561839806dcdb8279ac4e42025bc5a82751f2588a2b2066fa84637918d8e4896,2987a546cb3f48253dcdfdc400036a68d1977eddb1012f753e54eca010acedd8,73ed0728ba3aea4548919a2c599b960f1645e1842d48afd930cc90a737aecd92,a96eee14f959c7954577e91fe17d4515a9348f0431a52c4dd9b8f37b88ac9cf5,d543101e7ea78ed2ddaba45de0ca0f44ec997e73ba696c2970de54b1e75cccfc,e40ccb491db9d0ecfe8c9e8462f713cf096279ef2b219236d05222512135b242,fb59b12e82b041c59cc8a3933745a40e92c5e89aa7df64846e5855fbd3acb00e,38669e3f0e715d12f919bbd64ba6e09fbb431145f819869ebd01d20e8fde4ed0,"[[18.0,4548],[20.0,4212]]","[[26.0,8760]]","[[""north"",""002ee4e68ba2ff1e9da7eb8f1e16c441bba47a8ad5ed36d81dc169204a2cb66d""],[""east"",""b1a28b883b4633c7b55388b5b43f571e79efcd391bc0ce6bc07019b5e25d8065""],[""south"",""c667e440b35d715226d38302c0104b35b5d5764fed6125e5bcc80d08fabf1f41""],[""west"",""2767619730916a7bca7fe58275301af35dc43db33040cad9a975264954dbabb5""]]"
mc_14510b148e73826d48d60113f8243ef64d913b4fa6c2be4968b6053f519e47aa,BE_TABULA_13,Terraced house,SFH,1971-1990,TABULA_standard_B_proxy,5425e9370287189ca45179f958739e4d1ea29f5439b14d2d1b6a877cf57e26a0,168.30000000000001,rcp_2_6,weather_2050_rcp_2_6_pvgis_2006,pvgis_2006,2006,2041-2060,2055890937,1,1164913972,central,central,10480.962052502997,665.98451935441074,62.275472682727248,3.957127268891329,7406.5121383713731,4693.3563506449191,1415.1009080513934,141.89941474674026,4379,525,525,4379,0,3735.0716666671019,3500.0000000004352,6.8666849983856082e-11,2,residential_energy_demand_gate5_v1,4b5b7791539478f9b2562d1b176e235ac7b641e1afdc40c3d5242661d9dbed3d,4b5b7791539478f9b2562d1b176e235ac7b641e1afdc40c3d5242661d9dbed3d,2ad0e9f7bbdfe12695c931891fd0e8132d060fd7bcbca23623db43d4c7393a5c,561839806dcdb8279ac4e42025bc5a82751f2588a2b2066fa84637918d8e4896,2987a546cb3f48253dcdfdc400036a68d1977eddb1012f753e54eca010acedd8,73ed0728ba3aea4548919a2c599b960f1645e1842d48afd930cc90a737aecd92,a96eee14f959c7954577e91fe17d4515a9348f0431a52c4dd9b8f37b88ac9cf5,d543101e7ea78ed2ddaba45de0ca0f44ec997e73ba696c2970de54b1e75cccfc,e40ccb491db9d0ecfe8c9e8462f713cf096279ef2b219236d05222512135b242,fb59b12e82b041c59cc8a3933745a40e92c5e89aa7df64846e5855fbd3acb00e,38669e3f0e715d12f919bbd64ba6e09fbb431145f819869ebd01d20e8fde4ed0,"[[18.0,4560],[20.0,4200]]","[[26.0,8760]]","[[""north"",""002ee4e68ba2ff1e9da7eb8f1e16c441bba47a8ad5ed36d81dc169204a2cb66d""],[""east"",""b1a28b883b4633c7b55388b5b43f571e79efcd391bc0ce6bc07019b5e25d8065""],[""south"",""c667e440b35d715226d38302c0104b35b5d5764fed6125e5bcc80d08fabf1f41""],[""west"",""2767619730916a7bca7fe58275301af35dc43db33040cad9a975264954dbabb5""]]"
mc_aaa6fb695dfc7d59e2a4765b9456a236ea2399b0aa1246c6e261a13c9d182bbf,BE_TABULA_13,Terraced house,SFH,1971-1990,TABULA_standard_B_proxy,5425e9370287189ca45179f958739e4d1ea29f5439b14d2d1b6a877cf57e26a0,168.30000000000001,rcp_2_6,weather_2050_rcp_2_6_pvgis_2006,pvgis_2006,2006,2041-2060,3962631770,2,599316190,central,central,10574.99591702989,676.38414384099008,62.834200338858523,4.0189194524123,7810.739938791944,4021.5525332080456,1353.9044955919351,168.18980686084174,4427,543,543,4427,0,3963.0616666665042,3499.9999999998372,6.6393113229423761e-11,2,residential_energy_demand_gate5_v1,4b5b7791539478f9b2562d1b176e235ac7b641e1afdc40c3d5242661d9dbed3d,4b5b7791539478f9b2562d1b176e235ac7b641e1afdc40c3d5242661d9dbed3d,2ad0e9f7bbdfe12695c931891fd0e8132d060fd7bcbca23623db43d4c7393a5c,561839806dcdb8279ac4e42025bc5a82751f2588a2b2066fa84637918d8e4896,2987a546cb3f48253dcdfdc400036a68d1977eddb1012f753e54eca010acedd8,73ed0728ba3aea4548919a2c599b960f1645e1842d48afd930cc90a737aecd92,a96eee14f959c7954577e91fe17d4515a9348f0431a52c4dd9b8f37b88ac9cf5,d543101e7ea78ed2ddaba45de0ca0f44ec997e73ba696c2970de54b1e75cccfc,e40ccb491db9d0ecfe8c9e8462f713cf096279ef2b219236d05222512135b242,fb59b12e82b041c59cc8a3933745a40e92c5e89aa7df64846e5855fbd3acb00e,38669e3f0e715d12f919bbd64ba6e09fbb431145f819869ebd01d20e8fde4ed0,"[[18.0,3619],[20.0,5141]]","[[26.0,8760]]","[[""north"",""002ee4e68ba2ff1e9da7eb8f1e16c441bba47a8ad5ed36d81dc169204a2cb66d""],[""east"",""b1a28b883b4633c7b55388b5b43f571e79efcd391bc0ce6bc07019b5e25d8065""],[""south"",""c667e440b35d715226d38302c0104b35b5d5764fed6125e5bcc80d08fabf1f41""],[""west"",""2767619730916a7bca7fe58275301af35dc43db33040cad9a975264954dbabb5""]]"
mc_569ded913dce7c40cdba743c3bab858fe50d206c961c3da7b182db49bf22c331,BE_TABULA_13,Terraced house,SFH,1971-1990,TABULA_standard_B_proxy,5425e9370287189ca45179f958739e4d1ea29f5439b14d2d1b6a877cf57e26a0,168.30000000000001,rcp_2_6,weather_2050_rcp_2_6_pvgis_2006,pvgis_2006,2006,2041-2060,292497774,2,2686717748,central,central,10537.478547594947,681.10346372610013,62.611280734372819,4.0469605687825316,7213.0923060742152,4197.5436641454435,1460.8822541645879,162.26238920251055,4406,542,542,4406,0,3941.9449999999065,3499.9999999999068,7.2304828790947795e-11,2,residential_energy_demand_gate5_v1,4b5b7791539478f9b2562d1b176e235ac7b641e1afdc40c3d5242661d9dbed3d,4b5b7791539478f9b2562d1b176e235ac7b641e1afdc40c3d5242661d9dbed3d,2ad0e9f7bbdfe12695c931891fd0e8132d060fd7bcbca23623db43d4c7393a5c,561839806dcdb8279ac4e42025bc5a82751f2588a2b2066fa84637918d8e4896,2987a546cb3f48253dcdfdc400036a68d1977eddb1012f753e54eca010acedd8,73ed0728ba3aea4548919a2c599b960f1645e1842d48afd930cc90a737aecd92,a96eee14f959c7954577e91fe17d4515a9348f0431a52c4dd9b8f37b88ac9cf5,d543101e7ea78ed2ddaba45de0ca0f44ec997e73ba696c2970de54b1e75cccfc,e40ccb491db9d0ecfe8c9e8462f713cf096279ef2b219236d05222512135b242,fb59b12e82b041c59cc8a3933745a40e92c5e89aa7df64846e5855fbd3acb00e,38669e3f0e715d12f919bbd64ba6e09fbb431145f819869ebd01d20e8fde4ed0,"[[18.0,3837],[20.0,4923]]","[[26.0,8760]]","[[""north"",""002ee4e68ba2ff1e9da7eb8f1e16c441bba47a8ad5ed36d81dc169204a2cb66d""],[""east"",""b1a28b883b4633c7b55388b5b43f571e79efcd391bc0ce6bc07019b5e25d8065""],[""south"",""c667e440b35d715226d38302c0104b35b5d5764fed6125e5bcc80d08fabf1f41""],[""west"",""2767619730916a7bca7fe58275301af35dc43db33040cad9a975264954dbabb5""]]"
mc_95ead4acc2ccf866738551ab57694da95016cd4932aea84bd5fe662102dc0907,BE_TABULA_13,Terraced house,SFH,1971-1990,TABULA_standard_B_proxy,5425e9370287189ca45179f958739e4d1ea29f5439b14d2d1b6a877cf57e26a0,168.30000000000001,rcp_2_6,weather_2050_rcp_2_6_pvgis_2006,pvgis_2006,2006,2041-2060,238028136,1,1168980962,central,central,10453.281324125139,626.85287531716119,62.11100014334604,3.7246160149563941,7805.9641388686587,3800.6678746281636,1339.1403211903769,164.93229505840182,4364,515,515,4364,0,3736.6816666669379,3500.0000000002719,7.1622707764618099e-11,2,residential_energy_demand_gate5_v1,4b5b7791539478f9b2562d1b176e235ac7b641e1afdc40c3d5242661d9dbed3d,4b5b7791539478f9b2562d1b176e235ac7b641e1afdc40c3d5242661d9dbed3d,2ad0e9f7bbdfe12695c931891fd0e8132d060fd7bcbca23623db43d4c7393a5c,561839806dcdb8279ac4e42025bc5a82751f2588a2b2066fa84637918d8e4896,2987a546cb3f48253dcdfdc400036a68d1977eddb1012f753e54eca010acedd8,73ed0728ba3aea4548919a2c599b960f1645e1842d48afd930cc90a737aecd92,a96eee14f959c7954577e91fe17d4515a9348f0431a52c4dd9b8f37b88ac9cf5,d543101e7ea78ed2ddaba45de0ca0f44ec997e73ba696c2970de54b1e75cccfc,e40ccb491db9d0ecfe8c9e8462f713cf096279ef2b219236d05222512135b242,fb59b12e82b041c59cc8a3933745a40e92c5e89aa7df64846e5855fbd3acb00e,38669e3f0e715d12f919bbd64ba6e09fbb431145f819869ebd01d20e8fde4ed0,"[[18.0,4525],[20.0,4235]]","[[26.0,8760]]","[[""north"",""002ee4e68ba2ff1e9da7eb8f1e16c441bba47a8ad5ed36d81dc169204a2cb66d""],[""east"",""b1a28b883b4633c7b55388b5b43f571e79efcd391bc0ce6bc07019b5e25d8065""],[""south"",""c667e440b35d715226d38302c0104b35b5d5764fed6125e5bcc80d08fabf1f41""],[""west"",""2767619730916a7bca7fe58275301af35dc43db33040cad9a975264954dbabb5""]]"
mc_80bbb383c1de4416540df0f9a666106165d6cc8512e8f4d9b6523b960951ac9a,BE_TABULA_13,Terraced house,SFH,1971-1990,TABULA_standard_B_proxy,5425e9370287189ca45179f958739e4d1ea29f5439b14d2d1b6a877cf57e26a0,168.30000000000001,rcp_2_6,weather_2050_rcp_2_6_pvgis_2006,pvgis_2006,2006,2041-2060,2973159850,2,2567223277,central,central,10564.174004555909,672.47596704867226,62.769899016969156,3.9956979622618669,7420.2496723784425,3736.7139650781219,1423.6952219924067,179.96452854924718,4386,514,514,4386,0,3950.2983333335569,3500.0000000002237,6.6393113229423761e-11,2,residential_energy_demand_gate5_v1,4b5b7791539478f9b2562d1b176e235ac7b641e1afdc40c3d5242661d9dbed3d,4b5b7791539478f9b2562d1b176e235ac7b641e1afdc40c3d5242661d9dbed3d,2ad0e9f7bbdfe12695c931891fd0e8132d060fd7bcbca23623db43d4c7393a5c,561839806dcdb8279ac4e42025bc5a82751f2588a2b2066fa84637918d8e4896,2987a546cb3f48253dcdfdc400036a68d1977eddb1012f753e54eca010acedd8,73ed0728ba3aea4548919a2c599b960f1645e1842d48afd930cc90a737aecd92,a96eee14f959c7954577e91fe17d4515a9348f0431a52c4dd9b8f37b88ac9cf5,d543101e7ea78ed2ddaba45de0ca0f44ec997e73ba696c2970de54b1e75cccfc,e40ccb491db9d0ecfe8c9e8462f713cf096279ef2b219236d05222512135b242,fb59b12e82b041c59cc8a3933745a40e92c5e89aa7df64846e5855fbd3acb00e,38669e3f0e715d12f919bbd64ba6e09fbb431145f819869ebd01d20e8fde4ed0,"[[18.0,3725],[20.0,5035]]","[[26.0,8760]]","[[""north"",""002ee4e68ba2ff1e9da7eb8f1e16c441bba47a8ad5ed36d81dc169204a2cb66d""],[""east"",""b1a28b883b4633c7b55388b5b43f571e79efcd391bc0ce6bc07019b5e25d8065""],[""south"",""c667e440b35d715226d38302c0104b35b5d5764fed6125e5bcc80d08fabf1f41""],[""west"",""2767619730916a7bca7fe58275301af35dc43db33040cad9a975264954dbabb5""]]"
mc_b08c1a1333d54ad00c80b7589a42bda01a0d8e44cbbc97ee5851403070a70927,BE_TABULA_13,Terraced house,SFH,1971-1990,TABULA_standard_B_proxy,5425e9370287189ca45179f958739e4d1ea29f5439b14d2d1b6a877cf57e26a0,168.30000000000001,rcp_2_6,weather_2050_rcp_2_6_pvgis_2006,pvgis_2006,2006,2041-2060,3979556006,1,3659265523,central,central,10481.446882516271,655.62661290046412,62.278353431469228,3.8955829643521334,7550.8364870499508,4362.6665241275559,1388.1173166035919,150.28116618002932,4365,514,514,4365,0,3732.0383333336686,3500.0000000003347,6.9405814429046586e-11,2,residential_energy_demand_gate5_v1,4b5b7791539478f9b2562d1b176e235ac7b641e1afdc40c3d5242661d9dbed3d,4b5b7791539478f9b2562d1b176e235ac7b641e1afdc40c3d5242661d9dbed3d,2ad0e9f7bbdfe12695c931891fd0e8132d060fd7bcbca23623db43d4c7393a5c,561839806dcdb8279ac4e42025bc5a82751f2588a2b2066fa84637918d8e4896,2987a546cb3f48253dcdfdc400036a68d1977eddb1012f753e54eca010acedd8,73ed0728ba3aea4548919a2c599b960f1645e1842d48afd930cc90a737aecd92,a96eee14f959c7954577e91fe17d4515a9348f0431a52c4dd9b8f37b88ac9cf5,d543101e7ea78ed2ddaba45de0ca0f44ec997e73ba696c2970de54b1e75cccfc,e40ccb491db9d0ecfe8c9e8462f713cf096279ef2b219236d05222512135b242,fb59b12e82b041c59cc8a3933745a40e92c5e89aa7df64846e5855fbd3acb00e,38669e3f0e715d12f919bbd64ba6e09fbb431145f819869ebd01d20e8fde4ed0,"[[18.0,4608],[20.0,4152]]","[[26.0,8760]]","[[""north"",""002ee4e68ba2ff1e9da7eb8f1e16c441bba47a8ad5ed36d81dc169204a2cb66d""],[""east"",""b1a28b883b4633c7b55388b5b43f571e79efcd391bc0ce6bc07019b5e25d8065""],[""south"",""c667e440b35d715226d38302c0104b35b5d5764fed6125e5bcc80d08fabf1f41""],[""west"",""2767619730916a7bca7fe58275301af35dc43db33040cad9a975264954dbabb5""]]"
mc_0893086e9795a36bd6ae63f4d47e18b962af047e615a4417bd5b51c71e8327f0,BE_TABULA_13,Terraced house,SFH,1971-1990,TABULA_standard_B_proxy,5425e9370287189ca45179f958739e4d1ea29f5439b14d2d1b6a877cf57e26a0,168.30000000000001,rcp_2_6,weather_2050_rcp_2_6_pvgis_2006,pvgis_2006,2006,2041-2060,2849274450,4,1759781199,central,central,10539.18900047034,664.0566990222477,62.621443853062026,3.945672602627734,7313.29084686638,4320.84171192338,1441.1007604033966,153.68688401377457,4419,533,533,4419,0,4179.4900000003354,3500.0000000003356,6.7757355282083154e-11,2,residential_energy_demand_gate5_v1,4b5b7791539478f9b2562d1b176e235ac7b641e1afdc40c3d5242661d9dbed3d,4b5b7791539478f9b2562d1b176e235ac7b641e1afdc40c3d5242661d9dbed3d,2ad0e9f7bbdfe12695c931891fd0e8132d060fd7bcbca23623db43d4c7393a5c,561839806dcdb8279ac4e42025bc5a82751f2588a2b2066fa84637918d8e4896,2987a546cb3f48253dcdfdc400036a68d1977eddb1012f753e54eca010acedd8,73ed0728ba3aea4548919a2c599b960f1645e1842d48afd930cc90a737aecd92,a96eee14f959c7954577e91fe17d4515a9348f0431a52c4dd9b8f37b88ac9cf5,d543101e7ea78ed2ddaba45de0ca0f44ec997e73ba696c2970de54b1e75cccfc,e40ccb491db9d0ecfe8c9e8462f713cf096279ef2b219236d05222512135b242,fb59b12e82b041c59cc8a3933745a40e92c5e89aa7df64846e5855fbd3acb00e,38669e3f0e715d12f919bbd64ba6e09fbb431145f819869ebd01d20e8fde4ed0,"[[18.0,3174],[20.0,5586]]","[[26.0,8760]]","[[""north"",""002ee4e68ba2ff1e9da7eb8f1e16c441bba47a8ad5ed36d81dc169204a2cb66d""],[""east"",""b1a28b883b4633c7b55388b5b43f571e79efcd391bc0ce6bc07019b5e25d8065""],[""south"",""c667e440b35d715226d38302c0104b35b5d5764fed6125e5bcc80d08fabf1f41""],[""west"",""2767619730916a7bca7fe58275301af35dc43db33040cad9a975264954dbabb5""]]"
mc_34e794f0520375cc75787e3f6502835d79cf2c94b780417134e87a61c41e32e0,BE_TABULA_13,Terraced house,SFH,1971-1990,TABULA_standard_B_proxy,5425e9370287189ca45179f958739e4d1ea29f5439b14d2d1b6a877cf57e26a0,168.30000000000001,rcp_2_6,weather_2050_rcp_2_6_pvgis_2006,pvgis_2006,2006,2041-2060,1707147214,3,2915924490,central,central,10570.959217092721,680.42127362378881,62.810215193658465,4.0429071516564985,7433.5183806185069,4176.2964228336214,1422.0667355386511,162.92456395183805,4430,531,531,4430,0,4059.1249999999818,3499.9999999999818,6.7529981606639922e-11,2,residential_energy_demand_gate5_v1,4b5b7791539478f9b2562d1b176e235ac7b641e1afdc40c3d5242661d9dbed3d,4b5b7791539478f9b2562d1b176e235ac7b641e1afdc40c3d5242661d9dbed3d,2ad0e9f7bbdfe12695c931891fd0e8132d060fd7bcbca23623db43d4c7393a5c,561839806dcdb8279ac4e42025bc5a82751f2588a2b2066fa84637918d8e4896,2987a546cb3f48253dcdfdc400036a68d1977eddb1012f753e54eca010acedd8,73ed0728ba3aea4548919a2c599b960f1645e1842d48afd930cc90a737aecd92,a96eee14f959c7954577e91fe17d4515a9348f0431a52c4dd9b8f37b88ac9cf5,d543101e7ea78ed2ddaba45de0ca0f44ec997e73ba696c2970de54b1e75cccfc,e40ccb491db9d0ecfe8c9e8462f713cf096279ef2b219236d05222512135b242,fb59b12e82b041c59cc8a3933745a40e92c5e89aa7df64846e5855fbd3acb00e,38669e3f0e715d12f919bbd64ba6e09fbb431145f819869ebd01d20e8fde4ed0,"[[18.0,3358],[20.0,5402]]","[[26.0,8760]]","[[""north"",""002ee4e68ba2ff1e9da7eb8f1e16c441bba47a8ad5ed36d81dc169204a2cb66d""],[""east"",""b1a28b883b4633c7b55388b5b43f571e79efcd391bc0ce6bc07019b5e25d8065""],[""south"",""c667e440b35d715226d38302c0104b35b5d5764fed6125e5bcc80d08fabf1f41""],[""west"",""2767619730916a7bca7fe58275301af35dc43db33040cad9a975264954dbabb5""]]"
mc_270aa60b1121a6fa769c9c5da19ecc1174cfb65cd2a58d4ff1cac2a86b0a749f,BE_TABULA_13,Terraced house,SFH,1971-1990,TABULA_standard_B_proxy,5425e9370287189ca45179f958739e4d1ea29f5439b14d2d1b6a877cf57e26a0,168.30000000000001,rcp_2_6,weather_2050_rcp_2_6_pvgis_2006,pvgis_2006,2006,2041-2060,422447889,2,1648704536,central,central,10584.741212821807,711.95364184158018,62.892104651347637,4.2302652515839583,7305.2183261018963,4721.9174565519907,1448.9287986098948,150.77638446510636,4390,554,554,4390,0,3949.9366666675405,3500.0000000008736,6.184563972055912e-11,2,residential_energy_demand_gate5_v1,4b5b7791539478f9b2562d1b176e235ac7b641e1afdc40c3d5242661d9dbed3d,4b5b7791539478f9b2562d1b176e235ac7b641e1afdc40c3d5242661d9dbed3d,2ad0e9f7bbdfe12695c931891fd0e8132d060fd7bcbca23623db43d4c7393a5c,561839806dcdb8279ac4e42025bc5a82751f2588a2b2066fa84637918d8e4896,2987a546cb3f48253dcdfdc400036a68d1977eddb1012f753e54eca010acedd8,73ed0728ba3aea4548919a2c599b960f1645e1842d48afd930cc90a737aecd92,a96eee14f959c7954577e91fe17d4515a9348f0431a52c4dd9b8f37b88ac9cf5,d543101e7ea78ed2ddaba45de0ca0f44ec997e73ba696c2970de54b1e75cccfc,e40ccb491db9d0ecfe8c9e8462f713cf096279ef2b219236d05222512135b242,fb59b12e82b041c59cc8a3933745a40e92c5e89aa7df64846e5855fbd3acb00e,38669e3f0e715d12f919bbd64ba6e09fbb431145f819869ebd01d20e8fde4ed0,"[[18.0,3786],[20.0,4974]]","[[26.0,8760]]","[[""north"",""002ee4e68ba2ff1e9da7eb8f1e16c441bba47a8ad5ed36d81dc169204a2cb66d""],[""east"",""b1a28b883b4633c7b55388b5b43f571e79efcd391bc0ce6bc07019b5e25d8065""],[""south"",""c667e440b35d715226d38302c0104b35b5d5764fed6125e5bcc80d08fabf1f41""],[""west"",""2767619730916a7bca7fe58275301af35dc43db33040cad9a975264954dbabb5""]]"
mc_b7f2d70e922eee0695070c9a08d262f524292f5d53b30eaf1c9391a1220644e9,BE_TABULA_13,Terraced house,SFH,1971-1990,TABULA_standard_B_proxy,5425e9370287189ca45179f958739e4d1ea29f5439b14d2d1b6a877cf57e26a0,168.30000000000001,rcp_2_6,weather_2050_rcp_2_6_pvgis_2006,pvgis_2006,2006,2041-2060,216697226,1,3027592219,central,central,10452.743886742295,650.09820409030692,62.107806813679709,3.8627344271557154,7500.3247085610774,4208.9456031781492,1393.6388480369717,154.45630934251602,4410,522,522,4410,0,3736.5416666659248,3499.9999999992583,6.6165739553980529e-11,2,residential_energy_demand_gate5_v1,4b5b7791539478f9b2562d1b176e235ac7b641e1afdc40c3d5242661d9dbed3d,4b5b7791539478f9b2562d1b176e235ac7b641e1afdc40c3d5242661d9dbed3d,2ad0e9f7bbdfe12695c931891fd0e8132d060fd7bcbca23623db43d4c7393a5c,561839806dcdb8279ac4e42025bc5a82751f2588a2b2066fa84637918d8e4896,2987a546cb3f48253dcdfdc400036a68d1977eddb1012f753e54eca010acedd8,73ed0728ba3aea4548919a2c599b960f1645e1842d48afd930cc90a737aecd92,a96eee14f959c7954577e91fe17d4515a9348f0431a52c4dd9b8f37b88ac9cf5,d543101e7ea78ed2ddaba45de0ca0f44ec997e73ba696c2970de54b1e75cccfc,e40ccb491db9d0ecfe8c9e8462f713cf096279ef2b219236d05222512135b242,fb59b12e82b041c59cc8a3933745a40e92c5e89aa7df64846e5855fbd3acb00e,38669e3f0e715d12f919bbd64ba6e09fbb431145f819869ebd01d20e8fde4ed0,"[[18.0,4544],[20.0,4216]]","[[26.0,8760]]","[[""north"",""002ee4e68ba2ff1e9da7eb8f1e16c441bba47a8ad5ed36d81dc169204a2cb66d""],[""east"",""b1a28b883b4633c7b55388b5b43f571e79efcd391bc0ce6bc07019b5e25d8065""],[""south"",""c667e440b35d715226d38302c0104b35b5d5764fed6125e5bcc80d08fabf1f41""],[""west"",""2767619730916a7bca7fe58275301af35dc43db33040cad9a975264954dbabb5""]]"
mc_22ae51fe4451bca5c36a83b374c6fabc0e86f5f691a89142abb453a9aed1dbee,BE_TABULA_13,Terraced house,SFH,1971-1990,TABULA_standard_B_proxy,5425e9370287189ca45179f958739e4d1ea29f5439b14d2d1b6a877cf57e26a0,168.30000000000001,rcp_2_6,weather_2050_rcp_2_6_pvgis_2006,pvgis_2006,2006,2041-2060,1850706042,2,2667540625,central,central,10561.187230202262,666.03547384244087,62.752152288783492,3.9574300287726727,7459.4019195277142,3990.4144297887283,1415.8222527940866,166.90884757995025,4386,535,535,4386,0,3941.4550000001632,3500.0000000001633,6.8780536821577698e-11,2,residential_energy_demand_gate5_v1,4b5b7791539478f9b2562d1b176e235ac7b641e1afdc40c3d5242661d9dbed3d,4b5b7791539478f9b2562d1b176e235ac7b641e1afdc40c3d5242661d9dbed3d,2ad0e9f7bbdfe12695c931891fd0e8132d060fd7bcbca23623db43d4c7393a5c,561839806dcdb8279ac4e42025bc5a82751f2588a2b2066fa84637918d8e4896,2987a546cb3f48253dcdfdc400036a68d1977eddb1012f753e54eca010acedd8,73ed0728ba3aea4548919a2c599b960f1645e1842d48afd930cc90a737aecd92,a96eee14f959c7954577e91fe17d4515a9348f0431a52c4dd9b8f37b88ac9cf5,d543101e7ea78ed2ddaba45de0ca0f44ec997e73ba696c2970de54b1e75cccfc,e40ccb491db9d0ecfe8c9e8462f713cf096279ef2b219236d05222512135b242,fb59b12e82b041c59cc8a3933745a40e92c5e89aa7df64846e5855fbd3acb00e,38669e3f0e715d12f919bbd64ba6e09fbb431145f819869ebd01d20e8fde4ed0,"[[18.0,3776],[20.0,4984]]","[[26.0,8760]]","[[""north"",""002ee4e68ba2ff1e9da7eb8f1e16c441bba47a8ad5ed36d81dc169204a2cb66d""],[""east"",""b1a28b883b4633c7b55388b5b43f571e79efcd391bc0ce6bc07019b5e25d8065""],[""south"",""c667e440b35d715226d38302c0104b35b5d5764fed6125e5bcc80d08fabf1f41""],[""west"",""2767619730916a7bca7fe58275301af35dc43db33040cad9a975264954dbabb5""]]"
mc_91f2e982e456bedc11f7662e0a85a4deb671c556f3d460e996e73b13c4de761e,BE_TABULA_13,Terraced house,SFH,1971-1990,TABULA_standard_B_proxy,5425e9370287189ca45179f958739e4d1ea29f5439b14d2d1b6a877cf57e26a0,168.30000000000001,rcp_2_6,weather_2050_rcp_2_6_pvgis_2006,pvgis_2006,2006,2041-2060,2345298607,5,2797143836,central,central,10593.504635792644,741.04719776787329,62.944174900728719,4.4031324882226572,7203.1371622223069,4092.5064924216213,1470.6792883733376,181.07416546317566,4470,558,558,4470,0,4322.2666666669893,3500.0000000003229,6.5256244852207601e-11,2,residential_energy_demand_gate5_v1,4b5b7791539478f9b2562d1b176e235ac7b641e1afdc40c3d5242661d9dbed3d,4b5b7791539478f9b2562d1b176e235ac7b641e1afdc40c3d5242661d9dbed3d,2ad0e9f7bbdfe12695c931891fd0e8132d060fd7bcbca23623db43d4c7393a5c,561839806dcdb8279ac4e42025bc5a82751f2588a2b2066fa84637918d8e4896,2987a546cb3f48253dcdfdc400036a68d1977eddb1012f753e54eca010acedd8,73ed0728ba3aea4548919a2c599b960f1645e1842d48afd930cc90a737aecd92,a96eee14f959c7954577e91fe17d4515a9348f0431a52c4dd9b8f37b88ac9cf5,d543101e7ea78ed2ddaba45de0ca0f44ec997e73ba696c2970de54b1e75cccfc,e40ccb491db9d0ecfe8c9e8462f713cf096279ef2b219236d05222512135b242,fb59b12e82b041c59cc8a3933745a40e92c5e89aa7df64846e5855fbd3acb00e,38669e3f0e715d12f919bbd64ba6e09fbb431145f819869ebd01d20e8fde4ed0,"[[18.0,2814],[20.0,5946]]","[[26.0,8760]]","[[""north"",""002ee4e68ba2ff1e9da7eb8f1e16c441bba47a8ad5ed36d81dc169204a2cb66d""],[""east"",""b1a28b883b4633c7b55388b5b43f571e79efcd391bc0ce6bc07019b5e25d8065""],[""south"",""c667e440b35d715226d38302c0104b35b5d5764fed6125e5bcc80d08fabf1f41""],[""west"",""2767619730916a7bca7fe58275301af35dc43db33040cad9a975264954dbabb5""]]"
mc_25ea1b5c804e51baeb92a9eca893eacd2ec8fe75db79eca2fe0bbba570e4399a,BE_TABULA_13,Terraced house,SFH,1971-1990,TABULA_standard_B_proxy,5425e9370287189ca45179f958739e4d1ea29f5439b14d2d1b6a877cf57e26a0,168.30000000000001,rcp_2_6,weather_2050_rcp_2_6_pvgis_2006,pvgis_2006,2006,2041-2060,2582489112,1,498585544,central,central,10468.969462836752,661.0162548972437,62.204215465459015,3.9276069809699563,7790.723516794581,4831.7987234844522,1343.7737124502796,136.80542024328193,4358,520,520,4358,0,3742.0600000001718,3500.0000000001714,6.6165739553980529e-11,2,residential_energy_demand_gate5_v1,4b5b7791539478f9b2562d1b176e235ac7b641e1afdc40c3d5242661d9dbed3d,4b5b7791539478f9b2562d1b176e235ac7b641e1afdc40c3d5242661d9dbed3d,2ad0e9f7bbdfe12695c931891fd0e8132d060fd7bcbca23623db43d4c7393a5c,561839806dcdb8279ac4e42025bc5a82751f2588a2b2066fa84637918d8e4896,2987a546cb3f48253dcdfdc400036a68d1977eddb1012f753e54eca010acedd8,73ed0728ba3aea4548919a2c599b960f1645e1842d48afd930cc90a737aecd92,a96eee14f959c7954577e91fe17d4515a9348f0431a52c4dd9b8f37b88ac9cf5,d543101e7ea78ed2ddaba45de0ca0f44ec997e73ba696c2970de54b1e75cccfc,e40ccb491db9d0ecfe8c9e8462f713cf096279ef2b219236d05222512135b242,fb59b12e82b041c59cc8a3933745a40e92c5e89aa7df64846e5855fbd3acb00e,38669e3f0e715d12f919bbd64ba6e09fbb431145f819869ebd01d20e8fde4ed0,"[[18.0,4440],[20.0,4320]]","[[26.0,8760]]","[[""north"",""002ee4e68ba2ff1e9da7eb8f1e16c441bba47a8ad5ed36d81dc169204a2cb66d""],[""east"",""b1a28b883b4633c7b55388b5b43f571e79efcd391bc0ce6bc07019b5e25d8065""],[""south"",""c667e440b35d715226d38302c0104b35b5d5764fed6125e5bcc80d08fabf1f41""],[""west"",""2767619730916a7bca7fe58275301af35dc43db33040cad9a975264954dbabb5""]]"
mc_7203d646ffedbadd35359ad30c76540d974969c2e8fcae483610d0a659e92e8e,BE_TABULA_13,Terraced house,SFH,1971-1990,TABULA_standard_B_proxy,5425e9370287189ca45179f958739e4d1ea29f5439b14d2d1b6a877cf57e26a0,168.30000000000001,rcp_2_6,weather_2050_rcp_2_6_pvgis_2006,pvgis_2006,2006,2041-2060,1092453103,3,591205793,central,central,10561.536916917088,681.256534373563,62.754230047041517,4.0478700794626441,7096.5296075324413,4058.2367462571265,1488.2678578141627,167.87008175456484,4417,537,537,4417,0,4043.8183333335983,3500.0000000002656,6.7075234255753458e-11,2,residential_energy_demand_gate5_v1,4b5b7791539478f9b2562d1b176e235ac7b641e1afdc40c3d5242661d9dbed3d,4b5b7791539478f9b2562d1b176e235ac7b641e1afdc40c3d5242661d9dbed3d,2ad0e9f7bbdfe12695c931891fd0e8132d060fd7bcbca23623db43d4c7393a5c,561839806dcdb8279ac4e42025bc5a82751f2588a2b2066fa84637918d8e4896,2987a546cb3f48253dcdfdc400036a68d1977eddb1012f753e54eca010acedd8,73ed0728ba3aea4548919a2c599b960f1645e1842d48afd930cc90a737aecd92,a96eee14f959c7954577e91fe17d4515a9348f0431a52c4dd9b8f37b88ac9cf5,d543101e7ea78ed2ddaba45de0ca0f44ec997e73ba696c2970de54b1e75cccfc,e40ccb491db9d0ecfe8c9e8462f713cf096279ef2b219236d05222512135b242,fb59b12e82b041c59cc8a3933745a40e92c5e89aa7df64846e5855fbd3acb00e,38669e3f0e715d12f919bbd64ba6e09fbb431145f819869ebd01d20e8fde4ed0,"[[18.0,3450],[20.0,5310]]","[[26.0,8760]]","[[""north"",""002ee4e68ba2ff1e9da7eb8f1e16c441bba47a8ad5ed36d81dc169204a2cb66d""],[""east"",""b1a28b883b4633c7b55388b5b43f571e79efcd391bc0ce6bc07019b5e25d8065""],[""south"",""c667e440b35d715226d38302c0104b35b5d5764fed6125e5bcc80d08fabf1f41""],[""west"",""2767619730916a7bca7fe58275301af35dc43db33040cad9a975264954dbabb5""]]"
mc_9b30d939b4fd7985f8b5c7269351befe34c6b89a6eff4b6dd4581feba8def1d4,BE_TABULA_13,Terraced house,SFH,1971-1990,TABULA_standard_B_proxy,5425e9370287189ca45179f958739e4d1ea29f5439b14d2d1b6a877cf57e26a0,168.30000000000001,rcp_2_6,weather_2050_rcp_2_6_pvgis_2006,pvgis_2006,2006,2041-2060,2333746188,3,540052035,central,central,10552.555975732483,679.63046181625384,62.700867354322533,4.0382083292706703,7435.7407055564554,4050.838806727158,1419.1667506435433,167.7752421764113,4412,531,531,4412,0,4033.936666666727,3500.0000000000605,6.6052052716258913e-11,2,residential_energy_demand_gate5_v1,4b5b7791539478f9b2562d1b176e235ac7b641e1afdc40c3d5242661d9dbed3d,4b5b7791539478f9b2562d1b176e235ac7b641e1afdc40c3d5242661d9dbed3d,2ad0e9f7bbdfe12695c931891fd0e8132d060fd7bcbca23623db43d4c7393a5c,561839806dcdb8279ac4e42025bc5a82751f2588a2b2066fa84637918d8e4896,2987a546cb3f48253dcdfdc400036a68d1977eddb1012f753e54eca010acedd8,73ed0728ba3aea4548919a2c599b960f1645e1842d48afd930cc90a737aecd92,a96eee14f959c7954577e91fe17d4515a9348f0431a52c4dd9b8f37b88ac9cf5,d543101e7ea78ed2ddaba45de0ca0f44ec997e73ba696c2970de54b1e75cccfc,e40ccb491db9d0ecfe8c9e8462f713cf096279ef2b219236d05222512135b242,fb59b12e82b041c59cc8a3933745a40e92c5e89aa7df64846e5855fbd3acb00e,38669e3f0e715d12f919bbd64ba6e09fbb431145f819869ebd01d20e8fde4ed0,"[[18.0,3468],[20.0,5292]]","[[26.0,8760]]","[[""north"",""002ee4e68ba2ff1e9da7eb8f1e16c441bba47a8ad5ed36d81dc169204a2cb66d""],[""east"",""b1a28b883b4633c7b55388b5b43f571e79efcd391bc0ce6bc07019b5e25d8065""],[""south"",""c667e440b35d715226d38302c0104b35b5d5764fed6125e5bcc80d08fabf1f41""],[""west"",""2767619730916a7bca7fe58275301af35dc43db33040cad9a975264954dbabb5""]]"
mc_0c28d3cd91b5f28cb19a6d000041cc94d678b0933bb7fc3a709b4dc08d631937,BE_TABULA_13,Terraced house,SFH,1971-1990,TABULA_standard_B_proxy,5425e9370287189ca45179f958739e4d1ea29f5439b14d2d1b6a877cf57e26a0,168.30000000000001,rcp_2_6,weather_2050_rcp_2_6_pvgis_2006,pvgis_2006,2006,2041-2060,290922874,2,3162789502,central,central,10550.412640387023,690.96960987275975,62.6881321472788,4.1055829463622082,7429.6496936254971,4250.5758093632194,1420.0417348665958,162.55906043380844,4378,538,538,4378,0,3941.2566666671028,3500.0000000004361,6.730260793119669e-11,2,residential_energy_demand_gate5_v1,4b5b7791539478f9b2562d1b176e235ac7b641e1afdc40c3d5242661d9dbed3d,4b5b7791539478f9b2562d1b176e235ac7b641e1afdc40c3d5242661d9dbed3d,2ad0e9f7bbdfe12695c931891fd0e8132d060fd7bcbca23623db43d4c7393a5c,561839806dcdb8279ac4e42025bc5a82751f2588a2b2066fa84637918d8e4896,2987a546cb3f48253dcdfdc400036a68d1977eddb1012f753e54eca010acedd8,73ed0728ba3aea4548919a2c599b960f1645e1842d48afd930cc90a737aecd92,a96eee14f959c7954577e91fe17d4515a9348f0431a52c4dd9b8f37b88ac9cf5,d543101e7ea78ed2ddaba45de0ca0f44ec997e73ba696c2970de54b1e75cccfc,e40ccb491db9d0ecfe8c9e8462f713cf096279ef2b219236d05222512135b242,fb59b12e82b041c59cc8a3933745a40e92c5e89aa7df64846e5855fbd3acb00e,38669e3f0e715d12f919bbd64ba6e09fbb431145f819869ebd01d20e8fde4ed0,"[[18.0,3757],[20.0,5003]]","[[26.0,8760]]","[[""north"",""002ee4e68ba2ff1e9da7eb8f1e16c441bba47a8ad5ed36d81dc169204a2cb66d""],[""east"",""b1a28b883b4633c7b55388b5b43f571e79efcd391bc0ce6bc07019b5e25d8065""],[""south"",""c667e440b35d715226d38302c0104b35b5d5764fed6125e5bcc80d08fabf1f41""],[""west"",""2767619730916a7bca7fe58275301af35dc43db33040cad9a975264954dbabb5""]]"
mc_f855aafab813ae63a59b1257576b6e5162e4a9564952289e8ae803c9a765831e,BE_TABULA_13,Terraced house,SFH,1971-1990,TABULA_standard_B_proxy,5425e9370287189ca45179f958739e4d1ea29f5439b14d2d1b6a877cf57e26a0,168.30000000000001,rcp_2_6,weather_2050_rcp_2_6_pvgis_2006,pvgis_2006,2006,2041-2060,2221754146,1,299414330,central,central,10461.863707641194,621.56705584662097,62.161994697808638,3.6932088879775455,7703.2179198106696,3403.5420365295845,1358.1160258670609,182.62358718519036,4368,502,502,4368,0,3737.2999999990457,3499.9999999990459,6.5483618527650833e-11,2,residential_energy_demand_gate5_v1,4b5b7791539478f9b2562d1b176e235ac7b641e1afdc40c3d5242661d9dbed3d,4b5b7791539478f9b2562d1b176e235ac7b641e1afdc40c3d5242661d9dbed3d,2ad0e9f7bbdfe12695c931891fd0e8132d060fd7bcbca23623db43d4c7393a5c,561839806dcdb8279ac4e42025bc5a82751f2588a2b2066fa84637918d8e4896,2987a546cb3f48253dcdfdc400036a68d1977eddb1012f753e54eca010acedd8,73ed0728ba3aea4548919a2c599b960f1645e1842d48afd930cc90a737aecd92,a96eee14f959c7954577e91fe17d4515a9348f0431a52c4dd9b8f37b88ac9cf5,d543101e7ea78ed2ddaba45de0ca0f44ec997e73ba696c2970de54b1e75cccfc,e40ccb491db9d0ecfe8c9e8462f713cf096279ef2b219236d05222512135b242,fb59b12e82b041c59cc8a3933745a40e92c5e89aa7df64846e5855fbd3acb00e,38669e3f0e715d12f919bbd64ba6e09fbb431145f819869ebd01d20e8fde4ed0,"[[18.0,4534],[20.0,4226]]","[[26.0,8760]]","[[""north"",""002ee4e68ba2ff1e9da7eb8f1e16c441bba47a8ad5ed36d81dc169204a2cb66d""],[""east"",""b1a28b883b4633c7b55388b5b43f571e79efcd391bc0ce6bc07019b5e25d8065""],[""south"",""c667e440b35d715226d38302c0104b35b5d5764fed6125e5bcc80d08fabf1f41""],[""west"",""2767619730916a7bca7fe58275301af35dc43db33040cad9a975264954dbabb5""]]"
mc_99c84946dab3aa5df9c31e2d5001715085e3af26934a09b3ee988c82da5f68a5,BE_TABULA_13,Terraced house,SFH,1971-1990,TABULA_standard_B_proxy,5425e9370287189ca45179f958739e4d1ea29f5439b14d2d1b6a877cf57e26a0,168.30000000000001,rcp_2_6,weather_2050_rcp_2_6_pvgis_2006,pvgis_2006,2006,2041-2060,1816115144,1,3928427033,central,central,10440.705505301969,601.62693094201791,62.036277512192321,3.5747292391088408,7543.2463087267597,4169.950085735115,1384.1130301184978,144.27677036233825,4406,502,502,4406,0,3738.9099999998316,3499.9999999998317,6.6734173742588609e-11,2,residential_energy_demand_gate5_v1,4b5b7791539478f9b2562d1b176e235ac7b641e1afdc40c3d5242661d9dbed3d,4b5b7791539478f9b2562d1b176e235ac7b641e1afdc40c3d5242661d9dbed3d,2ad0e9f7bbdfe12695c931891fd0e8132d060fd7bcbca23623db43d4c7393a5c,561839806dcdb8279ac4e42025bc5a82751f2588a2b2066fa84637918d8e4896,2987a546cb3f48253dcdfdc400036a68d1977eddb1012f753e54eca010acedd8,73ed0728ba3aea4548919a2c599b960f1645e1842d48afd930cc90a737aecd92,a96eee14f959c7954577e91fe17d4515a9348f0431a52c4dd9b8f37b88ac9cf5,d543101e7ea78ed2ddaba45de0ca0f44ec997e73ba696c2970de54b1e75cccfc,e40ccb491db9d0ecfe8c9e8462f713cf096279ef2b219236d05222512135b242,fb59b12e82b041c59cc8a3933745a40e92c5e89aa7df64846e5855fbd3acb00e,38669e3f0e715d12f919bbd64ba6e09fbb431145f819869ebd01d20e8fde4ed0,"[[18.0,4493],[20.0,4267]]","[[26.0,8760]]","[[""north"",""002ee4e68ba2ff1e9da7eb8f1e16c441bba47a8ad5ed36d81dc169204a2cb66d""],[""east"",""b1a28b883b4633c7b55388b5b43f571e79efcd391bc0ce6bc07019b5e25d8065""],[""south"",""c667e440b35d715226d38302c0104b35b5d5764fed6125e5bcc80d08fabf1f41""],[""west"",""2767619730916a7bca7fe58275301af35dc43db33040cad9a975264954dbabb5""]]"
mc_8a535fd73a082c3e7c7829f584ad8633e997306318813269fcb3c1c415dc2c79,BE_TABULA_13,Terraced house,SFH,1971-1990,TABULA_standard_B_proxy,5425e9370287189ca45179f958739e4d1ea29f5439b14d2d1b6a877cf57e26a0,168.30000000000001,rcp_2_6,weather_2050_rcp_2_6_pvgis_2006,pvgis_2006,2006,2041-2060,3240729649,2,1511892000,central,central,10518.20688604299,638.23269496675437,62.4967729414319,3.7922322933259318,7150.8195928071564,3876.4116552648011,1470.909278234765,164.64523165384927,4366,498,498,4366,0,3933.650000000513,3500.000000000513,7.0031092036515474e-11,2,residential_energy_demand_gate5_v1,4b5b7791539478f9b2562d1b176e235ac7b641e1afdc40c3d5242661d9dbed3d,4b5b7791539478f9b2562d1b176e235ac7b641e1afdc40c3d5242661d9dbed3d,2ad0e9f7bbdfe12695c931891fd0e8132d060fd7bcbca23623db43d4c7393a5c,561839806dcdb8279ac4e42025bc5a82751f2588a2b2066fa84637918d8e4896,2987a546cb3f48253dcdfdc400036a68d1977eddb1012f753e54eca010acedd8,73ed0728ba3aea4548919a2c599b960f1645e1842d48afd930cc90a737aecd92,a96eee14f959c7954577e91fe17d4515a9348f0431a52c4dd9b8f37b88ac9cf5,d543101e7ea78ed2ddaba45de0ca0f44ec997e73ba696c2970de54b1e75cccfc,e40ccb491db9d0ecfe8c9e8462f713cf096279ef2b219236d05222512135b242,fb59b12e82b041c59cc8a3933745a40e92c5e89aa7df64846e5855fbd3acb00e,38669e3f0e715d12f919bbd64ba6e09fbb431145f819869ebd01d20e8fde4ed0,"[[18.0,3857],[20.0,4903]]","[[26.0,8760]]","[[""north"",""002ee4e68ba2ff1e9da7eb8f1e16c441bba47a8ad5ed36d81dc169204a2cb66d""],[""east"",""b1a28b883b4633c7b55388b5b43f571e79efcd391bc0ce6bc07019b5e25d8065""],[""south"",""c667e440b35d715226d38302c0104b35b5d5764fed6125e5bcc80d08fabf1f41""],[""west"",""2767619730916a7bca7fe58275301af35dc43db33040cad9a975264954dbabb5""]]"
mc_0a6009f6ef347f0c96428ca6cd044d834f5be0056284ffcf8f14ef7e299b964b,BE_TABULA_13,Terraced house,SFH,1971-1990,TABULA_standard_B_proxy,5425e9370287189ca45179f958739e4d1ea29f5439b14d2d1b6a877cf57e26a0,168.30000000000001,rcp_2_6,weather_2050_rcp_2_6_pvgis_2006,pvgis_2006,2006,2041-2060,2288844644,1,134262918,central,central,10474.797557364329,636.02315769640472,62.23884466645471,3.7791037296280732,7626.9886913029213,4199.8811182199279,1373.3857465016008,151.43837165704727,4373,499,499,4373,0,3735.4099999993218,3499.999999999322,6.843947630841285e-11,2,residential_energy_demand_gate5_v1,4b5b7791539478f9b2562d1b176e235ac7b641e1afdc40c3d5242661d9dbed3d,4b5b7791539478f9b2562d1b176e235ac7b641e1afdc40c3d5242661d9dbed3d,2ad0e9f7bbdfe12695c931891fd0e8132d060fd7bcbca23623db43d4c7393a5c,561839806dcdb8279ac4e42025bc5a82751f2588a2b2066fa84637918d8e4896,2987a546cb3f48253dcdfdc400036a68d1977eddb1012f753e54eca010acedd8,73ed0728ba3aea4548919a2c599b960f1645e1842d48afd930cc90a737aecd92,a96eee14f959c7954577e91fe17d4515a9348f0431a52c4dd9b8f37b88ac9cf5,d543101e7ea78ed2ddaba45de0ca0f44ec997e73ba696c2970de54b1e75cccfc,e40ccb491db9d0ecfe8c9e8462f713cf096279ef2b219236d05222512135b242,fb59b12e82b041c59cc8a3933745a40e92c5e89aa7df64846e5855fbd3acb00e,38669e3f0e715d12f919bbd64ba6e09fbb431145f819869ebd01d20e8fde4ed0,"[[18.0,4547],[20.0,4213]]","[[26.0,8760]]","[[""north"",""002ee4e68ba2ff1e9da7eb8f1e16c441bba47a8ad5ed36d81dc169204a2cb66d""],[""east"",""b1a28b883b4633c7b55388b5b43f571e79efcd391bc0ce6bc07019b5e25d8065""],[""south"",""c667e440b35d715226d38302c0104b35b5d5764fed6125e5bcc80d08fabf1f41""],[""west"",""2767619730916a7bca7fe58275301af35dc43db33040cad9a975264954dbabb5""]]"
mc_beada2543d2014f5ac73200eb7d979ee7e245b9ac60b7a7769d24eab34d2c21e,BE_TABULA_13,Terraced house,SFH,1971-1990,TABULA_standard_B_proxy,5425e9370287189ca45179f958739e4d1ea29f5439b14d2d1b6a877cf57e26a0,168.30000000000001,rcp_2_6,weather_2050_rcp_2_6_pvgis_2006,pvgis_2006,2006,2041-2060,3778118032,4,2119399914,central,central,10553.441978756857,704.03801644782538,62.706131781086491,4.183232420961529,7621.6283348149445,3896.7607645129178,1384.6702456677976,180.67263016487178,4419,557,557,4419,0,4187.5983333339545,3500.0000000006207,7.4123818194493651e-11,2,residential_energy_demand_gate5_v1,4b5b7791539478f9b2562d1b176e235ac7b641e1afdc40c3d5242661d9dbed3d,4b5b7791539478f9b2562d1b176e235ac7b641e1afdc40c3d5242661d9dbed3d,2ad0e9f7bbdfe12695c931891fd0e8132d060fd7bcbca23623db43d4c7393a5c,561839806dcdb8279ac4e42025bc5a82751f2588a2b2066fa84637918d8e4896,2987a546cb3f48253dcdfdc400036a68d1977eddb1012f753e54eca010acedd8,73ed0728ba3aea4548919a2c599b960f1645e1842d48afd930cc90a737aecd92,a96eee14f959c7954577e91fe17d4515a9348f0431a52c4dd9b8f37b88ac9cf5,d543101e7ea78ed2ddaba45de0ca0f44ec997e73ba696c2970de54b1e75cccfc,e40ccb491db9d0ecfe8c9e8462f713cf096279ef2b219236d05222512135b242,fb59b12e82b041c59cc8a3933745a40e92c5e89aa7df64846e5855fbd3acb00e,38669e3f0e715d12f919bbd64ba6e09fbb431145f819869ebd01d20e8fde4ed0,"[[18.0,3183],[20.0,5577]]","[[26.0,8760]]","[[""north"",""002ee4e68ba2ff1e9da7eb8f1e16c441bba47a8ad5ed36d81dc169204a2cb66d""],[""east"",""b1a28b883b4633c7b55388b5b43f571e79efcd391bc0ce6bc07019b5e25d8065""],[""south"",""c667e440b35d715226d38302c0104b35b5d5764fed6125e5bcc80d08fabf1f41""],[""west"",""2767619730916a7bca7fe58275301af35dc43db33040cad9a975264954dbabb5""]]"
mc_537f2e8b90b6e2db1485ba8b4b7dcb63dc75d08b469f09d66e004e2aabf93b04,BE_TABULA_13,Terraced house,SFH,1971-1990,TABULA_standard_B_proxy,5425e9370287189ca45179f958739e4d1ea29f5439b14d2d1b6a877cf57e26a0,168.30000000000001,rcp_2_6,weather_2050_rcp_2_6_pvgis_2006,pvgis_2006,2006,2041-2060,96231892,2,202303042,central,central,10487.124159502095,668.53257825415119,62.312086509222183,3.9722672504702978,7467.3589723857604,3972.6209122401083,1404.3953422198404,168.28501712668438,4423,519,519,4423,0,3944.0916666664621,3499.9999999997949,6.6847860580310225e-11,2,residential_energy_demand_gate5_v1,4b5b7791539478f9b2562d1b176e235ac7b641e1afdc40c3d5242661d9dbed3d,4b5b7791539478f9b2562d1b176e235ac7b641e1afdc40c3d5242661d9dbed3d,2ad0e9f7bbdfe12695c931891fd0e8132d060fd7bcbca23623db43d4c7393a5c,561839806dcdb8279ac4e42025bc5a82751f2588a2b2066fa84637918d8e4896,2987a546cb3f48253dcdfdc400036a68d1977eddb1012f753e54eca010acedd8,73ed0728ba3aea4548919a2c599b960f1645e1842d48afd930cc90a737aecd92,a96eee14f959c7954577e91fe17d4515a9348f0431a52c4dd9b8f37b88ac9cf5,d543101e7ea78ed2ddaba45de0ca0f44ec997e73ba696c2970de54b1e75cccfc,e40ccb491db9d0ecfe8c9e8462f713cf096279ef2b219236d05222512135b242,fb59b12e82b041c59cc8a3933745a40e92c5e89aa7df64846e5855fbd3acb00e,38669e3f0e715d12f919bbd64ba6e09fbb431145f819869ebd01d20e8fde4ed0,"[[18.0,3802],[20.0,4958]]","[[26.0,8760]]","[[""north"",""002ee4e68ba2ff1e9da7eb8f1e16c441bba47a8ad5ed36d81dc169204a2cb66d""],[""east"",""b1a28b883b4633c7b55388b5b43f571e79efcd391bc0ce6bc07019b5e25d8065""],[""south"",""c667e440b35d715226d38302c0104b35b5d5764fed6125e5bcc80d08fabf1f41""],[""west"",""2767619730916a7bca7fe58275301af35dc43db33040cad9a975264954dbabb5""]]"
mc_804dbc3b04d1dea3659437b308c7fa4c0c601241d4b077228eb01ecbebc8424a,BE_TABULA_13,Terraced house,SFH,1971-1990,TABULA_standard_B_proxy,5425e9370287189ca45179f958739e4d1ea29f5439b14d2d1b6a877cf57e26a0,168.30000000000001,rcp_2_6,weather_2050_rcp_2_6_pvgis_2006,pvgis_2006,2006,2041-2060,3338747715,1,3157262246,central,central,10488.027583674986,658.57156983777634,62.317454448455052,3.9130812230408574,7222.6751354696335,4713.6023320569775,1452.0973720899649,139.71725305693769,4382,527,527,4382,0,3736.0399999997076,3499.9999999997076,7.0485839387401938e-11,2,residential_energy_demand_gate5_v1,4b5b7791539478f9b2562d1b176e235ac7b641e1afdc40c3d5242661d9dbed3d,4b5b7791539478f9b2562d1b176e235ac7b641e1afdc40c3d5242661d9dbed3d,2ad0e9f7bbdfe12695c931891fd0e8132d060fd7bcbca23623db43d4c7393a5c,561839806dcdb8279ac4e42025bc5a82751f2588a2b2066fa84637918d8e4896,2987a546cb3f48253dcdfdc400036a68d1977eddb1012f753e54eca010acedd8,73ed0728ba3aea4548919a2c599b960f1645e1842d48afd930cc90a737aecd92,a96eee14f959c7954577e91fe17d4515a9348f0431a52c4dd9b8f37b88ac9cf5,d543101e7ea78ed2ddaba45de0ca0f44ec997e73ba696c2970de54b1e75cccfc,e40ccb491db9d0ecfe8c9e8462f713cf096279ef2b219236d05222512135b242,fb59b12e82b041c59cc8a3933745a40e92c5e89aa7df64846e5855fbd3acb00e,38669e3f0e715d12f919bbd64ba6e09fbb431145f819869ebd01d20e8fde4ed0,"[[18.0,4565],[20.0,4195]]","[[26.0,8760]]","[[""north"",""002ee4e68ba2ff1e9da7eb8f1e16c441bba47a8ad5ed36d81dc169204a2cb66d""],[""east"",""b1a28b883b4633c7b55388b5b43f571e79efcd391bc0ce6bc07019b5e25d8065""],[""south"",""c667e440b35d715226d38302c0104b35b5d5764fed6125e5bcc80d08fabf1f41""],[""west"",""2767619730916a7bca7fe58275301af35dc43db33040cad9a975264954dbabb5""]]"
mc_9ecfb21fb52493874657b8189b3ea5f39795610640e482a5ff312e4b049a3d75,BE_TABULA_13,Terraced house,SFH,1971-1990,TABULA_standard_B_proxy,5425e9370287189ca45179f958739e4d1ea29f5439b14d2d1b6a877cf57e26a0,168.30000000000001,rcp_2_6,weather_2050_rcp_2_6_pvgis_2006,pvgis_2006,2006,2041-2060,799376848,4,2787136780,central,central,10552.802146980446,687.45255429040969,62.702330047417973,4.0846854087368367,7179.3772190309037,4427.7656433777684,1469.8770972790448,155.25947162957323,4376,547,547,4376,0,4193.7816666663757,3499.999999999709,6.7757355282083154e-11,2,residential_energy_demand_gate5_v1,4b5b7791539478f9b2562d1b176e235ac7b641e1afdc40c3d5242661d9dbed3d,4b5b7791539478f9b2562d1b176e235ac7b641e1afdc40c3d5242661d9dbed3d,2ad0e9f7bbdfe12695c931891fd0e8132d060fd7bcbca23623db43d4c7393a5c,561839806dcdb8279ac4e42025bc5a82751f2588a2b2066fa84637918d8e4896,2987a546cb3f48253dcdfdc400036a68d1977eddb1012f753e54eca010acedd8,73ed0728ba3aea4548919a2c599b960f1645e1842d48afd930cc90a737aecd92,a96eee14f959c7954577e91fe17d4515a9348f0431a52c4dd9b8f37b88ac9cf5,d543101e7ea78ed2ddaba45de0ca0f44ec997e73ba696c2970de54b1e75cccfc,e40ccb491db9d0ecfe8c9e8462f713cf096279ef2b219236d05222512135b242,fb59b12e82b041c59cc8a3933745a40e92c5e89aa7df64846e5855fbd3acb00e,38669e3f0e715d12f919bbd64ba6e09fbb431145f819869ebd01d20e8fde4ed0,"[[18.0,3186],[20.0,5574]]","[[26.0,8760]]","[[""north"",""002ee4e68ba2ff1e9da7eb8f1e16c441bba47a8ad5ed36d81dc169204a2cb66d""],[""east"",""b1a28b883b4633c7b55388b5b43f571e79efcd391bc0ce6bc07019b5e25d8065""],[""south"",""c667e440b35d715226d38302c0104b35b5d5764fed6125e5bcc80d08fabf1f41""],[""west"",""2767619730916a7bca7fe58275301af35dc43db33040cad9a975264954dbabb5""]]"
mc_ead0fcc69df4e9f12285bd117e16d7fa4b7f11f39652206056243c35b5483240,BE_TABULA_13,Terraced house,SFH,1971-1990,TABULA_standard_B_proxy,5425e9370287189ca45179f958739e4d1ea29f5439b14d2d1b6a877cf57e26a0,168.30000000000001,rcp_2_6,weather_2050_rcp_2_6_pvgis_2006,pvgis_2006,2006,2041-2060,3364469763,3,3525852059,central,central,10570.417842269668,693.08475105305934,62.806998468625473,4.1181506301429547,7223.5040344520721,4139.7927660156038,1463.3366011640182,167.4201560867327,4412,533,533,4412,0,4054.493333332874,3499.9999999995403,6.5142558014485985e-11,2,residential_energy_demand_gate5_v1,4b5b7791539478f9b2562d1b176e235ac7b641e1afdc40c3d5242661d9dbed3d,4b5b7791539478f9b2562d1b176e235ac7b641e1afdc40c3d5242661d9dbed3d,2ad0e9f7bbdfe12695c931891fd0e8132d060fd7bcbca23623db43d4c7393a5c,561839806dcdb8279ac4e42025bc5a82751f2588a2b2066fa84637918d8e4896,2987a546cb3f48253dcdfdc400036a68d1977eddb1012f753e54eca010acedd8,73ed0728ba3aea4548919a2c599b960f1645e1842d48afd930cc90a737aecd92,a96eee14f959c7954577e91fe17d4515a9348f0431a52c4dd9b8f37b88ac9cf5,d543101e7ea78ed2ddaba45de0ca0f44ec997e73ba696c2970de54b1e75cccfc,e40ccb491db9d0ecfe8c9e8462f713cf096279ef2b219236d05222512135b242,fb59b12e82b041c59cc8a3933745a40e92c5e89aa7df64846e5855fbd3acb00e,38669e3f0e715d12f919bbd64ba6e09fbb431145f819869ebd01d20e8fde4ed0,"[[18.0,3432],[20.0,5328]]","[[26.0,8760]]","[[""north"",""002ee4e68ba2ff1e9da7eb8f1e16c441bba47a8ad5ed36d81dc169204a2cb66d""],[""east"",""b1a28b883b4633c7b55388b5b43f571e79efcd391bc0ce6bc07019b5e25d8065""],[""south"",""c667e440b35d715226d38302c0104b35b5d5764fed6125e5bcc80d08fabf1f41""],[""west"",""2767619730916a7bca7fe58275301af35dc43db33040cad9a975264954dbabb5""]]"
mc_1b8f1bd9a40fb2547c8ab1077887c1c83ef8c9da810b86bf0da0f707e58b7391,BE_TABULA_13,Terraced house,SFH,1971-1990,TABULA_standard_B_proxy,5425e9370287189ca45179f958739e4d1ea29f5439b14d2d1b6a877cf57e26a0,168.30000000000001,rcp_2_6,weather_2050_rcp_2_6_pvgis_2006,pvgis_2006,2006,2041-2060,179395282,2,1160425781,central,central,10524.287093819703,659.28766258938447,62.532900141531208,3.9173360819333598,7659.2853301897358,4228.0562464838922,1374.0560169938199,155.93162062062368,4411,526,526,4411,0,3942.6333333330567,3499.9999999997235,6.6165739553980529e-11,2,residential_energy_demand_gate5_v1,4b5b7791539478f9b2562d1b176e235ac7b641e1afdc40c3d5242661d9dbed3d,4b5b7791539478f9b2562d1b176e235ac7b641e1afdc40c3d5242661d9dbed3d,2ad0e9f7bbdfe12695c931891fd0e8132d060fd7bcbca23623db43d4c7393a5c,561839806dcdb8279ac4e42025bc5a82751f2588a2b2066fa84637918d8e4896,2987a546cb3f48253dcdfdc400036a68d1977eddb1012f753e54eca010acedd8,73ed0728ba3aea4548919a2c599b960f1645e1842d48afd930cc90a737aecd92,a96eee14f959c7954577e91fe17d4515a9348f0431a52c4dd9b8f37b88ac9cf5,d543101e7ea78ed2ddaba45de0ca0f44ec997e73ba696c2970de54b1e75cccfc,e40ccb491db9d0ecfe8c9e8462f713cf096279ef2b219236d05222512135b242,fb59b12e82b041c59cc8a3933745a40e92c5e89aa7df64846e5855fbd3acb00e,38669e3f0e715d12f919bbd64ba6e09fbb431145f819869ebd01d20e8fde4ed0,"[[18.0,3772],[20.0,4988]]","[[26.0,8760]]","[[""north"",""002ee4e68ba2ff1e9da7eb8f1e16c441bba47a8ad5ed36d81dc169204a2cb66d""],[""east"",""b1a28b883b4633c7b55388b5b43f571e79efcd391bc0ce6bc07019b5e25d8065""],[""south"",""c667e440b35d715226d38302c0104b35b5d5764fed6125e5bcc80d08fabf1f41""],[""west"",""2767619730916a7bca7fe58275301af35dc43db33040cad9a975264954dbabb5""]]"
mc_2dab508527b8fe30bb6f839148599a56c4b9c74638e51725a131778b0cc3db5c,BE_TABULA_13,Terraced house,SFH,1971-1990,TABULA_standard_B_proxy,5425e9370287189ca45179f958739e4d1ea29f5439b14d2d1b6a877cf57e26a0,168.30000000000001,rcp_2_6,weather_2050_rcp_2_6_pvgis_2006,pvgis_2006,2006,2041-2060,1171171859,4,75851243,central,central,10541.354276879199,712.86209140316782,62.634309428872243,4.2356630505238728,7371.3742617250355,4328.6608337612342,1430.0392169223992,164.68421037823651,4446,558,558,4446,0,4171.8133333330361,3499.999999999703,6.8268946051830426e-11,2,residential_energy_demand_gate5_v1,4b5b7791539478f9b2562d1b176e235ac7b641e1afdc40c3d5242661d9dbed3d,4b5b7791539478f9b2562d1b176e235ac7b641e1afdc40c3d5242661d9dbed3d,2ad0e9f7bbdfe12695c931891fd0e8132d060fd7bcbca23623db43d4c7393a5c,561839806dcdb8279ac4e42025bc5a82751f2588a2b2066fa84637918d8e4896,2987a546cb3f48253dcdfdc400036a68d1977eddb1012f753e54eca010acedd8,73ed0728ba3aea4548919a2c599b960f1645e1842d48afd930cc90a737aecd92,a96eee14f959c7954577e91fe17d4515a9348f0431a52c4dd9b8f37b88ac9cf5,d543101e7ea78ed2ddaba45de0ca0f44ec997e73ba696c2970de54b1e75cccfc,e40ccb491db9d0ecfe8c9e8462f713cf096279ef2b219236d05222512135b242,fb59b12e82b041c59cc8a3933745a40e92c5e89aa7df64846e5855fbd3acb00e,38669e3f0e715d12f919bbd64ba6e09fbb431145f819869ebd01d20e8fde4ed0,"[[18.0,3244],[20.0,5516]]","[[26.0,8760]]","[[""north"",""002ee4e68ba2ff1e9da7eb8f1e16c441bba47a8ad5ed36d81dc169204a2cb66d""],[""east"",""b1a28b883b4633c7b55388b5b43f571e79efcd391bc0ce6bc07019b5e25d8065""],[""south"",""c667e440b35d715226d38302c0104b35b5d5764fed6125e5bcc80d08fabf1f41""],[""west"",""2767619730916a7bca7fe58275301af35dc43db33040cad9a975264954dbabb5""]]"
mc_64929d5591da0862d72de25e9cd3939593c818f910a5adcc2d4fe9841a1d4eb8,BE_TABULA_13,Terraced house,SFH,1971-1990,TABULA_standard_B_proxy,5425e9370287189ca45179f958739e4d1ea29f5439b14d2d1b6a877cf57e26a0,168.30000000000001,rcp_2_6,weather_2050_rcp_2_6_pvgis_2006,pvgis_2006,2006,2041-2060,1001156282,1,2699337107,central,central,10511.769638106225,674.05668375190396,62.458524290589565,4.0050902183713841,7423.6192298365913,4750.5034956088421,1415.9898713363307,141.89162988196355,4403,518,518,4403,0,3740.1466666665592,3499.9999999998922,6.3892002799548209e-11,2,residential_energy_demand_gate5_v1,4b5b7791539478f9b2562d1b176e235ac7b641e1afdc40c3d5242661d9dbed3d,4b5b7791539478f9b2562d1b176e235ac7b641e1afdc40c3d5242661d9dbed3d,2ad0e9f7bbdfe12695c931891fd0e8132d060fd7bcbca23623db43d4c7393a5c,561839806dcdb8279ac4e42025bc5a82751f2588a2b2066fa84637918d8e4896,2987a546cb3f48253dcdfdc400036a68d1977eddb1012f753e54eca010acedd8,73ed0728ba3aea4548919a2c599b960f1645e1842d48afd930cc90a737aecd92,a96eee14f959c7954577e91fe17d4515a9348f0431a52c4dd9b8f37b88ac9cf5,d543101e7ea78ed2ddaba45de0ca0f44ec997e73ba696c2970de54b1e75cccfc,e40ccb491db9d0ecfe8c9e8462f713cf096279ef2b219236d05222512135b242,fb59b12e82b041c59cc8a3933745a40e92c5e89aa7df64846e5855fbd3acb00e,38669e3f0e715d12f919bbd64ba6e09fbb431145f819869ebd01d20e8fde4ed0,"[[18.0,4492],[20.0,4268]]","[[26.0,8760]]","[[""north"",""002ee4e68ba2ff1e9da7eb8f1e16c441bba47a8ad5ed36d81dc169204a2cb66d""],[""east"",""b1a28b883b4633c7b55388b5b43f571e79efcd391bc0ce6bc07019b5e25d8065""],[""south"",""c667e440b35d715226d38302c0104b35b5d5764fed6125e5bcc80d08fabf1f41""],[""west"",""2767619730916a7bca7fe58275301af35dc43db33040cad9a975264954dbabb5""]]"
mc_a9092e217b39d7b3cace94df17432e66cdbcab00d49228aa7d3080ce13433568,BE_TABULA_13,Terraced house,SFH,1971-1990,TABULA_standard_B_proxy,5425e9370287189ca45179f958739e4d1ea29f5439b14d2d1b6a877cf57e26a0,168.30000000000001,rcp_2_6,weather_2050_rcp_2_6_pvgis_2006,pvgis_2006,2006,2041-2060,1575906619,2,3985209950,central,central,10509.368757612065,653.39281182101774,62.444258809340845,3.8823102306655835,7476.5790454695134,4360.4918271336755,1405.6386876535855,149.84383361418173,4357,524,524,4357,0,3919.8600000008364,3500.0000000008372,6.5256244852207601e-11,2,residential_energy_demand_gate5_v1,4b5b7791539478f9b2562d1b176e235ac7b641e1afdc40c3d5242661d9dbed3d,4b5b7791539478f9b2562d1b176e235ac7b641e1afdc40c3d5242661d9dbed3d,2ad0e9f7bbdfe12695c931891fd0e8132d060fd7bcbca23623db43d4c7393a5c,561839806dcdb8279ac4e42025bc5a82751f2588a2b2066fa84637918d8e4896,2987a546cb3f48253dcdfdc400036a68d1977eddb1012f753e54eca010acedd8,73ed0728ba3aea4548919a2c599b960f1645e1842d48afd930cc90a737aecd92,a96eee14f959c7954577e91fe17d4515a9348f0431a52c4dd9b8f37b88ac9cf5,d543101e7ea78ed2ddaba45de0ca0f44ec997e73ba696c2970de54b1e75cccfc,e40ccb491db9d0ecfe8c9e8462f713cf096279ef2b219236d05222512135b242,fb59b12e82b041c59cc8a3933745a40e92c5e89aa7df64846e5855fbd3acb00e,38669e3f0e715d12f919bbd64ba6e09fbb431145f819869ebd01d20e8fde4ed0,"[[18.0,3957],[20.0,4803]]","[[26.0,8760]]","[[""north"",""002ee4e68ba2ff1e9da7eb8f1e16c441bba47a8ad5ed36d81dc169204a2cb66d""],[""east"",""b1a28b883b4633c7b55388b5b43f571e79efcd391bc0ce6bc07019b5e25d8065""],[""south"",""c667e440b35d715226d38302c0104b35b5d5764fed6125e5bcc80d08fabf1f41""],[""west"",""2767619730916a7bca7fe58275301af35dc43db33040cad9a975264954dbabb5""]]"
mc_7459e139282f1c2cb2848643fa4869ff338af8de3792f04023bc5eec46371976,BE_TABULA_13,Terraced house,SFH,1971-1990,TABULA_standard_B_proxy,5425e9370287189ca45179f958739e4d1ea29f5439b14d2d1b6a877cf57e26a0,168.30000000000001,rcp_2_6,weather_2050_rcp_2_6_pvgis_2006,pvgis_2006,2006,2041-2060,3557983481,3,99384246,central,central,10576.29912627938,682.43271622656471,62.841943709324894,4.0548586822731112,7370.8775830854584,3581.6101284578058,1434.8765132865126,190.53796805081384,4408,549,549,4408,0,4056.5816666674446,3500.0000000007776,6.6847860580310225e-11,2,residential_energy_demand_gate5_v1,4b5b7791539478f9b2562d1b176e235ac7b641e1afdc40c3d5242661d9dbed3d,4b5b7791539478f9b2562d1b176e235ac7b641e1afdc40c3d5242661d9dbed3d,2ad0e9f7bbdfe12695c931891fd0e8132d060fd7bcbca23623db43d4c7393a5c,561839806dcdb8279ac4e42025bc5a82751f2588a2b2066fa84637918d8e4896,2987a546cb3f48253dcdfdc400036a68d1977eddb1012f753e54eca010acedd8,73ed0728ba3aea4548919a2c599b960f1645e1842d48afd930cc90a737aecd92,a96eee14f959c7954577e91fe17d4515a9348f0431a52c4dd9b8f37b88ac9cf5,d543101e7ea78ed2ddaba45de0ca0f44ec997e73ba696c2970de54b1e75cccfc,e40ccb491db9d0ecfe8c9e8462f713cf096279ef2b219236d05222512135b242,fb59b12e82b041c59cc8a3933745a40e92c5e89aa7df64846e5855fbd3acb00e,38669e3f0e715d12f919bbd64ba6e09fbb431145f819869ebd01d20e8fde4ed0,"[[18.0,3352],[20.0,5408]]","[[26.0,8760]]","[[""north"",""002ee4e68ba2ff1e9da7eb8f1e16c441bba47a8ad5ed36d81dc169204a2cb66d""],[""east"",""b1a28b883b4633c7b55388b5b43f571e79efcd391bc0ce6bc07019b5e25d8065""],[""south"",""c667e440b35d715226d38302c0104b35b5d5764fed6125e5bcc80d08fabf1f41""],[""west"",""2767619730916a7bca7fe58275301af35dc43db33040cad9a975264954dbabb5""]]"
mc_504475fcfc0eddee1c5e6d4baa680d265fa69dc23f7177289ead0a8283de8803,BE_TABULA_13,Terraced house,SFH,1971-1990,TABULA_standard_B_proxy,5425e9370287189ca45179f958739e4d1ea29f5439b14d2d1b6a877cf57e26a0,168.30000000000001,rcp_2_6,weather_2050_rcp_2_6_pvgis_2006,pvgis_2006,2006,2041-2060,569801540,3,787510844,central,central,10592.578084025879,673.18224001287115,62.938669542637427,3.9998944742297748,7219.5454627955633,4351.4775211584001,1467.2084466553392,154.70199184980837,4403,532,532,4403,0,4052.9766666664655,3499.9999999997995,7.2759576141834259e-11,2,residential_energy_demand_gate5_v1,4b5b7791539478f9b2562d1b176e235ac7b641e1afdc40c3d5242661d9dbed3d,4b5b7791539478f9b2562d1b176e235ac7b641e1afdc40c3d5242661d9dbed3d,2ad0e9f7bbdfe12695c931891fd0e8132d060fd7bcbca23623db43d4c7393a5c,561839806dcdb8279ac4e42025bc5a82751f2588a2b2066fa84637918d8e4896,2987a546cb3f48253dcdfdc400036a68d1977eddb1012f753e54eca010acedd8,73ed0728ba3aea4548919a2c599b960f1645e1842d48afd930cc90a737aecd92,a96eee14f959c7954577e91fe17d4515a9348f0431a52c4dd9b8f37b88ac9cf5,d543101e7ea78ed2ddaba45de0ca0f44ec997e73ba696c2970de54b1e75cccfc,e40ccb491db9d0ecfe8c9e8462f713cf096279ef2b219236d05222512135b242,fb59b12e82b041c59cc8a3933745a40e92c5e89aa7df64846e5855fbd3acb00e,38669e3f0e715d12f919bbd64ba6e09fbb431145f819869ebd01d20e8fde4ed0,"[[18.0,3320],[20.0,5440]]","[[26.0,8760]]","[[""north"",""002ee4e68ba2ff1e9da7eb8f1e16c441bba47a8ad5ed36d81dc169204a2cb66d""],[""east"",""b1a28b883b4633c7b55388b5b43f571e79efcd391bc0ce6bc07019b5e25d8065""],[""south"",""c667e440b35d715226d38302c0104b35b5d5764fed6125e5bcc80d08fabf1f41""],[""west"",""2767619730916a7bca7fe58275301af35dc43db33040cad9a975264954dbabb5""]]"
mc_8ca2a85f34bc70a31bfb54567f5030c6ecabf45f1d73e075f6c393f93a1093f1,BE_TABULA_13,Terraced house,SFH,1971-1990,TABULA_standard_B_proxy,5425e9370287189ca45179f958739e4d1ea29f5439b14d2d1b6a877cf57e26a0,168.30000000000001,rcp_2_6,weather_2050_rcp_2_6_pvgis_2006,pvgis_2006,2006,2041-2060,2643480774,4,23282080,central,central,10601.85432750088,693.91791620287995,62.993786853837662,4.123101106374806,7454.6758340676697,4290.6431861017782,1422.1750970110179,161.72818062583579,4402,543,543,4402,0,4177.3899999994883,3499.9999999994884,6.4801497501321137e-11,2,residential_energy_demand_gate5_v1,4b5b7791539478f9b2562d1b176e235ac7b641e1afdc40c3d5242661d9dbed3d,4b5b7791539478f9b2562d1b176e235ac7b641e1afdc40c3d5242661d9dbed3d,2ad0e9f7bbdfe12695c931891fd0e8132d060fd7bcbca23623db43d4c7393a5c,561839806dcdb8279ac4e42025bc5a82751f2588a2b2066fa84637918d8e4896,2987a546cb3f48253dcdfdc400036a68d1977eddb1012f753e54eca010acedd8,73ed0728ba3aea4548919a2c599b960f1645e1842d48afd930cc90a737aecd92,a96eee14f959c7954577e91fe17d4515a9348f0431a52c4dd9b8f37b88ac9cf5,d543101e7ea78ed2ddaba45de0ca0f44ec997e73ba696c2970de54b1e75cccfc,e40ccb491db9d0ecfe8c9e8462f713cf096279ef2b219236d05222512135b242,fb59b12e82b041c59cc8a3933745a40e92c5e89aa7df64846e5855fbd3acb00e,38669e3f0e715d12f919bbd64ba6e09fbb431145f819869ebd01d20e8fde4ed0,"[[18.0,3159],[20.0,5601]]","[[26.0,8760]]","[[""north"",""002ee4e68ba2ff1e9da7eb8f1e16c441bba47a8ad5ed36d81dc169204a2cb66d""],[""east"",""b1a28b883b4633c7b55388b5b43f571e79efcd391bc0ce6bc07019b5e25d8065""],[""south"",""c667e440b35d715226d38302c0104b35b5d5764fed6125e5bcc80d08fabf1f41""],[""west"",""2767619730916a7bca7fe58275301af35dc43db33040cad9a975264954dbabb5""]]"
mc_1164eac64c42c7f1f3a101589bb9affd028612775a17c7c4624125a9f68dd98c,BE_TABULA_13,Terraced house,SFH,1971-1990,TABULA_standard_B_proxy,5425e9370287189ca45179f958739e4d1ea29f5439b14d2d1b6a877cf57e26a0,168.30000000000001,rcp_2_6,weather_2050_rcp_2_6_pvgis_2006,pvgis_2006,2006,2041-2060,2628022060,4,416348938,central,central,10538.042777933782,709.22980728736627,62.61463326163863,4.2140808513806665,7397.6259424493664,4093.5382650195206,1424.5168463390321,173.25593688666405,4429,564,564,4429,0,4176.7366666662492,3499.9999999995816,6.6393113229423761e-11,2,residential_energy_demand_gate5_v1,4b5b7791539478f9b2562d1b176e235ac7b641e1afdc40c3d5242661d9dbed3d,4b5b7791539478f9b2562d1b176e235ac7b641e1afdc40c3d5242661d9dbed3d,2ad0e9f7bbdfe12695c931891fd0e8132d060fd7bcbca23623db43d4c7393a5c,561839806dcdb8279ac4e42025bc5a82751f2588a2b2066fa84637918d8e4896,2987a546cb3f48253dcdfdc400036a68d1977eddb1012f753e54eca010acedd8,73ed0728ba3aea4548919a2c599b960f1645e1842d48afd930cc90a737aecd92,a96eee14f959c7954577e91fe17d4515a9348f0431a52c4dd9b8f37b88ac9cf5,d543101e7ea78ed2ddaba45de0ca0f44ec997e73ba696c2970de54b1e75cccfc,e40ccb491db9d0ecfe8c9e8462f713cf096279ef2b219236d05222512135b242,fb59b12e82b041c59cc8a3933745a40e92c5e89aa7df64846e5855fbd3acb00e,38669e3f0e715d12f919bbd64ba6e09fbb431145f819869ebd01d20e8fde4ed0,"[[18.0,3179],[20.0,5581]]","[[26.0,8760]]","[[""north"",""002ee4e68ba2ff1e9da7eb8f1e16c441bba47a8ad5ed36d81dc169204a2cb66d""],[""east"",""b1a28b883b4633c7b55388b5b43f571e79efcd391bc0ce6bc07019b5e25d8065""],[""south"",""c667e440b35d715226d38302c0104b35b5d5764fed6125e5bcc80d08fabf1f41""],[""west"",""2767619730916a7bca7fe58275301af35dc43db33040cad9a975264954dbabb5""]]"
mc_7c708ad92f0cbda9644e2cab2505a375cc4b9d420cd8e8d04a8d72a84414a050,BE_TABULA_13,Terraced house,SFH,1971-1990,TABULA_standard_B_proxy,5425e9370287189ca45179f958739e4d1ea29f5439b14d2d1b6a877cf57e26a0,168.30000000000001,rcp_2_6,weather_2050_rcp_2_6_pvgis_2006,pvgis_2006,2006,2041-2060,4036477215,2,1803229945,central,central,10570.526356002772,697.87414449200617,62.8076432323397,4.146608107498551,7613.1528881236354,3725.368597436518,1388.4558094836871,187.33022685922242,4407,534,534,4407,0,3938.5733333331214,3499.9999999997881,7.3214323492720723e-11,2,residential_energy_demand_gate5_v1,4b5b7791539478f9b2562d1b176e235ac7b641e1afdc40c3d5242661d9dbed3d,4b5b7791539478f9b2562d1b176e235ac7b641e1afdc40c3d5242661d9dbed3d,2ad0e9f7bbdfe12695c931891fd0e8132d060fd7bcbca23623db43d4c7393a5c,561839806dcdb8279ac4e42025bc5a82751f2588a2b2066fa84637918d8e4896,2987a546cb3f48253dcdfdc400036a68d1977eddb1012f753e54eca010acedd8,73ed0728ba3aea4548919a2c599b960f1645e1842d48afd930cc90a737aecd92,a96eee14f959c7954577e91fe17d4515a9348f0431a52c4dd9b8f37b88ac9cf5,d543101e7ea78ed2ddaba45de0ca0f44ec997e73ba696c2970de54b1e75cccfc,e40ccb491db9d0ecfe8c9e8462f713cf096279ef2b219236d05222512135b242,fb59b12e82b041c59cc8a3933745a40e92c5e89aa7df64846e5855fbd3acb00e,38669e3f0e715d12f919bbd64ba6e09fbb431145f819869ebd01d20e8fde4ed0,"[[18.0,3762],[20.0,4998]]","[[26.0,8760]]","[[""north"",""002ee4e68ba2ff1e9da7eb8f1e16c441bba47a8ad5ed36d81dc169204a2cb66d""],[""east"",""b1a28b883b4633c7b55388b5b43f571e79efcd391bc0ce6bc07019b5e25d8065""],[""south"",""c667e440b35d715226d38302c0104b35b5d5764fed6125e5bcc80d08fabf1f41""],[""west"",""2767619730916a7bca7fe58275301af35dc43db33040cad9a975264954dbabb5""]]"
mc_7eaeab37dd663034af156d100da3d682be16c896c928e7ca086d0333ad363374,BE_TABULA_13,Terraced house,SFH,1971-1990,TABULA_standard_B_proxy,5425e9370287189ca45179f958739e4d1ea29f5439b14d2d1b6a877cf57e26a0,168.30000000000001,rcp_2_6,weather_2050_rcp_2_6_pvgis_2006,pvgis_2006,2006,2041-2060,2406248338,3,4281637363,central,central,10594.270860437437,691.39473343056329,62.948727631832654,4.1081089330395919,7391.6703168409758,4053.7792818726184,1433.2715619499079,170.55559401625283,4448,536,536,4448,0,4061.6099999996618,3499.9999999996626,6.6393113229423761e-11,2,residential_energy_demand_gate5_v1,4b5b7791539478f9b2562d1b176e235ac7b641e1afdc40c3d5242661d9dbed3d,4b5b7791539478f9b2562d1b176e235ac7b641e1afdc40c3d5242661d9dbed3d,2ad0e9f7bbdfe12695c931891fd0e8132d060fd7bcbca23623db43d4c7393a5c,561839806dcdb8279ac4e42025bc5a82751f2588a2b2066fa84637918d8e4896,2987a546cb3f48253dcdfdc400036a68d1977eddb1012f753e54eca010acedd8,73ed0728ba3aea4548919a2c599b960f1645e1842d48afd930cc90a737aecd92,a96eee14f959c7954577e91fe17d4515a9348f0431a52c4dd9b8f37b88ac9cf5,d543101e7ea78ed2ddaba45de0ca0f44ec997e73ba696c2970de54b1e75cccfc,e40ccb491db9d0ecfe8c9e8462f713cf096279ef2b219236d05222512135b242,fb59b12e82b041c59cc8a3933745a40e92c5e89aa7df64846e5855fbd3acb00e,38669e3f0e715d12f919bbd64ba6e09fbb431145f819869ebd01d20e8fde4ed0,"[[18.0,3317],[20.0,5443]]","[[26.0,8760]]","[[""north"",""002ee4e68ba2ff1e9da7eb8f1e16c441bba47a8ad5ed36d81dc169204a2cb66d""],[""east"",""b1a28b883b4633c7b55388b5b43f571e79efcd391bc0ce6bc07019b5e25d8065""],[""south"",""c667e440b35d715226d38302c0104b35b5d5764fed6125e5bcc80d08fabf1f41""],[""west"",""2767619730916a7bca7fe58275301af35dc43db33040cad9a975264954dbabb5""]]"
mc_3636ba003fdb0bd16ecc9ee5710d50cbf23989bd56e4b12a4ac5d22834071793,BE_TABULA_13,Terraced house,SFH,1971-1990,TABULA_standard_B_proxy,5425e9370287189ca45179f958739e4d1ea29f5439b14d2d1b6a877cf57e26a0,168.30000000000001,rcp_2_6,weather_2050_rcp_2_6_pvgis_2006,pvgis_2006,2006,2041-2060,2256124716,3,2406407853,central,central,10641.800034691139,732.60073115459136,63.231135084320492,4.3529455208234777,7084.3488947979713,3940.2151832299141,1502.1564003581757,185.92911734177326,4476,565,565,4476,0,4079.4716666664995,3499.9999999998331,6.5710992203094065e-11,2,residential_energy_demand_gate5_v1,4b5b7791539478f9b2562d1b176e235ac7b641e1afdc40c3d5242661d9dbed3d,4b5b7791539478f9b2562d1b176e235ac7b641e1afdc40c3d5242661d9dbed3d,2ad0e9f7bbdfe12695c931891fd0e8132d060fd7bcbca23623db43d4c7393a5c,561839806dcdb8279ac4e42025bc5a82751f2588a2b2066fa84637918d8e4896,2987a546cb3f48253dcdfdc400036a68d1977eddb1012f753e54eca010acedd8,73ed0728ba3aea4548919a2c599b960f1645e1842d48afd930cc90a737aecd92,a96eee14f959c7954577e91fe17d4515a9348f0431a52c4dd9b8f37b88ac9cf5,d543101e7ea78ed2ddaba45de0ca0f44ec997e73ba696c2970de54b1e75cccfc,e40ccb491db9d0ecfe8c9e8462f713cf096279ef2b219236d05222512135b242,fb59b12e82b041c59cc8a3933745a40e92c5e89aa7df64846e5855fbd3acb00e,38669e3f0e715d12f919bbd64ba6e09fbb431145f819869ebd01d20e8fde4ed0,"[[18.0,3199],[20.0,5561]]","[[26.0,8760]]","[[""north"",""002ee4e68ba2ff1e9da7eb8f1e16c441bba47a8ad5ed36d81dc169204a2cb66d""],[""east"",""b1a28b883b4633c7b55388b5b43f571e79efcd391bc0ce6bc07019b5e25d8065""],[""south"",""c667e440b35d715226d38302c0104b35b5d5764fed6125e5bcc80d08fabf1f41""],[""west"",""2767619730916a7bca7fe58275301af35dc43db33040cad9a975264954dbabb5""]]"
mc_2cd87bc9bcdc1d48b85d1ca5c067bce5d6a4cd5aa011eefa9476a95c272b254a,BE_TABULA_13,Terraced house,SFH,1971-1990,TABULA_standard_B_proxy,5425e9370287189ca45179f958739e4d1ea29f5439b14d2d1b6a877cf57e26a0,168.30000000000001,rcp_2_6,weather_2050_rcp_2_6_pvgis_2006,pvgis_2006,2006,2041-2060,1716477969,4,1953031498,central,central,10565.35655739444,678.70508689115798,62.776925474714432,4.0327099637026613,7292.6410194746049,4046.5761213906549,1448.7695924124366,167.72329656754678,4390,539,539,4390,0,4198.238333331441,3499.9999999981073,6.8666849983856082e-11,2,residential_energy_demand_gate5_v1,4b5b7791539478f9b2562d1b176e235ac7b641e1afdc40c3d5242661d9dbed3d,4b5b7791539478f9b2562d1b176e235ac7b641e1afdc40c3d5242661d9dbed3d,2ad0e9f7bbdfe12695c931891fd0e8132d060fd7bcbca23623db43d4c7393a5c,561839806dcdb8279ac4e42025bc5a82751f2588a2b2066fa84637918d8e4896,2987a546cb3f48253dcdfdc400036a68d1977eddb1012f753e54eca010acedd8,73ed0728ba3aea4548919a2c599b960f1645e1842d48afd930cc90a737aecd92,a96eee14f959c7954577e91fe17d4515a9348f0431a52c4dd9b8f37b88ac9cf5,d543101e7ea78ed2ddaba45de0ca0f44ec997e73ba696c2970de54b1e75cccfc,e40ccb491db9d0ecfe8c9e8462f713cf096279ef2b219236d05222512135b242,fb59b12e82b041c59cc8a3933745a40e92c5e89aa7df64846e5855fbd3acb00e,38669e3f0e715d12f919bbd64ba6e09fbb431145f819869ebd01d20e8fde4ed0,"[[18.0,3118],[20.0,5642]]","[[26.0,8760]]","[[""north"",""002ee4e68ba2ff1e9da7eb8f1e16c441bba47a8ad5ed36d81dc169204a2cb66d""],[""east"",""b1a28b883b4633c7b55388b5b43f571e79efcd391bc0ce6bc07019b5e25d8065""],[""south"",""c667e440b35d715226d38302c0104b35b5d5764fed6125e5bcc80d08fabf1f41""],[""west"",""2767619730916a7bca7fe58275301af35dc43db33040cad9a975264954dbabb5""]]"
mc_54b176e3977e8f58158053ce0691c01aa5d86340976199c039d519744fcfd815,BE_TABULA_13,Terraced house,SFH,1971-1990,TABULA_standard_B_proxy,5425e9370287189ca45179f958739e4d1ea29f5439b14d2d1b6a877cf57e26a0,168.30000000000001,rcp_2_6,weather_2050_rcp_2_6_pvgis_2006,pvgis_2006,2006,2041-2060,3495331521,2,899247170,central,central,10534.901919628361,629.5863598678992,62.595971001951042,3.7408577532257823,7618.8239775831344,4036.7659326663434,1382.7464646282947,155.96305814344012,4429,509,509,4429,0,3940.0200000002942,3500.0000000002942,6.6620486904866993e-11,2,residential_energy_demand_gate5_v1,4b5b7791539478f9b2562d1b176e235ac7b641e1afdc40c3d5242661d9dbed3d,4b5b7791539478f9b2562d1b176e235ac7b641e1afdc40c3d5242661d9dbed3d,2ad0e9f7bbdfe12695c931891fd0e8132d060fd7bcbca23623db43d4c7393a5c,561839806dcdb8279ac4e42025bc5a82751f2588a2b2066fa84637918d8e4896,2987a546cb3f48253dcdfdc400036a68d1977eddb1012f753e54eca010acedd8,73ed0728ba3aea4548919a2c599b960f1645e1842d48afd930cc90a737aecd92,a96eee14f959c7954577e91fe17d4515a9348f0431a52c4dd9b8f37b88ac9cf5,d543101e7ea78ed2ddaba45de0ca0f44ec997e73ba696c2970de54b1e75cccfc,e40ccb491db9d0ecfe8c9e8462f713cf096279ef2b219236d05222512135b242,fb59b12e82b041c59cc8a3933745a40e92c5e89aa7df64846e5855fbd3acb00e,38669e3f0e715d12f919bbd64ba6e09fbb431145f819869ebd01d20e8fde4ed0,"[[18.0,3830],[20.0,4930]]","[[26.0,8760]]","[[""north"",""002ee4e68ba2ff1e9da7eb8f1e16c441bba47a8ad5ed36d81dc169204a2cb66d""],[""east"",""b1a28b883b4633c7b55388b5b43f571e79efcd391bc0ce6bc07019b5e25d8065""],[""south"",""c667e440b35d715226d38302c0104b35b5d5764fed6125e5bcc80d08fabf1f41""],[""west"",""2767619730916a7bca7fe58275301af35dc43db33040cad9a975264954dbabb5""]]"
mc_92b8eaeb4a4b0c4449169e456b964799cb83c8be865f8f0bb32c1917486cb6c0,BE_TABULA_13,Terraced house,SFH,1971-1990,TABULA_standard_B_proxy,5425e9370287189ca45179f958739e4d1ea29f5439b14d2d1b6a877cf57e26a0,168.30000000000001,rcp_2_6,weather_2050_rcp_2_6_pvgis_2006,pvgis_2006,2006,2041-2060,72277458,2,3121524516,central,central,10507.449293022974,655.13094925836845,62.432853790986172,3.8926378446724206,7521.5018360214872,4147.4763629872477,1396.988197583278,157.95893500560084,4430,549,549,4430,0,3926.0550000004746,3500.0000000004748,6.9121597334742546e-11,2,residential_energy_demand_gate5_v1,4b5b7791539478f9b2562d1b176e235ac7b641e1afdc40c3d5242661d9dbed3d,4b5b7791539478f9b2562d1b176e235ac7b641e1afdc40c3d5242661d9dbed3d,2ad0e9f7bbdfe12695c931891fd0e8132d060fd7bcbca23623db43d4c7393a5c,561839806dcdb8279ac4e42025bc5a82751f2588a2b2066fa84637918d8e4896,2987a546cb3f48253dcdfdc400036a68d1977eddb1012f753e54eca010acedd8,73ed0728ba3aea4548919a2c599b960f1645e1842d48afd930cc90a737aecd92,a96eee14f959c7954577e91fe17d4515a9348f0431a52c4dd9b8f37b88ac9cf5,d543101e7ea78ed2ddaba45de0ca0f44ec997e73ba696c2970de54b1e75cccfc,e40ccb491db9d0ecfe8c9e8462f713cf096279ef2b219236d05222512135b242,fb59b12e82b041c59cc8a3933745a40e92c5e89aa7df64846e5855fbd3acb00e,38669e3f0e715d12f919bbd64ba6e09fbb431145f819869ebd01d20e8fde4ed0,"[[18.0,3917],[20.0,4843]]","[[26.0,8760]]","[[""north"",""002ee4e68ba2ff1e9da7eb8f1e16c441bba47a8ad5ed36d81dc169204a2cb66d""],[""east"",""b1a28b883b4633c7b55388b5b43f571e79efcd391bc0ce6bc07019b5e25d8065""],[""south"",""c667e440b35d715226d38302c0104b35b5d5764fed6125e5bcc80d08fabf1f41""],[""west"",""2767619730916a7bca7fe58275301af35dc43db33040cad9a975264954dbabb5""]]"
mc_5765a83fcaea56528891bc8a1368e1fbeac4eb6f05b3cee0fa88b5bff0c8abc0,BE_TABULA_13,Terraced house,SFH,1971-1990,TABULA_standard_B_proxy,5425e9370287189ca45179f958739e4d1ea29f5439b14d2d1b6a877cf57e26a0,168.30000000000001,rcp_2_6,weather_2050_rcp_2_6_pvgis_2006,pvgis_2006,2006,2041-2060,1112764345,4,1629321937,central,central,10570.559151737862,681.60129483864569,62.807838097075823,4.0499185670745437,7561.5679571826449,4476.3126082313165,1397.9321764472156,152.26847508042127,4451,533,533,4451,0,4167.8816666661896,3499.999999999523,7.0940586738288403e-11,2,residential_energy_demand_gate5_v1,4b5b7791539478f9b2562d1b176e235ac7b641e1afdc40c3d5242661d9dbed3d,4b5b7791539478f9b2562d1b176e235ac7b641e1afdc40c3d5242661d9dbed3d,2ad0e9f7bbdfe12695c931891fd0e8132d060fd7bcbca23623db43d4c7393a5c,561839806dcdb8279ac4e42025bc5a82751f2588a2b2066fa84637918d8e4896,2987a546cb3f48253dcdfdc400036a68d1977eddb1012f753e54eca010acedd8,73ed0728ba3aea4548919a2c599b960f1645e1842d48afd930cc90a737aecd92,a96eee14f959c7954577e91fe17d4515a9348f0431a52c4dd9b8f37b88ac9cf5,d543101e7ea78ed2ddaba45de0ca0f44ec997e73ba696c2970de54b1e75cccfc,e40ccb491db9d0ecfe8c9e8462f713cf096279ef2b219236d05222512135b242,fb59b12e82b041c59cc8a3933745a40e92c5e89aa7df64846e5855fbd3acb00e,38669e3f0e715d12f919bbd64ba6e09fbb431145f819869ebd01d20e8fde4ed0,"[[18.0,3150],[20.0,5610]]","[[26.0,8760]]","[[""north"",""002ee4e68ba2ff1e9da7eb8f1e16c441bba47a8ad5ed36d81dc169204a2cb66d""],[""east"",""b1a28b883b4633c7b55388b5b43f571e79efcd391bc0ce6bc07019b5e25d8065""],[""south"",""c667e440b35d715226d38302c0104b35b5d5764fed6125e5bcc80d08fabf1f41""],[""west"",""2767619730916a7bca7fe58275301af35dc43db33040cad9a975264954dbabb5""]]"
mc_2e3f5dfc92081f9d727d4b63efaf61b850e7c2259a948777a7c68fd90402b390,BE_TABULA_13,Terraced house,SFH,1971-1990,TABULA_standard_B_proxy,5425e9370287189ca45179f958739e4d1ea29f5439b14d2d1b6a877cf57e26a0,168.30000000000001,rcp_2_6,weather_2050_rcp_2_6_pvgis_2006,pvgis_2006,2006,2041-2060,1434917810,4,605698252,central,central,10548.974611204818,693.02608000436192,62.679587707693507,4.1178020202279377,7741.3365202288596,3803.9136673547987,1362.6813126698896,182.18764688376456,4449,542,542,4449,0,4181.3683333330691,3499.9999999997358,6.6847860580310225e-11,2,residential_energy_demand_gate5_v1,4b5b7791539478f9b2562d1b176e235ac7b641e1afdc40c3d5242661d9dbed3d,4b5b7791539478f9b2562d1b176e235ac7b641e1afdc40c3d5242661d9dbed3d,2ad0e9f7bbdfe12695c931891fd0e8132d060fd7bcbca23623db43d4c7393a5c,561839806dcdb8279ac4e42025bc5a82751f2588a2b2066fa84637918d8e4896,2987a546cb3f48253dcdfdc400036a68d1977eddb1012f753e54eca010acedd8,73ed0728ba3aea4548919a2c599b960f1645e1842d48afd930cc90a737aecd92,a96eee14f959c7954577e91fe17d4515a9348f0431a52c4dd9b8f37b88ac9cf5,d543101e7ea78ed2ddaba45de0ca0f44ec997e73ba696c2970de54b1e75cccfc,e40ccb491db9d0ecfe8c9e8462f713cf096279ef2b219236d05222512135b242,fb59b12e82b041c59cc8a3933745a40e92c5e89aa7df64846e5855fbd3acb00e,38669e3f0e715d12f919bbd64ba6e09fbb431145f819869ebd01d20e8fde4ed0,"[[18.0,3184],[20.0,5576]]","[[26.0,8760]]","[[""north"",""002ee4e68ba2ff1e9da7eb8f1e16c441bba47a8ad5ed36d81dc169204a2cb66d""],[""east"",""b1a28b883b4633c7b55388b5b43f571e79efcd391bc0ce6bc07019b5e25d8065""],[""south"",""c667e440b35d715226d38302c0104b35b5d5764fed6125e5bcc80d08fabf1f41""],[""west"",""2767619730916a7bca7fe58275301af35dc43db33040cad9a975264954dbabb5""]]"
mc_92e6b6a0c8fd1f28739d915fd3ad18f35e5b760c503a25faba6f9866665bba06,BE_TABULA_13,Terraced house,SFH,1971-1990,TABULA_standard_B_proxy,5425e9370287189ca45179f958739e4d1ea29f5439b14d2d1b6a877cf57e26a0,168.30000000000001,rcp_2_6,weather_2050_rcp_2_6_pvgis_2006,pvgis_2006,2006,2041-2060,1707735972,3,2494229307,central,central,10568.061613336697,659.28366844664367,62.792998296712391,3.91731234965326,7252.3968635333085,4418.0910627047933,1457.181923741005,149.22364865042516,4437,517,517,4437,0,4055.4033333328766,3499.9999999995434,6.6620486904866993e-11,2,residential_energy_demand_gate5_v1,4b5b7791539478f9b2562d1b176e235ac7b641e1afdc40c3d5242661d9dbed3d,4b5b7791539478f9b2562d1b176e235ac7b641e1afdc40c3d5242661d9dbed3d,2ad0e9f7bbdfe12695c931891fd0e8132d060fd7bcbca23623db43d4c7393a5c,561839806dcdb8279ac4e42025bc5a82751f2588a2b2066fa84637918d8e4896,2987a546cb3f48253dcdfdc400036a68d1977eddb1012f753e54eca010acedd8,73ed0728ba3aea4548919a2c599b960f1645e1842d48afd930cc90a737aecd92,a96eee14f959c7954577e91fe17d4515a9348f0431a52c4dd9b8f37b88ac9cf5,d543101e7ea78ed2ddaba45de0ca0f44ec997e73ba696c2970de54b1e75cccfc,e40ccb491db9d0ecfe8c9e8462f713cf096279ef2b219236d05222512135b242,fb59b12e82b041c59cc8a3933745a40e92c5e89aa7df64846e5855fbd3acb00e,38669e3f0e715d12f919bbd64ba6e09fbb431145f819869ebd01d20e8fde4ed0,"[[18.0,3330],[20.0,5430]]","[[26.0,8760]]","[[""north"",""002ee4e68ba2ff1e9da7eb8f1e16c441bba47a8ad5ed36d81dc169204a2cb66d""],[""east"",""b1a28b883b4633c7b55388b5b43f571e79efcd391bc0ce6bc07019b5e25d8065""],[""south"",""c667e440b35d715226d38302c0104b35b5d5764fed6125e5bcc80d08fabf1f41""],[""west"",""2767619730916a7bca7fe58275301af35dc43db33040cad9a975264954dbabb5""]]"
mc_cffd34f4156ba7ab195c1db2fdf5fdc698705912ca7944e61de309d862f31263,BE_TABULA_13,Terraced house,SFH,1971-1990,TABULA_standard_B_proxy,5425e9370287189ca45179f958739e4d1ea29f5439b14d2d1b6a877cf57e26a0,168.30000000000001,rcp_2_6,weather_2050_rcp_2_6_pvgis_2006,pvgis_2006,2006,2041-2060,1203242319,3,365613225,central,central,10601.304967753489,709.96391339554827,62.99052268421562,4.2184427415065251,7365.3589372322112,4534.8008626517039,1439.34668467594,156.55900554371865,4436,543,543,4436,0,4048.7300000004452,3500.0000000004457,6.4801497501321137e-11,2,residential_energy_demand_gate5_v1,4b5b7791539478f9b2562d1b176e235ac7b641e1afdc40c3d5242661d9dbed3d,4b5b7791539478f9b2562d1b176e235ac7b641e1afdc40c3d5242661d9dbed3d,2ad0e9f7bbdfe12695c931891fd0e8132d060fd7bcbca23623db43d4c7393a5c,561839806dcdb8279ac4e42025bc5a82751f2588a2b2066fa84637918d8e4896,2987a546cb3f48253dcdfdc400036a68d1977eddb1012f753e54eca010acedd8,73ed0728ba3aea4548919a2c599b960f1645e1842d48afd930cc90a737aecd92,a96eee14f959c7954577e91fe17d4515a9348f0431a52c4dd9b8f37b88ac9cf5,d543101e7ea78ed2ddaba45de0ca0f44ec997e73ba696c2970de54b1e75cccfc,e40ccb491db9d0ecfe8c9e8462f713cf096279ef2b219236d05222512135b242,fb59b12e82b041c59cc8a3933745a40e92c5e89aa7df64846e5855fbd3acb00e,38669e3f0e715d12f919bbd64ba6e09fbb431145f819869ebd01d20e8fde4ed0,"[[18.0,3363],[20.0,5397]]","[[26.0,8760]]","[[""north"",""002ee4e68ba2ff1e9da7eb8f1e16c441bba47a8ad5ed36d81dc169204a2cb66d""],[""east"",""b1a28b883b4633c7b55388b5b43f571e79efcd391bc0ce6bc07019b5e25d8065""],[""south"",""c667e440b35d715226d38302c0104b35b5d5764fed6125e5bcc80d08fabf1f41""],[""west"",""2767619730916a7bca7fe58275301af35dc43db33040cad9a975264954dbabb5""]]"
mc_c8937365dfe451abbd14c93f2b41645e1feb4019324a6398fef651dea7fbc707,BE_TABULA_13,Terraced house,SFH,1971-1990,TABULA_standard_B_proxy,5425e9370287189ca45179f958739e4d1ea29f5439b14d2d1b6a877cf57e26a0,168.30000000000001,rcp_2_6,weather_2050_rcp_2_6_pvgis_2006,pvgis_2006,2006,2041-2060,257542045,4,1896891077,central,central,10563.88635211379,707.0213182909099,62.768189852131847,4.2009585162858576,7763.9206432536221,4457.0393374192781,1360.638115395109,158.630262101364,4417,559,559,4417,0,4176.9350000003906,3500.0000000003902,6.5483618527650833e-11,2,residential_energy_demand_gate5_v1,4b5b7791539478f9b2562d1b176e235ac7b641e1afdc40c3d5242661d9dbed3d,4b5b7791539478f9b2562d1b176e235ac7b641e1afdc40c3d5242661d9dbed3d,2ad0e9f7bbdfe12695c931891fd0e8132d060fd7bcbca23623db43d4c7393a5c,561839806dcdb8279ac4e42025bc5a82751f2588a2b2066fa84637918d8e4896,2987a546cb3f48253dcdfdc400036a68d1977eddb1012f753e54eca010acedd8,73ed0728ba3aea4548919a2c599b960f1645e1842d48afd930cc90a737aecd92,a96eee14f959c7954577e91fe17d4515a9348f0431a52c4dd9b8f37b88ac9cf5,d543101e7ea78ed2ddaba45de0ca0f44ec997e73ba696c2970de54b1e75cccfc,e40ccb491db9d0ecfe8c9e8462f713cf096279ef2b219236d05222512135b242,fb59b12e82b041c59cc8a3933745a40e92c5e89aa7df64846e5855fbd3acb00e,38669e3f0e715d12f919bbd64ba6e09fbb431145f819869ebd01d20e8fde4ed0,"[[18.0,3165],[20.0,5595]]","[[26.0,8760]]","[[""north"",""002ee4e68ba2ff1e9da7eb8f1e16c441bba47a8ad5ed36d81dc169204a2cb66d""],[""east"",""b1a28b883b4633c7b55388b5b43f571e79efcd391bc0ce6bc07019b5e25d8065""],[""south"",""c667e440b35d715226d38302c0104b35b5d5764fed6125e5bcc80d08fabf1f41""],[""west"",""2767619730916a7bca7fe58275301af35dc43db33040cad9a975264954dbabb5""]]"
mc_1416f4c2e7f0f2724ecc615a986d40dadf634e807567a7fea7c23cfef3f270ed,BE_TABULA_13,Terraced house,SFH,1971-1990,TABULA_standard_B_proxy,5425e9370287189ca45179f958739e4d1ea29f5439b14d2d1b6a877cf57e26a0,168.30000000000001,rcp_2_6,weather_2050_rcp_2_6_pvgis_2006,pvgis_2006,2006,2041-2060,1750314948,1,3931488156,central,central,10490.630046366707,646.53174933402408,62.332917684888329,3.8415433709686515,7446.8747005163659,4585.3257592807795,1408.7292277979764,141.00017823715851,4337,520,520,4337,0,3734.6400000010067,3500.0000000010073,6.4801497501321137e-11,2,residential_energy_demand_gate5_v1,4b5b7791539478f9b2562d1b176e235ac7b641e1afdc40c3d5242661d9dbed3d,4b5b7791539478f9b2562d1b176e235ac7b641e1afdc40c3d5242661d9dbed3d,2ad0e9f7bbdfe12695c931891fd0e8132d060fd7bcbca23623db43d4c7393a5c,561839806dcdb8279ac4e42025bc5a82751f2588a2b2066fa84637918d8e4896,2987a546cb3f48253dcdfdc400036a68d1977eddb1012f753e54eca010acedd8,73ed0728ba3aea4548919a2c599b960f1645e1842d48afd930cc90a737aecd92,a96eee14f959c7954577e91fe17d4515a9348f0431a52c4dd9b8f37b88ac9cf5,d543101e7ea78ed2ddaba45de0ca0f44ec997e73ba696c2970de54b1e75cccfc,e40ccb491db9d0ecfe8c9e8462f713cf096279ef2b219236d05222512135b242,fb59b12e82b041c59cc8a3933745a40e92c5e89aa7df64846e5855fbd3acb00e,38669e3f0e715d12f919bbd64ba6e09fbb431145f819869ebd01d20e8fde4ed0,"[[18.0,4549],[20.0,4211]]","[[26.0,8760]]","[[""north"",""002ee4e68ba2ff1e9da7eb8f1e16c441bba47a8ad5ed36d81dc169204a2cb66d""],[""east"",""b1a28b883b4633c7b55388b5b43f571e79efcd391bc0ce6bc07019b5e25d8065""],[""south"",""c667e440b35d715226d38302c0104b35b5d5764fed6125e5bcc80d08fabf1f41""],[""west"",""2767619730916a7bca7fe58275301af35dc43db33040cad9a975264954dbabb5""]]"
mc_b22e6e1aa4fbaadd85bbaa12cbc35df280dc96953fb6faa2a6650a4143bf619a,BE_TABULA_13,Terraced house,SFH,1971-1990,TABULA_standard_B_proxy,5425e9370287189ca45179f958739e4d1ea29f5439b14d2d1b6a877cf57e26a0,168.30000000000001,rcp_2_6,weather_2050_rcp_2_6_pvgis_2006,pvgis_2006,2006,2041-2060,2401247500,2,2178812215,central,central,10512.618457241908,654.11083165282264,62.463567779215133,3.8865765398266348,7313.2138691576993,3763.8092801168627,1437.4827053229199,173.78957937861111,4461,531,531,4461,0,3944.4416666662505,3499.9999999995848,6.9803718361072242e-11,2,residential_energy_demand_gate5_v1,4b5b7791539478f9b2562d1b176e235ac7b641e1afdc40c3d5242661d9dbed3d,4b5b7791539478f9b2562d1b176e235ac7b641e1afdc40c3d5242661d9dbed3d,2ad0e9f7bbdfe12695c931891fd0e8132d060fd7bcbca23623db43d4c7393a5c,561839806dcdb8279ac4e42025bc5a82751f2588a2b2066fa84637918d8e4896,2987a546cb3f48253dcdfdc400036a68d1977eddb1012f753e54eca010acedd8,73ed0728ba3aea4548919a2c599b960f1645e1842d48afd930cc90a737aecd92,a96eee14f959c7954577e91fe17d4515a9348f0431a52c4dd9b8f37b88ac9cf5,d543101e7ea78ed2ddaba45de0ca0f44ec997e73ba696c2970de54b1e75cccfc,e40ccb491db9d0ecfe8c9e8462f713cf096279ef2b219236d05222512135b242,fb59b12e82b041c59cc8a3933745a40e92c5e89aa7df64846e5855fbd3acb00e,38669e3f0e715d12f919bbd64ba6e09fbb431145f819869ebd01d20e8fde4ed0,"[[18.0,3739],[20.0,5021]]","[[26.0,8760]]","[[""north"",""002ee4e68ba2ff1e9da7eb8f1e16c441bba47a8ad5ed36d81dc169204a2cb66d""],[""east"",""b1a28b883b4633c7b55388b5b43f571e79efcd391bc0ce6bc07019b5e25d8065""],[""south"",""c667e440b35d715226d38302c0104b35b5d5764fed6125e5bcc80d08fabf1f41""],[""west"",""2767619730916a7bca7fe58275301af35dc43db33040cad9a975264954dbabb5""]]"
mc_c33df56875f9bd7579630a5ccf1a68176bb02afe8f4458156232d9631bbee6de,BE_TABULA_13,Terraced house,SFH,1971-1990,TABULA_standard_B_proxy,5425e9370287189ca45179f958739e4d1ea29f5439b14d2d1b6a877cf57e26a0,168.30000000000001,rcp_2_6,weather_2050_rcp_2_6_pvgis_2006,pvgis_2006,2006,2041-2060,1109499996,2,2149108299,central,central,10578.71985208478,664.70596342986141,62.856327106861428,3.9495303828274593,7370.1505860856987,3630.7082881969118,1435.3465005255962,183.07886799684721,4394,516,516,4394,0,3950.8816666665725,3499.9999999999059,7.2873262979555875e-11,2,residential_energy_demand_gate5_v1,4b5b7791539478f9b2562d1b176e235ac7b641e1afdc40c3d5242661d9dbed3d,4b5b7791539478f9b2562d1b176e235ac7b641e1afdc40c3d5242661d9dbed3d,2ad0e9f7bbdfe12695c931891fd0e8132d060fd7bcbca23623db43d4c7393a5c,561839806dcdb8279ac4e42025bc5a82751f2588a2b2066fa84637918d8e4896,2987a546cb3f48253dcdfdc400036a68d1977eddb1012f753e54eca010acedd8,73ed0728ba3aea4548919a2c599b960f1645e1842d48afd930cc90a737aecd92,a96eee14f959c7954577e91fe17d4515a9348f0431a52c4dd9b8f37b88ac9cf5,d543101e7ea78ed2ddaba45de0ca0f44ec997e73ba696c2970de54b1e75cccfc,e40ccb491db9d0ecfe8c9e8462f713cf096279ef2b219236d05222512135b242,fb59b12e82b041c59cc8a3933745a40e92c5e89aa7df64846e5855fbd3acb00e,38669e3f0e715d12f919bbd64ba6e09fbb431145f819869ebd01d20e8fde4ed0,"[[18.0,3648],[20.0,5112]]","[[26.0,8760]]","[[""north"",""002ee4e68ba2ff1e9da7eb8f1e16c441bba47a8ad5ed36d81dc169204a2cb66d""],[""east"",""b1a28b883b4633c7b55388b5b43f571e79efcd391bc0ce6bc07019b5e25d8065""],[""south"",""c667e440b35d715226d38302c0104b35b5d5764fed6125e5bcc80d08fabf1f41""],[""west"",""2767619730916a7bca7fe58275301af35dc43db33040cad9a975264954dbabb5""]]"
mc_de267bb91eea42c46e4dcc53590eb4911d6aa604c8df458f6d64dd1ba4dc8f4f,BE_TABULA_13,Terraced house,SFH,1971-1990,TABULA_standard_B_proxy,5425e9370287189ca45179f958739e4d1ea29f5439b14d2d1b6a877cf57e26a0,168.30000000000001,rcp_2_6,weather_2050_rcp_2_6_pvgis_2006,pvgis_2006,2006,2041-2060,3243227553,3,3783601543,central,central,10584.24325449951,694.81040281369667,62.88914589720445,4.1284040571223803,7501.9860652191328,4049.1782481870159,1410.8588262474125,171.59294064784427,4446,523,523,4446,0,4062.0183333325253,3499.9999999991919,6.9121597334742546e-11,2,residential_energy_demand_gate5_v1,4b5b7791539478f9b2562d1b176e235ac7b641e1afdc40c3d5242661d9dbed3d,4b5b7791539478f9b2562d1b176e235ac7b641e1afdc40c3d5242661d9dbed3d,2ad0e9f7bbdfe12695c931891fd0e8132d060fd7bcbca23623db43d4c7393a5c,561839806dcdb8279ac4e42025bc5a82751f2588a2b2066fa84637918d8e4896,2987a546cb3f48253dcdfdc400036a68d1977eddb1012f753e54eca010acedd8,73ed0728ba3aea4548919a2c599b960f1645e1842d48afd930cc90a737aecd92,a96eee14f959c7954577e91fe17d4515a9348f0431a52c4dd9b8f37b88ac9cf5,d543101e7ea78ed2ddaba45de0ca0f44ec997e73ba696c2970de54b1e75cccfc,e40ccb491db9d0ecfe8c9e8462f713cf096279ef2b219236d05222512135b242,fb59b12e82b041c59cc8a3933745a40e92c5e89aa7df64846e5855fbd3acb00e,38669e3f0e715d12f919bbd64ba6e09fbb431145f819869ebd01d20e8fde4ed0,"[[18.0,3303],[20.0,5457]]","[[26.0,8760]]","[[""north"",""002ee4e68ba2ff1e9da7eb8f1e16c441bba47a8ad5ed36d81dc169204a2cb66d""],[""east"",""b1a28b883b4633c7b55388b5b43f571e79efcd391bc0ce6bc07019b5e25d8065""],[""south"",""c667e440b35d715226d38302c0104b35b5d5764fed6125e5bcc80d08fabf1f41""],[""west"",""2767619730916a7bca7fe58275301af35dc43db33040cad9a975264954dbabb5""]]"
mc_b8ae755f2ed8a840188da3fc878e4a3a77704112cc15f863916c76bf3166bb5b,BE_TABULA_13,Terraced house,SFH,1971-1990,TABULA_standard_B_proxy,5425e9370287189ca45179f958739e4d1ea29f5439b14d2d1b6a877cf57e26a0,168.30000000000001,rcp_2_6,weather_2050_rcp_2_6_pvgis_2006,pvgis_2006,2006,2041-2060,3434026444,1,580808,central,central,10466.467269743272,654.71043516200154,62.189348007981415,3.8901392463577036,7408.7967240204889,3958.4695355070794,1412.708117069717,165.39483992217544,4322,533,533,4322,0,3733.0416666661745,3499.9999999995075,6.4687810663599521e-11,2,residential_energy_demand_gate5_v1,4b5b7791539478f9b2562d1b176e235ac7b641e1afdc40c3d5242661d9dbed3d,4b5b7791539478f9b2562d1b176e235ac7b641e1afdc40c3d5242661d9dbed3d,2ad0e9f7bbdfe12695c931891fd0e8132d060fd7bcbca23623db43d4c7393a5c,561839806dcdb8279ac4e42025bc5a82751f2588a2b2066fa84637918d8e4896,2987a546cb3f48253dcdfdc400036a68d1977eddb1012f753e54eca010acedd8,73ed0728ba3aea4548919a2c599b960f1645e1842d48afd930cc90a737aecd92,a96eee14f959c7954577e91fe17d4515a9348f0431a52c4dd9b8f37b88ac9cf5,d543101e7ea78ed2ddaba45de0ca0f44ec997e73ba696c2970de54b1e75cccfc,e40ccb491db9d0ecfe8c9e8462f713cf096279ef2b219236d05222512135b242,fb59b12e82b041c59cc8a3933745a40e92c5e89aa7df64846e5855fbd3acb00e,38669e3f0e715d12f919bbd64ba6e09fbb431145f819869ebd01d20e8fde4ed0,"[[18.0,4609],[20.0,4151]]","[[26.0,8760]]","[[""north"",""002ee4e68ba2ff1e9da7eb8f1e16c441bba47a8ad5ed36d81dc169204a2cb66d""],[""east"",""b1a28b883b4633c7b55388b5b43f571e79efcd391bc0ce6bc07019b5e25d8065""],[""south"",""c667e440b35d715226d38302c0104b35b5d5764fed6125e5bcc80d08fabf1f41""],[""west"",""2767619730916a7bca7fe58275301af35dc43db33040cad9a975264954dbabb5""]]"
mc_3421400712619eb8a477004e5ed5a7b75f9a54833febafcd642e742fc6b8de5c,BE_TABULA_13,Terraced house,SFH,1971-1990,TABULA_standard_B_proxy,5425e9370287189ca45179f958739e4d1ea29f5439b14d2d1b6a877cf57e26a0,168.30000000000001,rcp_2_6,weather_2050_rcp_2_6_pvgis_2006,pvgis_2006,2006,2041-2060,586221574,1,2222624595,central,central,10422.693254815877,638.50013265934865,61.929252850955891,3.7938213467578645,7598.9937219961803,3834.4527261110397,1371.5886124035301,166.51662656092392,4343,508,508,4343,0,3731.0233333333053,3499.9999999999727,6.7757355282083154e-11,2,residential_energy_demand_gate5_v1,4b5b7791539478f9b2562d1b176e235ac7b641e1afdc40c3d5242661d9dbed3d,4b5b7791539478f9b2562d1b176e235ac7b641e1afdc40c3d5242661d9dbed3d,2ad0e9f7bbdfe12695c931891fd0e8132d060fd7bcbca23623db43d4c7393a5c,561839806dcdb8279ac4e42025bc5a82751f2588a2b2066fa84637918d8e4896,2987a546cb3f48253dcdfdc400036a68d1977eddb1012f753e54eca010acedd8,73ed0728ba3aea4548919a2c599b960f1645e1842d48afd930cc90a737aecd92,a96eee14f959c7954577e91fe17d4515a9348f0431a52c4dd9b8f37b88ac9cf5,d543101e7ea78ed2ddaba45de0ca0f44ec997e73ba696c2970de54b1e75cccfc,e40ccb491db9d0ecfe8c9e8462f713cf096279ef2b219236d05222512135b242,fb59b12e82b041c59cc8a3933745a40e92c5e89aa7df64846e5855fbd3acb00e,38669e3f0e715d12f919bbd64ba6e09fbb431145f819869ebd01d20e8fde4ed0,"[[18.0,4628],[20.0,4132]]","[[26.0,8760]]","[[""north"",""002ee4e68ba2ff1e9da7eb8f1e16c441bba47a8ad5ed36d81dc169204a2cb66d""],[""east"",""b1a28b883b4633c7b55388b5b43f571e79efcd391bc0ce6bc07019b5e25d8065""],[""south"",""c667e440b35d715226d38302c0104b35b5d5764fed6125e5bcc80d08fabf1f41""],[""west"",""2767619730916a7bca7fe58275301af35dc43db33040cad9a975264954dbabb5""]]"
mc_6780ff54b006b1ad1fb432f999408362e86a9aa5fe6db5d8df2693473100e178,BE_TABULA_13,Terraced house,SFH,1971-1990,TABULA_standard_B_proxy,5425e9370287189ca45179f958739e4d1ea29f5439b14d2d1b6a877cf57e26a0,168.30000000000001,rcp_2_6,weather_2050_rcp_2_6_pvgis_2006,pvgis_2006,2006,2041-2060,1790489491,3,3792273481,central,central,10589.256681745646,706.52005504707142,62.918934532059687,4.1979801250568709,7304.0573755421083,3868.6553931677313,1449.7773137987858,182.62677422621476,4422,552,552,4422,0,4060.5250000006881,3500.000000000688,6.4119376474991441e-11,2,residential_energy_demand_gate5_v1,4b5b7791539478f9b2562d1b176e235ac7b641e1afdc40c3d5242661d9dbed3d,4b5b7791539478f9b2562d1b176e235ac7b641e1afdc40c3d5242661d9dbed3d,2ad0e9f7bbdfe12695c931891fd0e8132d060fd7bcbca23623db43d4c7393a5c,561839806dcdb8279ac4e42025bc5a82751f2588a2b2066fa84637918d8e4896,2987a546cb3f48253dcdfdc400036a68d1977eddb1012f753e54eca010acedd8,73ed0728ba3aea4548919a2c599b960f1645e1842d48afd930cc90a737aecd92,a96eee14f959c7954577e91fe17d4515a9348f0431a52c4dd9b8f37b88ac9cf5,d543101e7ea78ed2ddaba45de0ca0f44ec997e73ba696c2970de54b1e75cccfc,e40ccb491db9d0ecfe8c9e8462f713cf096279ef2b219236d05222512135b242,fb59b12e82b041c59cc8a3933745a40e92c5e89aa7df64846e5855fbd3acb00e,38669e3f0e715d12f919bbd64ba6e09fbb431145f819869ebd01d20e8fde4ed0,"[[18.0,3335],[20.0,5425]]","[[26.0,8760]]","[[""north"",""002ee4e68ba2ff1e9da7eb8f1e16c441bba47a8ad5ed36d81dc169204a2cb66d""],[""east"",""b1a28b883b4633c7b55388b5b43f571e79efcd391bc0ce6bc07019b5e25d8065""],[""south"",""c667e440b35d715226d38302c0104b35b5d5764fed6125e5bcc80d08fabf1f41""],[""west"",""2767619730916a7bca7fe58275301af35dc43db33040cad9a975264954dbabb5""]]"
mc_519997e8723373fa83f9a8cffad4fc252e1e0a6694bed0e417898c57cd135dd8,BE_TABULA_13,Terraced house,SFH,1971-1990,TABULA_standard_B_proxy,5425e9370287189ca45179f958739e4d1ea29f5439b14d2d1b6a877cf57e26a0,168.30000000000001,rcp_2_6,weather_2050_rcp_2_6_pvgis_2006,pvgis_2006,2006,2041-2060,3286000813,3,440025546,central,central,10579.530735268478,687.09905017722861,62.861145188761007,4.0825849683733129,7225.6680732587638,4184.2714838782686,1464.1595251824413,164.2099593261521,4404,521,521,4404,0,4042.8150000001251,3500.0000000001251,6.4574123825877905e-11,2,residential_energy_demand_gate5_v1,4b5b7791539478f9b2562d1b176e235ac7b641e1afdc40c3d5242661d9dbed3d,4b5b7791539478f9b2562d1b176e235ac7b641e1afdc40c3d5242661d9dbed3d,2ad0e9f7bbdfe12695c931891fd0e8132d060fd7bcbca23623db43d4c7393a5c,561839806dcdb8279ac4e42025bc5a82751f2588a2b2066fa84637918d8e4896,2987a546cb3f48253dcdfdc400036a68d1977eddb1012f753e54eca010acedd8,73ed0728ba3aea4548919a2c599b960f1645e1842d48afd930cc90a737aecd92,a96eee14f959c7954577e91fe17d4515a9348f0431a52c4dd9b8f37b88ac9cf5,d543101e7ea78ed2ddaba45de0ca0f44ec997e73ba696c2970de54b1e75cccfc,e40ccb491db9d0ecfe8c9e8462f713cf096279ef2b219236d05222512135b242,fb59b12e82b041c59cc8a3933745a40e92c5e89aa7df64846e5855fbd3acb00e,38669e3f0e715d12f919bbd64ba6e09fbb431145f819869ebd01d20e8fde4ed0,"[[18.0,3413],[20.0,5347]]","[[26.0,8760]]","[[""north"",""002ee4e68ba2ff1e9da7eb8f1e16c441bba47a8ad5ed36d81dc169204a2cb66d""],[""east"",""b1a28b883b4633c7b55388b5b43f571e79efcd391bc0ce6bc07019b5e25d8065""],[""south"",""c667e440b35d715226d38302c0104b35b5d5764fed6125e5bcc80d08fabf1f41""],[""west"",""2767619730916a7bca7fe58275301af35dc43db33040cad9a975264954dbabb5""]]"
mc_b16599a12278000aaff791880e9382da1dcbcf6ce4a10e02da484a3854be40cb,BE_TABULA_13,Terraced house,SFH,1971-1990,TABULA_standard_B_proxy,5425e9370287189ca45179f958739e4d1ea29f5439b14d2d1b6a877cf57e26a0,168.30000000000001,rcp_2_6,weather_2050_rcp_2_6_pvgis_2006,pvgis_2006,2006,2041-2060,3422917158,4,4221923420,central,central,10574.155004628521,692.5698162553166,62.829203830234817,4.1150910056762715,7424.5349249296178,4447.0628865318477,1424.2178279912609,155.73645660662882,4409,547,547,4409,0,4167.6950000000588,3500.0000000000591,6.9803718361072242e-11,2,residential_energy_demand_gate5_v1,4b5b7791539478f9b2562d1b176e235ac7b641e1afdc40c3d5242661d9dbed3d,4b5b7791539478f9b2562d1b176e235ac7b641e1afdc40c3d5242661d9dbed3d,2ad0e9f7bbdfe12695c931891fd0e8132d060fd7bcbca23623db43d4c7393a5c,561839806dcdb8279ac4e42025bc5a82751f2588a2b2066fa84637918d8e4896,2987a546cb3f48253dcdfdc400036a68d1977eddb1012f753e54eca010acedd8,73ed0728ba3aea4548919a2c599b960f1645e1842d48afd930cc90a737aecd92,a96eee14f959c7954577e91fe17d4515a9348f0431a52c4dd9b8f37b88ac9cf5,d543101e7ea78ed2ddaba45de0ca0f44ec997e73ba696c2970de54b1e75cccfc,e40ccb491db9d0ecfe8c9e8462f713cf096279ef2b219236d05222512135b242,fb59b12e82b041c59cc8a3933745a40e92c5e89aa7df64846e5855fbd3acb00e,38669e3f0e715d12f919bbd64ba6e09fbb431145f819869ebd01d20e8fde4ed0,"[[18.0,3224],[20.0,5536]]","[[26.0,8760]]","[[""north"",""002ee4e68ba2ff1e9da7eb8f1e16c441bba47a8ad5ed36d81dc169204a2cb66d""],[""east"",""b1a28b883b4633c7b55388b5b43f571e79efcd391bc0ce6bc07019b5e25d8065""],[""south"",""c667e440b35d715226d38302c0104b35b5d5764fed6125e5bcc80d08fabf1f41""],[""west"",""2767619730916a7bca7fe58275301af35dc43db33040cad9a975264954dbabb5""]]"
mc_92ebf8b802394d9870c576c966260c39a5d38245aa6b2e08d2c57d52f168be6b,BE_TABULA_13,Terraced house,SFH,1971-1990,TABULA_standard_B_proxy,5425e9370287189ca45179f958739e4d1ea29f5439b14d2d1b6a877cf57e26a0,168.30000000000001,rcp_2_6,weather_2050_rcp_2_6_pvgis_2006,pvgis_2006,2006,2041-2060,2634905433,2,1721980304,central,central,10571.199944298749,682.40742885242832,62.811645539505335,4.0547084304957117,7525.68349842106,4109.7110043119919,1404.6830359683156,166.04754644217869,4397,526,526,4397,0,3949.2133333330021,3499.9999999996685,7.3669070843607187e-11,2,residential_energy_demand_gate5_v1,4b5b7791539478f9b2562d1b176e235ac7b641e1afdc40c3d5242661d9dbed3d,4b5b7791539478f9b2562d1b176e235ac7b641e1afdc40c3d5242661d9dbed3d,2ad0e9f7bbdfe12695c931891fd0e8132d060fd7bcbca23623db43d4c7393a5c,561839806dcdb8279ac4e42025bc5a82751f2588a2b2066fa84637918d8e4896,2987a546cb3f48253dcdfdc400036a68d1977eddb1012f753e54eca010acedd8,73ed0728ba3aea4548919a2c599b960f1645e1842d48afd930cc90a737aecd92,a96eee14f959c7954577e91fe17d4515a9348f0431a52c4dd9b8f37b88ac9cf5,d543101e7ea78ed2ddaba45de0ca0f44ec997e73ba696c2970de54b1e75cccfc,e40ccb491db9d0ecfe8c9e8462f713cf096279ef2b219236d05222512135b242,fb59b12e82b041c59cc8a3933745a40e92c5e89aa7df64846e5855fbd3acb00e,38669e3f0e715d12f919bbd64ba6e09fbb431145f819869ebd01d20e8fde4ed0,"[[18.0,3738],[20.0,5022]]","[[26.0,8760]]","[[""north"",""002ee4e68ba2ff1e9da7eb8f1e16c441bba47a8ad5ed36d81dc169204a2cb66d""],[""east"",""b1a28b883b4633c7b55388b5b43f571e79efcd391bc0ce6bc07019b5e25d8065""],[""south"",""c667e440b35d715226d38302c0104b35b5d5764fed6125e5bcc80d08fabf1f41""],[""west"",""2767619730916a7bca7fe58275301af35dc43db33040cad9a975264954dbabb5""]]"
mc_b131fd18b7078e696ba59b1fe50cfa13433506aa04f7d9d53c1e17aca2c62809,BE_TABULA_13,Terraced house,SFH,1971-1990,TABULA_standard_B_proxy,5425e9370287189ca45179f958739e4d1ea29f5439b14d2d1b6a877cf57e26a0,168.30000000000001,rcp_2_6,weather_2050_rcp_2_6_pvgis_2006,pvgis_2006,2006,2041-2060,3836208712,2,65169178,central,central,10554.196156355451,668.04489582367012,62.710612931404931,3.9693695533194893,7789.2477523187918,3828.9577713823373,1354.9698882300356,174.4717324428708,4406,543,543,4406,0,3935.5400000007999,3500.0000000007994,6.6393113229423761e-11,2,residential_energy_demand_gate5_v1,4b5b7791539478f9b2562d1b176e235ac7b641e1afdc40c3d5242661d9dbed3d,4b5b7791539478f9b2562d1b176e235ac7b641e1afdc40c3d5242661d9dbed3d,2ad0e9f7bbdfe12695c931891fd0e8132d060fd7bcbca23623db43d4c7393a5c,561839806dcdb8279ac4e42025bc5a82751f2588a2b2066fa84637918d8e4896,2987a546cb3f48253dcdfdc400036a68d1977eddb1012f753e54eca010acedd8,73ed0728ba3aea4548919a2c599b960f1645e1842d48afd930cc90a737aecd92,a96eee14f959c7954577e91fe17d4515a9348f0431a52c4dd9b8f37b88ac9cf5,d543101e7ea78ed2ddaba45de0ca0f44ec997e73ba696c2970de54b1e75cccfc,e40ccb491db9d0ecfe8c9e8462f713cf096279ef2b219236d05222512135b242,fb59b12e82b041c59cc8a3933745a40e92c5e89aa7df64846e5855fbd3acb00e,38669e3f0e715d12f919bbd64ba6e09fbb431145f819869ebd01d20e8fde4ed0,"[[18.0,3852],[20.0,4908]]","[[26.0,8760]]","[[""north"",""002ee4e68ba2ff1e9da7eb8f1e16c441bba47a8ad5ed36d81dc169204a2cb66d""],[""east"",""b1a28b883b4633c7b55388b5b43f571e79efcd391bc0ce6bc07019b5e25d8065""],[""south"",""c667e440b35d715226d38302c0104b35b5d5764fed6125e5bcc80d08fabf1f41""],[""west"",""2767619730916a7bca7fe58275301af35dc43db33040cad9a975264954dbabb5""]]"
mc_1301512645bc506e3ded44d03a0e5d12fb0c753cc4aff12f56506e1e0d105eba,BE_TABULA_13,Terraced house,SFH,1971-1990,TABULA_standard_B_proxy,5425e9370287189ca45179f958739e4d1ea29f5439b14d2d1b6a877cf57e26a0,168.30000000000001,rcp_2_6,weather_2050_rcp_2_6_pvgis_2006,pvgis_2006,2006,2041-2060,1011976490,1,3560991697,central,central,10475.070034698107,629.96595613085174,62.240463664278707,3.7431132271589522,7578.1032869236215,3782.082403161673,1382.2812434838859,166.5658991470479,4310,508,508,4310,0,3735.7716666662341,3499.999999999568,6.5938365878537297e-11,2,residential_energy_demand_gate5_v1,4b5b7791539478f9b2562d1b176e235ac7b641e1afdc40c3d5242661d9dbed3d,4b5b7791539478f9b2562d1b176e235ac7b641e1afdc40c3d5242661d9dbed3d,2ad0e9f7bbdfe12695c931891fd0e8132d060fd7bcbca23623db43d4c7393a5c,561839806dcdb8279ac4e42025bc5a82751f2588a2b2066fa84637918d8e4896,2987a546cb3f48253dcdfdc400036a68d1977eddb1012f753e54eca010acedd8,73ed0728ba3aea4548919a2c599b960f1645e1842d48afd930cc90a737aecd92,a96eee14f959c7954577e91fe17d4515a9348f0431a52c4dd9b8f37b88ac9cf5,d543101e7ea78ed2ddaba45de0ca0f44ec997e73ba696c2970de54b1e75cccfc,e40ccb491db9d0ecfe8c9e8462f713cf096279ef2b219236d05222512135b242,fb59b12e82b041c59cc8a3933745a40e92c5e89aa7df64846e5855fbd3acb00e,38669e3f0e715d12f919bbd64ba6e09fbb431145f819869ebd01d20e8fde4ed0,"[[18.0,4584],[20.0,4176]]","[[26.0,8760]]","[[""north"",""002ee4e68ba2ff1e9da7eb8f1e16c441bba47a8ad5ed36d81dc169204a2cb66d""],[""east"",""b1a28b883b4633c7b55388b5b43f571e79efcd391bc0ce6bc07019b5e25d8065""],[""south"",""c667e440b35d715226d38302c0104b35b5d5764fed6125e5bcc80d08fabf1f41""],[""west"",""2767619730916a7bca7fe58275301af35dc43db33040cad9a975264954dbabb5""]]"
mc_b263b5e54c5893b708ded697f4846db82cd8a92f3f1c81d7590d5d0b93a133ed,BE_TABULA_13,Terraced house,SFH,1971-1990,TABULA_standard_B_proxy,5425e9370287189ca45179f958739e4d1ea29f5439b14d2d1b6a877cf57e26a0,168.30000000000001,rcp_2_6,weather_2050_rcp_2_6_pvgis_2006,pvgis_2006,2006,2041-2060,3890277953,1,1872972848,central,central,10436.950611887522,691.64646007806516,62.013966796717298,4.10960463504495,7488.0075318000536,4082.8472526149403,1393.8221305953425,169.40297230935752,4389,536,536,4389,0,3727.9199999994125,3499.999999999412,6.9462657847907394e-11,2,residential_energy_demand_gate5_v1,4b5b7791539478f9b2562d1b176e235ac7b641e1afdc40c3d5242661d9dbed3d,4b5b7791539478f9b2562d1b176e235ac7b641e1afdc40c3d5242661d9dbed3d,2ad0e9f7bbdfe12695c931891fd0e8132d060fd7bcbca23623db43d4c7393a5c,561839806dcdb8279ac4e42025bc5a82751f2588a2b2066fa84637918d8e4896,2987a546cb3f48253dcdfdc400036a68d1977eddb1012f753e54eca010acedd8,73ed0728ba3aea4548919a2c599b960f1645e1842d48afd930cc90a737aecd92,a96eee14f959c7954577e91fe17d4515a9348f0431a52c4dd9b8f37b88ac9cf5,d543101e7ea78ed2ddaba45de0ca0f44ec997e73ba696c2970de54b1e75cccfc,e40ccb491db9d0ecfe8c9e8462f713cf096279ef2b219236d05222512135b242,fb59b12e82b041c59cc8a3933745a40e92c5e89aa7df64846e5855fbd3acb00e,38669e3f0e715d12f919bbd64ba6e09fbb431145f819869ebd01d20e8fde4ed0,"[[18.0,4684],[20.0,4076]]","[[26.0,8760]]","[[""north"",""002ee4e68ba2ff1e9da7eb8f1e16c441bba47a8ad5ed36d81dc169204a2cb66d""],[""east"",""b1a28b883b4633c7b55388b5b43f571e79efcd391bc0ce6bc07019b5e25d8065""],[""south"",""c667e440b35d715226d38302c0104b35b5d5764fed6125e5bcc80d08fabf1f41""],[""west"",""2767619730916a7bca7fe58275301af35dc43db33040cad9a975264954dbabb5""]]"
mc_a2f9a72c26169bb82bfc089abebabaea1eabb76046f41630fd04136be1c129fd,BE_TABULA_13,Terraced house,SFH,1971-1990,TABULA_standard_B_proxy,5425e9370287189ca45179f958739e4d1ea29f5439b14d2d1b6a877cf57e26a0,168.30000000000001,rcp_2_6,weather_2050_rcp_2_6_pvgis_2006,pvgis_2006,2006,2041-2060,776271248,1,209885325,central,central,10434.724007383653,641.30445727862821,62.000736823432277,3.8104840004671905,7657.6213894623188,3880.9995113415757,1362.6586477287731,165.24208658221229,4379,516,516,4379,0,3732.4466666669496,3500.0000000002833,6.6393113229423761e-11,2,residential_energy_demand_gate5_v1,4b5b7791539478f9b2562d1b176e235ac7b641e1afdc40c3d5242661d9dbed3d,4b5b7791539478f9b2562d1b176e235ac7b641e1afdc40c3d5242661d9dbed3d,2ad0e9f7bbdfe12695c931891fd0e8132d060fd7bcbca23623db43d4c7393a5c,561839806dcdb8279ac4e42025bc5a82751f2588a2b2066fa84637918d8e4896,2987a546cb3f48253dcdfdc400036a68d1977eddb1012f753e54eca010acedd8,73ed0728ba3aea4548919a2c599b960f1645e1842d48afd930cc90a737aecd92,a96eee14f959c7954577e91fe17d4515a9348f0431a52c4dd9b8f37b88ac9cf5,d543101e7ea78ed2ddaba45de0ca0f44ec997e73ba696c2970de54b1e75cccfc,e40ccb491db9d0ecfe8c9e8462f713cf096279ef2b219236d05222512135b242,fb59b12e82b041c59cc8a3933745a40e92c5e89aa7df64846e5855fbd3acb00e,38669e3f0e715d12f919bbd64ba6e09fbb431145f819869ebd01d20e8fde4ed0,"[[18.0,4641],[20.0,4119]]","[[26.0,8760]]","[[""north"",""002ee4e68ba2ff1e9da7eb8f1e16c441bba47a8ad5ed36d81dc169204a2cb66d""],[""east"",""b1a28b883b4633c7b55388b5b43f571e79efcd391bc0ce6bc07019b5e25d8065""],[""south"",""c667e440b35d715226d38302c0104b35b5d5764fed6125e5bcc80d08fabf1f41""],[""west"",""2767619730916a7bca7fe58275301af35dc43db33040cad9a975264954dbabb5""]]"
mc_3f7267538d39c0a4c3c6824e16342fa0f6be81dc86b6d166a574967134885040,BE_TABULA_13,Terraced house,SFH,1971-1990,TABULA_standard_B_proxy,5425e9370287189ca45179f958739e4d1ea29f5439b14d2d1b6a877cf57e26a0,168.30000000000001,rcp_2_6,weather_2050_rcp_2_6_pvgis_2006,pvgis_2006,2006,2041-2060,1900787840,5,3270319275,central,central,10582.480026170508,723.18293032069539,62.878669198874078,4.2969871082631927,7319.5452387350497,3949.4498170253296,1445.7838132030388,183.10979093928245,4446,557,557,4446,0,4344.6900000001124,3500.0000000001128,6.5710992203094065e-11,2,residential_energy_demand_gate5_v1,4b5b7791539478f9b2562d1b176e235ac7b641e1afdc40c3d5242661d9dbed3d,4b5b7791539478f9b2562d1b176e235ac7b641e1afdc40c3d5242661d9dbed3d,2ad0e9f7bbdfe12695c931891fd0e8132d060fd7bcbca23623db43d4c7393a5c,561839806dcdb8279ac4e42025bc5a82751f2588a2b2066fa84637918d8e4896,2987a546cb3f48253dcdfdc400036a68d1977eddb1012f753e54eca010acedd8,73ed0728ba3aea4548919a2c599b960f1645e1842d48afd930cc90a737aecd92,a96eee14f959c7954577e91fe17d4515a9348f0431a52c4dd9b8f37b88ac9cf5,d543101e7ea78ed2ddaba45de0ca0f44ec997e73ba696c2970de54b1e75cccfc,e40ccb491db9d0ecfe8c9e8462f713cf096279ef2b219236d05222512135b242,fb59b12e82b041c59cc8a3933745a40e92c5e89aa7df64846e5855fbd3acb00e,38669e3f0e715d12f919bbd64ba6e09fbb431145f819869ebd01d20e8fde4ed0,"[[18.0,2748],[20.0,6012]]","[[26.0,8760]]","[[""north"",""002ee4e68ba2ff1e9da7eb8f1e16c441bba47a8ad5ed36d81dc169204a2cb66d""],[""east"",""b1a28b883b4633c7b55388b5b43f571e79efcd391bc0ce6bc07019b5e25d8065""],[""south"",""c667e440b35d715226d38302c0104b35b5d5764fed6125e5bcc80d08fabf1f41""],[""west"",""2767619730916a7bca7fe58275301af35dc43db33040cad9a975264954dbabb5""]]"
mc_9dd0fea6f9fa45cdb88b2a4f859b1501902783b086657a3cebf8b2c2f303ea3c,BE_TABULA_13,Terraced house,SFH,1971-1990,TABULA_standard_B_proxy,5425e9370287189ca45179f958739e4d1ea29f5439b14d2d1b6a877cf57e26a0,168.30000000000001,rcp_2_6,weather_2050_rcp_2_6_pvgis_2006,pvgis_2006,2006,2041-2060,1062724148,2,1904767939,central,central,10576.911778177637,693.80857893502434,62.84558394639118,4.1224514494059674,7815.7536384507921,4403.7110186835725,1353.2811124115922,157.55088742004435,4432,528,528,4432,0,3953.2850000001749,3500.0000000001751,6.6734173742588609e-11,2,residential_energy_demand_gate5_v1,4b5b7791539478f9b2562d1b176e235ac7b641e1afdc40c3d5242661d9dbed3d,4b5b7791539478f9b2562d1b176e235ac7b641e1afdc40c3d5242661d9dbed3d,2ad0e9f7bbdfe12695c931891fd0e8132d060fd7bcbca23623db43d4c7393a5c,561839806dcdb8279ac4e42025bc5a82751f2588a2b2066fa84637918d8e4896,2987a546cb3f48253dcdfdc400036a68d1977eddb1012f753e54eca010acedd8,73ed0728ba3aea4548919a2c599b960f1645e1842d48afd930cc90a737aecd92,a96eee14f959c7954577e91fe17d4515a9348f0431a52c4dd9b8f37b88ac9cf5,d543101e7ea78ed2ddaba45de0ca0f44ec997e73ba696c2970de54b1e75cccfc,e40ccb491db9d0ecfe8c9e8462f713cf096279ef2b219236d05222512135b242,fb59b12e82b041c59cc8a3933745a40e92c5e89aa7df64846e5855fbd3acb00e,38669e3f0e715d12f919bbd64ba6e09fbb431145f819869ebd01d20e8fde4ed0,"[[18.0,3713],[20.0,5047]]","[[26.0,8760]]","[[""north"",""002ee4e68ba2ff1e9da7eb8f1e16c441bba47a8ad5ed36d81dc169204a2cb66d""],[""east"",""b1a28b883b4633c7b55388b5b43f571e79efcd391bc0ce6bc07019b5e25d8065""],[""south"",""c667e440b35d715226d38302c0104b35b5d5764fed6125e5bcc80d08fabf1f41""],[""west"",""2767619730916a7bca7fe58275301af35dc43db33040cad9a975264954dbabb5""]]"
mc_45daae352cf49eb42613c54e84bb6ff717321d59f638717568cc7b04ea32aa08,BE_TABULA_13,Terraced house,SFH,1971-1990,TABULA_standard_B_proxy,5425e9370287189ca45179f958739e4d1ea29f5439b14d2d1b6a877cf57e26a0,168.30000000000001,rcp_2_6,weather_2050_rcp_2_6_pvgis_2006,pvgis_2006,2006,2041-2060,2674825830,3,914695781,central,central,10605.351266945359,697.48508439461921,63.014564865985491,4.1442964016317241,7342.7992367737052,3706.0498252550319,1444.3199282682774,188.20175585378746,4455,547,547,4455,0,4069.0299999998765,3499.9999999998768,7.3214323492720723e-11,2,residential_energy_demand_gate5_v1,4b5b7791539478f9b2562d1b176e235ac7b641e1afdc40c3d5242661d9dbed3d,4b5b7791539478f9b2562d1b176e235ac7b641e1afdc40c3d5242661d9dbed3d,2ad0e9f7bbdfe12695c931891fd0e8132d060fd7bcbca23623db43d4c7393a5c,561839806dcdb8279ac4e42025bc5a82751f2588a2b2066fa84637918d8e4896,2987a546cb3f48253dcdfdc400036a68d1977eddb1012f753e54eca010acedd8,73ed0728ba3aea4548919a2c599b960f1645e1842d48afd930cc90a737aecd92,a96eee14f959c7954577e91fe17d4515a9348f0431a52c4dd9b8f37b88ac9cf5,d543101e7ea78ed2ddaba45de0ca0f44ec997e73ba696c2970de54b1e75cccfc,e40ccb491db9d0ecfe8c9e8462f713cf096279ef2b219236d05222512135b242,fb59b12e82b041c59cc8a3933745a40e92c5e89aa7df64846e5855fbd3acb00e,38669e3f0e715d12f919bbd64ba6e09fbb431145f819869ebd01d20e8fde4ed0,"[[18.0,3347],[20.0,5413]]","[[26.0,8760]]","[[""north"",""002ee4e68ba2ff1e9da7eb8f1e16c441bba47a8ad5ed36d81dc169204a2cb66d""],[""east"",""b1a28b883b4633c7b55388b5b43f571e79efcd391bc0ce6bc07019b5e25d8065""],[""south"",""c667e440b35d715226d38302c0104b35b5d5764fed6125e5bcc80d08fabf1f41""],[""west"",""2767619730916a7bca7fe58275301af35dc43db33040cad9a975264954dbabb5""]]"
mc_3f0c02d7a2fd1a1367dad8867ff391d361726261a8a5836581301a868b0fd0db,BE_TABULA_13,Terraced house,SFH,1971-1990,TABULA_standard_B_proxy,5425e9370287189ca45179f958739e4d1ea29f5439b14d2d1b6a877cf57e26a0,168.30000000000001,rcp_2_6,weather_2050_rcp_2_6_pvgis_2006,pvgis_2006,2006,2041-2060,1053006648,1,1282721725,central,central,10487.756830181754,629.54201864689492,62.315845693296218,3.740594287860338,7608.7708014236996,3724.4164331056795,1378.3772837814167,169.03104954940247,4372,498,498,4372,0,3749.0949999995646,3499.9999999995653,6.5597305365372449e-11,2,residential_energy_demand_gate5_v1,4b5b7791539478f9b2562d1b176e235ac7b641e1afdc40c3d5242661d9dbed3d,4b5b7791539478f9b2562d1b176e235ac7b641e1afdc40c3d5242661d9dbed3d,2ad0e9f7bbdfe12695c931891fd0e8132d060fd7bcbca23623db43d4c7393a5c,561839806dcdb8279ac4e42025bc5a82751f2588a2b2066fa84637918d8e4896,2987a546cb3f48253dcdfdc400036a68d1977eddb1012f753e54eca010acedd8,73ed0728ba3aea4548919a2c599b960f1645e1842d48afd930cc90a737aecd92,a96eee14f959c7954577e91fe17d4515a9348f0431a52c4dd9b8f37b88ac9cf5,d543101e7ea78ed2ddaba45de0ca0f44ec997e73ba696c2970de54b1e75cccfc,e40ccb491db9d0ecfe8c9e8462f713cf096279ef2b219236d05222512135b242,fb59b12e82b041c59cc8a3933745a40e92c5e89aa7df64846e5855fbd3acb00e,38669e3f0e715d12f919bbd64ba6e09fbb431145f819869ebd01d20e8fde4ed0,"[[18.0,4356],[20.0,4404]]","[[26.0,8760]]","[[""north"",""002ee4e68ba2ff1e9da7eb8f1e16c441bba47a8ad5ed36d81dc169204a2cb66d""],[""east"",""b1a28b883b4633c7b55388b5b43f571e79efcd391bc0ce6bc07019b5e25d8065""],[""south"",""c667e440b35d715226d38302c0104b35b5d5764fed6125e5bcc80d08fabf1f41""],[""west"",""2767619730916a7bca7fe58275301af35dc43db33040cad9a975264954dbabb5""]]"
mc_f36431893e3ac19d7b814bd442fc7cf99bbb502a756ce6a612af6b653afd1561,BE_TABULA_13,Terraced house,SFH,1971-1990,TABULA_standard_B_proxy,5425e9370287189ca45179f958739e4d1ea29f5439b14d2d1b6a877cf57e26a0,168.30000000000001,rcp_2_6,weather_2050_rcp_2_6_pvgis_2006,pvgis_2006,2006,2041-2060,3482630119,1,2812545130,central,central,10466.429480860985,676.11294391914362,62.189123475109831,4.0173080446770264,7448.3322577447389,4494.3135859352469,1405.2044294852774,150.437420752083,4387,516,516,4387,0,3740.5316666670283,3500.0000000003615,6.4687810663599521e-11,2,residential_energy_demand_gate5_v1,4b5b7791539478f9b2562d1b176e235ac7b641e1afdc40c3d5242661d9dbed3d,4b5b7791539478f9b2562d1b176e235ac7b641e1afdc40c3d5242661d9dbed3d,2ad0e9f7bbdfe12695c931891fd0e8132d060fd7bcbca23623db43d4c7393a5c,561839806dcdb8279ac4e42025bc5a82751f2588a2b2066fa84637918d8e4896,2987a546cb3f48253dcdfdc400036a68d1977eddb1012f753e54eca010acedd8,73ed0728ba3aea4548919a2c599b960f1645e1842d48afd930cc90a737aecd92,a96eee14f959c7954577e91fe17d4515a9348f0431a52c4dd9b8f37b88ac9cf5,d543101e7ea78ed2ddaba45de0ca0f44ec997e73ba696c2970de54b1e75cccfc,e40ccb491db9d0ecfe8c9e8462f713cf096279ef2b219236d05222512135b242,fb59b12e82b041c59cc8a3933745a40e92c5e89aa7df64846e5855fbd3acb00e,38669e3f0e715d12f919bbd64ba6e09fbb431145f819869ebd01d20e8fde4ed0,"[[18.0,4493],[20.0,4267]]","[[26.0,8760]]","[[""north"",""002ee4e68ba2ff1e9da7eb8f1e16c441bba47a8ad5ed36d81dc169204a2cb66d""],[""east"",""b1a28b883b4633c7b55388b5b43f571e79efcd391bc0ce6bc07019b5e25d8065""],[""south"",""c667e440b35d715226d38302c0104b35b5d5764fed6125e5bcc80d08fabf1f41""],[""west"",""2767619730916a7bca7fe58275301af35dc43db33040cad9a975264954dbabb5""]]"
mc_c4e4793a37d01cb57021e0133691a1616f363647fd5a0cfc3f03f00444c62f11,BE_TABULA_13,Terraced house,SFH,1971-1990,TABULA_standard_B_proxy,5425e9370287189ca45179f958739e4d1ea29f5439b14d2d1b6a877cf57e26a0,168.30000000000001,rcp_2_6,weather_2050_rcp_2_6_pvgis_2006,pvgis_2006,2006,2041-2060,11823356,1,1077703118,central,central,10427.80582708162,640.68620023376866,61.959630582778487,3.8068104589053395,7576.9763172366638,3756.5372346282325,1376.2489666702111,170.55233589270532,4373,525,525,4373,0,3729.0400000003756,3500.0000000003756,6.5142558014485985e-11,2,residential_energy_demand_gate5_v1,4b5b7791539478f9b2562d1b176e235ac7b641e1afdc40c3d5242661d9dbed3d,4b5b7791539478f9b2562d1b176e235ac7b641e1afdc40c3d5242661d9dbed3d,2ad0e9f7bbdfe12695c931891fd0e8132d060fd7bcbca23623db43d4c7393a5c,561839806dcdb8279ac4e42025bc5a82751f2588a2b2066fa84637918d8e4896,2987a546cb3f48253dcdfdc400036a68d1977eddb1012f753e54eca010acedd8,73ed0728ba3aea4548919a2c599b960f1645e1842d48afd930cc90a737aecd92,a96eee14f959c7954577e91fe17d4515a9348f0431a52c4dd9b8f37b88ac9cf5,d543101e7ea78ed2ddaba45de0ca0f44ec997e73ba696c2970de54b1e75cccfc,e40ccb491db9d0ecfe8c9e8462f713cf096279ef2b219236d05222512135b242,fb59b12e82b041c59cc8a3933745a40e92c5e89aa7df64846e5855fbd3acb00e,38669e3f0e715d12f919bbd64ba6e09fbb431145f819869ebd01d20e8fde4ed0,"[[18.0,4657],[20.0,4103]]","[[26.0,8760]]","[[""north"",""002ee4e68ba2ff1e9da7eb8f1e16c441bba47a8ad5ed36d81dc169204a2cb66d""],[""east"",""b1a28b883b4633c7b55388b5b43f571e79efcd391bc0ce6bc07019b5e25d8065""],[""south"",""c667e440b35d715226d38302c0104b35b5d5764fed6125e5bcc80d08fabf1f41""],[""west"",""2767619730916a7bca7fe58275301af35dc43db33040cad9a975264954dbabb5""]]"
mc_f12716655a5f60d4a23fd98adc57b78b365093ea8b22f38447a59d98439f921e,BE_TABULA_13,Terraced house,SFH,1971-1990,TABULA_standard_B_proxy,5425e9370287189ca45179f958739e4d1ea29f5439b14d2d1b6a877cf57e26a0,168.30000000000001,rcp_2_6,weather_2050_rcp_2_6_pvgis_2006,pvgis_2006,2006,2041-2060,1148551946,1,1941304635,central,central,10440.33978440693,676.18997547084109,62.034104482512944,4.0177657484898459,7402.2389114349853,4265.4240674829571,1410.4299941303818,158.5281943302447,4466,507,507,4466,0,3730.5683333335942,3500.0000000002606,7.4578565545380116e-11,2,residential_energy_demand_gate5_v1,4b5b7791539478f9b2562d1b176e235ac7b641e1afdc40c3d5242661d9dbed3d,4b5b7791539478f9b2562d1b176e235ac7b641e1afdc40c3d5242661d9dbed3d,2ad0e9f7bbdfe12695c931891fd0e8132d060fd7bcbca23623db43d4c7393a5c,561839806dcdb8279ac4e42025bc5a82751f2588a2b2066fa84637918d8e4896,2987a546cb3f48253dcdfdc400036a68d1977eddb1012f753e54eca010acedd8,73ed0728ba3aea4548919a2c599b960f1645e1842d48afd930cc90a737aecd92,a96eee14f959c7954577e91fe17d4515a9348f0431a52c4dd9b8f37b88ac9cf5,d543101e7ea78ed2ddaba45de0ca0f44ec997e73ba696c2970de54b1e75cccfc,e40ccb491db9d0ecfe8c9e8462f713cf096279ef2b219236d05222512135b242,fb59b12e82b041c59cc8a3933745a40e92c5e89aa7df64846e5855fbd3acb00e,38669e3f0e715d12f919bbd64ba6e09fbb431145f819869ebd01d20e8fde4ed0,"[[18.0,4628],[20.0,4132]]","[[26.0,8760]]","[[""north"",""002ee4e68ba2ff1e9da7eb8f1e16c441bba47a8ad5ed36d81dc169204a2cb66d""],[""east"",""b1a28b883b4633c7b55388b5b43f571e79efcd391bc0ce6bc07019b5e25d8065""],[""south"",""c667e440b35d715226d38302c0104b35b5d5764fed6125e5bcc80d08fabf1f41""],[""west"",""2767619730916a7bca7fe58275301af35dc43db33040cad9a975264954dbabb5""]]"
mc_28164a2439cc5575974280f2446f878f9c70e0e262ef9236579eef513e43e252,BE_TABULA_13,Terraced house,SFH,1971-1990,TABULA_standard_B_proxy,5425e9370287189ca45179f958739e4d1ea29f5439b14d2d1b6a877cf57e26a0,168.30000000000001,rcp_2_6,weather_2050_rcp_2_6_pvgis_2006,pvgis_2006,2006,2041-2060,919568898,1,2362649772,central,central,10497.846434704366,637.26115366122758,62.375795809295106,3.7864596177137702,7707.3202065741816,3976.3423682200282,1362.0618001247601,160.26315006333104,4378,501,501,4378,0,3739.283333333196,3499.9999999998631,7.0372152549680322e-11,2,residential_energy_demand_gate5_v1,4b5b7791539478f9b2562d1b176e235ac7b641e1afdc40c3d5242661d9dbed3d,4b5b7791539478f9b2562d1b176e235ac7b641e1afdc40c3d5242661d9dbed3d,2ad0e9f7bbdfe12695c931891fd0e8132d060fd7bcbca23623db43d4c7393a5c,561839806dcdb8279ac4e42025bc5a82751f2588a2b2066fa84637918d8e4896,2987a546cb3f48253dcdfdc400036a68d1977eddb1012f753e54eca010acedd8,73ed0728ba3aea4548919a2c599b960f1645e1842d48afd930cc90a737aecd92,a96eee14f959c7954577e91fe17d4515a9348f0431a52c4dd9b8f37b88ac9cf5,d543101e7ea78ed2ddaba45de0ca0f44ec997e73ba696c2970de54b1e75cccfc,e40ccb491db9d0ecfe8c9e8462f713cf096279ef2b219236d05222512135b242,fb59b12e82b041c59cc8a3933745a40e92c5e89aa7df64846e5855fbd3acb00e,38669e3f0e715d12f919bbd64ba6e09fbb431145f819869ebd01d20e8fde4ed0,"[[18.0,4512],[20.0,4248]]","[[26.0,8760]]","[[""north"",""002ee4e68ba2ff1e9da7eb8f1e16c441bba47a8ad5ed36d81dc169204a2cb66d""],[""east"",""b1a28b883b4633c7b55388b5b43f571e79efcd391bc0ce6bc07019b5e25d8065""],[""south"",""c667e440b35d715226d38302c0104b35b5d5764fed6125e5bcc80d08fabf1f41""],[""west"",""2767619730916a7bca7fe58275301af35dc43db33040cad9a975264954dbabb5""]]"
mc_892d99d3aff0c4abb2ab883c593e582a2f0324c2405cf6b2df4841cd87a7d00e,BE_TABULA_13,Terraced house,SFH,1971-1990,TABULA_standard_B_proxy,5425e9370287189ca45179f958739e4d1ea29f5439b14d2d1b6a877cf57e26a0,168.30000000000001,rcp_2_6,weather_2050_rcp_2_6_pvgis_2006,pvgis_2006,2006,2041-2060,3039625071,3,5878749,central,central,10606.109645592116,690.27911442294044,63.019070977968603,4.1014801807661341,7538.4080644057049,3958.4311560852584,1406.9428923158532,174.38199306858752,4418,527,527,4418,0,4057.0950000006542,3500.0000000006539,7.3214323492720723e-11,2,residential_energy_demand_gate5_v1,4b5b7791539478f9b2562d1b176e235ac7b641e1afdc40c3d5242661d9dbed3d,4b5b7791539478f9b2562d1b176e235ac7b641e1afdc40c3d5242661d9dbed3d,2ad0e9f7bbdfe12695c931891fd0e8132d060fd7bcbca23623db43d4c7393a5c,561839806dcdb8279ac4e42025bc5a82751f2588a2b2066fa84637918d8e4896,2987a546cb3f48253dcdfdc400036a68d1977eddb1012f753e54eca010acedd8,73ed0728ba3aea4548919a2c599b960f1645e1842d48afd930cc90a737aecd92,a96eee14f959c7954577e91fe17d4515a9348f0431a52c4dd9b8f37b88ac9cf5,d543101e7ea78ed2ddaba45de0ca0f44ec997e73ba696c2970de54b1e75cccfc,e40ccb491db9d0ecfe8c9e8462f713cf096279ef2b219236d05222512135b242,fb59b12e82b041c59cc8a3933745a40e92c5e89aa7df64846e5855fbd3acb00e,38669e3f0e715d12f919bbd64ba6e09fbb431145f819869ebd01d20e8fde4ed0,"[[18.0,3349],[20.0,5411]]","[[26.0,8760]]","[[""north"",""002ee4e68ba2ff1e9da7eb8f1e16c441bba47a8ad5ed36d81dc169204a2cb66d""],[""east"",""b1a28b883b4633c7b55388b5b43f571e79efcd391bc0ce6bc07019b5e25d8065""],[""south"",""c667e440b35d715226d38302c0104b35b5d5764fed6125e5bcc80d08fabf1f41""],[""west"",""2767619730916a7bca7fe58275301af35dc43db33040cad9a975264954dbabb5""]]"
mc_f9a8c4005b29873f31c060aff2ae6b7db69ff04d8f2ff4aa70f62b7e39e4a3b8,BE_TABULA_13,Terraced house,SFH,1971-1990,TABULA_standard_B_proxy,5425e9370287189ca45179f958739e4d1ea29f5439b14d2d1b6a877cf57e26a0,168.30000000000001,rcp_2_6,weather_2050_rcp_2_6_pvgis_2006,pvgis_2006,2006,2041-2060,2908346779,1,4131552095,central,central,10465.744291013654,664.10737602902225,62.185052234186891,3.945973713779098,7493.0016794870799,4098.0416568374549,1396.7358795160537,162.05481340605209,4397,531,531,4397,0,3730.0316666673712,3500.0000000007044,6.9803718361072242e-11,2,residential_energy_demand_gate5_v1,4b5b7791539478f9b2562d1b176e235ac7b641e1afdc40c3d5242661d9dbed3d,4b5b7791539478f9b2562d1b176e235ac7b641e1afdc40c3d5242661d9dbed3d,2ad0e9f7bbdfe12695c931891fd0e8132d060fd7bcbca23623db43d4c7393a5c,561839806dcdb8279ac4e42025bc5a82751f2588a2b2066fa84637918d8e4896,2987a546cb3f48253dcdfdc400036a68d1977eddb1012f753e54eca010acedd8,73ed0728ba3aea4548919a2c599b960f1645e1842d48afd930cc90a737aecd92,a96eee14f959c7954577e91fe17d4515a9348f0431a52c4dd9b8f37b88ac9cf5,d543101e7ea78ed2ddaba45de0ca0f44ec997e73ba696c2970de54b1e75cccfc,e40ccb491db9d0ecfe8c9e8462f713cf096279ef2b219236d05222512135b242,fb59b12e82b041c59cc8a3933745a40e92c5e89aa7df64846e5855fbd3acb00e,38669e3f0e715d12f919bbd64ba6e09fbb431145f819869ebd01d20e8fde4ed0,"[[18.0,4589],[20.0,4171]]","[[26.0,8760]]","[[""north"",""002ee4e68ba2ff1e9da7eb8f1e16c441bba47a8ad5ed36d81dc169204a2cb66d""],[""east"",""b1a28b883b4633c7b55388b5b43f571e79efcd391bc0ce6bc07019b5e25d8065""],[""south"",""c667e440b35d715226d38302c0104b35b5d5764fed6125e5bcc80d08fabf1f41""],[""west"",""2767619730916a7bca7fe58275301af35dc43db33040cad9a975264954dbabb5""]]"
mc_2c59c2f47dfd6babc4a130eac185639e714cc822cb015986b91697c5fcc86c7d,BE_TABULA_13,Terraced house,SFH,1971-1990,TABULA_standard_B_proxy,5425e9370287189ca45179f958739e4d1ea29f5439b14d2d1b6a877cf57e26a0,168.30000000000001,rcp_2_6,weather_2050_rcp_2_6_pvgis_2006,pvgis_2006,2006,2041-2060,4181595953,2,250235785,central,central,10556.779373807734,670.16601671405783,62.725961817039419,3.9819727671661189,7620.8044272640564,3931.507997810776,1385.257878556755,170.46029591882649,4372,535,535,4372,0,3941.443333333189,3499.9999999998558,6.9121597334742546e-11,2,residential_energy_demand_gate5_v1,4b5b7791539478f9b2562d1b176e235ac7b641e1afdc40c3d5242661d9dbed3d,4b5b7791539478f9b2562d1b176e235ac7b641e1afdc40c3d5242661d9dbed3d,2ad0e9f7bbdfe12695c931891fd0e8132d060fd7bcbca23623db43d4c7393a5c,561839806dcdb8279ac4e42025bc5a82751f2588a2b2066fa84637918d8e4896,2987a546cb3f48253dcdfdc400036a68d1977eddb1012f753e54eca010acedd8,73ed0728ba3aea4548919a2c599b960f1645e1842d48afd930cc90a737aecd92,a96eee14f959c7954577e91fe17d4515a9348f0431a52c4dd9b8f37b88ac9cf5,d543101e7ea78ed2ddaba45de0ca0f44ec997e73ba696c2970de54b1e75cccfc,e40ccb491db9d0ecfe8c9e8462f713cf096279ef2b219236d05222512135b242,fb59b12e82b041c59cc8a3933745a40e92c5e89aa7df64846e5855fbd3acb00e,38669e3f0e715d12f919bbd64ba6e09fbb431145f819869ebd01d20e8fde4ed0,"[[18.0,3808],[20.0,4952]]","[[26.0,8760]]","[[""north"",""002ee4e68ba2ff1e9da7eb8f1e16c441bba47a8ad5ed36d81dc169204a2cb66d""],[""east"",""b1a28b883b4633c7b55388b5b43f571e79efcd391bc0ce6bc07019b5e25d8065""],[""south"",""c667e440b35d715226d38302c0104b35b5d5764fed6125e5bcc80d08fabf1f41""],[""west"",""2767619730916a7bca7fe58275301af35dc43db33040cad9a975264954dbabb5""]]"
mc_a56b35f2faa2deb7e526786e21b8789c37836941067fab4e554bc44a88832fbb,BE_TABULA_13,Terraced house,SFH,1971-1990,TABULA_standard_B_proxy,5425e9370287189ca45179f958739e4d1ea29f5439b14d2d1b6a877cf57e26a0,168.30000000000001,rcp_2_6,weather_2050_rcp_2_6_pvgis_2006,pvgis_2006,2006,2041-2060,115385883,1,263324218,central,central,10457.78169687128,625.60661652394685,62.137740326032556,3.7172110310394939,7616.2351024244745,4644.7693621040535,1373.0907142745968,134.69056647423085,4363,517,517,4363,0,3733.3449999998647,3499.9999999998649,6.4801497501321137e-11,2,residential_energy_demand_gate5_v1,4b5b7791539478f9b2562d1b176e235ac7b641e1afdc40c3d5242661d9dbed3d,4b5b7791539478f9b2562d1b176e235ac7b641e1afdc40c3d5242661d9dbed3d,2ad0e9f7bbdfe12695c931891fd0e8132d060fd7bcbca23623db43d4c7393a5c,561839806dcdb8279ac4e42025bc5a82751f2588a2b2066fa84637918d8e4896,2987a546cb3f48253dcdfdc400036a68d1977eddb1012f753e54eca010acedd8,73ed0728ba3aea4548919a2c599b960f1645e1842d48afd930cc90a737aecd92,a96eee14f959c7954577e91fe17d4515a9348f0431a52c4dd9b8f37b88ac9cf5,d543101e7ea78ed2ddaba45de0ca0f44ec997e73ba696c2970de54b1e75cccfc,e40ccb491db9d0ecfe8c9e8462f713cf096279ef2b219236d05222512135b242,fb59b12e82b041c59cc8a3933745a40e92c5e89aa7df64846e5855fbd3acb00e,38669e3f0e715d12f919bbd64ba6e09fbb431145f819869ebd01d20e8fde4ed0,"[[18.0,4582],[20.0,4178]]","[[26.0,8760]]","[[""north"",""002ee4e68ba2ff1e9da7eb8f1e16c441bba47a8ad5ed36d81dc169204a2cb66d""],[""east"",""b1a28b883b4633c7b55388b5b43f571e79efcd391bc0ce6bc07019b5e25d8065""],[""south"",""c667e440b35d715226d38302c0104b35b5d5764fed6125e5bcc80d08fabf1f41""],[""west"",""2767619730916a7bca7fe58275301af35dc43db33040cad9a975264954dbabb5""]]"
mc_10f4622663d27df4d1061b04caaeac63d68008c6561d7d8393e43917d70d3201,BE_TABULA_13,Terraced house,SFH,1971-1990,TABULA_standard_B_proxy,5425e9370287189ca45179f958739e4d1ea29f5439b14d2d1b6a877cf57e26a0,168.30000000000001,rcp_2_6,weather_2050_rcp_2_6_pvgis_2006,pvgis_2006,2006,2041-2060,1189564474,3,3720135182,central,central,10573.298553381861,690.31378884174944,62.824114993356268,4.1016862082100376,7444.4248497906419,4294.3497774038706,1420.2975739192545,160.7493158740962,4446,537,537,4446,0,4049.6400000003346,3500.0000000003342,6.6847860580310225e-11,2,residential_energy_demand_gate5_v1,4b5b7791539478f9b2562d1b176e235ac7b641e1afdc40c3d5242661d9dbed3d,4b5b7791539478f9b2562d1b176e235ac7b641e1afdc40c3d5242661d9dbed3d,2ad0e9f7bbdfe12695c931891fd0e8132d060fd7bcbca23623db43d4c7393a5c,561839806dcdb8279ac4e42025bc5a82751f2588a2b2066fa84637918d8e4896,2987a546cb3f48253dcdfdc400036a68d1977eddb1012f753e54eca010acedd8,73ed0728ba3aea4548919a2c599b960f1645e1842d48afd930cc90a737aecd92,a96eee14f959c7954577e91fe17d4515a9348f0431a52c4dd9b8f37b88ac9cf5,d543101e7ea78ed2ddaba45de0ca0f44ec997e73ba696c2970de54b1e75cccfc,e40ccb491db9d0ecfe8c9e8462f713cf096279ef2b219236d05222512135b242,fb59b12e82b041c59cc8a3933745a40e92c5e89aa7df64846e5855fbd3acb00e,38669e3f0e715d12f919bbd64ba6e09fbb431145f819869ebd01d20e8fde4ed0,"[[18.0,3338],[20.0,5422]]","[[26.0,8760]]","[[""north"",""002ee4e68ba2ff1e9da7eb8f1e16c441bba47a8ad5ed36d81dc169204a2cb66d""],[""east"",""b1a28b883b4633c7b55388b5b43f571e79efcd391bc0ce6bc07019b5e25d8065""],[""south"",""c667e440b35d715226d38302c0104b35b5d5764fed6125e5bcc80d08fabf1f41""],[""west"",""2767619730916a7bca7fe58275301af35dc43db33040cad9a975264954dbabb5""]]"
mc_10b16475946bbf51719db311b43983d4345109361c240c98666f3103a7194e43,BE_TABULA_13,Terraced house,SFH,1971-1990,TABULA_standard_B_proxy,5425e9370287189ca45179f958739e4d1ea29f5439b14d2d1b6a877cf57e26a0,168.30000000000001,rcp_2_6,weather_2050_rcp_2_6_pvgis_2006,pvgis_2006,2006,2041-2060,424842177,1,1102224402,central,central,10441.9624279952,640.10818688016411,62.043745858557337,3.8033760361269402,7394.4753010976938,3824.0152201356213,1412.1302733197465,167.39164203887825,4340,509,509,4340,0,3734.6166666667013,3500.000000000035,6.6847860580310225e-11,2,residential_energy_demand_gate5_v1,4b5b7791539478f9b2562d1b176e235ac7b641e1afdc40c3d5242661d9dbed3d,4b5b7791539478f9b2562d1b176e235ac7b641e1afdc40c3d5242661d9dbed3d,2ad0e9f7bbdfe12695c931891fd0e8132d060fd7bcbca23623db43d4c7393a5c,561839806dcdb8279ac4e42025bc5a82751f2588a2b2066fa84637918d8e4896,2987a546cb3f48253dcdfdc400036a68d1977eddb1012f753e54eca010acedd8,73ed0728ba3aea4548919a2c599b960f1645e1842d48afd930cc90a737aecd92,a96eee14f959c7954577e91fe17d4515a9348f0431a52c4dd9b8f37b88ac9cf5,d543101e7ea78ed2ddaba45de0ca0f44ec997e73ba696c2970de54b1e75cccfc,e40ccb491db9d0ecfe8c9e8462f713cf096279ef2b219236d05222512135b242,fb59b12e82b041c59cc8a3933745a40e92c5e89aa7df64846e5855fbd3acb00e,38669e3f0e715d12f919bbd64ba6e09fbb431145f819869ebd01d20e8fde4ed0,"[[18.0,4559],[20.0,4201]]","[[26.0,8760]]","[[""north"",""002ee4e68ba2ff1e9da7eb8f1e16c441bba47a8ad5ed36d81dc169204a2cb66d""],[""east"",""b1a28b883b4633c7b55388b5b43f571e79efcd391bc0ce6bc07019b5e25d8065""],[""south"",""c667e440b35d715226d38302c0104b35b5d5764fed6125e5bcc80d08fabf1f41""],[""west"",""2767619730916a7bca7fe58275301af35dc43db33040cad9a975264954dbabb5""]]"
mc_f90bf32552f24fb3c55a18ce2a0c900ddce018a5a0084c041fdb211c53eb1027,BE_TABULA_13,Terraced house,SFH,1971-1990,TABULA_standard_B_proxy,5425e9370287189ca45179f958739e4d1ea29f5439b14d2d1b6a877cf57e26a0,168.30000000000001,rcp_2_6,weather_2050_rcp_2_6_pvgis_2006,pvgis_2006,2006,2041-2060,2648616802,4,1151705822,central,central,10552.64915188878,704.77945152592042,62.701420985673074,4.1876378581456946,7305.1156232123831,4290.292657479552,1444.5560749726112,164.27304796963713,4419,535,535,4419,0,4197.0833333329056,3499.9999999995725,6.7359451350057498e-11,2,residential_energy_demand_gate5_v1,4b5b7791539478f9b2562d1b176e235ac7b641e1afdc40c3d5242661d9dbed3d,4b5b7791539478f9b2562d1b176e235ac7b641e1afdc40c3d5242661d9dbed3d,2ad0e9f7bbdfe12695c931891fd0e8132d060fd7bcbca23623db43d4c7393a5c,561839806dcdb8279ac4e42025bc5a82751f2588a2b2066fa84637918d8e4896,2987a546cb3f48253dcdfdc400036a68d1977eddb1012f753e54eca010acedd8,73ed0728ba3aea4548919a2c599b960f1645e1842d48afd930cc90a737aecd92,a96eee14f959c7954577e91fe17d4515a9348f0431a52c4dd9b8f37b88ac9cf5,d543101e7ea78ed2ddaba45de0ca0f44ec997e73ba696c2970de54b1e75cccfc,e40ccb491db9d0ecfe8c9e8462f713cf096279ef2b219236d05222512135b242,fb59b12e82b041c59cc8a3933745a40e92c5e89aa7df64846e5855fbd3acb00e,38669e3f0e715d12f919bbd64ba6e09fbb431145f819869ebd01d20e8fde4ed0,"[[18.0,3146],[20.0,5614]]","[[26.0,8760]]","[[""north"",""002ee4e68ba2ff1e9da7eb8f1e16c441bba47a8ad5ed36d81dc169204a2cb66d""],[""east"",""b1a28b883b4633c7b55388b5b43f571e79efcd391bc0ce6bc07019b5e25d8065""],[""south"",""c667e440b35d715226d38302c0104b35b5d5764fed6125e5bcc80d08fabf1f41""],[""west"",""2767619730916a7bca7fe58275301af35dc43db33040cad9a975264954dbabb5""]]"
mc_cd251c3a8f1e6d3cc906b00061bd535de1e6f5600b5ecd2a3bd08cb4047610f0,BE_TABULA_13,Terraced house,SFH,1971-1990,TABULA_standard_B_proxy,5425e9370287189ca45179f958739e4d1ea29f5439b14d2d1b6a877cf57e26a0,168.30000000000001,rcp_2_6,weather_2050_rcp_2_6_pvgis_2006,pvgis_2006,2006,2041-2060,2295453719,2,1068452540,central,central,10564.885912171272,690.53472816124952,62.774129008741959,4.1029989789735559,7187.7358305433672,3675.7270521716041,1469.8489428725436,187.86343990185139,4441,540,540,4441,0,3955.851666665556,3499.9999999988891,6.3664629124104977e-11,2,residential_energy_demand_gate5_v1,4b5b7791539478f9b2562d1b176e235ac7b641e1afdc40c3d5242661d9dbed3d,4b5b7791539478f9b2562d1b176e235ac7b641e1afdc40c3d5242661d9dbed3d,2ad0e9f7bbdfe12695c931891fd0e8132d060fd7bcbca23623db43d4c7393a5c,561839806dcdb8279ac4e42025bc5a82751f2588a2b2066fa84637918d8e4896,2987a546cb3f48253dcdfdc400036a68d1977eddb1012f753e54eca010acedd8,73ed0728ba3aea4548919a2c599b960f1645e1842d48afd930cc90a737aecd92,a96eee14f959c7954577e91fe17d4515a9348f0431a52c4dd9b8f37b88ac9cf5,d543101e7ea78ed2ddaba45de0ca0f44ec997e73ba696c2970de54b1e75cccfc,e40ccb491db9d0ecfe8c9e8462f713cf096279ef2b219236d05222512135b242,fb59b12e82b041c59cc8a3933745a40e92c5e89aa7df64846e5855fbd3acb00e,38669e3f0e715d12f919bbd64ba6e09fbb431145f819869ebd01d20e8fde4ed0,"[[18.0,3662],[20.0,5098]]","[[26.0,8760]]","[[""north"",""002ee4e68ba2ff1e9da7eb8f1e16c441bba47a8ad5ed36d81dc169204a2cb66d""],[""east"",""b1a28b883b4633c7b55388b5b43f571e79efcd391bc0ce6bc07019b5e25d8065""],[""south"",""c667e440b35d715226d38302c0104b35b5d5764fed6125e5bcc80d08fabf1f41""],[""west"",""2767619730916a7bca7fe58275301af35dc43db33040cad9a975264954dbabb5""]]"
mc_28881260881d8eb6c88e378a0f3991705c37dd10403d956e578120a4481d54f1,BE_TABULA_13,Terraced house,SFH,1971-1990,TABULA_standard_B_proxy,5425e9370287189ca45179f958739e4d1ea29f5439b14d2d1b6a877cf57e26a0,168.30000000000001,rcp_2_6,weather_2050_rcp_2_6_pvgis_2006,pvgis_2006,2006,2041-2060,3106430030,4,2948202106,central,central,10535.352928597054,694.87522599098281,62.598650793803053,4.1287892215744666,7304.3261456203772,3658.6988402293759,1442.3442653794939,189.92413869937948,4443,559,559,4443,0,4174.9633333340698,3500.0000000007371,6.5938365878537297e-11,2,residential_energy_demand_gate5_v1,4b5b7791539478f9b2562d1b176e235ac7b641e1afdc40c3d5242661d9dbed3d,4b5b7791539478f9b2562d1b176e235ac7b641e1afdc40c3d5242661d9dbed3d,2ad0e9f7bbdfe12695c931891fd0e8132d060fd7bcbca23623db43d4c7393a5c,561839806dcdb8279ac4e42025bc5a82751f2588a2b2066fa84637918d8e4896,2987a546cb3f48253dcdfdc400036a68d1977eddb1012f753e54eca010acedd8,73ed0728ba3aea4548919a2c599b960f1645e1842d48afd930cc90a737aecd92,a96eee14f959c7954577e91fe17d4515a9348f0431a52c4dd9b8f37b88ac9cf5,d543101e7ea78ed2ddaba45de0ca0f44ec997e73ba696c2970de54b1e75cccfc,e40ccb491db9d0ecfe8c9e8462f713cf096279ef2b219236d05222512135b242,fb59b12e82b041c59cc8a3933745a40e92c5e89aa7df64846e5855fbd3acb00e,38669e3f0e715d12f919bbd64ba6e09fbb431145f819869ebd01d20e8fde4ed0,"[[18.0,3226],[20.0,5534]]","[[26.0,8760]]","[[""north"",""002ee4e68ba2ff1e9da7eb8f1e16c441bba47a8ad5ed36d81dc169204a2cb66d""],[""east"",""b1a28b883b4633c7b55388b5b43f571e79efcd391bc0ce6bc07019b5e25d8065""],[""south"",""c667e440b35d715226d38302c0104b35b5d5764fed6125e5bcc80d08fabf1f41""],[""west"",""2767619730916a7bca7fe58275301af35dc43db33040cad9a975264954dbabb5""]]"
mc_6157001ca0b7fa50c89c0ebd234924469055bb07894196bff1e0267f7ac934f9,BE_TABULA_13,Terraced house,SFH,1971-1990,TABULA_standard_B_proxy,5425e9370287189ca45179f958739e4d1ea29f5439b14d2d1b6a877cf57e26a0,168.30000000000001,rcp_2_6,weather_2050_rcp_2_6_pvgis_2006,pvgis_2006,2006,2041-2060,342939150,2,547920487,central,central,10545.03059254507,673.54504548864247,62.656153253387224,4.0020501811565206,7458.312283274814,3941.0749258578635,1413.8628408188524,170.90389250644108,4426,530,530,4426,0,3949.330000000426,3500.0000000004261,6.9690031523350626e-11,2,residential_energy_demand_gate5_v1,4b5b7791539478f9b2562d1b176e235ac7b641e1afdc40c3d5242661d9dbed3d,4b5b7791539478f9b2562d1b176e235ac7b641e1afdc40c3d5242661d9dbed3d,2ad0e9f7bbdfe12695c931891fd0e8132d060fd7bcbca23623db43d4c7393a5c,561839806dcdb8279ac4e42025bc5a82751f2588a2b2066fa84637918d8e4896,2987a546cb3f48253dcdfdc400036a68d1977eddb1012f753e54eca010acedd8,73ed0728ba3aea4548919a2c599b960f1645e1842d48afd930cc90a737aecd92,a96eee14f959c7954577e91fe17d4515a9348f0431a52c4dd9b8f37b88ac9cf5,d543101e7ea78ed2ddaba45de0ca0f44ec997e73ba696c2970de54b1e75cccfc,e40ccb491db9d0ecfe8c9e8462f713cf096279ef2b219236d05222512135b242,fb59b12e82b041c59cc8a3933745a40e92c5e89aa7df64846e5855fbd3acb00e,38669e3f0e715d12f919bbd64ba6e09fbb431145f819869ebd01d20e8fde4ed0,"[[18.0,3797],[20.0,4963]]","[[26.0,8760]]","[[""north"",""002ee4e68ba2ff1e9da7eb8f1e16c441bba47a8ad5ed36d81dc169204a2cb66d""],[""east"",""b1a28b883b4633c7b55388b5b43f571e79efcd391bc0ce6bc07019b5e25d8065""],[""south"",""c667e440b35d715226d38302c0104b35b5d5764fed6125e5bcc80d08fabf1f41""],[""west"",""2767619730916a7bca7fe58275301af35dc43db33040cad9a975264954dbabb5""]]"
mc_973a6ecb8b96b8e1b0e617583aad9e52780fdcaebc19c68d56a4d2423da19b23,BE_TABULA_13,Terraced house,SFH,1971-1990,TABULA_standard_B_proxy,5425e9370287189ca45179f958739e4d1ea29f5439b14d2d1b6a877cf57e26a0,168.30000000000001,rcp_2_6,weather_2050_rcp_2_6_pvgis_2006,pvgis_2006,2006,2041-2060,928419318,1,1493054089,central,central,10495.355417145323,664.25195445806821,62.360994754279993,3.946832765645087,7632.9169913520245,4890.3353324446107,1375.0123876673094,135.8295309630675,4362,516,516,4362,0,3739.9249999998201,3499.9999999998199,6.8212102632969618e-11,2,residential_energy_demand_gate5_v1,4b5b7791539478f9b2562d1b176e235ac7b641e1afdc40c3d5242661d9dbed3d,4b5b7791539478f9b2562d1b176e235ac7b641e1afdc40c3d5242661d9dbed3d,2ad0e9f7bbdfe12695c931891fd0e8132d060fd7bcbca23623db43d4c7393a5c,561839806dcdb8279ac4e42025bc5a82751f2588a2b2066fa84637918d8e4896,2987a546cb3f48253dcdfdc400036a68d1977eddb1012f753e54eca010acedd8,73ed0728ba3aea4548919a2c599b960f1645e1842d48afd930cc90a737aecd92,a96eee14f959c7954577e91fe17d4515a9348f0431a52c4dd9b8f37b88ac9cf5,d543101e7ea78ed2ddaba45de0ca0f44ec997e73ba696c2970de54b1e75cccfc,e40ccb491db9d0ecfe8c9e8462f713cf096279ef2b219236d05222512135b242,fb59b12e82b041c59cc8a3933745a40e92c5e89aa7df64846e5855fbd3acb00e,38669e3f0e715d12f919bbd64ba6e09fbb431145f819869ebd01d20e8fde4ed0,"[[18.0,4476],[20.0,4284]]","[[26.0,8760]]","[[""north"",""002ee4e68ba2ff1e9da7eb8f1e16c441bba47a8ad5ed36d81dc169204a2cb66d""],[""east"",""b1a28b883b4633c7b55388b5b43f571e79efcd391bc0ce6bc07019b5e25d8065""],[""south"",""c667e440b35d715226d38302c0104b35b5d5764fed6125e5bcc80d08fabf1f41""],[""west"",""2767619730916a7bca7fe58275301af35dc43db33040cad9a975264954dbabb5""]]"
mc_a6db1164127db9072aea9db59fc17c77572df7a9db8113424d2f68efb7c6778d,BE_TABULA_13,Terraced house,SFH,1971-1990,TABULA_standard_B_proxy,5425e9370287189ca45179f958739e4d1ea29f5439b14d2d1b6a877cf57e26a0,168.30000000000001,rcp_2_6,weather_2050_rcp_2_6_pvgis_2006,pvgis_2006,2006,2041-2060,383233399,1,2063486046,central,central,10470.984396129505,678.6031345079374,62.216187736954865,4.0321041860245828,7593.4563343763321,4607.4941395277319,1378.9483912255234,147.28247371737172,4356,521,521,4356,0,3739.0266666663661,3499.9999999996985,6.5483618527650833e-11,2,residential_energy_demand_gate5_v1,4b5b7791539478f9b2562d1b176e235ac7b641e1afdc40c3d5242661d9dbed3d,4b5b7791539478f9b2562d1b176e235ac7b641e1afdc40c3d5242661d9dbed3d,2ad0e9f7bbdfe12695c931891fd0e8132d060fd7bcbca23623db43d4c7393a5c,561839806dcdb8279ac4e42025bc5a82751f2588a2b2066fa84637918d8e4896,2987a546cb3f48253dcdfdc400036a68d1977eddb1012f753e54eca010acedd8,73ed0728ba3aea4548919a2c599b960f1645e1842d48afd930cc90a737aecd92,a96eee14f959c7954577e91fe17d4515a9348f0431a52c4dd9b8f37b88ac9cf5,d543101e7ea78ed2ddaba45de0ca0f44ec997e73ba696c2970de54b1e75cccfc,e40ccb491db9d0ecfe8c9e8462f713cf096279ef2b219236d05222512135b242,fb59b12e82b041c59cc8a3933745a40e92c5e89aa7df64846e5855fbd3acb00e,38669e3f0e715d12f919bbd64ba6e09fbb431145f819869ebd01d20e8fde4ed0,"[[18.0,4541],[20.0,4219]]","[[26.0,8760]]","[[""north"",""002ee4e68ba2ff1e9da7eb8f1e16c441bba47a8ad5ed36d81dc169204a2cb66d""],[""east"",""b1a28b883b4633c7b55388b5b43f571e79efcd391bc0ce6bc07019b5e25d8065""],[""south"",""c667e440b35d715226d38302c0104b35b5d5764fed6125e5bcc80d08fabf1f41""],[""west"",""2767619730916a7bca7fe58275301af35dc43db33040cad9a975264954dbabb5""]]"
mc_d9204d4b37b7dcfc9517d553ce909721c68ba1efac09dd6a400d5ee71411295f,BE_TABULA_13,Terraced house,SFH,1971-1990,TABULA_standard_B_proxy,5425e9370287189ca45179f958739e4d1ea29f5439b14d2d1b6a877cf57e26a0,168.30000000000001,rcp_2_6,weather_2050_rcp_2_6_pvgis_2006,pvgis_2006,2006,2041-2060,2361976829,2,839684546,central,central,10556.597867990859,689.32592182959979,62.724883351104324,4.0958165289934625,7362.1263021779059,3795.2429567579138,1433.9061073793241,181.62893118664962,4430,545,545,4430,0,3941.6416666661894,3499.999999999523,6.2755134422332048e-11,2,residential_energy_demand_gate5_v1,4b5b7791539478f9b2562d1b176e235ac7b641e1afdc40c3d5242661d9dbed3d,4b5b7791539478f9b2562d1b176e235ac7b641e1afdc40c3d5242661d9dbed3d,2ad0e9f7bbdfe12695c931891fd0e8132d060fd7bcbca23623db43d4c7393a5c,561839806dcdb8279ac4e42025bc5a82751f2588a2b2066fa84637918d8e4896,2987a546cb3f48253dcdfdc400036a68d1977eddb1012f753e54eca010acedd8,73ed0728ba3aea4548919a2c599b960f1645e1842d48afd930cc90a737aecd92,a96eee14f959c7954577e91fe17d4515a9348f0431a52c4dd9b8f37b88ac9cf5,d543101e7ea78ed2ddaba45de0ca0f44ec997e73ba696c2970de54b1e75cccfc,e40ccb491db9d0ecfe8c9e8462f713cf096279ef2b219236d05222512135b242,fb59b12e82b041c59cc8a3933745a40e92c5e89aa7df64846e5855fbd3acb00e,38669e3f0e715d12f919bbd64ba6e09fbb431145f819869ebd01d20e8fde4ed0,"[[18.0,3789],[20.0,4971]]","[[26.0,8760]]","[[""north"",""002ee4e68ba2ff1e9da7eb8f1e16c441bba47a8ad5ed36d81dc169204a2cb66d""],[""east"",""b1a28b883b4633c7b55388b5b43f571e79efcd391bc0ce6bc07019b5e25d8065""],[""south"",""c667e440b35d715226d38302c0104b35b5d5764fed6125e5bcc80d08fabf1f41""],[""west"",""2767619730916a7bca7fe58275301af35dc43db33040cad9a975264954dbabb5""]]"
mc_e067f26643efb14de90751ea98612288886ef9cbcbc9585cf08e178705dcfd10,BE_TABULA_13,Terraced house,SFH,1971-1990,TABULA_standard_B_proxy,5425e9370287189ca45179f958739e4d1ea29f5439b14d2d1b6a877cf57e26a0,168.30000000000001,rcp_2_6,weather_2050_rcp_2_6_pvgis_2006,pvgis_2006,2006,2041-2060,723624264,5,1555883653,central,central,10546.14078306679,713.64155625972819,62.66274975084248,4.2402944519294605,7120.2936543723772,4214.3354163369122,1481.1384607137227,169.33667725954837,4447,564,564,4447,0,4330.8649999996742,3499.9999999996744,6.8894223659299314e-11,2,residential_energy_demand_gate5_v1,4b5b7791539478f9b2562d1b176e235ac7b641e1afdc40c3d5242661d9dbed3d,4b5b7791539478f9b2562d1b176e235ac7b641e1afdc40c3d5242661d9dbed3d,2ad0e9f7bbdfe12695c931891fd0e8132d060fd7bcbca23623db43d4c7393a5c,561839806dcdb8279ac4e42025bc5a82751f2588a2b2066fa84637918d8e4896,2987a546cb3f48253dcdfdc400036a68d1977eddb1012f753e54eca010acedd8,73ed0728ba3aea4548919a2c599b960f1645e1842d48afd930cc90a737aecd92,a96eee14f959c7954577e91fe17d4515a9348f0431a52c4dd9b8f37b88ac9cf5,d543101e7ea78ed2ddaba45de0ca0f44ec997e73ba696c2970de54b1e75cccfc,e40ccb491db9d0ecfe8c9e8462f713cf096279ef2b219236d05222512135b242,fb59b12e82b041c59cc8a3933745a40e92c5e89aa7df64846e5855fbd3acb00e,38669e3f0e715d12f919bbd64ba6e09fbb431145f819869ebd01d20e8fde4ed0,"[[18.0,2811],[20.0,5949]]","[[26.0,8760]]","[[""north"",""002ee4e68ba2ff1e9da7eb8f1e16c441bba47a8ad5ed36d81dc169204a2cb66d""],[""east"",""b1a28b883b4633c7b55388b5b43f571e79efcd391bc0ce6bc07019b5e25d8065""],[""south"",""c667e440b35d715226d38302c0104b35b5d5764fed6125e5bcc80d08fabf1f41""],[""west"",""2767619730916a7bca7fe58275301af35dc43db33040cad9a975264954dbabb5""]]"
mc_75aa86c2d1759b83aeab57372db2baa226037cd1d3450bfb27ae6019a90d5b2d,BE_TABULA_13,Terraced house,SFH,1971-1990,TABULA_standard_B_proxy,5425e9370287189ca45179f958739e4d1ea29f5439b14d2d1b6a877cf57e26a0,168.30000000000001,rcp_2_6,weather_2050_rcp_2_6_pvgis_2006,pvgis_2006,2006,2041-2060,4113141974,2,1158652197,central,central,10583.535885012201,677.73030903838207,62.884942869947714,4.0269180572690555,7602.2951678596055,4076.7123863031125,1392.1500877467183,166.2443274917828,4356,530,530,4356,0,3952.0716666665116,3499.9999999998445,6.9690031523350626e-11,2,residential_energy_demand_gate5_v1,4b5b7791539478f9b2562d1b176e235ac7b641e1afdc40c3d5242661d9dbed3d,4b5b7791539478f9b2562d1b176e235ac7b641e1afdc40c3d5242661d9dbed3d,2ad0e9f7bbdfe12695c931891fd0e8132d060fd7bcbca23623db43d4c7393a5c,561839806dcdb8279ac4e42025bc5a82751f2588a2b2066fa84637918d8e4896,2987a546cb3f48253dcdfdc400036a68d1977eddb1012f753e54eca010acedd8,73ed0728ba3aea4548919a2c599b960f1645e1842d48afd930cc90a737aecd92,a96eee14f959c7954577e91fe17d4515a9348f0431a52c4dd9b8f37b88ac9cf5,d543101e7ea78ed2ddaba45de0ca0f44ec997e73ba696c2970de54b1e75cccfc,e40ccb491db9d0ecfe8c9e8462f713cf096279ef2b219236d05222512135b242,fb59b12e82b041c59cc8a3933745a40e92c5e89aa7df64846e5855fbd3acb00e,38669e3f0e715d12f919bbd64ba6e09fbb431145f819869ebd01d20e8fde4ed0,"[[18.0,3676],[20.0,5084]]","[[26.0,8760]]","[[""north"",""002ee4e68ba2ff1e9da7eb8f1e16c441bba47a8ad5ed36d81dc169204a2cb66d""],[""east"",""b1a28b883b4633c7b55388b5b43f571e79efcd391bc0ce6bc07019b5e25d8065""],[""south"",""c667e440b35d715226d38302c0104b35b5d5764fed6125e5bcc80d08fabf1f41""],[""west"",""2767619730916a7bca7fe58275301af35dc43db33040cad9a975264954dbabb5""]]"
mc_4058be5603b82ded05573cf29fdde7b12221adfc08ca7d5bdec16d0fafec74a1,BE_TABULA_13,Terraced house,SFH,1971-1990,TABULA_standard_B_proxy,5425e9370287189ca45179f958739e4d1ea29f5439b14d2d1b6a877cf57e26a0,168.30000000000001,rcp_2_6,weather_2050_rcp_2_6_pvgis_2006,pvgis_2006,2006,2041-2060,165987770,2,1660718897,central,central,10563.721743972537,683.80887463682666,62.767211788309787,4.0630354999217264,7415.5355980152563,3932.1545470046558,1424.5392803184552,173.90183078071601,4380,540,540,4380,0,3954.6033333331116,3499.9999999997785,6.9917405198793858e-11,2,residential_energy_demand_gate5_v1,4b5b7791539478f9b2562d1b176e235ac7b641e1afdc40c3d5242661d9dbed3d,4b5b7791539478f9b2562d1b176e235ac7b641e1afdc40c3d5242661d9dbed3d,2ad0e9f7bbdfe12695c931891fd0e8132d060fd7bcbca23623db43d4c7393a5c,561839806dcdb8279ac4e42025bc5a82751f2588a2b2066fa84637918d8e4896,2987a546cb3f48253dcdfdc400036a68d1977eddb1012f753e54eca010acedd8,73ed0728ba3aea4548919a2c599b960f1645e1842d48afd930cc90a737aecd92,a96eee14f959c7954577e91fe17d4515a9348f0431a52c4dd9b8f37b88ac9cf5,d543101e7ea78ed2ddaba45de0ca0f44ec997e73ba696c2970de54b1e75cccfc,e40ccb491db9d0ecfe8c9e8462f713cf096279ef2b219236d05222512135b242,fb59b12e82b041c59cc8a3933745a40e92c5e89aa7df64846e5855fbd3acb00e,38669e3f0e715d12f919bbd64ba6e09fbb431145f819869ebd01d20e8fde4ed0,"[[18.0,3753],[20.0,5007]]","[[26.0,8760]]","[[""north"",""002ee4e68ba2ff1e9da7eb8f1e16c441bba47a8ad5ed36d81dc169204a2cb66d""],[""east"",""b1a28b883b4633c7b55388b5b43f571e79efcd391bc0ce6bc07019b5e25d8065""],[""south"",""c667e440b35d715226d38302c0104b35b5d5764fed6125e5bcc80d08fabf1f41""],[""west"",""2767619730916a7bca7fe58275301af35dc43db33040cad9a975264954dbabb5""]]"
mc_b520e58e3cb106bd55f2d4d1acbd3f538ae620840188a5e6a78e0d5b6e2c4937,BE_TABULA_13,Terraced house,SFH,1971-1990,TABULA_standard_B_proxy,5425e9370287189ca45179f958739e4d1ea29f5439b14d2d1b6a877cf57e26a0,168.30000000000001,rcp_2_6,weather_2050_rcp_2_6_pvgis_2006,pvgis_2006,2006,2041-2060,4048212796,4,3652768753,central,central,10567.45498156651,704.166449915817,62.78939382986637,4.1839955431718181,7501.9986447685087,3907.7531015261584,1408.6186204439916,180.19727235090861,4418,547,547,4418,0,4185.6383333318263,3499.9999999984934,6.7529981606639922e-11,2,residential_energy_demand_gate5_v1,4b5b7791539478f9b2562d1b176e235ac7b641e1afdc40c3d5242661d9dbed3d,4b5b7791539478f9b2562d1b176e235ac7b641e1afdc40c3d5242661d9dbed3d,2ad0e9f7bbdfe12695c931891fd0e8132d060fd7bcbca23623db43d4c7393a5c,561839806dcdb8279ac4e42025bc5a82751f2588a2b2066fa84637918d8e4896,2987a546cb3f48253dcdfdc400036a68d1977eddb1012f753e54eca010acedd8,73ed0728ba3aea4548919a2c599b960f1645e1842d48afd930cc90a737aecd92,a96eee14f959c7954577e91fe17d4515a9348f0431a52c4dd9b8f37b88ac9cf5,d543101e7ea78ed2ddaba45de0ca0f44ec997e73ba696c2970de54b1e75cccfc,e40ccb491db9d0ecfe8c9e8462f713cf096279ef2b219236d05222512135b242,fb59b12e82b041c59cc8a3933745a40e92c5e89aa7df64846e5855fbd3acb00e,38669e3f0e715d12f919bbd64ba6e09fbb431145f819869ebd01d20e8fde4ed0,"[[18.0,3169],[20.0,5591]]","[[26.0,8760]]","[[""north"",""002ee4e68ba2ff1e9da7eb8f1e16c441bba47a8ad5ed36d81dc169204a2cb66d""],[""east"",""b1a28b883b4633c7b55388b5b43f571e79efcd391bc0ce6bc07019b5e25d8065""],[""south"",""c667e440b35d715226d38302c0104b35b5d5764fed6125e5bcc80d08fabf1f41""],[""west"",""2767619730916a7bca7fe58275301af35dc43db33040cad9a975264954dbabb5""]]"
mc_ef5dee1a4f645ec88e8d342b1b5fa18cb0dd503da8156605698a95b2d21892e5,BE_TABULA_13,Terraced house,SFH,1971-1990,TABULA_standard_B_proxy,5425e9370287189ca45179f958739e4d1ea29f5439b14d2d1b6a877cf57e26a0,168.30000000000001,rcp_2_6,weather_2050_rcp_2_6_pvgis_2006,pvgis_2006,2006,2041-2060,80031975,4,482579599,central,central,10511.359481818021,677.63479625699199,62.456087235995369,4.0263505422281165,7357.7390924432693,3780.5277267868269,1428.6126960676904,179.24344039474411,4454,547,547,4454,0,4180.458333333183,3499.9999999998495,7.0258465711958706e-11,2,residential_energy_demand_gate5_v1,4b5b7791539478f9b2562d1b176e235ac7b641e1afdc40c3d5242661d9dbed3d,4b5b7791539478f9b2562d1b176e235ac7b641e1afdc40c3d5242661d9dbed3d,2ad0e9f7bbdfe12695c931891fd0e8132d060fd7bcbca23623db43d4c7393a5c,561839806dcdb8279ac4e42025bc5a82751f2588a2b2066fa84637918d8e4896,2987a546cb3f48253dcdfdc400036a68d1977eddb1012f753e54eca010acedd8,73ed0728ba3aea4548919a2c599b960f1645e1842d48afd930cc90a737aecd92,a96eee14f959c7954577e91fe17d4515a9348f0431a52c4dd9b8f37b88ac9cf5,d543101e7ea78ed2ddaba45de0ca0f44ec997e73ba696c2970de54b1e75cccfc,e40ccb491db9d0ecfe8c9e8462f713cf096279ef2b219236d05222512135b242,fb59b12e82b041c59cc8a3933745a40e92c5e89aa7df64846e5855fbd3acb00e,38669e3f0e715d12f919bbd64ba6e09fbb431145f819869ebd01d20e8fde4ed0,"[[18.0,3196],[20.0,5564]]","[[26.0,8760]]","[[""north"",""002ee4e68ba2ff1e9da7eb8f1e16c441bba47a8ad5ed36d81dc169204a2cb66d""],[""east"",""b1a28b883b4633c7b55388b5b43f571e79efcd391bc0ce6bc07019b5e25d8065""],[""south"",""c667e440b35d715226d38302c0104b35b5d5764fed6125e5bcc80d08fabf1f41""],[""west"",""2767619730916a7bca7fe58275301af35dc43db33040cad9a975264954dbabb5""]]"
mc_9239083c09e097fd17a76a06b1f58a608da0b8a8da72d6880986d139f8b01102,BE_TABULA_13,Terraced house,SFH,1971-1990,TABULA_standard_B_proxy,5425e9370287189ca45179f958739e4d1ea29f5439b14d2d1b6a877cf57e26a0,168.30000000000001,rcp_2_6,weather_2050_rcp_2_6_pvgis_2006,pvgis_2006,2006,2041-2060,2116466165,4,600067131,central,central,10536.38380929847,705.29144567999765,62.604776050495957,4.1906800099821604,7355.9911851930738,3881.6875414564483,1432.3540559030619,181.69711965414021,4405,536,536,4405,0,4177.5883333328884,3499.9999999995548,7.1850081440061331e-11,2,residential_energy_demand_gate5_v1,4b5b7791539478f9b2562d1b176e235ac7b641e1afdc40c3d5242661d9dbed3d,4b5b7791539478f9b2562d1b176e235ac7b641e1afdc40c3d5242661d9dbed3d,2ad0e9f7bbdfe12695c931891fd0e8132d060fd7bcbca23623db43d4c7393a5c,561839806dcdb8279ac4e42025bc5a82751f2588a2b2066fa84637918d8e4896,2987a546cb3f48253dcdfdc400036a68d1977eddb1012f753e54eca010acedd8,73ed0728ba3aea4548919a2c599b960f1645e1842d48afd930cc90a737aecd92,a96eee14f959c7954577e91fe17d4515a9348f0431a52c4dd9b8f37b88ac9cf5,d543101e7ea78ed2ddaba45de0ca0f44ec997e73ba696c2970de54b1e75cccfc,e40ccb491db9d0ecfe8c9e8462f713cf096279ef2b219236d05222512135b242,fb59b12e82b041c59cc8a3933745a40e92c5e89aa7df64846e5855fbd3acb00e,38669e3f0e715d12f919bbd64ba6e09fbb431145f819869ebd01d20e8fde4ed0,"[[18.0,3198],[20.0,5562]]","[[26.0,8760]]","[[""north"",""002ee4e68ba2ff1e9da7eb8f1e16c441bba47a8ad5ed36d81dc169204a2cb66d""],[""east"",""b1a28b883b4633c7b55388b5b43f571e79efcd391bc0ce6bc07019b5e25d8065""],[""south"",""c667e440b35d715226d38302c0104b35b5d5764fed6125e5bcc80d08fabf1f41""],[""west"",""2767619730916a7bca7fe58275301af35dc43db33040cad9a975264954dbabb5""]]"
mc_a5f212217a7b3d5ffbab01db7a288b44c3697878f0cba2eaaac958ee2226619f,BE_TABULA_13,Terraced house,SFH,1971-1990,TABULA_standard_B_proxy,5425e9370287189ca45179f958739e4d1ea29f5439b14d2d1b6a877cf57e26a0,168.30000000000001,rcp_2_6,weather_2050_rcp_2_6_pvgis_2006,pvgis_2006,2006,2041-2060,4202739625,2,4291519983,central,central,10587.214867643703,691.81848448719848,62.906802540960797,4.110626764629818,7787.1725038853529,3742.097820549438,1359.5711231979631,184.87450560167918,4394,535,535,4394,0,3957.0999999994588,3499.9999999994589,6.5142558014485985e-11,2,residential_energy_demand_gate5_v1,4b5b7791539478f9b2562d1b176e235ac7b641e1afdc40c3d5242661d9dbed3d,4b5b7791539478f9b2562d1b176e235ac7b641e1afdc40c3d5242661d9dbed3d,2ad0e9f7bbdfe12695c931891fd0e8132d060fd7bcbca23623db43d4c7393a5c,561839806dcdb8279ac4e42025bc5a82751f2588a2b2066fa84637918d8e4896,2987a546cb3f48253dcdfdc400036a68d1977eddb1012f753e54eca010acedd8,73ed0728ba3aea4548919a2c599b960f1645e1842d48afd930cc90a737aecd92,a96eee14f959c7954577e91fe17d4515a9348f0431a52c4dd9b8f37b88ac9cf5,d543101e7ea78ed2ddaba45de0ca0f44ec997e73ba696c2970de54b1e75cccfc,e40ccb491db9d0ecfe8c9e8462f713cf096279ef2b219236d05222512135b242,fb59b12e82b041c59cc8a3933745a40e92c5e89aa7df64846e5855fbd3acb00e,38669e3f0e715d12f919bbd64ba6e09fbb431145f819869ebd01d20e8fde4ed0,"[[18.0,3706],[20.0,5054]]","[[26.0,8760]]","[[""north"",""002ee4e68ba2ff1e9da7eb8f1e16c441bba47a8ad5ed36d81dc169204a2cb66d""],[""east"",""b1a28b883b4633c7b55388b5b43f571e79efcd391bc0ce6bc07019b5e25d8065""],[""south"",""c667e440b35d715226d38302c0104b35b5d5764fed6125e5bcc80d08fabf1f41""],[""west"",""2767619730916a7bca7fe58275301af35dc43db33040cad9a975264954dbabb5""]]"
mc_98ebd9bb2b1e603ac80768ca4f7f3548d121335ad1c0c55fe00c0e4a628688a7,BE_TABULA_13,Terraced house,SFH,1971-1990,TABULA_standard_B_proxy,5425e9370287189ca45179f958739e4d1ea29f5439b14d2d1b6a877cf57e26a0,168.30000000000001,rcp_2_6,weather_2050_rcp_2_6_pvgis_2006,pvgis_2006,2006,2041-2060,407954113,3,3772183402,central,central,10562.318037122781,650.55545364695047,62.758871284151994,3.865451299150032,7361.2411005733793,4063.5296261157009,1434.8556028548044,160.09615125380833,4376,514,514,4376,0,4062.695000000263,3500.0000000002633,6.5028871176764369e-11,2,residential_energy_demand_gate5_v1,4b5b7791539478f9b2562d1b176e235ac7b641e1afdc40c3d5242661d9dbed3d,4b5b7791539478f9b2562d1b176e235ac7b641e1afdc40c3d5242661d9dbed3d,2ad0e9f7bbdfe12695c931891fd0e8132d060fd7bcbca23623db43d4c7393a5c,561839806dcdb8279ac4e42025bc5a82751f2588a2b2066fa84637918d8e4896,2987a546cb3f48253dcdfdc400036a68d1977eddb1012f753e54eca010acedd8,73ed0728ba3aea4548919a2c599b960f1645e1842d48afd930cc90a737aecd92,a96eee14f959c7954577e91fe17d4515a9348f0431a52c4dd9b8f37b88ac9cf5,d543101e7ea78ed2ddaba45de0ca0f44ec997e73ba696c2970de54b1e75cccfc,e40ccb491db9d0ecfe8c9e8462f713cf096279ef2b219236d05222512135b242,fb59b12e82b041c59cc8a3933745a40e92c5e89aa7df64846e5855fbd3acb00e,38669e3f0e715d12f919bbd64ba6e09fbb431145f819869ebd01d20e8fde4ed0,"[[18.0,3336],[20.0,5424]]","[[26.0,8760]]","[[""north"",""002ee4e68ba2ff1e9da7eb8f1e16c441bba47a8ad5ed36d81dc169204a2cb66d""],[""east"",""b1a28b883b4633c7b55388b5b43f571e79efcd391bc0ce6bc07019b5e25d8065""],[""south"",""c667e440b35d715226d38302c0104b35b5d5764fed6125e5bcc80d08fabf1f41""],[""west"",""2767619730916a7bca7fe58275301af35dc43db33040cad9a975264954dbabb5""]]"
mc_1f363bb4a9b0832713c02316bce135a568e20ce51b293a853a85ab3b4f9eb210,BE_TABULA_13,Terraced house,SFH,1971-1990,TABULA_standard_B_proxy,5425e9370287189ca45179f958739e4d1ea29f5439b14d2d1b6a877cf57e26a0,168.30000000000001,rcp_2_6,weather_2050_rcp_2_6_pvgis_2006,pvgis_2006,2006,2041-2060,4263995439,3,1733235126,central,central,10579.47002542156,654.75905952344885,62.860784464774568,3.8904281611613118,7343.5919625878887,4710.6544200054186,1440.6396868615429,138.99534993328925,4402,531,531,4402,0,4064.2583333331968,3499.9999999998631,6.6393113229423761e-11,2,residential_energy_demand_gate5_v1,4b5b7791539478f9b2562d1b176e235ac7b641e1afdc40c3d5242661d9dbed3d,4b5b7791539478f9b2562d1b176e235ac7b641e1afdc40c3d5242661d9dbed3d,2ad0e9f7bbdfe12695c931891fd0e8132d060fd7bcbca23623db43d4c7393a5c,561839806dcdb8279ac4e42025bc5a82751f2588a2b2066fa84637918d8e4896,2987a546cb3f48253dcdfdc400036a68d1977eddb1012f753e54eca010acedd8,73ed0728ba3aea4548919a2c599b960f1645e1842d48afd930cc90a737aecd92,a96eee14f959c7954577e91fe17d4515a9348f0431a52c4dd9b8f37b88ac9cf5,d543101e7ea78ed2ddaba45de0ca0f44ec997e73ba696c2970de54b1e75cccfc,e40ccb491db9d0ecfe8c9e8462f713cf096279ef2b219236d05222512135b242,fb59b12e82b041c59cc8a3933745a40e92c5e89aa7df64846e5855fbd3acb00e,38669e3f0e715d12f919bbd64ba6e09fbb431145f819869ebd01d20e8fde4ed0,"[[18.0,3340],[20.0,5420]]","[[26.0,8760]]","[[""north"",""002ee4e68ba2ff1e9da7eb8f1e16c441bba47a8ad5ed36d81dc169204a2cb66d""],[""east"",""b1a28b883b4633c7b55388b5b43f571e79efcd391bc0ce6bc07019b5e25d8065""],[""south"",""c667e440b35d715226d38302c0104b35b5d5764fed6125e5bcc80d08fabf1f41""],[""west"",""2767619730916a7bca7fe58275301af35dc43db33040cad9a975264954dbabb5""]]"
mc_6bc563f0060cc4cea5c761ad1c66dd6766e5d865687cf946d0a9ebbf33063bc8,BE_TABULA_13,Terraced house,SFH,1971-1990,TABULA_standard_B_proxy,5425e9370287189ca45179f958739e4d1ea29f5439b14d2d1b6a877cf57e26a0,168.30000000000001,rcp_2_6,weather_2050_rcp_2_6_pvgis_2006,pvgis_2006,2006,2041-2060,1886112852,2,2154598458,central,central,10515.903688741664,640.46627467866153,62.483087871311135,3.8055037116973351,7519.2189371047298,3840.0029304726081,1398.5367066317669,166.78796508101522,4407,515,515,4407,0,3946.2966666666284,3499.9999999999618,6.6393113229423761e-11,2,residential_energy_demand_gate5_v1,4b5b7791539478f9b2562d1b176e235ac7b641e1afdc40c3d5242661d9dbed3d,4b5b7791539478f9b2562d1b176e235ac7b641e1afdc40c3d5242661d9dbed3d,2ad0e9f7bbdfe12695c931891fd0e8132d060fd7bcbca23623db43d4c7393a5c,561839806dcdb8279ac4e42025bc5a82751f2588a2b2066fa84637918d8e4896,2987a546cb3f48253dcdfdc400036a68d1977eddb1012f753e54eca010acedd8,73ed0728ba3aea4548919a2c599b960f1645e1842d48afd930cc90a737aecd92,a96eee14f959c7954577e91fe17d4515a9348f0431a52c4dd9b8f37b88ac9cf5,d543101e7ea78ed2ddaba45de0ca0f44ec997e73ba696c2970de54b1e75cccfc,e40ccb491db9d0ecfe8c9e8462f713cf096279ef2b219236d05222512135b242,fb59b12e82b041c59cc8a3933745a40e92c5e89aa7df64846e5855fbd3acb00e,38669e3f0e715d12f919bbd64ba6e09fbb431145f819869ebd01d20e8fde4ed0,"[[18.0,3782],[20.0,4978]]","[[26.0,8760]]","[[""north"",""002ee4e68ba2ff1e9da7eb8f1e16c441bba47a8ad5ed36d81dc169204a2cb66d""],[""east"",""b1a28b883b4633c7b55388b5b43f571e79efcd391bc0ce6bc07019b5e25d8065""],[""south"",""c667e440b35d715226d38302c0104b35b5d5764fed6125e5bcc80d08fabf1f41""],[""west"",""2767619730916a7bca7fe58275301af35dc43db33040cad9a975264954dbabb5""]]"
mc_a837e7bed5c754c7507f5638958e29aa8b5edb6e288edfb695dd3c50dfa41af6,BE_TABULA_13,Terraced house,SFH,1971-1990,TABULA_standard_B_proxy,5425e9370287189ca45179f958739e4d1ea29f5439b14d2d1b6a877cf57e26a0,168.30000000000001,rcp_2_6,weather_2050_rcp_2_6_pvgis_2006,pvgis_2006,2006,2041-2060,3969387698,1,3151871966,central,central,10504.393756230924,648.59888717808303,62.414698492162344,3.8538258299351336,7363.1059182334629,3813.346850944075,1426.625376964713,170.08651783603389,4366,513,513,4366,0,3738.8050000003677,3500.0000000003683,6.6620486904866993e-11,2,residential_energy_demand_gate5_v1,4b5b7791539478f9b2562d1b176e235ac7b641e1afdc40c3d5242661d9dbed3d,4b5b7791539478f9b2562d1b176e235ac7b641e1afdc40c3d5242661d9dbed3d,2ad0e9f7bbdfe12695c931891fd0e8132d060fd7bcbca23623db43d4c7393a5c,561839806dcdb8279ac4e42025bc5a82751f2588a2b2066fa84637918d8e4896,2987a546cb3f48253dcdfdc400036a68d1977eddb1012f753e54eca010acedd8,73ed0728ba3aea4548919a2c599b960f1645e1842d48afd930cc90a737aecd92,a96eee14f959c7954577e91fe17d4515a9348f0431a52c4dd9b8f37b88ac9cf5,d543101e7ea78ed2ddaba45de0ca0f44ec997e73ba696c2970de54b1e75cccfc,e40ccb491db9d0ecfe8c9e8462f713cf096279ef2b219236d05222512135b242,fb59b12e82b041c59cc8a3933745a40e92c5e89aa7df64846e5855fbd3acb00e,38669e3f0e715d12f919bbd64ba6e09fbb431145f819869ebd01d20e8fde4ed0,"[[18.0,4501],[20.0,4259]]","[[26.0,8760]]","[[""north"",""002ee4e68ba2ff1e9da7eb8f1e16c441bba47a8ad5ed36d81dc169204a2cb66d""],[""east"",""b1a28b883b4633c7b55388b5b43f571e79efcd391bc0ce6bc07019b5e25d8065""],[""south"",""c667e440b35d715226d38302c0104b35b5d5764fed6125e5bcc80d08fabf1f41""],[""west"",""2767619730916a7bca7fe58275301af35dc43db33040cad9a975264954dbabb5""]]"
mc_88c7a93c79ede7787f8a67d2b788172058d15105b63b8ebec137093a85208b84,BE_TABULA_13,Terraced house,SFH,1971-1990,TABULA_standard_B_proxy,5425e9370287189ca45179f958739e4d1ea29f5439b14d2d1b6a877cf57e26a0,168.30000000000001,rcp_2_6,weather_2050_rcp_2_6_pvgis_2006,pvgis_2006,2006,2041-2060,4282019026,1,3851693447,central,central,10421.897972324792,648.861070768697,61.924527464793769,3.8553836646981399,7510.1912752198132,3604.9548066590996,1387.7007376246563,179.9914577486841,4395,526,526,4395,0,3731.1866666665542,3499.9999999998872,6.8553163146134466e-11,2,residential_energy_demand_gate5_v1,4b5b7791539478f9b2562d1b176e235ac7b641e1afdc40c3d5242661d9dbed3d,4b5b7791539478f9b2562d1b176e235ac7b641e1afdc40c3d5242661d9dbed3d,2ad0e9f7bbdfe12695c931891fd0e8132d060fd7bcbca23623db43d4c7393a5c,561839806dcdb8279ac4e42025bc5a82751f2588a2b2066fa84637918d8e4896,2987a546cb3f48253dcdfdc400036a68d1977eddb1012f753e54eca010acedd8,73ed0728ba3aea4548919a2c599b960f1645e1842d48afd930cc90a737aecd92,a96eee14f959c7954577e91fe17d4515a9348f0431a52c4dd9b8f37b88ac9cf5,d543101e7ea78ed2ddaba45de0ca0f44ec997e73ba696c2970de54b1e75cccfc,e40ccb491db9d0ecfe8c9e8462f713cf096279ef2b219236d05222512135b242,fb59b12e82b041c59cc8a3933745a40e92c5e89aa7df64846e5855fbd3acb00e,38669e3f0e715d12f919bbd64ba6e09fbb431145f819869ebd01d20e8fde4ed0,"[[18.0,4635],[20.0,4125]]","[[26.0,8760]]","[[""north"",""002ee4e68ba2ff1e9da7eb8f1e16c441bba47a8ad5ed36d81dc169204a2cb66d""],[""east"",""b1a28b883b4633c7b55388b5b43f571e79efcd391bc0ce6bc07019b5e25d8065""],[""south"",""c667e440b35d715226d38302c0104b35b5d5764fed6125e5bcc80d08fabf1f41""],[""west"",""2767619730916a7bca7fe58275301af35dc43db33040cad9a975264954dbabb5""]]"
mc_308450d82f74f385df69864eeff9064e803a3723bcd1abf7bdfe1a5af349ceff,BE_TABULA_13,Terraced house,SFH,1971-1990,TABULA_standard_B_proxy,5425e9370287189ca45179f958739e4d1ea29f5439b14d2d1b6a877cf57e26a0,168.30000000000001,rcp_2_6,weather_2050_rcp_2_6_pvgis_2006,pvgis_2006,2006,2041-2060,3013076802,2,3079320196,central,central,10564.964590225576,675.05920384227318,62.774596495695633,4.0110469628180221,7462.2525349427524,4049.3738958675558,1415.787597746667,166.70705674553312,4456,537,537,4456,0,3945.7016666665736,3499.9999999999068,7.0940586738288403e-11,2,residential_energy_demand_gate5_v1,4b5b7791539478f9b2562d1b176e235ac7b641e1afdc40c3d5242661d9dbed3d,4b5b7791539478f9b2562d1b176e235ac7b641e1afdc40c3d5242661d9dbed3d,2ad0e9f7bbdfe12695c931891fd0e8132d060fd7bcbca23623db43d4c7393a5c,561839806dcdb8279ac4e42025bc5a82751f2588a2b2066fa84637918d8e4896,2987a546cb3f48253dcdfdc400036a68d1977eddb1012f753e54eca010acedd8,73ed0728ba3aea4548919a2c599b960f1645e1842d48afd930cc90a737aecd92,a96eee14f959c7954577e91fe17d4515a9348f0431a52c4dd9b8f37b88ac9cf5,d543101e7ea78ed2ddaba45de0ca0f44ec997e73ba696c2970de54b1e75cccfc,e40ccb491db9d0ecfe8c9e8462f713cf096279ef2b219236d05222512135b242,fb59b12e82b041c59cc8a3933745a40e92c5e89aa7df64846e5855fbd3acb00e,38669e3f0e715d12f919bbd64ba6e09fbb431145f819869ebd01d20e8fde4ed0,"[[18.0,3771],[20.0,4989]]","[[26.0,8760]]","[[""north"",""002ee4e68ba2ff1e9da7eb8f1e16c441bba47a8ad5ed36d81dc169204a2cb66d""],[""east"",""b1a28b883b4633c7b55388b5b43f571e79efcd391bc0ce6bc07019b5e25d8065""],[""south"",""c667e440b35d715226d38302c0104b35b5d5764fed6125e5bcc80d08fabf1f41""],[""west"",""2767619730916a7bca7fe58275301af35dc43db33040cad9a975264954dbabb5""]]"
mc_c281aa0fc1b2e99e43cb1d7467af9d6aaadd8d56924c75c296550a1c514ed85b,BE_TABULA_13,Terraced house,SFH,1971-1990,TABULA_standard_B_proxy,5425e9370287189ca45179f958739e4d1ea29f5439b14d2d1b6a877cf57e26a0,168.30000000000001,rcp_2_6,weather_2050_rcp_2_6_pvgis_2006,pvgis_2006,2006,2041-2060,2641806699,5,682517088,central,central,10531.191947206466,703.37264239663045,62.573927196711018,4.1792789209544292,7478.2931652072266,3616.2832285645468,1408.234702031054,194.50153595293153,4470,563,563,4470,0,4350.4416666669194,3500.0000000002524,6.4346750150434673e-11,2,residential_energy_demand_gate5_v1,4b5b7791539478f9b2562d1b176e235ac7b641e1afdc40c3d5242661d9dbed3d,4b5b7791539478f9b2562d1b176e235ac7b641e1afdc40c3d5242661d9dbed3d,2ad0e9f7bbdfe12695c931891fd0e8132d060fd7bcbca23623db43d4c7393a5c,561839806dcdb8279ac4e42025bc5a82751f2588a2b2066fa84637918d8e4896,2987a546cb3f48253dcdfdc400036a68d1977eddb1012f753e54eca010acedd8,73ed0728ba3aea4548919a2c599b960f1645e1842d48afd930cc90a737aecd92,a96eee14f959c7954577e91fe17d4515a9348f0431a52c4dd9b8f37b88ac9cf5,d543101e7ea78ed2ddaba45de0ca0f44ec997e73ba696c2970de54b1e75cccfc,e40ccb491db9d0ecfe8c9e8462f713cf096279ef2b219236d05222512135b242,fb59b12e82b041c59cc8a3933745a40e92c5e89aa7df64846e5855fbd3acb00e,38669e3f0e715d12f919bbd64ba6e09fbb431145f819869ebd01d20e8fde4ed0,"[[18.0,2764],[20.0,5996]]","[[26.0,8760]]","[[""north"",""002ee4e68ba2ff1e9da7eb8f1e16c441bba47a8ad5ed36d81dc169204a2cb66d""],[""east"",""b1a28b883b4633c7b55388b5b43f571e79efcd391bc0ce6bc07019b5e25d8065""],[""south"",""c667e440b35d715226d38302c0104b35b5d5764fed6125e5bcc80d08fabf1f41""],[""west"",""2767619730916a7bca7fe58275301af35dc43db33040cad9a975264954dbabb5""]]"
mc_192d1bf94819e486b1349c2f204a00f3825315acdf795f433bb1f6bfd09ecc0a,BE_TABULA_13,Terraced house,SFH,1971-1990,TABULA_standard_B_proxy,5425e9370287189ca45179f958739e4d1ea29f5439b14d2d1b6a877cf57e26a0,168.30000000000001,rcp_2_6,weather_2050_rcp_2_6_pvgis_2006,pvgis_2006,2006,2041-2060,484202279,1,252429783,central,central,10459.07483201357,663.08248436385475,62.145423838464467,3.9398840425659816,7427.2671276331967,4355.8186843047242,1408.1996314769012,152.2291289931633,4360,528,528,4360,0,3737.2649999999117,3499.9999999999118,6.3437255448661745e-11,2,residential_energy_demand_gate5_v1,4b5b7791539478f9b2562d1b176e235ac7b641e1afdc40c3d5242661d9dbed3d,4b5b7791539478f9b2562d1b176e235ac7b641e1afdc40c3d5242661d9dbed3d,2ad0e9f7bbdfe12695c931891fd0e8132d060fd7bcbca23623db43d4c7393a5c,561839806dcdb8279ac4e42025bc5a82751f2588a2b2066fa84637918d8e4896,2987a546cb3f48253dcdfdc400036a68d1977eddb1012f753e54eca010acedd8,73ed0728ba3aea4548919a2c599b960f1645e1842d48afd930cc90a737aecd92,a96eee14f959c7954577e91fe17d4515a9348f0431a52c4dd9b8f37b88ac9cf5,d543101e7ea78ed2ddaba45de0ca0f44ec997e73ba696c2970de54b1e75cccfc,e40ccb491db9d0ecfe8c9e8462f713cf096279ef2b219236d05222512135b242,fb59b12e82b041c59cc8a3933745a40e92c5e89aa7df64846e5855fbd3acb00e,38669e3f0e715d12f919bbd64ba6e09fbb431145f819869ebd01d20e8fde4ed0,"[[18.0,4561],[20.0,4199]]","[[26.0,8760]]","[[""north"",""002ee4e68ba2ff1e9da7eb8f1e16c441bba47a8ad5ed36d81dc169204a2cb66d""],[""east"",""b1a28b883b4633c7b55388b5b43f571e79efcd391bc0ce6bc07019b5e25d8065""],[""south"",""c667e440b35d715226d38302c0104b35b5d5764fed6125e5bcc80d08fabf1f41""],[""west"",""2767619730916a7bca7fe58275301af35dc43db33040cad9a975264954dbabb5""]]"
mc_fd9dcbe049ec26c12a41facac9fbc203711a5082d7d29711ff000efc6fec13f3,BE_TABULA_14,"Apartment, enclosed",MFH,1971-1990,TABULA_advanced_A_proxy,2851cf077281e480136cab6af02d4720b94564326517124af576ab8634ba52a3,100.09999999999999,rcp_2_6,weather_2050_rcp_2_6_pvgis_2006,pvgis_2006,2006,2041-2060,1203443498,3,2950803985,central,central,556.96890458139501,2176.9145252981098,5.5641249208930574,21.747397855125971,2573.0725318934269,3195.6278216856931,216.46063127942321,681.21653921193729,839,2292,2292,839,2729,4059.4750000000217,3500.0000000000223,4.1040948417503387e-11,2,residential_energy_demand_gate5_v1,4b5b7791539478f9b2562d1b176e235ac7b641e1afdc40c3d5242661d9dbed3d,4b5b7791539478f9b2562d1b176e235ac7b641e1afdc40c3d5242661d9dbed3d,2ad0e9f7bbdfe12695c931891fd0e8132d060fd7bcbca23623db43d4c7393a5c,561839806dcdb8279ac4e42025bc5a82751f2588a2b2066fa84637918d8e4896,2987a546cb3f48253dcdfdc400036a68d1977eddb1012f753e54eca010acedd8,73ed0728ba3aea4548919a2c599b960f1645e1842d48afd930cc90a737aecd92,a96eee14f959c7954577e91fe17d4515a9348f0431a52c4dd9b8f37b88ac9cf5,d543101e7ea78ed2ddaba45de0ca0f44ec997e73ba696c2970de54b1e75cccfc,e40ccb491db9d0ecfe8c9e8462f713cf096279ef2b219236d05222512135b242,fb59b12e82b041c59cc8a3933745a40e92c5e89aa7df64846e5855fbd3acb00e,38669e3f0e715d12f919bbd64ba6e09fbb431145f819869ebd01d20e8fde4ed0,"[[18.0,3327],[20.0,5433]]","[[26.0,8760]]","[[""north"",""002ee4e68ba2ff1e9da7eb8f1e16c441bba47a8ad5ed36d81dc169204a2cb66d""],[""east"",""b1a28b883b4633c7b55388b5b43f571e79efcd391bc0ce6bc07019b5e25d8065""],[""south"",""c667e440b35d715226d38302c0104b35b5d5764fed6125e5bcc80d08fabf1f41""],[""west"",""2767619730916a7bca7fe58275301af35dc43db33040cad9a975264954dbabb5""]]"
mc_7552fcf88cc829327857b168ecf321b566b1aa0d6f5cd53754817e61cc8896fe,BE_TABULA_14,"Apartment, enclosed",MFH,1971-1990,TABULA_advanced_A_proxy,2851cf077281e480136cab6af02d4720b94564326517124af576ab8634ba52a3,100.09999999999999,rcp_2_6,weather_2050_rcp_2_6_pvgis_2006,pvgis_2006,2006,2041-2060,2404203277,2,2654959407,central,central,573.84615070299094,2081.6404968317306,5.7327287782516585,20.795609358958348,2530.2121619750087,3051.3915314850469,226.79764144958642,682.19383692745612,836,2239,2239,836,2698,3948.5249999993744,3499.9999999993738,4.1964653973991517e-11,2,residential_energy_demand_gate5_v1,4b5b7791539478f9b2562d1b176e235ac7b641e1afdc40c3d5242661d9dbed3d,4b5b7791539478f9b2562d1b176e235ac7b641e1afdc40c3d5242661d9dbed3d,2ad0e9f7bbdfe12695c931891fd0e8132d060fd7bcbca23623db43d4c7393a5c,561839806dcdb8279ac4e42025bc5a82751f2588a2b2066fa84637918d8e4896,2987a546cb3f48253dcdfdc400036a68d1977eddb1012f753e54eca010acedd8,73ed0728ba3aea4548919a2c599b960f1645e1842d48afd930cc90a737aecd92,a96eee14f959c7954577e91fe17d4515a9348f0431a52c4dd9b8f37b88ac9cf5,d543101e7ea78ed2ddaba45de0ca0f44ec997e73ba696c2970de54b1e75cccfc,e40ccb491db9d0ecfe8c9e8462f713cf096279ef2b219236d05222512135b242,fb59b12e82b041c59cc8a3933745a40e92c5e89aa7df64846e5855fbd3acb00e,38669e3f0e715d12f919bbd64ba6e09fbb431145f819869ebd01d20e8fde4ed0,"[[18.0,3757],[20.0,5003]]","[[26.0,8760]]","[[""north"",""002ee4e68ba2ff1e9da7eb8f1e16c441bba47a8ad5ed36d81dc169204a2cb66d""],[""east"",""b1a28b883b4633c7b55388b5b43f571e79efcd391bc0ce6bc07019b5e25d8065""],[""south"",""c667e440b35d715226d38302c0104b35b5d5764fed6125e5bcc80d08fabf1f41""],[""west"",""2767619730916a7bca7fe58275301af35dc43db33040cad9a975264954dbabb5""]]"
mc_ed127c4109570613807705cd40eac777b5720879bf6e53dc451b970792d6b869,BE_TABULA_14,"Apartment, enclosed",MFH,1971-1990,TABULA_advanced_A_proxy,2851cf077281e480136cab6af02d4720b94564326517124af576ab8634ba52a3,100.09999999999999,rcp_2_6,weather_2050_rcp_2_6_pvgis_2006,pvgis_2006,2006,2041-2060,556301278,1,3952333982,central,central,621.44805063400986,2072.6771851234503,6.2082722341059933,20.706065785449056,2486.9122513549983,3472.1692401291816,249.88740567561757,596.94013793127681,847,2148,2148,847,2569,3739.7849999995115,3499.9999999995121,4.0017766878008842e-11,2,residential_energy_demand_gate5_v1,4b5b7791539478f9b2562d1b176e235ac7b641e1afdc40c3d5242661d9dbed3d,4b5b7791539478f9b2562d1b176e235ac7b641e1afdc40c3d5242661d9dbed3d,2ad0e9f7bbdfe12695c931891fd0e8132d060fd7bcbca23623db43d4c7393a5c,561839806dcdb8279ac4e42025bc5a82751f2588a2b2066fa84637918d8e4896,2987a546cb3f48253dcdfdc400036a68d1977eddb1012f753e54eca010acedd8,73ed0728ba3aea4548919a2c599b960f1645e1842d48afd930cc90a737aecd92,a96eee14f959c7954577e91fe17d4515a9348f0431a52c4dd9b8f37b88ac9cf5,d543101e7ea78ed2ddaba45de0ca0f44ec997e73ba696c2970de54b1e75cccfc,e40ccb491db9d0ecfe8c9e8462f713cf096279ef2b219236d05222512135b242,fb59b12e82b041c59cc8a3933745a40e92c5e89aa7df64846e5855fbd3acb00e,38669e3f0e715d12f919bbd64ba6e09fbb431145f819869ebd01d20e8fde4ed0,"[[18.0,4484],[20.0,4276]]","[[26.0,8760]]","[[""north"",""002ee4e68ba2ff1e9da7eb8f1e16c441bba47a8ad5ed36d81dc169204a2cb66d""],[""east"",""b1a28b883b4633c7b55388b5b43f571e79efcd391bc0ce6bc07019b5e25d8065""],[""south"",""c667e440b35d715226d38302c0104b35b5d5764fed6125e5bcc80d08fabf1f41""],[""west"",""2767619730916a7bca7fe58275301af35dc43db33040cad9a975264954dbabb5""]]"
mc_2a0223a2ca1821fb34623352e6e44ba93a400b3ed0f192f0f0ea7d5aedcca7ea,BE_TABULA_14,"Apartment, enclosed",MFH,1971-1990,TABULA_advanced_A_proxy,2851cf077281e480136cab6af02d4720b94564326517124af576ab8634ba52a3,100.09999999999999,rcp_2_6,weather_2050_rcp_2_6_pvgis_2006,pvgis_2006,2006,2041-2060,3323552575,1,3663581506,central,central,567.47118867059885,1948.4517691748511,5.669042843862127,19.465052639109402,2719.6188459813143,3754.535500593046,208.65835280893543,518.95947417918524,820,2100,2100,820,2550,3729.2383333328439,3499.9999999995107,4.1836756281554699e-11,2,residential_energy_demand_gate5_v1,4b5b7791539478f9b2562d1b176e235ac7b641e1afdc40c3d5242661d9dbed3d,4b5b7791539478f9b2562d1b176e235ac7b641e1afdc40c3d5242661d9dbed3d,2ad0e9f7bbdfe12695c931891fd0e8132d060fd7bcbca23623db43d4c7393a5c,561839806dcdb8279ac4e42025bc5a82751f2588a2b2066fa84637918d8e4896,2987a546cb3f48253dcdfdc400036a68d1977eddb1012f753e54eca010acedd8,73ed0728ba3aea4548919a2c599b960f1645e1842d48afd930cc90a737aecd92,a96eee14f959c7954577e91fe17d4515a9348f0431a52c4dd9b8f37b88ac9cf5,d543101e7ea78ed2ddaba45de0ca0f44ec997e73ba696c2970de54b1e75cccfc,e40ccb491db9d0ecfe8c9e8462f713cf096279ef2b219236d05222512135b242,fb59b12e82b041c59cc8a3933745a40e92c5e89aa7df64846e5855fbd3acb00e,38669e3f0e715d12f919bbd64ba6e09fbb431145f819869ebd01d20e8fde4ed0,"[[18.0,4662],[20.0,4098]]","[[26.0,8760]]","[[""north"",""002ee4e68ba2ff1e9da7eb8f1e16c441bba47a8ad5ed36d81dc169204a2cb66d""],[""east"",""b1a28b883b4633c7b55388b5b43f571e79efcd391bc0ce6bc07019b5e25d8065""],[""south"",""c667e440b35d715226d38302c0104b35b5d5764fed6125e5bcc80d08fabf1f41""],[""west"",""2767619730916a7bca7fe58275301af35dc43db33040cad9a975264954dbabb5""]]"
mc_e12aef988bbfd25de337ef9787fa99750b5db02c9e4eb0ff85ff0ba015572444,BE_TABULA_14,"Apartment, enclosed",MFH,1971-1990,TABULA_advanced_A_proxy,2851cf077281e480136cab6af02d4720b94564326517124af576ab8634ba52a3,100.09999999999999,rcp_2_6,weather_2050_rcp_2_6_pvgis_2006,pvgis_2006,2006,2041-2060,3843248486,5,251978867,central,central,518.19813888338012,2246.7774853772116,5.1768045842495516,22.445329524247871,2295.3590245608402,3187.4555261477058,225.75907879270625,704.88120287363552,864,2397,2397,864,2934,4335.800000001188,3500.0000000011878,3.9563019527122378e-11,2,residential_energy_demand_gate5_v1,4b5b7791539478f9b2562d1b176e235ac7b641e1afdc40c3d5242661d9dbed3d,4b5b7791539478f9b2562d1b176e235ac7b641e1afdc40c3d5242661d9dbed3d,2ad0e9f7bbdfe12695c931891fd0e8132d060fd7bcbca23623db43d4c7393a5c,561839806dcdb8279ac4e42025bc5a82751f2588a2b2066fa84637918d8e4896,2987a546cb3f48253dcdfdc400036a68d1977eddb1012f753e54eca010acedd8,73ed0728ba3aea4548919a2c599b960f1645e1842d48afd930cc90a737aecd92,a96eee14f959c7954577e91fe17d4515a9348f0431a52c4dd9b8f37b88ac9cf5,d543101e7ea78ed2ddaba45de0ca0f44ec997e73ba696c2970de54b1e75cccfc,e40ccb491db9d0ecfe8c9e8462f713cf096279ef2b219236d05222512135b242,fb59b12e82b041c59cc8a3933745a40e92c5e89aa7df64846e5855fbd3acb00e,38669e3f0e715d12f919bbd64ba6e09fbb431145f819869ebd01d20e8fde4ed0,"[[18.0,2818],[20.0,5942]]","[[26.0,8760]]","[[""north"",""002ee4e68ba2ff1e9da7eb8f1e16c441bba47a8ad5ed36d81dc169204a2cb66d""],[""east"",""b1a28b883b4633c7b55388b5b43f571e79efcd391bc0ce6bc07019b5e25d8065""],[""south"",""c667e440b35d715226d38302c0104b35b5d5764fed6125e5bcc80d08fabf1f41""],[""west"",""2767619730916a7bca7fe58275301af35dc43db33040cad9a975264954dbabb5""]]"
mc_e76fe70aba52ef0b549c8f394e28220ea30b4524da9628a739a7e9d084c1ce68,BE_TABULA_14,"Apartment, enclosed",MFH,1971-1990,TABULA_advanced_A_proxy,2851cf077281e480136cab6af02d4720b94564326517124af576ab8634ba52a3,100.09999999999999,rcp_2_6,weather_2050_rcp_2_6_pvgis_2006,pvgis_2006,2006,2041-2060,3312507027,1,2010455973,central,central,620.52497191406724,2054.1706053859334,6.1990506684722009,20.521184868990346,2583.3754972510042,3309.548263594058,240.19929451772464,620.68005714930212,900,2202,2202,900,2627,3739.1550000003494,3500.0000000003492,4.1154635255225003e-11,2,residential_energy_demand_gate5_v1,4b5b7791539478f9b2562d1b176e235ac7b641e1afdc40c3d5242661d9dbed3d,4b5b7791539478f9b2562d1b176e235ac7b641e1afdc40c3d5242661d9dbed3d,2ad0e9f7bbdfe12695c931891fd0e8132d060fd7bcbca23623db43d4c7393a5c,561839806dcdb8279ac4e42025bc5a82751f2588a2b2066fa84637918d8e4896,2987a546cb3f48253dcdfdc400036a68d1977eddb1012f753e54eca010acedd8,73ed0728ba3aea4548919a2c599b960f1645e1842d48afd930cc90a737aecd92,a96eee14f959c7954577e91fe17d4515a9348f0431a52c4dd9b8f37b88ac9cf5,d543101e7ea78ed2ddaba45de0ca0f44ec997e73ba696c2970de54b1e75cccfc,e40ccb491db9d0ecfe8c9e8462f713cf096279ef2b219236d05222512135b242,fb59b12e82b041c59cc8a3933745a40e92c5e89aa7df64846e5855fbd3acb00e,38669e3f0e715d12f919bbd64ba6e09fbb431145f819869ebd01d20e8fde4ed0,"[[18.0,4506],[20.0,4254]]","[[26.0,8760]]","[[""north"",""002ee4e68ba2ff1e9da7eb8f1e16c441bba47a8ad5ed36d81dc169204a2cb66d""],[""east"",""b1a28b883b4633c7b55388b5b43f571e79efcd391bc0ce6bc07019b5e25d8065""],[""south"",""c667e440b35d715226d38302c0104b35b5d5764fed6125e5bcc80d08fabf1f41""],[""west"",""2767619730916a7bca7fe58275301af35dc43db33040cad9a975264954dbabb5""]]"
mc_6e2cbce351acabd2f8e852095e979260d4826c9d70f35b8e67b83ab97bbfd385,BE_TABULA_14,"Apartment, enclosed",MFH,1971-1990,TABULA_advanced_A_proxy,2851cf077281e480136cab6af02d4720b94564326517124af576ab8634ba52a3,100.09999999999999,rcp_2_6,weather_2050_rcp_2_6_pvgis_2006,pvgis_2006,2006,2041-2060,526650457,2,2819822863,central,central,565.9808014091218,2085.7367150664277,5.6541538602309869,20.836530620044233,2504.3994181529379,3122.9079861355326,225.99462262555065,667.88285928572589,896,2272,2272,896,2807,3952.2466666675477,3500.0000000008813,4.2291503632441163e-11,2,residential_energy_demand_gate5_v1,4b5b7791539478f9b2562d1b176e235ac7b641e1afdc40c3d5242661d9dbed3d,4b5b7791539478f9b2562d1b176e235ac7b641e1afdc40c3d5242661d9dbed3d,2ad0e9f7bbdfe12695c931891fd0e8132d060fd7bcbca23623db43d4c7393a5c,561839806dcdb8279ac4e42025bc5a82751f2588a2b2066fa84637918d8e4896,2987a546cb3f48253dcdfdc400036a68d1977eddb1012f753e54eca010acedd8,73ed0728ba3aea4548919a2c599b960f1645e1842d48afd930cc90a737aecd92,a96eee14f959c7954577e91fe17d4515a9348f0431a52c4dd9b8f37b88ac9cf5,d543101e7ea78ed2ddaba45de0ca0f44ec997e73ba696c2970de54b1e75cccfc,e40ccb491db9d0ecfe8c9e8462f713cf096279ef2b219236d05222512135b242,fb59b12e82b041c59cc8a3933745a40e92c5e89aa7df64846e5855fbd3acb00e,38669e3f0e715d12f919bbd64ba6e09fbb431145f819869ebd01d20e8fde4ed0,"[[18.0,3742],[20.0,5018]]","[[26.0,8760]]","[[""north"",""002ee4e68ba2ff1e9da7eb8f1e16c441bba47a8ad5ed36d81dc169204a2cb66d""],[""east"",""b1a28b883b4633c7b55388b5b43f571e79efcd391bc0ce6bc07019b5e25d8065""],[""south"",""c667e440b35d715226d38302c0104b35b5d5764fed6125e5bcc80d08fabf1f41""],[""west"",""2767619730916a7bca7fe58275301af35dc43db33040cad9a975264954dbabb5""]]"
mc_6a8ddee15d22ec321ae91adabc57293c83bd782c471a9ef491a1840b00486e82,BE_TABULA_14,"Apartment, enclosed",MFH,1971-1990,TABULA_advanced_A_proxy,2851cf077281e480136cab6af02d4720b94564326517124af576ab8634ba52a3,100.09999999999999,rcp_2_6,weather_2050_rcp_2_6_pvgis_2006,pvgis_2006,2006,2041-2060,2006049321,1,3978763875,central,central,585.33862349613776,1940.3052655086753,5.8475386962651124,19.383668986100655,2601.8976889848273,3157.1899430503781,224.96604150661943,614.56716273269672,867,2209,2209,867,2775,3746.2599999987847,3499.9999999987845,4.2405190470162779e-11,2,residential_energy_demand_gate5_v1,4b5b7791539478f9b2562d1b176e235ac7b641e1afdc40c3d5242661d9dbed3d,4b5b7791539478f9b2562d1b176e235ac7b641e1afdc40c3d5242661d9dbed3d,2ad0e9f7bbdfe12695c931891fd0e8132d060fd7bcbca23623db43d4c7393a5c,561839806dcdb8279ac4e42025bc5a82751f2588a2b2066fa84637918d8e4896,2987a546cb3f48253dcdfdc400036a68d1977eddb1012f753e54eca010acedd8,73ed0728ba3aea4548919a2c599b960f1645e1842d48afd930cc90a737aecd92,a96eee14f959c7954577e91fe17d4515a9348f0431a52c4dd9b8f37b88ac9cf5,d543101e7ea78ed2ddaba45de0ca0f44ec997e73ba696c2970de54b1e75cccfc,e40ccb491db9d0ecfe8c9e8462f713cf096279ef2b219236d05222512135b242,fb59b12e82b041c59cc8a3933745a40e92c5e89aa7df64846e5855fbd3acb00e,38669e3f0e715d12f919bbd64ba6e09fbb431145f819869ebd01d20e8fde4ed0,"[[18.0,4407],[20.0,4353]]","[[26.0,8760]]","[[""north"",""002ee4e68ba2ff1e9da7eb8f1e16c441bba47a8ad5ed36d81dc169204a2cb66d""],[""east"",""b1a28b883b4633c7b55388b5b43f571e79efcd391bc0ce6bc07019b5e25d8065""],[""south"",""c667e440b35d715226d38302c0104b35b5d5764fed6125e5bcc80d08fabf1f41""],[""west"",""2767619730916a7bca7fe58275301af35dc43db33040cad9a975264954dbabb5""]]"
mc_634bedbb676a6afa5770f7b989e5021579df2544a259b96da203ddd2f59cedd3,BE_TABULA_14,"Apartment, enclosed",MFH,1971-1990,TABULA_advanced_A_proxy,2851cf077281e480136cab6af02d4720b94564326517124af576ab8634ba52a3,100.09999999999999,rcp_2_6,weather_2050_rcp_2_6_pvgis_2006,pvgis_2006,2006,2041-2060,3087163335,2,2259369127,central,central,596.59999106940529,2082.0602239059717,5.9600398708232296,20.799802436623096,2498.8531167479455,3449.8742904975429,238.74952355976481,603.51770777296804,866,2256,2256,866,2776,3945.5266666664597,3499.9999999997935,3.9563019527122378e-11,2,residential_energy_demand_gate5_v1,4b5b7791539478f9b2562d1b176e235ac7b641e1afdc40c3d5242661d9dbed3d,4b5b7791539478f9b2562d1b176e235ac7b641e1afdc40c3d5242661d9dbed3d,2ad0e9f7bbdfe12695c931891fd0e8132d060fd7bcbca23623db43d4c7393a5c,561839806dcdb8279ac4e42025bc5a82751f2588a2b2066fa84637918d8e4896,2987a546cb3f48253dcdfdc400036a68d1977eddb1012f753e54eca010acedd8,73ed0728ba3aea4548919a2c599b960f1645e1842d48afd930cc90a737aecd92,a96eee14f959c7954577e91fe17d4515a9348f0431a52c4dd9b8f37b88ac9cf5,d543101e7ea78ed2ddaba45de0ca0f44ec997e73ba696c2970de54b1e75cccfc,e40ccb491db9d0ecfe8c9e8462f713cf096279ef2b219236d05222512135b242,fb59b12e82b041c59cc8a3933745a40e92c5e89aa7df64846e5855fbd3acb00e,38669e3f0e715d12f919bbd64ba6e09fbb431145f819869ebd01d20e8fde4ed0,"[[18.0,3817],[20.0,4943]]","[[26.0,8760]]","[[""north"",""002ee4e68ba2ff1e9da7eb8f1e16c441bba47a8ad5ed36d81dc169204a2cb66d""],[""east"",""b1a28b883b4633c7b55388b5b43f571e79efcd391bc0ce6bc07019b5e25d8065""],[""south"",""c667e440b35d715226d38302c0104b35b5d5764fed6125e5bcc80d08fabf1f41""],[""west"",""2767619730916a7bca7fe58275301af35dc43db33040cad9a975264954dbabb5""]]"
mc_5dac4ba32544b1e7c09a1c0bf9d8d91ad4ea8b1d032767245b1dc637a467fbb1,BE_TABULA_14,"Apartment, enclosed",MFH,1971-1990,TABULA_advanced_A_proxy,2851cf077281e480136cab6af02d4720b94564326517124af576ab8634ba52a3,100.09999999999999,rcp_2_6,weather_2050_rcp_2_6_pvgis_2006,pvgis_2006,2006,2041-2060,1341830702,2,629275523,central,central,598.25455438905874,2067.5395007744337,5.9765689749156721,20.654740267476861,2651.958811547906,3143.9013014726625,225.58968555015645,657.63498994257839,851,2246,2246,851,2714,3941.1283333332676,3499.9999999999354,4.3826275941682979e-11,2,residential_energy_demand_gate5_v1,4b5b7791539478f9b2562d1b176e235ac7b641e1afdc40c3d5242661d9dbed3d,4b5b7791539478f9b2562d1b176e235ac7b641e1afdc40c3d5242661d9dbed3d,2ad0e9f7bbdfe12695c931891fd0e8132d060fd7bcbca23623db43d4c7393a5c,561839806dcdb8279ac4e42025bc5a82751f2588a2b2066fa84637918d8e4896,2987a546cb3f48253dcdfdc400036a68d1977eddb1012f753e54eca010acedd8,73ed0728ba3aea4548919a2c599b960f1645e1842d48afd930cc90a737aecd92,a96eee14f959c7954577e91fe17d4515a9348f0431a52c4dd9b8f37b88ac9cf5,d543101e7ea78ed2ddaba45de0ca0f44ec997e73ba696c2970de54b1e75cccfc,e40ccb491db9d0ecfe8c9e8462f713cf096279ef2b219236d05222512135b242,fb59b12e82b041c59cc8a3933745a40e92c5e89aa7df64846e5855fbd3acb00e,38669e3f0e715d12f919bbd64ba6e09fbb431145f819869ebd01d20e8fde4ed0,"[[18.0,3856],[20.0,4904]]","[[26.0,8760]]","[[""north"",""002ee4e68ba2ff1e9da7eb8f1e16c441bba47a8ad5ed36d81dc169204a2cb66d""],[""east"",""b1a28b883b4633c7b55388b5b43f571e79efcd391bc0ce6bc07019b5e25d8065""],[""south"",""c667e440b35d715226d38302c0104b35b5d5764fed6125e5bcc80d08fabf1f41""],[""west"",""2767619730916a7bca7fe58275301af35dc43db33040cad9a975264954dbabb5""]]"
mc_5edfc08534c25e4416efb3b99cc2bd9973643f7c129d463a3670a1edfb8d8697,BE_TABULA_14,"Apartment, enclosed",MFH,1971-1990,TABULA_advanced_A_proxy,2851cf077281e480136cab6af02d4720b94564326517124af576ab8634ba52a3,100.09999999999999,rcp_2_6,weather_2050_rcp_2_6_pvgis_2006,pvgis_2006,2006,2041-2060,3835840985,2,3290365174,central,central,576.48795167198887,2109.7398126735229,5.7591203963235653,21.076321804930298,2588.6724125328806,3303.8868348582532,222.69637088144557,638.56297691989118,836,2240,2240,836,2696,3957.4850000001452,3500.0000000001446,4.4906300900038332e-11,2,residential_energy_demand_gate5_v1,4b5b7791539478f9b2562d1b176e235ac7b641e1afdc40c3d5242661d9dbed3d,4b5b7791539478f9b2562d1b176e235ac7b641e1afdc40c3d5242661d9dbed3d,2ad0e9f7bbdfe12695c931891fd0e8132d060fd7bcbca23623db43d4c7393a5c,561839806dcdb8279ac4e42025bc5a82751f2588a2b2066fa84637918d8e4896,2987a546cb3f48253dcdfdc400036a68d1977eddb1012f753e54eca010acedd8,73ed0728ba3aea4548919a2c599b960f1645e1842d48afd930cc90a737aecd92,a96eee14f959c7954577e91fe17d4515a9348f0431a52c4dd9b8f37b88ac9cf5,d543101e7ea78ed2ddaba45de0ca0f44ec997e73ba696c2970de54b1e75cccfc,e40ccb491db9d0ecfe8c9e8462f713cf096279ef2b219236d05222512135b242,fb59b12e82b041c59cc8a3933745a40e92c5e89aa7df64846e5855fbd3acb00e,38669e3f0e715d12f919bbd64ba6e09fbb431145f819869ebd01d20e8fde4ed0,"[[18.0,3719],[20.0,5041]]","[[26.0,8760]]","[[""north"",""002ee4e68ba2ff1e9da7eb8f1e16c441bba47a8ad5ed36d81dc169204a2cb66d""],[""east"",""b1a28b883b4633c7b55388b5b43f571e79efcd391bc0ce6bc07019b5e25d8065""],[""south"",""c667e440b35d715226d38302c0104b35b5d5764fed6125e5bcc80d08fabf1f41""],[""west"",""2767619730916a7bca7fe58275301af35dc43db33040cad9a975264954dbabb5""]]"
mc_1e179806ed0bbb40db6659212b0a15ba1f10d716688a621eca29a1998121ad32,BE_TABULA_14,"Apartment, enclosed",MFH,1971-1990,TABULA_advanced_A_proxy,2851cf077281e480136cab6af02d4720b94564326517124af576ab8634ba52a3,100.09999999999999,rcp_2_6,weather_2050_rcp_2_6_pvgis_2006,pvgis_2006,2006,2041-2060,2527946898,1,2830791166,central,central,655.92222984003445,2056.2248983056934,6.5526696287715733,20.541707275781153,2536.8985894508014,3729.2578881821614,258.5527985105748,551.376429294893,915,2126,2126,915,2599,3737.1483333335882,3500.0000000002547,4.1183056964655407e-11,2,residential_energy_demand_gate5_v1,4b5b7791539478f9b2562d1b176e235ac7b641e1afdc40c3d5242661d9dbed3d,4b5b7791539478f9b2562d1b176e235ac7b641e1afdc40c3d5242661d9dbed3d,2ad0e9f7bbdfe12695c931891fd0e8132d060fd7bcbca23623db43d4c7393a5c,561839806dcdb8279ac4e42025bc5a82751f2588a2b2066fa84637918d8e4896,2987a546cb3f48253dcdfdc400036a68d1977eddb1012f753e54eca010acedd8,73ed0728ba3aea4548919a2c599b960f1645e1842d48afd930cc90a737aecd92,a96eee14f959c7954577e91fe17d4515a9348f0431a52c4dd9b8f37b88ac9cf5,d543101e7ea78ed2ddaba45de0ca0f44ec997e73ba696c2970de54b1e75cccfc,e40ccb491db9d0ecfe8c9e8462f713cf096279ef2b219236d05222512135b242,fb59b12e82b041c59cc8a3933745a40e92c5e89aa7df64846e5855fbd3acb00e,38669e3f0e715d12f919bbd64ba6e09fbb431145f819869ebd01d20e8fde4ed0,"[[18.0,4526],[20.0,4234]]","[[26.0,8760]]","[[""north"",""002ee4e68ba2ff1e9da7eb8f1e16c441bba47a8ad5ed36d81dc169204a2cb66d""],[""east"",""b1a28b883b4633c7b55388b5b43f571e79efcd391bc0ce6bc07019b5e25d8065""],[""south"",""c667e440b35d715226d38302c0104b35b5d5764fed6125e5bcc80d08fabf1f41""],[""west"",""2767619730916a7bca7fe58275301af35dc43db33040cad9a975264954dbabb5""]]"
mc_6fc306f9f88fce2c211b2f3165da222cefb2143d7524a96f25b21e38d0d04988,BE_TABULA_14,"Apartment, enclosed",MFH,1971-1990,TABULA_advanced_A_proxy,2851cf077281e480136cab6af02d4720b94564326517124af576ab8634ba52a3,100.09999999999999,rcp_2_6,weather_2050_rcp_2_6_pvgis_2006,pvgis_2006,2006,2041-2060,1636053932,1,1368692372,central,central,572.54885252548775,2018.0633710478357,5.7197687564983797,20.160473237241117,2555.2793206588613,3850.2937988154354,224.06507495934338,524.13230690829471,825,2102,2102,825,2514,3738.5366666674408,3500.0000000007749,4.1154635255225003e-11,2,residential_energy_demand_gate5_v1,4b5b7791539478f9b2562d1b176e235ac7b641e1afdc40c3d5242661d9dbed3d,4b5b7791539478f9b2562d1b176e235ac7b641e1afdc40c3d5242661d9dbed3d,2ad0e9f7bbdfe12695c931891fd0e8132d060fd7bcbca23623db43d4c7393a5c,561839806dcdb8279ac4e42025bc5a82751f2588a2b2066fa84637918d8e4896,2987a546cb3f48253dcdfdc400036a68d1977eddb1012f753e54eca010acedd8,73ed0728ba3aea4548919a2c599b960f1645e1842d48afd930cc90a737aecd92,a96eee14f959c7954577e91fe17d4515a9348f0431a52c4dd9b8f37b88ac9cf5,d543101e7ea78ed2ddaba45de0ca0f44ec997e73ba696c2970de54b1e75cccfc,e40ccb491db9d0ecfe8c9e8462f713cf096279ef2b219236d05222512135b242,fb59b12e82b041c59cc8a3933745a40e92c5e89aa7df64846e5855fbd3acb00e,38669e3f0e715d12f919bbd64ba6e09fbb431145f819869ebd01d20e8fde4ed0,"[[18.0,4514],[20.0,4246]]","[[26.0,8760]]","[[""north"",""002ee4e68ba2ff1e9da7eb8f1e16c441bba47a8ad5ed36d81dc169204a2cb66d""],[""east"",""b1a28b883b4633c7b55388b5b43f571e79efcd391bc0ce6bc07019b5e25d8065""],[""south"",""c667e440b35d715226d38302c0104b35b5d5764fed6125e5bcc80d08fabf1f41""],[""west"",""2767619730916a7bca7fe58275301af35dc43db33040cad9a975264954dbabb5""]]"
mc_fafda4d2b256a5b605c6758fc70b3253cdf8fe4b342633e86918c7b154bb4bbc,BE_TABULA_14,"Apartment, enclosed",MFH,1971-1990,TABULA_advanced_A_proxy,2851cf077281e480136cab6af02d4720b94564326517124af576ab8634ba52a3,100.09999999999999,rcp_2_6,weather_2050_rcp_2_6_pvgis_2006,pvgis_2006,2006,2041-2060,4263654691,1,2518495530,central,central,621.04093069493854,2001.3258930980983,6.2042051018475384,19.993265665315668,2455.6739758549793,3302.7923829569836,252.90039997215587,605.94965139961812,897,2137,2137,897,2713,3739.7383333325311,3499.9999999991978,3.780087354243733e-11,2,residential_energy_demand_gate5_v1,4b5b7791539478f9b2562d1b176e235ac7b641e1afdc40c3d5242661d9dbed3d,4b5b7791539478f9b2562d1b176e235ac7b641e1afdc40c3d5242661d9dbed3d,2ad0e9f7bbdfe12695c931891fd0e8132d060fd7bcbca23623db43d4c7393a5c,561839806dcdb8279ac4e42025bc5a82751f2588a2b2066fa84637918d8e4896,2987a546cb3f48253dcdfdc400036a68d1977eddb1012f753e54eca010acedd8,73ed0728ba3aea4548919a2c599b960f1645e1842d48afd930cc90a737aecd92,a96eee14f959c7954577e91fe17d4515a9348f0431a52c4dd9b8f37b88ac9cf5,d543101e7ea78ed2ddaba45de0ca0f44ec997e73ba696c2970de54b1e75cccfc,e40ccb491db9d0ecfe8c9e8462f713cf096279ef2b219236d05222512135b242,fb59b12e82b041c59cc8a3933745a40e92c5e89aa7df64846e5855fbd3acb00e,38669e3f0e715d12f919bbd64ba6e09fbb431145f819869ebd01d20e8fde4ed0,"[[18.0,4513],[20.0,4247]]","[[26.0,8760]]","[[""north"",""002ee4e68ba2ff1e9da7eb8f1e16c441bba47a8ad5ed36d81dc169204a2cb66d""],[""east"",""b1a28b883b4633c7b55388b5b43f571e79efcd391bc0ce6bc07019b5e25d8065""],[""south"",""c667e440b35d715226d38302c0104b35b5d5764fed6125e5bcc80d08fabf1f41""],[""west"",""2767619730916a7bca7fe58275301af35dc43db33040cad9a975264954dbabb5""]]"
mc_5bc381da4e67845b2b0c2c88b563b96f7bd80d9089d5c447b9ab495653023e16,BE_TABULA_14,"Apartment, enclosed",MFH,1971-1990,TABULA_advanced_A_proxy,2851cf077281e480136cab6af02d4720b94564326517124af576ab8634ba52a3,100.09999999999999,rcp_2_6,weather_2050_rcp_2_6_pvgis_2006,pvgis_2006,2006,2041-2060,2949107545,1,1219764977,central,central,623.77860516120472,1994.2354688937191,6.2315544971149324,19.922432256680512,2449.8720403945485,3504.0279617219662,254.61681054196856,569.12658536939944,913,2167,2167,913,2656,3740.7299999995462,3499.9999999995462,4.0415670810034499e-11,2,residential_energy_demand_gate5_v1,4b5b7791539478f9b2562d1b176e235ac7b641e1afdc40c3d5242661d9dbed3d,4b5b7791539478f9b2562d1b176e235ac7b641e1afdc40c3d5242661d9dbed3d,2ad0e9f7bbdfe12695c931891fd0e8132d060fd7bcbca23623db43d4c7393a5c,561839806dcdb8279ac4e42025bc5a82751f2588a2b2066fa84637918d8e4896,2987a546cb3f48253dcdfdc400036a68d1977eddb1012f753e54eca010acedd8,73ed0728ba3aea4548919a2c599b960f1645e1842d48afd930cc90a737aecd92,a96eee14f959c7954577e91fe17d4515a9348f0431a52c4dd9b8f37b88ac9cf5,d543101e7ea78ed2ddaba45de0ca0f44ec997e73ba696c2970de54b1e75cccfc,e40ccb491db9d0ecfe8c9e8462f713cf096279ef2b219236d05222512135b242,fb59b12e82b041c59cc8a3933745a40e92c5e89aa7df64846e5855fbd3acb00e,38669e3f0e715d12f919bbd64ba6e09fbb431145f819869ebd01d20e8fde4ed0,"[[18.0,4472],[20.0,4288]]","[[26.0,8760]]","[[""north"",""002ee4e68ba2ff1e9da7eb8f1e16c441bba47a8ad5ed36d81dc169204a2cb66d""],[""east"",""b1a28b883b4633c7b55388b5b43f571e79efcd391bc0ce6bc07019b5e25d8065""],[""south"",""c667e440b35d715226d38302c0104b35b5d5764fed6125e5bcc80d08fabf1f41""],[""west"",""2767619730916a7bca7fe58275301af35dc43db33040cad9a975264954dbabb5""]]"
mc_5596b57ec48fdc9c7d18b165c9835f5825835283746fc18a2f0a816e2cc6d23d,BE_TABULA_14,"Apartment, enclosed",MFH,1971-1990,TABULA_advanced_A_proxy,2851cf077281e480136cab6af02d4720b94564326517124af576ab8634ba52a3,100.09999999999999,rcp_2_6,weather_2050_rcp_2_6_pvgis_2006,pvgis_2006,2006,2041-2060,74780820,1,1528480852,central,central,618.63673463476823,2080.6213128538302,6.1801871591884945,20.785427700837467,2612.6842260428289,3824.3875678132763,236.78205290493727,544.04039234012475,895,2170,2170,895,2585,3734.5116666665845,3499.9999999999181,4.0756731323199347e-11,2,residential_energy_demand_gate5_v1,4b5b7791539478f9b2562d1b176e235ac7b641e1afdc40c3d5242661d9dbed3d,4b5b7791539478f9b2562d1b176e235ac7b641e1afdc40c3d5242661d9dbed3d,2ad0e9f7bbdfe12695c931891fd0e8132d060fd7bcbca23623db43d4c7393a5c,561839806dcdb8279ac4e42025bc5a82751f2588a2b2066fa84637918d8e4896,2987a546cb3f48253dcdfdc400036a68d1977eddb1012f753e54eca010acedd8,73ed0728ba3aea4548919a2c599b960f1645e1842d48afd930cc90a737aecd92,a96eee14f959c7954577e91fe17d4515a9348f0431a52c4dd9b8f37b88ac9cf5,d543101e7ea78ed2ddaba45de0ca0f44ec997e73ba696c2970de54b1e75cccfc,e40ccb491db9d0ecfe8c9e8462f713cf096279ef2b219236d05222512135b242,fb59b12e82b041c59cc8a3933745a40e92c5e89aa7df64846e5855fbd3acb00e,38669e3f0e715d12f919bbd64ba6e09fbb431145f819869ebd01d20e8fde4ed0,"[[18.0,4551],[20.0,4209]]","[[26.0,8760]]","[[""north"",""002ee4e68ba2ff1e9da7eb8f1e16c441bba47a8ad5ed36d81dc169204a2cb66d""],[""east"",""b1a28b883b4633c7b55388b5b43f571e79efcd391bc0ce6bc07019b5e25d8065""],[""south"",""c667e440b35d715226d38302c0104b35b5d5764fed6125e5bcc80d08fabf1f41""],[""west"",""2767619730916a7bca7fe58275301af35dc43db33040cad9a975264954dbabb5""]]"
mc_1da3776af61fe10638e4c1f1aef0d7c763e5ab8fd8f28546e12dbc35ca28ff36,BE_TABULA_14,"Apartment, enclosed",MFH,1971-1990,TABULA_advanced_A_proxy,2851cf077281e480136cab6af02d4720b94564326517124af576ab8634ba52a3,100.09999999999999,rcp_2_6,weather_2050_rcp_2_6_pvgis_2006,pvgis_2006,2006,2041-2060,4191004058,1,1597052397,central,central,617.06712330548578,2004.5204217575429,6.16450672632853,20.025179038536894,2634.9830684256499,3389.3180773664853,234.18257623726257,591.4229281528701,850,2180,2180,850,2668,3729.879999999534,3499.9999999995339,3.979039320256561e-11,2,residential_energy_demand_gate5_v1,4b5b7791539478f9b2562d1b176e235ac7b641e1afdc40c3d5242661d9dbed3d,4b5b7791539478f9b2562d1b176e235ac7b641e1afdc40c3d5242661d9dbed3d,2ad0e9f7bbdfe12695c931891fd0e8132d060fd7bcbca23623db43d4c7393a5c,561839806dcdb8279ac4e42025bc5a82751f2588a2b2066fa84637918d8e4896,2987a546cb3f48253dcdfdc400036a68d1977eddb1012f753e54eca010acedd8,73ed0728ba3aea4548919a2c599b960f1645e1842d48afd930cc90a737aecd92,a96eee14f959c7954577e91fe17d4515a9348f0431a52c4dd9b8f37b88ac9cf5,d543101e7ea78ed2ddaba45de0ca0f44ec997e73ba696c2970de54b1e75cccfc,e40ccb491db9d0ecfe8c9e8462f713cf096279ef2b219236d05222512135b242,fb59b12e82b041c59cc8a3933745a40e92c5e89aa7df64846e5855fbd3acb00e,38669e3f0e715d12f919bbd64ba6e09fbb431145f819869ebd01d20e8fde4ed0,"[[18.0,4639],[20.0,4121]]","[[26.0,8760]]","[[""north"",""002ee4e68ba2ff1e9da7eb8f1e16c441bba47a8ad5ed36d81dc169204a2cb66d""],[""east"",""b1a28b883b4633c7b55388b5b43f571e79efcd391bc0ce6bc07019b5e25d8065""],[""south"",""c667e440b35d715226d38302c0104b35b5d5764fed6125e5bcc80d08fabf1f41""],[""west"",""2767619730916a7bca7fe58275301af35dc43db33040cad9a975264954dbabb5""]]"
mc_283c112a5729310440f76ed65f956b74bb0d566ab94270643f06ae4abb5013e6,BE_TABULA_14,"Apartment, enclosed",MFH,1971-1990,TABULA_advanced_A_proxy,2851cf077281e480136cab6af02d4720b94564326517124af576ab8634ba52a3,100.09999999999999,rcp_2_6,weather_2050_rcp_2_6_pvgis_2006,pvgis_2006,2006,2041-2060,406410021,5,2414463445,central,central,506.12306950972874,2244.2879996712472,5.056174520576711,22.420459537175297,2325.1547697216724,3135.2708978418177,217.67285176044996,715.81948507738718,840,2402,2402,840,2953,4326.9683333335679,3500.0000000002337,4.1268322092946619e-11,2,residential_energy_demand_gate5_v1,4b5b7791539478f9b2562d1b176e235ac7b641e1afdc40c3d5242661d9dbed3d,4b5b7791539478f9b2562d1b176e235ac7b641e1afdc40c3d5242661d9dbed3d,2ad0e9f7bbdfe12695c931891fd0e8132d060fd7bcbca23623db43d4c7393a5c,561839806dcdb8279ac4e42025bc5a82751f2588a2b2066fa84637918d8e4896,2987a546cb3f48253dcdfdc400036a68d1977eddb1012f753e54eca010acedd8,73ed0728ba3aea4548919a2c599b960f1645e1842d48afd930cc90a737aecd92,a96eee14f959c7954577e91fe17d4515a9348f0431a52c4dd9b8f37b88ac9cf5,d543101e7ea78ed2ddaba45de0ca0f44ec997e73ba696c2970de54b1e75cccfc,e40ccb491db9d0ecfe8c9e8462f713cf096279ef2b219236d05222512135b242,fb59b12e82b041c59cc8a3933745a40e92c5e89aa7df64846e5855fbd3acb00e,38669e3f0e715d12f919bbd64ba6e09fbb431145f819869ebd01d20e8fde4ed0,"[[18.0,2801],[20.0,5959]]","[[26.0,8760]]","[[""north"",""002ee4e68ba2ff1e9da7eb8f1e16c441bba47a8ad5ed36d81dc169204a2cb66d""],[""east"",""b1a28b883b4633c7b55388b5b43f571e79efcd391bc0ce6bc07019b5e25d8065""],[""south"",""c667e440b35d715226d38302c0104b35b5d5764fed6125e5bcc80d08fabf1f41""],[""west"",""2767619730916a7bca7fe58275301af35dc43db33040cad9a975264954dbabb5""]]"
mc_5804b05cced99559614fe6aa216bc3011458dd1f39e641bfa66c86f270dd9d33,BE_TABULA_14,"Apartment, enclosed",MFH,1971-1990,TABULA_advanced_A_proxy,2851cf077281e480136cab6af02d4720b94564326517124af576ab8634ba52a3,100.09999999999999,rcp_2_6,weather_2050_rcp_2_6_pvgis_2006,pvgis_2006,2006,2041-2060,4239089345,2,101885228,central,central,553.10607709884948,2013.9290691661301,5.5255352357527423,20.119171520141162,2187.0453218184575,3245.9162762634573,252.90105860218736,620.45009721706947,893,2270,2270,893,2848,3937.6166666670897,3500.0000000004234,4.1438852349529043e-11,2,residential_energy_demand_gate5_v1,4b5b7791539478f9b2562d1b176e235ac7b641e1afdc40c3d5242661d9dbed3d,4b5b7791539478f9b2562d1b176e235ac7b641e1afdc40c3d5242661d9dbed3d,2ad0e9f7bbdfe12695c931891fd0e8132d060fd7bcbca23623db43d4c7393a5c,561839806dcdb8279ac4e42025bc5a82751f2588a2b2066fa84637918d8e4896,2987a546cb3f48253dcdfdc400036a68d1977eddb1012f753e54eca010acedd8,73ed0728ba3aea4548919a2c599b960f1645e1842d48afd930cc90a737aecd92,a96eee14f959c7954577e91fe17d4515a9348f0431a52c4dd9b8f37b88ac9cf5,d543101e7ea78ed2ddaba45de0ca0f44ec997e73ba696c2970de54b1e75cccfc,e40ccb491db9d0ecfe8c9e8462f713cf096279ef2b219236d05222512135b242,fb59b12e82b041c59cc8a3933745a40e92c5e89aa7df64846e5855fbd3acb00e,38669e3f0e715d12f919bbd64ba6e09fbb431145f819869ebd01d20e8fde4ed0,"[[18.0,3906],[20.0,4854]]","[[26.0,8760]]","[[""north"",""002ee4e68ba2ff1e9da7eb8f1e16c441bba47a8ad5ed36d81dc169204a2cb66d""],[""east"",""b1a28b883b4633c7b55388b5b43f571e79efcd391bc0ce6bc07019b5e25d8065""],[""south"",""c667e440b35d715226d38302c0104b35b5d5764fed6125e5bcc80d08fabf1f41""],[""west"",""2767619730916a7bca7fe58275301af35dc43db33040cad9a975264954dbabb5""]]"
mc_76f398cf3c3f275628c4083f65f485cceab9e717fbb56cd6a3c8645ebd49e765,BE_TABULA_14,"Apartment, enclosed",MFH,1971-1990,TABULA_advanced_A_proxy,2851cf077281e480136cab6af02d4720b94564326517124af576ab8634ba52a3,100.09999999999999,rcp_2_6,weather_2050_rcp_2_6_pvgis_2006,pvgis_2006,2006,2041-2060,4121713922,1,654293494,central,central,641.21886678709495,2048.9564567460639,6.4057828849859639,20.469095471988652,2436.5970090161059,3933.4441020098134,263.16164076964787,520.90646354911689,942,2204,2204,942,2656,3736.4249999998583,3499.999999999859,4.3542058847378939e-11,2,residential_energy_demand_gate5_v1,4b5b7791539478f9b2562d1b176e235ac7b641e1afdc40c3d5242661d9dbed3d,4b5b7791539478f9b2562d1b176e235ac7b641e1afdc40c3d5242661d9dbed3d,2ad0e9f7bbdfe12695c931891fd0e8132d060fd7bcbca23623db43d4c7393a5c,561839806dcdb8279ac4e42025bc5a82751f2588a2b2066fa84637918d8e4896,2987a546cb3f48253dcdfdc400036a68d1977eddb1012f753e54eca010acedd8,73ed0728ba3aea4548919a2c599b960f1645e1842d48afd930cc90a737aecd92,a96eee14f959c7954577e91fe17d4515a9348f0431a52c4dd9b8f37b88ac9cf5,d543101e7ea78ed2ddaba45de0ca0f44ec997e73ba696c2970de54b1e75cccfc,e40ccb491db9d0ecfe8c9e8462f713cf096279ef2b219236d05222512135b242,fb59b12e82b041c59cc8a3933745a40e92c5e89aa7df64846e5855fbd3acb00e,38669e3f0e715d12f919bbd64ba6e09fbb431145f819869ebd01d20e8fde4ed0,"[[18.0,4526],[20.0,4234]]","[[26.0,8760]]","[[""north"",""002ee4e68ba2ff1e9da7eb8f1e16c441bba47a8ad5ed36d81dc169204a2cb66d""],[""east"",""b1a28b883b4633c7b55388b5b43f571e79efcd391bc0ce6bc07019b5e25d8065""],[""south"",""c667e440b35d715226d38302c0104b35b5d5764fed6125e5bcc80d08fabf1f41""],[""west"",""2767619730916a7bca7fe58275301af35dc43db33040cad9a975264954dbabb5""]]"
mc_701a724d737e2fe99dcf4a483ba2c188b24c9f4ade173ae88f4724ea66c9ddc1,BE_TABULA_14,"Apartment, enclosed",MFH,1971-1990,TABULA_advanced_A_proxy,2851cf077281e480136cab6af02d4720b94564326517124af576ab8634ba52a3,100.09999999999999,rcp_2_6,weather_2050_rcp_2_6_pvgis_2006,pvgis_2006,2006,2041-2060,528153456,4,1704256339,central,central,534.52324594409208,2192.4954952539952,5.3398925668740471,21.903051900639312,2500.0015228116881,3337.3084769404954,213.80916814119672,656.96518928450485,802,2340,2340,802,2831,4175.3366666669344,3500.0000000002688,4.2405190470162779e-11,2,residential_energy_demand_gate5_v1,4b5b7791539478f9b2562d1b176e235ac7b641e1afdc40c3d5242661d9dbed3d,4b5b7791539478f9b2562d1b176e235ac7b641e1afdc40c3d5242661d9dbed3d,2ad0e9f7bbdfe12695c931891fd0e8132d060fd7bcbca23623db43d4c7393a5c,561839806dcdb8279ac4e42025bc5a82751f2588a2b2066fa84637918d8e4896,2987a546cb3f48253dcdfdc400036a68d1977eddb1012f753e54eca010acedd8,73ed0728ba3aea4548919a2c599b960f1645e1842d48afd930cc90a737aecd92,a96eee14f959c7954577e91fe17d4515a9348f0431a52c4dd9b8f37b88ac9cf5,d543101e7ea78ed2ddaba45de0ca0f44ec997e73ba696c2970de54b1e75cccfc,e40ccb491db9d0ecfe8c9e8462f713cf096279ef2b219236d05222512135b242,fb59b12e82b041c59cc8a3933745a40e92c5e89aa7df64846e5855fbd3acb00e,38669e3f0e715d12f919bbd64ba6e09fbb431145f819869ebd01d20e8fde4ed0,"[[18.0,3185],[20.0,5575]]","[[26.0,8760]]","[[""north"",""002ee4e68ba2ff1e9da7eb8f1e16c441bba47a8ad5ed36d81dc169204a2cb66d""],[""east"",""b1a28b883b4633c7b55388b5b43f571e79efcd391bc0ce6bc07019b5e25d8065""],[""south"",""c667e440b35d715226d38302c0104b35b5d5764fed6125e5bcc80d08fabf1f41""],[""west"",""2767619730916a7bca7fe58275301af35dc43db33040cad9a975264954dbabb5""]]"
mc_d08dff656b90961bb5f20ec4a59210a354277b8c8f7e751e68dcbe9c9fdb3bcd,BE_TABULA_14,"Apartment, enclosed",MFH,1971-1990,TABULA_advanced_A_proxy,2851cf077281e480136cab6af02d4720b94564326517124af576ab8634ba52a3,100.09999999999999,rcp_2_6,weather_2050_rcp_2_6_pvgis_2006,pvgis_2006,2006,2041-2060,1536553193,2,764451246,central,central,608.33576571101719,2098.9481306155567,6.0772803767334391,20.968512793362205,2413.5138970146713,3271.9060747367903,252.05397261788346,641.50622990741181,828,2261,2261,828,2772,3959.7949999993884,3499.9999999993893,4.1382008930668235e-11,2,residential_energy_demand_gate5_v1,4b5b7791539478f9b2562d1b176e235ac7b641e1afdc40c3d5242661d9dbed3d,4b5b7791539478f9b2562d1b176e235ac7b641e1afdc40c3d5242661d9dbed3d,2ad0e9f7bbdfe12695c931891fd0e8132d060fd7bcbca23623db43d4c7393a5c,561839806dcdb8279ac4e42025bc5a82751f2588a2b2066fa84637918d8e4896,2987a546cb3f48253dcdfdc400036a68d1977eddb1012f753e54eca010acedd8,73ed0728ba3aea4548919a2c599b960f1645e1842d48afd930cc90a737aecd92,a96eee14f959c7954577e91fe17d4515a9348f0431a52c4dd9b8f37b88ac9cf5,d543101e7ea78ed2ddaba45de0ca0f44ec997e73ba696c2970de54b1e75cccfc,e40ccb491db9d0ecfe8c9e8462f713cf096279ef2b219236d05222512135b242,fb59b12e82b041c59cc8a3933745a40e92c5e89aa7df64846e5855fbd3acb00e,38669e3f0e715d12f919bbd64ba6e09fbb431145f819869ebd01d20e8fde4ed0,"[[18.0,3633],[20.0,5127]]","[[26.0,8760]]","[[""north"",""002ee4e68ba2ff1e9da7eb8f1e16c441bba47a8ad5ed36d81dc169204a2cb66d""],[""east"",""b1a28b883b4633c7b55388b5b43f571e79efcd391bc0ce6bc07019b5e25d8065""],[""south"",""c667e440b35d715226d38302c0104b35b5d5764fed6125e5bcc80d08fabf1f41""],[""west"",""2767619730916a7bca7fe58275301af35dc43db33040cad9a975264954dbabb5""]]"
mc_694fb2c021ba4a5fdb9adac6c860803ea98ce306cff7f04addcc803ad7251df8,BE_TABULA_14,"Apartment, enclosed",MFH,1971-1990,TABULA_advanced_A_proxy,2851cf077281e480136cab6af02d4720b94564326517124af576ab8634ba52a3,100.09999999999999,rcp_2_6,weather_2050_rcp_2_6_pvgis_2006,pvgis_2006,2006,2041-2060,2701107225,1,1133817418,central,central,617.66003506623667,2034.0550585857809,6.1704299207416256,20.320230355502307,2490.8090128457602,3520.8644660688869,247.97567050737356,577.71467154963864,876,2124,2124,876,2568,3737.1833333334598,3500.0000000001264,3.8767211663071066e-11,2,residential_energy_demand_gate5_v1,4b5b7791539478f9b2562d1b176e235ac7b641e1afdc40c3d5242661d9dbed3d,4b5b7791539478f9b2562d1b176e235ac7b641e1afdc40c3d5242661d9dbed3d,2ad0e9f7bbdfe12695c931891fd0e8132d060fd7bcbca23623db43d4c7393a5c,561839806dcdb8279ac4e42025bc5a82751f2588a2b2066fa84637918d8e4896,2987a546cb3f48253dcdfdc400036a68d1977eddb1012f753e54eca010acedd8,73ed0728ba3aea4548919a2c599b960f1645e1842d48afd930cc90a737aecd92,a96eee14f959c7954577e91fe17d4515a9348f0431a52c4dd9b8f37b88ac9cf5,d543101e7ea78ed2ddaba45de0ca0f44ec997e73ba696c2970de54b1e75cccfc,e40ccb491db9d0ecfe8c9e8462f713cf096279ef2b219236d05222512135b242,fb59b12e82b041c59cc8a3933745a40e92c5e89aa7df64846e5855fbd3acb00e,38669e3f0e715d12f919bbd64ba6e09fbb431145f819869ebd01d20e8fde4ed0,"[[18.0,4533],[20.0,4227]]","[[26.0,8760]]","[[""north"",""002ee4e68ba2ff1e9da7eb8f1e16c441bba47a8ad5ed36d81dc169204a2cb66d""],[""east"",""b1a28b883b4633c7b55388b5b43f571e79efcd391bc0ce6bc07019b5e25d8065""],[""south"",""c667e440b35d715226d38302c0104b35b5d5764fed6125e5bcc80d08fabf1f41""],[""west"",""2767619730916a7bca7fe58275301af35dc43db33040cad9a975264954dbabb5""]]"
mc_b3c0ba176ddf7f11b0de5ce5e6134eea938a3a6e727290d634a333d8e1199c64,BE_TABULA_14,"Apartment, enclosed",MFH,1971-1990,TABULA_advanced_A_proxy,2851cf077281e480136cab6af02d4720b94564326517124af576ab8634ba52a3,100.09999999999999,rcp_2_6,weather_2050_rcp_2_6_pvgis_2006,pvgis_2006,2006,2041-2060,460941366,1,1808244412,central,central,617.46506664315257,1992.1943158493527,6.1684821842472788,19.902041117376154,2477.9569157388255,3467.6275675032502,249.18313257236346,574.51219228937146,846,2128,2128,846,2626,3728.7716666666793,3500.0000000000123,4.2177816794719547e-11,2,residential_energy_demand_gate5_v1,4b5b7791539478f9b2562d1b176e235ac7b641e1afdc40c3d5242661d9dbed3d,4b5b7791539478f9b2562d1b176e235ac7b641e1afdc40c3d5242661d9dbed3d,2ad0e9f7bbdfe12695c931891fd0e8132d060fd7bcbca23623db43d4c7393a5c,561839806dcdb8279ac4e42025bc5a82751f2588a2b2066fa84637918d8e4896,2987a546cb3f48253dcdfdc400036a68d1977eddb1012f753e54eca010acedd8,73ed0728ba3aea4548919a2c599b960f1645e1842d48afd930cc90a737aecd92,a96eee14f959c7954577e91fe17d4515a9348f0431a52c4dd9b8f37b88ac9cf5,d543101e7ea78ed2ddaba45de0ca0f44ec997e73ba696c2970de54b1e75cccfc,e40ccb491db9d0ecfe8c9e8462f713cf096279ef2b219236d05222512135b242,fb59b12e82b041c59cc8a3933745a40e92c5e89aa7df64846e5855fbd3acb00e,38669e3f0e715d12f919bbd64ba6e09fbb431145f819869ebd01d20e8fde4ed0,"[[18.0,4674],[20.0,4086]]","[[26.0,8760]]","[[""north"",""002ee4e68ba2ff1e9da7eb8f1e16c441bba47a8ad5ed36d81dc169204a2cb66d""],[""east"",""b1a28b883b4633c7b55388b5b43f571e79efcd391bc0ce6bc07019b5e25d8065""],[""south"",""c667e440b35d715226d38302c0104b35b5d5764fed6125e5bcc80d08fabf1f41""],[""west"",""2767619730916a7bca7fe58275301af35dc43db33040cad9a975264954dbabb5""]]"
mc_a8ccf0333b9f2045d8546005e22c2b6ed16baf1ec588ca4845854bb0528593b0,BE_TABULA_14,"Apartment, enclosed",MFH,1971-1990,TABULA_advanced_A_proxy,2851cf077281e480136cab6af02d4720b94564326517124af576ab8634ba52a3,100.09999999999999,rcp_2_6,weather_2050_rcp_2_6_pvgis_2006,pvgis_2006,2006,2041-2060,2869373249,4,3994045191,central,central,546.82253272671448,2196.9093505102919,5.4627625647024427,21.947146358744178,2416.9422331913283,3375.3788048554088,226.2455946266827,650.86305197807292,838,2334,2334,838,2857,4183.9700000009489,3500.0000000009486,4.1950443119276315e-11,2,residential_energy_demand_gate5_v1,4b5b7791539478f9b2562d1b176e235ac7b641e1afdc40c3d5242661d9dbed3d,4b5b7791539478f9b2562d1b176e235ac7b641e1afdc40c3d5242661d9dbed3d,2ad0e9f7bbdfe12695c931891fd0e8132d060fd7bcbca23623db43d4c7393a5c,561839806dcdb8279ac4e42025bc5a82751f2588a2b2066fa84637918d8e4896,2987a546cb3f48253dcdfdc400036a68d1977eddb1012f753e54eca010acedd8,73ed0728ba3aea4548919a2c599b960f1645e1842d48afd930cc90a737aecd92,a96eee14f959c7954577e91fe17d4515a9348f0431a52c4dd9b8f37b88ac9cf5,d543101e7ea78ed2ddaba45de0ca0f44ec997e73ba696c2970de54b1e75cccfc,e40ccb491db9d0ecfe8c9e8462f713cf096279ef2b219236d05222512135b242,fb59b12e82b041c59cc8a3933745a40e92c5e89aa7df64846e5855fbd3acb00e,38669e3f0e715d12f919bbd64ba6e09fbb431145f819869ebd01d20e8fde4ed0,"[[18.0,3202],[20.0,5558]]","[[26.0,8760]]","[[""north"",""002ee4e68ba2ff1e9da7eb8f1e16c441bba47a8ad5ed36d81dc169204a2cb66d""],[""east"",""b1a28b883b4633c7b55388b5b43f571e79efcd391bc0ce6bc07019b5e25d8065""],[""south"",""c667e440b35d715226d38302c0104b35b5d5764fed6125e5bcc80d08fabf1f41""],[""west"",""2767619730916a7bca7fe58275301af35dc43db33040cad9a975264954dbabb5""]]"
mc_99954917f00638fc80c041cf469723e77fd94ea0419344becc2bfdfb532e479a,BE_TABULA_14,"Apartment, enclosed",MFH,1971-1990,TABULA_advanced_A_proxy,2851cf077281e480136cab6af02d4720b94564326517124af576ab8634ba52a3,100.09999999999999,rcp_2_6,weather_2050_rcp_2_6_pvgis_2006,pvgis_2006,2006,2041-2060,2053834706,1,1023915084,central,central,571.53372813286728,1999.5823005558977,5.7096276536749979,19.97584715840058,2448.5767193917859,3291.424122531188,233.41467049267436,607.51280482752509,874,2114,2114,874,2549,3732.9250000000243,3500.0000000000246,4.0813574742060155e-11,2,residential_energy_demand_gate5_v1,4b5b7791539478f9b2562d1b176e235ac7b641e1afdc40c3d5242661d9dbed3d,4b5b7791539478f9b2562d1b176e235ac7b641e1afdc40c3d5242661d9dbed3d,2ad0e9f7bbdfe12695c931891fd0e8132d060fd7bcbca23623db43d4c7393a5c,561839806dcdb8279ac4e42025bc5a82751f2588a2b2066fa84637918d8e4896,2987a546cb3f48253dcdfdc400036a68d1977eddb1012f753e54eca010acedd8,73ed0728ba3aea4548919a2c599b960f1645e1842d48afd930cc90a737aecd92,a96eee14f959c7954577e91fe17d4515a9348f0431a52c4dd9b8f37b88ac9cf5,d543101e7ea78ed2ddaba45de0ca0f44ec997e73ba696c2970de54b1e75cccfc,e40ccb491db9d0ecfe8c9e8462f713cf096279ef2b219236d05222512135b242,fb59b12e82b041c59cc8a3933745a40e92c5e89aa7df64846e5855fbd3acb00e,38669e3f0e715d12f919bbd64ba6e09fbb431145f819869ebd01d20e8fde4ed0,"[[18.0,4629],[20.0,4131]]","[[26.0,8760]]","[[""north"",""002ee4e68ba2ff1e9da7eb8f1e16c441bba47a8ad5ed36d81dc169204a2cb66d""],[""east"",""b1a28b883b4633c7b55388b5b43f571e79efcd391bc0ce6bc07019b5e25d8065""],[""south"",""c667e440b35d715226d38302c0104b35b5d5764fed6125e5bcc80d08fabf1f41""],[""west"",""2767619730916a7bca7fe58275301af35dc43db33040cad9a975264954dbabb5""]]"
mc_666619dcaefc50ea6ab11836f6cb86a2bb76d7b0c1b3e7699a82cb2cd0ca8a1e,BE_TABULA_14,"Apartment, enclosed",MFH,1971-1990,TABULA_advanced_A_proxy,2851cf077281e480136cab6af02d4720b94564326517124af576ab8634ba52a3,100.09999999999999,rcp_2_6,weather_2050_rcp_2_6_pvgis_2006,pvgis_2006,2006,2041-2060,3560160567,2,3509751109,central,central,560.5726474853418,2061.2866490095307,5.6001263485049133,20.592274215879428,2474.5367350547417,3317.5319939086999,226.53640155919558,621.33135499348509,809,2224,2224,809,2677,3944.920000000282,3500.0000000002824,4.1382008930668235e-11,2,residential_energy_demand_gate5_v1,4b5b7791539478f9b2562d1b176e235ac7b641e1afdc40c3d5242661d9dbed3d,4b5b7791539478f9b2562d1b176e235ac7b641e1afdc40c3d5242661d9dbed3d,2ad0e9f7bbdfe12695c931891fd0e8132d060fd7bcbca23623db43d4c7393a5c,561839806dcdb8279ac4e42025bc5a82751f2588a2b2066fa84637918d8e4896,2987a546cb3f48253dcdfdc400036a68d1977eddb1012f753e54eca010acedd8,73ed0728ba3aea4548919a2c599b960f1645e1842d48afd930cc90a737aecd92,a96eee14f959c7954577e91fe17d4515a9348f0431a52c4dd9b8f37b88ac9cf5,d543101e7ea78ed2ddaba45de0ca0f44ec997e73ba696c2970de54b1e75cccfc,e40ccb491db9d0ecfe8c9e8462f713cf096279ef2b219236d05222512135b242,fb59b12e82b041c59cc8a3933745a40e92c5e89aa7df64846e5855fbd3acb00e,38669e3f0e715d12f919bbd64ba6e09fbb431145f819869ebd01d20e8fde4ed0,"[[18.0,3796],[20.0,4964]]","[[26.0,8760]]","[[""north"",""002ee4e68ba2ff1e9da7eb8f1e16c441bba47a8ad5ed36d81dc169204a2cb66d""],[""east"",""b1a28b883b4633c7b55388b5b43f571e79efcd391bc0ce6bc07019b5e25d8065""],[""south"",""c667e440b35d715226d38302c0104b35b5d5764fed6125e5bcc80d08fabf1f41""],[""west"",""2767619730916a7bca7fe58275301af35dc43db33040cad9a975264954dbabb5""]]"
mc_87c3c0deeb1cc201510238460fcbf92cfac9b8cd4a972e4c647f7ef22a8280ac,BE_TABULA_14,"Apartment, enclosed",MFH,1971-1990,TABULA_advanced_A_proxy,2851cf077281e480136cab6af02d4720b94564326517124af576ab8634ba52a3,100.09999999999999,rcp_2_6,weather_2050_rcp_2_6_pvgis_2006,pvgis_2006,2006,2041-2060,3815772485,3,2742801478,central,central,540.8006815210839,2095.7964984066225,5.4026042109998391,20.937027956110118,2450.106162875521,3204.3588516850477,220.72540762331025,654.04550345680684,874,2306,2306,874,2807,4057.5266666665102,3499.9999999998431,4.2064129956997931e-11,2,residential_energy_demand_gate5_v1,4b5b7791539478f9b2562d1b176e235ac7b641e1afdc40c3d5242661d9dbed3d,4b5b7791539478f9b2562d1b176e235ac7b641e1afdc40c3d5242661d9dbed3d,2ad0e9f7bbdfe12695c931891fd0e8132d060fd7bcbca23623db43d4c7393a5c,561839806dcdb8279ac4e42025bc5a82751f2588a2b2066fa84637918d8e4896,2987a546cb3f48253dcdfdc400036a68d1977eddb1012f753e54eca010acedd8,73ed0728ba3aea4548919a2c599b960f1645e1842d48afd930cc90a737aecd92,a96eee14f959c7954577e91fe17d4515a9348f0431a52c4dd9b8f37b88ac9cf5,d543101e7ea78ed2ddaba45de0ca0f44ec997e73ba696c2970de54b1e75cccfc,e40ccb491db9d0ecfe8c9e8462f713cf096279ef2b219236d05222512135b242,fb59b12e82b041c59cc8a3933745a40e92c5e89aa7df64846e5855fbd3acb00e,38669e3f0e715d12f919bbd64ba6e09fbb431145f819869ebd01d20e8fde4ed0,"[[18.0,3311],[20.0,5449]]","[[26.0,8760]]","[[""north"",""002ee4e68ba2ff1e9da7eb8f1e16c441bba47a8ad5ed36d81dc169204a2cb66d""],[""east"",""b1a28b883b4633c7b55388b5b43f571e79efcd391bc0ce6bc07019b5e25d8065""],[""south"",""c667e440b35d715226d38302c0104b35b5d5764fed6125e5bcc80d08fabf1f41""],[""west"",""2767619730916a7bca7fe58275301af35dc43db33040cad9a975264954dbabb5""]]"
mc_60a3ff6d5865d12b7fdcc7fd944e352418d215e6e7d3cd0dd16ab318385d78cc,BE_TABULA_14,"Apartment, enclosed",MFH,1971-1990,TABULA_advanced_A_proxy,2851cf077281e480136cab6af02d4720b94564326517124af576ab8634ba52a3,100.09999999999999,rcp_2_6,weather_2050_rcp_2_6_pvgis_2006,pvgis_2006,2006,2041-2060,1523204169,1,2506735745,central,central,601.87838413009399,2042.8961621064116,6.0127710702307091,20.40855306799612,2451.2152626170705,3787.2209957548589,245.5428510540078,539.41826061809388,853,2121,2121,853,2566,3740.5316666670419,3500.0000000003747,4.1040948417503387e-11,2,residential_energy_demand_gate5_v1,4b5b7791539478f9b2562d1b176e235ac7b641e1afdc40c3d5242661d9dbed3d,4b5b7791539478f9b2562d1b176e235ac7b641e1afdc40c3d5242661d9dbed3d,2ad0e9f7bbdfe12695c931891fd0e8132d060fd7bcbca23623db43d4c7393a5c,561839806dcdb8279ac4e42025bc5a82751f2588a2b2066fa84637918d8e4896,2987a546cb3f48253dcdfdc400036a68d1977eddb1012f753e54eca010acedd8,73ed0728ba3aea4548919a2c599b960f1645e1842d48afd930cc90a737aecd92,a96eee14f959c7954577e91fe17d4515a9348f0431a52c4dd9b8f37b88ac9cf5,d543101e7ea78ed2ddaba45de0ca0f44ec997e73ba696c2970de54b1e75cccfc,e40ccb491db9d0ecfe8c9e8462f713cf096279ef2b219236d05222512135b242,fb59b12e82b041c59cc8a3933745a40e92c5e89aa7df64846e5855fbd3acb00e,38669e3f0e715d12f919bbd64ba6e09fbb431145f819869ebd01d20e8fde4ed0,"[[18.0,4484],[20.0,4276]]","[[26.0,8760]]","[[""north"",""002ee4e68ba2ff1e9da7eb8f1e16c441bba47a8ad5ed36d81dc169204a2cb66d""],[""east"",""b1a28b883b4633c7b55388b5b43f571e79efcd391bc0ce6bc07019b5e25d8065""],[""south"",""c667e440b35d715226d38302c0104b35b5d5764fed6125e5bcc80d08fabf1f41""],[""west"",""2767619730916a7bca7fe58275301af35dc43db33040cad9a975264954dbabb5""]]"
mc_7ad813f7e4af04ef9291cfa9b29d0c71deda1d5567b401f7138279bc35a64c6f,BE_TABULA_14,"Apartment, enclosed",MFH,1971-1990,TABULA_advanced_A_proxy,2851cf077281e480136cab6af02d4720b94564326517124af576ab8634ba52a3,100.09999999999999,rcp_2_6,weather_2050_rcp_2_6_pvgis_2006,pvgis_2006,2006,2041-2060,3168655264,2,2596705045,central,central,577.7732727460326,2165.83505953437,5.771960766693633,21.636713881462239,2334.5173147373125,3806.7828765575482,247.4915345877593,568.94105331610672,816,2182,2182,816,2582,3935.9949999992409,3499.999999999241,4.1154635255225003e-11,2,residential_energy_demand_gate5_v1,4b5b7791539478f9b2562d1b176e235ac7b641e1afdc40c3d5242661d9dbed3d,4b5b7791539478f9b2562d1b176e235ac7b641e1afdc40c3d5242661d9dbed3d,2ad0e9f7bbdfe12695c931891fd0e8132d060fd7bcbca23623db43d4c7393a5c,561839806dcdb8279ac4e42025bc5a82751f2588a2b2066fa84637918d8e4896,2987a546cb3f48253dcdfdc400036a68d1977eddb1012f753e54eca010acedd8,73ed0728ba3aea4548919a2c599b960f1645e1842d48afd930cc90a737aecd92,a96eee14f959c7954577e91fe17d4515a9348f0431a52c4dd9b8f37b88ac9cf5,d543101e7ea78ed2ddaba45de0ca0f44ec997e73ba696c2970de54b1e75cccfc,e40ccb491db9d0ecfe8c9e8462f713cf096279ef2b219236d05222512135b242,fb59b12e82b041c59cc8a3933745a40e92c5e89aa7df64846e5855fbd3acb00e,38669e3f0e715d12f919bbd64ba6e09fbb431145f819869ebd01d20e8fde4ed0,"[[18.0,3834],[20.0,4926]]","[[26.0,8760]]","[[""north"",""002ee4e68ba2ff1e9da7eb8f1e16c441bba47a8ad5ed36d81dc169204a2cb66d""],[""east"",""b1a28b883b4633c7b55388b5b43f571e79efcd391bc0ce6bc07019b5e25d8065""],[""south"",""c667e440b35d715226d38302c0104b35b5d5764fed6125e5bcc80d08fabf1f41""],[""west"",""2767619730916a7bca7fe58275301af35dc43db33040cad9a975264954dbabb5""]]"
mc_710bfc75f43e6000dd6993cbb4d9317046d0fdfc86f7586943b20c233345bb02,BE_TABULA_14,"Apartment, enclosed",MFH,1971-1990,TABULA_advanced_A_proxy,2851cf077281e480136cab6af02d4720b94564326517124af576ab8634ba52a3,100.09999999999999,rcp_2_6,weather_2050_rcp_2_6_pvgis_2006,pvgis_2006,2006,2041-2060,871166546,2,1136300916,central,central,568.78449582218218,2055.1224416733821,5.6821627954263958,20.530693723010813,2468.2011171112322,3197.9719260119859,230.44495518577682,642.63304657468075,855,2211,2211,855,2722,3934.1983333334433,3500.00000000011,4.5474735088646412e-11,2,residential_energy_demand_gate5_v1,4b5b7791539478f9b2562d1b176e235ac7b641e1afdc40c3d5242661d9dbed3d,4b5b7791539478f9b2562d1b176e235ac7b641e1afdc40c3d5242661d9dbed3d,2ad0e9f7bbdfe12695c931891fd0e8132d060fd7bcbca23623db43d4c7393a5c,561839806dcdb8279ac4e42025bc5a82751f2588a2b2066fa84637918d8e4896,2987a546cb3f48253dcdfdc400036a68d1977eddb1012f753e54eca010acedd8,73ed0728ba3aea4548919a2c599b960f1645e1842d48afd930cc90a737aecd92,a96eee14f959c7954577e91fe17d4515a9348f0431a52c4dd9b8f37b88ac9cf5,d543101e7ea78ed2ddaba45de0ca0f44ec997e73ba696c2970de54b1e75cccfc,e40ccb491db9d0ecfe8c9e8462f713cf096279ef2b219236d05222512135b242,fb59b12e82b041c59cc8a3933745a40e92c5e89aa7df64846e5855fbd3acb00e,38669e3f0e715d12f919bbd64ba6e09fbb431145f819869ebd01d20e8fde4ed0,"[[18.0,3853],[20.0,4907]]","[[26.0,8760]]","[[""north"",""002ee4e68ba2ff1e9da7eb8f1e16c441bba47a8ad5ed36d81dc169204a2cb66d""],[""east"",""b1a28b883b4633c7b55388b5b43f571e79efcd391bc0ce6bc07019b5e25d8065""],[""south"",""c667e440b35d715226d38302c0104b35b5d5764fed6125e5bcc80d08fabf1f41""],[""west"",""2767619730916a7bca7fe58275301af35dc43db33040cad9a975264954dbabb5""]]"
mc_ff0a2f436ba60730f448a8308b47e1194c927d15dbade17a9d4b3efa4957becd,BE_TABULA_14,"Apartment, enclosed",MFH,1971-1990,TABULA_advanced_A_proxy,2851cf077281e480136cab6af02d4720b94564326517124af576ab8634ba52a3,100.09999999999999,rcp_2_6,weather_2050_rcp_2_6_pvgis_2006,pvgis_2006,2006,2041-2060,2626399861,1,2488973170,central,central,627.75205745962569,2067.8760488754401,6.2712493252709862,20.658102386368036,2546.7690857602502,3749.5263923025445,246.48958595012627,551.5032653512219,910,2132,2132,910,2622,3732.994999999506,3499.9999999995057,3.8994585338514298e-11,2,residential_energy_demand_gate5_v1,4b5b7791539478f9b2562d1b176e235ac7b641e1afdc40c3d5242661d9dbed3d,4b5b7791539478f9b2562d1b176e235ac7b641e1afdc40c3d5242661d9dbed3d,2ad0e9f7bbdfe12695c931891fd0e8132d060fd7bcbca23623db43d4c7393a5c,561839806dcdb8279ac4e42025bc5a82751f2588a2b2066fa84637918d8e4896,2987a546cb3f48253dcdfdc400036a68d1977eddb1012f753e54eca010acedd8,73ed0728ba3aea4548919a2c599b960f1645e1842d48afd930cc90a737aecd92,a96eee14f959c7954577e91fe17d4515a9348f0431a52c4dd9b8f37b88ac9cf5,d543101e7ea78ed2ddaba45de0ca0f44ec997e73ba696c2970de54b1e75cccfc,e40ccb491db9d0ecfe8c9e8462f713cf096279ef2b219236d05222512135b242,fb59b12e82b041c59cc8a3933745a40e92c5e89aa7df64846e5855fbd3acb00e,38669e3f0e715d12f919bbd64ba6e09fbb431145f819869ebd01d20e8fde4ed0,"[[18.0,4602],[20.0,4158]]","[[26.0,8760]]","[[""north"",""002ee4e68ba2ff1e9da7eb8f1e16c441bba47a8ad5ed36d81dc169204a2cb66d""],[""east"",""b1a28b883b4633c7b55388b5b43f571e79efcd391bc0ce6bc07019b5e25d8065""],[""south"",""c667e440b35d715226d38302c0104b35b5d5764fed6125e5bcc80d08fabf1f41""],[""west"",""2767619730916a7bca7fe58275301af35dc43db33040cad9a975264954dbabb5""]]"
mc_f3e2b4a249c0481f053c22dd0c4f870a215f525cd87983f7cbb43e78b0a194de,BE_TABULA_14,"Apartment, enclosed",MFH,1971-1990,TABULA_advanced_A_proxy,2851cf077281e480136cab6af02d4720b94564326517124af576ab8634ba52a3,100.09999999999999,rcp_2_6,weather_2050_rcp_2_6_pvgis_2006,pvgis_2006,2006,2041-2060,1170469307,2,979580575,central,central,617.50359420285827,2155.5991001747389,6.1688670749536296,21.534456545202186,2521.9785346476901,3050.56037002216,244.84886993263839,706.62397681350603,874,2256,2256,874,2712,3962.629999999991,3499.9999999999914,3.979039320256561e-11,2,residential_energy_demand_gate5_v1,4b5b7791539478f9b2562d1b176e235ac7b641e1afdc40c3d5242661d9dbed3d,4b5b7791539478f9b2562d1b176e235ac7b641e1afdc40c3d5242661d9dbed3d,2ad0e9f7bbdfe12695c931891fd0e8132d060fd7bcbca23623db43d4c7393a5c,561839806dcdb8279ac4e42025bc5a82751f2588a2b2066fa84637918d8e4896,2987a546cb3f48253dcdfdc400036a68d1977eddb1012f753e54eca010acedd8,73ed0728ba3aea4548919a2c599b960f1645e1842d48afd930cc90a737aecd92,a96eee14f959c7954577e91fe17d4515a9348f0431a52c4dd9b8f37b88ac9cf5,d543101e7ea78ed2ddaba45de0ca0f44ec997e73ba696c2970de54b1e75cccfc,e40ccb491db9d0ecfe8c9e8462f713cf096279ef2b219236d05222512135b242,fb59b12e82b041c59cc8a3933745a40e92c5e89aa7df64846e5855fbd3acb00e,38669e3f0e715d12f919bbd64ba6e09fbb431145f819869ebd01d20e8fde4ed0,"[[18.0,3677],[20.0,5083]]","[[26.0,8760]]","[[""north"",""002ee4e68ba2ff1e9da7eb8f1e16c441bba47a8ad5ed36d81dc169204a2cb66d""],[""east"",""b1a28b883b4633c7b55388b5b43f571e79efcd391bc0ce6bc07019b5e25d8065""],[""south"",""c667e440b35d715226d38302c0104b35b5d5764fed6125e5bcc80d08fabf1f41""],[""west"",""2767619730916a7bca7fe58275301af35dc43db33040cad9a975264954dbabb5""]]"
mc_a269a918ca16873be9d531af42bd1b6da6c2774f396c803fafe9a32235ee4c34,BE_TABULA_14,"Apartment, enclosed",MFH,1971-1990,TABULA_advanced_A_proxy,2851cf077281e480136cab6af02d4720b94564326517124af576ab8634ba52a3,100.09999999999999,rcp_2_6,weather_2050_rcp_2_6_pvgis_2006,pvgis_2006,2006,2041-2060,1630191912,5,873554529,central,central,487.71764905492967,2228.779108564956,4.8723041863629337,22.265525560089472,2548.0111218943348,3194.6322586485385,191.41111467846849,697.66374596987941,800,2381,2381,800,2909,4328.2400000005027,3500.0000000005034,4.1637804315541871e-11,2,residential_energy_demand_gate5_v1,4b5b7791539478f9b2562d1b176e235ac7b641e1afdc40c3d5242661d9dbed3d,4b5b7791539478f9b2562d1b176e235ac7b641e1afdc40c3d5242661d9dbed3d,2ad0e9f7bbdfe12695c931891fd0e8132d060fd7bcbca23623db43d4c7393a5c,561839806dcdb8279ac4e42025bc5a82751f2588a2b2066fa84637918d8e4896,2987a546cb3f48253dcdfdc400036a68d1977eddb1012f753e54eca010acedd8,73ed0728ba3aea4548919a2c599b960f1645e1842d48afd930cc90a737aecd92,a96eee14f959c7954577e91fe17d4515a9348f0431a52c4dd9b8f37b88ac9cf5,d543101e7ea78ed2ddaba45de0ca0f44ec997e73ba696c2970de54b1e75cccfc,e40ccb491db9d0ecfe8c9e8462f713cf096279ef2b219236d05222512135b242,fb59b12e82b041c59cc8a3933745a40e92c5e89aa7df64846e5855fbd3acb00e,38669e3f0e715d12f919bbd64ba6e09fbb431145f819869ebd01d20e8fde4ed0,"[[18.0,2766],[20.0,5994]]","[[26.0,8760]]","[[""north"",""002ee4e68ba2ff1e9da7eb8f1e16c441bba47a8ad5ed36d81dc169204a2cb66d""],[""east"",""b1a28b883b4633c7b55388b5b43f571e79efcd391bc0ce6bc07019b5e25d8065""],[""south"",""c667e440b35d715226d38302c0104b35b5d5764fed6125e5bcc80d08fabf1f41""],[""west"",""2767619730916a7bca7fe58275301af35dc43db33040cad9a975264954dbabb5""]]"
mc_9dfbb695dd0e14ca987d46ae546d1d290acee3f9bdd6e34894c1b61a48c65112,BE_TABULA_14,"Apartment, enclosed",MFH,1971-1990,TABULA_advanced_A_proxy,2851cf077281e480136cab6af02d4720b94564326517124af576ab8634ba52a3,100.09999999999999,rcp_2_6,weather_2050_rcp_2_6_pvgis_2006,pvgis_2006,2006,2041-2060,2418138936,1,3501527251,central,central,616.13045237477297,2024.3334625556497,6.155149374373357,20.223111514042454,2700.4125151525313,3331.4946609504618,228.16160453913878,607.63521139130853,895,2170,2170,895,2623,3737.8600000001588,3500.0000000001592,4.375877438178577e-11,2,residential_energy_demand_gate5_v1,4b5b7791539478f9b2562d1b176e235ac7b641e1afdc40c3d5242661d9dbed3d,4b5b7791539478f9b2562d1b176e235ac7b641e1afdc40c3d5242661d9dbed3d,2ad0e9f7bbdfe12695c931891fd0e8132d060fd7bcbca23623db43d4c7393a5c,561839806dcdb8279ac4e42025bc5a82751f2588a2b2066fa84637918d8e4896,2987a546cb3f48253dcdfdc400036a68d1977eddb1012f753e54eca010acedd8,73ed0728ba3aea4548919a2c599b960f1645e1842d48afd930cc90a737aecd92,a96eee14f959c7954577e91fe17d4515a9348f0431a52c4dd9b8f37b88ac9cf5,d543101e7ea78ed2ddaba45de0ca0f44ec997e73ba696c2970de54b1e75cccfc,e40ccb491db9d0ecfe8c9e8462f713cf096279ef2b219236d05222512135b242,fb59b12e82b041c59cc8a3933745a40e92c5e89aa7df64846e5855fbd3acb00e,38669e3f0e715d12f919bbd64ba6e09fbb431145f819869ebd01d20e8fde4ed0,"[[18.0,4532],[20.0,4228]]","[[26.0,8760]]","[[""north"",""002ee4e68ba2ff1e9da7eb8f1e16c441bba47a8ad5ed36d81dc169204a2cb66d""],[""east"",""b1a28b883b4633c7b55388b5b43f571e79efcd391bc0ce6bc07019b5e25d8065""],[""south"",""c667e440b35d715226d38302c0104b35b5d5764fed6125e5bcc80d08fabf1f41""],[""west"",""2767619730916a7bca7fe58275301af35dc43db33040cad9a975264954dbabb5""]]"
mc_6d9804ab4e66be1be1e42b9987f6430b412bb7dd7278516c1336afac3aa77409,BE_TABULA_14,"Apartment, enclosed",MFH,1971-1990,TABULA_advanced_A_proxy,2851cf077281e480136cab6af02d4720b94564326517124af576ab8634ba52a3,100.09999999999999,rcp_2_6,weather_2050_rcp_2_6_pvgis_2006,pvgis_2006,2006,2041-2060,4284547342,2,2057228894,central,central,551.22490765299381,2057.2821586116793,5.5067423341957422,20.552269316799993,2532.8924602560969,3436.3114325401643,217.62665265198834,598.68908828525787,782,2202,2202,782,2688,3950.7766666665279,3499.9999999998604,4.1836756281554699e-11,2,residential_energy_demand_gate5_v1,4b5b7791539478f9b2562d1b176e235ac7b641e1afdc40c3d5242661d9dbed3d,4b5b7791539478f9b2562d1b176e235ac7b641e1afdc40c3d5242661d9dbed3d,2ad0e9f7bbdfe12695c931891fd0e8132d060fd7bcbca23623db43d4c7393a5c,561839806dcdb8279ac4e42025bc5a82751f2588a2b2066fa84637918d8e4896,2987a546cb3f48253dcdfdc400036a68d1977eddb1012f753e54eca010acedd8,73ed0728ba3aea4548919a2c599b960f1645e1842d48afd930cc90a737aecd92,a96eee14f959c7954577e91fe17d4515a9348f0431a52c4dd9b8f37b88ac9cf5,d543101e7ea78ed2ddaba45de0ca0f44ec997e73ba696c2970de54b1e75cccfc,e40ccb491db9d0ecfe8c9e8462f713cf096279ef2b219236d05222512135b242,fb59b12e82b041c59cc8a3933745a40e92c5e89aa7df64846e5855fbd3acb00e,38669e3f0e715d12f919bbd64ba6e09fbb431145f819869ebd01d20e8fde4ed0,"[[18.0,3684],[20.0,5076]]","[[26.0,8760]]","[[""north"",""002ee4e68ba2ff1e9da7eb8f1e16c441bba47a8ad5ed36d81dc169204a2cb66d""],[""east"",""b1a28b883b4633c7b55388b5b43f571e79efcd391bc0ce6bc07019b5e25d8065""],[""south"",""c667e440b35d715226d38302c0104b35b5d5764fed6125e5bcc80d08fabf1f41""],[""west"",""2767619730916a7bca7fe58275301af35dc43db33040cad9a975264954dbabb5""]]"
mc_a07e6f1386bbbc70e7f25850011d084396ee9e3457f34b11b214fae14968788b,BE_TABULA_14,"Apartment, enclosed",MFH,1971-1990,TABULA_advanced_A_proxy,2851cf077281e480136cab6af02d4720b94564326517124af576ab8634ba52a3,100.09999999999999,rcp_2_6,weather_2050_rcp_2_6_pvgis_2006,pvgis_2006,2006,2041-2060,2078907488,2,1328110144,central,central,593.39211675844581,2142.8897537867474,5.927993174410048,21.407490047819657,2786.2024280065161,3547.8473858331877,212.9752349627405,603.99716243248281,826,2192,2192,826,2633,3942.4233333332386,3499.999999999905,3.9847236621426418e-11,2,residential_energy_demand_gate5_v1,4b5b7791539478f9b2562d1b176e235ac7b641e1afdc40c3d5242661d9dbed3d,4b5b7791539478f9b2562d1b176e235ac7b641e1afdc40c3d5242661d9dbed3d,2ad0e9f7bbdfe12695c931891fd0e8132d060fd7bcbca23623db43d4c7393a5c,561839806dcdb8279ac4e42025bc5a82751f2588a2b2066fa84637918d8e4896,2987a546cb3f48253dcdfdc400036a68d1977eddb1012f753e54eca010acedd8,73ed0728ba3aea4548919a2c599b960f1645e1842d48afd930cc90a737aecd92,a96eee14f959c7954577e91fe17d4515a9348f0431a52c4dd9b8f37b88ac9cf5,d543101e7ea78ed2ddaba45de0ca0f44ec997e73ba696c2970de54b1e75cccfc,e40ccb491db9d0ecfe8c9e8462f713cf096279ef2b219236d05222512135b242,fb59b12e82b041c59cc8a3933745a40e92c5e89aa7df64846e5855fbd3acb00e,38669e3f0e715d12f919bbd64ba6e09fbb431145f819869ebd01d20e8fde4ed0,"[[18.0,3796],[20.0,4964]]","[[26.0,8760]]","[[""north"",""002ee4e68ba2ff1e9da7eb8f1e16c441bba47a8ad5ed36d81dc169204a2cb66d""],[""east"",""b1a28b883b4633c7b55388b5b43f571e79efcd391bc0ce6bc07019b5e25d8065""],[""south"",""c667e440b35d715226d38302c0104b35b5d5764fed6125e5bcc80d08fabf1f41""],[""west"",""2767619730916a7bca7fe58275301af35dc43db33040cad9a975264954dbabb5""]]"
mc_374f29a269e3e6accb6360039917ba4cf9ec42758cb7444ff8896a2a965fb201,BE_TABULA_14,"Apartment, enclosed",MFH,1971-1990,TABULA_advanced_A_proxy,2851cf077281e480136cab6af02d4720b94564326517124af576ab8634ba52a3,100.09999999999999,rcp_2_6,weather_2050_rcp_2_6_pvgis_2006,pvgis_2006,2006,2041-2060,1049765411,1,638039541,central,central,599.15700348437599,2041.469718372527,5.9855844503933673,20.394302880844428,2505.3491402464042,3861.7674041275791,239.15110028355096,528.63611521256814,861,2154,2154,861,2586,3734.3250000002181,3500.0000000002178,4.3996806198265404e-11,2,residential_energy_demand_gate5_v1,4b5b7791539478f9b2562d1b176e235ac7b641e1afdc40c3d5242661d9dbed3d,4b5b7791539478f9b2562d1b176e235ac7b641e1afdc40c3d5242661d9dbed3d,2ad0e9f7bbdfe12695c931891fd0e8132d060fd7bcbca23623db43d4c7393a5c,561839806dcdb8279ac4e42025bc5a82751f2588a2b2066fa84637918d8e4896,2987a546cb3f48253dcdfdc400036a68d1977eddb1012f753e54eca010acedd8,73ed0728ba3aea4548919a2c599b960f1645e1842d48afd930cc90a737aecd92,a96eee14f959c7954577e91fe17d4515a9348f0431a52c4dd9b8f37b88ac9cf5,d543101e7ea78ed2ddaba45de0ca0f44ec997e73ba696c2970de54b1e75cccfc,e40ccb491db9d0ecfe8c9e8462f713cf096279ef2b219236d05222512135b242,fb59b12e82b041c59cc8a3933745a40e92c5e89aa7df64846e5855fbd3acb00e,38669e3f0e715d12f919bbd64ba6e09fbb431145f819869ebd01d20e8fde4ed0,"[[18.0,4579],[20.0,4181]]","[[26.0,8760]]","[[""north"",""002ee4e68ba2ff1e9da7eb8f1e16c441bba47a8ad5ed36d81dc169204a2cb66d""],[""east"",""b1a28b883b4633c7b55388b5b43f571e79efcd391bc0ce6bc07019b5e25d8065""],[""south"",""c667e440b35d715226d38302c0104b35b5d5764fed6125e5bcc80d08fabf1f41""],[""west"",""2767619730916a7bca7fe58275301af35dc43db33040cad9a975264954dbabb5""]]"
mc_3aa9648e0a516eb777912c7080b548300f8eec6415dd5a8e69ff3fbfe7dc34a3,BE_TABULA_14,"Apartment, enclosed",MFH,1971-1990,TABULA_advanced_A_proxy,2851cf077281e480136cab6af02d4720b94564326517124af576ab8634ba52a3,100.09999999999999,rcp_2_6,weather_2050_rcp_2_6_pvgis_2006,pvgis_2006,2006,2041-2060,179219561,1,703939130,central,central,649.53034920404014,2027.8924642086276,6.4888146773630391,20.258665976110166,2708.0004669788291,3944.5456388888019,239.85606986570662,514.10039326605306,930,2178,2178,930,2643,3732.7150000000506,3500.0000000000505,4.1950443119276315e-11,2,residential_energy_demand_gate5_v1,4b5b7791539478f9b2562d1b176e235ac7b641e1afdc40c3d5242661d9dbed3d,4b5b7791539478f9b2562d1b176e235ac7b641e1afdc40c3d5242661d9dbed3d,2ad0e9f7bbdfe12695c931891fd0e8132d060fd7bcbca23623db43d4c7393a5c,561839806dcdb8279ac4e42025bc5a82751f2588a2b2066fa84637918d8e4896,2987a546cb3f48253dcdfdc400036a68d1977eddb1012f753e54eca010acedd8,73ed0728ba3aea4548919a2c599b960f1645e1842d48afd930cc90a737aecd92,a96eee14f959c7954577e91fe17d4515a9348f0431a52c4dd9b8f37b88ac9cf5,d543101e7ea78ed2ddaba45de0ca0f44ec997e73ba696c2970de54b1e75cccfc,e40ccb491db9d0ecfe8c9e8462f713cf096279ef2b219236d05222512135b242,fb59b12e82b041c59cc8a3933745a40e92c5e89aa7df64846e5855fbd3acb00e,38669e3f0e715d12f919bbd64ba6e09fbb431145f819869ebd01d20e8fde4ed0,"[[18.0,4610],[20.0,4150]]","[[26.0,8760]]","[[""north"",""002ee4e68ba2ff1e9da7eb8f1e16c441bba47a8ad5ed36d81dc169204a2cb66d""],[""east"",""b1a28b883b4633c7b55388b5b43f571e79efcd391bc0ce6bc07019b5e25d8065""],[""south"",""c667e440b35d715226d38302c0104b35b5d5764fed6125e5bcc80d08fabf1f41""],[""west"",""2767619730916a7bca7fe58275301af35dc43db33040cad9a975264954dbabb5""]]"
mc_a454333664c4f9983074b4de9f07b61c4167ef7d21e594ed53be5ea25e9f749c,BE_TABULA_14,"Apartment, enclosed",MFH,1971-1990,TABULA_advanced_A_proxy,2851cf077281e480136cab6af02d4720b94564326517124af576ab8634ba52a3,100.09999999999999,rcp_2_6,weather_2050_rcp_2_6_pvgis_2006,pvgis_2006,2006,2041-2060,1182233951,4,3827554510,central,central,524.04025526460032,2162.7818487927025,5.235167385260743,21.606212275651373,2301.957069763354,2906.5767590900791,227.64988198432076,744.09934023891867,844,2341,2341,844,2893,4190.0599999996466,3499.9999999996471,4.1382008930668235e-11,2,residential_energy_demand_gate5_v1,4b5b7791539478f9b2562d1b176e235ac7b641e1afdc40c3d5242661d9dbed3d,4b5b7791539478f9b2562d1b176e235ac7b641e1afdc40c3d5242661d9dbed3d,2ad0e9f7bbdfe12695c931891fd0e8132d060fd7bcbca23623db43d4c7393a5c,561839806dcdb8279ac4e42025bc5a82751f2588a2b2066fa84637918d8e4896,2987a546cb3f48253dcdfdc400036a68d1977eddb1012f753e54eca010acedd8,73ed0728ba3aea4548919a2c599b960f1645e1842d48afd930cc90a737aecd92,a96eee14f959c7954577e91fe17d4515a9348f0431a52c4dd9b8f37b88ac9cf5,d543101e7ea78ed2ddaba45de0ca0f44ec997e73ba696c2970de54b1e75cccfc,e40ccb491db9d0ecfe8c9e8462f713cf096279ef2b219236d05222512135b242,fb59b12e82b041c59cc8a3933745a40e92c5e89aa7df64846e5855fbd3acb00e,38669e3f0e715d12f919bbd64ba6e09fbb431145f819869ebd01d20e8fde4ed0,"[[18.0,3158],[20.0,5602]]","[[26.0,8760]]","[[""north"",""002ee4e68ba2ff1e9da7eb8f1e16c441bba47a8ad5ed36d81dc169204a2cb66d""],[""east"",""b1a28b883b4633c7b55388b5b43f571e79efcd391bc0ce6bc07019b5e25d8065""],[""south"",""c667e440b35d715226d38302c0104b35b5d5764fed6125e5bcc80d08fabf1f41""],[""west"",""2767619730916a7bca7fe58275301af35dc43db33040cad9a975264954dbabb5""]]"
mc_9e990bc928009683207c12c99dad8fb22b5f37967d50e75178ca050da79ddfdf,BE_TABULA_14,"Apartment, enclosed",MFH,1971-1990,TABULA_advanced_A_proxy,2851cf077281e480136cab6af02d4720b94564326517124af576ab8634ba52a3,100.09999999999999,rcp_2_6,weather_2050_rcp_2_6_pvgis_2006,pvgis_2006,2006,2041-2060,2553148887,1,4219507087,central,central,623.89666039214535,2033.279288669657,6.2327338700514021,20.31248040629028,2606.8479472324184,3493.7821567749893,239.32990071573235,581.97082629402371,906,2112,2112,906,2588,3733.5899999992939,3499.9999999992942,4.1268322092946619e-11,2,residential_energy_demand_gate5_v1,4b5b7791539478f9b2562d1b176e235ac7b641e1afdc40c3d5242661d9dbed3d,4b5b7791539478f9b2562d1b176e235ac7b641e1afdc40c3d5242661d9dbed3d,2ad0e9f7bbdfe12695c931891fd0e8132d060fd7bcbca23623db43d4c7393a5c,561839806dcdb8279ac4e42025bc5a82751f2588a2b2066fa84637918d8e4896,2987a546cb3f48253dcdfdc400036a68d1977eddb1012f753e54eca010acedd8,73ed0728ba3aea4548919a2c599b960f1645e1842d48afd930cc90a737aecd92,a96eee14f959c7954577e91fe17d4515a9348f0431a52c4dd9b8f37b88ac9cf5,d543101e7ea78ed2ddaba45de0ca0f44ec997e73ba696c2970de54b1e75cccfc,e40ccb491db9d0ecfe8c9e8462f713cf096279ef2b219236d05222512135b242,fb59b12e82b041c59cc8a3933745a40e92c5e89aa7df64846e5855fbd3acb00e,38669e3f0e715d12f919bbd64ba6e09fbb431145f819869ebd01d20e8fde4ed0,"[[18.0,4597],[20.0,4163]]","[[26.0,8760]]","[[""north"",""002ee4e68ba2ff1e9da7eb8f1e16c441bba47a8ad5ed36d81dc169204a2cb66d""],[""east"",""b1a28b883b4633c7b55388b5b43f571e79efcd391bc0ce6bc07019b5e25d8065""],[""south"",""c667e440b35d715226d38302c0104b35b5d5764fed6125e5bcc80d08fabf1f41""],[""west"",""2767619730916a7bca7fe58275301af35dc43db33040cad9a975264954dbabb5""]]"
mc_6dd344fe754aa443f7412d46e7c47bd0e8c6f187b092a7762d638928344a9411,BE_TABULA_14,"Apartment, enclosed",MFH,1971-1990,TABULA_advanced_A_proxy,2851cf077281e480136cab6af02d4720b94564326517124af576ab8634ba52a3,100.09999999999999,rcp_2_6,weather_2050_rcp_2_6_pvgis_2006,pvgis_2006,2006,2041-2060,3936058544,1,1082227064,central,central,635.65306625125265,1999.9632733011549,6.3501804820304963,19.979653079931619,2651.3079620840986,4052.1044609670244,239.75074768439518,493.56162768416607,905,2167,2167,905,2683,3734.8266666657737,3499.9999999991073,4.0643044485477731e-11,2,residential_energy_demand_gate5_v1,4b5b7791539478f9b2562d1b176e235ac7b641e1afdc40c3d5242661d9dbed3d,4b5b7791539478f9b2562d1b176e235ac7b641e1afdc40c3d5242661d9dbed3d,2ad0e9f7bbdfe12695c931891fd0e8132d060fd7bcbca23623db43d4c7393a5c,561839806dcdb8279ac4e42025bc5a82751f2588a2b2066fa84637918d8e4896,2987a546cb3f48253dcdfdc400036a68d1977eddb1012f753e54eca010acedd8,73ed0728ba3aea4548919a2c599b960f1645e1842d48afd930cc90a737aecd92,a96eee14f959c7954577e91fe17d4515a9348f0431a52c4dd9b8f37b88ac9cf5,d543101e7ea78ed2ddaba45de0ca0f44ec997e73ba696c2970de54b1e75cccfc,e40ccb491db9d0ecfe8c9e8462f713cf096279ef2b219236d05222512135b242,fb59b12e82b041c59cc8a3933745a40e92c5e89aa7df64846e5855fbd3acb00e,38669e3f0e715d12f919bbd64ba6e09fbb431145f819869ebd01d20e8fde4ed0,"[[18.0,4568],[20.0,4192]]","[[26.0,8760]]","[[""north"",""002ee4e68ba2ff1e9da7eb8f1e16c441bba47a8ad5ed36d81dc169204a2cb66d""],[""east"",""b1a28b883b4633c7b55388b5b43f571e79efcd391bc0ce6bc07019b5e25d8065""],[""south"",""c667e440b35d715226d38302c0104b35b5d5764fed6125e5bcc80d08fabf1f41""],[""west"",""2767619730916a7bca7fe58275301af35dc43db33040cad9a975264954dbabb5""]]"
mc_e73a834efae0120f52eaf3ef5cd5789757b9e83ef925f447a9ceb8415ff1ec23,BE_TABULA_14,"Apartment, enclosed",MFH,1971-1990,TABULA_advanced_A_proxy,2851cf077281e480136cab6af02d4720b94564326517124af576ab8634ba52a3,100.09999999999999,rcp_2_6,weather_2050_rcp_2_6_pvgis_2006,pvgis_2006,2006,2041-2060,3672343387,4,2650450628,central,central,532.9062992394048,2171.0086061499014,5.3237392531409071,21.688397663835179,2304.4391417773954,3200.610197934288,231.25206024246685,678.31084446056457,820,2334,2334,820,2821,4188.5199999999768,3499.9999999999773,4.1609382606111467e-11,2,residential_energy_demand_gate5_v1,4b5b7791539478f9b2562d1b176e235ac7b641e1afdc40c3d5242661d9dbed3d,4b5b7791539478f9b2562d1b176e235ac7b641e1afdc40c3d5242661d9dbed3d,2ad0e9f7bbdfe12695c931891fd0e8132d060fd7bcbca23623db43d4c7393a5c,561839806dcdb8279ac4e42025bc5a82751f2588a2b2066fa84637918d8e4896,2987a546cb3f48253dcdfdc400036a68d1977eddb1012f753e54eca010acedd8,73ed0728ba3aea4548919a2c599b960f1645e1842d48afd930cc90a737aecd92,a96eee14f959c7954577e91fe17d4515a9348f0431a52c4dd9b8f37b88ac9cf5,d543101e7ea78ed2ddaba45de0ca0f44ec997e73ba696c2970de54b1e75cccfc,e40ccb491db9d0ecfe8c9e8462f713cf096279ef2b219236d05222512135b242,fb59b12e82b041c59cc8a3933745a40e92c5e89aa7df64846e5855fbd3acb00e,38669e3f0e715d12f919bbd64ba6e09fbb431145f819869ebd01d20e8fde4ed0,"[[18.0,3154],[20.0,5606]]","[[26.0,8760]]","[[""north"",""002ee4e68ba2ff1e9da7eb8f1e16c441bba47a8ad5ed36d81dc169204a2cb66d""],[""east"",""b1a28b883b4633c7b55388b5b43f571e79efcd391bc0ce6bc07019b5e25d8065""],[""south"",""c667e440b35d715226d38302c0104b35b5d5764fed6125e5bcc80d08fabf1f41""],[""west"",""2767619730916a7bca7fe58275301af35dc43db33040cad9a975264954dbabb5""]]"
mc_fdd02b5efa22ce589859f61c1fe88cdabaf419cde5bb983b9f5468130d81ed3e,BE_TABULA_14,"Apartment, enclosed",MFH,1971-1990,TABULA_advanced_A_proxy,2851cf077281e480136cab6af02d4720b94564326517124af576ab8634ba52a3,100.09999999999999,rcp_2_6,weather_2050_rcp_2_6_pvgis_2006,pvgis_2006,2006,2041-2060,1536720057,2,992965893,central,central,573.12624492129055,2066.7300081127951,5.7255369123006048,20.646653427700251,2663.9654136483555,3001.1303466775475,215.14027246186441,688.65053142420288,848,2277,2277,848,2765,3943.5083333339016,3500.0000000005675,3.8767211663071066e-11,2,residential_energy_demand_gate5_v1,4b5b7791539478f9b2562d1b176e235ac7b641e1afdc40c3d5242661d9dbed3d,4b5b7791539478f9b2562d1b176e235ac7b641e1afdc40c3d5242661d9dbed3d,2ad0e9f7bbdfe12695c931891fd0e8132d060fd7bcbca23623db43d4c7393a5c,561839806dcdb8279ac4e42025bc5a82751f2588a2b2066fa84637918d8e4896,2987a546cb3f48253dcdfdc400036a68d1977eddb1012f753e54eca010acedd8,73ed0728ba3aea4548919a2c599b960f1645e1842d48afd930cc90a737aecd92,a96eee14f959c7954577e91fe17d4515a9348f0431a52c4dd9b8f37b88ac9cf5,d543101e7ea78ed2ddaba45de0ca0f44ec997e73ba696c2970de54b1e75cccfc,e40ccb491db9d0ecfe8c9e8462f713cf096279ef2b219236d05222512135b242,fb59b12e82b041c59cc8a3933745a40e92c5e89aa7df64846e5855fbd3acb00e,38669e3f0e715d12f919bbd64ba6e09fbb431145f819869ebd01d20e8fde4ed0,"[[18.0,3770],[20.0,4990]]","[[26.0,8760]]","[[""north"",""002ee4e68ba2ff1e9da7eb8f1e16c441bba47a8ad5ed36d81dc169204a2cb66d""],[""east"",""b1a28b883b4633c7b55388b5b43f571e79efcd391bc0ce6bc07019b5e25d8065""],[""south"",""c667e440b35d715226d38302c0104b35b5d5764fed6125e5bcc80d08fabf1f41""],[""west"",""2767619730916a7bca7fe58275301af35dc43db33040cad9a975264954dbabb5""]]"
mc_25035c05ee64e9a47d9fb200c50d5e02fe2fbf7368ebc045861f4bfd7b02d210,BE_TABULA_14,"Apartment, enclosed",MFH,1971-1990,TABULA_advanced_A_proxy,2851cf077281e480136cab6af02d4720b94564326517124af576ab8634ba52a3,100.09999999999999,rcp_2_6,weather_2050_rcp_2_6_pvgis_2006,pvgis_2006,2006,2041-2060,1105527356,2,2355334313,central,central,585.01808101201755,2126.6605963717861,5.8443364736465293,21.245360603114747,2765.0353201109697,3427.8078661165455,211.57707344893478,620.41417705862739,857,2216,2216,857,2686,3953.6933333333359,3500.0000000000018,4.1609382606111467e-11,2,residential_energy_demand_gate5_v1,4b5b7791539478f9b2562d1b176e235ac7b641e1afdc40c3d5242661d9dbed3d,4b5b7791539478f9b2562d1b176e235ac7b641e1afdc40c3d5242661d9dbed3d,2ad0e9f7bbdfe12695c931891fd0e8132d060fd7bcbca23623db43d4c7393a5c,561839806dcdb8279ac4e42025bc5a82751f2588a2b2066fa84637918d8e4896,2987a546cb3f48253dcdfdc400036a68d1977eddb1012f753e54eca010acedd8,73ed0728ba3aea4548919a2c599b960f1645e1842d48afd930cc90a737aecd92,a96eee14f959c7954577e91fe17d4515a9348f0431a52c4dd9b8f37b88ac9cf5,d543101e7ea78ed2ddaba45de0ca0f44ec997e73ba696c2970de54b1e75cccfc,e40ccb491db9d0ecfe8c9e8462f713cf096279ef2b219236d05222512135b242,fb59b12e82b041c59cc8a3933745a40e92c5e89aa7df64846e5855fbd3acb00e,38669e3f0e715d12f919bbd64ba6e09fbb431145f819869ebd01d20e8fde4ed0,"[[18.0,3774],[20.0,4986]]","[[26.0,8760]]","[[""north"",""002ee4e68ba2ff1e9da7eb8f1e16c441bba47a8ad5ed36d81dc169204a2cb66d""],[""east"",""b1a28b883b4633c7b55388b5b43f571e79efcd391bc0ce6bc07019b5e25d8065""],[""south"",""c667e440b35d715226d38302c0104b35b5d5764fed6125e5bcc80d08fabf1f41""],[""west"",""2767619730916a7bca7fe58275301af35dc43db33040cad9a975264954dbabb5""]]"
mc_73bdf808838670f2f88e12ef6157b9d549c82b8b3cf8a64725c31ad4294bd844,BE_TABULA_14,"Apartment, enclosed",MFH,1971-1990,TABULA_advanced_A_proxy,2851cf077281e480136cab6af02d4720b94564326517124af576ab8634ba52a3,100.09999999999999,rcp_2_6,weather_2050_rcp_2_6_pvgis_2006,pvgis_2006,2006,2041-2060,2803026148,4,1800981112,central,central,514.85021174485553,2190.9133806525579,5.1433587586898657,21.887246559965615,2446.397160383473,3823.6654802113894,210.45242370382439,572.98772395001311,792,2277,2277,792,2744,4192.9766666669957,3500.0000000003288,4.0188297134591267e-11,2,residential_energy_demand_gate5_v1,4b5b7791539478f9b2562d1b176e235ac7b641e1afdc40c3d5242661d9dbed3d,4b5b7791539478f9b2562d1b176e235ac7b641e1afdc40c3d5242661d9dbed3d,2ad0e9f7bbdfe12695c931891fd0e8132d060fd7bcbca23623db43d4c7393a5c,561839806dcdb8279ac4e42025bc5a82751f2588a2b2066fa84637918d8e4896,2987a546cb3f48253dcdfdc400036a68d1977eddb1012f753e54eca010acedd8,73ed0728ba3aea4548919a2c599b960f1645e1842d48afd930cc90a737aecd92,a96eee14f959c7954577e91fe17d4515a9348f0431a52c4dd9b8f37b88ac9cf5,d543101e7ea78ed2ddaba45de0ca0f44ec997e73ba696c2970de54b1e75cccfc,e40ccb491db9d0ecfe8c9e8462f713cf096279ef2b219236d05222512135b242,fb59b12e82b041c59cc8a3933745a40e92c5e89aa7df64846e5855fbd3acb00e,38669e3f0e715d12f919bbd64ba6e09fbb431145f819869ebd01d20e8fde4ed0,"[[18.0,3130],[20.0,5630]]","[[26.0,8760]]","[[""north"",""002ee4e68ba2ff1e9da7eb8f1e16c441bba47a8ad5ed36d81dc169204a2cb66d""],[""east"",""b1a28b883b4633c7b55388b5b43f571e79efcd391bc0ce6bc07019b5e25d8065""],[""south"",""c667e440b35d715226d38302c0104b35b5d5764fed6125e5bcc80d08fabf1f41""],[""west"",""2767619730916a7bca7fe58275301af35dc43db33040cad9a975264954dbabb5""]]"
mc_215457063b5cb624ad6fe166f87083c70d11a480e69f98b0bafd72eda264cc39,BE_TABULA_14,"Apartment, enclosed",MFH,1971-1990,TABULA_advanced_A_proxy,2851cf077281e480136cab6af02d4720b94564326517124af576ab8634ba52a3,100.09999999999999,rcp_2_6,weather_2050_rcp_2_6_pvgis_2006,pvgis_2006,2006,2041-2060,2970899734,2,1890613871,central,central,558.13909730272871,2081.241619194011,5.5758151578694184,20.79162456737274,2397.6027889071911,4318.012243167952,232.79047717371242,481.99067116750177,815,2214,2214,815,2707,3941.1050000003956,3500.0000000003956,4.0756731323199347e-11,2,residential_energy_demand_gate5_v1,4b5b7791539478f9b2562d1b176e235ac7b641e1afdc40c3d5242661d9dbed3d,4b5b7791539478f9b2562d1b176e235ac7b641e1afdc40c3d5242661d9dbed3d,2ad0e9f7bbdfe12695c931891fd0e8132d060fd7bcbca23623db43d4c7393a5c,561839806dcdb8279ac4e42025bc5a82751f2588a2b2066fa84637918d8e4896,2987a546cb3f48253dcdfdc400036a68d1977eddb1012f753e54eca010acedd8,73ed0728ba3aea4548919a2c599b960f1645e1842d48afd930cc90a737aecd92,a96eee14f959c7954577e91fe17d4515a9348f0431a52c4dd9b8f37b88ac9cf5,d543101e7ea78ed2ddaba45de0ca0f44ec997e73ba696c2970de54b1e75cccfc,e40ccb491db9d0ecfe8c9e8462f713cf096279ef2b219236d05222512135b242,fb59b12e82b041c59cc8a3933745a40e92c5e89aa7df64846e5855fbd3acb00e,38669e3f0e715d12f919bbd64ba6e09fbb431145f819869ebd01d20e8fde4ed0,"[[18.0,3833],[20.0,4927]]","[[26.0,8760]]","[[""north"",""002ee4e68ba2ff1e9da7eb8f1e16c441bba47a8ad5ed36d81dc169204a2cb66d""],[""east"",""b1a28b883b4633c7b55388b5b43f571e79efcd391bc0ce6bc07019b5e25d8065""],[""south"",""c667e440b35d715226d38302c0104b35b5d5764fed6125e5bcc80d08fabf1f41""],[""west"",""2767619730916a7bca7fe58275301af35dc43db33040cad9a975264954dbabb5""]]"
mc_748be016c1eb4c335bd8ba493075321aa2ed9cb040ed7ea4fe18d6c46d4e7e59,BE_TABULA_14,"Apartment, enclosed",MFH,1971-1990,TABULA_advanced_A_proxy,2851cf077281e480136cab6af02d4720b94564326517124af576ab8634ba52a3,100.09999999999999,rcp_2_6,weather_2050_rcp_2_6_pvgis_2006,pvgis_2006,2006,2041-2060,387036528,1,2547100333,central,central,603.45577995381643,2022.9081509217524,6.0285292702678968,20.208872636580946,2533.8046694248656,3388.6199820014945,238.16191801824706,596.97108606640461,902,2155,2155,902,2555,3746.1083333335569,3500.0000000002237,4.0245140553452075e-11,2,residential_energy_demand_gate5_v1,4b5b7791539478f9b2562d1b176e235ac7b641e1afdc40c3d5242661d9dbed3d,4b5b7791539478f9b2562d1b176e235ac7b641e1afdc40c3d5242661d9dbed3d,2ad0e9f7bbdfe12695c931891fd0e8132d060fd7bcbca23623db43d4c7393a5c,561839806dcdb8279ac4e42025bc5a82751f2588a2b2066fa84637918d8e4896,2987a546cb3f48253dcdfdc400036a68d1977eddb1012f753e54eca010acedd8,73ed0728ba3aea4548919a2c599b960f1645e1842d48afd930cc90a737aecd92,a96eee14f959c7954577e91fe17d4515a9348f0431a52c4dd9b8f37b88ac9cf5,d543101e7ea78ed2ddaba45de0ca0f44ec997e73ba696c2970de54b1e75cccfc,e40ccb491db9d0ecfe8c9e8462f713cf096279ef2b219236d05222512135b242,fb59b12e82b041c59cc8a3933745a40e92c5e89aa7df64846e5855fbd3acb00e,38669e3f0e715d12f919bbd64ba6e09fbb431145f819869ebd01d20e8fde4ed0,"[[18.0,4411],[20.0,4349]]","[[26.0,8760]]","[[""north"",""002ee4e68ba2ff1e9da7eb8f1e16c441bba47a8ad5ed36d81dc169204a2cb66d""],[""east"",""b1a28b883b4633c7b55388b5b43f571e79efcd391bc0ce6bc07019b5e25d8065""],[""south"",""c667e440b35d715226d38302c0104b35b5d5764fed6125e5bcc80d08fabf1f41""],[""west"",""2767619730916a7bca7fe58275301af35dc43db33040cad9a975264954dbabb5""]]"
mc_380c6acfd02d2d3ff887783278556d6d15edc58377360568d02465c94acb0521,BE_TABULA_14,"Apartment, enclosed",MFH,1971-1990,TABULA_advanced_A_proxy,2851cf077281e480136cab6af02d4720b94564326517124af576ab8634ba52a3,100.09999999999999,rcp_2_6,weather_2050_rcp_2_6_pvgis_2006,pvgis_2006,2006,2041-2060,247910426,1,1544109121,central,central,638.51144889232012,2053.2979380265238,6.3787357531700319,20.512466913351886,2652.36618803693,3604.2032836719359,240.73276600049536,569.69537410071905,899,2156,2156,899,2609,3736.1216666662499,3499.9999999995825,4.2405190470162779e-11,2,residential_energy_demand_gate5_v1,4b5b7791539478f9b2562d1b176e235ac7b641e1afdc40c3d5242661d9dbed3d,4b5b7791539478f9b2562d1b176e235ac7b641e1afdc40c3d5242661d9dbed3d,2ad0e9f7bbdfe12695c931891fd0e8132d060fd7bcbca23623db43d4c7393a5c,561839806dcdb8279ac4e42025bc5a82751f2588a2b2066fa84637918d8e4896,2987a546cb3f48253dcdfdc400036a68d1977eddb1012f753e54eca010acedd8,73ed0728ba3aea4548919a2c599b960f1645e1842d48afd930cc90a737aecd92,a96eee14f959c7954577e91fe17d4515a9348f0431a52c4dd9b8f37b88ac9cf5,d543101e7ea78ed2ddaba45de0ca0f44ec997e73ba696c2970de54b1e75cccfc,e40ccb491db9d0ecfe8c9e8462f713cf096279ef2b219236d05222512135b242,fb59b12e82b041c59cc8a3933745a40e92c5e89aa7df64846e5855fbd3acb00e,38669e3f0e715d12f919bbd64ba6e09fbb431145f819869ebd01d20e8fde4ed0,"[[18.0,4561],[20.0,4199]]","[[26.0,8760]]","[[""north"",""002ee4e68ba2ff1e9da7eb8f1e16c441bba47a8ad5ed36d81dc169204a2cb66d""],[""east"",""b1a28b883b4633c7b55388b5b43f571e79efcd391bc0ce6bc07019b5e25d8065""],[""south"",""c667e440b35d715226d38302c0104b35b5d5764fed6125e5bcc80d08fabf1f41""],[""west"",""2767619730916a7bca7fe58275301af35dc43db33040cad9a975264954dbabb5""]]"
mc_43c0cc01b60bc04abf3b29c310686c7a989bf7af71d811882a71ee8bd39a84ed,BE_TABULA_14,"Apartment, enclosed",MFH,1971-1990,TABULA_advanced_A_proxy,2851cf077281e480136cab6af02d4720b94564326517124af576ab8634ba52a3,100.09999999999999,rcp_2_6,weather_2050_rcp_2_6_pvgis_2006,pvgis_2006,2006,2041-2060,2703791916,1,3817024223,central,central,619.39722758058883,2016.6824788280105,6.1877844913145745,20.146678110169937,2527.6259042387001,3622.7566628801692,245.05098897027884,556.67069761862081,913,2111,2111,913,2538,3740.4150000001705,3500.0000000001705,4.1779912862693891e-11,2,residential_energy_demand_gate5_v1,4b5b7791539478f9b2562d1b176e235ac7b641e1afdc40c3d5242661d9dbed3d,4b5b7791539478f9b2562d1b176e235ac7b641e1afdc40c3d5242661d9dbed3d,2ad0e9f7bbdfe12695c931891fd0e8132d060fd7bcbca23623db43d4c7393a5c,561839806dcdb8279ac4e42025bc5a82751f2588a2b2066fa84637918d8e4896,2987a546cb3f48253dcdfdc400036a68d1977eddb1012f753e54eca010acedd8,73ed0728ba3aea4548919a2c599b960f1645e1842d48afd930cc90a737aecd92,a96eee14f959c7954577e91fe17d4515a9348f0431a52c4dd9b8f37b88ac9cf5,d543101e7ea78ed2ddaba45de0ca0f44ec997e73ba696c2970de54b1e75cccfc,e40ccb491db9d0ecfe8c9e8462f713cf096279ef2b219236d05222512135b242,fb59b12e82b041c59cc8a3933745a40e92c5e89aa7df64846e5855fbd3acb00e,38669e3f0e715d12f919bbd64ba6e09fbb431145f819869ebd01d20e8fde4ed0,"[[18.0,4497],[20.0,4263]]","[[26.0,8760]]","[[""north"",""002ee4e68ba2ff1e9da7eb8f1e16c441bba47a8ad5ed36d81dc169204a2cb66d""],[""east"",""b1a28b883b4633c7b55388b5b43f571e79efcd391bc0ce6bc07019b5e25d8065""],[""south"",""c667e440b35d715226d38302c0104b35b5d5764fed6125e5bcc80d08fabf1f41""],[""west"",""2767619730916a7bca7fe58275301af35dc43db33040cad9a975264954dbabb5""]]"
mc_5d40831fb497dce99f055ea9bf892f3c87e9b5fa60768ef444670d0af8afd9e9,BE_TABULA_14,"Apartment, enclosed",MFH,1971-1990,TABULA_advanced_A_proxy,2851cf077281e480136cab6af02d4720b94564326517124af576ab8634ba52a3,100.09999999999999,rcp_2_6,weather_2050_rcp_2_6_pvgis_2006,pvgis_2006,2006,2041-2060,2308038042,1,3939876558,central,central,583.89735488083954,2002.3488197624595,5.8331404083999958,20.003484712911686,2535.5876602435924,3564.3770612259414,230.28087888104997,561.7668348122985,855,2099,2099,855,2573,3736.6816666664868,3499.9999999998208,3.9420910979970358e-11,2,residential_energy_demand_gate5_v1,4b5b7791539478f9b2562d1b176e235ac7b641e1afdc40c3d5242661d9dbed3d,4b5b7791539478f9b2562d1b176e235ac7b641e1afdc40c3d5242661d9dbed3d,2ad0e9f7bbdfe12695c931891fd0e8132d060fd7bcbca23623db43d4c7393a5c,561839806dcdb8279ac4e42025bc5a82751f2588a2b2066fa84637918d8e4896,2987a546cb3f48253dcdfdc400036a68d1977eddb1012f753e54eca010acedd8,73ed0728ba3aea4548919a2c599b960f1645e1842d48afd930cc90a737aecd92,a96eee14f959c7954577e91fe17d4515a9348f0431a52c4dd9b8f37b88ac9cf5,d543101e7ea78ed2ddaba45de0ca0f44ec997e73ba696c2970de54b1e75cccfc,e40ccb491db9d0ecfe8c9e8462f713cf096279ef2b219236d05222512135b242,fb59b12e82b041c59cc8a3933745a40e92c5e89aa7df64846e5855fbd3acb00e,38669e3f0e715d12f919bbd64ba6e09fbb431145f819869ebd01d20e8fde4ed0,"[[18.0,4556],[20.0,4204]]","[[26.0,8760]]","[[""north"",""002ee4e68ba2ff1e9da7eb8f1e16c441bba47a8ad5ed36d81dc169204a2cb66d""],[""east"",""b1a28b883b4633c7b55388b5b43f571e79efcd391bc0ce6bc07019b5e25d8065""],[""south"",""c667e440b35d715226d38302c0104b35b5d5764fed6125e5bcc80d08fabf1f41""],[""west"",""2767619730916a7bca7fe58275301af35dc43db33040cad9a975264954dbabb5""]]"
mc_0941a2e9281e19c150108d155a98c641e4b1790e88b09c64a6bb8abb1c06c67c,BE_TABULA_14,"Apartment, enclosed",MFH,1971-1990,TABULA_advanced_A_proxy,2851cf077281e480136cab6af02d4720b94564326517124af576ab8634ba52a3,100.09999999999999,rcp_2_6,weather_2050_rcp_2_6_pvgis_2006,pvgis_2006,2006,2041-2060,121872340,5,62979322,central,central,511.05758007822419,2234.7687545232834,5.1054703304517908,22.325362183049787,2406.4159451257747,3267.8992713407874,212.37291961656823,683.85484648257818,824,2377,2377,824,2933,4342.2516666662705,3499.9999999996035,4.0039083160081645e-11,2,residential_energy_demand_gate5_v1,4b5b7791539478f9b2562d1b176e235ac7b641e1afdc40c3d5242661d9dbed3d,4b5b7791539478f9b2562d1b176e235ac7b641e1afdc40c3d5242661d9dbed3d,2ad0e9f7bbdfe12695c931891fd0e8132d060fd7bcbca23623db43d4c7393a5c,561839806dcdb8279ac4e42025bc5a82751f2588a2b2066fa84637918d8e4896,2987a546cb3f48253dcdfdc400036a68d1977eddb1012f753e54eca010acedd8,73ed0728ba3aea4548919a2c599b960f1645e1842d48afd930cc90a737aecd92,a96eee14f959c7954577e91fe17d4515a9348f0431a52c4dd9b8f37b88ac9cf5,d543101e7ea78ed2ddaba45de0ca0f44ec997e73ba696c2970de54b1e75cccfc,e40ccb491db9d0ecfe8c9e8462f713cf096279ef2b219236d05222512135b242,fb59b12e82b041c59cc8a3933745a40e92c5e89aa7df64846e5855fbd3acb00e,38669e3f0e715d12f919bbd64ba6e09fbb431145f819869ebd01d20e8fde4ed0,"[[18.0,2786],[20.0,5974]]","[[26.0,8760]]","[[""north"",""002ee4e68ba2ff1e9da7eb8f1e16c441bba47a8ad5ed36d81dc169204a2cb66d""],[""east"",""b1a28b883b4633c7b55388b5b43f571e79efcd391bc0ce6bc07019b5e25d8065""],[""south"",""c667e440b35d715226d38302c0104b35b5d5764fed6125e5bcc80d08fabf1f41""],[""west"",""2767619730916a7bca7fe58275301af35dc43db33040cad9a975264954dbabb5""]]"
mc_337dffd1b899d2685d76e071392971bab49f95729f2aa0e7b6eaf179e6cd4333,BE_TABULA_14,"Apartment, enclosed",MFH,1971-1990,TABULA_advanced_A_proxy,2851cf077281e480136cab6af02d4720b94564326517124af576ab8634ba52a3,100.09999999999999,rcp_2_6,weather_2050_rcp_2_6_pvgis_2006,pvgis_2006,2006,2041-2060,3159291459,4,3216263764,central,central,542.55761092721934,2199.0836254483011,5.4201559533188748,21.968867387095916,2278.6384191275579,3581.3239793467897,238.10605771096985,614.04208000455731,806,2279,2279,806,2829,4193.525000000328,3500.0000000003274,4.4451553549151868e-11,2,residential_energy_demand_gate5_v1,4b5b7791539478f9b2562d1b176e235ac7b641e1afdc40c3d5242661d9dbed3d,4b5b7791539478f9b2562d1b176e235ac7b641e1afdc40c3d5242661d9dbed3d,2ad0e9f7bbdfe12695c931891fd0e8132d060fd7bcbca23623db43d4c7393a5c,561839806dcdb8279ac4e42025bc5a82751f2588a2b2066fa84637918d8e4896,2987a546cb3f48253dcdfdc400036a68d1977eddb1012f753e54eca010acedd8,73ed0728ba3aea4548919a2c599b960f1645e1842d48afd930cc90a737aecd92,a96eee14f959c7954577e91fe17d4515a9348f0431a52c4dd9b8f37b88ac9cf5,d543101e7ea78ed2ddaba45de0ca0f44ec997e73ba696c2970de54b1e75cccfc,e40ccb491db9d0ecfe8c9e8462f713cf096279ef2b219236d05222512135b242,fb59b12e82b041c59cc8a3933745a40e92c5e89aa7df64846e5855fbd3acb00e,38669e3f0e715d12f919bbd64ba6e09fbb431145f819869ebd01d20e8fde4ed0,"[[18.0,3170],[20.0,5590]]","[[26.0,8760]]","[[""north"",""002ee4e68ba2ff1e9da7eb8f1e16c441bba47a8ad5ed36d81dc169204a2cb66d""],[""east"",""b1a28b883b4633c7b55388b5b43f571e79efcd391bc0ce6bc07019b5e25d8065""],[""south"",""c667e440b35d715226d38302c0104b35b5d5764fed6125e5bcc80d08fabf1f41""],[""west"",""2767619730916a7bca7fe58275301af35dc43db33040cad9a975264954dbabb5""]]"
mc_4334993de0c8ad7451133d6c29c4c4b7cdf87cbca3787dcdc00238544efb8258,BE_TABULA_14,"Apartment, enclosed",MFH,1971-1990,TABULA_advanced_A_proxy,2851cf077281e480136cab6af02d4720b94564326517124af576ab8634ba52a3,100.09999999999999,rcp_2_6,weather_2050_rcp_2_6_pvgis_2006,pvgis_2006,2006,2041-2060,3292453555,1,1443969456,central,central,624.93785372572211,2030.5716857091252,6.2431354018553664,20.285431425665589,2679.7516688206606,3589.2529752833561,233.20737551802802,565.73657518492973,889,2188,2188,889,2648,3731.6300000001725,3500.0000000001719,4.2291503632441163e-11,2,residential_energy_demand_gate5_v1,4b5b7791539478f9b2562d1b176e235ac7b641e1afdc40c3d5242661d9dbed3d,4b5b7791539478f9b2562d1b176e235ac7b641e1afdc40c3d5242661d9dbed3d,2ad0e9f7bbdfe12695c931891fd0e8132d060fd7bcbca23623db43d4c7393a5c,561839806dcdb8279ac4e42025bc5a82751f2588a2b2066fa84637918d8e4896,2987a546cb3f48253dcdfdc400036a68d1977eddb1012f753e54eca010acedd8,73ed0728ba3aea4548919a2c599b960f1645e1842d48afd930cc90a737aecd92,a96eee14f959c7954577e91fe17d4515a9348f0431a52c4dd9b8f37b88ac9cf5,d543101e7ea78ed2ddaba45de0ca0f44ec997e73ba696c2970de54b1e75cccfc,e40ccb491db9d0ecfe8c9e8462f713cf096279ef2b219236d05222512135b242,fb59b12e82b041c59cc8a3933745a40e92c5e89aa7df64846e5855fbd3acb00e,38669e3f0e715d12f919bbd64ba6e09fbb431145f819869ebd01d20e8fde4ed0,"[[18.0,4620],[20.0,4140]]","[[26.0,8760]]","[[""north"",""002ee4e68ba2ff1e9da7eb8f1e16c441bba47a8ad5ed36d81dc169204a2cb66d""],[""east"",""b1a28b883b4633c7b55388b5b43f571e79efcd391bc0ce6bc07019b5e25d8065""],[""south"",""c667e440b35d715226d38302c0104b35b5d5764fed6125e5bcc80d08fabf1f41""],[""west"",""2767619730916a7bca7fe58275301af35dc43db33040cad9a975264954dbabb5""]]"
mc_75696c4df1a0269ef13bc72d870f4f7b118837463b9bcae442d869b8ed8dc1d6,BE_TABULA_14,"Apartment, enclosed",MFH,1971-1990,TABULA_advanced_A_proxy,2851cf077281e480136cab6af02d4720b94564326517124af576ab8634ba52a3,100.09999999999999,rcp_2_6,weather_2050_rcp_2_6_pvgis_2006,pvgis_2006,2006,2041-2060,4217880632,2,3645581868,central,central,559.0783605428694,2062.7914349938096,5.5851984070216725,20.607307042895201,2539.6073200435549,3735.8051942659918,220.14362461881748,552.16782667360292,883,2203,2203,883,2742,3942.6216666665482,3499.9999999998813,4.0017766878008842e-11,2,residential_energy_demand_gate5_v1,4b5b7791539478f9b2562d1b176e235ac7b641e1afdc40c3d5242661d9dbed3d,4b5b7791539478f9b2562d1b176e235ac7b641e1afdc40c3d5242661d9dbed3d,2ad0e9f7bbdfe12695c931891fd0e8132d060fd7bcbca23623db43d4c7393a5c,561839806dcdb8279ac4e42025bc5a82751f2588a2b2066fa84637918d8e4896,2987a546cb3f48253dcdfdc400036a68d1977eddb1012f753e54eca010acedd8,73ed0728ba3aea4548919a2c599b960f1645e1842d48afd930cc90a737aecd92,a96eee14f959c7954577e91fe17d4515a9348f0431a52c4dd9b8f37b88ac9cf5,d543101e7ea78ed2ddaba45de0ca0f44ec997e73ba696c2970de54b1e75cccfc,e40ccb491db9d0ecfe8c9e8462f713cf096279ef2b219236d05222512135b242,fb59b12e82b041c59cc8a3933745a40e92c5e89aa7df64846e5855fbd3acb00e,38669e3f0e715d12f919bbd64ba6e09fbb431145f819869ebd01d20e8fde4ed0,"[[18.0,3799],[20.0,4961]]","[[26.0,8760]]","[[""north"",""002ee4e68ba2ff1e9da7eb8f1e16c441bba47a8ad5ed36d81dc169204a2cb66d""],[""east"",""b1a28b883b4633c7b55388b5b43f571e79efcd391bc0ce6bc07019b5e25d8065""],[""south"",""c667e440b35d715226d38302c0104b35b5d5764fed6125e5bcc80d08fabf1f41""],[""west"",""2767619730916a7bca7fe58275301af35dc43db33040cad9a975264954dbabb5""]]"
mc_8a66b0d588b3e20121c35b6a2337fb65c2779cac930f0a2979447c21043acfe0,BE_TABULA_14,"Apartment, enclosed",MFH,1971-1990,TABULA_advanced_A_proxy,2851cf077281e480136cab6af02d4720b94564326517124af576ab8634ba52a3,100.09999999999999,rcp_2_6,weather_2050_rcp_2_6_pvgis_2006,pvgis_2006,2006,2041-2060,3936536578,1,1445601406,central,central,617.93764750163098,2044.925442720041,6.1732032717445655,20.428825601598813,2496.1337940771309,3523.4776682052193,247.55790293288123,580.37133630016172,869,2191,2191,869,2638,3742.8650000008888,3500.000000000889,4.1382008930668235e-11,2,residential_energy_demand_gate5_v1,4b5b7791539478f9b2562d1b176e235ac7b641e1afdc40c3d5242661d9dbed3d,4b5b7791539478f9b2562d1b176e235ac7b641e1afdc40c3d5242661d9dbed3d,2ad0e9f7bbdfe12695c931891fd0e8132d060fd7bcbca23623db43d4c7393a5c,561839806dcdb8279ac4e42025bc5a82751f2588a2b2066fa84637918d8e4896,2987a546cb3f48253dcdfdc400036a68d1977eddb1012f753e54eca010acedd8,73ed0728ba3aea4548919a2c599b960f1645e1842d48afd930cc90a737aecd92,a96eee14f959c7954577e91fe17d4515a9348f0431a52c4dd9b8f37b88ac9cf5,d543101e7ea78ed2ddaba45de0ca0f44ec997e73ba696c2970de54b1e75cccfc,e40ccb491db9d0ecfe8c9e8462f713cf096279ef2b219236d05222512135b242,fb59b12e82b041c59cc8a3933745a40e92c5e89aa7df64846e5855fbd3acb00e,38669e3f0e715d12f919bbd64ba6e09fbb431145f819869ebd01d20e8fde4ed0,"[[18.0,4405],[20.0,4355]]","[[26.0,8760]]","[[""north"",""002ee4e68ba2ff1e9da7eb8f1e16c441bba47a8ad5ed36d81dc169204a2cb66d""],[""east"",""b1a28b883b4633c7b55388b5b43f571e79efcd391bc0ce6bc07019b5e25d8065""],[""south"",""c667e440b35d715226d38302c0104b35b5d5764fed6125e5bcc80d08fabf1f41""],[""west"",""2767619730916a7bca7fe58275301af35dc43db33040cad9a975264954dbabb5""]]"
mc_a76e46b053c8088c2194370155dd6339295a40b8fbeaa313b66a39c1143a101c,BE_TABULA_14,"Apartment, enclosed",MFH,1971-1990,TABULA_advanced_A_proxy,2851cf077281e480136cab6af02d4720b94564326517124af576ab8634ba52a3,100.09999999999999,rcp_2_6,weather_2050_rcp_2_6_pvgis_2006,pvgis_2006,2006,2041-2060,2415921962,1,2835669025,central,central,582.69557753144886,1972.8267618268444,5.8211346406738151,19.708559059209236,2713.6905030792859,3579.7857052644881,214.72440459597402,551.10191621961474,864,2188,2188,864,2684,3736.3316666652668,3499.9999999986007,4.2504666453169193e-11,2,residential_energy_demand_gate5_v1,4b5b7791539478f9b2562d1b176e235ac7b641e1afdc40c3d5242661d9dbed3d,4b5b7791539478f9b2562d1b176e235ac7b641e1afdc40c3d5242661d9dbed3d,2ad0e9f7bbdfe12695c931891fd0e8132d060fd7bcbca23623db43d4c7393a5c,561839806dcdb8279ac4e42025bc5a82751f2588a2b2066fa84637918d8e4896,2987a546cb3f48253dcdfdc400036a68d1977eddb1012f753e54eca010acedd8,73ed0728ba3aea4548919a2c599b960f1645e1842d48afd930cc90a737aecd92,a96eee14f959c7954577e91fe17d4515a9348f0431a52c4dd9b8f37b88ac9cf5,d543101e7ea78ed2ddaba45de0ca0f44ec997e73ba696c2970de54b1e75cccfc,e40ccb491db9d0ecfe8c9e8462f713cf096279ef2b219236d05222512135b242,fb59b12e82b041c59cc8a3933745a40e92c5e89aa7df64846e5855fbd3acb00e,38669e3f0e715d12f919bbd64ba6e09fbb431145f819869ebd01d20e8fde4ed0,"[[18.0,4522],[20.0,4238]]","[[26.0,8760]]","[[""north"",""002ee4e68ba2ff1e9da7eb8f1e16c441bba47a8ad5ed36d81dc169204a2cb66d""],[""east"",""b1a28b883b4633c7b55388b5b43f571e79efcd391bc0ce6bc07019b5e25d8065""],[""south"",""c667e440b35d715226d38302c0104b35b5d5764fed6125e5bcc80d08fabf1f41""],[""west"",""2767619730916a7bca7fe58275301af35dc43db33040cad9a975264954dbabb5""]]"
mc_17c3c3e51422b653a938a881bd0838307c693f113daa86c6de404be624e50dcc,BE_TABULA_14,"Apartment, enclosed",MFH,1971-1990,TABULA_advanced_A_proxy,2851cf077281e480136cab6af02d4720b94564326517124af576ab8634ba52a3,100.09999999999999,rcp_2_6,weather_2050_rcp_2_6_pvgis_2006,pvgis_2006,2006,2041-2060,1719658758,1,1903171019,central,central,613.23946446201626,2025.2993446833091,6.1262683762439192,20.232760686146946,2595.5587256386025,3446.3219493922184,236.26491606778686,587.6698040473218,849,2140,2140,849,2600,3736.3550000005393,3500.0000000005393,3.865352482534945e-11,2,residential_energy_demand_gate5_v1,4b5b7791539478f9b2562d1b176e235ac7b641e1afdc40c3d5242661d9dbed3d,4b5b7791539478f9b2562d1b176e235ac7b641e1afdc40c3d5242661d9dbed3d,2ad0e9f7bbdfe12695c931891fd0e8132d060fd7bcbca23623db43d4c7393a5c,561839806dcdb8279ac4e42025bc5a82751f2588a2b2066fa84637918d8e4896,2987a546cb3f48253dcdfdc400036a68d1977eddb1012f753e54eca010acedd8,73ed0728ba3aea4548919a2c599b960f1645e1842d48afd930cc90a737aecd92,a96eee14f959c7954577e91fe17d4515a9348f0431a52c4dd9b8f37b88ac9cf5,d543101e7ea78ed2ddaba45de0ca0f44ec997e73ba696c2970de54b1e75cccfc,e40ccb491db9d0ecfe8c9e8462f713cf096279ef2b219236d05222512135b242,fb59b12e82b041c59cc8a3933745a40e92c5e89aa7df64846e5855fbd3acb00e,38669e3f0e715d12f919bbd64ba6e09fbb431145f819869ebd01d20e8fde4ed0,"[[18.0,4581],[20.0,4179]]","[[26.0,8760]]","[[""north"",""002ee4e68ba2ff1e9da7eb8f1e16c441bba47a8ad5ed36d81dc169204a2cb66d""],[""east"",""b1a28b883b4633c7b55388b5b43f571e79efcd391bc0ce6bc07019b5e25d8065""],[""south"",""c667e440b35d715226d38302c0104b35b5d5764fed6125e5bcc80d08fabf1f41""],[""west"",""2767619730916a7bca7fe58275301af35dc43db33040cad9a975264954dbabb5""]]"
mc_2298bc636fa0c95d2e2e7287a8939d61496e19d4fa7911c855ce32d766f16810,BE_TABULA_14,"Apartment, enclosed",MFH,1971-1990,TABULA_advanced_A_proxy,2851cf077281e480136cab6af02d4720b94564326517124af576ab8634ba52a3,100.09999999999999,rcp_2_6,weather_2050_rcp_2_6_pvgis_2006,pvgis_2006,2006,2041-2060,229503377,4,718922874,central,central,534.53579120251652,2152.3383870566208,5.3400178941310346,21.501881988577633,2592.3213970503202,3018.1134716395786,206.1996602005984,713.14031340490692,852,2355,2355,852,2895,4166.6099999999387,3499.9999999999386,3.979039320256561e-11,2,residential_energy_demand_gate5_v1,4b5b7791539478f9b2562d1b176e235ac7b641e1afdc40c3d5242661d9dbed3d,4b5b7791539478f9b2562d1b176e235ac7b641e1afdc40c3d5242661d9dbed3d,2ad0e9f7bbdfe12695c931891fd0e8132d060fd7bcbca23623db43d4c7393a5c,561839806dcdb8279ac4e42025bc5a82751f2588a2b2066fa84637918d8e4896,2987a546cb3f48253dcdfdc400036a68d1977eddb1012f753e54eca010acedd8,73ed0728ba3aea4548919a2c599b960f1645e1842d48afd930cc90a737aecd92,a96eee14f959c7954577e91fe17d4515a9348f0431a52c4dd9b8f37b88ac9cf5,d543101e7ea78ed2ddaba45de0ca0f44ec997e73ba696c2970de54b1e75cccfc,e40ccb491db9d0ecfe8c9e8462f713cf096279ef2b219236d05222512135b242,fb59b12e82b041c59cc8a3933745a40e92c5e89aa7df64846e5855fbd3acb00e,38669e3f0e715d12f919bbd64ba6e09fbb431145f819869ebd01d20e8fde4ed0,"[[18.0,3195],[20.0,5565]]","[[26.0,8760]]","[[""north"",""002ee4e68ba2ff1e9da7eb8f1e16c441bba47a8ad5ed36d81dc169204a2cb66d""],[""east"",""b1a28b883b4633c7b55388b5b43f571e79efcd391bc0ce6bc07019b5e25d8065""],[""south"",""c667e440b35d715226d38302c0104b35b5d5764fed6125e5bcc80d08fabf1f41""],[""west"",""2767619730916a7bca7fe58275301af35dc43db33040cad9a975264954dbabb5""]]"
mc_ace192d89aa351b422467571cbaf0ec83b154c3fb90e70ff9096d7e9d9c20517,BE_TABULA_14,"Apartment, enclosed",MFH,1971-1990,TABULA_advanced_A_proxy,2851cf077281e480136cab6af02d4720b94564326517124af576ab8634ba52a3,100.09999999999999,rcp_2_6,weather_2050_rcp_2_6_pvgis_2006,pvgis_2006,2006,2041-2060,3209387723,2,723055425,central,central,554.15922857668988,2022.3074912685536,5.5360562295373619,20.202872040644891,2468.4179696438887,2991.1693992387982,224.49975465728633,676.09259836076035,876,2272,2272,876,2790,3950.2049999998781,3499.9999999998781,3.8738789953640662e-11,2,residential_energy_demand_gate5_v1,4b5b7791539478f9b2562d1b176e235ac7b641e1afdc40c3d5242661d9dbed3d,4b5b7791539478f9b2562d1b176e235ac7b641e1afdc40c3d5242661d9dbed3d,2ad0e9f7bbdfe12695c931891fd0e8132d060fd7bcbca23623db43d4c7393a5c,561839806dcdb8279ac4e42025bc5a82751f2588a2b2066fa84637918d8e4896,2987a546cb3f48253dcdfdc400036a68d1977eddb1012f753e54eca010acedd8,73ed0728ba3aea4548919a2c599b960f1645e1842d48afd930cc90a737aecd92,a96eee14f959c7954577e91fe17d4515a9348f0431a52c4dd9b8f37b88ac9cf5,d543101e7ea78ed2ddaba45de0ca0f44ec997e73ba696c2970de54b1e75cccfc,e40ccb491db9d0ecfe8c9e8462f713cf096279ef2b219236d05222512135b242,fb59b12e82b041c59cc8a3933745a40e92c5e89aa7df64846e5855fbd3acb00e,38669e3f0e715d12f919bbd64ba6e09fbb431145f819869ebd01d20e8fde4ed0,"[[18.0,3730],[20.0,5030]]","[[26.0,8760]]","[[""north"",""002ee4e68ba2ff1e9da7eb8f1e16c441bba47a8ad5ed36d81dc169204a2cb66d""],[""east"",""b1a28b883b4633c7b55388b5b43f571e79efcd391bc0ce6bc07019b5e25d8065""],[""south"",""c667e440b35d715226d38302c0104b35b5d5764fed6125e5bcc80d08fabf1f41""],[""west"",""2767619730916a7bca7fe58275301af35dc43db33040cad9a975264954dbabb5""]]"
mc_4b47cdc6aa5dd60139764751292f9f6ec4da2f66ffe118cd6662839185b395db,BE_TABULA_14,"Apartment, enclosed",MFH,1971-1990,TABULA_advanced_A_proxy,2851cf077281e480136cab6af02d4720b94564326517124af576ab8634ba52a3,100.09999999999999,rcp_2_6,weather_2050_rcp_2_6_pvgis_2006,pvgis_2006,2006,2041-2060,3772491886,2,1490866013,central,central,613.95202350116256,2123.0473907685559,6.1333868481634628,21.20926464304252,2463.3564610083513,3309.8303961340362,249.23393476307817,641.43691267332849,936,2256,2256,936,2761,3949.7616666657887,3499.9999999991219,4.1950443119276315e-11,2,residential_energy_demand_gate5_v1,4b5b7791539478f9b2562d1b176e235ac7b641e1afdc40c3d5242661d9dbed3d,4b5b7791539478f9b2562d1b176e235ac7b641e1afdc40c3d5242661d9dbed3d,2ad0e9f7bbdfe12695c931891fd0e8132d060fd7bcbca23623db43d4c7393a5c,561839806dcdb8279ac4e42025bc5a82751f2588a2b2066fa84637918d8e4896,2987a546cb3f48253dcdfdc400036a68d1977eddb1012f753e54eca010acedd8,73ed0728ba3aea4548919a2c599b960f1645e1842d48afd930cc90a737aecd92,a96eee14f959c7954577e91fe17d4515a9348f0431a52c4dd9b8f37b88ac9cf5,d543101e7ea78ed2ddaba45de0ca0f44ec997e73ba696c2970de54b1e75cccfc,e40ccb491db9d0ecfe8c9e8462f713cf096279ef2b219236d05222512135b242,fb59b12e82b041c59cc8a3933745a40e92c5e89aa7df64846e5855fbd3acb00e,38669e3f0e715d12f919bbd64ba6e09fbb431145f819869ebd01d20e8fde4ed0,"[[18.0,3642],[20.0,5118]]","[[26.0,8760]]","[[""north"",""002ee4e68ba2ff1e9da7eb8f1e16c441bba47a8ad5ed36d81dc169204a2cb66d""],[""east"",""b1a28b883b4633c7b55388b5b43f571e79efcd391bc0ce6bc07019b5e25d8065""],[""south"",""c667e440b35d715226d38302c0104b35b5d5764fed6125e5bcc80d08fabf1f41""],[""west"",""2767619730916a7bca7fe58275301af35dc43db33040cad9a975264954dbabb5""]]"
mc_3c48b8383e2ff8da8f5605ac2beefc03ee5d8c04eafee8e8880215da4ae90002,BE_TABULA_14,"Apartment, enclosed",MFH,1971-1990,TABULA_advanced_A_proxy,2851cf077281e480136cab6af02d4720b94564326517124af576ab8634ba52a3,100.09999999999999,rcp_2_6,weather_2050_rcp_2_6_pvgis_2006,pvgis_2006,2006,2041-2060,1635250833,2,362923052,central,central,539.99767434160606,2052.2286005462597,5.3945821612548057,20.501784221241358,2353.1887175088127,3716.1132979588601,229.47486970499799,552.25135403527167,855,2265,2265,855,2714,3945.2583333337893,3500.0000000004557,4.1367798075953033e-11,2,residential_energy_demand_gate5_v1,4b5b7791539478f9b2562d1b176e235ac7b641e1afdc40c3d5242661d9dbed3d,4b5b7791539478f9b2562d1b176e235ac7b641e1afdc40c3d5242661d9dbed3d,2ad0e9f7bbdfe12695c931891fd0e8132d060fd7bcbca23623db43d4c7393a5c,561839806dcdb8279ac4e42025bc5a82751f2588a2b2066fa84637918d8e4896,2987a546cb3f48253dcdfdc400036a68d1977eddb1012f753e54eca010acedd8,73ed0728ba3aea4548919a2c599b960f1645e1842d48afd930cc90a737aecd92,a96eee14f959c7954577e91fe17d4515a9348f0431a52c4dd9b8f37b88ac9cf5,d543101e7ea78ed2ddaba45de0ca0f44ec997e73ba696c2970de54b1e75cccfc,e40ccb491db9d0ecfe8c9e8462f713cf096279ef2b219236d05222512135b242,fb59b12e82b041c59cc8a3933745a40e92c5e89aa7df64846e5855fbd3acb00e,38669e3f0e715d12f919bbd64ba6e09fbb431145f819869ebd01d20e8fde4ed0,"[[18.0,3844],[20.0,4916]]","[[26.0,8760]]","[[""north"",""002ee4e68ba2ff1e9da7eb8f1e16c441bba47a8ad5ed36d81dc169204a2cb66d""],[""east"",""b1a28b883b4633c7b55388b5b43f571e79efcd391bc0ce6bc07019b5e25d8065""],[""south"",""c667e440b35d715226d38302c0104b35b5d5764fed6125e5bcc80d08fabf1f41""],[""west"",""2767619730916a7bca7fe58275301af35dc43db33040cad9a975264954dbabb5""]]"
mc_bff7b7ae88dd48970aa7c853a03a7f5a0ddef2b62b2c553f9f30ffa61082bbf3,BE_TABULA_14,"Apartment, enclosed",MFH,1971-1990,TABULA_advanced_A_proxy,2851cf077281e480136cab6af02d4720b94564326517124af576ab8634ba52a3,100.09999999999999,rcp_2_6,weather_2050_rcp_2_6_pvgis_2006,pvgis_2006,2006,2041-2060,4035582952,4,4237377275,central,central,538.29565367459372,2207.5842480591214,5.377578957788149,22.053788691899317,2621.6754363762379,3381.2818432579825,205.32505519395755,652.88383234330956,859,2334,2334,859,2810,4178.615000001173,3500.0000000011732,4.0017766878008842e-11,2,residential_energy_demand_gate5_v1,4b5b7791539478f9b2562d1b176e235ac7b641e1afdc40c3d5242661d9dbed3d,4b5b7791539478f9b2562d1b176e235ac7b641e1afdc40c3d5242661d9dbed3d,2ad0e9f7bbdfe12695c931891fd0e8132d060fd7bcbca23623db43d4c7393a5c,561839806dcdb8279ac4e42025bc5a82751f2588a2b2066fa84637918d8e4896,2987a546cb3f48253dcdfdc400036a68d1977eddb1012f753e54eca010acedd8,73ed0728ba3aea4548919a2c599b960f1645e1842d48afd930cc90a737aecd92,a96eee14f959c7954577e91fe17d4515a9348f0431a52c4dd9b8f37b88ac9cf5,d543101e7ea78ed2ddaba45de0ca0f44ec997e73ba696c2970de54b1e75cccfc,e40ccb491db9d0ecfe8c9e8462f713cf096279ef2b219236d05222512135b242,fb59b12e82b041c59cc8a3933745a40e92c5e89aa7df64846e5855fbd3acb00e,38669e3f0e715d12f919bbd64ba6e09fbb431145f819869ebd01d20e8fde4ed0,"[[18.0,3225],[20.0,5535]]","[[26.0,8760]]","[[""north"",""002ee4e68ba2ff1e9da7eb8f1e16c441bba47a8ad5ed36d81dc169204a2cb66d""],[""east"",""b1a28b883b4633c7b55388b5b43f571e79efcd391bc0ce6bc07019b5e25d8065""],[""south"",""c667e440b35d715226d38302c0104b35b5d5764fed6125e5bcc80d08fabf1f41""],[""west"",""2767619730916a7bca7fe58275301af35dc43db33040cad9a975264954dbabb5""]]"
mc_accc6ab34123550a8929ac5692978cf3490156799984478cdc68360b37c33d8a,BE_TABULA_14,"Apartment, enclosed",MFH,1971-1990,TABULA_advanced_A_proxy,2851cf077281e480136cab6af02d4720b94564326517124af576ab8634ba52a3,100.09999999999999,rcp_2_6,weather_2050_rcp_2_6_pvgis_2006,pvgis_2006,2006,2041-2060,615541883,2,1703613008,central,central,609.41742021701145,2125.2326022659927,6.0880861160540611,21.231094927732197,2468.444814974137,3412.5632454798247,246.88314542020524,622.7672425063505,857,2234,2234,857,2740,3933.6616666674799,3500.0000000008131,3.9904080040287226e-11,2,residential_energy_demand_gate5_v1,4b5b7791539478f9b2562d1b176e235ac7b641e1afdc40c3d5242661d9dbed3d,4b5b7791539478f9b2562d1b176e235ac7b641e1afdc40c3d5242661d9dbed3d,2ad0e9f7bbdfe12695c931891fd0e8132d060fd7bcbca23623db43d4c7393a5c,561839806dcdb8279ac4e42025bc5a82751f2588a2b2066fa84637918d8e4896,2987a546cb3f48253dcdfdc400036a68d1977eddb1012f753e54eca010acedd8,73ed0728ba3aea4548919a2c599b960f1645e1842d48afd930cc90a737aecd92,a96eee14f959c7954577e91fe17d4515a9348f0431a52c4dd9b8f37b88ac9cf5,d543101e7ea78ed2ddaba45de0ca0f44ec997e73ba696c2970de54b1e75cccfc,e40ccb491db9d0ecfe8c9e8462f713cf096279ef2b219236d05222512135b242,fb59b12e82b041c59cc8a3933745a40e92c5e89aa7df64846e5855fbd3acb00e,38669e3f0e715d12f919bbd64ba6e09fbb431145f819869ebd01d20e8fde4ed0,"[[18.0,3897],[20.0,4863]]","[[26.0,8760]]","[[""north"",""002ee4e68ba2ff1e9da7eb8f1e16c441bba47a8ad5ed36d81dc169204a2cb66d""],[""east"",""b1a28b883b4633c7b55388b5b43f571e79efcd391bc0ce6bc07019b5e25d8065""],[""south"",""c667e440b35d715226d38302c0104b35b5d5764fed6125e5bcc80d08fabf1f41""],[""west"",""2767619730916a7bca7fe58275301af35dc43db33040cad9a975264954dbabb5""]]"
mc_6b05c2b4043c812c3f2a8ff7218817d268c464ab43c4ad4df665cedc484adc85,BE_TABULA_14,"Apartment, enclosed",MFH,1971-1990,TABULA_advanced_A_proxy,2851cf077281e480136cab6af02d4720b94564326517124af576ab8634ba52a3,100.09999999999999,rcp_2_6,weather_2050_rcp_2_6_pvgis_2006,pvgis_2006,2006,2041-2060,3820219209,1,1151876882,central,central,634.35253846456021,2026.0673035493321,6.3371881964491532,20.240432602890433,2630.3880070998357,3397.4890995281112,241.16310474057127,596.34254715658676,901,2168,2168,901,2628,3737.2883333329119,3499.9999999995789,3.9108272176235914e-11,2,residential_energy_demand_gate5_v1,4b5b7791539478f9b2562d1b176e235ac7b641e1afdc40c3d5242661d9dbed3d,4b5b7791539478f9b2562d1b176e235ac7b641e1afdc40c3d5242661d9dbed3d,2ad0e9f7bbdfe12695c931891fd0e8132d060fd7bcbca23623db43d4c7393a5c,561839806dcdb8279ac4e42025bc5a82751f2588a2b2066fa84637918d8e4896,2987a546cb3f48253dcdfdc400036a68d1977eddb1012f753e54eca010acedd8,73ed0728ba3aea4548919a2c599b960f1645e1842d48afd930cc90a737aecd92,a96eee14f959c7954577e91fe17d4515a9348f0431a52c4dd9b8f37b88ac9cf5,d543101e7ea78ed2ddaba45de0ca0f44ec997e73ba696c2970de54b1e75cccfc,e40ccb491db9d0ecfe8c9e8462f713cf096279ef2b219236d05222512135b242,fb59b12e82b041c59cc8a3933745a40e92c5e89aa7df64846e5855fbd3acb00e,38669e3f0e715d12f919bbd64ba6e09fbb431145f819869ebd01d20e8fde4ed0,"[[18.0,4548],[20.0,4212]]","[[26.0,8760]]","[[""north"",""002ee4e68ba2ff1e9da7eb8f1e16c441bba47a8ad5ed36d81dc169204a2cb66d""],[""east"",""b1a28b883b4633c7b55388b5b43f571e79efcd391bc0ce6bc07019b5e25d8065""],[""south"",""c667e440b35d715226d38302c0104b35b5d5764fed6125e5bcc80d08fabf1f41""],[""west"",""2767619730916a7bca7fe58275301af35dc43db33040cad9a975264954dbabb5""]]"
mc_7f16d723719b2fd2635cb330399f6acfa238a7f0486adf3a283213590e87005a,BE_TABULA_14,"Apartment, enclosed",MFH,1971-1990,TABULA_advanced_A_proxy,2851cf077281e480136cab6af02d4720b94564326517124af576ab8634ba52a3,100.09999999999999,rcp_2_6,weather_2050_rcp_2_6_pvgis_2006,pvgis_2006,2006,2041-2060,2055890937,1,1164913972,central,central,623.51626969763493,2048.082151086845,6.2289337632131367,20.460361149718732,2552.3579751091283,3717.9021723688579,244.29028991161633,550.87037155200653,905,2124,2124,905,2578,3735.0716666671019,3500.0000000004352,3.9705128074274398e-11,2,residential_energy_demand_gate5_v1,4b5b7791539478f9b2562d1b176e235ac7b641e1afdc40c3d5242661d9dbed3d,4b5b7791539478f9b2562d1b176e235ac7b641e1afdc40c3d5242661d9dbed3d,2ad0e9f7bbdfe12695c931891fd0e8132d060fd7bcbca23623db43d4c7393a5c,561839806dcdb8279ac4e42025bc5a82751f2588a2b2066fa84637918d8e4896,2987a546cb3f48253dcdfdc400036a68d1977eddb1012f753e54eca010acedd8,73ed0728ba3aea4548919a2c599b960f1645e1842d48afd930cc90a737aecd92,a96eee14f959c7954577e91fe17d4515a9348f0431a52c4dd9b8f37b88ac9cf5,d543101e7ea78ed2ddaba45de0ca0f44ec997e73ba696c2970de54b1e75cccfc,e40ccb491db9d0ecfe8c9e8462f713cf096279ef2b219236d05222512135b242,fb59b12e82b041c59cc8a3933745a40e92c5e89aa7df64846e5855fbd3acb00e,38669e3f0e715d12f919bbd64ba6e09fbb431145f819869ebd01d20e8fde4ed0,"[[18.0,4560],[20.0,4200]]","[[26.0,8760]]","[[""north"",""002ee4e68ba2ff1e9da7eb8f1e16c441bba47a8ad5ed36d81dc169204a2cb66d""],[""east"",""b1a28b883b4633c7b55388b5b43f571e79efcd391bc0ce6bc07019b5e25d8065""],[""south"",""c667e440b35d715226d38302c0104b35b5d5764fed6125e5bcc80d08fabf1f41""],[""west"",""2767619730916a7bca7fe58275301af35dc43db33040cad9a975264954dbabb5""]]"
mc_b336044691a519868e525a2898abf98c1d9616885441f5bcda3639e4842d1523,BE_TABULA_14,"Apartment, enclosed",MFH,1971-1990,TABULA_advanced_A_proxy,2851cf077281e480136cab6af02d4720b94564326517124af576ab8634ba52a3,100.09999999999999,rcp_2_6,weather_2050_rcp_2_6_pvgis_2006,pvgis_2006,2006,2041-2060,3962631770,1,599316190,central,central,613.0137540895438,2042.814202564369,6.1240135273680698,20.407734291352337,2491.954922567535,3305.2342584909429,245.99712801302906,618.05428686832261,886,2159,2159,886,2638,3749.8299999989727,3499.9999999989732,3.979039320256561e-11,2,residential_energy_demand_gate5_v1,4b5b7791539478f9b2562d1b176e235ac7b641e1afdc40c3d5242661d9dbed3d,4b5b7791539478f9b2562d1b176e235ac7b641e1afdc40c3d5242661d9dbed3d,2ad0e9f7bbdfe12695c931891fd0e8132d060fd7bcbca23623db43d4c7393a5c,561839806dcdb8279ac4e42025bc5a82751f2588a2b2066fa84637918d8e4896,2987a546cb3f48253dcdfdc400036a68d1977eddb1012f753e54eca010acedd8,73ed0728ba3aea4548919a2c599b960f1645e1842d48afd930cc90a737aecd92,a96eee14f959c7954577e91fe17d4515a9348f0431a52c4dd9b8f37b88ac9cf5,d543101e7ea78ed2ddaba45de0ca0f44ec997e73ba696c2970de54b1e75cccfc,e40ccb491db9d0ecfe8c9e8462f713cf096279ef2b219236d05222512135b242,fb59b12e82b041c59cc8a3933745a40e92c5e89aa7df64846e5855fbd3acb00e,38669e3f0e715d12f919bbd64ba6e09fbb431145f819869ebd01d20e8fde4ed0,"[[18.0,4303],[20.0,4457]]","[[26.0,8760]]","[[""north"",""002ee4e68ba2ff1e9da7eb8f1e16c441bba47a8ad5ed36d81dc169204a2cb66d""],[""east"",""b1a28b883b4633c7b55388b5b43f571e79efcd391bc0ce6bc07019b5e25d8065""],[""south"",""c667e440b35d715226d38302c0104b35b5d5764fed6125e5bcc80d08fabf1f41""],[""west"",""2767619730916a7bca7fe58275301af35dc43db33040cad9a975264954dbabb5""]]"
mc_66d161c41557ec82896489fb3be87ae2a26a91beac616cbcce33e0dba39c938d,BE_TABULA_14,"Apartment, enclosed",MFH,1971-1990,TABULA_advanced_A_proxy,2851cf077281e480136cab6af02d4720b94564326517124af576ab8634ba52a3,100.09999999999999,rcp_2_6,weather_2050_rcp_2_6_pvgis_2006,pvgis_2006,2006,2041-2060,292497774,1,2686717748,central,central,605.45953762390889,2016.7111349000606,6.0485468294096796,20.146964384615991,2478.8487772519047,3701.2477491485784,244.25029198236606,544.87331613075014,838,2167,2167,838,2669,3738.8749999997212,3499.9999999997208,4.2973624658770859e-11,2,residential_energy_demand_gate5_v1,4b5b7791539478f9b2562d1b176e235ac7b641e1afdc40c3d5242661d9dbed3d,4b5b7791539478f9b2562d1b176e235ac7b641e1afdc40c3d5242661d9dbed3d,2ad0e9f7bbdfe12695c931891fd0e8132d060fd7bcbca23623db43d4c7393a5c,561839806dcdb8279ac4e42025bc5a82751f2588a2b2066fa84637918d8e4896,2987a546cb3f48253dcdfdc400036a68d1977eddb1012f753e54eca010acedd8,73ed0728ba3aea4548919a2c599b960f1645e1842d48afd930cc90a737aecd92,a96eee14f959c7954577e91fe17d4515a9348f0431a52c4dd9b8f37b88ac9cf5,d543101e7ea78ed2ddaba45de0ca0f44ec997e73ba696c2970de54b1e75cccfc,e40ccb491db9d0ecfe8c9e8462f713cf096279ef2b219236d05222512135b242,fb59b12e82b041c59cc8a3933745a40e92c5e89aa7df64846e5855fbd3acb00e,38669e3f0e715d12f919bbd64ba6e09fbb431145f819869ebd01d20e8fde4ed0,"[[18.0,4512],[20.0,4248]]","[[26.0,8760]]","[[""north"",""002ee4e68ba2ff1e9da7eb8f1e16c441bba47a8ad5ed36d81dc169204a2cb66d""],[""east"",""b1a28b883b4633c7b55388b5b43f571e79efcd391bc0ce6bc07019b5e25d8065""],[""south"",""c667e440b35d715226d38302c0104b35b5d5764fed6125e5bcc80d08fabf1f41""],[""west"",""2767619730916a7bca7fe58275301af35dc43db33040cad9a975264954dbabb5""]]"
mc_a24e454b88c5ec3e1bafb52f76570aef7ba3135b09ab90d605506cc07b487f21,BE_TABULA_14,"Apartment, enclosed",MFH,1971-1990,TABULA_advanced_A_proxy,2851cf077281e480136cab6af02d4720b94564326517124af576ab8634ba52a3,100.09999999999999,rcp_2_6,weather_2050_rcp_2_6_pvgis_2006,pvgis_2006,2006,2041-2060,238028136,1,1168980962,central,central,569.48819261181666,1991.5773688125769,5.6891927333847825,19.895877810315454,2765.1923161645118,3246.3914233849978,205.94885544949406,613.47419613866771,816,2163,2163,816,2584,3736.6816666669379,3500.0000000002719,4.2064129956997931e-11,2,residential_energy_demand_gate5_v1,4b5b7791539478f9b2562d1b176e235ac7b641e1afdc40c3d5242661d9dbed3d,4b5b7791539478f9b2562d1b176e235ac7b641e1afdc40c3d5242661d9dbed3d,2ad0e9f7bbdfe12695c931891fd0e8132d060fd7bcbca23623db43d4c7393a5c,561839806dcdb8279ac4e42025bc5a82751f2588a2b2066fa84637918d8e4896,2987a546cb3f48253dcdfdc400036a68d1977eddb1012f753e54eca010acedd8,73ed0728ba3aea4548919a2c599b960f1645e1842d48afd930cc90a737aecd92,a96eee14f959c7954577e91fe17d4515a9348f0431a52c4dd9b8f37b88ac9cf5,d543101e7ea78ed2ddaba45de0ca0f44ec997e73ba696c2970de54b1e75cccfc,e40ccb491db9d0ecfe8c9e8462f713cf096279ef2b219236d05222512135b242,fb59b12e82b041c59cc8a3933745a40e92c5e89aa7df64846e5855fbd3acb00e,38669e3f0e715d12f919bbd64ba6e09fbb431145f819869ebd01d20e8fde4ed0,"[[18.0,4525],[20.0,4235]]","[[26.0,8760]]","[[""north"",""002ee4e68ba2ff1e9da7eb8f1e16c441bba47a8ad5ed36d81dc169204a2cb66d""],[""east"",""b1a28b883b4633c7b55388b5b43f571e79efcd391bc0ce6bc07019b5e25d8065""],[""south"",""c667e440b35d715226d38302c0104b35b5d5764fed6125e5bcc80d08fabf1f41""],[""west"",""2767619730916a7bca7fe58275301af35dc43db33040cad9a975264954dbabb5""]]"
mc_49a69d02ab249a081189decb3a6e2e9e47cd04030cd0acb3f1f548c99d6511f9,BE_TABULA_14,"Apartment, enclosed",MFH,1971-1990,TABULA_advanced_A_proxy,2851cf077281e480136cab6af02d4720b94564326517124af576ab8634ba52a3,100.09999999999999,rcp_2_6,weather_2050_rcp_2_6_pvgis_2006,pvgis_2006,2006,2041-2060,2973159850,1,2567223277,central,central,605.42747007043351,2023.2278190317306,6.0482264742301055,20.212066124193115,2682.1625532829144,3911.1475113874949,225.72363085503608,517.29775293337957,874,2129,2129,874,2582,3734.2666666660411,3499.9999999993743,4.3655745685100555e-11,2,residential_energy_demand_gate5_v1,4b5b7791539478f9b2562d1b176e235ac7b641e1afdc40c3d5242661d9dbed3d,4b5b7791539478f9b2562d1b176e235ac7b641e1afdc40c3d5242661d9dbed3d,2ad0e9f7bbdfe12695c931891fd0e8132d060fd7bcbca23623db43d4c7393a5c,561839806dcdb8279ac4e42025bc5a82751f2588a2b2066fa84637918d8e4896,2987a546cb3f48253dcdfdc400036a68d1977eddb1012f753e54eca010acedd8,73ed0728ba3aea4548919a2c599b960f1645e1842d48afd930cc90a737aecd92,a96eee14f959c7954577e91fe17d4515a9348f0431a52c4dd9b8f37b88ac9cf5,d543101e7ea78ed2ddaba45de0ca0f44ec997e73ba696c2970de54b1e75cccfc,e40ccb491db9d0ecfe8c9e8462f713cf096279ef2b219236d05222512135b242,fb59b12e82b041c59cc8a3933745a40e92c5e89aa7df64846e5855fbd3acb00e,38669e3f0e715d12f919bbd64ba6e09fbb431145f819869ebd01d20e8fde4ed0,"[[18.0,4559],[20.0,4201]]","[[26.0,8760]]","[[""north"",""002ee4e68ba2ff1e9da7eb8f1e16c441bba47a8ad5ed36d81dc169204a2cb66d""],[""east"",""b1a28b883b4633c7b55388b5b43f571e79efcd391bc0ce6bc07019b5e25d8065""],[""south"",""c667e440b35d715226d38302c0104b35b5d5764fed6125e5bcc80d08fabf1f41""],[""west"",""2767619730916a7bca7fe58275301af35dc43db33040cad9a975264954dbabb5""]]"
mc_109e59871641f695bac043e8f0f9d9497791c011c64ed25616eff520fb0bae35,BE_TABULA_14,"Apartment, enclosed",MFH,1971-1990,TABULA_advanced_A_proxy,2851cf077281e480136cab6af02d4720b94564326517124af576ab8634ba52a3,100.09999999999999,rcp_2_6,weather_2050_rcp_2_6_pvgis_2006,pvgis_2006,2006,2041-2060,3979556006,1,3659265523,central,central,671.95574682708593,2060.863825060439,6.7128446236472126,20.588050200403988,2632.6230128276484,4049.0851354636584,255.24191787161791,508.97023799536652,949,2196,2196,949,2693,3732.0383333336686,3500.0000000003347,3.9733549783704802e-11,2,residential_energy_demand_gate5_v1,4b5b7791539478f9b2562d1b176e235ac7b641e1afdc40c3d5242661d9dbed3d,4b5b7791539478f9b2562d1b176e235ac7b641e1afdc40c3d5242661d9dbed3d,2ad0e9f7bbdfe12695c931891fd0e8132d060fd7bcbca23623db43d4c7393a5c,561839806dcdb8279ac4e42025bc5a82751f2588a2b2066fa84637918d8e4896,2987a546cb3f48253dcdfdc400036a68d1977eddb1012f753e54eca010acedd8,73ed0728ba3aea4548919a2c599b960f1645e1842d48afd930cc90a737aecd92,a96eee14f959c7954577e91fe17d4515a9348f0431a52c4dd9b8f37b88ac9cf5,d543101e7ea78ed2ddaba45de0ca0f44ec997e73ba696c2970de54b1e75cccfc,e40ccb491db9d0ecfe8c9e8462f713cf096279ef2b219236d05222512135b242,fb59b12e82b041c59cc8a3933745a40e92c5e89aa7df64846e5855fbd3acb00e,38669e3f0e715d12f919bbd64ba6e09fbb431145f819869ebd01d20e8fde4ed0,"[[18.0,4608],[20.0,4152]]","[[26.0,8760]]","[[""north"",""002ee4e68ba2ff1e9da7eb8f1e16c441bba47a8ad5ed36d81dc169204a2cb66d""],[""east"",""b1a28b883b4633c7b55388b5b43f571e79efcd391bc0ce6bc07019b5e25d8065""],[""south"",""c667e440b35d715226d38302c0104b35b5d5764fed6125e5bcc80d08fabf1f41""],[""west"",""2767619730916a7bca7fe58275301af35dc43db33040cad9a975264954dbabb5""]]"
mc_7cf26b787ab94409bf076f26b9ad533afbd276333aa2f495ad91b0ea7ccc982d,BE_TABULA_14,"Apartment, enclosed",MFH,1971-1990,TABULA_advanced_A_proxy,2851cf077281e480136cab6af02d4720b94564326517124af576ab8634ba52a3,100.09999999999999,rcp_2_6,weather_2050_rcp_2_6_pvgis_2006,pvgis_2006,2006,2041-2060,2849274450,3,1759781199,central,central,573.23208957017425,2132.6448957549856,5.7265943014003424,21.30514381373612,2347.1365958887504,3230.1283663014669,244.2261309266145,660.23533863358125,830,2298,2298,830,2798,4058.5883333331799,3499.9999999998463,4.1211478674085811e-11,2,residential_energy_demand_gate5_v1,4b5b7791539478f9b2562d1b176e235ac7b641e1afdc40c3d5242661d9dbed3d,4b5b7791539478f9b2562d1b176e235ac7b641e1afdc40c3d5242661d9dbed3d,2ad0e9f7bbdfe12695c931891fd0e8132d060fd7bcbca23623db43d4c7393a5c,561839806dcdb8279ac4e42025bc5a82751f2588a2b2066fa84637918d8e4896,2987a546cb3f48253dcdfdc400036a68d1977eddb1012f753e54eca010acedd8,73ed0728ba3aea4548919a2c599b960f1645e1842d48afd930cc90a737aecd92,a96eee14f959c7954577e91fe17d4515a9348f0431a52c4dd9b8f37b88ac9cf5,d543101e7ea78ed2ddaba45de0ca0f44ec997e73ba696c2970de54b1e75cccfc,e40ccb491db9d0ecfe8c9e8462f713cf096279ef2b219236d05222512135b242,fb59b12e82b041c59cc8a3933745a40e92c5e89aa7df64846e5855fbd3acb00e,38669e3f0e715d12f919bbd64ba6e09fbb431145f819869ebd01d20e8fde4ed0,"[[18.0,3314],[20.0,5446]]","[[26.0,8760]]","[[""north"",""002ee4e68ba2ff1e9da7eb8f1e16c441bba47a8ad5ed36d81dc169204a2cb66d""],[""east"",""b1a28b883b4633c7b55388b5b43f571e79efcd391bc0ce6bc07019b5e25d8065""],[""south"",""c667e440b35d715226d38302c0104b35b5d5764fed6125e5bcc80d08fabf1f41""],[""west"",""2767619730916a7bca7fe58275301af35dc43db33040cad9a975264954dbabb5""]]"
mc_bdfed77cd0fe5e78a3d178942d30eb9291f116cf2d51c32a660174d05cb61375,BE_TABULA_14,"Apartment, enclosed",MFH,1971-1990,TABULA_advanced_A_proxy,2851cf077281e480136cab6af02d4720b94564326517124af576ab8634ba52a3,100.09999999999999,rcp_2_6,weather_2050_rcp_2_6_pvgis_2006,pvgis_2006,2006,2041-2060,1707147214,2,2915924490,central,central,532.84352663171603,2033.430337168475,5.323112154162998,20.313989382302449,2366.1232457891833,3361.2051395217864,225.19686055237349,604.97061403927887,827,2224,2224,827,2700,3944.0100000001535,3500.0000000001532,4.0984104998642579e-11,2,residential_energy_demand_gate5_v1,4b5b7791539478f9b2562d1b176e235ac7b641e1afdc40c3d5242661d9dbed3d,4b5b7791539478f9b2562d1b176e235ac7b641e1afdc40c3d5242661d9dbed3d,2ad0e9f7bbdfe12695c931891fd0e8132d060fd7bcbca23623db43d4c7393a5c,561839806dcdb8279ac4e42025bc5a82751f2588a2b2066fa84637918d8e4896,2987a546cb3f48253dcdfdc400036a68d1977eddb1012f753e54eca010acedd8,73ed0728ba3aea4548919a2c599b960f1645e1842d48afd930cc90a737aecd92,a96eee14f959c7954577e91fe17d4515a9348f0431a52c4dd9b8f37b88ac9cf5,d543101e7ea78ed2ddaba45de0ca0f44ec997e73ba696c2970de54b1e75cccfc,e40ccb491db9d0ecfe8c9e8462f713cf096279ef2b219236d05222512135b242,fb59b12e82b041c59cc8a3933745a40e92c5e89aa7df64846e5855fbd3acb00e,38669e3f0e715d12f919bbd64ba6e09fbb431145f819869ebd01d20e8fde4ed0,"[[18.0,3813],[20.0,4947]]","[[26.0,8760]]","[[""north"",""002ee4e68ba2ff1e9da7eb8f1e16c441bba47a8ad5ed36d81dc169204a2cb66d""],[""east"",""b1a28b883b4633c7b55388b5b43f571e79efcd391bc0ce6bc07019b5e25d8065""],[""south"",""c667e440b35d715226d38302c0104b35b5d5764fed6125e5bcc80d08fabf1f41""],[""west"",""2767619730916a7bca7fe58275301af35dc43db33040cad9a975264954dbabb5""]]"
mc_23af073121b4dce5a01517ff10b1813360b925ca95e0f3e695808ceafce0369d,BE_TABULA_14,"Apartment, enclosed",MFH,1971-1990,TABULA_advanced_A_proxy,2851cf077281e480136cab6af02d4720b94564326517124af576ab8634ba52a3,100.09999999999999,rcp_2_6,weather_2050_rcp_2_6_pvgis_2006,pvgis_2006,2006,2041-2060,422447889,1,1648704536,central,central,604.03088566306508,2029.8602888968378,6.0342745820486021,20.278324564403974,2541.0135993293684,4081.8244357940202,237.71257494351178,497.29240461611806,853,2086,2086,853,2572,3735.8066666671152,3500.0000000004488,3.9563019527122378e-11,2,residential_energy_demand_gate5_v1,4b5b7791539478f9b2562d1b176e235ac7b641e1afdc40c3d5242661d9dbed3d,4b5b7791539478f9b2562d1b176e235ac7b641e1afdc40c3d5242661d9dbed3d,2ad0e9f7bbdfe12695c931891fd0e8132d060fd7bcbca23623db43d4c7393a5c,561839806dcdb8279ac4e42025bc5a82751f2588a2b2066fa84637918d8e4896,2987a546cb3f48253dcdfdc400036a68d1977eddb1012f753e54eca010acedd8,73ed0728ba3aea4548919a2c599b960f1645e1842d48afd930cc90a737aecd92,a96eee14f959c7954577e91fe17d4515a9348f0431a52c4dd9b8f37b88ac9cf5,d543101e7ea78ed2ddaba45de0ca0f44ec997e73ba696c2970de54b1e75cccfc,e40ccb491db9d0ecfe8c9e8462f713cf096279ef2b219236d05222512135b242,fb59b12e82b041c59cc8a3933745a40e92c5e89aa7df64846e5855fbd3acb00e,38669e3f0e715d12f919bbd64ba6e09fbb431145f819869ebd01d20e8fde4ed0,"[[18.0,4548],[20.0,4212]]","[[26.0,8760]]","[[""north"",""002ee4e68ba2ff1e9da7eb8f1e16c441bba47a8ad5ed36d81dc169204a2cb66d""],[""east"",""b1a28b883b4633c7b55388b5b43f571e79efcd391bc0ce6bc07019b5e25d8065""],[""south"",""c667e440b35d715226d38302c0104b35b5d5764fed6125e5bcc80d08fabf1f41""],[""west"",""2767619730916a7bca7fe58275301af35dc43db33040cad9a975264954dbabb5""]]"
mc_0f762c9ac3ffc46a2f6eadf89ab7774c91d52d4e133c5a966ef2845640f90436,BE_TABULA_14,"Apartment, enclosed",MFH,1971-1990,TABULA_advanced_A_proxy,2851cf077281e480136cab6af02d4720b94564326517124af576ab8634ba52a3,100.09999999999999,rcp_2_6,weather_2050_rcp_2_6_pvgis_2006,pvgis_2006,2006,2041-2060,216697226,1,3027592219,central,central,607.48485495539956,2035.547784850075,6.0687797697842116,20.335142705794958,2445.6666164819567,3543.0773900629847,248.3923405019342,574.51406242466783,912,2156,2156,912,2611,3736.5416666659248,3499.9999999992583,4.2291503632441163e-11,2,residential_energy_demand_gate5_v1,4b5b7791539478f9b2562d1b176e235ac7b641e1afdc40c3d5242661d9dbed3d,4b5b7791539478f9b2562d1b176e235ac7b641e1afdc40c3d5242661d9dbed3d,2ad0e9f7bbdfe12695c931891fd0e8132d060fd7bcbca23623db43d4c7393a5c,561839806dcdb8279ac4e42025bc5a82751f2588a2b2066fa84637918d8e4896,2987a546cb3f48253dcdfdc400036a68d1977eddb1012f753e54eca010acedd8,73ed0728ba3aea4548919a2c599b960f1645e1842d48afd930cc90a737aecd92,a96eee14f959c7954577e91fe17d4515a9348f0431a52c4dd9b8f37b88ac9cf5,d543101e7ea78ed2ddaba45de0ca0f44ec997e73ba696c2970de54b1e75cccfc,e40ccb491db9d0ecfe8c9e8462f713cf096279ef2b219236d05222512135b242,fb59b12e82b041c59cc8a3933745a40e92c5e89aa7df64846e5855fbd3acb00e,38669e3f0e715d12f919bbd64ba6e09fbb431145f819869ebd01d20e8fde4ed0,"[[18.0,4544],[20.0,4216]]","[[26.0,8760]]","[[""north"",""002ee4e68ba2ff1e9da7eb8f1e16c441bba47a8ad5ed36d81dc169204a2cb66d""],[""east"",""b1a28b883b4633c7b55388b5b43f571e79efcd391bc0ce6bc07019b5e25d8065""],[""south"",""c667e440b35d715226d38302c0104b35b5d5764fed6125e5bcc80d08fabf1f41""],[""west"",""2767619730916a7bca7fe58275301af35dc43db33040cad9a975264954dbabb5""]]"
mc_c2f9a83409fac7369dca9f9aaf50171aee34cf711fbbbe1efb84699414e6110e,BE_TABULA_14,"Apartment, enclosed",MFH,1971-1990,TABULA_advanced_A_proxy,2851cf077281e480136cab6af02d4720b94564326517124af576ab8634ba52a3,100.09999999999999,rcp_2_6,weather_2050_rcp_2_6_pvgis_2006,pvgis_2006,2006,2041-2060,1850706042,1,2667540625,central,central,559.79261172619442,1975.3745684715507,5.5923337834784661,19.734011673042467,2583.0814155684948,3601.1635248474886,216.71504752125401,548.53786973064734,883,2153,2153,883,2593,3734.4649999998915,3499.9999999998913,4.0188297134591267e-11,2,residential_energy_demand_gate5_v1,4b5b7791539478f9b2562d1b176e235ac7b641e1afdc40c3d5242661d9dbed3d,4b5b7791539478f9b2562d1b176e235ac7b641e1afdc40c3d5242661d9dbed3d,2ad0e9f7bbdfe12695c931891fd0e8132d060fd7bcbca23623db43d4c7393a5c,561839806dcdb8279ac4e42025bc5a82751f2588a2b2066fa84637918d8e4896,2987a546cb3f48253dcdfdc400036a68d1977eddb1012f753e54eca010acedd8,73ed0728ba3aea4548919a2c599b960f1645e1842d48afd930cc90a737aecd92,a96eee14f959c7954577e91fe17d4515a9348f0431a52c4dd9b8f37b88ac9cf5,d543101e7ea78ed2ddaba45de0ca0f44ec997e73ba696c2970de54b1e75cccfc,e40ccb491db9d0ecfe8c9e8462f713cf096279ef2b219236d05222512135b242,fb59b12e82b041c59cc8a3933745a40e92c5e89aa7df64846e5855fbd3acb00e,38669e3f0e715d12f919bbd64ba6e09fbb431145f819869ebd01d20e8fde4ed0,"[[18.0,4577],[20.0,4183]]","[[26.0,8760]]","[[""north"",""002ee4e68ba2ff1e9da7eb8f1e16c441bba47a8ad5ed36d81dc169204a2cb66d""],[""east"",""b1a28b883b4633c7b55388b5b43f571e79efcd391bc0ce6bc07019b5e25d8065""],[""south"",""c667e440b35d715226d38302c0104b35b5d5764fed6125e5bcc80d08fabf1f41""],[""west"",""2767619730916a7bca7fe58275301af35dc43db33040cad9a975264954dbabb5""]]"
mc_7650cd62a8d70df334bd5d3936f6cd384b46a7140775602dc22407b9948a9dd8,BE_TABULA_14,"Apartment, enclosed",MFH,1971-1990,TABULA_advanced_A_proxy,2851cf077281e480136cab6af02d4720b94564326517124af576ab8634ba52a3,100.09999999999999,rcp_2_6,weather_2050_rcp_2_6_pvgis_2006,pvgis_2006,2006,2041-2060,2345298607,4,2797143836,central,central,552.50244179876472,2202.1044794588397,5.5195049130745728,21.99904574883956,2465.8467692433092,3466.1662565910128,224.06195254716107,635.31415299871321,830,2327,2327,830,2842,4178.3000000000102,3500.0000000000109,3.9818814911996014e-11,2,residential_energy_demand_gate5_v1,4b5b7791539478f9b2562d1b176e235ac7b641e1afdc40c3d5242661d9dbed3d,4b5b7791539478f9b2562d1b176e235ac7b641e1afdc40c3d5242661d9dbed3d,2ad0e9f7bbdfe12695c931891fd0e8132d060fd7bcbca23623db43d4c7393a5c,561839806dcdb8279ac4e42025bc5a82751f2588a2b2066fa84637918d8e4896,2987a546cb3f48253dcdfdc400036a68d1977eddb1012f753e54eca010acedd8,73ed0728ba3aea4548919a2c599b960f1645e1842d48afd930cc90a737aecd92,a96eee14f959c7954577e91fe17d4515a9348f0431a52c4dd9b8f37b88ac9cf5,d543101e7ea78ed2ddaba45de0ca0f44ec997e73ba696c2970de54b1e75cccfc,e40ccb491db9d0ecfe8c9e8462f713cf096279ef2b219236d05222512135b242,fb59b12e82b041c59cc8a3933745a40e92c5e89aa7df64846e5855fbd3acb00e,38669e3f0e715d12f919bbd64ba6e09fbb431145f819869ebd01d20e8fde4ed0,"[[18.0,3199],[20.0,5561]]","[[26.0,8760]]","[[""north"",""002ee4e68ba2ff1e9da7eb8f1e16c441bba47a8ad5ed36d81dc169204a2cb66d""],[""east"",""b1a28b883b4633c7b55388b5b43f571e79efcd391bc0ce6bc07019b5e25d8065""],[""south"",""c667e440b35d715226d38302c0104b35b5d5764fed6125e5bcc80d08fabf1f41""],[""west"",""2767619730916a7bca7fe58275301af35dc43db33040cad9a975264954dbabb5""]]"
mc_a3305850f07ffc67968f45d11690dcc9ba6d83c45e804414f9ac8f9f07491e72,BE_TABULA_14,"Apartment, enclosed",MFH,1971-1990,TABULA_advanced_A_proxy,2851cf077281e480136cab6af02d4720b94564326517124af576ab8634ba52a3,100.09999999999999,rcp_2_6,weather_2050_rcp_2_6_pvgis_2006,pvgis_2006,2006,2041-2060,2582489112,1,498585544,central,central,603.29297872180427,2005.9234485815546,6.0269028843337091,20.039195290525022,2674.6673009576411,3417.4711472307645,225.5581389527589,586.96134134358056,857,2116,2116,857,2578,3742.0600000001718,3500.0000000001714,4.2604142436175607e-11,2,residential_energy_demand_gate5_v1,4b5b7791539478f9b2562d1b176e235ac7b641e1afdc40c3d5242661d9dbed3d,4b5b7791539478f9b2562d1b176e235ac7b641e1afdc40c3d5242661d9dbed3d,2ad0e9f7bbdfe12695c931891fd0e8132d060fd7bcbca23623db43d4c7393a5c,561839806dcdb8279ac4e42025bc5a82751f2588a2b2066fa84637918d8e4896,2987a546cb3f48253dcdfdc400036a68d1977eddb1012f753e54eca010acedd8,73ed0728ba3aea4548919a2c599b960f1645e1842d48afd930cc90a737aecd92,a96eee14f959c7954577e91fe17d4515a9348f0431a52c4dd9b8f37b88ac9cf5,d543101e7ea78ed2ddaba45de0ca0f44ec997e73ba696c2970de54b1e75cccfc,e40ccb491db9d0ecfe8c9e8462f713cf096279ef2b219236d05222512135b242,fb59b12e82b041c59cc8a3933745a40e92c5e89aa7df64846e5855fbd3acb00e,38669e3f0e715d12f919bbd64ba6e09fbb431145f819869ebd01d20e8fde4ed0,"[[18.0,4440],[20.0,4320]]","[[26.0,8760]]","[[""north"",""002ee4e68ba2ff1e9da7eb8f1e16c441bba47a8ad5ed36d81dc169204a2cb66d""],[""east"",""b1a28b883b4633c7b55388b5b43f571e79efcd391bc0ce6bc07019b5e25d8065""],[""south"",""c667e440b35d715226d38302c0104b35b5d5764fed6125e5bcc80d08fabf1f41""],[""west"",""2767619730916a7bca7fe58275301af35dc43db33040cad9a975264954dbabb5""]]"
mc_63c9ec64e4b770ee3d5f415de03d8c2cc24a960d130d35929135644175128d10,BE_TABULA_14,"Apartment, enclosed",MFH,1971-1990,TABULA_advanced_A_proxy,2851cf077281e480136cab6af02d4720b94564326517124af576ab8634ba52a3,100.09999999999999,rcp_2_6,weather_2050_rcp_2_6_pvgis_2006,pvgis_2006,2006,2041-2060,1092453103,2,591205793,central,central,583.06283255146127,2097.3584729455174,5.82480352199262,20.952632097357817,2304.5454019969675,3123.3894303696516,253.00557413458523,671.50079095237766,893,2267,2267,893,2800,3930.7450000001254,3500.0000000001251,4.0131453715730458e-11,2,residential_energy_demand_gate5_v1,4b5b7791539478f9b2562d1b176e235ac7b641e1afdc40c3d5242661d9dbed3d,4b5b7791539478f9b2562d1b176e235ac7b641e1afdc40c3d5242661d9dbed3d,2ad0e9f7bbdfe12695c931891fd0e8132d060fd7bcbca23623db43d4c7393a5c,561839806dcdb8279ac4e42025bc5a82751f2588a2b2066fa84637918d8e4896,2987a546cb3f48253dcdfdc400036a68d1977eddb1012f753e54eca010acedd8,73ed0728ba3aea4548919a2c599b960f1645e1842d48afd930cc90a737aecd92,a96eee14f959c7954577e91fe17d4515a9348f0431a52c4dd9b8f37b88ac9cf5,d543101e7ea78ed2ddaba45de0ca0f44ec997e73ba696c2970de54b1e75cccfc,e40ccb491db9d0ecfe8c9e8462f713cf096279ef2b219236d05222512135b242,fb59b12e82b041c59cc8a3933745a40e92c5e89aa7df64846e5855fbd3acb00e,38669e3f0e715d12f919bbd64ba6e09fbb431145f819869ebd01d20e8fde4ed0,"[[18.0,3853],[20.0,4907]]","[[26.0,8760]]","[[""north"",""002ee4e68ba2ff1e9da7eb8f1e16c441bba47a8ad5ed36d81dc169204a2cb66d""],[""east"",""b1a28b883b4633c7b55388b5b43f571e79efcd391bc0ce6bc07019b5e25d8065""],[""south"",""c667e440b35d715226d38302c0104b35b5d5764fed6125e5bcc80d08fabf1f41""],[""west"",""2767619730916a7bca7fe58275301af35dc43db33040cad9a975264954dbabb5""]]"
mc_c1f9d4cdac6212aab66c9edbadc07aceded912fec7c8c6daca6922581454056d,BE_TABULA_14,"Apartment, enclosed",MFH,1971-1990,TABULA_advanced_A_proxy,2851cf077281e480136cab6af02d4720b94564326517124af576ab8634ba52a3,100.09999999999999,rcp_2_6,weather_2050_rcp_2_6_pvgis_2006,pvgis_2006,2006,2041-2060,2333746188,2,540052035,central,central,575.87596147349166,2079.789265047084,5.7530066081267899,20.777115534935906,2647.1274790852585,3200.993061974129,217.54749857097602,649.73251262357576,814,2197,2197,814,2647,3932.0983333330673,3499.9999999997335,4.3314685171935707e-11,2,residential_energy_demand_gate5_v1,4b5b7791539478f9b2562d1b176e235ac7b641e1afdc40c3d5242661d9dbed3d,4b5b7791539478f9b2562d1b176e235ac7b641e1afdc40c3d5242661d9dbed3d,2ad0e9f7bbdfe12695c931891fd0e8132d060fd7bcbca23623db43d4c7393a5c,561839806dcdb8279ac4e42025bc5a82751f2588a2b2066fa84637918d8e4896,2987a546cb3f48253dcdfdc400036a68d1977eddb1012f753e54eca010acedd8,73ed0728ba3aea4548919a2c599b960f1645e1842d48afd930cc90a737aecd92,a96eee14f959c7954577e91fe17d4515a9348f0431a52c4dd9b8f37b88ac9cf5,d543101e7ea78ed2ddaba45de0ca0f44ec997e73ba696c2970de54b1e75cccfc,e40ccb491db9d0ecfe8c9e8462f713cf096279ef2b219236d05222512135b242,fb59b12e82b041c59cc8a3933745a40e92c5e89aa7df64846e5855fbd3acb00e,38669e3f0e715d12f919bbd64ba6e09fbb431145f819869ebd01d20e8fde4ed0,"[[18.0,3860],[20.0,4900]]","[[26.0,8760]]","[[""north"",""002ee4e68ba2ff1e9da7eb8f1e16c441bba47a8ad5ed36d81dc169204a2cb66d""],[""east"",""b1a28b883b4633c7b55388b5b43f571e79efcd391bc0ce6bc07019b5e25d8065""],[""south"",""c667e440b35d715226d38302c0104b35b5d5764fed6125e5bcc80d08fabf1f41""],[""west"",""2767619730916a7bca7fe58275301af35dc43db33040cad9a975264954dbabb5""]]"
mc_fc52311f1b606275da3cd56f33b1aa55a80b2e34ff1965f736ebbdf59b5f3805,BE_TABULA_14,"Apartment, enclosed",MFH,1971-1990,TABULA_advanced_A_proxy,2851cf077281e480136cab6af02d4720b94564326517124af576ab8634ba52a3,100.09999999999999,rcp_2_6,weather_2050_rcp_2_6_pvgis_2006,pvgis_2006,2006,2041-2060,290922874,2,3162789502,central,central,551.02929487802669,2078.0946565869558,5.5047881606196478,20.760186379490069,2482.8786506907572,3533.785066802961,221.93162550442239,588.06481359292798,793,2199,2199,793,2690,3941.2566666671028,3500.0000000004361,4.0586201066616923e-11,2,residential_energy_demand_gate5_v1,4b5b7791539478f9b2562d1b176e235ac7b641e1afdc40c3d5242661d9dbed3d,4b5b7791539478f9b2562d1b176e235ac7b641e1afdc40c3d5242661d9dbed3d,2ad0e9f7bbdfe12695c931891fd0e8132d060fd7bcbca23623db43d4c7393a5c,561839806dcdb8279ac4e42025bc5a82751f2588a2b2066fa84637918d8e4896,2987a546cb3f48253dcdfdc400036a68d1977eddb1012f753e54eca010acedd8,73ed0728ba3aea4548919a2c599b960f1645e1842d48afd930cc90a737aecd92,a96eee14f959c7954577e91fe17d4515a9348f0431a52c4dd9b8f37b88ac9cf5,d543101e7ea78ed2ddaba45de0ca0f44ec997e73ba696c2970de54b1e75cccfc,e40ccb491db9d0ecfe8c9e8462f713cf096279ef2b219236d05222512135b242,fb59b12e82b041c59cc8a3933745a40e92c5e89aa7df64846e5855fbd3acb00e,38669e3f0e715d12f919bbd64ba6e09fbb431145f819869ebd01d20e8fde4ed0,"[[18.0,3757],[20.0,5003]]","[[26.0,8760]]","[[""north"",""002ee4e68ba2ff1e9da7eb8f1e16c441bba47a8ad5ed36d81dc169204a2cb66d""],[""east"",""b1a28b883b4633c7b55388b5b43f571e79efcd391bc0ce6bc07019b5e25d8065""],[""south"",""c667e440b35d715226d38302c0104b35b5d5764fed6125e5bcc80d08fabf1f41""],[""west"",""2767619730916a7bca7fe58275301af35dc43db33040cad9a975264954dbabb5""]]"
mc_69272322e8303e992c4cacc3fdd7dfd3764225d79e8a600fc686233428b77821,BE_TABULA_14,"Apartment, enclosed",MFH,1971-1990,TABULA_advanced_A_proxy,2851cf077281e480136cab6af02d4720b94564326517124af576ab8634ba52a3,100.09999999999999,rcp_2_6,weather_2050_rcp_2_6_pvgis_2006,pvgis_2006,2006,2041-2060,2221754146,1,299414330,central,central,613.82224040305891,1964.2909683412972,6.1320903137168727,19.623286397015956,2494.0067022628209,2990.1221413817921,246.11892175194873,656.92666568916854,895,2205,2205,895,2753,3737.2999999990457,3499.9999999990459,3.9563019527122378e-11,2,residential_energy_demand_gate5_v1,4b5b7791539478f9b2562d1b176e235ac7b641e1afdc40c3d5242661d9dbed3d,4b5b7791539478f9b2562d1b176e235ac7b641e1afdc40c3d5242661d9dbed3d,2ad0e9f7bbdfe12695c931891fd0e8132d060fd7bcbca23623db43d4c7393a5c,561839806dcdb8279ac4e42025bc5a82751f2588a2b2066fa84637918d8e4896,2987a546cb3f48253dcdfdc400036a68d1977eddb1012f753e54eca010acedd8,73ed0728ba3aea4548919a2c599b960f1645e1842d48afd930cc90a737aecd92,a96eee14f959c7954577e91fe17d4515a9348f0431a52c4dd9b8f37b88ac9cf5,d543101e7ea78ed2ddaba45de0ca0f44ec997e73ba696c2970de54b1e75cccfc,e40ccb491db9d0ecfe8c9e8462f713cf096279ef2b219236d05222512135b242,fb59b12e82b041c59cc8a3933745a40e92c5e89aa7df64846e5855fbd3acb00e,38669e3f0e715d12f919bbd64ba6e09fbb431145f819869ebd01d20e8fde4ed0,"[[18.0,4534],[20.0,4226]]","[[26.0,8760]]","[[""north"",""002ee4e68ba2ff1e9da7eb8f1e16c441bba47a8ad5ed36d81dc169204a2cb66d""],[""east"",""b1a28b883b4633c7b55388b5b43f571e79efcd391bc0ce6bc07019b5e25d8065""],[""south"",""c667e440b35d715226d38302c0104b35b5d5764fed6125e5bcc80d08fabf1f41""],[""west"",""2767619730916a7bca7fe58275301af35dc43db33040cad9a975264954dbabb5""]]"
mc_5c57aaa98aa8e827b97209e132cb22cfe51bbeb15f0d4ec25fdfb5daecff8c0e,BE_TABULA_14,"Apartment, enclosed",MFH,1971-1990,TABULA_advanced_A_proxy,2851cf077281e480136cab6af02d4720b94564326517124af576ab8634ba52a3,100.09999999999999,rcp_2_6,weather_2050_rcp_2_6_pvgis_2006,pvgis_2006,2006,2041-2060,1816115144,1,3928427033,central,central,585.33557253111655,1987.0407992980288,5.847508217094072,19.850557435544744,2526.6052990217268,3519.5252376395815,231.66878212348874,564.57637469042993,855,2126,2126,855,2557,3738.9099999998316,3499.9999999998317,4.2518877307884395e-11,2,residential_energy_demand_gate5_v1,4b5b7791539478f9b2562d1b176e235ac7b641e1afdc40c3d5242661d9dbed3d,4b5b7791539478f9b2562d1b176e235ac7b641e1afdc40c3d5242661d9dbed3d,2ad0e9f7bbdfe12695c931891fd0e8132d060fd7bcbca23623db43d4c7393a5c,561839806dcdb8279ac4e42025bc5a82751f2588a2b2066fa84637918d8e4896,2987a546cb3f48253dcdfdc400036a68d1977eddb1012f753e54eca010acedd8,73ed0728ba3aea4548919a2c599b960f1645e1842d48afd930cc90a737aecd92,a96eee14f959c7954577e91fe17d4515a9348f0431a52c4dd9b8f37b88ac9cf5,d543101e7ea78ed2ddaba45de0ca0f44ec997e73ba696c2970de54b1e75cccfc,e40ccb491db9d0ecfe8c9e8462f713cf096279ef2b219236d05222512135b242,fb59b12e82b041c59cc8a3933745a40e92c5e89aa7df64846e5855fbd3acb00e,38669e3f0e715d12f919bbd64ba6e09fbb431145f819869ebd01d20e8fde4ed0,"[[18.0,4493],[20.0,4267]]","[[26.0,8760]]","[[""north"",""002ee4e68ba2ff1e9da7eb8f1e16c441bba47a8ad5ed36d81dc169204a2cb66d""],[""east"",""b1a28b883b4633c7b55388b5b43f571e79efcd391bc0ce6bc07019b5e25d8065""],[""south"",""c667e440b35d715226d38302c0104b35b5d5764fed6125e5bcc80d08fabf1f41""],[""west"",""2767619730916a7bca7fe58275301af35dc43db33040cad9a975264954dbabb5""]]"
mc_2ddf36a37ff47a33f2c50d078aa253e9eb1ea8d13a1b1e94a2cd23a13db757e5,BE_TABULA_14,"Apartment, enclosed",MFH,1971-1990,TABULA_advanced_A_proxy,2851cf077281e480136cab6af02d4720b94564326517124af576ab8634ba52a3,100.09999999999999,rcp_2_6,weather_2050_rcp_2_6_pvgis_2006,pvgis_2006,2006,2041-2060,3240729649,2,1511892000,central,central,531.2623981006243,2038.0280121137082,5.3073166643419016,20.359920200936148,2399.9093037956263,3201.4607104242123,221.36769804608667,636.59316682467033,748,2228,2228,748,2648,3933.650000000513,3500.000000000513,4.411049303598702e-11,2,residential_energy_demand_gate5_v1,4b5b7791539478f9b2562d1b176e235ac7b641e1afdc40c3d5242661d9dbed3d,4b5b7791539478f9b2562d1b176e235ac7b641e1afdc40c3d5242661d9dbed3d,2ad0e9f7bbdfe12695c931891fd0e8132d060fd7bcbca23623db43d4c7393a5c,561839806dcdb8279ac4e42025bc5a82751f2588a2b2066fa84637918d8e4896,2987a546cb3f48253dcdfdc400036a68d1977eddb1012f753e54eca010acedd8,73ed0728ba3aea4548919a2c599b960f1645e1842d48afd930cc90a737aecd92,a96eee14f959c7954577e91fe17d4515a9348f0431a52c4dd9b8f37b88ac9cf5,d543101e7ea78ed2ddaba45de0ca0f44ec997e73ba696c2970de54b1e75cccfc,e40ccb491db9d0ecfe8c9e8462f713cf096279ef2b219236d05222512135b242,fb59b12e82b041c59cc8a3933745a40e92c5e89aa7df64846e5855fbd3acb00e,38669e3f0e715d12f919bbd64ba6e09fbb431145f819869ebd01d20e8fde4ed0,"[[18.0,3857],[20.0,4903]]","[[26.0,8760]]","[[""north"",""002ee4e68ba2ff1e9da7eb8f1e16c441bba47a8ad5ed36d81dc169204a2cb66d""],[""east"",""b1a28b883b4633c7b55388b5b43f571e79efcd391bc0ce6bc07019b5e25d8065""],[""south"",""c667e440b35d715226d38302c0104b35b5d5764fed6125e5bcc80d08fabf1f41""],[""west"",""2767619730916a7bca7fe58275301af35dc43db33040cad9a975264954dbabb5""]]"
mc_7455fb7eecf5448a108b432b41e1fba7827b9c071eb20832d6d411fecc3d9d0f,BE_TABULA_14,"Apartment, enclosed",MFH,1971-1990,TABULA_advanced_A_proxy,2851cf077281e480136cab6af02d4720b94564326517124af576ab8634ba52a3,100.09999999999999,rcp_2_6,weather_2050_rcp_2_6_pvgis_2006,pvgis_2006,2006,2041-2060,2288844644,1,134262918,central,central,602.05041306578926,2050.5458322391059,6.0144896410168762,20.484973349042018,2717.3115789095159,3589.0717855873445,221.56105237935139,571.33040371984032,876,2106,2106,876,2522,3735.4099999993218,3499.999999999322,4.2064129956997931e-11,2,residential_energy_demand_gate5_v1,4b5b7791539478f9b2562d1b176e235ac7b641e1afdc40c3d5242661d9dbed3d,4b5b7791539478f9b2562d1b176e235ac7b641e1afdc40c3d5242661d9dbed3d,2ad0e9f7bbdfe12695c931891fd0e8132d060fd7bcbca23623db43d4c7393a5c,561839806dcdb8279ac4e42025bc5a82751f2588a2b2066fa84637918d8e4896,2987a546cb3f48253dcdfdc400036a68d1977eddb1012f753e54eca010acedd8,73ed0728ba3aea4548919a2c599b960f1645e1842d48afd930cc90a737aecd92,a96eee14f959c7954577e91fe17d4515a9348f0431a52c4dd9b8f37b88ac9cf5,d543101e7ea78ed2ddaba45de0ca0f44ec997e73ba696c2970de54b1e75cccfc,e40ccb491db9d0ecfe8c9e8462f713cf096279ef2b219236d05222512135b242,fb59b12e82b041c59cc8a3933745a40e92c5e89aa7df64846e5855fbd3acb00e,38669e3f0e715d12f919bbd64ba6e09fbb431145f819869ebd01d20e8fde4ed0,"[[18.0,4547],[20.0,4213]]","[[26.0,8760]]","[[""north"",""002ee4e68ba2ff1e9da7eb8f1e16c441bba47a8ad5ed36d81dc169204a2cb66d""],[""east"",""b1a28b883b4633c7b55388b5b43f571e79efcd391bc0ce6bc07019b5e25d8065""],[""south"",""c667e440b35d715226d38302c0104b35b5d5764fed6125e5bcc80d08fabf1f41""],[""west"",""2767619730916a7bca7fe58275301af35dc43db33040cad9a975264954dbabb5""]]"
mc_095cf4662637203594078721dcb0c4cb127a7afcd24be006442e34718a613a93,BE_TABULA_14,"Apartment, enclosed",MFH,1971-1990,TABULA_advanced_A_proxy,2851cf077281e480136cab6af02d4720b94564326517124af576ab8634ba52a3,100.09999999999999,rcp_2_6,weather_2050_rcp_2_6_pvgis_2006,pvgis_2006,2006,2041-2060,3778118032,2,2119399914,central,central,596.51985132524669,2113.7709159702194,5.959239273978489,21.116592567135061,2417.657542073975,3272.808923788989,246.73463505237606,645.85833306854624,855,2172,2172,855,2651,3940.9066666662916,3499.9999999996253,4.1382008930668235e-11,2,residential_energy_demand_gate5_v1,4b5b7791539478f9b2562d1b176e235ac7b641e1afdc40c3d5242661d9dbed3d,4b5b7791539478f9b2562d1b176e235ac7b641e1afdc40c3d5242661d9dbed3d,2ad0e9f7bbdfe12695c931891fd0e8132d060fd7bcbca23623db43d4c7393a5c,561839806dcdb8279ac4e42025bc5a82751f2588a2b2066fa84637918d8e4896,2987a546cb3f48253dcdfdc400036a68d1977eddb1012f753e54eca010acedd8,73ed0728ba3aea4548919a2c599b960f1645e1842d48afd930cc90a737aecd92,a96eee14f959c7954577e91fe17d4515a9348f0431a52c4dd9b8f37b88ac9cf5,d543101e7ea78ed2ddaba45de0ca0f44ec997e73ba696c2970de54b1e75cccfc,e40ccb491db9d0ecfe8c9e8462f713cf096279ef2b219236d05222512135b242,fb59b12e82b041c59cc8a3933745a40e92c5e89aa7df64846e5855fbd3acb00e,38669e3f0e715d12f919bbd64ba6e09fbb431145f819869ebd01d20e8fde4ed0,"[[18.0,3771],[20.0,4989]]","[[26.0,8760]]","[[""north"",""002ee4e68ba2ff1e9da7eb8f1e16c441bba47a8ad5ed36d81dc169204a2cb66d""],[""east"",""b1a28b883b4633c7b55388b5b43f571e79efcd391bc0ce6bc07019b5e25d8065""],[""south"",""c667e440b35d715226d38302c0104b35b5d5764fed6125e5bcc80d08fabf1f41""],[""west"",""2767619730916a7bca7fe58275301af35dc43db33040cad9a975264954dbabb5""]]"
mc_287729c72797b662c2d4eb46bb5e87966d7861c4fa06e027c76ffcafe9205cd5,BE_TABULA_14,"Apartment, enclosed",MFH,1971-1990,TABULA_advanced_A_proxy,2851cf077281e480136cab6af02d4720b94564326517124af576ab8634ba52a3,100.09999999999999,rcp_2_6,weather_2050_rcp_2_6_pvgis_2006,pvgis_2006,2006,2041-2060,96231892,1,202303042,central,central,599.32034382012887,2018.1054635064158,5.9872162219793097,20.160893741322838,2594.588849164476,3589.9929209451902,230.98856067816885,562.14747715298552,890,2074,2074,890,2492,3738.8283333333547,3500.0000000000214,4.0529357647756115e-11,2,residential_energy_demand_gate5_v1,4b5b7791539478f9b2562d1b176e235ac7b641e1afdc40c3d5242661d9dbed3d,4b5b7791539478f9b2562d1b176e235ac7b641e1afdc40c3d5242661d9dbed3d,2ad0e9f7bbdfe12695c931891fd0e8132d060fd7bcbca23623db43d4c7393a5c,561839806dcdb8279ac4e42025bc5a82751f2588a2b2066fa84637918d8e4896,2987a546cb3f48253dcdfdc400036a68d1977eddb1012f753e54eca010acedd8,73ed0728ba3aea4548919a2c599b960f1645e1842d48afd930cc90a737aecd92,a96eee14f959c7954577e91fe17d4515a9348f0431a52c4dd9b8f37b88ac9cf5,d543101e7ea78ed2ddaba45de0ca0f44ec997e73ba696c2970de54b1e75cccfc,e40ccb491db9d0ecfe8c9e8462f713cf096279ef2b219236d05222512135b242,fb59b12e82b041c59cc8a3933745a40e92c5e89aa7df64846e5855fbd3acb00e,38669e3f0e715d12f919bbd64ba6e09fbb431145f819869ebd01d20e8fde4ed0,"[[18.0,4481],[20.0,4279]]","[[26.0,8760]]","[[""north"",""002ee4e68ba2ff1e9da7eb8f1e16c441bba47a8ad5ed36d81dc169204a2cb66d""],[""east"",""b1a28b883b4633c7b55388b5b43f571e79efcd391bc0ce6bc07019b5e25d8065""],[""south"",""c667e440b35d715226d38302c0104b35b5d5764fed6125e5bcc80d08fabf1f41""],[""west"",""2767619730916a7bca7fe58275301af35dc43db33040cad9a975264954dbabb5""]]"
mc_c71b00f5481bd61294317d0e476c3f13c866ebf155430a58eb807ab6206f9907,BE_TABULA_14,"Apartment, enclosed",MFH,1971-1990,TABULA_advanced_A_proxy,2851cf077281e480136cab6af02d4720b94564326517124af576ab8634ba52a3,100.09999999999999,rcp_2_6,weather_2050_rcp_2_6_pvgis_2006,pvgis_2006,2006,2041-2060,3338747715,1,3157262246,central,central,614.77646324065267,2013.1078163422785,6.1416230093971302,20.110967196226561,2314.864330241649,4038.7631728883875,265.57775123541523,498.44661104567109,882,2104,2104,882,2578,3736.0399999997076,3499.9999999997076,3.979039320256561e-11,2,residential_energy_demand_gate5_v1,4b5b7791539478f9b2562d1b176e235ac7b641e1afdc40c3d5242661d9dbed3d,4b5b7791539478f9b2562d1b176e235ac7b641e1afdc40c3d5242661d9dbed3d,2ad0e9f7bbdfe12695c931891fd0e8132d060fd7bcbca23623db43d4c7393a5c,561839806dcdb8279ac4e42025bc5a82751f2588a2b2066fa84637918d8e4896,2987a546cb3f48253dcdfdc400036a68d1977eddb1012f753e54eca010acedd8,73ed0728ba3aea4548919a2c599b960f1645e1842d48afd930cc90a737aecd92,a96eee14f959c7954577e91fe17d4515a9348f0431a52c4dd9b8f37b88ac9cf5,d543101e7ea78ed2ddaba45de0ca0f44ec997e73ba696c2970de54b1e75cccfc,e40ccb491db9d0ecfe8c9e8462f713cf096279ef2b219236d05222512135b242,fb59b12e82b041c59cc8a3933745a40e92c5e89aa7df64846e5855fbd3acb00e,38669e3f0e715d12f919bbd64ba6e09fbb431145f819869ebd01d20e8fde4ed0,"[[18.0,4565],[20.0,4195]]","[[26.0,8760]]","[[""north"",""002ee4e68ba2ff1e9da7eb8f1e16c441bba47a8ad5ed36d81dc169204a2cb66d""],[""east"",""b1a28b883b4633c7b55388b5b43f571e79efcd391bc0ce6bc07019b5e25d8065""],[""south"",""c667e440b35d715226d38302c0104b35b5d5764fed6125e5bcc80d08fabf1f41""],[""west"",""2767619730916a7bca7fe58275301af35dc43db33040cad9a975264954dbabb5""]]"
mc_87cd6e1aba2d140840971cf0c894ade5b79227fb8ece1990803a25dc0a5ce5f1,BE_TABULA_14,"Apartment, enclosed",MFH,1971-1990,TABULA_advanced_A_proxy,2851cf077281e480136cab6af02d4720b94564326517124af576ab8634ba52a3,100.09999999999999,rcp_2_6,weather_2050_rcp_2_6_pvgis_2006,pvgis_2006,2006,2041-2060,799376848,3,2787136780,central,central,550.95174280866149,2114.1188677908131,5.5040134146719435,21.120068609298833,2305.4143598515211,3419.3596136580982,238.98165657480561,618.27918284648831,862,2285,2285,862,2785,4064.4916666660747,3499.9999999994075,3.9619862945983186e-11,2,residential_energy_demand_gate5_v1,4b5b7791539478f9b2562d1b176e235ac7b641e1afdc40c3d5242661d9dbed3d,4b5b7791539478f9b2562d1b176e235ac7b641e1afdc40c3d5242661d9dbed3d,2ad0e9f7bbdfe12695c931891fd0e8132d060fd7bcbca23623db43d4c7393a5c,561839806dcdb8279ac4e42025bc5a82751f2588a2b2066fa84637918d8e4896,2987a546cb3f48253dcdfdc400036a68d1977eddb1012f753e54eca010acedd8,73ed0728ba3aea4548919a2c599b960f1645e1842d48afd930cc90a737aecd92,a96eee14f959c7954577e91fe17d4515a9348f0431a52c4dd9b8f37b88ac9cf5,d543101e7ea78ed2ddaba45de0ca0f44ec997e73ba696c2970de54b1e75cccfc,e40ccb491db9d0ecfe8c9e8462f713cf096279ef2b219236d05222512135b242,fb59b12e82b041c59cc8a3933745a40e92c5e89aa7df64846e5855fbd3acb00e,38669e3f0e715d12f919bbd64ba6e09fbb431145f819869ebd01d20e8fde4ed0,"[[18.0,3335],[20.0,5425]]","[[26.0,8760]]","[[""north"",""002ee4e68ba2ff1e9da7eb8f1e16c441bba47a8ad5ed36d81dc169204a2cb66d""],[""east"",""b1a28b883b4633c7b55388b5b43f571e79efcd391bc0ce6bc07019b5e25d8065""],[""south"",""c667e440b35d715226d38302c0104b35b5d5764fed6125e5bcc80d08fabf1f41""],[""west"",""2767619730916a7bca7fe58275301af35dc43db33040cad9a975264954dbabb5""]]"
mc_8c87365b53e438b8eba55f05320d789f6a0d0f23446f45fd27fcca0b4858e7d3,BE_TABULA_14,"Apartment, enclosed",MFH,1971-1990,TABULA_advanced_A_proxy,2851cf077281e480136cab6af02d4720b94564326517124af576ab8634ba52a3,100.09999999999999,rcp_2_6,weather_2050_rcp_2_6_pvgis_2006,pvgis_2006,2006,2041-2060,3364469763,2,3525852059,central,central,595.47601406044487,2144.1075038614717,5.9488113292751734,21.419655383231486,2544.6511745018124,3378.0680267163275,234.01086169581816,634.71412858007625,868,2233,2233,868,2666,3938.8883333329727,3499.9999999996389,3.8880898500792682e-11,2,residential_energy_demand_gate5_v1,4b5b7791539478f9b2562d1b176e235ac7b641e1afdc40c3d5242661d9dbed3d,4b5b7791539478f9b2562d1b176e235ac7b641e1afdc40c3d5242661d9dbed3d,2ad0e9f7bbdfe12695c931891fd0e8132d060fd7bcbca23623db43d4c7393a5c,561839806dcdb8279ac4e42025bc5a82751f2588a2b2066fa84637918d8e4896,2987a546cb3f48253dcdfdc400036a68d1977eddb1012f753e54eca010acedd8,73ed0728ba3aea4548919a2c599b960f1645e1842d48afd930cc90a737aecd92,a96eee14f959c7954577e91fe17d4515a9348f0431a52c4dd9b8f37b88ac9cf5,d543101e7ea78ed2ddaba45de0ca0f44ec997e73ba696c2970de54b1e75cccfc,e40ccb491db9d0ecfe8c9e8462f713cf096279ef2b219236d05222512135b242,fb59b12e82b041c59cc8a3933745a40e92c5e89aa7df64846e5855fbd3acb00e,38669e3f0e715d12f919bbd64ba6e09fbb431145f819869ebd01d20e8fde4ed0,"[[18.0,3882],[20.0,4878]]","[[26.0,8760]]","[[""north"",""002ee4e68ba2ff1e9da7eb8f1e16c441bba47a8ad5ed36d81dc169204a2cb66d""],[""east"",""b1a28b883b4633c7b55388b5b43f571e79efcd391bc0ce6bc07019b5e25d8065""],[""south"",""c667e440b35d715226d38302c0104b35b5d5764fed6125e5bcc80d08fabf1f41""],[""west"",""2767619730916a7bca7fe58275301af35dc43db33040cad9a975264954dbabb5""]]"
mc_53966d5e5d8101590849820d9bbe1b72bec3f9111f4b865c1c27c379b3bc48af,BE_TABULA_14,"Apartment, enclosed",MFH,1971-1990,TABULA_advanced_A_proxy,2851cf077281e480136cab6af02d4720b94564326517124af576ab8634ba52a3,100.09999999999999,rcp_2_6,weather_2050_rcp_2_6_pvgis_2006,pvgis_2006,2006,2041-2060,179395282,1,1160425781,central,central,632.71632374572573,2015.6762936537855,6.3208423950621953,20.13662631022763,2779.8017846536204,3514.076578343555,227.61202875641933,573.60056012322968,870,2131,2131,870,2613,3733.8233333332641,3499.9999999999304,4.1495695768389851e-11,2,residential_energy_demand_gate5_v1,4b5b7791539478f9b2562d1b176e235ac7b641e1afdc40c3d5242661d9dbed3d,4b5b7791539478f9b2562d1b176e235ac7b641e1afdc40c3d5242661d9dbed3d,2ad0e9f7bbdfe12695c931891fd0e8132d060fd7bcbca23623db43d4c7393a5c,561839806dcdb8279ac4e42025bc5a82751f2588a2b2066fa84637918d8e4896,2987a546cb3f48253dcdfdc400036a68d1977eddb1012f753e54eca010acedd8,73ed0728ba3aea4548919a2c599b960f1645e1842d48afd930cc90a737aecd92,a96eee14f959c7954577e91fe17d4515a9348f0431a52c4dd9b8f37b88ac9cf5,d543101e7ea78ed2ddaba45de0ca0f44ec997e73ba696c2970de54b1e75cccfc,e40ccb491db9d0ecfe8c9e8462f713cf096279ef2b219236d05222512135b242,fb59b12e82b041c59cc8a3933745a40e92c5e89aa7df64846e5855fbd3acb00e,38669e3f0e715d12f919bbd64ba6e09fbb431145f819869ebd01d20e8fde4ed0,"[[18.0,4566],[20.0,4194]]","[[26.0,8760]]","[[""north"",""002ee4e68ba2ff1e9da7eb8f1e16c441bba47a8ad5ed36d81dc169204a2cb66d""],[""east"",""b1a28b883b4633c7b55388b5b43f571e79efcd391bc0ce6bc07019b5e25d8065""],[""south"",""c667e440b35d715226d38302c0104b35b5d5764fed6125e5bcc80d08fabf1f41""],[""west"",""2767619730916a7bca7fe58275301af35dc43db33040cad9a975264954dbabb5""]]"
mc_3f9304d9860e2a73e56088de4e4df82b8a8d19593e213077a6a17ebedde59f43,BE_TABULA_14,"Apartment, enclosed",MFH,1971-1990,TABULA_advanced_A_proxy,2851cf077281e480136cab6af02d4720b94564326517124af576ab8634ba52a3,100.09999999999999,rcp_2_6,weather_2050_rcp_2_6_pvgis_2006,pvgis_2006,2006,2041-2060,1171171859,3,75851243,central,central,566.04288590859278,2135.9373918886049,5.6547740850009269,21.338035883003048,2482.5690772025164,3488.8328004456644,228.00690265039404,612.22119661789463,874,2305,2305,874,2810,4052.0433333343435,3500.0000000010095,4.1268322092946619e-11,2,residential_energy_demand_gate5_v1,4b5b7791539478f9b2562d1b176e235ac7b641e1afdc40c3d5242661d9dbed3d,4b5b7791539478f9b2562d1b176e235ac7b641e1afdc40c3d5242661d9dbed3d,2ad0e9f7bbdfe12695c931891fd0e8132d060fd7bcbca23623db43d4c7393a5c,561839806dcdb8279ac4e42025bc5a82751f2588a2b2066fa84637918d8e4896,2987a546cb3f48253dcdfdc400036a68d1977eddb1012f753e54eca010acedd8,73ed0728ba3aea4548919a2c599b960f1645e1842d48afd930cc90a737aecd92,a96eee14f959c7954577e91fe17d4515a9348f0431a52c4dd9b8f37b88ac9cf5,d543101e7ea78ed2ddaba45de0ca0f44ec997e73ba696c2970de54b1e75cccfc,e40ccb491db9d0ecfe8c9e8462f713cf096279ef2b219236d05222512135b242,fb59b12e82b041c59cc8a3933745a40e92c5e89aa7df64846e5855fbd3acb00e,38669e3f0e715d12f919bbd64ba6e09fbb431145f819869ebd01d20e8fde4ed0,"[[18.0,3420],[20.0,5340]]","[[26.0,8760]]","[[""north"",""002ee4e68ba2ff1e9da7eb8f1e16c441bba47a8ad5ed36d81dc169204a2cb66d""],[""east"",""b1a28b883b4633c7b55388b5b43f571e79efcd391bc0ce6bc07019b5e25d8065""],[""south"",""c667e440b35d715226d38302c0104b35b5d5764fed6125e5bcc80d08fabf1f41""],[""west"",""2767619730916a7bca7fe58275301af35dc43db33040cad9a975264954dbabb5""]]"
mc_4028740fa4c15581e9ef2fa1f8a2530e437e801fefde7e6c11f65ed8237a3ed0,BE_TABULA_14,"Apartment, enclosed",MFH,1971-1990,TABULA_advanced_A_proxy,2851cf077281e480136cab6af02d4720b94564326517124af576ab8634ba52a3,100.09999999999999,rcp_2_6,weather_2050_rcp_2_6_pvgis_2006,pvgis_2006,2006,2041-2060,1001156282,1,2699337107,central,central,651.03036478010813,2071.8693062515945,6.5037998479531289,20.697995067448499,2636.9741826441546,3764.2530112406239,246.88537683266395,550.40649501101075,936,2111,2111,936,2582,3740.1466666665592,3499.9999999998922,4.3087311496492475e-11,2,residential_energy_demand_gate5_v1,4b5b7791539478f9b2562d1b176e235ac7b641e1afdc40c3d5242661d9dbed3d,4b5b7791539478f9b2562d1b176e235ac7b641e1afdc40c3d5242661d9dbed3d,2ad0e9f7bbdfe12695c931891fd0e8132d060fd7bcbca23623db43d4c7393a5c,561839806dcdb8279ac4e42025bc5a82751f2588a2b2066fa84637918d8e4896,2987a546cb3f48253dcdfdc400036a68d1977eddb1012f753e54eca010acedd8,73ed0728ba3aea4548919a2c599b960f1645e1842d48afd930cc90a737aecd92,a96eee14f959c7954577e91fe17d4515a9348f0431a52c4dd9b8f37b88ac9cf5,d543101e7ea78ed2ddaba45de0ca0f44ec997e73ba696c2970de54b1e75cccfc,e40ccb491db9d0ecfe8c9e8462f713cf096279ef2b219236d05222512135b242,fb59b12e82b041c59cc8a3933745a40e92c5e89aa7df64846e5855fbd3acb00e,38669e3f0e715d12f919bbd64ba6e09fbb431145f819869ebd01d20e8fde4ed0,"[[18.0,4492],[20.0,4268]]","[[26.0,8760]]","[[""north"",""002ee4e68ba2ff1e9da7eb8f1e16c441bba47a8ad5ed36d81dc169204a2cb66d""],[""east"",""b1a28b883b4633c7b55388b5b43f571e79efcd391bc0ce6bc07019b5e25d8065""],[""south"",""c667e440b35d715226d38302c0104b35b5d5764fed6125e5bcc80d08fabf1f41""],[""west"",""2767619730916a7bca7fe58275301af35dc43db33040cad9a975264954dbabb5""]]"
mc_9befc37ce87e3b74269c6ae0db1c84970955ebd8a8d2cea3e62621b8e76e81a8,BE_TABULA_14,"Apartment, enclosed",MFH,1971-1990,TABULA_advanced_A_proxy,2851cf077281e480136cab6af02d4720b94564326517124af576ab8634ba52a3,100.09999999999999,rcp_2_6,weather_2050_rcp_2_6_pvgis_2006,pvgis_2006,2006,2041-2060,1575906619,1,3985209950,central,central,610.64576850483877,2018.941433386233,6.1003573277206673,20.169245088773557,2548.4174005466261,3653.9342832140683,239.61764206046371,552.53906526483411,861,2124,2124,861,2577,3725.9016666672219,3500.0000000005552,4.1154635255225003e-11,2,residential_energy_demand_gate5_v1,4b5b7791539478f9b2562d1b176e235ac7b641e1afdc40c3d5242661d9dbed3d,4b5b7791539478f9b2562d1b176e235ac7b641e1afdc40c3d5242661d9dbed3d,2ad0e9f7bbdfe12695c931891fd0e8132d060fd7bcbca23623db43d4c7393a5c,561839806dcdb8279ac4e42025bc5a82751f2588a2b2066fa84637918d8e4896,2987a546cb3f48253dcdfdc400036a68d1977eddb1012f753e54eca010acedd8,73ed0728ba3aea4548919a2c599b960f1645e1842d48afd930cc90a737aecd92,a96eee14f959c7954577e91fe17d4515a9348f0431a52c4dd9b8f37b88ac9cf5,d543101e7ea78ed2ddaba45de0ca0f44ec997e73ba696c2970de54b1e75cccfc,e40ccb491db9d0ecfe8c9e8462f713cf096279ef2b219236d05222512135b242,fb59b12e82b041c59cc8a3933745a40e92c5e89aa7df64846e5855fbd3acb00e,38669e3f0e715d12f919bbd64ba6e09fbb431145f819869ebd01d20e8fde4ed0,"[[18.0,4703],[20.0,4057]]","[[26.0,8760]]","[[""north"",""002ee4e68ba2ff1e9da7eb8f1e16c441bba47a8ad5ed36d81dc169204a2cb66d""],[""east"",""b1a28b883b4633c7b55388b5b43f571e79efcd391bc0ce6bc07019b5e25d8065""],[""south"",""c667e440b35d715226d38302c0104b35b5d5764fed6125e5bcc80d08fabf1f41""],[""west"",""2767619730916a7bca7fe58275301af35dc43db33040cad9a975264954dbabb5""]]"
mc_800eb73664f6df00e01c7095da7e6a554252912e336a786f090a837f0eca4122,BE_TABULA_14,"Apartment, enclosed",MFH,1971-1990,TABULA_advanced_A_proxy,2851cf077281e480136cab6af02d4720b94564326517124af576ab8634ba52a3,100.09999999999999,rcp_2_6,weather_2050_rcp_2_6_pvgis_2006,pvgis_2006,2006,2041-2060,3557983481,2,99384246,central,central,582.91514245901453,2095.1334377881435,5.8233280964936522,20.930403973907527,2420.9227551355921,3398.5702219392101,240.78221464210509,616.47495887040077,881,2243,2243,881,2740,3938.4449999996264,3499.9999999996271,4.0799363887344953e-11,2,residential_energy_demand_gate5_v1,4b5b7791539478f9b2562d1b176e235ac7b641e1afdc40c3d5242661d9dbed3d,4b5b7791539478f9b2562d1b176e235ac7b641e1afdc40c3d5242661d9dbed3d,2ad0e9f7bbdfe12695c931891fd0e8132d060fd7bcbca23623db43d4c7393a5c,561839806dcdb8279ac4e42025bc5a82751f2588a2b2066fa84637918d8e4896,2987a546cb3f48253dcdfdc400036a68d1977eddb1012f753e54eca010acedd8,73ed0728ba3aea4548919a2c599b960f1645e1842d48afd930cc90a737aecd92,a96eee14f959c7954577e91fe17d4515a9348f0431a52c4dd9b8f37b88ac9cf5,d543101e7ea78ed2ddaba45de0ca0f44ec997e73ba696c2970de54b1e75cccfc,e40ccb491db9d0ecfe8c9e8462f713cf096279ef2b219236d05222512135b242,fb59b12e82b041c59cc8a3933745a40e92c5e89aa7df64846e5855fbd3acb00e,38669e3f0e715d12f919bbd64ba6e09fbb431145f819869ebd01d20e8fde4ed0,"[[18.0,3826],[20.0,4934]]","[[26.0,8760]]","[[""north"",""002ee4e68ba2ff1e9da7eb8f1e16c441bba47a8ad5ed36d81dc169204a2cb66d""],[""east"",""b1a28b883b4633c7b55388b5b43f571e79efcd391bc0ce6bc07019b5e25d8065""],[""south"",""c667e440b35d715226d38302c0104b35b5d5764fed6125e5bcc80d08fabf1f41""],[""west"",""2767619730916a7bca7fe58275301af35dc43db33040cad9a975264954dbabb5""]]"
mc_47252a82b59e317451116d0f8ecfbd6368f13aa8dca802db3fa988ff5fc29df3,BE_TABULA_14,"Apartment, enclosed",MFH,1971-1990,TABULA_advanced_A_proxy,2851cf077281e480136cab6af02d4720b94564326517124af576ab8634ba52a3,100.09999999999999,rcp_2_6,weather_2050_rcp_2_6_pvgis_2006,pvgis_2006,2006,2041-2060,569801540,2,787510844,central,central,580.79374654644334,2074.4556720048245,5.8021353301342993,20.723832887161084,2320.3265898268296,3837.9068380860363,250.30689606060545,540.51746421217331,876,2256,2256,876,2794,3945.4799999996508,3499.9999999996512,4.2575720726745203e-11,2,residential_energy_demand_gate5_v1,4b5b7791539478f9b2562d1b176e235ac7b641e1afdc40c3d5242661d9dbed3d,4b5b7791539478f9b2562d1b176e235ac7b641e1afdc40c3d5242661d9dbed3d,2ad0e9f7bbdfe12695c931891fd0e8132d060fd7bcbca23623db43d4c7393a5c,561839806dcdb8279ac4e42025bc5a82751f2588a2b2066fa84637918d8e4896,2987a546cb3f48253dcdfdc400036a68d1977eddb1012f753e54eca010acedd8,73ed0728ba3aea4548919a2c599b960f1645e1842d48afd930cc90a737aecd92,a96eee14f959c7954577e91fe17d4515a9348f0431a52c4dd9b8f37b88ac9cf5,d543101e7ea78ed2ddaba45de0ca0f44ec997e73ba696c2970de54b1e75cccfc,e40ccb491db9d0ecfe8c9e8462f713cf096279ef2b219236d05222512135b242,fb59b12e82b041c59cc8a3933745a40e92c5e89aa7df64846e5855fbd3acb00e,38669e3f0e715d12f919bbd64ba6e09fbb431145f819869ebd01d20e8fde4ed0,"[[18.0,3737],[20.0,5023]]","[[26.0,8760]]","[[""north"",""002ee4e68ba2ff1e9da7eb8f1e16c441bba47a8ad5ed36d81dc169204a2cb66d""],[""east"",""b1a28b883b4633c7b55388b5b43f571e79efcd391bc0ce6bc07019b5e25d8065""],[""south"",""c667e440b35d715226d38302c0104b35b5d5764fed6125e5bcc80d08fabf1f41""],[""west"",""2767619730916a7bca7fe58275301af35dc43db33040cad9a975264954dbabb5""]]"
mc_3198122398ab43e62aa73c26316ce9b87f6a7cb0a304be3980872b7e0ea065d1,BE_TABULA_14,"Apartment, enclosed",MFH,1971-1990,TABULA_advanced_A_proxy,2851cf077281e480136cab6af02d4720b94564326517124af576ab8634ba52a3,100.09999999999999,rcp_2_6,weather_2050_rcp_2_6_pvgis_2006,pvgis_2006,2006,2041-2060,2643480774,3,23282080,central,central,587.22936112619459,2211.6949993314279,5.8664271840778683,22.094855138176104,2646.8093287191573,3526.4589053695308,221.86311448825305,627.17163553609271,865,2264,2264,865,2705,4048.1233333340956,3500.0000000007626,4.1396219785383437e-11,2,residential_energy_demand_gate5_v1,4b5b7791539478f9b2562d1b176e235ac7b641e1afdc40c3d5242661d9dbed3d,4b5b7791539478f9b2562d1b176e235ac7b641e1afdc40c3d5242661d9dbed3d,2ad0e9f7bbdfe12695c931891fd0e8132d060fd7bcbca23623db43d4c7393a5c,561839806dcdb8279ac4e42025bc5a82751f2588a2b2066fa84637918d8e4896,2987a546cb3f48253dcdfdc400036a68d1977eddb1012f753e54eca010acedd8,73ed0728ba3aea4548919a2c599b960f1645e1842d48afd930cc90a737aecd92,a96eee14f959c7954577e91fe17d4515a9348f0431a52c4dd9b8f37b88ac9cf5,d543101e7ea78ed2ddaba45de0ca0f44ec997e73ba696c2970de54b1e75cccfc,e40ccb491db9d0ecfe8c9e8462f713cf096279ef2b219236d05222512135b242,fb59b12e82b041c59cc8a3933745a40e92c5e89aa7df64846e5855fbd3acb00e,38669e3f0e715d12f919bbd64ba6e09fbb431145f819869ebd01d20e8fde4ed0,"[[18.0,3400],[20.0,5360]]","[[26.0,8760]]","[[""north"",""002ee4e68ba2ff1e9da7eb8f1e16c441bba47a8ad5ed36d81dc169204a2cb66d""],[""east"",""b1a28b883b4633c7b55388b5b43f571e79efcd391bc0ce6bc07019b5e25d8065""],[""south"",""c667e440b35d715226d38302c0104b35b5d5764fed6125e5bcc80d08fabf1f41""],[""west"",""2767619730916a7bca7fe58275301af35dc43db33040cad9a975264954dbabb5""]]"
mc_188948021905c0552da3b52f4cfbf589a2cd9d0fe7087decb7277a85b83eac4b,BE_TABULA_14,"Apartment, enclosed",MFH,1971-1990,TABULA_advanced_A_proxy,2851cf077281e480136cab6af02d4720b94564326517124af576ab8634ba52a3,100.09999999999999,rcp_2_6,weather_2050_rcp_2_6_pvgis_2006,pvgis_2006,2006,2041-2060,2628022060,3,416348938,central,central,536.27817739970703,2127.6746903628009,5.357424349647423,21.255491412215793,2409.6913224446021,3161.6797759741053,222.55057002722631,672.95704850668176,888,2307,2307,888,2817,4042.1849999997612,3499.9999999997613,4.1723069443833083e-11,2,residential_energy_demand_gate5_v1,4b5b7791539478f9b2562d1b176e235ac7b641e1afdc40c3d5242661d9dbed3d,4b5b7791539478f9b2562d1b176e235ac7b641e1afdc40c3d5242661d9dbed3d,2ad0e9f7bbdfe12695c931891fd0e8132d060fd7bcbca23623db43d4c7393a5c,561839806dcdb8279ac4e42025bc5a82751f2588a2b2066fa84637918d8e4896,2987a546cb3f48253dcdfdc400036a68d1977eddb1012f753e54eca010acedd8,73ed0728ba3aea4548919a2c599b960f1645e1842d48afd930cc90a737aecd92,a96eee14f959c7954577e91fe17d4515a9348f0431a52c4dd9b8f37b88ac9cf5,d543101e7ea78ed2ddaba45de0ca0f44ec997e73ba696c2970de54b1e75cccfc,e40ccb491db9d0ecfe8c9e8462f713cf096279ef2b219236d05222512135b242,fb59b12e82b041c59cc8a3933745a40e92c5e89aa7df64846e5855fbd3acb00e,38669e3f0e715d12f919bbd64ba6e09fbb431145f819869ebd01d20e8fde4ed0,"[[18.0,3363],[20.0,5397]]","[[26.0,8760]]","[[""north"",""002ee4e68ba2ff1e9da7eb8f1e16c441bba47a8ad5ed36d81dc169204a2cb66d""],[""east"",""b1a28b883b4633c7b55388b5b43f571e79efcd391bc0ce6bc07019b5e25d8065""],[""south"",""c667e440b35d715226d38302c0104b35b5d5764fed6125e5bcc80d08fabf1f41""],[""west"",""2767619730916a7bca7fe58275301af35dc43db33040cad9a975264954dbabb5""]]"
mc_6128eb3ef3ed2bdb92d699e35f4b0a134f4dded74f14cdaf81be1ff1e50242c0,BE_TABULA_14,"Apartment, enclosed",MFH,1971-1990,TABULA_advanced_A_proxy,2851cf077281e480136cab6af02d4720b94564326517124af576ab8634ba52a3,100.09999999999999,rcp_2_6,weather_2050_rcp_2_6_pvgis_2006,pvgis_2006,2006,2041-2060,4036477215,1,1803229945,central,central,663.95745789126647,2063.5508149139796,6.6329416372753895,20.614893255883914,2604.1809678463392,4018.6721129970074,254.95826368793414,513.49071456716683,924,2165,2165,924,2623,3731.3733333325322,3499.9999999991983,4.460787295101909e-11,2,residential_energy_demand_gate5_v1,4b5b7791539478f9b2562d1b176e235ac7b641e1afdc40c3d5242661d9dbed3d,4b5b7791539478f9b2562d1b176e235ac7b641e1afdc40c3d5242661d9dbed3d,2ad0e9f7bbdfe12695c931891fd0e8132d060fd7bcbca23623db43d4c7393a5c,561839806dcdb8279ac4e42025bc5a82751f2588a2b2066fa84637918d8e4896,2987a546cb3f48253dcdfdc400036a68d1977eddb1012f753e54eca010acedd8,73ed0728ba3aea4548919a2c599b960f1645e1842d48afd930cc90a737aecd92,a96eee14f959c7954577e91fe17d4515a9348f0431a52c4dd9b8f37b88ac9cf5,d543101e7ea78ed2ddaba45de0ca0f44ec997e73ba696c2970de54b1e75cccfc,e40ccb491db9d0ecfe8c9e8462f713cf096279ef2b219236d05222512135b242,fb59b12e82b041c59cc8a3933745a40e92c5e89aa7df64846e5855fbd3acb00e,38669e3f0e715d12f919bbd64ba6e09fbb431145f819869ebd01d20e8fde4ed0,"[[18.0,4604],[20.0,4156]]","[[26.0,8760]]","[[""north"",""002ee4e68ba2ff1e9da7eb8f1e16c441bba47a8ad5ed36d81dc169204a2cb66d""],[""east"",""b1a28b883b4633c7b55388b5b43f571e79efcd391bc0ce6bc07019b5e25d8065""],[""south"",""c667e440b35d715226d38302c0104b35b5d5764fed6125e5bcc80d08fabf1f41""],[""west"",""2767619730916a7bca7fe58275301af35dc43db33040cad9a975264954dbabb5""]]"
mc_bcf969f744d1956c300d5235b4c49af640a9de0c76421f8c07de96afd5556074,BE_TABULA_14,"Apartment, enclosed",MFH,1971-1990,TABULA_advanced_A_proxy,2851cf077281e480136cab6af02d4720b94564326517124af576ab8634ba52a3,100.09999999999999,rcp_2_6,weather_2050_rcp_2_6_pvgis_2006,pvgis_2006,2006,2041-2060,2406248338,2,4281637363,central,central,560.50931325403394,2079.2629220774916,5.5994936389014383,20.771857363411506,2467.9121598489,3693.2606382507133,227.11882633956938,562.98840665150556,879,2243,2243,879,2718,3944.1849999997362,3499.9999999997353,4.2660985855036415e-11,2,residential_energy_demand_gate5_v1,4b5b7791539478f9b2562d1b176e235ac7b641e1afdc40c3d5242661d9dbed3d,4b5b7791539478f9b2562d1b176e235ac7b641e1afdc40c3d5242661d9dbed3d,2ad0e9f7bbdfe12695c931891fd0e8132d060fd7bcbca23623db43d4c7393a5c,561839806dcdb8279ac4e42025bc5a82751f2588a2b2066fa84637918d8e4896,2987a546cb3f48253dcdfdc400036a68d1977eddb1012f753e54eca010acedd8,73ed0728ba3aea4548919a2c599b960f1645e1842d48afd930cc90a737aecd92,a96eee14f959c7954577e91fe17d4515a9348f0431a52c4dd9b8f37b88ac9cf5,d543101e7ea78ed2ddaba45de0ca0f44ec997e73ba696c2970de54b1e75cccfc,e40ccb491db9d0ecfe8c9e8462f713cf096279ef2b219236d05222512135b242,fb59b12e82b041c59cc8a3933745a40e92c5e89aa7df64846e5855fbd3acb00e,38669e3f0e715d12f919bbd64ba6e09fbb431145f819869ebd01d20e8fde4ed0,"[[18.0,3759],[20.0,5001]]","[[26.0,8760]]","[[""north"",""002ee4e68ba2ff1e9da7eb8f1e16c441bba47a8ad5ed36d81dc169204a2cb66d""],[""east"",""b1a28b883b4633c7b55388b5b43f571e79efcd391bc0ce6bc07019b5e25d8065""],[""south"",""c667e440b35d715226d38302c0104b35b5d5764fed6125e5bcc80d08fabf1f41""],[""west"",""2767619730916a7bca7fe58275301af35dc43db33040cad9a975264954dbabb5""]]"
mc_d56b8405b78778190609b6a4aa33fa9a1c8b0e44f0972f7509a1cc01199cd916,BE_TABULA_14,"Apartment, enclosed",MFH,1971-1990,TABULA_advanced_A_proxy,2851cf077281e480136cab6af02d4720b94564326517124af576ab8634ba52a3,100.09999999999999,rcp_2_6,weather_2050_rcp_2_6_pvgis_2006,pvgis_2006,2006,2041-2060,2256124716,2,2406407853,central,central,615.3918925546368,2130.7608540384326,6.1477711543919762,21.286322218166163,2581.328315774153,3248.0804967464169,238.40124822327289,656.0061723140185,890,2238,2238,890,2706,3955.5833333327846,3499.9999999994516,3.9563019527122378e-11,2,residential_energy_demand_gate5_v1,4b5b7791539478f9b2562d1b176e235ac7b641e1afdc40c3d5242661d9dbed3d,4b5b7791539478f9b2562d1b176e235ac7b641e1afdc40c3d5242661d9dbed3d,2ad0e9f7bbdfe12695c931891fd0e8132d060fd7bcbca23623db43d4c7393a5c,561839806dcdb8279ac4e42025bc5a82751f2588a2b2066fa84637918d8e4896,2987a546cb3f48253dcdfdc400036a68d1977eddb1012f753e54eca010acedd8,73ed0728ba3aea4548919a2c599b960f1645e1842d48afd930cc90a737aecd92,a96eee14f959c7954577e91fe17d4515a9348f0431a52c4dd9b8f37b88ac9cf5,d543101e7ea78ed2ddaba45de0ca0f44ec997e73ba696c2970de54b1e75cccfc,e40ccb491db9d0ecfe8c9e8462f713cf096279ef2b219236d05222512135b242,fb59b12e82b041c59cc8a3933745a40e92c5e89aa7df64846e5855fbd3acb00e,38669e3f0e715d12f919bbd64ba6e09fbb431145f819869ebd01d20e8fde4ed0,"[[18.0,3652],[20.0,5108]]","[[26.0,8760]]","[[""north"",""002ee4e68ba2ff1e9da7eb8f1e16c441bba47a8ad5ed36d81dc169204a2cb66d""],[""east"",""b1a28b883b4633c7b55388b5b43f571e79efcd391bc0ce6bc07019b5e25d8065""],[""south"",""c667e440b35d715226d38302c0104b35b5d5764fed6125e5bcc80d08fabf1f41""],[""west"",""2767619730916a7bca7fe58275301af35dc43db33040cad9a975264954dbabb5""]]"
mc_d63256fad209905c052da4f4c00127f2eead8edc79bfacaa33fa318afdcfdff8,BE_TABULA_14,"Apartment, enclosed",MFH,1971-1990,TABULA_advanced_A_proxy,2851cf077281e480136cab6af02d4720b94564326517124af576ab8634ba52a3,100.09999999999999,rcp_2_6,weather_2050_rcp_2_6_pvgis_2006,pvgis_2006,2006,2041-2060,1716477969,4,1953031498,central,central,525.0192822450125,2174.5778380415281,5.2449478745755496,21.724054326089192,2341.629851299183,3065.6536146235144,224.21104768275879,709.33579308130118,829,2319,2319,829,2859,4198.238333331441,3499.9999999981073,4.1836756281554699e-11,2,residential_energy_demand_gate5_v1,4b5b7791539478f9b2562d1b176e235ac7b641e1afdc40c3d5242661d9dbed3d,4b5b7791539478f9b2562d1b176e235ac7b641e1afdc40c3d5242661d9dbed3d,2ad0e9f7bbdfe12695c931891fd0e8132d060fd7bcbca23623db43d4c7393a5c,561839806dcdb8279ac4e42025bc5a82751f2588a2b2066fa84637918d8e4896,2987a546cb3f48253dcdfdc400036a68d1977eddb1012f753e54eca010acedd8,73ed0728ba3aea4548919a2c599b960f1645e1842d48afd930cc90a737aecd92,a96eee14f959c7954577e91fe17d4515a9348f0431a52c4dd9b8f37b88ac9cf5,d543101e7ea78ed2ddaba45de0ca0f44ec997e73ba696c2970de54b1e75cccfc,e40ccb491db9d0ecfe8c9e8462f713cf096279ef2b219236d05222512135b242,fb59b12e82b041c59cc8a3933745a40e92c5e89aa7df64846e5855fbd3acb00e,38669e3f0e715d12f919bbd64ba6e09fbb431145f819869ebd01d20e8fde4ed0,"[[18.0,3118],[20.0,5642]]","[[26.0,8760]]","[[""north"",""002ee4e68ba2ff1e9da7eb8f1e16c441bba47a8ad5ed36d81dc169204a2cb66d""],[""east"",""b1a28b883b4633c7b55388b5b43f571e79efcd391bc0ce6bc07019b5e25d8065""],[""south"",""c667e440b35d715226d38302c0104b35b5d5764fed6125e5bcc80d08fabf1f41""],[""west"",""2767619730916a7bca7fe58275301af35dc43db33040cad9a975264954dbabb5""]]"
mc_3bb6d8c30a8467ec7c6d38143ad7f05eb4f334a3fe5d0ae56d5c4ed2ef14183c,BE_TABULA_14,"Apartment, enclosed",MFH,1971-1990,TABULA_advanced_A_proxy,2851cf077281e480136cab6af02d4720b94564326517124af576ab8634ba52a3,100.09999999999999,rcp_2_6,weather_2050_rcp_2_6_pvgis_2006,pvgis_2006,2006,2041-2060,3495331521,1,899247170,central,central,651.17016235587914,2001.1158905547857,6.5051964271316605,19.991167737810049,2662.8817169923241,3635.0175637437815,244.53589440366275,550.51065241450829,886,2127,2127,886,2646,3735.8300000002623,3500.0000000002615,4.1154635255225003e-11,2,residential_energy_demand_gate5_v1,4b5b7791539478f9b2562d1b176e235ac7b641e1afdc40c3d5242661d9dbed3d,4b5b7791539478f9b2562d1b176e235ac7b641e1afdc40c3d5242661d9dbed3d,2ad0e9f7bbdfe12695c931891fd0e8132d060fd7bcbca23623db43d4c7393a5c,561839806dcdb8279ac4e42025bc5a82751f2588a2b2066fa84637918d8e4896,2987a546cb3f48253dcdfdc400036a68d1977eddb1012f753e54eca010acedd8,73ed0728ba3aea4548919a2c599b960f1645e1842d48afd930cc90a737aecd92,a96eee14f959c7954577e91fe17d4515a9348f0431a52c4dd9b8f37b88ac9cf5,d543101e7ea78ed2ddaba45de0ca0f44ec997e73ba696c2970de54b1e75cccfc,e40ccb491db9d0ecfe8c9e8462f713cf096279ef2b219236d05222512135b242,fb59b12e82b041c59cc8a3933745a40e92c5e89aa7df64846e5855fbd3acb00e,38669e3f0e715d12f919bbd64ba6e09fbb431145f819869ebd01d20e8fde4ed0,"[[18.0,4572],[20.0,4188]]","[[26.0,8760]]","[[""north"",""002ee4e68ba2ff1e9da7eb8f1e16c441bba47a8ad5ed36d81dc169204a2cb66d""],[""east"",""b1a28b883b4633c7b55388b5b43f571e79efcd391bc0ce6bc07019b5e25d8065""],[""south"",""c667e440b35d715226d38302c0104b35b5d5764fed6125e5bcc80d08fabf1f41""],[""west"",""2767619730916a7bca7fe58275301af35dc43db33040cad9a975264954dbabb5""]]"
mc_4230a27acb331c6a5be63dd9e5883780acf0ba46e48e525c78fe0569e12f737a,BE_TABULA_14,"Apartment, enclosed",MFH,1971-1990,TABULA_advanced_A_proxy,2851cf077281e480136cab6af02d4720b94564326517124af576ab8634ba52a3,100.09999999999999,rcp_2_6,weather_2050_rcp_2_6_pvgis_2006,pvgis_2006,2006,2041-2060,72277458,1,3121524516,central,central,618.91823224643781,1985.4020109130929,6.182999323141237,19.834185923207723,2513.2611120394663,3631.5080200635134,246.26101493457509,546.71557929765197,847,2166,2166,847,2673,3734.2899999994897,3499.9999999994893,3.9449332689400762e-11,2,residential_energy_demand_gate5_v1,4b5b7791539478f9b2562d1b176e235ac7b641e1afdc40c3d5242661d9dbed3d,4b5b7791539478f9b2562d1b176e235ac7b641e1afdc40c3d5242661d9dbed3d,2ad0e9f7bbdfe12695c931891fd0e8132d060fd7bcbca23623db43d4c7393a5c,561839806dcdb8279ac4e42025bc5a82751f2588a2b2066fa84637918d8e4896,2987a546cb3f48253dcdfdc400036a68d1977eddb1012f753e54eca010acedd8,73ed0728ba3aea4548919a2c599b960f1645e1842d48afd930cc90a737aecd92,a96eee14f959c7954577e91fe17d4515a9348f0431a52c4dd9b8f37b88ac9cf5,d543101e7ea78ed2ddaba45de0ca0f44ec997e73ba696c2970de54b1e75cccfc,e40ccb491db9d0ecfe8c9e8462f713cf096279ef2b219236d05222512135b242,fb59b12e82b041c59cc8a3933745a40e92c5e89aa7df64846e5855fbd3acb00e,38669e3f0e715d12f919bbd64ba6e09fbb431145f819869ebd01d20e8fde4ed0,"[[18.0,4561],[20.0,4199]]","[[26.0,8760]]","[[""north"",""002ee4e68ba2ff1e9da7eb8f1e16c441bba47a8ad5ed36d81dc169204a2cb66d""],[""east"",""b1a28b883b4633c7b55388b5b43f571e79efcd391bc0ce6bc07019b5e25d8065""],[""south"",""c667e440b35d715226d38302c0104b35b5d5764fed6125e5bcc80d08fabf1f41""],[""west"",""2767619730916a7bca7fe58275301af35dc43db33040cad9a975264954dbabb5""]]"
mc_e43e56e696942d949b214c3bca01ddabfee76e6ecb124b8eb84fbc6e03c73eab,BE_TABULA_14,"Apartment, enclosed",MFH,1971-1990,TABULA_advanced_A_proxy,2851cf077281e480136cab6af02d4720b94564326517124af576ab8634ba52a3,100.09999999999999,rcp_2_6,weather_2050_rcp_2_6_pvgis_2006,pvgis_2006,2006,2041-2060,1112764345,2,1629321937,central,central,628.81235526285218,2137.3349882883795,6.2818417109176048,21.351997884998799,2428.9105951010088,4127.8437346281753,258.88657924714693,517.78485952809558,895,2265,2265,895,2722,3940.2183333338594,3500.0000000005261,4.0643044485477731e-11,2,residential_energy_demand_gate5_v1,4b5b7791539478f9b2562d1b176e235ac7b641e1afdc40c3d5242661d9dbed3d,4b5b7791539478f9b2562d1b176e235ac7b641e1afdc40c3d5242661d9dbed3d,2ad0e9f7bbdfe12695c931891fd0e8132d060fd7bcbca23623db43d4c7393a5c,561839806dcdb8279ac4e42025bc5a82751f2588a2b2066fa84637918d8e4896,2987a546cb3f48253dcdfdc400036a68d1977eddb1012f753e54eca010acedd8,73ed0728ba3aea4548919a2c599b960f1645e1842d48afd930cc90a737aecd92,a96eee14f959c7954577e91fe17d4515a9348f0431a52c4dd9b8f37b88ac9cf5,d543101e7ea78ed2ddaba45de0ca0f44ec997e73ba696c2970de54b1e75cccfc,e40ccb491db9d0ecfe8c9e8462f713cf096279ef2b219236d05222512135b242,fb59b12e82b041c59cc8a3933745a40e92c5e89aa7df64846e5855fbd3acb00e,38669e3f0e715d12f919bbd64ba6e09fbb431145f819869ebd01d20e8fde4ed0,"[[18.0,3752],[20.0,5008]]","[[26.0,8760]]","[[""north"",""002ee4e68ba2ff1e9da7eb8f1e16c441bba47a8ad5ed36d81dc169204a2cb66d""],[""east"",""b1a28b883b4633c7b55388b5b43f571e79efcd391bc0ce6bc07019b5e25d8065""],[""south"",""c667e440b35d715226d38302c0104b35b5d5764fed6125e5bcc80d08fabf1f41""],[""west"",""2767619730916a7bca7fe58275301af35dc43db33040cad9a975264954dbabb5""]]"
mc_ff49183d9d4e5a91da793e49570b91897d70aedbf23987044a8cee0b3c42ad23,BE_TABULA_14,"Apartment, enclosed",MFH,1971-1990,TABULA_advanced_A_proxy,2851cf077281e480136cab6af02d4720b94564326517124af576ab8634ba52a3,100.09999999999999,rcp_2_6,weather_2050_rcp_2_6_pvgis_2006,pvgis_2006,2006,2041-2060,1434917810,3,605698252,central,central,569.76815005713831,2090.0811972984634,5.6919895110603234,20.879932040943693,2402.8735307246384,3287.4512088254646,237.1194916302201,635.77557947854814,898,2316,2316,898,2883,4051.2616666665112,3499.9999999998454,4.0472514228895307e-11,2,residential_energy_demand_gate5_v1,4b5b7791539478f9b2562d1b176e235ac7b641e1afdc40c3d5242661d9dbed3d,4b5b7791539478f9b2562d1b176e235ac7b641e1afdc40c3d5242661d9dbed3d,2ad0e9f7bbdfe12695c931891fd0e8132d060fd7bcbca23623db43d4c7393a5c,561839806dcdb8279ac4e42025bc5a82751f2588a2b2066fa84637918d8e4896,2987a546cb3f48253dcdfdc400036a68d1977eddb1012f753e54eca010acedd8,73ed0728ba3aea4548919a2c599b960f1645e1842d48afd930cc90a737aecd92,a96eee14f959c7954577e91fe17d4515a9348f0431a52c4dd9b8f37b88ac9cf5,d543101e7ea78ed2ddaba45de0ca0f44ec997e73ba696c2970de54b1e75cccfc,e40ccb491db9d0ecfe8c9e8462f713cf096279ef2b219236d05222512135b242,fb59b12e82b041c59cc8a3933745a40e92c5e89aa7df64846e5855fbd3acb00e,38669e3f0e715d12f919bbd64ba6e09fbb431145f819869ebd01d20e8fde4ed0,"[[18.0,3345],[20.0,5415]]","[[26.0,8760]]","[[""north"",""002ee4e68ba2ff1e9da7eb8f1e16c441bba47a8ad5ed36d81dc169204a2cb66d""],[""east"",""b1a28b883b4633c7b55388b5b43f571e79efcd391bc0ce6bc07019b5e25d8065""],[""south"",""c667e440b35d715226d38302c0104b35b5d5764fed6125e5bcc80d08fabf1f41""],[""west"",""2767619730916a7bca7fe58275301af35dc43db33040cad9a975264954dbabb5""]]"
mc_366f7319adb79e025795477ceda92db3dd8ef14ab78a70b611b4bc095e60978f,BE_TABULA_14,"Apartment, enclosed",MFH,1971-1990,TABULA_advanced_A_proxy,2851cf077281e480136cab6af02d4720b94564326517124af576ab8634ba52a3,100.09999999999999,rcp_2_6,weather_2050_rcp_2_6_pvgis_2006,pvgis_2006,2006,2041-2060,1707735972,2,2494229307,central,central,572.28200321410043,2117.6554038898266,5.7171029292117925,21.15539864025801,2457.7744044072042,3182.4225662927593,232.84561926753821,665.42244462422468,871,2203,2203,871,2667,3946.0166666667687,3500.0000000001028,4.1964653973991517e-11,2,residential_energy_demand_gate5_v1,4b5b7791539478f9b2562d1b176e235ac7b641e1afdc40c3d5242661d9dbed3d,4b5b7791539478f9b2562d1b176e235ac7b641e1afdc40c3d5242661d9dbed3d,2ad0e9f7bbdfe12695c931891fd0e8132d060fd7bcbca23623db43d4c7393a5c,561839806dcdb8279ac4e42025bc5a82751f2588a2b2066fa84637918d8e4896,2987a546cb3f48253dcdfdc400036a68d1977eddb1012f753e54eca010acedd8,73ed0728ba3aea4548919a2c599b960f1645e1842d48afd930cc90a737aecd92,a96eee14f959c7954577e91fe17d4515a9348f0431a52c4dd9b8f37b88ac9cf5,d543101e7ea78ed2ddaba45de0ca0f44ec997e73ba696c2970de54b1e75cccfc,e40ccb491db9d0ecfe8c9e8462f713cf096279ef2b219236d05222512135b242,fb59b12e82b041c59cc8a3933745a40e92c5e89aa7df64846e5855fbd3acb00e,38669e3f0e715d12f919bbd64ba6e09fbb431145f819869ebd01d20e8fde4ed0,"[[18.0,3708],[20.0,5052]]","[[26.0,8760]]","[[""north"",""002ee4e68ba2ff1e9da7eb8f1e16c441bba47a8ad5ed36d81dc169204a2cb66d""],[""east"",""b1a28b883b4633c7b55388b5b43f571e79efcd391bc0ce6bc07019b5e25d8065""],[""south"",""c667e440b35d715226d38302c0104b35b5d5764fed6125e5bcc80d08fabf1f41""],[""west"",""2767619730916a7bca7fe58275301af35dc43db33040cad9a975264954dbabb5""]]"
mc_5a8129c6af1787d777b475a91a54b7f6acad889c70788e9ac88afdb71db28721,BE_TABULA_14,"Apartment, enclosed",MFH,1971-1990,TABULA_advanced_A_proxy,2851cf077281e480136cab6af02d4720b94564326517124af576ab8634ba52a3,100.09999999999999,rcp_2_6,weather_2050_rcp_2_6_pvgis_2006,pvgis_2006,2006,2041-2060,1203242319,2,365613225,central,central,586.21356375225719,2113.1173747138555,5.8562793581644081,21.110063683455103,2510.0077551105783,3558.3277810109239,233.5504990208413,593.8512427074711,917,2275,2275,917,2750,3942.399999999378,3499.9999999993775,3.9904080040287226e-11,2,residential_energy_demand_gate5_v1,4b5b7791539478f9b2562d1b176e235ac7b641e1afdc40c3d5242661d9dbed3d,4b5b7791539478f9b2562d1b176e235ac7b641e1afdc40c3d5242661d9dbed3d,2ad0e9f7bbdfe12695c931891fd0e8132d060fd7bcbca23623db43d4c7393a5c,561839806dcdb8279ac4e42025bc5a82751f2588a2b2066fa84637918d8e4896,2987a546cb3f48253dcdfdc400036a68d1977eddb1012f753e54eca010acedd8,73ed0728ba3aea4548919a2c599b960f1645e1842d48afd930cc90a737aecd92,a96eee14f959c7954577e91fe17d4515a9348f0431a52c4dd9b8f37b88ac9cf5,d543101e7ea78ed2ddaba45de0ca0f44ec997e73ba696c2970de54b1e75cccfc,e40ccb491db9d0ecfe8c9e8462f713cf096279ef2b219236d05222512135b242,fb59b12e82b041c59cc8a3933745a40e92c5e89aa7df64846e5855fbd3acb00e,38669e3f0e715d12f919bbd64ba6e09fbb431145f819869ebd01d20e8fde4ed0,"[[18.0,3782],[20.0,4978]]","[[26.0,8760]]","[[""north"",""002ee4e68ba2ff1e9da7eb8f1e16c441bba47a8ad5ed36d81dc169204a2cb66d""],[""east"",""b1a28b883b4633c7b55388b5b43f571e79efcd391bc0ce6bc07019b5e25d8065""],[""south"",""c667e440b35d715226d38302c0104b35b5d5764fed6125e5bcc80d08fabf1f41""],[""west"",""2767619730916a7bca7fe58275301af35dc43db33040cad9a975264954dbabb5""]]"
mc_306c71a1b3f32e85ee4e2f2fbfb6df5c0a8e937e9909f24874a15ed2b460dcb4,BE_TABULA_14,"Apartment, enclosed",MFH,1971-1990,TABULA_advanced_A_proxy,2851cf077281e480136cab6af02d4720b94564326517124af576ab8634ba52a3,100.09999999999999,rcp_2_6,weather_2050_rcp_2_6_pvgis_2006,pvgis_2006,2006,2041-2060,257542045,3,1896891077,central,central,582.09035728136553,2155.7935838557974,5.8150884843293262,21.536399439118856,2245.5713752916804,3223.9429644660631,259.21703655745836,668.68229606314753,887,2286,2286,887,2774,4047.7499999999632,3499.9999999999632,4.1637804315541871e-11,2,residential_energy_demand_gate5_v1,4b5b7791539478f9b2562d1b176e235ac7b641e1afdc40c3d5242661d9dbed3d,4b5b7791539478f9b2562d1b176e235ac7b641e1afdc40c3d5242661d9dbed3d,2ad0e9f7bbdfe12695c931891fd0e8132d060fd7bcbca23623db43d4c7393a5c,561839806dcdb8279ac4e42025bc5a82751f2588a2b2066fa84637918d8e4896,2987a546cb3f48253dcdfdc400036a68d1977eddb1012f753e54eca010acedd8,73ed0728ba3aea4548919a2c599b960f1645e1842d48afd930cc90a737aecd92,a96eee14f959c7954577e91fe17d4515a9348f0431a52c4dd9b8f37b88ac9cf5,d543101e7ea78ed2ddaba45de0ca0f44ec997e73ba696c2970de54b1e75cccfc,e40ccb491db9d0ecfe8c9e8462f713cf096279ef2b219236d05222512135b242,fb59b12e82b041c59cc8a3933745a40e92c5e89aa7df64846e5855fbd3acb00e,38669e3f0e715d12f919bbd64ba6e09fbb431145f819869ebd01d20e8fde4ed0,"[[18.0,3364],[20.0,5396]]","[[26.0,8760]]","[[""north"",""002ee4e68ba2ff1e9da7eb8f1e16c441bba47a8ad5ed36d81dc169204a2cb66d""],[""east"",""b1a28b883b4633c7b55388b5b43f571e79efcd391bc0ce6bc07019b5e25d8065""],[""south"",""c667e440b35d715226d38302c0104b35b5d5764fed6125e5bcc80d08fabf1f41""],[""west"",""2767619730916a7bca7fe58275301af35dc43db33040cad9a975264954dbabb5""]]"
mc_3ae71ffc315574dcabb2bb61682b9ebaf02c6b4c042c1020504fa6052e3cf4e7,BE_TABULA_14,"Apartment, enclosed",MFH,1971-1990,TABULA_advanced_A_proxy,2851cf077281e480136cab6af02d4720b94564326517124af576ab8634ba52a3,100.09999999999999,rcp_2_6,weather_2050_rcp_2_6_pvgis_2006,pvgis_2006,2006,2041-2060,1750314948,1,3931488156,central,central,628.22999869927889,2034.6840614267005,6.2760239630297594,20.32651410016684,2526.0020730487327,3545.0773499436764,248.70525855944493,573.94630936868759,887,2145,2145,887,2607,3734.6400000010067,3500.0000000010073,3.8198777474462986e-11,2,residential_energy_demand_gate5_v1,4b5b7791539478f9b2562d1b176e235ac7b641e1afdc40c3d5242661d9dbed3d,4b5b7791539478f9b2562d1b176e235ac7b641e1afdc40c3d5242661d9dbed3d,2ad0e9f7bbdfe12695c931891fd0e8132d060fd7bcbca23623db43d4c7393a5c,561839806dcdb8279ac4e42025bc5a82751f2588a2b2066fa84637918d8e4896,2987a546cb3f48253dcdfdc400036a68d1977eddb1012f753e54eca010acedd8,73ed0728ba3aea4548919a2c599b960f1645e1842d48afd930cc90a737aecd92,a96eee14f959c7954577e91fe17d4515a9348f0431a52c4dd9b8f37b88ac9cf5,d543101e7ea78ed2ddaba45de0ca0f44ec997e73ba696c2970de54b1e75cccfc,e40ccb491db9d0ecfe8c9e8462f713cf096279ef2b219236d05222512135b242,fb59b12e82b041c59cc8a3933745a40e92c5e89aa7df64846e5855fbd3acb00e,38669e3f0e715d12f919bbd64ba6e09fbb431145f819869ebd01d20e8fde4ed0,"[[18.0,4549],[20.0,4211]]","[[26.0,8760]]","[[""north"",""002ee4e68ba2ff1e9da7eb8f1e16c441bba47a8ad5ed36d81dc169204a2cb66d""],[""east"",""b1a28b883b4633c7b55388b5b43f571e79efcd391bc0ce6bc07019b5e25d8065""],[""south"",""c667e440b35d715226d38302c0104b35b5d5764fed6125e5bcc80d08fabf1f41""],[""west"",""2767619730916a7bca7fe58275301af35dc43db33040cad9a975264954dbabb5""]]"
mc_0994b79b0990c3a8de601bf542edfd0a4ee3927a21e056f981bfd95b1cbd8323,BE_TABULA_14,"Apartment, enclosed",MFH,1971-1990,TABULA_advanced_A_proxy,2851cf077281e480136cab6af02d4720b94564326517124af576ab8634ba52a3,100.09999999999999,rcp_2_6,weather_2050_rcp_2_6_pvgis_2006,pvgis_2006,2006,2041-2060,2401247500,1,2178812215,central,central,618.51242311948238,1955.2839355690587,6.1789452859089149,19.533306049640949,2473.08344919409,3236.2999785906036,250.09767596845086,604.17265040448365,886,2210,2210,886,2781,3737.7316666673291,3500.000000000663,4.1040948417503387e-11,2,residential_energy_demand_gate5_v1,4b5b7791539478f9b2562d1b176e235ac7b641e1afdc40c3d5242661d9dbed3d,4b5b7791539478f9b2562d1b176e235ac7b641e1afdc40c3d5242661d9dbed3d,2ad0e9f7bbdfe12695c931891fd0e8132d060fd7bcbca23623db43d4c7393a5c,561839806dcdb8279ac4e42025bc5a82751f2588a2b2066fa84637918d8e4896,2987a546cb3f48253dcdfdc400036a68d1977eddb1012f753e54eca010acedd8,73ed0728ba3aea4548919a2c599b960f1645e1842d48afd930cc90a737aecd92,a96eee14f959c7954577e91fe17d4515a9348f0431a52c4dd9b8f37b88ac9cf5,d543101e7ea78ed2ddaba45de0ca0f44ec997e73ba696c2970de54b1e75cccfc,e40ccb491db9d0ecfe8c9e8462f713cf096279ef2b219236d05222512135b242,fb59b12e82b041c59cc8a3933745a40e92c5e89aa7df64846e5855fbd3acb00e,38669e3f0e715d12f919bbd64ba6e09fbb431145f819869ebd01d20e8fde4ed0,"[[18.0,4495],[20.0,4265]]","[[26.0,8760]]","[[""north"",""002ee4e68ba2ff1e9da7eb8f1e16c441bba47a8ad5ed36d81dc169204a2cb66d""],[""east"",""b1a28b883b4633c7b55388b5b43f571e79efcd391bc0ce6bc07019b5e25d8065""],[""south"",""c667e440b35d715226d38302c0104b35b5d5764fed6125e5bcc80d08fabf1f41""],[""west"",""2767619730916a7bca7fe58275301af35dc43db33040cad9a975264954dbabb5""]]"
mc_f6d9636d5deaa95108e3e829840b96ef4804353fdffb5f253f4b215bf22fad3a,BE_TABULA_14,"Apartment, enclosed",MFH,1971-1990,TABULA_advanced_A_proxy,2851cf077281e480136cab6af02d4720b94564326517124af576ab8634ba52a3,100.09999999999999,rcp_2_6,weather_2050_rcp_2_6_pvgis_2006,pvgis_2006,2006,2041-2060,1109499996,1,2149108299,central,central,609.15458499055535,2004.7646543682506,6.0854603895160375,20.02761892475775,2645.8462210696348,3497.6538253893546,230.23053272698996,573.17412026762906,869,2150,2150,869,2614,3731.9450000011502,3500.0000000011501,4.2291503632441163e-11,2,residential_energy_demand_gate5_v1,4b5b7791539478f9b2562d1b176e235ac7b641e1afdc40c3d5242661d9dbed3d,4b5b7791539478f9b2562d1b176e235ac7b641e1afdc40c3d5242661d9dbed3d,2ad0e9f7bbdfe12695c931891fd0e8132d060fd7bcbca23623db43d4c7393a5c,561839806dcdb8279ac4e42025bc5a82751f2588a2b2066fa84637918d8e4896,2987a546cb3f48253dcdfdc400036a68d1977eddb1012f753e54eca010acedd8,73ed0728ba3aea4548919a2c599b960f1645e1842d48afd930cc90a737aecd92,a96eee14f959c7954577e91fe17d4515a9348f0431a52c4dd9b8f37b88ac9cf5,d543101e7ea78ed2ddaba45de0ca0f44ec997e73ba696c2970de54b1e75cccfc,e40ccb491db9d0ecfe8c9e8462f713cf096279ef2b219236d05222512135b242,fb59b12e82b041c59cc8a3933745a40e92c5e89aa7df64846e5855fbd3acb00e,38669e3f0e715d12f919bbd64ba6e09fbb431145f819869ebd01d20e8fde4ed0,"[[18.0,4569],[20.0,4191]]","[[26.0,8760]]","[[""north"",""002ee4e68ba2ff1e9da7eb8f1e16c441bba47a8ad5ed36d81dc169204a2cb66d""],[""east"",""b1a28b883b4633c7b55388b5b43f571e79efcd391bc0ce6bc07019b5e25d8065""],[""south"",""c667e440b35d715226d38302c0104b35b5d5764fed6125e5bcc80d08fabf1f41""],[""west"",""2767619730916a7bca7fe58275301af35dc43db33040cad9a975264954dbabb5""]]"
mc_d33a801b85350c3210adf91d236c5d93da23c99333e3f96390c1cebc6ea6b29a,BE_TABULA_14,"Apartment, enclosed",MFH,1971-1990,TABULA_advanced_A_proxy,2851cf077281e480136cab6af02d4720b94564326517124af576ab8634ba52a3,100.09999999999999,rcp_2_6,weather_2050_rcp_2_6_pvgis_2006,pvgis_2006,2006,2041-2060,3243227553,2,3783601543,central,central,570.8406257121045,2115.7313885066037,5.7027035535674777,21.13617770735868,2654.1554203244477,3142.0804028081243,215.07430248463902,673.35367567798176,809,2211,2211,809,2669,3952.4216666663679,3499.9999999997012,4.1382008930668235e-11,2,residential_energy_demand_gate5_v1,4b5b7791539478f9b2562d1b176e235ac7b641e1afdc40c3d5242661d9dbed3d,4b5b7791539478f9b2562d1b176e235ac7b641e1afdc40c3d5242661d9dbed3d,2ad0e9f7bbdfe12695c931891fd0e8132d060fd7bcbca23623db43d4c7393a5c,561839806dcdb8279ac4e42025bc5a82751f2588a2b2066fa84637918d8e4896,2987a546cb3f48253dcdfdc400036a68d1977eddb1012f753e54eca010acedd8,73ed0728ba3aea4548919a2c599b960f1645e1842d48afd930cc90a737aecd92,a96eee14f959c7954577e91fe17d4515a9348f0431a52c4dd9b8f37b88ac9cf5,d543101e7ea78ed2ddaba45de0ca0f44ec997e73ba696c2970de54b1e75cccfc,e40ccb491db9d0ecfe8c9e8462f713cf096279ef2b219236d05222512135b242,fb59b12e82b041c59cc8a3933745a40e92c5e89aa7df64846e5855fbd3acb00e,38669e3f0e715d12f919bbd64ba6e09fbb431145f819869ebd01d20e8fde4ed0,"[[18.0,3713],[20.0,5047]]","[[26.0,8760]]","[[""north"",""002ee4e68ba2ff1e9da7eb8f1e16c441bba47a8ad5ed36d81dc169204a2cb66d""],[""east"",""b1a28b883b4633c7b55388b5b43f571e79efcd391bc0ce6bc07019b5e25d8065""],[""south"",""c667e440b35d715226d38302c0104b35b5d5764fed6125e5bcc80d08fabf1f41""],[""west"",""2767619730916a7bca7fe58275301af35dc43db33040cad9a975264954dbabb5""]]"
mc_2a26c051535426979483269b8a8104f4988fee4ad31b3fb48ce94b7b036e1dd9,BE_TABULA_14,"Apartment, enclosed",MFH,1971-1990,TABULA_advanced_A_proxy,2851cf077281e480136cab6af02d4720b94564326517124af576ab8634ba52a3,100.09999999999999,rcp_2_6,weather_2050_rcp_2_6_pvgis_2006,pvgis_2006,2006,2041-2060,3434026444,1,580808,central,central,614.32266300289234,2009.7289420877789,6.1370895404884349,20.07721220866912,2470.9449867897806,3366.2950486046875,248.6185108479539,597.01509020155595,879,2142,2142,879,2644,3733.0416666661745,3499.9999999995075,4.1836756281554699e-11,2,residential_energy_demand_gate5_v1,4b5b7791539478f9b2562d1b176e235ac7b641e1afdc40c3d5242661d9dbed3d,4b5b7791539478f9b2562d1b176e235ac7b641e1afdc40c3d5242661d9dbed3d,2ad0e9f7bbdfe12695c931891fd0e8132d060fd7bcbca23623db43d4c7393a5c,561839806dcdb8279ac4e42025bc5a82751f2588a2b2066fa84637918d8e4896,2987a546cb3f48253dcdfdc400036a68d1977eddb1012f753e54eca010acedd8,73ed0728ba3aea4548919a2c599b960f1645e1842d48afd930cc90a737aecd92,a96eee14f959c7954577e91fe17d4515a9348f0431a52c4dd9b8f37b88ac9cf5,d543101e7ea78ed2ddaba45de0ca0f44ec997e73ba696c2970de54b1e75cccfc,e40ccb491db9d0ecfe8c9e8462f713cf096279ef2b219236d05222512135b242,fb59b12e82b041c59cc8a3933745a40e92c5e89aa7df64846e5855fbd3acb00e,38669e3f0e715d12f919bbd64ba6e09fbb431145f819869ebd01d20e8fde4ed0,"[[18.0,4609],[20.0,4151]]","[[26.0,8760]]","[[""north"",""002ee4e68ba2ff1e9da7eb8f1e16c441bba47a8ad5ed36d81dc169204a2cb66d""],[""east"",""b1a28b883b4633c7b55388b5b43f571e79efcd391bc0ce6bc07019b5e25d8065""],[""south"",""c667e440b35d715226d38302c0104b35b5d5764fed6125e5bcc80d08fabf1f41""],[""west"",""2767619730916a7bca7fe58275301af35dc43db33040cad9a975264954dbabb5""]]"
mc_55f5aa459b8b139bce46f60129435e905385c05de63ce9425427301bc67e6b3d,BE_TABULA_14,"Apartment, enclosed",MFH,1971-1990,TABULA_advanced_A_proxy,2851cf077281e480136cab6af02d4720b94564326517124af576ab8634ba52a3,100.09999999999999,rcp_2_6,weather_2050_rcp_2_6_pvgis_2006,pvgis_2006,2006,2041-2060,586221574,1,2222624595,central,central,583.12890295172895,2002.7436403671504,5.8254635659513383,20.007428974696808,2639.5895974145701,3653.0553376918988,220.91650289987999,548.23796937949999,849,2095,2095,849,2528,3731.0233333333053,3499.9999999999727,3.9335645851679146e-11,2,residential_energy_demand_gate5_v1,4b5b7791539478f9b2562d1b176e235ac7b641e1afdc40c3d5242661d9dbed3d,4b5b7791539478f9b2562d1b176e235ac7b641e1afdc40c3d5242661d9dbed3d,2ad0e9f7bbdfe12695c931891fd0e8132d060fd7bcbca23623db43d4c7393a5c,561839806dcdb8279ac4e42025bc5a82751f2588a2b2066fa84637918d8e4896,2987a546cb3f48253dcdfdc400036a68d1977eddb1012f753e54eca010acedd8,73ed0728ba3aea4548919a2c599b960f1645e1842d48afd930cc90a737aecd92,a96eee14f959c7954577e91fe17d4515a9348f0431a52c4dd9b8f37b88ac9cf5,d543101e7ea78ed2ddaba45de0ca0f44ec997e73ba696c2970de54b1e75cccfc,e40ccb491db9d0ecfe8c9e8462f713cf096279ef2b219236d05222512135b242,fb59b12e82b041c59cc8a3933745a40e92c5e89aa7df64846e5855fbd3acb00e,38669e3f0e715d12f919bbd64ba6e09fbb431145f819869ebd01d20e8fde4ed0,"[[18.0,4628],[20.0,4132]]","[[26.0,8760]]","[[""north"",""002ee4e68ba2ff1e9da7eb8f1e16c441bba47a8ad5ed36d81dc169204a2cb66d""],[""east"",""b1a28b883b4633c7b55388b5b43f571e79efcd391bc0ce6bc07019b5e25d8065""],[""south"",""c667e440b35d715226d38302c0104b35b5d5764fed6125e5bcc80d08fabf1f41""],[""west"",""2767619730916a7bca7fe58275301af35dc43db33040cad9a975264954dbabb5""]]"
mc_7765a03775a31ea8cfac904a7a0e81923fb68924c65e01ab6f35f4c5cc13f380,BE_TABULA_14,"Apartment, enclosed",MFH,1971-1990,TABULA_advanced_A_proxy,2851cf077281e480136cab6af02d4720b94564326517124af576ab8634ba52a3,100.09999999999999,rcp_2_6,weather_2050_rcp_2_6_pvgis_2006,pvgis_2006,2006,2041-2060,1790489491,2,3792273481,central,central,537.18469357539038,2073.7865177988447,5.3664804552986052,20.717148029958491,2474.5409581849763,4136.8489593918757,217.08458362693824,501.29616482388934,791,2156,2156,791,2610,3951.3366666659963,3499.9999999993292,4.0797587530505552e-11,2,residential_energy_demand_gate5_v1,4b5b7791539478f9b2562d1b176e235ac7b641e1afdc40c3d5242661d9dbed3d,4b5b7791539478f9b2562d1b176e235ac7b641e1afdc40c3d5242661d9dbed3d,2ad0e9f7bbdfe12695c931891fd0e8132d060fd7bcbca23623db43d4c7393a5c,561839806dcdb8279ac4e42025bc5a82751f2588a2b2066fa84637918d8e4896,2987a546cb3f48253dcdfdc400036a68d1977eddb1012f753e54eca010acedd8,73ed0728ba3aea4548919a2c599b960f1645e1842d48afd930cc90a737aecd92,a96eee14f959c7954577e91fe17d4515a9348f0431a52c4dd9b8f37b88ac9cf5,d543101e7ea78ed2ddaba45de0ca0f44ec997e73ba696c2970de54b1e75cccfc,e40ccb491db9d0ecfe8c9e8462f713cf096279ef2b219236d05222512135b242,fb59b12e82b041c59cc8a3933745a40e92c5e89aa7df64846e5855fbd3acb00e,38669e3f0e715d12f919bbd64ba6e09fbb431145f819869ebd01d20e8fde4ed0,"[[18.0,3697],[20.0,5063]]","[[26.0,8760]]","[[""north"",""002ee4e68ba2ff1e9da7eb8f1e16c441bba47a8ad5ed36d81dc169204a2cb66d""],[""east"",""b1a28b883b4633c7b55388b5b43f571e79efcd391bc0ce6bc07019b5e25d8065""],[""south"",""c667e440b35d715226d38302c0104b35b5d5764fed6125e5bcc80d08fabf1f41""],[""west"",""2767619730916a7bca7fe58275301af35dc43db33040cad9a975264954dbabb5""]]"
mc_376a5ff696e324b48cf8890766a8915768309329274a7bcf857a8c354a77bc0f,BE_TABULA_14,"Apartment, enclosed",MFH,1971-1990,TABULA_advanced_A_proxy,2851cf077281e480136cab6af02d4720b94564326517124af576ab8634ba52a3,100.09999999999999,rcp_2_6,weather_2050_rcp_2_6_pvgis_2006,pvgis_2006,2006,2041-2060,3286000813,2,440025546,central,central,553.13562412397346,2095.038671638687,5.525830410828906,20.929457259127744,2603.8572528895625,3341.1732545206064,212.42931942991331,627.03682570309707,816,2216,2216,816,2647,3935.0966666662525,3499.9999999995862,4.1268322092946619e-11,2,residential_energy_demand_gate5_v1,4b5b7791539478f9b2562d1b176e235ac7b641e1afdc40c3d5242661d9dbed3d,4b5b7791539478f9b2562d1b176e235ac7b641e1afdc40c3d5242661d9dbed3d,2ad0e9f7bbdfe12695c931891fd0e8132d060fd7bcbca23623db43d4c7393a5c,561839806dcdb8279ac4e42025bc5a82751f2588a2b2066fa84637918d8e4896,2987a546cb3f48253dcdfdc400036a68d1977eddb1012f753e54eca010acedd8,73ed0728ba3aea4548919a2c599b960f1645e1842d48afd930cc90a737aecd92,a96eee14f959c7954577e91fe17d4515a9348f0431a52c4dd9b8f37b88ac9cf5,d543101e7ea78ed2ddaba45de0ca0f44ec997e73ba696c2970de54b1e75cccfc,e40ccb491db9d0ecfe8c9e8462f713cf096279ef2b219236d05222512135b242,fb59b12e82b041c59cc8a3933745a40e92c5e89aa7df64846e5855fbd3acb00e,38669e3f0e715d12f919bbd64ba6e09fbb431145f819869ebd01d20e8fde4ed0,"[[18.0,3841],[20.0,4919]]","[[26.0,8760]]","[[""north"",""002ee4e68ba2ff1e9da7eb8f1e16c441bba47a8ad5ed36d81dc169204a2cb66d""],[""east"",""b1a28b883b4633c7b55388b5b43f571e79efcd391bc0ce6bc07019b5e25d8065""],[""south"",""c667e440b35d715226d38302c0104b35b5d5764fed6125e5bcc80d08fabf1f41""],[""west"",""2767619730916a7bca7fe58275301af35dc43db33040cad9a975264954dbabb5""]]"
mc_24c7dc9f23b754d2923527d63279331f4a362dc8ef03608d19af30a13b01c54e,BE_TABULA_14,"Apartment, enclosed",MFH,1971-1990,TABULA_advanced_A_proxy,2851cf077281e480136cab6af02d4720b94564326517124af576ab8634ba52a3,100.09999999999999,rcp_2_6,weather_2050_rcp_2_6_pvgis_2006,pvgis_2006,2006,2041-2060,3422917158,3,4221923420,central,central,567.29054936093235,2142.9165272291057,5.6672382553539702,21.407757514776282,2420.1630062314821,3056.8113878127033,234.40179355698842,701.03001309559579,868,2271,2271,868,2762,4050.3749999994266,3499.9999999994266,3.8880898500792682e-11,2,residential_energy_demand_gate5_v1,4b5b7791539478f9b2562d1b176e235ac7b641e1afdc40c3d5242661d9dbed3d,4b5b7791539478f9b2562d1b176e235ac7b641e1afdc40c3d5242661d9dbed3d,2ad0e9f7bbdfe12695c931891fd0e8132d060fd7bcbca23623db43d4c7393a5c,561839806dcdb8279ac4e42025bc5a82751f2588a2b2066fa84637918d8e4896,2987a546cb3f48253dcdfdc400036a68d1977eddb1012f753e54eca010acedd8,73ed0728ba3aea4548919a2c599b960f1645e1842d48afd930cc90a737aecd92,a96eee14f959c7954577e91fe17d4515a9348f0431a52c4dd9b8f37b88ac9cf5,d543101e7ea78ed2ddaba45de0ca0f44ec997e73ba696c2970de54b1e75cccfc,e40ccb491db9d0ecfe8c9e8462f713cf096279ef2b219236d05222512135b242,fb59b12e82b041c59cc8a3933745a40e92c5e89aa7df64846e5855fbd3acb00e,38669e3f0e715d12f919bbd64ba6e09fbb431145f819869ebd01d20e8fde4ed0,"[[18.0,3350],[20.0,5410]]","[[26.0,8760]]","[[""north"",""002ee4e68ba2ff1e9da7eb8f1e16c441bba47a8ad5ed36d81dc169204a2cb66d""],[""east"",""b1a28b883b4633c7b55388b5b43f571e79efcd391bc0ce6bc07019b5e25d8065""],[""south"",""c667e440b35d715226d38302c0104b35b5d5764fed6125e5bcc80d08fabf1f41""],[""west"",""2767619730916a7bca7fe58275301af35dc43db33040cad9a975264954dbabb5""]]"
mc_f374d2a30c8694c54711e6f07242aa3b2e8ea205443c990a3625496df984e640,BE_TABULA_14,"Apartment, enclosed",MFH,1971-1990,TABULA_advanced_A_proxy,2851cf077281e480136cab6af02d4720b94564326517124af576ab8634ba52a3,100.09999999999999,rcp_2_6,weather_2050_rcp_2_6_pvgis_2006,pvgis_2006,2006,2041-2060,2634905433,1,1721980304,central,central,591.36707286221042,1995.1807629899761,5.9077629656564481,19.931875754145615,2514.3624010591247,3494.4016086753736,235.19563950411799,570.96492802562875,828,2110,2110,828,2583,3739.924999999871,3499.9999999998718,3.8923531064938288e-11,2,residential_energy_demand_gate5_v1,4b5b7791539478f9b2562d1b176e235ac7b641e1afdc40c3d5242661d9dbed3d,4b5b7791539478f9b2562d1b176e235ac7b641e1afdc40c3d5242661d9dbed3d,2ad0e9f7bbdfe12695c931891fd0e8132d060fd7bcbca23623db43d4c7393a5c,561839806dcdb8279ac4e42025bc5a82751f2588a2b2066fa84637918d8e4896,2987a546cb3f48253dcdfdc400036a68d1977eddb1012f753e54eca010acedd8,73ed0728ba3aea4548919a2c599b960f1645e1842d48afd930cc90a737aecd92,a96eee14f959c7954577e91fe17d4515a9348f0431a52c4dd9b8f37b88ac9cf5,d543101e7ea78ed2ddaba45de0ca0f44ec997e73ba696c2970de54b1e75cccfc,e40ccb491db9d0ecfe8c9e8462f713cf096279ef2b219236d05222512135b242,fb59b12e82b041c59cc8a3933745a40e92c5e89aa7df64846e5855fbd3acb00e,38669e3f0e715d12f919bbd64ba6e09fbb431145f819869ebd01d20e8fde4ed0,"[[18.0,4496],[20.0,4264]]","[[26.0,8760]]","[[""north"",""002ee4e68ba2ff1e9da7eb8f1e16c441bba47a8ad5ed36d81dc169204a2cb66d""],[""east"",""b1a28b883b4633c7b55388b5b43f571e79efcd391bc0ce6bc07019b5e25d8065""],[""south"",""c667e440b35d715226d38302c0104b35b5d5764fed6125e5bcc80d08fabf1f41""],[""west"",""2767619730916a7bca7fe58275301af35dc43db33040cad9a975264954dbabb5""]]"
mc_008667009909e18110f6e445e581b776313186a66a97c718568dd04681c4dda0,BE_TABULA_14,"Apartment, enclosed",MFH,1971-1990,TABULA_advanced_A_proxy,2851cf077281e480136cab6af02d4720b94564326517124af576ab8634ba52a3,100.09999999999999,rcp_2_6,weather_2050_rcp_2_6_pvgis_2006,pvgis_2006,2006,2041-2060,3836208712,2,65169178,central,central,567.24304060958343,2074.1256791187607,5.6667636424533816,20.720536254932675,2369.1741991595695,3497.7716408473834,239.42648067449184,592.98487496921757,830,2210,2210,830,2693,3935.5400000007999,3500.0000000007994,3.8426151149906218e-11,2,residential_energy_demand_gate5_v1,4b5b7791539478f9b2562d1b176e235ac7b641e1afdc40c3d5242661d9dbed3d,4b5b7791539478f9b2562d1b176e235ac7b641e1afdc40c3d5242661d9dbed3d,2ad0e9f7bbdfe12695c931891fd0e8132d060fd7bcbca23623db43d4c7393a5c,561839806dcdb8279ac4e42025bc5a82751f2588a2b2066fa84637918d8e4896,2987a546cb3f48253dcdfdc400036a68d1977eddb1012f753e54eca010acedd8,73ed0728ba3aea4548919a2c599b960f1645e1842d48afd930cc90a737aecd92,a96eee14f959c7954577e91fe17d4515a9348f0431a52c4dd9b8f37b88ac9cf5,d543101e7ea78ed2ddaba45de0ca0f44ec997e73ba696c2970de54b1e75cccfc,e40ccb491db9d0ecfe8c9e8462f713cf096279ef2b219236d05222512135b242,fb59b12e82b041c59cc8a3933745a40e92c5e89aa7df64846e5855fbd3acb00e,38669e3f0e715d12f919bbd64ba6e09fbb431145f819869ebd01d20e8fde4ed0,"[[18.0,3852],[20.0,4908]]","[[26.0,8760]]","[[""north"",""002ee4e68ba2ff1e9da7eb8f1e16c441bba47a8ad5ed36d81dc169204a2cb66d""],[""east"",""b1a28b883b4633c7b55388b5b43f571e79efcd391bc0ce6bc07019b5e25d8065""],[""south"",""c667e440b35d715226d38302c0104b35b5d5764fed6125e5bcc80d08fabf1f41""],[""west"",""2767619730916a7bca7fe58275301af35dc43db33040cad9a975264954dbabb5""]]"
mc_4994347064d8118fe1bfa5539cfe4c07a144d4b38faa9dcbb68a44e3ff7cda3c,BE_TABULA_14,"Apartment, enclosed",MFH,1971-1990,TABULA_advanced_A_proxy,2851cf077281e480136cab6af02d4720b94564326517124af576ab8634ba52a3,100.09999999999999,rcp_2_6,weather_2050_rcp_2_6_pvgis_2006,pvgis_2006,2006,2041-2060,1011976490,1,3560991697,central,central,645.80085321957802,2027.4624278102369,6.4515569752205604,20.254369908194175,2602.6721990860005,3514.0307069826422,248.12992333278416,576.96206916505241,900,2205,2205,900,2638,3735.7716666662341,3499.999999999568,4.0017766878008842e-11,2,residential_energy_demand_gate5_v1,4b5b7791539478f9b2562d1b176e235ac7b641e1afdc40c3d5242661d9dbed3d,4b5b7791539478f9b2562d1b176e235ac7b641e1afdc40c3d5242661d9dbed3d,2ad0e9f7bbdfe12695c931891fd0e8132d060fd7bcbca23623db43d4c7393a5c,561839806dcdb8279ac4e42025bc5a82751f2588a2b2066fa84637918d8e4896,2987a546cb3f48253dcdfdc400036a68d1977eddb1012f753e54eca010acedd8,73ed0728ba3aea4548919a2c599b960f1645e1842d48afd930cc90a737aecd92,a96eee14f959c7954577e91fe17d4515a9348f0431a52c4dd9b8f37b88ac9cf5,d543101e7ea78ed2ddaba45de0ca0f44ec997e73ba696c2970de54b1e75cccfc,e40ccb491db9d0ecfe8c9e8462f713cf096279ef2b219236d05222512135b242,fb59b12e82b041c59cc8a3933745a40e92c5e89aa7df64846e5855fbd3acb00e,38669e3f0e715d12f919bbd64ba6e09fbb431145f819869ebd01d20e8fde4ed0,"[[18.0,4584],[20.0,4176]]","[[26.0,8760]]","[[""north"",""002ee4e68ba2ff1e9da7eb8f1e16c441bba47a8ad5ed36d81dc169204a2cb66d""],[""east"",""b1a28b883b4633c7b55388b5b43f571e79efcd391bc0ce6bc07019b5e25d8065""],[""south"",""c667e440b35d715226d38302c0104b35b5d5764fed6125e5bcc80d08fabf1f41""],[""west"",""2767619730916a7bca7fe58275301af35dc43db33040cad9a975264954dbabb5""]]"
mc_9b9ad6b2f4e352ca652b414420c30ea10fe50b55cacd3e98a3abe7504a2ccbbe,BE_TABULA_14,"Apartment, enclosed",MFH,1971-1990,TABULA_advanced_A_proxy,2851cf077281e480136cab6af02d4720b94564326517124af576ab8634ba52a3,100.09999999999999,rcp_2_6,weather_2050_rcp_2_6_pvgis_2006,pvgis_2006,2006,2041-2060,3890277953,1,1872972848,central,central,588.24434661905184,2041.7221394339008,5.8765668992912277,20.39682456976924,2553.4487387744475,4034.0438276041132,230.37249101048548,506.12294429297611,884,2060,2060,884,2497,3727.9199999994125,3499.999999999412,3.9335645851679146e-11,1,residential_energy_demand_gate5_v1,4b5b7791539478f9b2562d1b176e235ac7b641e1afdc40c3d5242661d9dbed3d,4b5b7791539478f9b2562d1b176e235ac7b641e1afdc40c3d5242661d9dbed3d,2ad0e9f7bbdfe12695c931891fd0e8132d060fd7bcbca23623db43d4c7393a5c,561839806dcdb8279ac4e42025bc5a82751f2588a2b2066fa84637918d8e4896,2987a546cb3f48253dcdfdc400036a68d1977eddb1012f753e54eca010acedd8,73ed0728ba3aea4548919a2c599b960f1645e1842d48afd930cc90a737aecd92,a96eee14f959c7954577e91fe17d4515a9348f0431a52c4dd9b8f37b88ac9cf5,d543101e7ea78ed2ddaba45de0ca0f44ec997e73ba696c2970de54b1e75cccfc,e40ccb491db9d0ecfe8c9e8462f713cf096279ef2b219236d05222512135b242,fb59b12e82b041c59cc8a3933745a40e92c5e89aa7df64846e5855fbd3acb00e,38669e3f0e715d12f919bbd64ba6e09fbb431145f819869ebd01d20e8fde4ed0,"[[18.0,4684],[20.0,4076]]","[[26.0,8760]]","[[""north"",""002ee4e68ba2ff1e9da7eb8f1e16c441bba47a8ad5ed36d81dc169204a2cb66d""],[""east"",""b1a28b883b4633c7b55388b5b43f571e79efcd391bc0ce6bc07019b5e25d8065""],[""south"",""c667e440b35d715226d38302c0104b35b5d5764fed6125e5bcc80d08fabf1f41""],[""west"",""2767619730916a7bca7fe58275301af35dc43db33040cad9a975264954dbabb5""]]"
mc_2120c935155d580640ad59739ac9e0e6891bce44f73f4b309a9c8d41a90b47af,BE_TABULA_14,"Apartment, enclosed",MFH,1971-1990,TABULA_advanced_A_proxy,2851cf077281e480136cab6af02d4720b94564326517124af576ab8634ba52a3,100.09999999999999,rcp_2_6,weather_2050_rcp_2_6_pvgis_2006,pvgis_2006,2006,2041-2060,776271248,1,209885325,central,central,610.86222331469867,1992.6027564147919,6.1025197134335532,19.906121442705214,2509.202691029524,3577.0906233544824,243.4487359265753,557.0456458120683,842,2178,2178,842,2696,3732.4466666669496,3500.0000000002833,4.1154635255225003e-11,2,residential_energy_demand_gate5_v1,4b5b7791539478f9b2562d1b176e235ac7b641e1afdc40c3d5242661d9dbed3d,4b5b7791539478f9b2562d1b176e235ac7b641e1afdc40c3d5242661d9dbed3d,2ad0e9f7bbdfe12695c931891fd0e8132d060fd7bcbca23623db43d4c7393a5c,561839806dcdb8279ac4e42025bc5a82751f2588a2b2066fa84637918d8e4896,2987a546cb3f48253dcdfdc400036a68d1977eddb1012f753e54eca010acedd8,73ed0728ba3aea4548919a2c599b960f1645e1842d48afd930cc90a737aecd92,a96eee14f959c7954577e91fe17d4515a9348f0431a52c4dd9b8f37b88ac9cf5,d543101e7ea78ed2ddaba45de0ca0f44ec997e73ba696c2970de54b1e75cccfc,e40ccb491db9d0ecfe8c9e8462f713cf096279ef2b219236d05222512135b242,fb59b12e82b041c59cc8a3933745a40e92c5e89aa7df64846e5855fbd3acb00e,38669e3f0e715d12f919bbd64ba6e09fbb431145f819869ebd01d20e8fde4ed0,"[[18.0,4641],[20.0,4119]]","[[26.0,8760]]","[[""north"",""002ee4e68ba2ff1e9da7eb8f1e16c441bba47a8ad5ed36d81dc169204a2cb66d""],[""east"",""b1a28b883b4633c7b55388b5b43f571e79efcd391bc0ce6bc07019b5e25d8065""],[""south"",""c667e440b35d715226d38302c0104b35b5d5764fed6125e5bcc80d08fabf1f41""],[""west"",""2767619730916a7bca7fe58275301af35dc43db33040cad9a975264954dbabb5""]]"
mc_c214f8f987e409fdd307d9f163aac8395122722adf853fcfc954fe9f257b0e64,BE_TABULA_14,"Apartment, enclosed",MFH,1971-1990,TABULA_advanced_A_proxy,2851cf077281e480136cab6af02d4720b94564326517124af576ab8634ba52a3,100.09999999999999,rcp_2_6,weather_2050_rcp_2_6_pvgis_2006,pvgis_2006,2006,2041-2060,1900787840,5,3270319275,central,central,499.96163271949627,2234.6288426529959,4.9946217054894735,22.323964462067892,2319.0661450963553,3135.7688600401971,215.58748282219577,712.62549709239431,769,2391,2391,769,2929,4344.6900000001124,3500.0000000001128,4.0813574742060155e-11,2,residential_energy_demand_gate5_v1,4b5b7791539478f9b2562d1b176e235ac7b641e1afdc40c3d5242661d9dbed3d,4b5b7791539478f9b2562d1b176e235ac7b641e1afdc40c3d5242661d9dbed3d,2ad0e9f7bbdfe12695c931891fd0e8132d060fd7bcbca23623db43d4c7393a5c,561839806dcdb8279ac4e42025bc5a82751f2588a2b2066fa84637918d8e4896,2987a546cb3f48253dcdfdc400036a68d1977eddb1012f753e54eca010acedd8,73ed0728ba3aea4548919a2c599b960f1645e1842d48afd930cc90a737aecd92,a96eee14f959c7954577e91fe17d4515a9348f0431a52c4dd9b8f37b88ac9cf5,d543101e7ea78ed2ddaba45de0ca0f44ec997e73ba696c2970de54b1e75cccfc,e40ccb491db9d0ecfe8c9e8462f713cf096279ef2b219236d05222512135b242,fb59b12e82b041c59cc8a3933745a40e92c5e89aa7df64846e5855fbd3acb00e,38669e3f0e715d12f919bbd64ba6e09fbb431145f819869ebd01d20e8fde4ed0,"[[18.0,2748],[20.0,6012]]","[[26.0,8760]]","[[""north"",""002ee4e68ba2ff1e9da7eb8f1e16c441bba47a8ad5ed36d81dc169204a2cb66d""],[""east"",""b1a28b883b4633c7b55388b5b43f571e79efcd391bc0ce6bc07019b5e25d8065""],[""south"",""c667e440b35d715226d38302c0104b35b5d5764fed6125e5bcc80d08fabf1f41""],[""west"",""2767619730916a7bca7fe58275301af35dc43db33040cad9a975264954dbabb5""]]"
mc_98f03c14ada036bd59c1c01ff7ddc8c4d5dcafecc5efbb5508e2452782cb86f4,BE_TABULA_14,"Apartment, enclosed",MFH,1971-1990,TABULA_advanced_A_proxy,2851cf077281e480136cab6af02d4720b94564326517124af576ab8634ba52a3,100.09999999999999,rcp_2_6,weather_2050_rcp_2_6_pvgis_2006,pvgis_2006,2006,2041-2060,1062724148,1,1904767939,central,central,590.24345900022774,2034.349744672212,5.8965380519503272,20.32317427244967,2817.8460099191452,4029.0667769946695,209.4661869110314,504.91834890601109,816,2068,2068,816,2505,3738.8516666661853,3499.9999999995189,4.2064129956997931e-11,2,residential_energy_demand_gate5_v1,4b5b7791539478f9b2562d1b176e235ac7b641e1afdc40c3d5242661d9dbed3d,4b5b7791539478f9b2562d1b176e235ac7b641e1afdc40c3d5242661d9dbed3d,2ad0e9f7bbdfe12695c931891fd0e8132d060fd7bcbca23623db43d4c7393a5c,561839806dcdb8279ac4e42025bc5a82751f2588a2b2066fa84637918d8e4896,2987a546cb3f48253dcdfdc400036a68d1977eddb1012f753e54eca010acedd8,73ed0728ba3aea4548919a2c599b960f1645e1842d48afd930cc90a737aecd92,a96eee14f959c7954577e91fe17d4515a9348f0431a52c4dd9b8f37b88ac9cf5,d543101e7ea78ed2ddaba45de0ca0f44ec997e73ba696c2970de54b1e75cccfc,e40ccb491db9d0ecfe8c9e8462f713cf096279ef2b219236d05222512135b242,fb59b12e82b041c59cc8a3933745a40e92c5e89aa7df64846e5855fbd3acb00e,38669e3f0e715d12f919bbd64ba6e09fbb431145f819869ebd01d20e8fde4ed0,"[[18.0,4528],[20.0,4232]]","[[26.0,8760]]","[[""north"",""002ee4e68ba2ff1e9da7eb8f1e16c441bba47a8ad5ed36d81dc169204a2cb66d""],[""east"",""b1a28b883b4633c7b55388b5b43f571e79efcd391bc0ce6bc07019b5e25d8065""],[""south"",""c667e440b35d715226d38302c0104b35b5d5764fed6125e5bcc80d08fabf1f41""],[""west"",""2767619730916a7bca7fe58275301af35dc43db33040cad9a975264954dbabb5""]]"
mc_0a5e068d3be03ae466f69ad5e48c9319b6d6768de6c0825503018d68b187e7bf,BE_TABULA_14,"Apartment, enclosed",MFH,1971-1990,TABULA_advanced_A_proxy,2851cf077281e480136cab6af02d4720b94564326517124af576ab8634ba52a3,100.09999999999999,rcp_2_6,weather_2050_rcp_2_6_pvgis_2006,pvgis_2006,2006,2041-2060,2674825830,2,914695781,central,central,615.50919719233082,2108.7002994052677,6.148943028894414,21.065937056995683,2408.46242653737,3447.6020702712181,255.56105439321476,611.64260156027217,935,2295,2295,935,2831,3955.979999999694,3499.9999999996935,4.1950443119276315e-11,2,residential_energy_demand_gate5_v1,4b5b7791539478f9b2562d1b176e235ac7b641e1afdc40c3d5242661d9dbed3d,4b5b7791539478f9b2562d1b176e235ac7b641e1afdc40c3d5242661d9dbed3d,2ad0e9f7bbdfe12695c931891fd0e8132d060fd7bcbca23623db43d4c7393a5c,561839806dcdb8279ac4e42025bc5a82751f2588a2b2066fa84637918d8e4896,2987a546cb3f48253dcdfdc400036a68d1977eddb1012f753e54eca010acedd8,73ed0728ba3aea4548919a2c599b960f1645e1842d48afd930cc90a737aecd92,a96eee14f959c7954577e91fe17d4515a9348f0431a52c4dd9b8f37b88ac9cf5,d543101e7ea78ed2ddaba45de0ca0f44ec997e73ba696c2970de54b1e75cccfc,e40ccb491db9d0ecfe8c9e8462f713cf096279ef2b219236d05222512135b242,fb59b12e82b041c59cc8a3933745a40e92c5e89aa7df64846e5855fbd3acb00e,38669e3f0e715d12f919bbd64ba6e09fbb431145f819869ebd01d20e8fde4ed0,"[[18.0,3717],[20.0,5043]]","[[26.0,8760]]","[[""north"",""002ee4e68ba2ff1e9da7eb8f1e16c441bba47a8ad5ed36d81dc169204a2cb66d""],[""east"",""b1a28b883b4633c7b55388b5b43f571e79efcd391bc0ce6bc07019b5e25d8065""],[""south"",""c667e440b35d715226d38302c0104b35b5d5764fed6125e5bcc80d08fabf1f41""],[""west"",""2767619730916a7bca7fe58275301af35dc43db33040cad9a975264954dbabb5""]]"
mc_c28246d8f8ddac0228be6b20a854384d3cae2e9575f167ada2f63b53d88340fb,BE_TABULA_14,"Apartment, enclosed",MFH,1971-1990,TABULA_advanced_A_proxy,2851cf077281e480136cab6af02d4720b94564326517124af576ab8634ba52a3,100.09999999999999,rcp_2_6,weather_2050_rcp_2_6_pvgis_2006,pvgis_2006,2006,2041-2060,1053006648,1,1282721725,central,central,635.32359756283984,1983.4670798448865,6.3468890865418572,19.814855942506359,2625.4097367365457,3125.5589270711748,241.99026486150083,634.59596383406119,899,2211,2211,899,2721,3749.0949999995646,3499.9999999995653,4.2490455598453991e-11,2,residential_energy_demand_gate5_v1,4b5b7791539478f9b2562d1b176e235ac7b641e1afdc40c3d5242661d9dbed3d,4b5b7791539478f9b2562d1b176e235ac7b641e1afdc40c3d5242661d9dbed3d,2ad0e9f7bbdfe12695c931891fd0e8132d060fd7bcbca23623db43d4c7393a5c,561839806dcdb8279ac4e42025bc5a82751f2588a2b2066fa84637918d8e4896,2987a546cb3f48253dcdfdc400036a68d1977eddb1012f753e54eca010acedd8,73ed0728ba3aea4548919a2c599b960f1645e1842d48afd930cc90a737aecd92,a96eee14f959c7954577e91fe17d4515a9348f0431a52c4dd9b8f37b88ac9cf5,d543101e7ea78ed2ddaba45de0ca0f44ec997e73ba696c2970de54b1e75cccfc,e40ccb491db9d0ecfe8c9e8462f713cf096279ef2b219236d05222512135b242,fb59b12e82b041c59cc8a3933745a40e92c5e89aa7df64846e5855fbd3acb00e,38669e3f0e715d12f919bbd64ba6e09fbb431145f819869ebd01d20e8fde4ed0,"[[18.0,4356],[20.0,4404]]","[[26.0,8760]]","[[""north"",""002ee4e68ba2ff1e9da7eb8f1e16c441bba47a8ad5ed36d81dc169204a2cb66d""],[""east"",""b1a28b883b4633c7b55388b5b43f571e79efcd391bc0ce6bc07019b5e25d8065""],[""south"",""c667e440b35d715226d38302c0104b35b5d5764fed6125e5bcc80d08fabf1f41""],[""west"",""2767619730916a7bca7fe58275301af35dc43db33040cad9a975264954dbabb5""]]"
mc_660e5a0b573e9ebbe06a54726966ea2d1f9d2825a81a2aa75beb4fd5a3d0fc40,BE_TABULA_14,"Apartment, enclosed",MFH,1971-1990,TABULA_advanced_A_proxy,2851cf077281e480136cab6af02d4720b94564326517124af576ab8634ba52a3,100.09999999999999,rcp_2_6,weather_2050_rcp_2_6_pvgis_2006,pvgis_2006,2006,2041-2060,3482630119,1,2812545130,central,central,589.45927733552344,2001.3632061553394,5.8887040692859491,19.993638423130264,2460.251524525836,3508.2605763020542,239.59309503898379,570.47165187054395,879,2130,2130,879,2577,3740.5316666670283,3500.0000000003615,4.1552539187250659e-11,2,residential_energy_demand_gate5_v1,4b5b7791539478f9b2562d1b176e235ac7b641e1afdc40c3d5242661d9dbed3d,4b5b7791539478f9b2562d1b176e235ac7b641e1afdc40c3d5242661d9dbed3d,2ad0e9f7bbdfe12695c931891fd0e8132d060fd7bcbca23623db43d4c7393a5c,561839806dcdb8279ac4e42025bc5a82751f2588a2b2066fa84637918d8e4896,2987a546cb3f48253dcdfdc400036a68d1977eddb1012f753e54eca010acedd8,73ed0728ba3aea4548919a2c599b960f1645e1842d48afd930cc90a737aecd92,a96eee14f959c7954577e91fe17d4515a9348f0431a52c4dd9b8f37b88ac9cf5,d543101e7ea78ed2ddaba45de0ca0f44ec997e73ba696c2970de54b1e75cccfc,e40ccb491db9d0ecfe8c9e8462f713cf096279ef2b219236d05222512135b242,fb59b12e82b041c59cc8a3933745a40e92c5e89aa7df64846e5855fbd3acb00e,38669e3f0e715d12f919bbd64ba6e09fbb431145f819869ebd01d20e8fde4ed0,"[[18.0,4493],[20.0,4267]]","[[26.0,8760]]","[[""north"",""002ee4e68ba2ff1e9da7eb8f1e16c441bba47a8ad5ed36d81dc169204a2cb66d""],[""east"",""b1a28b883b4633c7b55388b5b43f571e79efcd391bc0ce6bc07019b5e25d8065""],[""south"",""c667e440b35d715226d38302c0104b35b5d5764fed6125e5bcc80d08fabf1f41""],[""west"",""2767619730916a7bca7fe58275301af35dc43db33040cad9a975264954dbabb5""]]"
mc_b14ed49846cd2c10ea90384a05612cf2445de38b531cfb082f5b675832768424,BE_TABULA_14,"Apartment, enclosed",MFH,1971-1990,TABULA_advanced_A_proxy,2851cf077281e480136cab6af02d4720b94564326517124af576ab8634ba52a3,100.09999999999999,rcp_2_6,weather_2050_rcp_2_6_pvgis_2006,pvgis_2006,2006,2041-2060,11823356,1,1077703118,central,central,624.3397911269135,1978.7420988614024,6.2371607505186164,19.767653335278744,2608.3106209946836,3188.6247715674326,239.36558249677353,620.56285722471887,889,2233,2233,889,2765,3729.0400000003756,3500.0000000003756,4.1609382606111467e-11,2,residential_energy_demand_gate5_v1,4b5b7791539478f9b2562d1b176e235ac7b641e1afdc40c3d5242661d9dbed3d,4b5b7791539478f9b2562d1b176e235ac7b641e1afdc40c3d5242661d9dbed3d,2ad0e9f7bbdfe12695c931891fd0e8132d060fd7bcbca23623db43d4c7393a5c,561839806dcdb8279ac4e42025bc5a82751f2588a2b2066fa84637918d8e4896,2987a546cb3f48253dcdfdc400036a68d1977eddb1012f753e54eca010acedd8,73ed0728ba3aea4548919a2c599b960f1645e1842d48afd930cc90a737aecd92,a96eee14f959c7954577e91fe17d4515a9348f0431a52c4dd9b8f37b88ac9cf5,d543101e7ea78ed2ddaba45de0ca0f44ec997e73ba696c2970de54b1e75cccfc,e40ccb491db9d0ecfe8c9e8462f713cf096279ef2b219236d05222512135b242,fb59b12e82b041c59cc8a3933745a40e92c5e89aa7df64846e5855fbd3acb00e,38669e3f0e715d12f919bbd64ba6e09fbb431145f819869ebd01d20e8fde4ed0,"[[18.0,4657],[20.0,4103]]","[[26.0,8760]]","[[""north"",""002ee4e68ba2ff1e9da7eb8f1e16c441bba47a8ad5ed36d81dc169204a2cb66d""],[""east"",""b1a28b883b4633c7b55388b5b43f571e79efcd391bc0ce6bc07019b5e25d8065""],[""south"",""c667e440b35d715226d38302c0104b35b5d5764fed6125e5bcc80d08fabf1f41""],[""west"",""2767619730916a7bca7fe58275301af35dc43db33040cad9a975264954dbabb5""]]"
mc_de7d3620c41c167df9cd38fe99b8151d2619d36bfb398c637324c7f184c02326,BE_TABULA_14,"Apartment, enclosed",MFH,1971-1990,TABULA_advanced_A_proxy,2851cf077281e480136cab6af02d4720b94564326517124af576ab8634ba52a3,100.09999999999999,rcp_2_6,weather_2050_rcp_2_6_pvgis_2006,pvgis_2006,2006,2041-2060,1148551946,1,1941304635,central,central,576.27903766751365,1978.973556239411,5.7570333433318046,19.769965596797313,2565.2908031133065,3923.1395295210564,224.64472135795509,504.43618977809018,812,2090,2090,812,2575,3730.5683333335942,3500.0000000002606,4.46789272245951e-11,2,residential_energy_demand_gate5_v1,4b5b7791539478f9b2562d1b176e235ac7b641e1afdc40c3d5242661d9dbed3d,4b5b7791539478f9b2562d1b176e235ac7b641e1afdc40c3d5242661d9dbed3d,2ad0e9f7bbdfe12695c931891fd0e8132d060fd7bcbca23623db43d4c7393a5c,561839806dcdb8279ac4e42025bc5a82751f2588a2b2066fa84637918d8e4896,2987a546cb3f48253dcdfdc400036a68d1977eddb1012f753e54eca010acedd8,73ed0728ba3aea4548919a2c599b960f1645e1842d48afd930cc90a737aecd92,a96eee14f959c7954577e91fe17d4515a9348f0431a52c4dd9b8f37b88ac9cf5,d543101e7ea78ed2ddaba45de0ca0f44ec997e73ba696c2970de54b1e75cccfc,e40ccb491db9d0ecfe8c9e8462f713cf096279ef2b219236d05222512135b242,fb59b12e82b041c59cc8a3933745a40e92c5e89aa7df64846e5855fbd3acb00e,38669e3f0e715d12f919bbd64ba6e09fbb431145f819869ebd01d20e8fde4ed0,"[[18.0,4628],[20.0,4132]]","[[26.0,8760]]","[[""north"",""002ee4e68ba2ff1e9da7eb8f1e16c441bba47a8ad5ed36d81dc169204a2cb66d""],[""east"",""b1a28b883b4633c7b55388b5b43f571e79efcd391bc0ce6bc07019b5e25d8065""],[""south"",""c667e440b35d715226d38302c0104b35b5d5764fed6125e5bcc80d08fabf1f41""],[""west"",""2767619730916a7bca7fe58275301af35dc43db33040cad9a975264954dbabb5""]]"
mc_2f43aea0454a8607030228cf5a1a9c0dafe52cf2c58ce8d9f80992cdffa27331,BE_TABULA_14,"Apartment, enclosed",MFH,1971-1990,TABULA_advanced_A_proxy,2851cf077281e480136cab6af02d4720b94564326517124af576ab8634ba52a3,100.09999999999999,rcp_2_6,weather_2050_rcp_2_6_pvgis_2006,pvgis_2006,2006,2041-2060,919568898,1,2362649772,central,central,644.39699940614094,2089.5854071525509,6.43753246159981,20.874979092433076,2782.0230152362283,4017.7010171825518,231.62892466273274,520.09480004012119,916,2154,2154,916,2589,3739.283333333196,3499.9999999998631,4.0358827391173691e-11,2,residential_energy_demand_gate5_v1,4b5b7791539478f9b2562d1b176e235ac7b641e1afdc40c3d5242661d9dbed3d,4b5b7791539478f9b2562d1b176e235ac7b641e1afdc40c3d5242661d9dbed3d,2ad0e9f7bbdfe12695c931891fd0e8132d060fd7bcbca23623db43d4c7393a5c,561839806dcdb8279ac4e42025bc5a82751f2588a2b2066fa84637918d8e4896,2987a546cb3f48253dcdfdc400036a68d1977eddb1012f753e54eca010acedd8,73ed0728ba3aea4548919a2c599b960f1645e1842d48afd930cc90a737aecd92,a96eee14f959c7954577e91fe17d4515a9348f0431a52c4dd9b8f37b88ac9cf5,d543101e7ea78ed2ddaba45de0ca0f44ec997e73ba696c2970de54b1e75cccfc,e40ccb491db9d0ecfe8c9e8462f713cf096279ef2b219236d05222512135b242,fb59b12e82b041c59cc8a3933745a40e92c5e89aa7df64846e5855fbd3acb00e,38669e3f0e715d12f919bbd64ba6e09fbb431145f819869ebd01d20e8fde4ed0,"[[18.0,4512],[20.0,4248]]","[[26.0,8760]]","[[""north"",""002ee4e68ba2ff1e9da7eb8f1e16c441bba47a8ad5ed36d81dc169204a2cb66d""],[""east"",""b1a28b883b4633c7b55388b5b43f571e79efcd391bc0ce6bc07019b5e25d8065""],[""south"",""c667e440b35d715226d38302c0104b35b5d5764fed6125e5bcc80d08fabf1f41""],[""west"",""2767619730916a7bca7fe58275301af35dc43db33040cad9a975264954dbabb5""]]"
mc_a1af62f5747bb1c006bb876bb7153bdae4fd7aa080a51ac66142d1b413ea870d,BE_TABULA_14,"Apartment, enclosed",MFH,1971-1990,TABULA_advanced_A_proxy,2851cf077281e480136cab6af02d4720b94564326517124af576ab8634ba52a3,100.09999999999999,rcp_2_6,weather_2050_rcp_2_6_pvgis_2006,pvgis_2006,2006,2041-2060,3039625071,2,5878749,central,central,561.35230544227454,2086.420256155162,5.6079151392834623,20.843359202349273,2624.8632742670875,3183.6499007379825,213.85963640297226,655.35480382799676,814,2220,2220,814,2684,3941.7699999993592,3499.9999999993588,3.879563337250147e-11,2,residential_energy_demand_gate5_v1,4b5b7791539478f9b2562d1b176e235ac7b641e1afdc40c3d5242661d9dbed3d,4b5b7791539478f9b2562d1b176e235ac7b641e1afdc40c3d5242661d9dbed3d,2ad0e9f7bbdfe12695c931891fd0e8132d060fd7bcbca23623db43d4c7393a5c,561839806dcdb8279ac4e42025bc5a82751f2588a2b2066fa84637918d8e4896,2987a546cb3f48253dcdfdc400036a68d1977eddb1012f753e54eca010acedd8,73ed0728ba3aea4548919a2c599b960f1645e1842d48afd930cc90a737aecd92,a96eee14f959c7954577e91fe17d4515a9348f0431a52c4dd9b8f37b88ac9cf5,d543101e7ea78ed2ddaba45de0ca0f44ec997e73ba696c2970de54b1e75cccfc,e40ccb491db9d0ecfe8c9e8462f713cf096279ef2b219236d05222512135b242,fb59b12e82b041c59cc8a3933745a40e92c5e89aa7df64846e5855fbd3acb00e,38669e3f0e715d12f919bbd64ba6e09fbb431145f819869ebd01d20e8fde4ed0,"[[18.0,3806],[20.0,4954]]","[[26.0,8760]]","[[""north"",""002ee4e68ba2ff1e9da7eb8f1e16c441bba47a8ad5ed36d81dc169204a2cb66d""],[""east"",""b1a28b883b4633c7b55388b5b43f571e79efcd391bc0ce6bc07019b5e25d8065""],[""south"",""c667e440b35d715226d38302c0104b35b5d5764fed6125e5bcc80d08fabf1f41""],[""west"",""2767619730916a7bca7fe58275301af35dc43db33040cad9a975264954dbabb5""]]"
mc_55ae4bafd87bbd9aa1c5f1e799024ca86abce97058ad825dd6d134bea0d84ff6,BE_TABULA_14,"Apartment, enclosed",MFH,1971-1990,TABULA_advanced_A_proxy,2851cf077281e480136cab6af02d4720b94564326517124af576ab8634ba52a3,100.09999999999999,rcp_2_6,weather_2050_rcp_2_6_pvgis_2006,pvgis_2006,2006,2041-2060,2908346779,1,4131552095,central,central,650.09041182755664,2038.8523904024219,6.4944097085669998,20.368155748275942,2606.3125132144019,3936.0742017199063,249.42918722582161,517.99135024220971,905,2207,2207,905,2679,3730.0316666673712,3500.0000000007044,4.1723069443833083e-11,2,residential_energy_demand_gate5_v1,4b5b7791539478f9b2562d1b176e235ac7b641e1afdc40c3d5242661d9dbed3d,4b5b7791539478f9b2562d1b176e235ac7b641e1afdc40c3d5242661d9dbed3d,2ad0e9f7bbdfe12695c931891fd0e8132d060fd7bcbca23623db43d4c7393a5c,561839806dcdb8279ac4e42025bc5a82751f2588a2b2066fa84637918d8e4896,2987a546cb3f48253dcdfdc400036a68d1977eddb1012f753e54eca010acedd8,73ed0728ba3aea4548919a2c599b960f1645e1842d48afd930cc90a737aecd92,a96eee14f959c7954577e91fe17d4515a9348f0431a52c4dd9b8f37b88ac9cf5,d543101e7ea78ed2ddaba45de0ca0f44ec997e73ba696c2970de54b1e75cccfc,e40ccb491db9d0ecfe8c9e8462f713cf096279ef2b219236d05222512135b242,fb59b12e82b041c59cc8a3933745a40e92c5e89aa7df64846e5855fbd3acb00e,38669e3f0e715d12f919bbd64ba6e09fbb431145f819869ebd01d20e8fde4ed0,"[[18.0,4589],[20.0,4171]]","[[26.0,8760]]","[[""north"",""002ee4e68ba2ff1e9da7eb8f1e16c441bba47a8ad5ed36d81dc169204a2cb66d""],[""east"",""b1a28b883b4633c7b55388b5b43f571e79efcd391bc0ce6bc07019b5e25d8065""],[""south"",""c667e440b35d715226d38302c0104b35b5d5764fed6125e5bcc80d08fabf1f41""],[""west"",""2767619730916a7bca7fe58275301af35dc43db33040cad9a975264954dbabb5""]]"
mc_ef628c282c71d1aaa4dd4508020d6679bab44cddb9a339b90cb68baae931ad1c,BE_TABULA_14,"Apartment, enclosed",MFH,1971-1990,TABULA_advanced_A_proxy,2851cf077281e480136cab6af02d4720b94564326517124af576ab8634ba52a3,100.09999999999999,rcp_2_6,weather_2050_rcp_2_6_pvgis_2006,pvgis_2006,2006,2041-2060,4181595953,2,250235785,central,central,589.51636538734999,2092.162641736898,5.8892743794940063,20.900725691677305,2594.3033203088926,3175.8178442521448,227.23494233402081,658.77916944243668,855,2232,2232,855,2696,3941.443333333189,3499.9999999998558,4.6156856114976108e-11,2,residential_energy_demand_gate5_v1,4b5b7791539478f9b2562d1b176e235ac7b641e1afdc40c3d5242661d9dbed3d,4b5b7791539478f9b2562d1b176e235ac7b641e1afdc40c3d5242661d9dbed3d,2ad0e9f7bbdfe12695c931891fd0e8132d060fd7bcbca23623db43d4c7393a5c,561839806dcdb8279ac4e42025bc5a82751f2588a2b2066fa84637918d8e4896,2987a546cb3f48253dcdfdc400036a68d1977eddb1012f753e54eca010acedd8,73ed0728ba3aea4548919a2c599b960f1645e1842d48afd930cc90a737aecd92,a96eee14f959c7954577e91fe17d4515a9348f0431a52c4dd9b8f37b88ac9cf5,d543101e7ea78ed2ddaba45de0ca0f44ec997e73ba696c2970de54b1e75cccfc,e40ccb491db9d0ecfe8c9e8462f713cf096279ef2b219236d05222512135b242,fb59b12e82b041c59cc8a3933745a40e92c5e89aa7df64846e5855fbd3acb00e,38669e3f0e715d12f919bbd64ba6e09fbb431145f819869ebd01d20e8fde4ed0,"[[18.0,3808],[20.0,4952]]","[[26.0,8760]]","[[""north"",""002ee4e68ba2ff1e9da7eb8f1e16c441bba47a8ad5ed36d81dc169204a2cb66d""],[""east"",""b1a28b883b4633c7b55388b5b43f571e79efcd391bc0ce6bc07019b5e25d8065""],[""south"",""c667e440b35d715226d38302c0104b35b5d5764fed6125e5bcc80d08fabf1f41""],[""west"",""2767619730916a7bca7fe58275301af35dc43db33040cad9a975264954dbabb5""]]"
mc_29a82975828e8d80c0373baba8645140a322673eda8bf1b15ba5da3c6742fdd1,BE_TABULA_14,"Apartment, enclosed",MFH,1971-1990,TABULA_advanced_A_proxy,2851cf077281e480136cab6af02d4720b94564326517124af576ab8634ba52a3,100.09999999999999,rcp_2_6,weather_2050_rcp_2_6_pvgis_2006,pvgis_2006,2006,2041-2060,115385883,1,263324218,central,central,606.78036628302812,1953.7847382495836,6.0617419209093724,19.518329053442393,2671.8738679317125,3544.9067808234877,227.09918067829099,551.1526421001447,876,2245,2245,876,2776,3733.3449999998647,3499.9999999998649,4.1154635255225003e-11,1,residential_energy_demand_gate5_v1,4b5b7791539478f9b2562d1b176e235ac7b641e1afdc40c3d5242661d9dbed3d,4b5b7791539478f9b2562d1b176e235ac7b641e1afdc40c3d5242661d9dbed3d,2ad0e9f7bbdfe12695c931891fd0e8132d060fd7bcbca23623db43d4c7393a5c,561839806dcdb8279ac4e42025bc5a82751f2588a2b2066fa84637918d8e4896,2987a546cb3f48253dcdfdc400036a68d1977eddb1012f753e54eca010acedd8,73ed0728ba3aea4548919a2c599b960f1645e1842d48afd930cc90a737aecd92,a96eee14f959c7954577e91fe17d4515a9348f0431a52c4dd9b8f37b88ac9cf5,d543101e7ea78ed2ddaba45de0ca0f44ec997e73ba696c2970de54b1e75cccfc,e40ccb491db9d0ecfe8c9e8462f713cf096279ef2b219236d05222512135b242,fb59b12e82b041c59cc8a3933745a40e92c5e89aa7df64846e5855fbd3acb00e,38669e3f0e715d12f919bbd64ba6e09fbb431145f819869ebd01d20e8fde4ed0,"[[18.0,4582],[20.0,4178]]","[[26.0,8760]]","[[""north"",""002ee4e68ba2ff1e9da7eb8f1e16c441bba47a8ad5ed36d81dc169204a2cb66d""],[""east"",""b1a28b883b4633c7b55388b5b43f571e79efcd391bc0ce6bc07019b5e25d8065""],[""south"",""c667e440b35d715226d38302c0104b35b5d5764fed6125e5bcc80d08fabf1f41""],[""west"",""2767619730916a7bca7fe58275301af35dc43db33040cad9a975264954dbabb5""]]"
mc_72bde9b3700df8fa7ae69f6e043e794d190b266552bbc8a9258c46c1e7b087f7,BE_TABULA_14,"Apartment, enclosed",MFH,1971-1990,TABULA_advanced_A_proxy,2851cf077281e480136cab6af02d4720b94564326517124af576ab8634ba52a3,100.09999999999999,rcp_2_6,weather_2050_rcp_2_6_pvgis_2006,pvgis_2006,2006,2041-2060,1189564474,2,3720135182,central,central,576.69534589910177,2090.8979929204024,5.7611922667242936,20.888091837366659,2675.2698243339423,3266.4390545232673,215.56530135896881,640.11541560066439,864,2245,2245,864,2710,3937.9433333328711,3499.9999999995375,4.0586201066616923e-11,2,residential_energy_demand_gate5_v1,4b5b7791539478f9b2562d1b176e235ac7b641e1afdc40c3d5242661d9dbed3d,4b5b7791539478f9b2562d1b176e235ac7b641e1afdc40c3d5242661d9dbed3d,2ad0e9f7bbdfe12695c931891fd0e8132d060fd7bcbca23623db43d4c7393a5c,561839806dcdb8279ac4e42025bc5a82751f2588a2b2066fa84637918d8e4896,2987a546cb3f48253dcdfdc400036a68d1977eddb1012f753e54eca010acedd8,73ed0728ba3aea4548919a2c599b960f1645e1842d48afd930cc90a737aecd92,a96eee14f959c7954577e91fe17d4515a9348f0431a52c4dd9b8f37b88ac9cf5,d543101e7ea78ed2ddaba45de0ca0f44ec997e73ba696c2970de54b1e75cccfc,e40ccb491db9d0ecfe8c9e8462f713cf096279ef2b219236d05222512135b242,fb59b12e82b041c59cc8a3933745a40e92c5e89aa7df64846e5855fbd3acb00e,38669e3f0e715d12f919bbd64ba6e09fbb431145f819869ebd01d20e8fde4ed0,"[[18.0,3766],[20.0,4994]]","[[26.0,8760]]","[[""north"",""002ee4e68ba2ff1e9da7eb8f1e16c441bba47a8ad5ed36d81dc169204a2cb66d""],[""east"",""b1a28b883b4633c7b55388b5b43f571e79efcd391bc0ce6bc07019b5e25d8065""],[""south"",""c667e440b35d715226d38302c0104b35b5d5764fed6125e5bcc80d08fabf1f41""],[""west"",""2767619730916a7bca7fe58275301af35dc43db33040cad9a975264954dbabb5""]]"
mc_18cd51e91388b4bb5dd33ef3c70d5dca833e52d2f45d3c9e35d4b425b1715d0a,BE_TABULA_14,"Apartment, enclosed",MFH,1971-1990,TABULA_advanced_A_proxy,2851cf077281e480136cab6af02d4720b94564326517124af576ab8634ba52a3,100.09999999999999,rcp_2_6,weather_2050_rcp_2_6_pvgis_2006,pvgis_2006,2006,2041-2060,424842177,1,1102224402,central,central,608.0410744421838,1988.6042343639117,6.0743364080138242,19.866176167471647,2468.2950330573667,3373.8830116135896,246.34051695555638,589.41114067047749,884,2126,2126,884,2605,3734.6166666667013,3500.000000000035,4.2518877307884395e-11,2,residential_energy_demand_gate5_v1,4b5b7791539478f9b2562d1b176e235ac7b641e1afdc40c3d5242661d9dbed3d,4b5b7791539478f9b2562d1b176e235ac7b641e1afdc40c3d5242661d9dbed3d,2ad0e9f7bbdfe12695c931891fd0e8132d060fd7bcbca23623db43d4c7393a5c,561839806dcdb8279ac4e42025bc5a82751f2588a2b2066fa84637918d8e4896,2987a546cb3f48253dcdfdc400036a68d1977eddb1012f753e54eca010acedd8,73ed0728ba3aea4548919a2c599b960f1645e1842d48afd930cc90a737aecd92,a96eee14f959c7954577e91fe17d4515a9348f0431a52c4dd9b8f37b88ac9cf5,d543101e7ea78ed2ddaba45de0ca0f44ec997e73ba696c2970de54b1e75cccfc,e40ccb491db9d0ecfe8c9e8462f713cf096279ef2b219236d05222512135b242,fb59b12e82b041c59cc8a3933745a40e92c5e89aa7df64846e5855fbd3acb00e,38669e3f0e715d12f919bbd64ba6e09fbb431145f819869ebd01d20e8fde4ed0,"[[18.0,4559],[20.0,4201]]","[[26.0,8760]]","[[""north"",""002ee4e68ba2ff1e9da7eb8f1e16c441bba47a8ad5ed36d81dc169204a2cb66d""],[""east"",""b1a28b883b4633c7b55388b5b43f571e79efcd391bc0ce6bc07019b5e25d8065""],[""south"",""c667e440b35d715226d38302c0104b35b5d5764fed6125e5bcc80d08fabf1f41""],[""west"",""2767619730916a7bca7fe58275301af35dc43db33040cad9a975264954dbabb5""]]"
mc_dede27f7492a8a324e33f45a9b47e6a344a927653cfd847829c5a06a2045cda5,BE_TABULA_14,"Apartment, enclosed",MFH,1971-1990,TABULA_advanced_A_proxy,2851cf077281e480136cab6af02d4720b94564326517124af576ab8634ba52a3,100.09999999999999,rcp_2_6,weather_2050_rcp_2_6_pvgis_2006,pvgis_2006,2006,2041-2060,2648616802,2,1151705822,central,central,593.37118592377703,2104.9100110503427,5.9277840751626076,21.028072038464963,2746.1946776578002,3058.5561389777026,216.07032842619043,688.20381755487131,840,2268,2268,840,2680,3944.9900000008984,3500.0000000008981,3.9591441236552782e-11,2,residential_energy_demand_gate5_v1,4b5b7791539478f9b2562d1b176e235ac7b641e1afdc40c3d5242661d9dbed3d,4b5b7791539478f9b2562d1b176e235ac7b641e1afdc40c3d5242661d9dbed3d,2ad0e9f7bbdfe12695c931891fd0e8132d060fd7bcbca23623db43d4c7393a5c,561839806dcdb8279ac4e42025bc5a82751f2588a2b2066fa84637918d8e4896,2987a546cb3f48253dcdfdc400036a68d1977eddb1012f753e54eca010acedd8,73ed0728ba3aea4548919a2c599b960f1645e1842d48afd930cc90a737aecd92,a96eee14f959c7954577e91fe17d4515a9348f0431a52c4dd9b8f37b88ac9cf5,d543101e7ea78ed2ddaba45de0ca0f44ec997e73ba696c2970de54b1e75cccfc,e40ccb491db9d0ecfe8c9e8462f713cf096279ef2b219236d05222512135b242,fb59b12e82b041c59cc8a3933745a40e92c5e89aa7df64846e5855fbd3acb00e,38669e3f0e715d12f919bbd64ba6e09fbb431145f819869ebd01d20e8fde4ed0,"[[18.0,3807],[20.0,4953]]","[[26.0,8760]]","[[""north"",""002ee4e68ba2ff1e9da7eb8f1e16c441bba47a8ad5ed36d81dc169204a2cb66d""],[""east"",""b1a28b883b4633c7b55388b5b43f571e79efcd391bc0ce6bc07019b5e25d8065""],[""south"",""c667e440b35d715226d38302c0104b35b5d5764fed6125e5bcc80d08fabf1f41""],[""west"",""2767619730916a7bca7fe58275301af35dc43db33040cad9a975264954dbabb5""]]"
mc_974257d6cb6e50d59765723906998c47d355312d4e4e49400fac4bd2ba25361a,BE_TABULA_14,"Apartment, enclosed",MFH,1971-1990,TABULA_advanced_A_proxy,2851cf077281e480136cab6af02d4720b94564326517124af576ab8634ba52a3,100.09999999999999,rcp_2_6,weather_2050_rcp_2_6_pvgis_2006,pvgis_2006,2006,2041-2060,2295453719,1,1068452540,central,central,622.58829091721498,2083.5905525023918,6.219663245926224,20.81509043458933,2458.811605096661,3482.7478709663178,253.20699220172247,598.260520054322,932,2160,2160,932,2621,3742.4333333332856,3499.9999999999523,4.1382008930668235e-11,2,residential_energy_demand_gate5_v1,4b5b7791539478f9b2562d1b176e235ac7b641e1afdc40c3d5242661d9dbed3d,4b5b7791539478f9b2562d1b176e235ac7b641e1afdc40c3d5242661d9dbed3d,2ad0e9f7bbdfe12695c931891fd0e8132d060fd7bcbca23623db43d4c7393a5c,561839806dcdb8279ac4e42025bc5a82751f2588a2b2066fa84637918d8e4896,2987a546cb3f48253dcdfdc400036a68d1977eddb1012f753e54eca010acedd8,73ed0728ba3aea4548919a2c599b960f1645e1842d48afd930cc90a737aecd92,a96eee14f959c7954577e91fe17d4515a9348f0431a52c4dd9b8f37b88ac9cf5,d543101e7ea78ed2ddaba45de0ca0f44ec997e73ba696c2970de54b1e75cccfc,e40ccb491db9d0ecfe8c9e8462f713cf096279ef2b219236d05222512135b242,fb59b12e82b041c59cc8a3933745a40e92c5e89aa7df64846e5855fbd3acb00e,38669e3f0e715d12f919bbd64ba6e09fbb431145f819869ebd01d20e8fde4ed0,"[[18.0,4419],[20.0,4341]]","[[26.0,8760]]","[[""north"",""002ee4e68ba2ff1e9da7eb8f1e16c441bba47a8ad5ed36d81dc169204a2cb66d""],[""east"",""b1a28b883b4633c7b55388b5b43f571e79efcd391bc0ce6bc07019b5e25d8065""],[""south"",""c667e440b35d715226d38302c0104b35b5d5764fed6125e5bcc80d08fabf1f41""],[""west"",""2767619730916a7bca7fe58275301af35dc43db33040cad9a975264954dbabb5""]]"
mc_668777e140990090f4e29db793b8cdd69969162b54224744412c1006b5652699,BE_TABULA_14,"Apartment, enclosed",MFH,1971-1990,TABULA_advanced_A_proxy,2851cf077281e480136cab6af02d4720b94564326517124af576ab8634ba52a3,100.09999999999999,rcp_2_6,weather_2050_rcp_2_6_pvgis_2006,pvgis_2006,2006,2041-2060,3106430030,4,2948202106,central,central,508.56971793822493,2141.2817678619867,5.0806165628194302,21.391426252367502,2487.685087333165,3193.5661668144753,204.43492648155845,670.49863882979332,844,2324,2324,844,2895,4174.9633333340698,3500.0000000007371,3.8596681406488642e-11,2,residential_energy_demand_gate5_v1,4b5b7791539478f9b2562d1b176e235ac7b641e1afdc40c3d5242661d9dbed3d,4b5b7791539478f9b2562d1b176e235ac7b641e1afdc40c3d5242661d9dbed3d,2ad0e9f7bbdfe12695c931891fd0e8132d060fd7bcbca23623db43d4c7393a5c,561839806dcdb8279ac4e42025bc5a82751f2588a2b2066fa84637918d8e4896,2987a546cb3f48253dcdfdc400036a68d1977eddb1012f753e54eca010acedd8,73ed0728ba3aea4548919a2c599b960f1645e1842d48afd930cc90a737aecd92,a96eee14f959c7954577e91fe17d4515a9348f0431a52c4dd9b8f37b88ac9cf5,d543101e7ea78ed2ddaba45de0ca0f44ec997e73ba696c2970de54b1e75cccfc,e40ccb491db9d0ecfe8c9e8462f713cf096279ef2b219236d05222512135b242,fb59b12e82b041c59cc8a3933745a40e92c5e89aa7df64846e5855fbd3acb00e,38669e3f0e715d12f919bbd64ba6e09fbb431145f819869ebd01d20e8fde4ed0,"[[18.0,3226],[20.0,5534]]","[[26.0,8760]]","[[""north"",""002ee4e68ba2ff1e9da7eb8f1e16c441bba47a8ad5ed36d81dc169204a2cb66d""],[""east"",""b1a28b883b4633c7b55388b5b43f571e79efcd391bc0ce6bc07019b5e25d8065""],[""south"",""c667e440b35d715226d38302c0104b35b5d5764fed6125e5bcc80d08fabf1f41""],[""west"",""2767619730916a7bca7fe58275301af35dc43db33040cad9a975264954dbabb5""]]"
mc_5b3ae7011ceaad5e302815cb37da24f467686d0582cfcfd1a410f5e42a34a8a0,BE_TABULA_14,"Apartment, enclosed",MFH,1971-1990,TABULA_advanced_A_proxy,2851cf077281e480136cab6af02d4720b94564326517124af576ab8634ba52a3,100.09999999999999,rcp_2_6,weather_2050_rcp_2_6_pvgis_2006,pvgis_2006,2006,2041-2060,342939150,1,547920487,central,central,597.8147308186642,1998.9587450386598,5.9721751330535886,19.969617832554047,2446.6975649971355,3553.8286530231694,244.33536018962937,562.48033887007648,855,2144,2144,855,2602,3738.5599999993296,3499.9999999993292,4.1609382606111467e-11,2,residential_energy_demand_gate5_v1,4b5b7791539478f9b2562d1b176e235ac7b641e1afdc40c3d5242661d9dbed3d,4b5b7791539478f9b2562d1b176e235ac7b641e1afdc40c3d5242661d9dbed3d,2ad0e9f7bbdfe12695c931891fd0e8132d060fd7bcbca23623db43d4c7393a5c,561839806dcdb8279ac4e42025bc5a82751f2588a2b2066fa84637918d8e4896,2987a546cb3f48253dcdfdc400036a68d1977eddb1012f753e54eca010acedd8,73ed0728ba3aea4548919a2c599b960f1645e1842d48afd930cc90a737aecd92,a96eee14f959c7954577e91fe17d4515a9348f0431a52c4dd9b8f37b88ac9cf5,d543101e7ea78ed2ddaba45de0ca0f44ec997e73ba696c2970de54b1e75cccfc,e40ccb491db9d0ecfe8c9e8462f713cf096279ef2b219236d05222512135b242,fb59b12e82b041c59cc8a3933745a40e92c5e89aa7df64846e5855fbd3acb00e,38669e3f0e715d12f919bbd64ba6e09fbb431145f819869ebd01d20e8fde4ed0,"[[18.0,4533],[20.0,4227]]","[[26.0,8760]]","[[""north"",""002ee4e68ba2ff1e9da7eb8f1e16c441bba47a8ad5ed36d81dc169204a2cb66d""],[""east"",""b1a28b883b4633c7b55388b5b43f571e79efcd391bc0ce6bc07019b5e25d8065""],[""south"",""c667e440b35d715226d38302c0104b35b5d5764fed6125e5bcc80d08fabf1f41""],[""west"",""2767619730916a7bca7fe58275301af35dc43db33040cad9a975264954dbabb5""]]"
mc_601f25a85ad3b179c839bb3fa6ea9fad3854a3dfc0f14b0517eb5e60074e7818,BE_TABULA_14,"Apartment, enclosed",MFH,1971-1990,TABULA_advanced_A_proxy,2851cf077281e480136cab6af02d4720b94564326517124af576ab8634ba52a3,100.09999999999999,rcp_2_6,weather_2050_rcp_2_6_pvgis_2006,pvgis_2006,2006,2041-2060,928419318,1,1493054089,central,central,671.44196807833634,2035.7766546590285,6.7077119688145492,20.337429117472812,2543.7055497066667,4033.5539358047467,263.96214300659335,504.71040850303251,934,2174,2174,934,2652,3739.9249999998201,3499.9999999998199,4.0472514228895307e-11,2,residential_energy_demand_gate5_v1,4b5b7791539478f9b2562d1b176e235ac7b641e1afdc40c3d5242661d9dbed3d,4b5b7791539478f9b2562d1b176e235ac7b641e1afdc40c3d5242661d9dbed3d,2ad0e9f7bbdfe12695c931891fd0e8132d060fd7bcbca23623db43d4c7393a5c,561839806dcdb8279ac4e42025bc5a82751f2588a2b2066fa84637918d8e4896,2987a546cb3f48253dcdfdc400036a68d1977eddb1012f753e54eca010acedd8,73ed0728ba3aea4548919a2c599b960f1645e1842d48afd930cc90a737aecd92,a96eee14f959c7954577e91fe17d4515a9348f0431a52c4dd9b8f37b88ac9cf5,d543101e7ea78ed2ddaba45de0ca0f44ec997e73ba696c2970de54b1e75cccfc,e40ccb491db9d0ecfe8c9e8462f713cf096279ef2b219236d05222512135b242,fb59b12e82b041c59cc8a3933745a40e92c5e89aa7df64846e5855fbd3acb00e,38669e3f0e715d12f919bbd64ba6e09fbb431145f819869ebd01d20e8fde4ed0,"[[18.0,4476],[20.0,4284]]","[[26.0,8760]]","[[""north"",""002ee4e68ba2ff1e9da7eb8f1e16c441bba47a8ad5ed36d81dc169204a2cb66d""],[""east"",""b1a28b883b4633c7b55388b5b43f571e79efcd391bc0ce6bc07019b5e25d8065""],[""south"",""c667e440b35d715226d38302c0104b35b5d5764fed6125e5bcc80d08fabf1f41""],[""west"",""2767619730916a7bca7fe58275301af35dc43db33040cad9a975264954dbabb5""]]"
mc_240eac016bd1c7023e0ffde4b7f55d4585768472fb000b7c5304e1c9d6be50b9,BE_TABULA_14,"Apartment, enclosed",MFH,1971-1990,TABULA_advanced_A_proxy,2851cf077281e480136cab6af02d4720b94564326517124af576ab8634ba52a3,100.09999999999999,rcp_2_6,weather_2050_rcp_2_6_pvgis_2006,pvgis_2006,2006,2041-2060,383233399,1,2063486046,central,central,619.02351662429612,2053.8600145236128,6.1840511151278337,20.518082063172955,2525.7940403066768,3729.6722814226937,245.08075747503764,550.68109462426071,895,2130,2130,895,2563,3739.0266666663661,3499.9999999996985,4.3471004573802929e-11,2,residential_energy_demand_gate5_v1,4b5b7791539478f9b2562d1b176e235ac7b641e1afdc40c3d5242661d9dbed3d,4b5b7791539478f9b2562d1b176e235ac7b641e1afdc40c3d5242661d9dbed3d,2ad0e9f7bbdfe12695c931891fd0e8132d060fd7bcbca23623db43d4c7393a5c,561839806dcdb8279ac4e42025bc5a82751f2588a2b2066fa84637918d8e4896,2987a546cb3f48253dcdfdc400036a68d1977eddb1012f753e54eca010acedd8,73ed0728ba3aea4548919a2c599b960f1645e1842d48afd930cc90a737aecd92,a96eee14f959c7954577e91fe17d4515a9348f0431a52c4dd9b8f37b88ac9cf5,d543101e7ea78ed2ddaba45de0ca0f44ec997e73ba696c2970de54b1e75cccfc,e40ccb491db9d0ecfe8c9e8462f713cf096279ef2b219236d05222512135b242,fb59b12e82b041c59cc8a3933745a40e92c5e89aa7df64846e5855fbd3acb00e,38669e3f0e715d12f919bbd64ba6e09fbb431145f819869ebd01d20e8fde4ed0,"[[18.0,4541],[20.0,4219]]","[[26.0,8760]]","[[""north"",""002ee4e68ba2ff1e9da7eb8f1e16c441bba47a8ad5ed36d81dc169204a2cb66d""],[""east"",""b1a28b883b4633c7b55388b5b43f571e79efcd391bc0ce6bc07019b5e25d8065""],[""south"",""c667e440b35d715226d38302c0104b35b5d5764fed6125e5bcc80d08fabf1f41""],[""west"",""2767619730916a7bca7fe58275301af35dc43db33040cad9a975264954dbabb5""]]"
mc_210b318eb542f6a35c3a46fe27a7b58ada3b7045c7a441a54f30d14e35f2b0b8,BE_TABULA_14,"Apartment, enclosed",MFH,1971-1990,TABULA_advanced_A_proxy,2851cf077281e480136cab6af02d4720b94564326517124af576ab8634ba52a3,100.09999999999999,rcp_2_6,weather_2050_rcp_2_6_pvgis_2006,pvgis_2006,2006,2041-2060,2361976829,2,839684546,central,central,589.48447853473772,2152.0299713110626,5.8889558295178599,21.49880091219843,2439.2982193264284,3402.1337119223308,241.66150488049553,632.55302511172806,829,2218,2218,829,2636,3941.6416666661894,3499.999999999523,4.3200998334214091e-11,2,residential_energy_demand_gate5_v1,4b5b7791539478f9b2562d1b176e235ac7b641e1afdc40c3d5242661d9dbed3d,4b5b7791539478f9b2562d1b176e235ac7b641e1afdc40c3d5242661d9dbed3d,2ad0e9f7bbdfe12695c931891fd0e8132d060fd7bcbca23623db43d4c7393a5c,561839806dcdb8279ac4e42025bc5a82751f2588a2b2066fa84637918d8e4896,2987a546cb3f48253dcdfdc400036a68d1977eddb1012f753e54eca010acedd8,73ed0728ba3aea4548919a2c599b960f1645e1842d48afd930cc90a737aecd92,a96eee14f959c7954577e91fe17d4515a9348f0431a52c4dd9b8f37b88ac9cf5,d543101e7ea78ed2ddaba45de0ca0f44ec997e73ba696c2970de54b1e75cccfc,e40ccb491db9d0ecfe8c9e8462f713cf096279ef2b219236d05222512135b242,fb59b12e82b041c59cc8a3933745a40e92c5e89aa7df64846e5855fbd3acb00e,38669e3f0e715d12f919bbd64ba6e09fbb431145f819869ebd01d20e8fde4ed0,"[[18.0,3789],[20.0,4971]]","[[26.0,8760]]","[[""north"",""002ee4e68ba2ff1e9da7eb8f1e16c441bba47a8ad5ed36d81dc169204a2cb66d""],[""east"",""b1a28b883b4633c7b55388b5b43f571e79efcd391bc0ce6bc07019b5e25d8065""],[""south"",""c667e440b35d715226d38302c0104b35b5d5764fed6125e5bcc80d08fabf1f41""],[""west"",""2767619730916a7bca7fe58275301af35dc43db33040cad9a975264954dbabb5""]]"
mc_078c8a7d0b31eecbaa68c307fae21e46e3f02f3cd6c05756c1a9be27643fcf95,BE_TABULA_14,"Apartment, enclosed",MFH,1971-1990,TABULA_advanced_A_proxy,2851cf077281e480136cab6af02d4720b94564326517124af576ab8634ba52a3,100.09999999999999,rcp_2_6,weather_2050_rcp_2_6_pvgis_2006,pvgis_2006,2006,2041-2060,723624264,5,1555883653,central,central,543.4653044787176,2261.4480739466303,5.42922382096621,22.591888850615689,2571.8123847314487,3097.861609660672,211.31607721667723,730.00293715326438,836,2422,2422,836,2937,4330.8649999996742,3499.9999999996744,4.3087311496492475e-11,2,residential_energy_demand_gate5_v1,4b5b7791539478f9b2562d1b176e235ac7b641e1afdc40c3d5242661d9dbed3d,4b5b7791539478f9b2562d1b176e235ac7b641e1afdc40c3d5242661d9dbed3d,2ad0e9f7bbdfe12695c931891fd0e8132d060fd7bcbca23623db43d4c7393a5c,561839806dcdb8279ac4e42025bc5a82751f2588a2b2066fa84637918d8e4896,2987a546cb3f48253dcdfdc400036a68d1977eddb1012f753e54eca010acedd8,73ed0728ba3aea4548919a2c599b960f1645e1842d48afd930cc90a737aecd92,a96eee14f959c7954577e91fe17d4515a9348f0431a52c4dd9b8f37b88ac9cf5,d543101e7ea78ed2ddaba45de0ca0f44ec997e73ba696c2970de54b1e75cccfc,e40ccb491db9d0ecfe8c9e8462f713cf096279ef2b219236d05222512135b242,fb59b12e82b041c59cc8a3933745a40e92c5e89aa7df64846e5855fbd3acb00e,38669e3f0e715d12f919bbd64ba6e09fbb431145f819869ebd01d20e8fde4ed0,"[[18.0,2811],[20.0,5949]]","[[26.0,8760]]","[[""north"",""002ee4e68ba2ff1e9da7eb8f1e16c441bba47a8ad5ed36d81dc169204a2cb66d""],[""east"",""b1a28b883b4633c7b55388b5b43f571e79efcd391bc0ce6bc07019b5e25d8065""],[""south"",""c667e440b35d715226d38302c0104b35b5d5764fed6125e5bcc80d08fabf1f41""],[""west"",""2767619730916a7bca7fe58275301af35dc43db33040cad9a975264954dbabb5""]]"
mc_db1e58ca0c770f8cfde94ed987826375853098b4b37fe1c4fa8b8e98e4878f5c,BE_TABULA_14,"Apartment, enclosed",MFH,1971-1990,TABULA_advanced_A_proxy,2851cf077281e480136cab6af02d4720b94564326517124af576ab8634ba52a3,100.09999999999999,rcp_2_6,weather_2050_rcp_2_6_pvgis_2006,pvgis_2006,2006,2041-2060,4113141974,1,1158652197,central,central,628.37540987460591,2012.1435242795756,6.2774766221239355,20.101333908886868,2502.5391799965678,3317.1675215359055,251.09513365359888,606.58483818384866,881,2186,2186,881,2709,3743.296666666562,3499.9999999998963,4.4565240386873484e-11,2,residential_energy_demand_gate5_v1,4b5b7791539478f9b2562d1b176e235ac7b641e1afdc40c3d5242661d9dbed3d,4b5b7791539478f9b2562d1b176e235ac7b641e1afdc40c3d5242661d9dbed3d,2ad0e9f7bbdfe12695c931891fd0e8132d060fd7bcbca23623db43d4c7393a5c,561839806dcdb8279ac4e42025bc5a82751f2588a2b2066fa84637918d8e4896,2987a546cb3f48253dcdfdc400036a68d1977eddb1012f753e54eca010acedd8,73ed0728ba3aea4548919a2c599b960f1645e1842d48afd930cc90a737aecd92,a96eee14f959c7954577e91fe17d4515a9348f0431a52c4dd9b8f37b88ac9cf5,d543101e7ea78ed2ddaba45de0ca0f44ec997e73ba696c2970de54b1e75cccfc,e40ccb491db9d0ecfe8c9e8462f713cf096279ef2b219236d05222512135b242,fb59b12e82b041c59cc8a3933745a40e92c5e89aa7df64846e5855fbd3acb00e,38669e3f0e715d12f919bbd64ba6e09fbb431145f819869ebd01d20e8fde4ed0,"[[18.0,4436],[20.0,4324]]","[[26.0,8760]]","[[""north"",""002ee4e68ba2ff1e9da7eb8f1e16c441bba47a8ad5ed36d81dc169204a2cb66d""],[""east"",""b1a28b883b4633c7b55388b5b43f571e79efcd391bc0ce6bc07019b5e25d8065""],[""south"",""c667e440b35d715226d38302c0104b35b5d5764fed6125e5bcc80d08fabf1f41""],[""west"",""2767619730916a7bca7fe58275301af35dc43db33040cad9a975264954dbabb5""]]"
mc_405c20cad84051ae5c9979ddfe9abf7591098d396e430d8ffa8bc56ebb6592c4,BE_TABULA_14,"Apartment, enclosed",MFH,1971-1990,TABULA_advanced_A_proxy,2851cf077281e480136cab6af02d4720b94564326517124af576ab8634ba52a3,100.09999999999999,rcp_2_6,weather_2050_rcp_2_6_pvgis_2006,pvgis_2006,2006,2041-2060,165987770,2,1660718897,central,central,552.77569732975905,2088.5805882455611,5.5222347385590318,20.864940941514099,2455.5915632267629,3458.3179740022547,225.10897398726428,603.92959928681194,831,2240,2240,831,2692,3954.6033333331116,3499.9999999997785,3.8539837987627834e-11,2,residential_energy_demand_gate5_v1,4b5b7791539478f9b2562d1b176e235ac7b641e1afdc40c3d5242661d9dbed3d,4b5b7791539478f9b2562d1b176e235ac7b641e1afdc40c3d5242661d9dbed3d,2ad0e9f7bbdfe12695c931891fd0e8132d060fd7bcbca23623db43d4c7393a5c,561839806dcdb8279ac4e42025bc5a82751f2588a2b2066fa84637918d8e4896,2987a546cb3f48253dcdfdc400036a68d1977eddb1012f753e54eca010acedd8,73ed0728ba3aea4548919a2c599b960f1645e1842d48afd930cc90a737aecd92,a96eee14f959c7954577e91fe17d4515a9348f0431a52c4dd9b8f37b88ac9cf5,d543101e7ea78ed2ddaba45de0ca0f44ec997e73ba696c2970de54b1e75cccfc,e40ccb491db9d0ecfe8c9e8462f713cf096279ef2b219236d05222512135b242,fb59b12e82b041c59cc8a3933745a40e92c5e89aa7df64846e5855fbd3acb00e,38669e3f0e715d12f919bbd64ba6e09fbb431145f819869ebd01d20e8fde4ed0,"[[18.0,3753],[20.0,5007]]","[[26.0,8760]]","[[""north"",""002ee4e68ba2ff1e9da7eb8f1e16c441bba47a8ad5ed36d81dc169204a2cb66d""],[""east"",""b1a28b883b4633c7b55388b5b43f571e79efcd391bc0ce6bc07019b5e25d8065""],[""south"",""c667e440b35d715226d38302c0104b35b5d5764fed6125e5bcc80d08fabf1f41""],[""west"",""2767619730916a7bca7fe58275301af35dc43db33040cad9a975264954dbabb5""]]"
mc_f2fee435a04b5a1a23ddafb6630e306ead7c70286e5e355324d71b791ffb7dec,BE_TABULA_14,"Apartment, enclosed",MFH,1971-1990,TABULA_advanced_A_proxy,2851cf077281e480136cab6af02d4720b94564326517124af576ab8634ba52a3,100.09999999999999,rcp_2_6,weather_2050_rcp_2_6_pvgis_2006,pvgis_2006,2006,2041-2060,4048212796,2,3652768753,central,central,617.87844870923641,2140.3588855017292,6.1726118752171475,21.382206648368925,2665.7324192696879,3471.7930635074581,231.78562268395729,616.49955695786286,858,2272,2272,858,2716,3943.2983333322659,3499.9999999989318,4.2660985855036415e-11,2,residential_energy_demand_gate5_v1,4b5b7791539478f9b2562d1b176e235ac7b641e1afdc40c3d5242661d9dbed3d,4b5b7791539478f9b2562d1b176e235ac7b641e1afdc40c3d5242661d9dbed3d,2ad0e9f7bbdfe12695c931891fd0e8132d060fd7bcbca23623db43d4c7393a5c,561839806dcdb8279ac4e42025bc5a82751f2588a2b2066fa84637918d8e4896,2987a546cb3f48253dcdfdc400036a68d1977eddb1012f753e54eca010acedd8,73ed0728ba3aea4548919a2c599b960f1645e1842d48afd930cc90a737aecd92,a96eee14f959c7954577e91fe17d4515a9348f0431a52c4dd9b8f37b88ac9cf5,d543101e7ea78ed2ddaba45de0ca0f44ec997e73ba696c2970de54b1e75cccfc,e40ccb491db9d0ecfe8c9e8462f713cf096279ef2b219236d05222512135b242,fb59b12e82b041c59cc8a3933745a40e92c5e89aa7df64846e5855fbd3acb00e,38669e3f0e715d12f919bbd64ba6e09fbb431145f819869ebd01d20e8fde4ed0,"[[18.0,3757],[20.0,5003]]","[[26.0,8760]]","[[""north"",""002ee4e68ba2ff1e9da7eb8f1e16c441bba47a8ad5ed36d81dc169204a2cb66d""],[""east"",""b1a28b883b4633c7b55388b5b43f571e79efcd391bc0ce6bc07019b5e25d8065""],[""south"",""c667e440b35d715226d38302c0104b35b5d5764fed6125e5bcc80d08fabf1f41""],[""west"",""2767619730916a7bca7fe58275301af35dc43db33040cad9a975264954dbabb5""]]"
mc_268529cdcc5940eec034006e913a0cc5dc19a153ec82199c2167ca8d60ff952f,BE_TABULA_14,"Apartment, enclosed",MFH,1971-1990,TABULA_advanced_A_proxy,2851cf077281e480136cab6af02d4720b94564326517124af576ab8634ba52a3,100.09999999999999,rcp_2_6,weather_2050_rcp_2_6_pvgis_2006,pvgis_2006,2006,2041-2060,80031975,2,482579599,central,central,564.07764782900517,2096.909535558349,5.6351413369530992,20.948147208375115,2345.7005729798357,3214.0591009854843,240.47299741775444,652.41785221541238,840,2251,2251,840,2726,3943.4616666665615,3499.9999999998954,4.1836756281554699e-11,2,residential_energy_demand_gate5_v1,4b5b7791539478f9b2562d1b176e235ac7b641e1afdc40c3d5242661d9dbed3d,4b5b7791539478f9b2562d1b176e235ac7b641e1afdc40c3d5242661d9dbed3d,2ad0e9f7bbdfe12695c931891fd0e8132d060fd7bcbca23623db43d4c7393a5c,561839806dcdb8279ac4e42025bc5a82751f2588a2b2066fa84637918d8e4896,2987a546cb3f48253dcdfdc400036a68d1977eddb1012f753e54eca010acedd8,73ed0728ba3aea4548919a2c599b960f1645e1842d48afd930cc90a737aecd92,a96eee14f959c7954577e91fe17d4515a9348f0431a52c4dd9b8f37b88ac9cf5,d543101e7ea78ed2ddaba45de0ca0f44ec997e73ba696c2970de54b1e75cccfc,e40ccb491db9d0ecfe8c9e8462f713cf096279ef2b219236d05222512135b242,fb59b12e82b041c59cc8a3933745a40e92c5e89aa7df64846e5855fbd3acb00e,38669e3f0e715d12f919bbd64ba6e09fbb431145f819869ebd01d20e8fde4ed0,"[[18.0,3801],[20.0,4959]]","[[26.0,8760]]","[[""north"",""002ee4e68ba2ff1e9da7eb8f1e16c441bba47a8ad5ed36d81dc169204a2cb66d""],[""east"",""b1a28b883b4633c7b55388b5b43f571e79efcd391bc0ce6bc07019b5e25d8065""],[""south"",""c667e440b35d715226d38302c0104b35b5d5764fed6125e5bcc80d08fabf1f41""],[""west"",""2767619730916a7bca7fe58275301af35dc43db33040cad9a975264954dbabb5""]]"
mc_cf6191e5c46cb6737f0aa61bc7ec72ddbf733614aa450542a741b13d9196fd01,BE_TABULA_14,"Apartment, enclosed",MFH,1971-1990,TABULA_advanced_A_proxy,2851cf077281e480136cab6af02d4720b94564326517124af576ab8634ba52a3,100.09999999999999,rcp_2_6,weather_2050_rcp_2_6_pvgis_2006,pvgis_2006,2006,2041-2060,2116466165,3,600067131,central,central,570.74145150790844,2136.497725278763,5.7017128022768082,21.343633619168465,2324.7520724164619,3459.491141235239,245.50637389674486,617.57571794674675,860,2278,2278,860,2782,4048.8466666673644,3500.0000000006985,4.1382008930668235e-11,2,residential_energy_demand_gate5_v1,4b5b7791539478f9b2562d1b176e235ac7b641e1afdc40c3d5242661d9dbed3d,4b5b7791539478f9b2562d1b176e235ac7b641e1afdc40c3d5242661d9dbed3d,2ad0e9f7bbdfe12695c931891fd0e8132d060fd7bcbca23623db43d4c7393a5c,561839806dcdb8279ac4e42025bc5a82751f2588a2b2066fa84637918d8e4896,2987a546cb3f48253dcdfdc400036a68d1977eddb1012f753e54eca010acedd8,73ed0728ba3aea4548919a2c599b960f1645e1842d48afd930cc90a737aecd92,a96eee14f959c7954577e91fe17d4515a9348f0431a52c4dd9b8f37b88ac9cf5,d543101e7ea78ed2ddaba45de0ca0f44ec997e73ba696c2970de54b1e75cccfc,e40ccb491db9d0ecfe8c9e8462f713cf096279ef2b219236d05222512135b242,fb59b12e82b041c59cc8a3933745a40e92c5e89aa7df64846e5855fbd3acb00e,38669e3f0e715d12f919bbd64ba6e09fbb431145f819869ebd01d20e8fde4ed0,"[[18.0,3352],[20.0,5408]]","[[26.0,8760]]","[[""north"",""002ee4e68ba2ff1e9da7eb8f1e16c441bba47a8ad5ed36d81dc169204a2cb66d""],[""east"",""b1a28b883b4633c7b55388b5b43f571e79efcd391bc0ce6bc07019b5e25d8065""],[""south"",""c667e440b35d715226d38302c0104b35b5d5764fed6125e5bcc80d08fabf1f41""],[""west"",""2767619730916a7bca7fe58275301af35dc43db33040cad9a975264954dbabb5""]]"
mc_f6c2272ee05c462149205d6d2172e4a1b8f578b7db4eb4927c5f535bb0a97970,BE_TABULA_14,"Apartment, enclosed",MFH,1971-1990,TABULA_advanced_A_proxy,2851cf077281e480136cab6af02d4720b94564326517124af576ab8634ba52a3,100.09999999999999,rcp_2_6,weather_2050_rcp_2_6_pvgis_2006,pvgis_2006,2006,2041-2060,4202739625,1,4291519983,central,central,638.45701602857775,2081.7135859624955,6.3781919683174602,20.796339520104851,2783.1274914832134,4013.6835794749995,229.40271977563077,518.6541352207912,895,2144,2144,895,2555,3740.2633333325934,3499.9999999992606,4.1836756281554699e-11,2,residential_energy_demand_gate5_v1,4b5b7791539478f9b2562d1b176e235ac7b641e1afdc40c3d5242661d9dbed3d,4b5b7791539478f9b2562d1b176e235ac7b641e1afdc40c3d5242661d9dbed3d,2ad0e9f7bbdfe12695c931891fd0e8132d060fd7bcbca23623db43d4c7393a5c,561839806dcdb8279ac4e42025bc5a82751f2588a2b2066fa84637918d8e4896,2987a546cb3f48253dcdfdc400036a68d1977eddb1012f753e54eca010acedd8,73ed0728ba3aea4548919a2c599b960f1645e1842d48afd930cc90a737aecd92,a96eee14f959c7954577e91fe17d4515a9348f0431a52c4dd9b8f37b88ac9cf5,d543101e7ea78ed2ddaba45de0ca0f44ec997e73ba696c2970de54b1e75cccfc,e40ccb491db9d0ecfe8c9e8462f713cf096279ef2b219236d05222512135b242,fb59b12e82b041c59cc8a3933745a40e92c5e89aa7df64846e5855fbd3acb00e,38669e3f0e715d12f919bbd64ba6e09fbb431145f819869ebd01d20e8fde4ed0,"[[18.0,4491],[20.0,4269]]","[[26.0,8760]]","[[""north"",""002ee4e68ba2ff1e9da7eb8f1e16c441bba47a8ad5ed36d81dc169204a2cb66d""],[""east"",""b1a28b883b4633c7b55388b5b43f571e79efcd391bc0ce6bc07019b5e25d8065""],[""south"",""c667e440b35d715226d38302c0104b35b5d5764fed6125e5bcc80d08fabf1f41""],[""west"",""2767619730916a7bca7fe58275301af35dc43db33040cad9a975264954dbabb5""]]"
mc_75c71fcccabc8210317c80020d2dec9dee95d2fc021e3387b1f91b021ffb8e9e,BE_TABULA_14,"Apartment, enclosed",MFH,1971-1990,TABULA_advanced_A_proxy,2851cf077281e480136cab6af02d4720b94564326517124af576ab8634ba52a3,100.09999999999999,rcp_2_6,weather_2050_rcp_2_6_pvgis_2006,pvgis_2006,2006,2041-2060,407954113,2,3772183402,central,central,556.99994609548469,2061.5673200631941,5.5644350259289181,20.595078122509431,2675.0980997035467,3378.8799549187552,208.21664302973082,610.13334228169231,818,2259,2259,818,2705,3945.3866666664649,3499.9999999997981,4.3314685171935707e-11,2,residential_energy_demand_gate5_v1,4b5b7791539478f9b2562d1b176e235ac7b641e1afdc40c3d5242661d9dbed3d,4b5b7791539478f9b2562d1b176e235ac7b641e1afdc40c3d5242661d9dbed3d,2ad0e9f7bbdfe12695c931891fd0e8132d060fd7bcbca23623db43d4c7393a5c,561839806dcdb8279ac4e42025bc5a82751f2588a2b2066fa84637918d8e4896,2987a546cb3f48253dcdfdc400036a68d1977eddb1012f753e54eca010acedd8,73ed0728ba3aea4548919a2c599b960f1645e1842d48afd930cc90a737aecd92,a96eee14f959c7954577e91fe17d4515a9348f0431a52c4dd9b8f37b88ac9cf5,d543101e7ea78ed2ddaba45de0ca0f44ec997e73ba696c2970de54b1e75cccfc,e40ccb491db9d0ecfe8c9e8462f713cf096279ef2b219236d05222512135b242,fb59b12e82b041c59cc8a3933745a40e92c5e89aa7df64846e5855fbd3acb00e,38669e3f0e715d12f919bbd64ba6e09fbb431145f819869ebd01d20e8fde4ed0,"[[18.0,3755],[20.0,5005]]","[[26.0,8760]]","[[""north"",""002ee4e68ba2ff1e9da7eb8f1e16c441bba47a8ad5ed36d81dc169204a2cb66d""],[""east"",""b1a28b883b4633c7b55388b5b43f571e79efcd391bc0ce6bc07019b5e25d8065""],[""south"",""c667e440b35d715226d38302c0104b35b5d5764fed6125e5bcc80d08fabf1f41""],[""west"",""2767619730916a7bca7fe58275301af35dc43db33040cad9a975264954dbabb5""]]"
mc_06310fd0bdbe81d1debb460c2336ae07402ef20ba641e6e6d98b249cbde1187d,BE_TABULA_14,"Apartment, enclosed",MFH,1971-1990,TABULA_advanced_A_proxy,2851cf077281e480136cab6af02d4720b94564326517124af576ab8634ba52a3,100.09999999999999,rcp_2_6,weather_2050_rcp_2_6_pvgis_2006,pvgis_2006,2006,2041-2060,4263995439,2,1733235126,central,central,588.99794645779639,2078.3939597881563,5.8840953692087554,20.763176421460106,2609.1822950412766,3748.8386098293181,225.74043506932449,554.41009232530928,842,2178,2178,842,2633,3938.153333332667,3499.9999999993338,4.0245140553452075e-11,2,residential_energy_demand_gate5_v1,4b5b7791539478f9b2562d1b176e235ac7b641e1afdc40c3d5242661d9dbed3d,4b5b7791539478f9b2562d1b176e235ac7b641e1afdc40c3d5242661d9dbed3d,2ad0e9f7bbdfe12695c931891fd0e8132d060fd7bcbca23623db43d4c7393a5c,561839806dcdb8279ac4e42025bc5a82751f2588a2b2066fa84637918d8e4896,2987a546cb3f48253dcdfdc400036a68d1977eddb1012f753e54eca010acedd8,73ed0728ba3aea4548919a2c599b960f1645e1842d48afd930cc90a737aecd92,a96eee14f959c7954577e91fe17d4515a9348f0431a52c4dd9b8f37b88ac9cf5,d543101e7ea78ed2ddaba45de0ca0f44ec997e73ba696c2970de54b1e75cccfc,e40ccb491db9d0ecfe8c9e8462f713cf096279ef2b219236d05222512135b242,fb59b12e82b041c59cc8a3933745a40e92c5e89aa7df64846e5855fbd3acb00e,38669e3f0e715d12f919bbd64ba6e09fbb431145f819869ebd01d20e8fde4ed0,"[[18.0,3815],[20.0,4945]]","[[26.0,8760]]","[[""north"",""002ee4e68ba2ff1e9da7eb8f1e16c441bba47a8ad5ed36d81dc169204a2cb66d""],[""east"",""b1a28b883b4633c7b55388b5b43f571e79efcd391bc0ce6bc07019b5e25d8065""],[""south"",""c667e440b35d715226d38302c0104b35b5d5764fed6125e5bcc80d08fabf1f41""],[""west"",""2767619730916a7bca7fe58275301af35dc43db33040cad9a975264954dbabb5""]]"
mc_285b2901df5d01e16d677580d98913c0ba860281e2582fbcfc099bd04079c786,BE_TABULA_14,"Apartment, enclosed",MFH,1971-1990,TABULA_advanced_A_proxy,2851cf077281e480136cab6af02d4720b94564326517124af576ab8634ba52a3,100.09999999999999,rcp_2_6,weather_2050_rcp_2_6_pvgis_2006,pvgis_2006,2006,2041-2060,1886112852,1,2154598458,central,central,634.3611514878977,2031.2543647481675,6.3372742406383393,20.292251396085589,2664.5022060384622,3499.1888381391368,238.0786737763882,580.49292527704381,901,2154,2154,901,2594,3740.1350000006655,3500.0000000006653,4.0131453715730458e-11,2,residential_energy_demand_gate5_v1,4b5b7791539478f9b2562d1b176e235ac7b641e1afdc40c3d5242661d9dbed3d,4b5b7791539478f9b2562d1b176e235ac7b641e1afdc40c3d5242661d9dbed3d,2ad0e9f7bbdfe12695c931891fd0e8132d060fd7bcbca23623db43d4c7393a5c,561839806dcdb8279ac4e42025bc5a82751f2588a2b2066fa84637918d8e4896,2987a546cb3f48253dcdfdc400036a68d1977eddb1012f753e54eca010acedd8,73ed0728ba3aea4548919a2c599b960f1645e1842d48afd930cc90a737aecd92,a96eee14f959c7954577e91fe17d4515a9348f0431a52c4dd9b8f37b88ac9cf5,d543101e7ea78ed2ddaba45de0ca0f44ec997e73ba696c2970de54b1e75cccfc,e40ccb491db9d0ecfe8c9e8462f713cf096279ef2b219236d05222512135b242,fb59b12e82b041c59cc8a3933745a40e92c5e89aa7df64846e5855fbd3acb00e,38669e3f0e715d12f919bbd64ba6e09fbb431145f819869ebd01d20e8fde4ed0,"[[18.0,4486],[20.0,4274]]","[[26.0,8760]]","[[""north"",""002ee4e68ba2ff1e9da7eb8f1e16c441bba47a8ad5ed36d81dc169204a2cb66d""],[""east"",""b1a28b883b4633c7b55388b5b43f571e79efcd391bc0ce6bc07019b5e25d8065""],[""south"",""c667e440b35d715226d38302c0104b35b5d5764fed6125e5bcc80d08fabf1f41""],[""west"",""2767619730916a7bca7fe58275301af35dc43db33040cad9a975264954dbabb5""]]"
mc_9a2f5b16f1f01df11fdeba4a6ab9a52dde085088ae44179d16650a269665a060,BE_TABULA_14,"Apartment, enclosed",MFH,1971-1990,TABULA_advanced_A_proxy,2851cf077281e480136cab6af02d4720b94564326517124af576ab8634ba52a3,100.09999999999999,rcp_2_6,weather_2050_rcp_2_6_pvgis_2006,pvgis_2006,2006,2041-2060,3969387698,1,3151871966,central,central,634.3460530074982,2074.9185825335553,6.3371234066683142,20.728457367967586,2555.47398476749,3400.7011257555291,248.23029183183573,610.14435135712597,889,2158,2158,889,2587,3738.8050000003677,3500.0000000003683,4.46789272245951e-11,2,residential_energy_demand_gate5_v1,4b5b7791539478f9b2562d1b176e235ac7b641e1afdc40c3d5242661d9dbed3d,4b5b7791539478f9b2562d1b176e235ac7b641e1afdc40c3d5242661d9dbed3d,2ad0e9f7bbdfe12695c931891fd0e8132d060fd7bcbca23623db43d4c7393a5c,561839806dcdb8279ac4e42025bc5a82751f2588a2b2066fa84637918d8e4896,2987a546cb3f48253dcdfdc400036a68d1977eddb1012f753e54eca010acedd8,73ed0728ba3aea4548919a2c599b960f1645e1842d48afd930cc90a737aecd92,a96eee14f959c7954577e91fe17d4515a9348f0431a52c4dd9b8f37b88ac9cf5,d543101e7ea78ed2ddaba45de0ca0f44ec997e73ba696c2970de54b1e75cccfc,e40ccb491db9d0ecfe8c9e8462f713cf096279ef2b219236d05222512135b242,fb59b12e82b041c59cc8a3933745a40e92c5e89aa7df64846e5855fbd3acb00e,38669e3f0e715d12f919bbd64ba6e09fbb431145f819869ebd01d20e8fde4ed0,"[[18.0,4501],[20.0,4259]]","[[26.0,8760]]","[[""north"",""002ee4e68ba2ff1e9da7eb8f1e16c441bba47a8ad5ed36d81dc169204a2cb66d""],[""east"",""b1a28b883b4633c7b55388b5b43f571e79efcd391bc0ce6bc07019b5e25d8065""],[""south"",""c667e440b35d715226d38302c0104b35b5d5764fed6125e5bcc80d08fabf1f41""],[""west"",""2767619730916a7bca7fe58275301af35dc43db33040cad9a975264954dbabb5""]]"
mc_2d9f38e6bcf99d2767afc468ac9d3230bd030b11a8fff95a04dc6bd5861f4c8d,BE_TABULA_14,"Apartment, enclosed",MFH,1971-1990,TABULA_advanced_A_proxy,2851cf077281e480136cab6af02d4720b94564326517124af576ab8634ba52a3,100.09999999999999,rcp_2_6,weather_2050_rcp_2_6_pvgis_2006,pvgis_2006,2006,2041-2060,4282019026,1,3851693447,central,central,611.30348279331292,1993.1595226720563,6.1069279000330967,19.911683543177386,2596.3562225763299,3296.7952687958727,235.44669158946323,604.57485532610622,932,2201,2201,932,2742,3731.1866666665542,3499.9999999998872,4.1609382606111467e-11,2,residential_energy_demand_gate5_v1,4b5b7791539478f9b2562d1b176e235ac7b641e1afdc40c3d5242661d9dbed3d,4b5b7791539478f9b2562d1b176e235ac7b641e1afdc40c3d5242661d9dbed3d,2ad0e9f7bbdfe12695c931891fd0e8132d060fd7bcbca23623db43d4c7393a5c,561839806dcdb8279ac4e42025bc5a82751f2588a2b2066fa84637918d8e4896,2987a546cb3f48253dcdfdc400036a68d1977eddb1012f753e54eca010acedd8,73ed0728ba3aea4548919a2c599b960f1645e1842d48afd930cc90a737aecd92,a96eee14f959c7954577e91fe17d4515a9348f0431a52c4dd9b8f37b88ac9cf5,d543101e7ea78ed2ddaba45de0ca0f44ec997e73ba696c2970de54b1e75cccfc,e40ccb491db9d0ecfe8c9e8462f713cf096279ef2b219236d05222512135b242,fb59b12e82b041c59cc8a3933745a40e92c5e89aa7df64846e5855fbd3acb00e,38669e3f0e715d12f919bbd64ba6e09fbb431145f819869ebd01d20e8fde4ed0,"[[18.0,4635],[20.0,4125]]","[[26.0,8760]]","[[""north"",""002ee4e68ba2ff1e9da7eb8f1e16c441bba47a8ad5ed36d81dc169204a2cb66d""],[""east"",""b1a28b883b4633c7b55388b5b43f571e79efcd391bc0ce6bc07019b5e25d8065""],[""south"",""c667e440b35d715226d38302c0104b35b5d5764fed6125e5bcc80d08fabf1f41""],[""west"",""2767619730916a7bca7fe58275301af35dc43db33040cad9a975264954dbabb5""]]"
mc_28b1d54aa07d800841b6ecec2ad2fdc34889901685f4b967568e3f895a35d26c,BE_TABULA_14,"Apartment, enclosed",MFH,1971-1990,TABULA_advanced_A_proxy,2851cf077281e480136cab6af02d4720b94564326517124af576ab8634ba52a3,100.09999999999999,rcp_2_6,weather_2050_rcp_2_6_pvgis_2006,pvgis_2006,2006,2041-2060,3013076802,2,3079320196,central,central,630.5932630174533,2141.3281127114369,6.2996329971773557,21.391889237876494,2471.2145524363159,3782.249221980222,255.1754409165992,566.15203997327558,888,2240,2240,888,2735,3945.7016666665736,3499.9999999999068,4.1836756281554699e-11,2,residential_energy_demand_gate5_v1,4b5b7791539478f9b2562d1b176e235ac7b641e1afdc40c3d5242661d9dbed3d,4b5b7791539478f9b2562d1b176e235ac7b641e1afdc40c3d5242661d9dbed3d,2ad0e9f7bbdfe12695c931891fd0e8132d060fd7bcbca23623db43d4c7393a5c,561839806dcdb8279ac4e42025bc5a82751f2588a2b2066fa84637918d8e4896,2987a546cb3f48253dcdfdc400036a68d1977eddb1012f753e54eca010acedd8,73ed0728ba3aea4548919a2c599b960f1645e1842d48afd930cc90a737aecd92,a96eee14f959c7954577e91fe17d4515a9348f0431a52c4dd9b8f37b88ac9cf5,d543101e7ea78ed2ddaba45de0ca0f44ec997e73ba696c2970de54b1e75cccfc,e40ccb491db9d0ecfe8c9e8462f713cf096279ef2b219236d05222512135b242,fb59b12e82b041c59cc8a3933745a40e92c5e89aa7df64846e5855fbd3acb00e,38669e3f0e715d12f919bbd64ba6e09fbb431145f819869ebd01d20e8fde4ed0,"[[18.0,3771],[20.0,4989]]","[[26.0,8760]]","[[""north"",""002ee4e68ba2ff1e9da7eb8f1e16c441bba47a8ad5ed36d81dc169204a2cb66d""],[""east"",""b1a28b883b4633c7b55388b5b43f571e79efcd391bc0ce6bc07019b5e25d8065""],[""south"",""c667e440b35d715226d38302c0104b35b5d5764fed6125e5bcc80d08fabf1f41""],[""west"",""2767619730916a7bca7fe58275301af35dc43db33040cad9a975264954dbabb5""]]"
mc_42d0bb2be2f1c9efc97df807fd663ef709832287c8427da25247960ef764d95e,BE_TABULA_14,"Apartment, enclosed",MFH,1971-1990,TABULA_advanced_A_proxy,2851cf077281e480136cab6af02d4720b94564326517124af576ab8634ba52a3,100.09999999999999,rcp_2_6,weather_2050_rcp_2_6_pvgis_2006,pvgis_2006,2006,2041-2060,2641806699,5,682517088,central,central,480.82856004522625,2220.5571377292395,4.8034821183339291,22.183387989303093,2511.2370538718264,3196.4797723594015,191.47079695398909,694.68831210221958,776,2379,2379,776,2856,4350.4416666669194,3500.0000000002524,3.8426151149906218e-11,2,residential_energy_demand_gate5_v1,4b5b7791539478f9b2562d1b176e235ac7b641e1afdc40c3d5242661d9dbed3d,4b5b7791539478f9b2562d1b176e235ac7b641e1afdc40c3d5242661d9dbed3d,2ad0e9f7bbdfe12695c931891fd0e8132d060fd7bcbca23623db43d4c7393a5c,561839806dcdb8279ac4e42025bc5a82751f2588a2b2066fa84637918d8e4896,2987a546cb3f48253dcdfdc400036a68d1977eddb1012f753e54eca010acedd8,73ed0728ba3aea4548919a2c599b960f1645e1842d48afd930cc90a737aecd92,a96eee14f959c7954577e91fe17d4515a9348f0431a52c4dd9b8f37b88ac9cf5,d543101e7ea78ed2ddaba45de0ca0f44ec997e73ba696c2970de54b1e75cccfc,e40ccb491db9d0ecfe8c9e8462f713cf096279ef2b219236d05222512135b242,fb59b12e82b041c59cc8a3933745a40e92c5e89aa7df64846e5855fbd3acb00e,38669e3f0e715d12f919bbd64ba6e09fbb431145f819869ebd01d20e8fde4ed0,"[[18.0,2764],[20.0,5996]]","[[26.0,8760]]","[[""north"",""002ee4e68ba2ff1e9da7eb8f1e16c441bba47a8ad5ed36d81dc169204a2cb66d""],[""east"",""b1a28b883b4633c7b55388b5b43f571e79efcd391bc0ce6bc07019b5e25d8065""],[""south"",""c667e440b35d715226d38302c0104b35b5d5764fed6125e5bcc80d08fabf1f41""],[""west"",""2767619730916a7bca7fe58275301af35dc43db33040cad9a975264954dbabb5""]]"
mc_d1c71d6b4370a17d9d676674f29024ea052ec984e1ae4b7680b7fd04d36f2492,BE_TABULA_14,"Apartment, enclosed",MFH,1971-1990,TABULA_advanced_A_proxy,2851cf077281e480136cab6af02d4720b94564326517124af576ab8634ba52a3,100.09999999999999,rcp_2_6,weather_2050_rcp_2_6_pvgis_2006,pvgis_2006,2006,2041-2060,484202279,1,252429783,central,central,613.80849485683962,1986.5994767912516,6.1319529955728234,19.846148619293224,2438.1116007629039,3508.3393247357376,251.75570087307497,566.25066531752611,856,2172,2172,856,2726,3737.2649999999117,3499.9999999999118,4.0927261579781771e-11,2,residential_energy_demand_gate5_v1,4b5b7791539478f9b2562d1b176e235ac7b641e1afdc40c3d5242661d9dbed3d,4b5b7791539478f9b2562d1b176e235ac7b641e1afdc40c3d5242661d9dbed3d,2ad0e9f7bbdfe12695c931891fd0e8132d060fd7bcbca23623db43d4c7393a5c,561839806dcdb8279ac4e42025bc5a82751f2588a2b2066fa84637918d8e4896,2987a546cb3f48253dcdfdc400036a68d1977eddb1012f753e54eca010acedd8,73ed0728ba3aea4548919a2c599b960f1645e1842d48afd930cc90a737aecd92,a96eee14f959c7954577e91fe17d4515a9348f0431a52c4dd9b8f37b88ac9cf5,d543101e7ea78ed2ddaba45de0ca0f44ec997e73ba696c2970de54b1e75cccfc,e40ccb491db9d0ecfe8c9e8462f713cf096279ef2b219236d05222512135b242,fb59b12e82b041c59cc8a3933745a40e92c5e89aa7df64846e5855fbd3acb00e,38669e3f0e715d12f919bbd64ba6e09fbb431145f819869ebd01d20e8fde4ed0,"[[18.0,4561],[20.0,4199]]","[[26.0,8760]]","[[""north"",""002ee4e68ba2ff1e9da7eb8f1e16c441bba47a8ad5ed36d81dc169204a2cb66d""],[""east"",""b1a28b883b4633c7b55388b5b43f571e79efcd391bc0ce6bc07019b5e25d8065""],[""south"",""c667e440b35d715226d38302c0104b35b5d5764fed6125e5bcc80d08fabf1f41""],[""west"",""2767619730916a7bca7fe58275301af35dc43db33040cad9a975264954dbabb5""]]"
