run_id,archetype_id,dwelling_type,construction_period,state_id,archetype_state_sha256,climate_scenario_id,weather_member_id,weather_pair_id,observed_pvgis_year,occupant_seed,occupant_seed_rank,model_scenario_id,model_scenario_axis,weather_contract_sha256,model_scenario_sha256,weather_forcing_sha256,effective_thermal_assumptions_sha256,behaviour_assumptions_sha256,occupant_distribution_sha256
mc_7156ee5883fad2174d7af41e253a02151da6e8b5a366ef5651bd6a7122f5a0da,BE_TABULA_11,Detached house,1971-1990,TABULA_existing,231ef175659def943b74235aceb0ef9def0e53fc195cdad7a8338fa6b54777e3,rcp_2_6,weather_2050_rcp_2_6_pvgis_2006,pvgis_2006,2006,1203443498,1,central,central,fb59b12e82b041c59cc8a3933745a40e92c5e89aa7df64846e5855fbd3acb00e,2987a546cb3f48253dcdfdc400036a68d1977eddb1012f753e54eca010acedd8,38669e3f0e715d12f919bbd64ba6e09fbb431145f819869ebd01d20e8fde4ed0,4b5b7791539478f9b2562d1b176e235ac7b641e1afdc40c3d5242661d9dbed3d,2ad0e9f7bbdfe12695c931891fd0e8132d060fd7bcbca23623db43d4c7393a5c,561839806dcdb8279ac4e42025bc5a82751f2588a2b2066fa84637918d8e4896
mc_37f60b90354bc060e9c702f69e11c96198d57078e6b236231fd1cf07904f80ff,BE_TABULA_11,Detached house,1971-1990,TABULA_existing,231ef175659def943b74235aceb0ef9def0e53fc195cdad7a8338fa6b54777e3,rcp_2_6,weather_2050_rcp_2_6_pvgis_2006,pvgis_2006,2006,2404203277,2,central,central,fb59b12e82b041c59cc8a3933745a40e92c5e89aa7df64846e5855fbd3acb00e,2987a546cb3f48253dcdfdc400036a68d1977eddb1012f753e54eca010acedd8,38669e3f0e715d12f919bbd64ba6e09fbb431145f819869ebd01d20e8fde4ed0,4b5b7791539478f9b2562d1b176e235ac7b641e1afdc40c3d5242661d9dbed3d,2ad0e9f7bbdfe12695c931891fd0e8132d060fd7bcbca23623db43d4c7393a5c,561839806dcdb8279ac4e42025bc5a82751f2588a2b2066fa84637918d8e4896
mc_149a0185a4bca49a7ca8ea4d9f0ac79f49df97cb8f23b224eca772870fabb0b7,BE_TABULA_11,Detached house,1971-1990,TABULA_existing,231ef175659def943b74235aceb0ef9def0e53fc195cdad7a8338fa6b54777e3,rcp_2_6,weather_2050_rcp_2_6_pvgis_2006,pvgis_2006,2006,556301278,3,central,central,fb59b12e82b041c59cc8a3933745a40e92c5e89aa7df64846e5855fbd3acb00e,2987a546cb3f48253dcdfdc400036a68d1977eddb1012f753e54eca010acedd8,38669e3f0e715d12f919bbd64ba6e09fbb431145f819869ebd01d20e8fde4ed0,4b5b7791539478f9b2562d1b176e235ac7b641e1afdc40c3d5242661d9dbed3d,2ad0e9f7bbdfe12695c931891fd0e8132d060fd7bcbca23623db43d4c7393a5c,561839806dcdb8279ac4e42025bc5a82751f2588a2b2066fa84637918d8e4896
mc_bf394f1f03a7792849e1862cd0b2f24d428a776f4ba9b2a0457902d2edeefff7,BE_TABULA_11,Detached house,1971-1990,TABULA_existing,231ef175659def943b74235aceb0ef9def0e53fc195cdad7a8338fa6b54777e3,rcp_2_6,weather_2050_rcp_2_6_pvgis_2006,pvgis_2006,2006,3323552575,4,central,central,fb59b12e82b041c59cc8a3933745a40e92c5e89aa7df64846e5855fbd3acb00e,2987a546cb3f48253dcdfdc400036a68d1977eddb1012f753e54eca010acedd8,38669e3f0e715d12f919bbd64ba6e09fbb431145f819869ebd01d20e8fde4ed0,4b5b7791539478f9b2562d1b176e235ac7b641e1afdc40c3d5242661d9dbed3d,2ad0e9f7bbdfe12695c931891fd0e8132d060fd7bcbca23623db43d4c7393a5c,561839806dcdb8279ac4e42025bc5a82751f2588a2b2066fa84637918d8e4896
mc_c3eb4b447b188452d3729b17164534f8c85ef6e98c71efa572ceb268ed114a78,BE_TABULA_11,Detached house,1971-1990,TABULA_existing,231ef175659def943b74235aceb0ef9def0e53fc195cdad7a8338fa6b54777e3,rcp_2_6,weather_2050_rcp_2_6_pvgis_2006,pvgis_2006,2006,3843248486,5,central,central,fb59b12e82b041c59cc8a3933745a40e92c5e89aa7df64846e5855fbd3acb00e,2987a546cb3f48253dcdfdc400036a68d1977eddb1012f753e54eca010acedd8,38669e3f0e715d12f919bbd64ba6e09fbb431145f819869ebd01d20e8fde4ed0,4b5b7791539478f9b2562d1b176e235ac7b641e1afdc40c3d5242661d9dbed3d,2ad0e9f7bbdfe12695c931891fd0e8132d060fd7bcbca23623db43d4c7393a5c,561839806dcdb8279ac4e42025bc5a82751f2588a2b2066fa84637918d8e4896
mc_6e7984a963717a1639563d27998e2a82204cc39f60e0475fc55ec54917ed709a,BE_TABULA_11,Detached house,1971-1990,TABULA_existing,231ef175659def943b74235aceb0ef9def0e53fc195cdad7a8338fa6b54777e3,rcp_2_6,weather_2050_rcp_2_6_pvgis_2006,pvgis_2006,2006,3312507027,6,central,central,fb59b12e82b041c59cc8a3933745a40e92c5e89aa7df64846e5855fbd3acb00e,2987a546cb3f48253dcdfdc400036a68d1977eddb1012f753e54eca010acedd8,38669e3f0e715d12f919bbd64ba6e09fbb431145f819869ebd01d20e8fde4ed0,4b5b7791539478f9b2562d1b176e235ac7b641e1afdc40c3d5242661d9dbed3d,2ad0e9f7bbdfe12695c931891fd0e8132d060fd7bcbca23623db43d4c7393a5c,561839806dcdb8279ac4e42025bc5a82751f2588a2b2066fa84637918d8e4896
mc_8b9aac6b15cd258a632de78e06c071293fd48f58a5ae2c67836a1f72e14370ea,BE_TABULA_11,Detached house,1971-1990,TABULA_existing,231ef175659def943b74235aceb0ef9def0e53fc195cdad7a8338fa6b54777e3,rcp_2_6,weather_2050_rcp_2_6_pvgis_2006,pvgis_2006,2006,526650457,7,central,central,fb59b12e82b041c59cc8a3933745a40e92c5e89aa7df64846e5855fbd3acb00e,2987a546cb3f48253dcdfdc400036a68d1977eddb1012f753e54eca010acedd8,38669e3f0e715d12f919bbd64ba6e09fbb431145f819869ebd01d20e8fde4ed0,4b5b7791539478f9b2562d1b176e235ac7b641e1afdc40c3d5242661d9dbed3d,2ad0e9f7bbdfe12695c931891fd0e8132d060fd7bcbca23623db43d4c7393a5c,561839806dcdb8279ac4e42025bc5a82751f2588a2b2066fa84637918d8e4896
mc_378fe8f5919efb7d188df03f0f3cd8f41636f46c2ee099e022fe51242e892861,BE_TABULA_11,Detached house,1971-1990,TABULA_existing,231ef175659def943b74235aceb0ef9def0e53fc195cdad7a8338fa6b54777e3,rcp_2_6,weather_2050_rcp_2_6_pvgis_2006,pvgis_2006,2006,2006049321,8,central,central,fb59b12e82b041c59cc8a3933745a40e92c5e89aa7df64846e5855fbd3acb00e,2987a546cb3f48253dcdfdc400036a68d1977eddb1012f753e54eca010acedd8,38669e3f0e715d12f919bbd64ba6e09fbb431145f819869ebd01d20e8fde4ed0,4b5b7791539478f9b2562d1b176e235ac7b641e1afdc40c3d5242661d9dbed3d,2ad0e9f7bbdfe12695c931891fd0e8132d060fd7bcbca23623db43d4c7393a5c,561839806dcdb8279ac4e42025bc5a82751f2588a2b2066fa84637918d8e4896
mc_72116e551714fd21855317fe6e72559f3401c5eb936e61a650cbd13fd9a79f1f,BE_TABULA_11,Detached house,1971-1990,TABULA_existing,231ef175659def943b74235aceb0ef9def0e53fc195cdad7a8338fa6b54777e3,rcp_2_6,weather_2050_rcp_2_6_pvgis_2006,pvgis_2006,2006,3087163335,9,central,central,fb59b12e82b041c59cc8a3933745a40e92c5e89aa7df64846e5855fbd3acb00e,2987a546cb3f48253dcdfdc400036a68d1977eddb1012f753e54eca010acedd8,38669e3f0e715d12f919bbd64ba6e09fbb431145f819869ebd01d20e8fde4ed0,4b5b7791539478f9b2562d1b176e235ac7b641e1afdc40c3d5242661d9dbed3d,2ad0e9f7bbdfe12695c931891fd0e8132d060fd7bcbca23623db43d4c7393a5c,561839806dcdb8279ac4e42025bc5a82751f2588a2b2066fa84637918d8e4896
mc_b63995656113ded885754820b398d2cdaed8411e53f30aa07734793d5f95f35e,BE_TABULA_11,Detached house,1971-1990,TABULA_existing,231ef175659def943b74235aceb0ef9def0e53fc195cdad7a8338fa6b54777e3,rcp_2_6,weather_2050_rcp_2_6_pvgis_2006,pvgis_2006,2006,1341830702,10,central,central,fb59b12e82b041c59cc8a3933745a40e92c5e89aa7df64846e5855fbd3acb00e,2987a546cb3f48253dcdfdc400036a68d1977eddb1012f753e54eca010acedd8,38669e3f0e715d12f919bbd64ba6e09fbb431145f819869ebd01d20e8fde4ed0,4b5b7791539478f9b2562d1b176e235ac7b641e1afdc40c3d5242661d9dbed3d,2ad0e9f7bbdfe12695c931891fd0e8132d060fd7bcbca23623db43d4c7393a5c,561839806dcdb8279ac4e42025bc5a82751f2588a2b2066fa84637918d8e4896
mc_51d87fcf0ee1adc7e487f9ca9a23a00afbc0e90edcc58af90c2a13b975c2e227,BE_TABULA_11,Detached house,1971-1990,TABULA_existing,231ef175659def943b74235aceb0ef9def0e53fc195cdad7a8338fa6b54777e3,rcp_2_6,weather_2050_rcp_2_6_pvgis_2006,pvgis_2006,2006,3835840985,11,central,central,fb59b12e82b041c59cc8a3933745a40e92c5e89aa7df64846e5855fbd3acb00e,2987a546cb3f48253dcdfdc400036a68d1977eddb1012f753e54eca010acedd8,38669e3f0e715d12f919bbd64ba6e09fbb431145f819869ebd01d20e8fde4ed0,4b5b7791539478f9b2562d1b176e235ac7b641e1afdc40c3d5242661d9dbed3d,2ad0e9f7bbdfe12695c931891fd0e8132d060fd7bcbca23623db43d4c7393a5c,561839806dcdb8279ac4e42025bc5a82751f2588a2b2066fa84637918d8e4896
mc_4b8fd2394ad64d9289158a435437a8ead099f7f2c06db204d5a59c0076b8fcda,BE_TABULA_11,Detached house,1971-1990,TABULA_existing,231ef175659def943b74235aceb0ef9def0e53fc195cdad7a8338fa6b54777e3,rcp_2_6,weather_2050_rcp_2_6_pvgis_2006,pvgis_2006,2006,2527946898,12,central,central,fb59b12e82b041c59cc8a3933745a40e92c5e89aa7df64846e5855fbd3acb00e,2987a546cb3f48253dcdfdc400036a68d1977eddb1012f753e54eca010acedd8,38669e3f0e715d12f919bbd64ba6e09fbb431145f819869ebd01d20e8fde4ed0,4b5b7791539478f9b2562d1b176e235ac7b641e1afdc40c3d5242661d9dbed3d,2ad0e9f7bbdfe12695c931891fd0e8132d060fd7bcbca23623db43d4c7393a5c,561839806dcdb8279ac4e42025bc5a82751f2588a2b2066fa84637918d8e4896
mc_d4c8e793fcfc8fad6054081538006655032327dfdcb3682270fb30fda027a577,BE_TABULA_11,Detached house,1971-1990,TABULA_existing,231ef175659def943b74235aceb0ef9def0e53fc195cdad7a8338fa6b54777e3,rcp_2_6,weather_2050_rcp_2_6_pvgis_2006,pvgis_2006,2006,1636053932,13,central,central,fb59b12e82b041c59cc8a3933745a40e92c5e89aa7df64846e5855fbd3acb00e,2987a546cb3f48253dcdfdc400036a68d1977eddb1012f753e54eca010acedd8,38669e3f0e715d12f919bbd64ba6e09fbb431145f819869ebd01d20e8fde4ed0,4b5b7791539478f9b2562d1b176e235ac7b641e1afdc40c3d5242661d9dbed3d,2ad0e9f7bbdfe12695c931891fd0e8132d060fd7bcbca23623db43d4c7393a5c,561839806dcdb8279ac4e42025bc5a82751f2588a2b2066fa84637918d8e4896
mc_6374e3dc95bb8fcbc5468a6de27763e8d4c4b6ae31804ef150ee0fe0310a851f,BE_TABULA_11,Detached house,1971-1990,TABULA_existing,231ef175659def943b74235aceb0ef9def0e53fc195cdad7a8338fa6b54777e3,rcp_2_6,weather_2050_rcp_2_6_pvgis_2006,pvgis_2006,2006,4263654691,14,central,central,fb59b12e82b041c59cc8a3933745a40e92c5e89aa7df64846e5855fbd3acb00e,2987a546cb3f48253dcdfdc400036a68d1977eddb1012f753e54eca010acedd8,38669e3f0e715d12f919bbd64ba6e09fbb431145f819869ebd01d20e8fde4ed0,4b5b7791539478f9b2562d1b176e235ac7b641e1afdc40c3d5242661d9dbed3d,2ad0e9f7bbdfe12695c931891fd0e8132d060fd7bcbca23623db43d4c7393a5c,561839806dcdb8279ac4e42025bc5a82751f2588a2b2066fa84637918d8e4896
mc_cd80924eb6896c16ef2383538c3f1ce1a20413c845cd0d28292c1e582722fc9e,BE_TABULA_11,Detached house,1971-1990,TABULA_existing,231ef175659def943b74235aceb0ef9def0e53fc195cdad7a8338fa6b54777e3,rcp_2_6,weather_2050_rcp_2_6_pvgis_2006,pvgis_2006,2006,2949107545,15,central,central,fb59b12e82b041c59cc8a3933745a40e92c5e89aa7df64846e5855fbd3acb00e,2987a546cb3f48253dcdfdc400036a68d1977eddb1012f753e54eca010acedd8,38669e3f0e715d12f919bbd64ba6e09fbb431145f819869ebd01d20e8fde4ed0,4b5b7791539478f9b2562d1b176e235ac7b641e1afdc40c3d5242661d9dbed3d,2ad0e9f7bbdfe12695c931891fd0e8132d060fd7bcbca23623db43d4c7393a5c,561839806dcdb8279ac4e42025bc5a82751f2588a2b2066fa84637918d8e4896
mc_01a0b5497cc14783b915f2ef6ea7d64319a984777ec4f56476c243ad2d71cc15,BE_TABULA_11,Detached house,1971-1990,TABULA_existing,231ef175659def943b74235aceb0ef9def0e53fc195cdad7a8338fa6b54777e3,rcp_2_6,weather_2050_rcp_2_6_pvgis_2006,pvgis_2006,2006,74780820,16,central,central,fb59b12e82b041c59cc8a3933745a40e92c5e89aa7df64846e5855fbd3acb00e,2987a546cb3f48253dcdfdc400036a68d1977eddb1012f753e54eca010acedd8,38669e3f0e715d12f919bbd64ba6e09fbb431145f819869ebd01d20e8fde4ed0,4b5b7791539478f9b2562d1b176e235ac7b641e1afdc40c3d5242661d9dbed3d,2ad0e9f7bbdfe12695c931891fd0e8132d060fd7bcbca23623db43d4c7393a5c,561839806dcdb8279ac4e42025bc5a82751f2588a2b2066fa84637918d8e4896
mc_18c0dca956c591edb9ddf21c6fc0fb9717ff9a47cb6e04ad86afa2d1302a19a0,BE_TABULA_11,Detached house,1971-1990,TABULA_existing,231ef175659def943b74235aceb0ef9def0e53fc195cdad7a8338fa6b54777e3,rcp_2_6,weather_2050_rcp_2_6_pvgis_2006,pvgis_2006,2006,4191004058,17,central,central,fb59b12e82b041c59cc8a3933745a40e92c5e89aa7df64846e5855fbd3acb00e,2987a546cb3f48253dcdfdc400036a68d1977eddb1012f753e54eca010acedd8,38669e3f0e715d12f919bbd64ba6e09fbb431145f819869ebd01d20e8fde4ed0,4b5b7791539478f9b2562d1b176e235ac7b641e1afdc40c3d5242661d9dbed3d,2ad0e9f7bbdfe12695c931891fd0e8132d060fd7bcbca23623db43d4c7393a5c,561839806dcdb8279ac4e42025bc5a82751f2588a2b2066fa84637918d8e4896
mc_af341f290fe5f5165e34af1b2a25da2a160ee62caf6719d5610ab392cef900f7,BE_TABULA_11,Detached house,1971-1990,TABULA_existing,231ef175659def943b74235aceb0ef9def0e53fc195cdad7a8338fa6b54777e3,rcp_2_6,weather_2050_rcp_2_6_pvgis_2006,pvgis_2006,2006,406410021,18,central,central,fb59b12e82b041c59cc8a3933745a40e92c5e89aa7df64846e5855fbd3acb00e,2987a546cb3f48253dcdfdc400036a68d1977eddb1012f753e54eca010acedd8,38669e3f0e715d12f919bbd64ba6e09fbb431145f819869ebd01d20e8fde4ed0,4b5b7791539478f9b2562d1b176e235ac7b641e1afdc40c3d5242661d9dbed3d,2ad0e9f7bbdfe12695c931891fd0e8132d060fd7bcbca23623db43d4c7393a5c,561839806dcdb8279ac4e42025bc5a82751f2588a2b2066fa84637918d8e4896
mc_e044d291a3631bd145ad99e91400acaa7aad6a0528986357e29e1a35382b1a06,BE_TABULA_11,Detached house,1971-1990,TABULA_existing,231ef175659def943b74235aceb0ef9def0e53fc195cdad7a8338fa6b54777e3,rcp_2_6,weather_2050_rcp_2_6_pvgis_2006,pvgis_2006,2006,4239089345,19,central,central,fb59b12e82b041c59cc8a3933745a40e92c5e89aa7df64846e5855fbd3acb00e,2987a546cb3f48253dcdfdc400036a68d1977eddb1012f753e54eca010acedd8,38669e3f0e715d12f919bbd64ba6e09fbb431145f819869ebd01d20e8fde4ed0,4b5b7791539478f9b2562d1b176e235ac7b641e1afdc40c3d5242661d9dbed3d,2ad0e9f7bbdfe12695c931891fd0e8132d060fd7bcbca23623db43d4c7393a5c,561839806dcdb8279ac4e42025bc5a82751f2588a2b2066fa84637918d8e4896
mc_e50ba2c0a435f7395f53c4e873a82a0de2a7776f1d403addf8475d3e1a5b9971,BE_TABULA_11,Detached house,1971-1990,TABULA_existing,231ef175659def943b74235aceb0ef9def0e53fc195cdad7a8338fa6b54777e3,rcp_2_6,weather_2050_rcp_2_6_pvgis_2006,pvgis_2006,2006,4121713922,20,central,central,fb59b12e82b041c59cc8a3933745a40e92c5e89aa7df64846e5855fbd3acb00e,2987a546cb3f48253dcdfdc400036a68d1977eddb1012f753e54eca010acedd8,38669e3f0e715d12f919bbd64ba6e09fbb431145f819869ebd01d20e8fde4ed0,4b5b7791539478f9b2562d1b176e235ac7b641e1afdc40c3d5242661d9dbed3d,2ad0e9f7bbdfe12695c931891fd0e8132d060fd7bcbca23623db43d4c7393a5c,561839806dcdb8279ac4e42025bc5a82751f2588a2b2066fa84637918d8e4896
mc_0ca955f8b34109598f0d2f89a008357ca49ff5c12d717f49b50551c62cd8823b,BE_TABULA_11,Detached house,1971-1990,TABULA_existing,231ef175659def943b74235aceb0ef9def0e53fc195cdad7a8338fa6b54777e3,rcp_2_6,weather_2050_rcp_2_6_pvgis_2006,pvgis_2006,2006,528153456,21,central,central,fb59b12e82b041c59cc8a3933745a40e92c5e89aa7df64846e5855fbd3acb00e,2987a546cb3f48253dcdfdc400036a68d1977eddb1012f753e54eca010acedd8,38669e3f0e715d12f919bbd64ba6e09fbb431145f819869ebd01d20e8fde4ed0,4b5b7791539478f9b2562d1b176e235ac7b641e1afdc40c3d5242661d9dbed3d,2ad0e9f7bbdfe12695c931891fd0e8132d060fd7bcbca23623db43d4c7393a5c,561839806dcdb8279ac4e42025bc5a82751f2588a2b2066fa84637918d8e4896
mc_c647fcc2c39222eb3dec08a864c814b77b085057a18ef3feb2dee82257e27a6a,BE_TABULA_11,Detached house,1971-1990,TABULA_existing,231ef175659def943b74235aceb0ef9def0e53fc195cdad7a8338fa6b54777e3,rcp_2_6,weather_2050_rcp_2_6_pvgis_2006,pvgis_2006,2006,1536553193,22,central,central,fb59b12e82b041c59cc8a3933745a40e92c5e89aa7df64846e5855fbd3acb00e,2987a546cb3f48253dcdfdc400036a68d1977eddb1012f753e54eca010acedd8,38669e3f0e715d12f919bbd64ba6e09fbb431145f819869ebd01d20e8fde4ed0,4b5b7791539478f9b2562d1b176e235ac7b641e1afdc40c3d5242661d9dbed3d,2ad0e9f7bbdfe12695c931891fd0e8132d060fd7bcbca23623db43d4c7393a5c,561839806dcdb8279ac4e42025bc5a82751f2588a2b2066fa84637918d8e4896
mc_b7ae03c33cf530dca42a52d74d147bc7efc952c8a708bf3b706e243b7843ef85,BE_TABULA_11,Detached house,1971-1990,TABULA_existing,231ef175659def943b74235aceb0ef9def0e53fc195cdad7a8338fa6b54777e3,rcp_2_6,weather_2050_rcp_2_6_pvgis_2006,pvgis_2006,2006,2701107225,23,central,central,fb59b12e82b041c59cc8a3933745a40e92c5e89aa7df64846e5855fbd3acb00e,2987a546cb3f48253dcdfdc400036a68d1977eddb1012f753e54eca010acedd8,38669e3f0e715d12f919bbd64ba6e09fbb431145f819869ebd01d20e8fde4ed0,4b5b7791539478f9b2562d1b176e235ac7b641e1afdc40c3d5242661d9dbed3d,2ad0e9f7bbdfe12695c931891fd0e8132d060fd7bcbca23623db43d4c7393a5c,561839806dcdb8279ac4e42025bc5a82751f2588a2b2066fa84637918d8e4896
mc_6a2ddd4fd1a751daa71f487db4994508e31583b61d24508b8bd6e7b7e7976ef7,BE_TABULA_11,Detached house,1971-1990,TABULA_existing,231ef175659def943b74235aceb0ef9def0e53fc195cdad7a8338fa6b54777e3,rcp_2_6,weather_2050_rcp_2_6_pvgis_2006,pvgis_2006,2006,460941366,24,central,central,fb59b12e82b041c59cc8a3933745a40e92c5e89aa7df64846e5855fbd3acb00e,2987a546cb3f48253dcdfdc400036a68d1977eddb1012f753e54eca010acedd8,38669e3f0e715d12f919bbd64ba6e09fbb431145f819869ebd01d20e8fde4ed0,4b5b7791539478f9b2562d1b176e235ac7b641e1afdc40c3d5242661d9dbed3d,2ad0e9f7bbdfe12695c931891fd0e8132d060fd7bcbca23623db43d4c7393a5c,561839806dcdb8279ac4e42025bc5a82751f2588a2b2066fa84637918d8e4896
mc_ec91aa29ae97510b50faf0a8f23f4281e01a626149ca75f5fba9b78035d9d00d,BE_TABULA_11,Detached house,1971-1990,TABULA_existing,231ef175659def943b74235aceb0ef9def0e53fc195cdad7a8338fa6b54777e3,rcp_2_6,weather_2050_rcp_2_6_pvgis_2006,pvgis_2006,2006,2869373249,25,central,central,fb59b12e82b041c59cc8a3933745a40e92c5e89aa7df64846e5855fbd3acb00e,2987a546cb3f48253dcdfdc400036a68d1977eddb1012f753e54eca010acedd8,38669e3f0e715d12f919bbd64ba6e09fbb431145f819869ebd01d20e8fde4ed0,4b5b7791539478f9b2562d1b176e235ac7b641e1afdc40c3d5242661d9dbed3d,2ad0e9f7bbdfe12695c931891fd0e8132d060fd7bcbca23623db43d4c7393a5c,561839806dcdb8279ac4e42025bc5a82751f2588a2b2066fa84637918d8e4896
mc_8f8c31a9f1cea72dd6c9c4e89bf292d212ff025b50c846b446e8082eb0496e3a,BE_TABULA_11,Detached house,1971-1990,TABULA_existing,231ef175659def943b74235aceb0ef9def0e53fc195cdad7a8338fa6b54777e3,rcp_2_6,weather_2050_rcp_2_6_pvgis_2006,pvgis_2006,2006,2053834706,26,central,central,fb59b12e82b041c59cc8a3933745a40e92c5e89aa7df64846e5855fbd3acb00e,2987a546cb3f48253dcdfdc400036a68d1977eddb1012f753e54eca010acedd8,38669e3f0e715d12f919bbd64ba6e09fbb431145f819869ebd01d20e8fde4ed0,4b5b7791539478f9b2562d1b176e235ac7b641e1afdc40c3d5242661d9dbed3d,2ad0e9f7bbdfe12695c931891fd0e8132d060fd7bcbca23623db43d4c7393a5c,561839806dcdb8279ac4e42025bc5a82751f2588a2b2066fa84637918d8e4896
mc_bbce6dba009a40f32c31799808ad2b72ed18eb263ba4c7e376a55e2baa19c5c0,BE_TABULA_11,Detached house,1971-1990,TABULA_existing,231ef175659def943b74235aceb0ef9def0e53fc195cdad7a8338fa6b54777e3,rcp_2_6,weather_2050_rcp_2_6_pvgis_2006,pvgis_2006,2006,3560160567,27,central,central,fb59b12e82b041c59cc8a3933745a40e92c5e89aa7df64846e5855fbd3acb00e,2987a546cb3f48253dcdfdc400036a68d1977eddb1012f753e54eca010acedd8,38669e3f0e715d12f919bbd64ba6e09fbb431145f819869ebd01d20e8fde4ed0,4b5b7791539478f9b2562d1b176e235ac7b641e1afdc40c3d5242661d9dbed3d,2ad0e9f7bbdfe12695c931891fd0e8132d060fd7bcbca23623db43d4c7393a5c,561839806dcdb8279ac4e42025bc5a82751f2588a2b2066fa84637918d8e4896
mc_dac2734958def5325a58711950d11a915cf1768f2220c50e84157c412f75dbca,BE_TABULA_11,Detached house,1971-1990,TABULA_existing,231ef175659def943b74235aceb0ef9def0e53fc195cdad7a8338fa6b54777e3,rcp_2_6,weather_2050_rcp_2_6_pvgis_2006,pvgis_2006,2006,3815772485,28,central,central,fb59b12e82b041c59cc8a3933745a40e92c5e89aa7df64846e5855fbd3acb00e,2987a546cb3f48253dcdfdc400036a68d1977eddb1012f753e54eca010acedd8,38669e3f0e715d12f919bbd64ba6e09fbb431145f819869ebd01d20e8fde4ed0,4b5b7791539478f9b2562d1b176e235ac7b641e1afdc40c3d5242661d9dbed3d,2ad0e9f7bbdfe12695c931891fd0e8132d060fd7bcbca23623db43d4c7393a5c,561839806dcdb8279ac4e42025bc5a82751f2588a2b2066fa84637918d8e4896
mc_ae75473e9419d2e5dba8be9321739ca2cbf525a49a3eb99aebe1bca8721d72de,BE_TABULA_11,Detached house,1971-1990,TABULA_existing,231ef175659def943b74235aceb0ef9def0e53fc195cdad7a8338fa6b54777e3,rcp_2_6,weather_2050_rcp_2_6_pvgis_2006,pvgis_2006,2006,1523204169,29,central,central,fb59b12e82b041c59cc8a3933745a40e92c5e89aa7df64846e5855fbd3acb00e,2987a546cb3f48253dcdfdc400036a68d1977eddb1012f753e54eca010acedd8,38669e3f0e715d12f919bbd64ba6e09fbb431145f819869ebd01d20e8fde4ed0,4b5b7791539478f9b2562d1b176e235ac7b641e1afdc40c3d5242661d9dbed3d,2ad0e9f7bbdfe12695c931891fd0e8132d060fd7bcbca23623db43d4c7393a5c,561839806dcdb8279ac4e42025bc5a82751f2588a2b2066fa84637918d8e4896
mc_c5324d61416845e81452329db1fbec4c01d0d248a643f2e16802d38df583b21d,BE_TABULA_11,Detached house,1971-1990,TABULA_existing,231ef175659def943b74235aceb0ef9def0e53fc195cdad7a8338fa6b54777e3,rcp_2_6,weather_2050_rcp_2_6_pvgis_2006,pvgis_2006,2006,3168655264,30,central,central,fb59b12e82b041c59cc8a3933745a40e92c5e89aa7df64846e5855fbd3acb00e,2987a546cb3f48253dcdfdc400036a68d1977eddb1012f753e54eca010acedd8,38669e3f0e715d12f919bbd64ba6e09fbb431145f819869ebd01d20e8fde4ed0,4b5b7791539478f9b2562d1b176e235ac7b641e1afdc40c3d5242661d9dbed3d,2ad0e9f7bbdfe12695c931891fd0e8132d060fd7bcbca23623db43d4c7393a5c,561839806dcdb8279ac4e42025bc5a82751f2588a2b2066fa84637918d8e4896
mc_e66b9d60a963dcb320d2519d20b145f95f3796d21dfbde705d5ea06b2ed3aacc,BE_TABULA_11,Detached house,1971-1990,TABULA_existing,231ef175659def943b74235aceb0ef9def0e53fc195cdad7a8338fa6b54777e3,rcp_2_6,weather_2050_rcp_2_6_pvgis_2006,pvgis_2006,2006,871166546,31,central,central,fb59b12e82b041c59cc8a3933745a40e92c5e89aa7df64846e5855fbd3acb00e,2987a546cb3f48253dcdfdc400036a68d1977eddb1012f753e54eca010acedd8,38669e3f0e715d12f919bbd64ba6e09fbb431145f819869ebd01d20e8fde4ed0,4b5b7791539478f9b2562d1b176e235ac7b641e1afdc40c3d5242661d9dbed3d,2ad0e9f7bbdfe12695c931891fd0e8132d060fd7bcbca23623db43d4c7393a5c,561839806dcdb8279ac4e42025bc5a82751f2588a2b2066fa84637918d8e4896
mc_bb9bd04490a85424795ca116d1f9cbf6e373f94c12f8b46d515f4e84959afece,BE_TABULA_11,Detached house,1971-1990,TABULA_existing,231ef175659def943b74235aceb0ef9def0e53fc195cdad7a8338fa6b54777e3,rcp_2_6,weather_2050_rcp_2_6_pvgis_2006,pvgis_2006,2006,2626399861,32,central,central,fb59b12e82b041c59cc8a3933745a40e92c5e89aa7df64846e5855fbd3acb00e,2987a546cb3f48253dcdfdc400036a68d1977eddb1012f753e54eca010acedd8,38669e3f0e715d12f919bbd64ba6e09fbb431145f819869ebd01d20e8fde4ed0,4b5b7791539478f9b2562d1b176e235ac7b641e1afdc40c3d5242661d9dbed3d,2ad0e9f7bbdfe12695c931891fd0e8132d060fd7bcbca23623db43d4c7393a5c,561839806dcdb8279ac4e42025bc5a82751f2588a2b2066fa84637918d8e4896
mc_15c62002d4969591904ce7da39e5154e5cd32549e0b27bd60cec8939f6e0c198,BE_TABULA_11,Detached house,1971-1990,TABULA_existing,231ef175659def943b74235aceb0ef9def0e53fc195cdad7a8338fa6b54777e3,rcp_2_6,weather_2050_rcp_2_6_pvgis_2006,pvgis_2006,2006,1170469307,33,central,central,fb59b12e82b041c59cc8a3933745a40e92c5e89aa7df64846e5855fbd3acb00e,2987a546cb3f48253dcdfdc400036a68d1977eddb1012f753e54eca010acedd8,38669e3f0e715d12f919bbd64ba6e09fbb431145f819869ebd01d20e8fde4ed0,4b5b7791539478f9b2562d1b176e235ac7b641e1afdc40c3d5242661d9dbed3d,2ad0e9f7bbdfe12695c931891fd0e8132d060fd7bcbca23623db43d4c7393a5c,561839806dcdb8279ac4e42025bc5a82751f2588a2b2066fa84637918d8e4896
mc_e04accbb0f6255b25fca0241cb0cf8be1ead822ba06689fa10e076dfce3d7f45,BE_TABULA_11,Detached house,1971-1990,TABULA_existing,231ef175659def943b74235aceb0ef9def0e53fc195cdad7a8338fa6b54777e3,rcp_2_6,weather_2050_rcp_2_6_pvgis_2006,pvgis_2006,2006,1630191912,34,central,central,fb59b12e82b041c59cc8a3933745a40e92c5e89aa7df64846e5855fbd3acb00e,2987a546cb3f48253dcdfdc400036a68d1977eddb1012f753e54eca010acedd8,38669e3f0e715d12f919bbd64ba6e09fbb431145f819869ebd01d20e8fde4ed0,4b5b7791539478f9b2562d1b176e235ac7b641e1afdc40c3d5242661d9dbed3d,2ad0e9f7bbdfe12695c931891fd0e8132d060fd7bcbca23623db43d4c7393a5c,561839806dcdb8279ac4e42025bc5a82751f2588a2b2066fa84637918d8e4896
mc_06717348513f4d40735ff42bef3ef8fae2d4044560e99e38aa77be354c0fc1d6,BE_TABULA_11,Detached house,1971-1990,TABULA_existing,231ef175659def943b74235aceb0ef9def0e53fc195cdad7a8338fa6b54777e3,rcp_2_6,weather_2050_rcp_2_6_pvgis_2006,pvgis_2006,2006,2418138936,35,central,central,fb59b12e82b041c59cc8a3933745a40e92c5e89aa7df64846e5855fbd3acb00e,2987a546cb3f48253dcdfdc400036a68d1977eddb1012f753e54eca010acedd8,38669e3f0e715d12f919bbd64ba6e09fbb431145f819869ebd01d20e8fde4ed0,4b5b7791539478f9b2562d1b176e235ac7b641e1afdc40c3d5242661d9dbed3d,2ad0e9f7bbdfe12695c931891fd0e8132d060fd7bcbca23623db43d4c7393a5c,561839806dcdb8279ac4e42025bc5a82751f2588a2b2066fa84637918d8e4896
mc_c1d729cddbe58ae119ee5886ee57c371e9d030e117874944b2f32c3c5c41011d,BE_TABULA_11,Detached house,1971-1990,TABULA_existing,231ef175659def943b74235aceb0ef9def0e53fc195cdad7a8338fa6b54777e3,rcp_2_6,weather_2050_rcp_2_6_pvgis_2006,pvgis_2006,2006,4284547342,36,central,central,fb59b12e82b041c59cc8a3933745a40e92c5e89aa7df64846e5855fbd3acb00e,2987a546cb3f48253dcdfdc400036a68d1977eddb1012f753e54eca010acedd8,38669e3f0e715d12f919bbd64ba6e09fbb431145f819869ebd01d20e8fde4ed0,4b5b7791539478f9b2562d1b176e235ac7b641e1afdc40c3d5242661d9dbed3d,2ad0e9f7bbdfe12695c931891fd0e8132d060fd7bcbca23623db43d4c7393a5c,561839806dcdb8279ac4e42025bc5a82751f2588a2b2066fa84637918d8e4896
mc_4d841bd55bbfba3c79f5678ceeb5f5cf33969dea69da76d5d949e59a9b1d384f,BE_TABULA_11,Detached house,1971-1990,TABULA_existing,231ef175659def943b74235aceb0ef9def0e53fc195cdad7a8338fa6b54777e3,rcp_2_6,weather_2050_rcp_2_6_pvgis_2006,pvgis_2006,2006,2078907488,37,central,central,fb59b12e82b041c59cc8a3933745a40e92c5e89aa7df64846e5855fbd3acb00e,2987a546cb3f48253dcdfdc400036a68d1977eddb1012f753e54eca010acedd8,38669e3f0e715d12f919bbd64ba6e09fbb431145f819869ebd01d20e8fde4ed0,4b5b7791539478f9b2562d1b176e235ac7b641e1afdc40c3d5242661d9dbed3d,2ad0e9f7bbdfe12695c931891fd0e8132d060fd7bcbca23623db43d4c7393a5c,561839806dcdb8279ac4e42025bc5a82751f2588a2b2066fa84637918d8e4896
mc_19a5774067c5ab125015a0bdb3f3762db482676effac969de12004a44e9ecbe6,BE_TABULA_11,Detached house,1971-1990,TABULA_existing,231ef175659def943b74235aceb0ef9def0e53fc195cdad7a8338fa6b54777e3,rcp_2_6,weather_2050_rcp_2_6_pvgis_2006,pvgis_2006,2006,1049765411,38,central,central,fb59b12e82b041c59cc8a3933745a40e92c5e89aa7df64846e5855fbd3acb00e,2987a546cb3f48253dcdfdc400036a68d1977eddb1012f753e54eca010acedd8,38669e3f0e715d12f919bbd64ba6e09fbb431145f819869ebd01d20e8fde4ed0,4b5b7791539478f9b2562d1b176e235ac7b641e1afdc40c3d5242661d9dbed3d,2ad0e9f7bbdfe12695c931891fd0e8132d060fd7bcbca23623db43d4c7393a5c,561839806dcdb8279ac4e42025bc5a82751f2588a2b2066fa84637918d8e4896
mc_94b010e46e71161bc017b410196856d96312df6b1418fbfc976f457f281581a1,BE_TABULA_11,Detached house,1971-1990,TABULA_existing,231ef175659def943b74235aceb0ef9def0e53fc195cdad7a8338fa6b54777e3,rcp_2_6,weather_2050_rcp_2_6_pvgis_2006,pvgis_2006,2006,179219561,39,central,central,fb59b12e82b041c59cc8a3933745a40e92c5e89aa7df64846e5855fbd3acb00e,2987a546cb3f48253dcdfdc400036a68d1977eddb1012f753e54eca010acedd8,38669e3f0e715d12f919bbd64ba6e09fbb431145f819869ebd01d20e8fde4ed0,4b5b7791539478f9b2562d1b176e235ac7b641e1afdc40c3d5242661d9dbed3d,2ad0e9f7bbdfe12695c931891fd0e8132d060fd7bcbca23623db43d4c7393a5c,561839806dcdb8279ac4e42025bc5a82751f2588a2b2066fa84637918d8e4896
mc_0bfd63bf89f5d32d52e0be91d52c221e6d38e7ba2fdad6a69a9f730010d681bb,BE_TABULA_11,Detached house,1971-1990,TABULA_existing,231ef175659def943b74235aceb0ef9def0e53fc195cdad7a8338fa6b54777e3,rcp_2_6,weather_2050_rcp_2_6_pvgis_2006,pvgis_2006,2006,1182233951,40,central,central,fb59b12e82b041c59cc8a3933745a40e92c5e89aa7df64846e5855fbd3acb00e,2987a546cb3f48253dcdfdc400036a68d1977eddb1012f753e54eca010acedd8,38669e3f0e715d12f919bbd64ba6e09fbb431145f819869ebd01d20e8fde4ed0,4b5b7791539478f9b2562d1b176e235ac7b641e1afdc40c3d5242661d9dbed3d,2ad0e9f7bbdfe12695c931891fd0e8132d060fd7bcbca23623db43d4c7393a5c,561839806dcdb8279ac4e42025bc5a82751f2588a2b2066fa84637918d8e4896
mc_1baaf7a55f5d6dc0b4724b3ab1f807add4be5c3d3a0d6a2b98ac0abfda09016e,BE_TABULA_11,Detached house,1971-1990,TABULA_existing,231ef175659def943b74235aceb0ef9def0e53fc195cdad7a8338fa6b54777e3,rcp_2_6,weather_2050_rcp_2_6_pvgis_2006,pvgis_2006,2006,2553148887,41,central,central,fb59b12e82b041c59cc8a3933745a40e92c5e89aa7df64846e5855fbd3acb00e,2987a546cb3f48253dcdfdc400036a68d1977eddb1012f753e54eca010acedd8,38669e3f0e715d12f919bbd64ba6e09fbb431145f819869ebd01d20e8fde4ed0,4b5b7791539478f9b2562d1b176e235ac7b641e1afdc40c3d5242661d9dbed3d,2ad0e9f7bbdfe12695c931891fd0e8132d060fd7bcbca23623db43d4c7393a5c,561839806dcdb8279ac4e42025bc5a82751f2588a2b2066fa84637918d8e4896
mc_26505756ac3ca8175186c171c2d31305adfa25809175fa9d0f18c70853964125,BE_TABULA_11,Detached house,1971-1990,TABULA_existing,231ef175659def943b74235aceb0ef9def0e53fc195cdad7a8338fa6b54777e3,rcp_2_6,weather_2050_rcp_2_6_pvgis_2006,pvgis_2006,2006,3936058544,42,central,central,fb59b12e82b041c59cc8a3933745a40e92c5e89aa7df64846e5855fbd3acb00e,2987a546cb3f48253dcdfdc400036a68d1977eddb1012f753e54eca010acedd8,38669e3f0e715d12f919bbd64ba6e09fbb431145f819869ebd01d20e8fde4ed0,4b5b7791539478f9b2562d1b176e235ac7b641e1afdc40c3d5242661d9dbed3d,2ad0e9f7bbdfe12695c931891fd0e8132d060fd7bcbca23623db43d4c7393a5c,561839806dcdb8279ac4e42025bc5a82751f2588a2b2066fa84637918d8e4896
mc_138af28bbf38339a5ab6dc93d86a2c7abdcdaf24872bb9d76924ed2a458b9b19,BE_TABULA_11,Detached house,1971-1990,TABULA_existing,231ef175659def943b74235aceb0ef9def0e53fc195cdad7a8338fa6b54777e3,rcp_2_6,weather_2050_rcp_2_6_pvgis_2006,pvgis_2006,2006,3672343387,43,central,central,fb59b12e82b041c59cc8a3933745a40e92c5e89aa7df64846e5855fbd3acb00e,2987a546cb3f48253dcdfdc400036a68d1977eddb1012f753e54eca010acedd8,38669e3f0e715d12f919bbd64ba6e09fbb431145f819869ebd01d20e8fde4ed0,4b5b7791539478f9b2562d1b176e235ac7b641e1afdc40c3d5242661d9dbed3d,2ad0e9f7bbdfe12695c931891fd0e8132d060fd7bcbca23623db43d4c7393a5c,561839806dcdb8279ac4e42025bc5a82751f2588a2b2066fa84637918d8e4896
mc_dea5433dee43cb2cfcc78a710755d1c04c9bd354f149c7d7476ef8ddeb1f6f3a,BE_TABULA_11,Detached house,1971-1990,TABULA_existing,231ef175659def943b74235aceb0ef9def0e53fc195cdad7a8338fa6b54777e3,rcp_2_6,weather_2050_rcp_2_6_pvgis_2006,pvgis_2006,2006,1536720057,44,central,central,fb59b12e82b041c59cc8a3933745a40e92c5e89aa7df64846e5855fbd3acb00e,2987a546cb3f48253dcdfdc400036a68d1977eddb1012f753e54eca010acedd8,38669e3f0e715d12f919bbd64ba6e09fbb431145f819869ebd01d20e8fde4ed0,4b5b7791539478f9b2562d1b176e235ac7b641e1afdc40c3d5242661d9dbed3d,2ad0e9f7bbdfe12695c931891fd0e8132d060fd7bcbca23623db43d4c7393a5c,561839806dcdb8279ac4e42025bc5a82751f2588a2b2066fa84637918d8e4896
mc_24257cb157417520325f9210c99833df2dfbab3a0f5189f7debf413dac4ebec6,BE_TABULA_11,Detached house,1971-1990,TABULA_existing,231ef175659def943b74235aceb0ef9def0e53fc195cdad7a8338fa6b54777e3,rcp_2_6,weather_2050_rcp_2_6_pvgis_2006,pvgis_2006,2006,1105527356,45,central,central,fb59b12e82b041c59cc8a3933745a40e92c5e89aa7df64846e5855fbd3acb00e,2987a546cb3f48253dcdfdc400036a68d1977eddb1012f753e54eca010acedd8,38669e3f0e715d12f919bbd64ba6e09fbb431145f819869ebd01d20e8fde4ed0,4b5b7791539478f9b2562d1b176e235ac7b641e1afdc40c3d5242661d9dbed3d,2ad0e9f7bbdfe12695c931891fd0e8132d060fd7bcbca23623db43d4c7393a5c,561839806dcdb8279ac4e42025bc5a82751f2588a2b2066fa84637918d8e4896
mc_0caa1fad3de2cd7925bc2e4a37bbc72ac117c7e7cfd798ca4cb0870688e543c0,BE_TABULA_11,Detached house,1971-1990,TABULA_existing,231ef175659def943b74235aceb0ef9def0e53fc195cdad7a8338fa6b54777e3,rcp_2_6,weather_2050_rcp_2_6_pvgis_2006,pvgis_2006,2006,2803026148,46,central,central,fb59b12e82b041c59cc8a3933745a40e92c5e89aa7df64846e5855fbd3acb00e,2987a546cb3f48253dcdfdc400036a68d1977eddb1012f753e54eca010acedd8,38669e3f0e715d12f919bbd64ba6e09fbb431145f819869ebd01d20e8fde4ed0,4b5b7791539478f9b2562d1b176e235ac7b641e1afdc40c3d5242661d9dbed3d,2ad0e9f7bbdfe12695c931891fd0e8132d060fd7bcbca23623db43d4c7393a5c,561839806dcdb8279ac4e42025bc5a82751f2588a2b2066fa84637918d8e4896
mc_43e4b504fbd5ec237b679a65dfde2de6544f7c1367945ac4551f24bcab761376,BE_TABULA_11,Detached house,1971-1990,TABULA_existing,231ef175659def943b74235aceb0ef9def0e53fc195cdad7a8338fa6b54777e3,rcp_2_6,weather_2050_rcp_2_6_pvgis_2006,pvgis_2006,2006,2970899734,47,central,central,fb59b12e82b041c59cc8a3933745a40e92c5e89aa7df64846e5855fbd3acb00e,2987a546cb3f48253dcdfdc400036a68d1977eddb1012f753e54eca010acedd8,38669e3f0e715d12f919bbd64ba6e09fbb431145f819869ebd01d20e8fde4ed0,4b5b7791539478f9b2562d1b176e235ac7b641e1afdc40c3d5242661d9dbed3d,2ad0e9f7bbdfe12695c931891fd0e8132d060fd7bcbca23623db43d4c7393a5c,561839806dcdb8279ac4e42025bc5a82751f2588a2b2066fa84637918d8e4896
mc_d6515a6736c2fdacac5ec99b8513820c7d6e8a4b734397bc03667cc4028af23e,BE_TABULA_11,Detached house,1971-1990,TABULA_existing,231ef175659def943b74235aceb0ef9def0e53fc195cdad7a8338fa6b54777e3,rcp_2_6,weather_2050_rcp_2_6_pvgis_2006,pvgis_2006,2006,387036528,48,central,central,fb59b12e82b041c59cc8a3933745a40e92c5e89aa7df64846e5855fbd3acb00e,2987a546cb3f48253dcdfdc400036a68d1977eddb1012f753e54eca010acedd8,38669e3f0e715d12f919bbd64ba6e09fbb431145f819869ebd01d20e8fde4ed0,4b5b7791539478f9b2562d1b176e235ac7b641e1afdc40c3d5242661d9dbed3d,2ad0e9f7bbdfe12695c931891fd0e8132d060fd7bcbca23623db43d4c7393a5c,561839806dcdb8279ac4e42025bc5a82751f2588a2b2066fa84637918d8e4896
mc_6ba39f79e778c6c8050ec24125d5f4d544e545bde88b3413b02efd4649c358d3,BE_TABULA_11,Detached house,1971-1990,TABULA_existing,231ef175659def943b74235aceb0ef9def0e53fc195cdad7a8338fa6b54777e3,rcp_2_6,weather_2050_rcp_2_6_pvgis_2006,pvgis_2006,2006,247910426,49,central,central,fb59b12e82b041c59cc8a3933745a40e92c5e89aa7df64846e5855fbd3acb00e,2987a546cb3f48253dcdfdc400036a68d1977eddb1012f753e54eca010acedd8,38669e3f0e715d12f919bbd64ba6e09fbb431145f819869ebd01d20e8fde4ed0,4b5b7791539478f9b2562d1b176e235ac7b641e1afdc40c3d5242661d9dbed3d,2ad0e9f7bbdfe12695c931891fd0e8132d060fd7bcbca23623db43d4c7393a5c,561839806dcdb8279ac4e42025bc5a82751f2588a2b2066fa84637918d8e4896
mc_c0ae3e405dd0ecd5accdb47fdd20288cdcc1db2455a7ba063b234ec94df90032,BE_TABULA_11,Detached house,1971-1990,TABULA_existing,231ef175659def943b74235aceb0ef9def0e53fc195cdad7a8338fa6b54777e3,rcp_2_6,weather_2050_rcp_2_6_pvgis_2006,pvgis_2006,2006,2703791916,50,central,central,fb59b12e82b041c59cc8a3933745a40e92c5e89aa7df64846e5855fbd3acb00e,2987a546cb3f48253dcdfdc400036a68d1977eddb1012f753e54eca010acedd8,38669e3f0e715d12f919bbd64ba6e09fbb431145f819869ebd01d20e8fde4ed0,4b5b7791539478f9b2562d1b176e235ac7b641e1afdc40c3d5242661d9dbed3d,2ad0e9f7bbdfe12695c931891fd0e8132d060fd7bcbca23623db43d4c7393a5c,561839806dcdb8279ac4e42025bc5a82751f2588a2b2066fa84637918d8e4896
mc_9cffeb10c5b2c3cbfb25bbe7693a579fe22e3688ec0e304bf06154fd4fda377d,BE_TABULA_11,Detached house,1971-1990,TABULA_existing,231ef175659def943b74235aceb0ef9def0e53fc195cdad7a8338fa6b54777e3,rcp_2_6,weather_2050_rcp_2_6_pvgis_2006,pvgis_2006,2006,2308038042,51,central,central,fb59b12e82b041c59cc8a3933745a40e92c5e89aa7df64846e5855fbd3acb00e,2987a546cb3f48253dcdfdc400036a68d1977eddb1012f753e54eca010acedd8,38669e3f0e715d12f919bbd64ba6e09fbb431145f819869ebd01d20e8fde4ed0,4b5b7791539478f9b2562d1b176e235ac7b641e1afdc40c3d5242661d9dbed3d,2ad0e9f7bbdfe12695c931891fd0e8132d060fd7bcbca23623db43d4c7393a5c,561839806dcdb8279ac4e42025bc5a82751f2588a2b2066fa84637918d8e4896
mc_bcfb22577879ca27cfca2f060d3bb7116ad8e5ab6b75812d601ea4aa07c2cc1a,BE_TABULA_11,Detached house,1971-1990,TABULA_existing,231ef175659def943b74235aceb0ef9def0e53fc195cdad7a8338fa6b54777e3,rcp_2_6,weather_2050_rcp_2_6_pvgis_2006,pvgis_2006,2006,121872340,52,central,central,fb59b12e82b041c59cc8a3933745a40e92c5e89aa7df64846e5855fbd3acb00e,2987a546cb3f48253dcdfdc400036a68d1977eddb1012f753e54eca010acedd8,38669e3f0e715d12f919bbd64ba6e09fbb431145f819869ebd01d20e8fde4ed0,4b5b7791539478f9b2562d1b176e235ac7b641e1afdc40c3d5242661d9dbed3d,2ad0e9f7bbdfe12695c931891fd0e8132d060fd7bcbca23623db43d4c7393a5c,561839806dcdb8279ac4e42025bc5a82751f2588a2b2066fa84637918d8e4896
mc_c4ff255401f856bd158b9a04c4851f18b636b01f66e3c1956f765c3a9f05b64c,BE_TABULA_11,Detached house,1971-1990,TABULA_existing,231ef175659def943b74235aceb0ef9def0e53fc195cdad7a8338fa6b54777e3,rcp_2_6,weather_2050_rcp_2_6_pvgis_2006,pvgis_2006,2006,3159291459,53,central,central,fb59b12e82b041c59cc8a3933745a40e92c5e89aa7df64846e5855fbd3acb00e,2987a546cb3f48253dcdfdc400036a68d1977eddb1012f753e54eca010acedd8,38669e3f0e715d12f919bbd64ba6e09fbb431145f819869ebd01d20e8fde4ed0,4b5b7791539478f9b2562d1b176e235ac7b641e1afdc40c3d5242661d9dbed3d,2ad0e9f7bbdfe12695c931891fd0e8132d060fd7bcbca23623db43d4c7393a5c,561839806dcdb8279ac4e42025bc5a82751f2588a2b2066fa84637918d8e4896
mc_2d0569a960ba12f05410ffb1b380b19cb089043ae83626b60e67139231707765,BE_TABULA_11,Detached house,1971-1990,TABULA_existing,231ef175659def943b74235aceb0ef9def0e53fc195cdad7a8338fa6b54777e3,rcp_2_6,weather_2050_rcp_2_6_pvgis_2006,pvgis_2006,2006,3292453555,54,central,central,fb59b12e82b041c59cc8a3933745a40e92c5e89aa7df64846e5855fbd3acb00e,2987a546cb3f48253dcdfdc400036a68d1977eddb1012f753e54eca010acedd8,38669e3f0e715d12f919bbd64ba6e09fbb431145f819869ebd01d20e8fde4ed0,4b5b7791539478f9b2562d1b176e235ac7b641e1afdc40c3d5242661d9dbed3d,2ad0e9f7bbdfe12695c931891fd0e8132d060fd7bcbca23623db43d4c7393a5c,561839806dcdb8279ac4e42025bc5a82751f2588a2b2066fa84637918d8e4896
mc_a49d7c438d95353219b7bf8913e0691f68623a95837740d26593b2f4eda9f602,BE_TABULA_11,Detached house,1971-1990,TABULA_existing,231ef175659def943b74235aceb0ef9def0e53fc195cdad7a8338fa6b54777e3,rcp_2_6,weather_2050_rcp_2_6_pvgis_2006,pvgis_2006,2006,4217880632,55,central,central,fb59b12e82b041c59cc8a3933745a40e92c5e89aa7df64846e5855fbd3acb00e,2987a546cb3f48253dcdfdc400036a68d1977eddb1012f753e54eca010acedd8,38669e3f0e715d12f919bbd64ba6e09fbb431145f819869ebd01d20e8fde4ed0,4b5b7791539478f9b2562d1b176e235ac7b641e1afdc40c3d5242661d9dbed3d,2ad0e9f7bbdfe12695c931891fd0e8132d060fd7bcbca23623db43d4c7393a5c,561839806dcdb8279ac4e42025bc5a82751f2588a2b2066fa84637918d8e4896
mc_ca7899262d40256513d521260bed2bae32d3d4f7f964154664b1b79a147c3fdd,BE_TABULA_11,Detached house,1971-1990,TABULA_existing,231ef175659def943b74235aceb0ef9def0e53fc195cdad7a8338fa6b54777e3,rcp_2_6,weather_2050_rcp_2_6_pvgis_2006,pvgis_2006,2006,3936536578,56,central,central,fb59b12e82b041c59cc8a3933745a40e92c5e89aa7df64846e5855fbd3acb00e,2987a546cb3f48253dcdfdc400036a68d1977eddb1012f753e54eca010acedd8,38669e3f0e715d12f919bbd64ba6e09fbb431145f819869ebd01d20e8fde4ed0,4b5b7791539478f9b2562d1b176e235ac7b641e1afdc40c3d5242661d9dbed3d,2ad0e9f7bbdfe12695c931891fd0e8132d060fd7bcbca23623db43d4c7393a5c,561839806dcdb8279ac4e42025bc5a82751f2588a2b2066fa84637918d8e4896
mc_1d5e02c131a9641514fdf7a7d03abb1b0ad2dc7c8318a2e5d3f5e69b54875d8e,BE_TABULA_11,Detached house,1971-1990,TABULA_existing,231ef175659def943b74235aceb0ef9def0e53fc195cdad7a8338fa6b54777e3,rcp_2_6,weather_2050_rcp_2_6_pvgis_2006,pvgis_2006,2006,2415921962,57,central,central,fb59b12e82b041c59cc8a3933745a40e92c5e89aa7df64846e5855fbd3acb00e,2987a546cb3f48253dcdfdc400036a68d1977eddb1012f753e54eca010acedd8,38669e3f0e715d12f919bbd64ba6e09fbb431145f819869ebd01d20e8fde4ed0,4b5b7791539478f9b2562d1b176e235ac7b641e1afdc40c3d5242661d9dbed3d,2ad0e9f7bbdfe12695c931891fd0e8132d060fd7bcbca23623db43d4c7393a5c,561839806dcdb8279ac4e42025bc5a82751f2588a2b2066fa84637918d8e4896
mc_b9da9438dcfb87355ffd9104a27e214c753052727c2be7ce0c552c102678c1d4,BE_TABULA_11,Detached house,1971-1990,TABULA_existing,231ef175659def943b74235aceb0ef9def0e53fc195cdad7a8338fa6b54777e3,rcp_2_6,weather_2050_rcp_2_6_pvgis_2006,pvgis_2006,2006,1719658758,58,central,central,fb59b12e82b041c59cc8a3933745a40e92c5e89aa7df64846e5855fbd3acb00e,2987a546cb3f48253dcdfdc400036a68d1977eddb1012f753e54eca010acedd8,38669e3f0e715d12f919bbd64ba6e09fbb431145f819869ebd01d20e8fde4ed0,4b5b7791539478f9b2562d1b176e235ac7b641e1afdc40c3d5242661d9dbed3d,2ad0e9f7bbdfe12695c931891fd0e8132d060fd7bcbca23623db43d4c7393a5c,561839806dcdb8279ac4e42025bc5a82751f2588a2b2066fa84637918d8e4896
mc_d8cc838ca31db346c41ac6021322d50d6df807badfd86699c64d324ab62283b1,BE_TABULA_11,Detached house,1971-1990,TABULA_existing,231ef175659def943b74235aceb0ef9def0e53fc195cdad7a8338fa6b54777e3,rcp_2_6,weather_2050_rcp_2_6_pvgis_2006,pvgis_2006,2006,229503377,59,central,central,fb59b12e82b041c59cc8a3933745a40e92c5e89aa7df64846e5855fbd3acb00e,2987a546cb3f48253dcdfdc400036a68d1977eddb1012f753e54eca010acedd8,38669e3f0e715d12f919bbd64ba6e09fbb431145f819869ebd01d20e8fde4ed0,4b5b7791539478f9b2562d1b176e235ac7b641e1afdc40c3d5242661d9dbed3d,2ad0e9f7bbdfe12695c931891fd0e8132d060fd7bcbca23623db43d4c7393a5c,561839806dcdb8279ac4e42025bc5a82751f2588a2b2066fa84637918d8e4896
mc_720ccabf5ff6e0a486aa2a621ebcfb8378ccb599df1e01dd75fced315d78338f,BE_TABULA_11,Detached house,1971-1990,TABULA_existing,231ef175659def943b74235aceb0ef9def0e53fc195cdad7a8338fa6b54777e3,rcp_2_6,weather_2050_rcp_2_6_pvgis_2006,pvgis_2006,2006,3209387723,60,central,central,fb59b12e82b041c59cc8a3933745a40e92c5e89aa7df64846e5855fbd3acb00e,2987a546cb3f48253dcdfdc400036a68d1977eddb1012f753e54eca010acedd8,38669e3f0e715d12f919bbd64ba6e09fbb431145f819869ebd01d20e8fde4ed0,4b5b7791539478f9b2562d1b176e235ac7b641e1afdc40c3d5242661d9dbed3d,2ad0e9f7bbdfe12695c931891fd0e8132d060fd7bcbca23623db43d4c7393a5c,561839806dcdb8279ac4e42025bc5a82751f2588a2b2066fa84637918d8e4896
mc_3c1494244eecf95241aefe43de6fa4a942d46d0fdef1c7a0ce35c8954b457eed,BE_TABULA_11,Detached house,1971-1990,TABULA_existing,231ef175659def943b74235aceb0ef9def0e53fc195cdad7a8338fa6b54777e3,rcp_2_6,weather_2050_rcp_2_6_pvgis_2006,pvgis_2006,2006,3772491886,61,central,central,fb59b12e82b041c59cc8a3933745a40e92c5e89aa7df64846e5855fbd3acb00e,2987a546cb3f48253dcdfdc400036a68d1977eddb1012f753e54eca010acedd8,38669e3f0e715d12f919bbd64ba6e09fbb431145f819869ebd01d20e8fde4ed0,4b5b7791539478f9b2562d1b176e235ac7b641e1afdc40c3d5242661d9dbed3d,2ad0e9f7bbdfe12695c931891fd0e8132d060fd7bcbca23623db43d4c7393a5c,561839806dcdb8279ac4e42025bc5a82751f2588a2b2066fa84637918d8e4896
mc_a090bf1363d93d02e10e256a24e25623e1be509489376efa91f31591319eb252,BE_TABULA_11,Detached house,1971-1990,TABULA_existing,231ef175659def943b74235aceb0ef9def0e53fc195cdad7a8338fa6b54777e3,rcp_2_6,weather_2050_rcp_2_6_pvgis_2006,pvgis_2006,2006,1635250833,62,central,central,fb59b12e82b041c59cc8a3933745a40e92c5e89aa7df64846e5855fbd3acb00e,2987a546cb3f48253dcdfdc400036a68d1977eddb1012f753e54eca010acedd8,38669e3f0e715d12f919bbd64ba6e09fbb431145f819869ebd01d20e8fde4ed0,4b5b7791539478f9b2562d1b176e235ac7b641e1afdc40c3d5242661d9dbed3d,2ad0e9f7bbdfe12695c931891fd0e8132d060fd7bcbca23623db43d4c7393a5c,561839806dcdb8279ac4e42025bc5a82751f2588a2b2066fa84637918d8e4896
mc_6ac7d4a236b0eabd557a5b81e262c02e8580d3ed6f8f228622586c6f7bd884a8,BE_TABULA_11,Detached house,1971-1990,TABULA_existing,231ef175659def943b74235aceb0ef9def0e53fc195cdad7a8338fa6b54777e3,rcp_2_6,weather_2050_rcp_2_6_pvgis_2006,pvgis_2006,2006,4035582952,63,central,central,fb59b12e82b041c59cc8a3933745a40e92c5e89aa7df64846e5855fbd3acb00e,2987a546cb3f48253dcdfdc400036a68d1977eddb1012f753e54eca010acedd8,38669e3f0e715d12f919bbd64ba6e09fbb431145f819869ebd01d20e8fde4ed0,4b5b7791539478f9b2562d1b176e235ac7b641e1afdc40c3d5242661d9dbed3d,2ad0e9f7bbdfe12695c931891fd0e8132d060fd7bcbca23623db43d4c7393a5c,561839806dcdb8279ac4e42025bc5a82751f2588a2b2066fa84637918d8e4896
mc_6b7387b6e346b76a98bc7998315e1cb17e561f1ef8c2a20f0d9e29a159c54dc4,BE_TABULA_11,Detached house,1971-1990,TABULA_existing,231ef175659def943b74235aceb0ef9def0e53fc195cdad7a8338fa6b54777e3,rcp_2_6,weather_2050_rcp_2_6_pvgis_2006,pvgis_2006,2006,615541883,64,central,central,fb59b12e82b041c59cc8a3933745a40e92c5e89aa7df64846e5855fbd3acb00e,2987a546cb3f48253dcdfdc400036a68d1977eddb1012f753e54eca010acedd8,38669e3f0e715d12f919bbd64ba6e09fbb431145f819869ebd01d20e8fde4ed0,4b5b7791539478f9b2562d1b176e235ac7b641e1afdc40c3d5242661d9dbed3d,2ad0e9f7bbdfe12695c931891fd0e8132d060fd7bcbca23623db43d4c7393a5c,561839806dcdb8279ac4e42025bc5a82751f2588a2b2066fa84637918d8e4896
mc_bfcd170409d001ba6edb9b897ec2f1168ee7b3b18e94c64caca06db36f8a423f,BE_TABULA_11,Detached house,1971-1990,TABULA_existing,231ef175659def943b74235aceb0ef9def0e53fc195cdad7a8338fa6b54777e3,rcp_2_6,weather_2050_rcp_2_6_pvgis_2006,pvgis_2006,2006,3820219209,65,central,central,fb59b12e82b041c59cc8a3933745a40e92c5e89aa7df64846e5855fbd3acb00e,2987a546cb3f48253dcdfdc400036a68d1977eddb1012f753e54eca010acedd8,38669e3f0e715d12f919bbd64ba6e09fbb431145f819869ebd01d20e8fde4ed0,4b5b7791539478f9b2562d1b176e235ac7b641e1afdc40c3d5242661d9dbed3d,2ad0e9f7bbdfe12695c931891fd0e8132d060fd7bcbca23623db43d4c7393a5c,561839806dcdb8279ac4e42025bc5a82751f2588a2b2066fa84637918d8e4896
mc_be4ac290db48bd1b397667f471bfde704e80fb2e9ed130510e0bc82fedf8c8dd,BE_TABULA_11,Detached house,1971-1990,TABULA_existing,231ef175659def943b74235aceb0ef9def0e53fc195cdad7a8338fa6b54777e3,rcp_2_6,weather_2050_rcp_2_6_pvgis_2006,pvgis_2006,2006,2055890937,66,central,central,fb59b12e82b041c59cc8a3933745a40e92c5e89aa7df64846e5855fbd3acb00e,2987a546cb3f48253dcdfdc400036a68d1977eddb1012f753e54eca010acedd8,38669e3f0e715d12f919bbd64ba6e09fbb431145f819869ebd01d20e8fde4ed0,4b5b7791539478f9b2562d1b176e235ac7b641e1afdc40c3d5242661d9dbed3d,2ad0e9f7bbdfe12695c931891fd0e8132d060fd7bcbca23623db43d4c7393a5c,561839806dcdb8279ac4e42025bc5a82751f2588a2b2066fa84637918d8e4896
mc_a61880b361ad0acb5547484fa668a5a46f0a87756a5c95dcfc470d721f39a15f,BE_TABULA_11,Detached house,1971-1990,TABULA_existing,231ef175659def943b74235aceb0ef9def0e53fc195cdad7a8338fa6b54777e3,rcp_2_6,weather_2050_rcp_2_6_pvgis_2006,pvgis_2006,2006,3962631770,67,central,central,fb59b12e82b041c59cc8a3933745a40e92c5e89aa7df64846e5855fbd3acb00e,2987a546cb3f48253dcdfdc400036a68d1977eddb1012f753e54eca010acedd8,38669e3f0e715d12f919bbd64ba6e09fbb431145f819869ebd01d20e8fde4ed0,4b5b7791539478f9b2562d1b176e235ac7b641e1afdc40c3d5242661d9dbed3d,2ad0e9f7bbdfe12695c931891fd0e8132d060fd7bcbca23623db43d4c7393a5c,561839806dcdb8279ac4e42025bc5a82751f2588a2b2066fa84637918d8e4896
mc_8c569bf81a95068cc040181cd3753fc695799012c714ba843a483085288c68e9,BE_TABULA_11,Detached house,1971-1990,TABULA_existing,231ef175659def943b74235aceb0ef9def0e53fc195cdad7a8338fa6b54777e3,rcp_2_6,weather_2050_rcp_2_6_pvgis_2006,pvgis_2006,2006,292497774,68,central,central,fb59b12e82b041c59cc8a3933745a40e92c5e89aa7df64846e5855fbd3acb00e,2987a546cb3f48253dcdfdc400036a68d1977eddb1012f753e54eca010acedd8,38669e3f0e715d12f919bbd64ba6e09fbb431145f819869ebd01d20e8fde4ed0,4b5b7791539478f9b2562d1b176e235ac7b641e1afdc40c3d5242661d9dbed3d,2ad0e9f7bbdfe12695c931891fd0e8132d060fd7bcbca23623db43d4c7393a5c,561839806dcdb8279ac4e42025bc5a82751f2588a2b2066fa84637918d8e4896
mc_9e5827b2984c0c2283c1f8a68dedaa81f3e8da2292d5684947028879e5b0b914,BE_TABULA_11,Detached house,1971-1990,TABULA_existing,231ef175659def943b74235aceb0ef9def0e53fc195cdad7a8338fa6b54777e3,rcp_2_6,weather_2050_rcp_2_6_pvgis_2006,pvgis_2006,2006,238028136,69,central,central,fb59b12e82b041c59cc8a3933745a40e92c5e89aa7df64846e5855fbd3acb00e,2987a546cb3f48253dcdfdc400036a68d1977eddb1012f753e54eca010acedd8,38669e3f0e715d12f919bbd64ba6e09fbb431145f819869ebd01d20e8fde4ed0,4b5b7791539478f9b2562d1b176e235ac7b641e1afdc40c3d5242661d9dbed3d,2ad0e9f7bbdfe12695c931891fd0e8132d060fd7bcbca23623db43d4c7393a5c,561839806dcdb8279ac4e42025bc5a82751f2588a2b2066fa84637918d8e4896
mc_b31a0190a3f2f45eea88913b14fd81394191d006d8467669e7151984bb7309c8,BE_TABULA_11,Detached house,1971-1990,TABULA_existing,231ef175659def943b74235aceb0ef9def0e53fc195cdad7a8338fa6b54777e3,rcp_2_6,weather_2050_rcp_2_6_pvgis_2006,pvgis_2006,2006,2973159850,70,central,central,fb59b12e82b041c59cc8a3933745a40e92c5e89aa7df64846e5855fbd3acb00e,2987a546cb3f48253dcdfdc400036a68d1977eddb1012f753e54eca010acedd8,38669e3f0e715d12f919bbd64ba6e09fbb431145f819869ebd01d20e8fde4ed0,4b5b7791539478f9b2562d1b176e235ac7b641e1afdc40c3d5242661d9dbed3d,2ad0e9f7bbdfe12695c931891fd0e8132d060fd7bcbca23623db43d4c7393a5c,561839806dcdb8279ac4e42025bc5a82751f2588a2b2066fa84637918d8e4896
mc_cca48d679227045dca483e36eb1bad3648e6014d33ec0473c8e804e46cfeed8f,BE_TABULA_11,Detached house,1971-1990,TABULA_existing,231ef175659def943b74235aceb0ef9def0e53fc195cdad7a8338fa6b54777e3,rcp_2_6,weather_2050_rcp_2_6_pvgis_2006,pvgis_2006,2006,3979556006,71,central,central,fb59b12e82b041c59cc8a3933745a40e92c5e89aa7df64846e5855fbd3acb00e,2987a546cb3f48253dcdfdc400036a68d1977eddb1012f753e54eca010acedd8,38669e3f0e715d12f919bbd64ba6e09fbb431145f819869ebd01d20e8fde4ed0,4b5b7791539478f9b2562d1b176e235ac7b641e1afdc40c3d5242661d9dbed3d,2ad0e9f7bbdfe12695c931891fd0e8132d060fd7bcbca23623db43d4c7393a5c,561839806dcdb8279ac4e42025bc5a82751f2588a2b2066fa84637918d8e4896
mc_8bd5d78850a99d1b58fec157b2b1aa8271105b8a52ad91b76105dcc624539f14,BE_TABULA_11,Detached house,1971-1990,TABULA_existing,231ef175659def943b74235aceb0ef9def0e53fc195cdad7a8338fa6b54777e3,rcp_2_6,weather_2050_rcp_2_6_pvgis_2006,pvgis_2006,2006,2849274450,72,central,central,fb59b12e82b041c59cc8a3933745a40e92c5e89aa7df64846e5855fbd3acb00e,2987a546cb3f48253dcdfdc400036a68d1977eddb1012f753e54eca010acedd8,38669e3f0e715d12f919bbd64ba6e09fbb431145f819869ebd01d20e8fde4ed0,4b5b7791539478f9b2562d1b176e235ac7b641e1afdc40c3d5242661d9dbed3d,2ad0e9f7bbdfe12695c931891fd0e8132d060fd7bcbca23623db43d4c7393a5c,561839806dcdb8279ac4e42025bc5a82751f2588a2b2066fa84637918d8e4896
mc_667f50d5e6fed6fc23f48093bd2f5c47919c4a99442f96989f5965a9c9cf8832,BE_TABULA_11,Detached house,1971-1990,TABULA_existing,231ef175659def943b74235aceb0ef9def0e53fc195cdad7a8338fa6b54777e3,rcp_2_6,weather_2050_rcp_2_6_pvgis_2006,pvgis_2006,2006,1707147214,73,central,central,fb59b12e82b041c59cc8a3933745a40e92c5e89aa7df64846e5855fbd3acb00e,2987a546cb3f48253dcdfdc400036a68d1977eddb1012f753e54eca010acedd8,38669e3f0e715d12f919bbd64ba6e09fbb431145f819869ebd01d20e8fde4ed0,4b5b7791539478f9b2562d1b176e235ac7b641e1afdc40c3d5242661d9dbed3d,2ad0e9f7bbdfe12695c931891fd0e8132d060fd7bcbca23623db43d4c7393a5c,561839806dcdb8279ac4e42025bc5a82751f2588a2b2066fa84637918d8e4896
mc_835c22cfd56d7ffb730fc4456227967ae8457e8394fdc6d73d9b4ac02131759c,BE_TABULA_11,Detached house,1971-1990,TABULA_existing,231ef175659def943b74235aceb0ef9def0e53fc195cdad7a8338fa6b54777e3,rcp_2_6,weather_2050_rcp_2_6_pvgis_2006,pvgis_2006,2006,422447889,74,central,central,fb59b12e82b041c59cc8a3933745a40e92c5e89aa7df64846e5855fbd3acb00e,2987a546cb3f48253dcdfdc400036a68d1977eddb1012f753e54eca010acedd8,38669e3f0e715d12f919bbd64ba6e09fbb431145f819869ebd01d20e8fde4ed0,4b5b7791539478f9b2562d1b176e235ac7b641e1afdc40c3d5242661d9dbed3d,2ad0e9f7bbdfe12695c931891fd0e8132d060fd7bcbca23623db43d4c7393a5c,561839806dcdb8279ac4e42025bc5a82751f2588a2b2066fa84637918d8e4896
mc_46fe16c0298343ec344720effe9a269f89fa2b3a407a70015ab1bd6c6dec15b0,BE_TABULA_11,Detached house,1971-1990,TABULA_existing,231ef175659def943b74235aceb0ef9def0e53fc195cdad7a8338fa6b54777e3,rcp_2_6,weather_2050_rcp_2_6_pvgis_2006,pvgis_2006,2006,216697226,75,central,central,fb59b12e82b041c59cc8a3933745a40e92c5e89aa7df64846e5855fbd3acb00e,2987a546cb3f48253dcdfdc400036a68d1977eddb1012f753e54eca010acedd8,38669e3f0e715d12f919bbd64ba6e09fbb431145f819869ebd01d20e8fde4ed0,4b5b7791539478f9b2562d1b176e235ac7b641e1afdc40c3d5242661d9dbed3d,2ad0e9f7bbdfe12695c931891fd0e8132d060fd7bcbca23623db43d4c7393a5c,561839806dcdb8279ac4e42025bc5a82751f2588a2b2066fa84637918d8e4896
mc_2fee7767e53d60ca61e03f8fa9094f9ea8ea4e0b4578e4cb73480c901a203bc4,BE_TABULA_11,Detached house,1971-1990,TABULA_existing,231ef175659def943b74235aceb0ef9def0e53fc195cdad7a8338fa6b54777e3,rcp_2_6,weather_2050_rcp_2_6_pvgis_2006,pvgis_2006,2006,1850706042,76,central,central,fb59b12e82b041c59cc8a3933745a40e92c5e89aa7df64846e5855fbd3acb00e,2987a546cb3f48253dcdfdc400036a68d1977eddb1012f753e54eca010acedd8,38669e3f0e715d12f919bbd64ba6e09fbb431145f819869ebd01d20e8fde4ed0,4b5b7791539478f9b2562d1b176e235ac7b641e1afdc40c3d5242661d9dbed3d,2ad0e9f7bbdfe12695c931891fd0e8132d060fd7bcbca23623db43d4c7393a5c,561839806dcdb8279ac4e42025bc5a82751f2588a2b2066fa84637918d8e4896
mc_ebde2bf3e0d5d208a8ed2773c302ffeb3a69bf10406ab586557d4a24a7821e62,BE_TABULA_11,Detached house,1971-1990,TABULA_existing,231ef175659def943b74235aceb0ef9def0e53fc195cdad7a8338fa6b54777e3,rcp_2_6,weather_2050_rcp_2_6_pvgis_2006,pvgis_2006,2006,2345298607,77,central,central,fb59b12e82b041c59cc8a3933745a40e92c5e89aa7df64846e5855fbd3acb00e,2987a546cb3f48253dcdfdc400036a68d1977eddb1012f753e54eca010acedd8,38669e3f0e715d12f919bbd64ba6e09fbb431145f819869ebd01d20e8fde4ed0,4b5b7791539478f9b2562d1b176e235ac7b641e1afdc40c3d5242661d9dbed3d,2ad0e9f7bbdfe12695c931891fd0e8132d060fd7bcbca23623db43d4c7393a5c,561839806dcdb8279ac4e42025bc5a82751f2588a2b2066fa84637918d8e4896
mc_bf179377ef2245d0b0596e407a46a95593ac1080115d48abc93cae75a051f56b,BE_TABULA_11,Detached house,1971-1990,TABULA_existing,231ef175659def943b74235aceb0ef9def0e53fc195cdad7a8338fa6b54777e3,rcp_2_6,weather_2050_rcp_2_6_pvgis_2006,pvgis_2006,2006,2582489112,78,central,central,fb59b12e82b041c59cc8a3933745a40e92c5e89aa7df64846e5855fbd3acb00e,2987a546cb3f48253dcdfdc400036a68d1977eddb1012f753e54eca010acedd8,38669e3f0e715d12f919bbd64ba6e09fbb431145f819869ebd01d20e8fde4ed0,4b5b7791539478f9b2562d1b176e235ac7b641e1afdc40c3d5242661d9dbed3d,2ad0e9f7bbdfe12695c931891fd0e8132d060fd7bcbca23623db43d4c7393a5c,561839806dcdb8279ac4e42025bc5a82751f2588a2b2066fa84637918d8e4896
mc_2ce9483e5b7838dcce10cdc44a1f1c1a8b9166d0491d409056b9b85f451465e8,BE_TABULA_11,Detached house,1971-1990,TABULA_existing,231ef175659def943b74235aceb0ef9def0e53fc195cdad7a8338fa6b54777e3,rcp_2_6,weather_2050_rcp_2_6_pvgis_2006,pvgis_2006,2006,1092453103,79,central,central,fb59b12e82b041c59cc8a3933745a40e92c5e89aa7df64846e5855fbd3acb00e,2987a546cb3f48253dcdfdc400036a68d1977eddb1012f753e54eca010acedd8,38669e3f0e715d12f919bbd64ba6e09fbb431145f819869ebd01d20e8fde4ed0,4b5b7791539478f9b2562d1b176e235ac7b641e1afdc40c3d5242661d9dbed3d,2ad0e9f7bbdfe12695c931891fd0e8132d060fd7bcbca23623db43d4c7393a5c,561839806dcdb8279ac4e42025bc5a82751f2588a2b2066fa84637918d8e4896
mc_894d292427a2941f3d10b427f1876986eef37d3d0dbda992abd87b05a2da1aca,BE_TABULA_11,Detached house,1971-1990,TABULA_existing,231ef175659def943b74235aceb0ef9def0e53fc195cdad7a8338fa6b54777e3,rcp_2_6,weather_2050_rcp_2_6_pvgis_2006,pvgis_2006,2006,2333746188,80,central,central,fb59b12e82b041c59cc8a3933745a40e92c5e89aa7df64846e5855fbd3acb00e,2987a546cb3f48253dcdfdc400036a68d1977eddb1012f753e54eca010acedd8,38669e3f0e715d12f919bbd64ba6e09fbb431145f819869ebd01d20e8fde4ed0,4b5b7791539478f9b2562d1b176e235ac7b641e1afdc40c3d5242661d9dbed3d,2ad0e9f7bbdfe12695c931891fd0e8132d060fd7bcbca23623db43d4c7393a5c,561839806dcdb8279ac4e42025bc5a82751f2588a2b2066fa84637918d8e4896
mc_e3cfa3c89628a7041ead4ec7e217502274897fccf14c1fa283ec48a1146f5607,BE_TABULA_11,Detached house,1971-1990,TABULA_existing,231ef175659def943b74235aceb0ef9def0e53fc195cdad7a8338fa6b54777e3,rcp_2_6,weather_2050_rcp_2_6_pvgis_2006,pvgis_2006,2006,290922874,81,central,central,fb59b12e82b041c59cc8a3933745a40e92c5e89aa7df64846e5855fbd3acb00e,2987a546cb3f48253dcdfdc400036a68d1977eddb1012f753e54eca010acedd8,38669e3f0e715d12f919bbd64ba6e09fbb431145f819869ebd01d20e8fde4ed0,4b5b7791539478f9b2562d1b176e235ac7b641e1afdc40c3d5242661d9dbed3d,2ad0e9f7bbdfe12695c931891fd0e8132d060fd7bcbca23623db43d4c7393a5c,561839806dcdb8279ac4e42025bc5a82751f2588a2b2066fa84637918d8e4896
mc_ea73c6e6992377dc0adaf5c6415498943ac001d8de7c2bf105bb19ac951e74da,BE_TABULA_11,Detached house,1971-1990,TABULA_existing,231ef175659def943b74235aceb0ef9def0e53fc195cdad7a8338fa6b54777e3,rcp_2_6,weather_2050_rcp_2_6_pvgis_2006,pvgis_2006,2006,2221754146,82,central,central,fb59b12e82b041c59cc8a3933745a40e92c5e89aa7df64846e5855fbd3acb00e,2987a546cb3f48253dcdfdc400036a68d1977eddb1012f753e54eca010acedd8,38669e3f0e715d12f919bbd64ba6e09fbb431145f819869ebd01d20e8fde4ed0,4b5b7791539478f9b2562d1b176e235ac7b641e1afdc40c3d5242661d9dbed3d,2ad0e9f7bbdfe12695c931891fd0e8132d060fd7bcbca23623db43d4c7393a5c,561839806dcdb8279ac4e42025bc5a82751f2588a2b2066fa84637918d8e4896
mc_a331d9541120fa139cfebb838262252c40e7f9f9017b4d99dcbe5e5d8d8e0f55,BE_TABULA_11,Detached house,1971-1990,TABULA_existing,231ef175659def943b74235aceb0ef9def0e53fc195cdad7a8338fa6b54777e3,rcp_2_6,weather_2050_rcp_2_6_pvgis_2006,pvgis_2006,2006,1816115144,83,central,central,fb59b12e82b041c59cc8a3933745a40e92c5e89aa7df64846e5855fbd3acb00e,2987a546cb3f48253dcdfdc400036a68d1977eddb1012f753e54eca010acedd8,38669e3f0e715d12f919bbd64ba6e09fbb431145f819869ebd01d20e8fde4ed0,4b5b7791539478f9b2562d1b176e235ac7b641e1afdc40c3d5242661d9dbed3d,2ad0e9f7bbdfe12695c931891fd0e8132d060fd7bcbca23623db43d4c7393a5c,561839806dcdb8279ac4e42025bc5a82751f2588a2b2066fa84637918d8e4896
mc_d34914a006230ee1c2b9c885d0237fe825a2811283ea28b039e5bd8cb4135a71,BE_TABULA_11,Detached house,1971-1990,TABULA_existing,231ef175659def943b74235aceb0ef9def0e53fc195cdad7a8338fa6b54777e3,rcp_2_6,weather_2050_rcp_2_6_pvgis_2006,pvgis_2006,2006,3240729649,84,central,central,fb59b12e82b041c59cc8a3933745a40e92c5e89aa7df64846e5855fbd3acb00e,2987a546cb3f48253dcdfdc400036a68d1977eddb1012f753e54eca010acedd8,38669e3f0e715d12f919bbd64ba6e09fbb431145f819869ebd01d20e8fde4ed0,4b5b7791539478f9b2562d1b176e235ac7b641e1afdc40c3d5242661d9dbed3d,2ad0e9f7bbdfe12695c931891fd0e8132d060fd7bcbca23623db43d4c7393a5c,561839806dcdb8279ac4e42025bc5a82751f2588a2b2066fa84637918d8e4896
mc_52705916277775030667f8ccaf502673b35cb39cd8d26fe18b632dfe3ba8415d,BE_TABULA_11,Detached house,1971-1990,TABULA_existing,231ef175659def943b74235aceb0ef9def0e53fc195cdad7a8338fa6b54777e3,rcp_2_6,weather_2050_rcp_2_6_pvgis_2006,pvgis_2006,2006,2288844644,85,central,central,fb59b12e82b041c59cc8a3933745a40e92c5e89aa7df64846e5855fbd3acb00e,2987a546cb3f48253dcdfdc400036a68d1977eddb1012f753e54eca010acedd8,38669e3f0e715d12f919bbd64ba6e09fbb431145f819869ebd01d20e8fde4ed0,4b5b7791539478f9b2562d1b176e235ac7b641e1afdc40c3d5242661d9dbed3d,2ad0e9f7bbdfe12695c931891fd0e8132d060fd7bcbca23623db43d4c7393a5c,561839806dcdb8279ac4e42025bc5a82751f2588a2b2066fa84637918d8e4896
mc_b28eec6a627146c7be5339033d51cca7bbb303c77195caaa25814a2fd6d85fe3,BE_TABULA_11,Detached house,1971-1990,TABULA_existing,231ef175659def943b74235aceb0ef9def0e53fc195cdad7a8338fa6b54777e3,rcp_2_6,weather_2050_rcp_2_6_pvgis_2006,pvgis_2006,2006,3778118032,86,central,central,fb59b12e82b041c59cc8a3933745a40e92c5e89aa7df64846e5855fbd3acb00e,2987a546cb3f48253dcdfdc400036a68d1977eddb1012f753e54eca010acedd8,38669e3f0e715d12f919bbd64ba6e09fbb431145f819869ebd01d20e8fde4ed0,4b5b7791539478f9b2562d1b176e235ac7b641e1afdc40c3d5242661d9dbed3d,2ad0e9f7bbdfe12695c931891fd0e8132d060fd7bcbca23623db43d4c7393a5c,561839806dcdb8279ac4e42025bc5a82751f2588a2b2066fa84637918d8e4896
mc_395bcabb1f49fa7852d41fe160602b3ee14ff43d690e891369f1354c4cb78c36,BE_TABULA_11,Detached house,1971-1990,TABULA_existing,231ef175659def943b74235aceb0ef9def0e53fc195cdad7a8338fa6b54777e3,rcp_2_6,weather_2050_rcp_2_6_pvgis_2006,pvgis_2006,2006,96231892,87,central,central,fb59b12e82b041c59cc8a3933745a40e92c5e89aa7df64846e5855fbd3acb00e,2987a546cb3f48253dcdfdc400036a68d1977eddb1012f753e54eca010acedd8,38669e3f0e715d12f919bbd64ba6e09fbb431145f819869ebd01d20e8fde4ed0,4b5b7791539478f9b2562d1b176e235ac7b641e1afdc40c3d5242661d9dbed3d,2ad0e9f7bbdfe12695c931891fd0e8132d060fd7bcbca23623db43d4c7393a5c,561839806dcdb8279ac4e42025bc5a82751f2588a2b2066fa84637918d8e4896
mc_9f405883ced22f4c49cba89a2cc9054073bba02a1d048fe1fdfa1d1f981b067f,BE_TABULA_11,Detached house,1971-1990,TABULA_existing,231ef175659def943b74235aceb0ef9def0e53fc195cdad7a8338fa6b54777e3,rcp_2_6,weather_2050_rcp_2_6_pvgis_2006,pvgis_2006,2006,3338747715,88,central,central,fb59b12e82b041c59cc8a3933745a40e92c5e89aa7df64846e5855fbd3acb00e,2987a546cb3f48253dcdfdc400036a68d1977eddb1012f753e54eca010acedd8,38669e3f0e715d12f919bbd64ba6e09fbb431145f819869ebd01d20e8fde4ed0,4b5b7791539478f9b2562d1b176e235ac7b641e1afdc40c3d5242661d9dbed3d,2ad0e9f7bbdfe12695c931891fd0e8132d060fd7bcbca23623db43d4c7393a5c,561839806dcdb8279ac4e42025bc5a82751f2588a2b2066fa84637918d8e4896
mc_7ad3ec42d95a316a98488e72edbcdbaf7802ff5c6e389ce7899650ce18f2e285,BE_TABULA_11,Detached house,1971-1990,TABULA_existing,231ef175659def943b74235aceb0ef9def0e53fc195cdad7a8338fa6b54777e3,rcp_2_6,weather_2050_rcp_2_6_pvgis_2006,pvgis_2006,2006,799376848,89,central,central,fb59b12e82b041c59cc8a3933745a40e92c5e89aa7df64846e5855fbd3acb00e,2987a546cb3f48253dcdfdc400036a68d1977eddb1012f753e54eca010acedd8,38669e3f0e715d12f919bbd64ba6e09fbb431145f819869ebd01d20e8fde4ed0,4b5b7791539478f9b2562d1b176e235ac7b641e1afdc40c3d5242661d9dbed3d,2ad0e9f7bbdfe12695c931891fd0e8132d060fd7bcbca23623db43d4c7393a5c,561839806dcdb8279ac4e42025bc5a82751f2588a2b2066fa84637918d8e4896
mc_a73ede2e4e8c7bfe7c91da6fc4205d09e3bc7a76d65b4ef875f49497db2cec72,BE_TABULA_11,Detached house,1971-1990,TABULA_existing,231ef175659def943b74235aceb0ef9def0e53fc195cdad7a8338fa6b54777e3,rcp_2_6,weather_2050_rcp_2_6_pvgis_2006,pvgis_2006,2006,3364469763,90,central,central,fb59b12e82b041c59cc8a3933745a40e92c5e89aa7df64846e5855fbd3acb00e,2987a546cb3f48253dcdfdc400036a68d1977eddb1012f753e54eca010acedd8,38669e3f0e715d12f919bbd64ba6e09fbb431145f819869ebd01d20e8fde4ed0,4b5b7791539478f9b2562d1b176e235ac7b641e1afdc40c3d5242661d9dbed3d,2ad0e9f7bbdfe12695c931891fd0e8132d060fd7bcbca23623db43d4c7393a5c,561839806dcdb8279ac4e42025bc5a82751f2588a2b2066fa84637918d8e4896
mc_6251a14f64264f894fc9f58643a293a68baa9f4cc00e665ade1d921c5d16cd30,BE_TABULA_11,Detached house,1971-1990,TABULA_existing,231ef175659def943b74235aceb0ef9def0e53fc195cdad7a8338fa6b54777e3,rcp_2_6,weather_2050_rcp_2_6_pvgis_2006,pvgis_2006,2006,179395282,91,central,central,fb59b12e82b041c59cc8a3933745a40e92c5e89aa7df64846e5855fbd3acb00e,2987a546cb3f48253dcdfdc400036a68d1977eddb1012f753e54eca010acedd8,38669e3f0e715d12f919bbd64ba6e09fbb431145f819869ebd01d20e8fde4ed0,4b5b7791539478f9b2562d1b176e235ac7b641e1afdc40c3d5242661d9dbed3d,2ad0e9f7bbdfe12695c931891fd0e8132d060fd7bcbca23623db43d4c7393a5c,561839806dcdb8279ac4e42025bc5a82751f2588a2b2066fa84637918d8e4896
mc_1f6250fc0e9989dd948bb55c5dda37eb4484675df627bcb81f731b8197fe3c5f,BE_TABULA_11,Detached house,1971-1990,TABULA_existing,231ef175659def943b74235aceb0ef9def0e53fc195cdad7a8338fa6b54777e3,rcp_2_6,weather_2050_rcp_2_6_pvgis_2006,pvgis_2006,2006,1171171859,92,central,central,fb59b12e82b041c59cc8a3933745a40e92c5e89aa7df64846e5855fbd3acb00e,2987a546cb3f48253dcdfdc400036a68d1977eddb1012f753e54eca010acedd8,38669e3f0e715d12f919bbd64ba6e09fbb431145f819869ebd01d20e8fde4ed0,4b5b7791539478f9b2562d1b176e235ac7b641e1afdc40c3d5242661d9dbed3d,2ad0e9f7bbdfe12695c931891fd0e8132d060fd7bcbca23623db43d4c7393a5c,561839806dcdb8279ac4e42025bc5a82751f2588a2b2066fa84637918d8e4896
mc_14264419d249b864ffa09822a025abc32a936c015dd1e12f35e387f20b3f9401,BE_TABULA_11,Detached house,1971-1990,TABULA_existing,231ef175659def943b74235aceb0ef9def0e53fc195cdad7a8338fa6b54777e3,rcp_2_6,weather_2050_rcp_2_6_pvgis_2006,pvgis_2006,2006,1001156282,93,central,central,fb59b12e82b041c59cc8a3933745a40e92c5e89aa7df64846e5855fbd3acb00e,2987a546cb3f48253dcdfdc400036a68d1977eddb1012f753e54eca010acedd8,38669e3f0e715d12f919bbd64ba6e09fbb431145f819869ebd01d20e8fde4ed0,4b5b7791539478f9b2562d1b176e235ac7b641e1afdc40c3d5242661d9dbed3d,2ad0e9f7bbdfe12695c931891fd0e8132d060fd7bcbca23623db43d4c7393a5c,561839806dcdb8279ac4e42025bc5a82751f2588a2b2066fa84637918d8e4896
mc_21a49594f76d72f183ef862786009f60ebd2c5b81a444c64f366dec568475e05,BE_TABULA_11,Detached house,1971-1990,TABULA_existing,231ef175659def943b74235aceb0ef9def0e53fc195cdad7a8338fa6b54777e3,rcp_2_6,weather_2050_rcp_2_6_pvgis_2006,pvgis_2006,2006,1575906619,94,central,central,fb59b12e82b041c59cc8a3933745a40e92c5e89aa7df64846e5855fbd3acb00e,2987a546cb3f48253dcdfdc400036a68d1977eddb1012f753e54eca010acedd8,38669e3f0e715d12f919bbd64ba6e09fbb431145f819869ebd01d20e8fde4ed0,4b5b7791539478f9b2562d1b176e235ac7b641e1afdc40c3d5242661d9dbed3d,2ad0e9f7bbdfe12695c931891fd0e8132d060fd7bcbca23623db43d4c7393a5c,561839806dcdb8279ac4e42025bc5a82751f2588a2b2066fa84637918d8e4896
mc_70f738482b7bad186d015ca251d0a407ce004d06ae793086e7439bfc1581fe50,BE_TABULA_11,Detached house,1971-1990,TABULA_existing,231ef175659def943b74235aceb0ef9def0e53fc195cdad7a8338fa6b54777e3,rcp_2_6,weather_2050_rcp_2_6_pvgis_2006,pvgis_2006,2006,3557983481,95,central,central,fb59b12e82b041c59cc8a3933745a40e92c5e89aa7df64846e5855fbd3acb00e,2987a546cb3f48253dcdfdc400036a68d1977eddb1012f753e54eca010acedd8,38669e3f0e715d12f919bbd64ba6e09fbb431145f819869ebd01d20e8fde4ed0,4b5b7791539478f9b2562d1b176e235ac7b641e1afdc40c3d5242661d9dbed3d,2ad0e9f7bbdfe12695c931891fd0e8132d060fd7bcbca23623db43d4c7393a5c,561839806dcdb8279ac4e42025bc5a82751f2588a2b2066fa84637918d8e4896
mc_a20f594793abd36e7d0f4f95ffd6ca6ba618a1c1758f814bf21015ca269864a5,BE_TABULA_11,Detached house,1971-1990,TABULA_existing,231ef175659def943b74235aceb0ef9def0e53fc195cdad7a8338fa6b54777e3,rcp_2_6,weather_2050_rcp_2_6_pvgis_2006,pvgis_2006,2006,569801540,96,central,central,fb59b12e82b041c59cc8a3933745a40e92c5e89aa7df64846e5855fbd3acb00e,2987a546cb3f48253dcdfdc400036a68d1977eddb1012f753e54eca010acedd8,38669e3f0e715d12f919bbd64ba6e09fbb431145f819869ebd01d20e8fde4ed0,4b5b7791539478f9b2562d1b176e235ac7b641e1afdc40c3d5242661d9dbed3d,2ad0e9f7bbdfe12695c931891fd0e8132d060fd7bcbca23623db43d4c7393a5c,561839806dcdb8279ac4e42025bc5a82751f2588a2b2066fa84637918d8e4896
mc_9eea921db34b42bf99dc4dd3b465076825edc918bf781c46c2737df134c6b82b,BE_TABULA_11,Detached house,1971-1990,TABULA_existing,231ef175659def943b74235aceb0ef9def0e53fc195cdad7a8338fa6b54777e3,rcp_2_6,weather_2050_rcp_2_6_pvgis_2006,pvgis_2006,2006,2643480774,97,central,central,fb59b12e82b041c59cc8a3933745a40e92c5e89aa7df64846e5855fbd3acb00e,2987a546cb3f48253dcdfdc400036a68d1977eddb1012f753e54eca010acedd8,38669e3f0e715d12f919bbd64ba6e09fbb431145f819869ebd01d20e8fde4ed0,4b5b7791539478f9b2562d1b176e235ac7b641e1afdc40c3d5242661d9dbed3d,2ad0e9f7bbdfe12695c931891fd0e8132d060fd7bcbca23623db43d4c7393a5c,561839806dcdb8279ac4e42025bc5a82751f2588a2b2066fa84637918d8e4896
mc_6960523e9fed3ec29c854bdc9e26e5dc592b6b804f67f1d886ceed889aab4c15,BE_TABULA_11,Detached house,1971-1990,TABULA_existing,231ef175659def943b74235aceb0ef9def0e53fc195cdad7a8338fa6b54777e3,rcp_2_6,weather_2050_rcp_2_6_pvgis_2006,pvgis_2006,2006,2628022060,98,central,central,fb59b12e82b041c59cc8a3933745a40e92c5e89aa7df64846e5855fbd3acb00e,2987a546cb3f48253dcdfdc400036a68d1977eddb1012f753e54eca010acedd8,38669e3f0e715d12f919bbd64ba6e09fbb431145f819869ebd01d20e8fde4ed0,4b5b7791539478f9b2562d1b176e235ac7b641e1afdc40c3d5242661d9dbed3d,2ad0e9f7bbdfe12695c931891fd0e8132d060fd7bcbca23623db43d4c7393a5c,561839806dcdb8279ac4e42025bc5a82751f2588a2b2066fa84637918d8e4896
mc_f095edf996d1dda00a208e10af6331ffb3b0f4c605c148915cabaac81f018da3,BE_TABULA_11,Detached house,1971-1990,TABULA_existing,231ef175659def943b74235aceb0ef9def0e53fc195cdad7a8338fa6b54777e3,rcp_2_6,weather_2050_rcp_2_6_pvgis_2006,pvgis_2006,2006,4036477215,99,central,central,fb59b12e82b041c59cc8a3933745a40e92c5e89aa7df64846e5855fbd3acb00e,2987a546cb3f48253dcdfdc400036a68d1977eddb1012f753e54eca010acedd8,38669e3f0e715d12f919bbd64ba6e09fbb431145f819869ebd01d20e8fde4ed0,4b5b7791539478f9b2562d1b176e235ac7b641e1afdc40c3d5242661d9dbed3d,2ad0e9f7bbdfe12695c931891fd0e8132d060fd7bcbca23623db43d4c7393a5c,561839806dcdb8279ac4e42025bc5a82751f2588a2b2066fa84637918d8e4896
mc_0de266b9fd0f40fedbed57874ed3c40b50e85a7c6aee974731f4d3654dadcaea,BE_TABULA_11,Detached house,1971-1990,TABULA_existing,231ef175659def943b74235aceb0ef9def0e53fc195cdad7a8338fa6b54777e3,rcp_2_6,weather_2050_rcp_2_6_pvgis_2006,pvgis_2006,2006,2406248338,100,central,central,fb59b12e82b041c59cc8a3933745a40e92c5e89aa7df64846e5855fbd3acb00e,2987a546cb3f48253dcdfdc400036a68d1977eddb1012f753e54eca010acedd8,38669e3f0e715d12f919bbd64ba6e09fbb431145f819869ebd01d20e8fde4ed0,4b5b7791539478f9b2562d1b176e235ac7b641e1afdc40c3d5242661d9dbed3d,2ad0e9f7bbdfe12695c931891fd0e8132d060fd7bcbca23623db43d4c7393a5c,561839806dcdb8279ac4e42025bc5a82751f2588a2b2066fa84637918d8e4896
mc_8d33e641551a5226eb0716276ddfc9ec87f3f6adddcce838c970ca5979b8ec87,BE_TABULA_11,Detached house,1971-1990,TABULA_existing,231ef175659def943b74235aceb0ef9def0e53fc195cdad7a8338fa6b54777e3,rcp_2_6,weather_2050_rcp_2_6_pvgis_2006,pvgis_2006,2006,2256124716,101,central,central,fb59b12e82b041c59cc8a3933745a40e92c5e89aa7df64846e5855fbd3acb00e,2987a546cb3f48253dcdfdc400036a68d1977eddb1012f753e54eca010acedd8,38669e3f0e715d12f919bbd64ba6e09fbb431145f819869ebd01d20e8fde4ed0,4b5b7791539478f9b2562d1b176e235ac7b641e1afdc40c3d5242661d9dbed3d,2ad0e9f7bbdfe12695c931891fd0e8132d060fd7bcbca23623db43d4c7393a5c,561839806dcdb8279ac4e42025bc5a82751f2588a2b2066fa84637918d8e4896
mc_a96093844a7bc9c17aaeec037927f89d8fe166f73a6b83dc32f6ac40d267e1aa,BE_TABULA_11,Detached house,1971-1990,TABULA_existing,231ef175659def943b74235aceb0ef9def0e53fc195cdad7a8338fa6b54777e3,rcp_2_6,weather_2050_rcp_2_6_pvgis_2006,pvgis_2006,2006,1716477969,102,central,central,fb59b12e82b041c59cc8a3933745a40e92c5e89aa7df64846e5855fbd3acb00e,2987a546cb3f48253dcdfdc400036a68d1977eddb1012f753e54eca010acedd8,38669e3f0e715d12f919bbd64ba6e09fbb431145f819869ebd01d20e8fde4ed0,4b5b7791539478f9b2562d1b176e235ac7b641e1afdc40c3d5242661d9dbed3d,2ad0e9f7bbdfe12695c931891fd0e8132d060fd7bcbca23623db43d4c7393a5c,561839806dcdb8279ac4e42025bc5a82751f2588a2b2066fa84637918d8e4896
mc_d8fcedd4600d9cc60b0ce91b0bf0dbf05c16bb7f36677119b7c10ee6497a77a5,BE_TABULA_11,Detached house,1971-1990,TABULA_existing,231ef175659def943b74235aceb0ef9def0e53fc195cdad7a8338fa6b54777e3,rcp_2_6,weather_2050_rcp_2_6_pvgis_2006,pvgis_2006,2006,3495331521,103,central,central,fb59b12e82b041c59cc8a3933745a40e92c5e89aa7df64846e5855fbd3acb00e,2987a546cb3f48253dcdfdc400036a68d1977eddb1012f753e54eca010acedd8,38669e3f0e715d12f919bbd64ba6e09fbb431145f819869ebd01d20e8fde4ed0,4b5b7791539478f9b2562d1b176e235ac7b641e1afdc40c3d5242661d9dbed3d,2ad0e9f7bbdfe12695c931891fd0e8132d060fd7bcbca23623db43d4c7393a5c,561839806dcdb8279ac4e42025bc5a82751f2588a2b2066fa84637918d8e4896
mc_75f40856a40d3e47d6910e987755387ed426d67bd8afc955a383dabef42429f3,BE_TABULA_11,Detached house,1971-1990,TABULA_existing,231ef175659def943b74235aceb0ef9def0e53fc195cdad7a8338fa6b54777e3,rcp_2_6,weather_2050_rcp_2_6_pvgis_2006,pvgis_2006,2006,72277458,104,central,central,fb59b12e82b041c59cc8a3933745a40e92c5e89aa7df64846e5855fbd3acb00e,2987a546cb3f48253dcdfdc400036a68d1977eddb1012f753e54eca010acedd8,38669e3f0e715d12f919bbd64ba6e09fbb431145f819869ebd01d20e8fde4ed0,4b5b7791539478f9b2562d1b176e235ac7b641e1afdc40c3d5242661d9dbed3d,2ad0e9f7bbdfe12695c931891fd0e8132d060fd7bcbca23623db43d4c7393a5c,561839806dcdb8279ac4e42025bc5a82751f2588a2b2066fa84637918d8e4896
mc_32b25aaa2e73d69415f983c496f3eb945a3f9e0c2dbca812aa44a7a671bbfd39,BE_TABULA_11,Detached house,1971-1990,TABULA_existing,231ef175659def943b74235aceb0ef9def0e53fc195cdad7a8338fa6b54777e3,rcp_2_6,weather_2050_rcp_2_6_pvgis_2006,pvgis_2006,2006,1112764345,105,central,central,fb59b12e82b041c59cc8a3933745a40e92c5e89aa7df64846e5855fbd3acb00e,2987a546cb3f48253dcdfdc400036a68d1977eddb1012f753e54eca010acedd8,38669e3f0e715d12f919bbd64ba6e09fbb431145f819869ebd01d20e8fde4ed0,4b5b7791539478f9b2562d1b176e235ac7b641e1afdc40c3d5242661d9dbed3d,2ad0e9f7bbdfe12695c931891fd0e8132d060fd7bcbca23623db43d4c7393a5c,561839806dcdb8279ac4e42025bc5a82751f2588a2b2066fa84637918d8e4896
mc_527d761f8192cab5383427cd34c69a2382c0a5d016189cee69bf973bf85dd48f,BE_TABULA_11,Detached house,1971-1990,TABULA_existing,231ef175659def943b74235aceb0ef9def0e53fc195cdad7a8338fa6b54777e3,rcp_2_6,weather_2050_rcp_2_6_pvgis_2006,pvgis_2006,2006,1434917810,106,central,central,fb59b12e82b041c59cc8a3933745a40e92c5e89aa7df64846e5855fbd3acb00e,2987a546cb3f48253dcdfdc400036a68d1977eddb1012f753e54eca010acedd8,38669e3f0e715d12f919bbd64ba6e09fbb431145f819869ebd01d20e8fde4ed0,4b5b7791539478f9b2562d1b176e235ac7b641e1afdc40c3d5242661d9dbed3d,2ad0e9f7bbdfe12695c931891fd0e8132d060fd7bcbca23623db43d4c7393a5c,561839806dcdb8279ac4e42025bc5a82751f2588a2b2066fa84637918d8e4896
mc_14e7856499017cc8c69a81bc2f591a75b01faabff74040a5a4f0b6b6f545afac,BE_TABULA_11,Detached house,1971-1990,TABULA_existing,231ef175659def943b74235aceb0ef9def0e53fc195cdad7a8338fa6b54777e3,rcp_2_6,weather_2050_rcp_2_6_pvgis_2006,pvgis_2006,2006,1707735972,107,central,central,fb59b12e82b041c59cc8a3933745a40e92c5e89aa7df64846e5855fbd3acb00e,2987a546cb3f48253dcdfdc400036a68d1977eddb1012f753e54eca010acedd8,38669e3f0e715d12f919bbd64ba6e09fbb431145f819869ebd01d20e8fde4ed0,4b5b7791539478f9b2562d1b176e235ac7b641e1afdc40c3d5242661d9dbed3d,2ad0e9f7bbdfe12695c931891fd0e8132d060fd7bcbca23623db43d4c7393a5c,561839806dcdb8279ac4e42025bc5a82751f2588a2b2066fa84637918d8e4896
mc_a925452232d6afa92c3ca246af84b575a72187f4645f45d0b89b9669cfbe404b,BE_TABULA_11,Detached house,1971-1990,TABULA_existing,231ef175659def943b74235aceb0ef9def0e53fc195cdad7a8338fa6b54777e3,rcp_2_6,weather_2050_rcp_2_6_pvgis_2006,pvgis_2006,2006,1203242319,108,central,central,fb59b12e82b041c59cc8a3933745a40e92c5e89aa7df64846e5855fbd3acb00e,2987a546cb3f48253dcdfdc400036a68d1977eddb1012f753e54eca010acedd8,38669e3f0e715d12f919bbd64ba6e09fbb431145f819869ebd01d20e8fde4ed0,4b5b7791539478f9b2562d1b176e235ac7b641e1afdc40c3d5242661d9dbed3d,2ad0e9f7bbdfe12695c931891fd0e8132d060fd7bcbca23623db43d4c7393a5c,561839806dcdb8279ac4e42025bc5a82751f2588a2b2066fa84637918d8e4896
mc_c5f16472f0da751a769c64d82067015812a0a535596c12c41516cd2831962223,BE_TABULA_11,Detached house,1971-1990,TABULA_existing,231ef175659def943b74235aceb0ef9def0e53fc195cdad7a8338fa6b54777e3,rcp_2_6,weather_2050_rcp_2_6_pvgis_2006,pvgis_2006,2006,257542045,109,central,central,fb59b12e82b041c59cc8a3933745a40e92c5e89aa7df64846e5855fbd3acb00e,2987a546cb3f48253dcdfdc400036a68d1977eddb1012f753e54eca010acedd8,38669e3f0e715d12f919bbd64ba6e09fbb431145f819869ebd01d20e8fde4ed0,4b5b7791539478f9b2562d1b176e235ac7b641e1afdc40c3d5242661d9dbed3d,2ad0e9f7bbdfe12695c931891fd0e8132d060fd7bcbca23623db43d4c7393a5c,561839806dcdb8279ac4e42025bc5a82751f2588a2b2066fa84637918d8e4896
mc_c27c60a309fb4308ee55d0cc857aa2cd9b3b82b884376855c8a6c3ffe4bd61a7,BE_TABULA_11,Detached house,1971-1990,TABULA_existing,231ef175659def943b74235aceb0ef9def0e53fc195cdad7a8338fa6b54777e3,rcp_2_6,weather_2050_rcp_2_6_pvgis_2006,pvgis_2006,2006,1750314948,110,central,central,fb59b12e82b041c59cc8a3933745a40e92c5e89aa7df64846e5855fbd3acb00e,2987a546cb3f48253dcdfdc400036a68d1977eddb1012f753e54eca010acedd8,38669e3f0e715d12f919bbd64ba6e09fbb431145f819869ebd01d20e8fde4ed0,4b5b7791539478f9b2562d1b176e235ac7b641e1afdc40c3d5242661d9dbed3d,2ad0e9f7bbdfe12695c931891fd0e8132d060fd7bcbca23623db43d4c7393a5c,561839806dcdb8279ac4e42025bc5a82751f2588a2b2066fa84637918d8e4896
mc_b3e1eca5754ef319913cb58471bfa59cde65a75be2ea2f8f5e69b7ee75da9988,BE_TABULA_11,Detached house,1971-1990,TABULA_existing,231ef175659def943b74235aceb0ef9def0e53fc195cdad7a8338fa6b54777e3,rcp_2_6,weather_2050_rcp_2_6_pvgis_2006,pvgis_2006,2006,2401247500,111,central,central,fb59b12e82b041c59cc8a3933745a40e92c5e89aa7df64846e5855fbd3acb00e,2987a546cb3f48253dcdfdc400036a68d1977eddb1012f753e54eca010acedd8,38669e3f0e715d12f919bbd64ba6e09fbb431145f819869ebd01d20e8fde4ed0,4b5b7791539478f9b2562d1b176e235ac7b641e1afdc40c3d5242661d9dbed3d,2ad0e9f7bbdfe12695c931891fd0e8132d060fd7bcbca23623db43d4c7393a5c,561839806dcdb8279ac4e42025bc5a82751f2588a2b2066fa84637918d8e4896
mc_85ea62615391571fc3629983fa7a9297795a353c2e36f72c90c669677e47df66,BE_TABULA_11,Detached house,1971-1990,TABULA_existing,231ef175659def943b74235aceb0ef9def0e53fc195cdad7a8338fa6b54777e3,rcp_2_6,weather_2050_rcp_2_6_pvgis_2006,pvgis_2006,2006,1109499996,112,central,central,fb59b12e82b041c59cc8a3933745a40e92c5e89aa7df64846e5855fbd3acb00e,2987a546cb3f48253dcdfdc400036a68d1977eddb1012f753e54eca010acedd8,38669e3f0e715d12f919bbd64ba6e09fbb431145f819869ebd01d20e8fde4ed0,4b5b7791539478f9b2562d1b176e235ac7b641e1afdc40c3d5242661d9dbed3d,2ad0e9f7bbdfe12695c931891fd0e8132d060fd7bcbca23623db43d4c7393a5c,561839806dcdb8279ac4e42025bc5a82751f2588a2b2066fa84637918d8e4896
mc_9fbbff8f60a05dc8d04bbd9538d56eb08dfc1865ec4761a9860bdce03195b8dc,BE_TABULA_11,Detached house,1971-1990,TABULA_existing,231ef175659def943b74235aceb0ef9def0e53fc195cdad7a8338fa6b54777e3,rcp_2_6,weather_2050_rcp_2_6_pvgis_2006,pvgis_2006,2006,3243227553,113,central,central,fb59b12e82b041c59cc8a3933745a40e92c5e89aa7df64846e5855fbd3acb00e,2987a546cb3f48253dcdfdc400036a68d1977eddb1012f753e54eca010acedd8,38669e3f0e715d12f919bbd64ba6e09fbb431145f819869ebd01d20e8fde4ed0,4b5b7791539478f9b2562d1b176e235ac7b641e1afdc40c3d5242661d9dbed3d,2ad0e9f7bbdfe12695c931891fd0e8132d060fd7bcbca23623db43d4c7393a5c,561839806dcdb8279ac4e42025bc5a82751f2588a2b2066fa84637918d8e4896
mc_c48ea4594d71f498af44c83b3a7903a4c234251820dd7456de52be6c7a1a26ae,BE_TABULA_11,Detached house,1971-1990,TABULA_existing,231ef175659def943b74235aceb0ef9def0e53fc195cdad7a8338fa6b54777e3,rcp_2_6,weather_2050_rcp_2_6_pvgis_2006,pvgis_2006,2006,3434026444,114,central,central,fb59b12e82b041c59cc8a3933745a40e92c5e89aa7df64846e5855fbd3acb00e,2987a546cb3f48253dcdfdc400036a68d1977eddb1012f753e54eca010acedd8,38669e3f0e715d12f919bbd64ba6e09fbb431145f819869ebd01d20e8fde4ed0,4b5b7791539478f9b2562d1b176e235ac7b641e1afdc40c3d5242661d9dbed3d,2ad0e9f7bbdfe12695c931891fd0e8132d060fd7bcbca23623db43d4c7393a5c,561839806dcdb8279ac4e42025bc5a82751f2588a2b2066fa84637918d8e4896
mc_85d94292929351c4287db8db341cd0654c4c6c33b1d58c0f62df0cb234f90dd6,BE_TABULA_11,Detached house,1971-1990,TABULA_existing,231ef175659def943b74235aceb0ef9def0e53fc195cdad7a8338fa6b54777e3,rcp_2_6,weather_2050_rcp_2_6_pvgis_2006,pvgis_2006,2006,586221574,115,central,central,fb59b12e82b041c59cc8a3933745a40e92c5e89aa7df64846e5855fbd3acb00e,2987a546cb3f48253dcdfdc400036a68d1977eddb1012f753e54eca010acedd8,38669e3f0e715d12f919bbd64ba6e09fbb431145f819869ebd01d20e8fde4ed0,4b5b7791539478f9b2562d1b176e235ac7b641e1afdc40c3d5242661d9dbed3d,2ad0e9f7bbdfe12695c931891fd0e8132d060fd7bcbca23623db43d4c7393a5c,561839806dcdb8279ac4e42025bc5a82751f2588a2b2066fa84637918d8e4896
mc_eaa9e1b3df18bec0ce145b14dcba2a93277215b885b4bf62ea2d774d5fc13eef,BE_TABULA_11,Detached house,1971-1990,TABULA_existing,231ef175659def943b74235aceb0ef9def0e53fc195cdad7a8338fa6b54777e3,rcp_2_6,weather_2050_rcp_2_6_pvgis_2006,pvgis_2006,2006,1790489491,116,central,central,fb59b12e82b041c59cc8a3933745a40e92c5e89aa7df64846e5855fbd3acb00e,2987a546cb3f48253dcdfdc400036a68d1977eddb1012f753e54eca010acedd8,38669e3f0e715d12f919bbd64ba6e09fbb431145f819869ebd01d20e8fde4ed0,4b5b7791539478f9b2562d1b176e235ac7b641e1afdc40c3d5242661d9dbed3d,2ad0e9f7bbdfe12695c931891fd0e8132d060fd7bcbca23623db43d4c7393a5c,561839806dcdb8279ac4e42025bc5a82751f2588a2b2066fa84637918d8e4896
mc_e3b4d8e3a43a207644728f921670caacd0c1c860c4a9115887731d46f3bfcea7,BE_TABULA_11,Detached house,1971-1990,TABULA_existing,231ef175659def943b74235aceb0ef9def0e53fc195cdad7a8338fa6b54777e3,rcp_2_6,weather_2050_rcp_2_6_pvgis_2006,pvgis_2006,2006,3286000813,117,central,central,fb59b12e82b041c59cc8a3933745a40e92c5e89aa7df64846e5855fbd3acb00e,2987a546cb3f48253dcdfdc400036a68d1977eddb1012f753e54eca010acedd8,38669e3f0e715d12f919bbd64ba6e09fbb431145f819869ebd01d20e8fde4ed0,4b5b7791539478f9b2562d1b176e235ac7b641e1afdc40c3d5242661d9dbed3d,2ad0e9f7bbdfe12695c931891fd0e8132d060fd7bcbca23623db43d4c7393a5c,561839806dcdb8279ac4e42025bc5a82751f2588a2b2066fa84637918d8e4896
mc_78de8b2ac018cb593b4f8149d3725013e4f464f4c690c4f2776a9f0167dac9e9,BE_TABULA_11,Detached house,1971-1990,TABULA_existing,231ef175659def943b74235aceb0ef9def0e53fc195cdad7a8338fa6b54777e3,rcp_2_6,weather_2050_rcp_2_6_pvgis_2006,pvgis_2006,2006,3422917158,118,central,central,fb59b12e82b041c59cc8a3933745a40e92c5e89aa7df64846e5855fbd3acb00e,2987a546cb3f48253dcdfdc400036a68d1977eddb1012f753e54eca010acedd8,38669e3f0e715d12f919bbd64ba6e09fbb431145f819869ebd01d20e8fde4ed0,4b5b7791539478f9b2562d1b176e235ac7b641e1afdc40c3d5242661d9dbed3d,2ad0e9f7bbdfe12695c931891fd0e8132d060fd7bcbca23623db43d4c7393a5c,561839806dcdb8279ac4e42025bc5a82751f2588a2b2066fa84637918d8e4896
mc_8adafa5029368a483ebb9eb6c536ce9c3663f22ac2d40a34a4c7f1a9447dc838,BE_TABULA_11,Detached house,1971-1990,TABULA_existing,231ef175659def943b74235aceb0ef9def0e53fc195cdad7a8338fa6b54777e3,rcp_2_6,weather_2050_rcp_2_6_pvgis_2006,pvgis_2006,2006,2634905433,119,central,central,fb59b12e82b041c59cc8a3933745a40e92c5e89aa7df64846e5855fbd3acb00e,2987a546cb3f48253dcdfdc400036a68d1977eddb1012f753e54eca010acedd8,38669e3f0e715d12f919bbd64ba6e09fbb431145f819869ebd01d20e8fde4ed0,4b5b7791539478f9b2562d1b176e235ac7b641e1afdc40c3d5242661d9dbed3d,2ad0e9f7bbdfe12695c931891fd0e8132d060fd7bcbca23623db43d4c7393a5c,561839806dcdb8279ac4e42025bc5a82751f2588a2b2066fa84637918d8e4896
mc_7e7a2b109cbafe3758546ba5d6bd65dc62eda4aab207942b21bbc21e99d4fcea,BE_TABULA_11,Detached house,1971-1990,TABULA_existing,231ef175659def943b74235aceb0ef9def0e53fc195cdad7a8338fa6b54777e3,rcp_2_6,weather_2050_rcp_2_6_pvgis_2006,pvgis_2006,2006,3836208712,120,central,central,fb59b12e82b041c59cc8a3933745a40e92c5e89aa7df64846e5855fbd3acb00e,2987a546cb3f48253dcdfdc400036a68d1977eddb1012f753e54eca010acedd8,38669e3f0e715d12f919bbd64ba6e09fbb431145f819869ebd01d20e8fde4ed0,4b5b7791539478f9b2562d1b176e235ac7b641e1afdc40c3d5242661d9dbed3d,2ad0e9f7bbdfe12695c931891fd0e8132d060fd7bcbca23623db43d4c7393a5c,561839806dcdb8279ac4e42025bc5a82751f2588a2b2066fa84637918d8e4896
mc_f99e4c77dbfa8fa7a7cb53cab40e128ec90ebb8539f08b74a8519e214ac69934,BE_TABULA_11,Detached house,1971-1990,TABULA_existing,231ef175659def943b74235aceb0ef9def0e53fc195cdad7a8338fa6b54777e3,rcp_2_6,weather_2050_rcp_2_6_pvgis_2006,pvgis_2006,2006,1011976490,121,central,central,fb59b12e82b041c59cc8a3933745a40e92c5e89aa7df64846e5855fbd3acb00e,2987a546cb3f48253dcdfdc400036a68d1977eddb1012f753e54eca010acedd8,38669e3f0e715d12f919bbd64ba6e09fbb431145f819869ebd01d20e8fde4ed0,4b5b7791539478f9b2562d1b176e235ac7b641e1afdc40c3d5242661d9dbed3d,2ad0e9f7bbdfe12695c931891fd0e8132d060fd7bcbca23623db43d4c7393a5c,561839806dcdb8279ac4e42025bc5a82751f2588a2b2066fa84637918d8e4896
mc_a9ae6bc4cb01a27d32842d2cfb3b08340c9be8cab0a9c48e93d280a28258fdc0,BE_TABULA_11,Detached house,1971-1990,TABULA_existing,231ef175659def943b74235aceb0ef9def0e53fc195cdad7a8338fa6b54777e3,rcp_2_6,weather_2050_rcp_2_6_pvgis_2006,pvgis_2006,2006,3890277953,122,central,central,fb59b12e82b041c59cc8a3933745a40e92c5e89aa7df64846e5855fbd3acb00e,2987a546cb3f48253dcdfdc400036a68d1977eddb1012f753e54eca010acedd8,38669e3f0e715d12f919bbd64ba6e09fbb431145f819869ebd01d20e8fde4ed0,4b5b7791539478f9b2562d1b176e235ac7b641e1afdc40c3d5242661d9dbed3d,2ad0e9f7bbdfe12695c931891fd0e8132d060fd7bcbca23623db43d4c7393a5c,561839806dcdb8279ac4e42025bc5a82751f2588a2b2066fa84637918d8e4896
mc_5caa70dd1c66a32d48eea3dd7cd5696174b5fc53cf16eb5a55b1fd3a2e7e7227,BE_TABULA_11,Detached house,1971-1990,TABULA_existing,231ef175659def943b74235aceb0ef9def0e53fc195cdad7a8338fa6b54777e3,rcp_2_6,weather_2050_rcp_2_6_pvgis_2006,pvgis_2006,2006,776271248,123,central,central,fb59b12e82b041c59cc8a3933745a40e92c5e89aa7df64846e5855fbd3acb00e,2987a546cb3f48253dcdfdc400036a68d1977eddb1012f753e54eca010acedd8,38669e3f0e715d12f919bbd64ba6e09fbb431145f819869ebd01d20e8fde4ed0,4b5b7791539478f9b2562d1b176e235ac7b641e1afdc40c3d5242661d9dbed3d,2ad0e9f7bbdfe12695c931891fd0e8132d060fd7bcbca23623db43d4c7393a5c,561839806dcdb8279ac4e42025bc5a82751f2588a2b2066fa84637918d8e4896
mc_31730cf67c85cb7a0aa3fdc19633984ff88bbe2fef47adc751bdc2bdce1312a2,BE_TABULA_11,Detached house,1971-1990,TABULA_existing,231ef175659def943b74235aceb0ef9def0e53fc195cdad7a8338fa6b54777e3,rcp_2_6,weather_2050_rcp_2_6_pvgis_2006,pvgis_2006,2006,1900787840,124,central,central,fb59b12e82b041c59cc8a3933745a40e92c5e89aa7df64846e5855fbd3acb00e,2987a546cb3f48253dcdfdc400036a68d1977eddb1012f753e54eca010acedd8,38669e3f0e715d12f919bbd64ba6e09fbb431145f819869ebd01d20e8fde4ed0,4b5b7791539478f9b2562d1b176e235ac7b641e1afdc40c3d5242661d9dbed3d,2ad0e9f7bbdfe12695c931891fd0e8132d060fd7bcbca23623db43d4c7393a5c,561839806dcdb8279ac4e42025bc5a82751f2588a2b2066fa84637918d8e4896
mc_0e0cdb30e39c85a9a2cc315f2298ed4921362ed60f72b20639d85edd3a5773a3,BE_TABULA_11,Detached house,1971-1990,TABULA_existing,231ef175659def943b74235aceb0ef9def0e53fc195cdad7a8338fa6b54777e3,rcp_2_6,weather_2050_rcp_2_6_pvgis_2006,pvgis_2006,2006,1062724148,125,central,central,fb59b12e82b041c59cc8a3933745a40e92c5e89aa7df64846e5855fbd3acb00e,2987a546cb3f48253dcdfdc400036a68d1977eddb1012f753e54eca010acedd8,38669e3f0e715d12f919bbd64ba6e09fbb431145f819869ebd01d20e8fde4ed0,4b5b7791539478f9b2562d1b176e235ac7b641e1afdc40c3d5242661d9dbed3d,2ad0e9f7bbdfe12695c931891fd0e8132d060fd7bcbca23623db43d4c7393a5c,561839806dcdb8279ac4e42025bc5a82751f2588a2b2066fa84637918d8e4896
mc_d33ca799b113ffa398295dde998062dd9e5223dada1ad3a348120648db722a64,BE_TABULA_11,Detached house,1971-1990,TABULA_existing,231ef175659def943b74235aceb0ef9def0e53fc195cdad7a8338fa6b54777e3,rcp_2_6,weather_2050_rcp_2_6_pvgis_2006,pvgis_2006,2006,2674825830,126,central,central,fb59b12e82b041c59cc8a3933745a40e92c5e89aa7df64846e5855fbd3acb00e,2987a546cb3f48253dcdfdc400036a68d1977eddb1012f753e54eca010acedd8,38669e3f0e715d12f919bbd64ba6e09fbb431145f819869ebd01d20e8fde4ed0,4b5b7791539478f9b2562d1b176e235ac7b641e1afdc40c3d5242661d9dbed3d,2ad0e9f7bbdfe12695c931891fd0e8132d060fd7bcbca23623db43d4c7393a5c,561839806dcdb8279ac4e42025bc5a82751f2588a2b2066fa84637918d8e4896
mc_b35947c08422b64c6d29308b0734a2ee54f7bb61084a6b36ba541e21660c8586,BE_TABULA_11,Detached house,1971-1990,TABULA_existing,231ef175659def943b74235aceb0ef9def0e53fc195cdad7a8338fa6b54777e3,rcp_2_6,weather_2050_rcp_2_6_pvgis_2006,pvgis_2006,2006,1053006648,127,central,central,fb59b12e82b041c59cc8a3933745a40e92c5e89aa7df64846e5855fbd3acb00e,2987a546cb3f48253dcdfdc400036a68d1977eddb1012f753e54eca010acedd8,38669e3f0e715d12f919bbd64ba6e09fbb431145f819869ebd01d20e8fde4ed0,4b5b7791539478f9b2562d1b176e235ac7b641e1afdc40c3d5242661d9dbed3d,2ad0e9f7bbdfe12695c931891fd0e8132d060fd7bcbca23623db43d4c7393a5c,561839806dcdb8279ac4e42025bc5a82751f2588a2b2066fa84637918d8e4896
mc_0a314abc3c69fb246784bc3a91089b93a3aeb705b044626cef9e948f36c0db1b,BE_TABULA_11,Detached house,1971-1990,TABULA_existing,231ef175659def943b74235aceb0ef9def0e53fc195cdad7a8338fa6b54777e3,rcp_2_6,weather_2050_rcp_2_6_pvgis_2006,pvgis_2006,2006,3482630119,128,central,central,fb59b12e82b041c59cc8a3933745a40e92c5e89aa7df64846e5855fbd3acb00e,2987a546cb3f48253dcdfdc400036a68d1977eddb1012f753e54eca010acedd8,38669e3f0e715d12f919bbd64ba6e09fbb431145f819869ebd01d20e8fde4ed0,4b5b7791539478f9b2562d1b176e235ac7b641e1afdc40c3d5242661d9dbed3d,2ad0e9f7bbdfe12695c931891fd0e8132d060fd7bcbca23623db43d4c7393a5c,561839806dcdb8279ac4e42025bc5a82751f2588a2b2066fa84637918d8e4896
mc_66c7d18eb3478ef73ac640d6264347570452b61922014fff5ee5d890a557f977,BE_TABULA_11,Detached house,1971-1990,TABULA_existing,231ef175659def943b74235aceb0ef9def0e53fc195cdad7a8338fa6b54777e3,rcp_2_6,weather_2050_rcp_2_6_pvgis_2006,pvgis_2006,2006,11823356,129,central,central,fb59b12e82b041c59cc8a3933745a40e92c5e89aa7df64846e5855fbd3acb00e,2987a546cb3f48253dcdfdc400036a68d1977eddb1012f753e54eca010acedd8,38669e3f0e715d12f919bbd64ba6e09fbb431145f819869ebd01d20e8fde4ed0,4b5b7791539478f9b2562d1b176e235ac7b641e1afdc40c3d5242661d9dbed3d,2ad0e9f7bbdfe12695c931891fd0e8132d060fd7bcbca23623db43d4c7393a5c,561839806dcdb8279ac4e42025bc5a82751f2588a2b2066fa84637918d8e4896
mc_d6fd8c44af8d971d6104a7865494a068509d83fac87032c827ac455f491779b4,BE_TABULA_11,Detached house,1971-1990,TABULA_existing,231ef175659def943b74235aceb0ef9def0e53fc195cdad7a8338fa6b54777e3,rcp_2_6,weather_2050_rcp_2_6_pvgis_2006,pvgis_2006,2006,1148551946,130,central,central,fb59b12e82b041c59cc8a3933745a40e92c5e89aa7df64846e5855fbd3acb00e,2987a546cb3f48253dcdfdc400036a68d1977eddb1012f753e54eca010acedd8,38669e3f0e715d12f919bbd64ba6e09fbb431145f819869ebd01d20e8fde4ed0,4b5b7791539478f9b2562d1b176e235ac7b641e1afdc40c3d5242661d9dbed3d,2ad0e9f7bbdfe12695c931891fd0e8132d060fd7bcbca23623db43d4c7393a5c,561839806dcdb8279ac4e42025bc5a82751f2588a2b2066fa84637918d8e4896
mc_f667def6a1d3b0805839c42390e4d307bd8033cc87b8c93cc9793c72522a5e03,BE_TABULA_11,Detached house,1971-1990,TABULA_existing,231ef175659def943b74235aceb0ef9def0e53fc195cdad7a8338fa6b54777e3,rcp_2_6,weather_2050_rcp_2_6_pvgis_2006,pvgis_2006,2006,919568898,131,central,central,fb59b12e82b041c59cc8a3933745a40e92c5e89aa7df64846e5855fbd3acb00e,2987a546cb3f48253dcdfdc400036a68d1977eddb1012f753e54eca010acedd8,38669e3f0e715d12f919bbd64ba6e09fbb431145f819869ebd01d20e8fde4ed0,4b5b7791539478f9b2562d1b176e235ac7b641e1afdc40c3d5242661d9dbed3d,2ad0e9f7bbdfe12695c931891fd0e8132d060fd7bcbca23623db43d4c7393a5c,561839806dcdb8279ac4e42025bc5a82751f2588a2b2066fa84637918d8e4896
mc_494a748187be50acdc1d728e5e9d5a880a5b5dcb31a311f8b0801b7afc33d2e7,BE_TABULA_11,Detached house,1971-1990,TABULA_existing,231ef175659def943b74235aceb0ef9def0e53fc195cdad7a8338fa6b54777e3,rcp_2_6,weather_2050_rcp_2_6_pvgis_2006,pvgis_2006,2006,3039625071,132,central,central,fb59b12e82b041c59cc8a3933745a40e92c5e89aa7df64846e5855fbd3acb00e,2987a546cb3f48253dcdfdc400036a68d1977eddb1012f753e54eca010acedd8,38669e3f0e715d12f919bbd64ba6e09fbb431145f819869ebd01d20e8fde4ed0,4b5b7791539478f9b2562d1b176e235ac7b641e1afdc40c3d5242661d9dbed3d,2ad0e9f7bbdfe12695c931891fd0e8132d060fd7bcbca23623db43d4c7393a5c,561839806dcdb8279ac4e42025bc5a82751f2588a2b2066fa84637918d8e4896
mc_00c28f06e5889d71dbbb587e9a1af62e9d49292f398e8c38cc7a75feb207362d,BE_TABULA_11,Detached house,1971-1990,TABULA_existing,231ef175659def943b74235aceb0ef9def0e53fc195cdad7a8338fa6b54777e3,rcp_2_6,weather_2050_rcp_2_6_pvgis_2006,pvgis_2006,2006,2908346779,133,central,central,fb59b12e82b041c59cc8a3933745a40e92c5e89aa7df64846e5855fbd3acb00e,2987a546cb3f48253dcdfdc400036a68d1977eddb1012f753e54eca010acedd8,38669e3f0e715d12f919bbd64ba6e09fbb431145f819869ebd01d20e8fde4ed0,4b5b7791539478f9b2562d1b176e235ac7b641e1afdc40c3d5242661d9dbed3d,2ad0e9f7bbdfe12695c931891fd0e8132d060fd7bcbca23623db43d4c7393a5c,561839806dcdb8279ac4e42025bc5a82751f2588a2b2066fa84637918d8e4896
mc_d582c8a10919de49527f20588a0fd8e2adfce522e4174d9e267b6c1f1b45ad3c,BE_TABULA_11,Detached house,1971-1990,TABULA_existing,231ef175659def943b74235aceb0ef9def0e53fc195cdad7a8338fa6b54777e3,rcp_2_6,weather_2050_rcp_2_6_pvgis_2006,pvgis_2006,2006,4181595953,134,central,central,fb59b12e82b041c59cc8a3933745a40e92c5e89aa7df64846e5855fbd3acb00e,2987a546cb3f48253dcdfdc400036a68d1977eddb1012f753e54eca010acedd8,38669e3f0e715d12f919bbd64ba6e09fbb431145f819869ebd01d20e8fde4ed0,4b5b7791539478f9b2562d1b176e235ac7b641e1afdc40c3d5242661d9dbed3d,2ad0e9f7bbdfe12695c931891fd0e8132d060fd7bcbca23623db43d4c7393a5c,561839806dcdb8279ac4e42025bc5a82751f2588a2b2066fa84637918d8e4896
mc_b6f5127733f6c111e432355bb4c22d32f8f690b35edef30fc6349d058665bf61,BE_TABULA_11,Detached house,1971-1990,TABULA_existing,231ef175659def943b74235aceb0ef9def0e53fc195cdad7a8338fa6b54777e3,rcp_2_6,weather_2050_rcp_2_6_pvgis_2006,pvgis_2006,2006,115385883,135,central,central,fb59b12e82b041c59cc8a3933745a40e92c5e89aa7df64846e5855fbd3acb00e,2987a546cb3f48253dcdfdc400036a68d1977eddb1012f753e54eca010acedd8,38669e3f0e715d12f919bbd64ba6e09fbb431145f819869ebd01d20e8fde4ed0,4b5b7791539478f9b2562d1b176e235ac7b641e1afdc40c3d5242661d9dbed3d,2ad0e9f7bbdfe12695c931891fd0e8132d060fd7bcbca23623db43d4c7393a5c,561839806dcdb8279ac4e42025bc5a82751f2588a2b2066fa84637918d8e4896
mc_12df580e650ccb89ffef7cddd0d2b5f34e3e32eb77405458ec3a64841f85d16b,BE_TABULA_11,Detached house,1971-1990,TABULA_existing,231ef175659def943b74235aceb0ef9def0e53fc195cdad7a8338fa6b54777e3,rcp_2_6,weather_2050_rcp_2_6_pvgis_2006,pvgis_2006,2006,1189564474,136,central,central,fb59b12e82b041c59cc8a3933745a40e92c5e89aa7df64846e5855fbd3acb00e,2987a546cb3f48253dcdfdc400036a68d1977eddb1012f753e54eca010acedd8,38669e3f0e715d12f919bbd64ba6e09fbb431145f819869ebd01d20e8fde4ed0,4b5b7791539478f9b2562d1b176e235ac7b641e1afdc40c3d5242661d9dbed3d,2ad0e9f7bbdfe12695c931891fd0e8132d060fd7bcbca23623db43d4c7393a5c,561839806dcdb8279ac4e42025bc5a82751f2588a2b2066fa84637918d8e4896
mc_ba2e5f03cc203691f8d6bdaaf369e715126d61f62da49cb2451d1cce0ff83140,BE_TABULA_11,Detached house,1971-1990,TABULA_existing,231ef175659def943b74235aceb0ef9def0e53fc195cdad7a8338fa6b54777e3,rcp_2_6,weather_2050_rcp_2_6_pvgis_2006,pvgis_2006,2006,424842177,137,central,central,fb59b12e82b041c59cc8a3933745a40e92c5e89aa7df64846e5855fbd3acb00e,2987a546cb3f48253dcdfdc400036a68d1977eddb1012f753e54eca010acedd8,38669e3f0e715d12f919bbd64ba6e09fbb431145f819869ebd01d20e8fde4ed0,4b5b7791539478f9b2562d1b176e235ac7b641e1afdc40c3d5242661d9dbed3d,2ad0e9f7bbdfe12695c931891fd0e8132d060fd7bcbca23623db43d4c7393a5c,561839806dcdb8279ac4e42025bc5a82751f2588a2b2066fa84637918d8e4896
mc_d4a608effa52ce3ada18fcdfaf88d606640de2a0c951884508cc6bd47ec8ddf6,BE_TABULA_11,Detached house,1971-1990,TABULA_existing,231ef175659def943b74235aceb0ef9def0e53fc195cdad7a8338fa6b54777e3,rcp_2_6,weather_2050_rcp_2_6_pvgis_2006,pvgis_2006,2006,2648616802,138,central,central,fb59b12e82b041c59cc8a3933745a40e92c5e89aa7df64846e5855fbd3acb00e,2987a546cb3f48253dcdfdc400036a68d1977eddb1012f753e54eca010acedd8,38669e3f0e715d12f919bbd64ba6e09fbb431145f819869ebd01d20e8fde4ed0,4b5b7791539478f9b2562d1b176e235ac7b641e1afdc40c3d5242661d9dbed3d,2ad0e9f7bbdfe12695c931891fd0e8132d060fd7bcbca23623db43d4c7393a5c,561839806dcdb8279ac4e42025bc5a82751f2588a2b2066fa84637918d8e4896
mc_17eb57fb9d1fce2d06e82cbdd5756575521646e7d2a868b27b3a605d5ec7c11d,BE_TABULA_11,Detached house,1971-1990,TABULA_existing,231ef175659def943b74235aceb0ef9def0e53fc195cdad7a8338fa6b54777e3,rcp_2_6,weather_2050_rcp_2_6_pvgis_2006,pvgis_2006,2006,2295453719,139,central,central,fb59b12e82b041c59cc8a3933745a40e92c5e89aa7df64846e5855fbd3acb00e,2987a546cb3f48253dcdfdc400036a68d1977eddb1012f753e54eca010acedd8,38669e3f0e715d12f919bbd64ba6e09fbb431145f819869ebd01d20e8fde4ed0,4b5b7791539478f9b2562d1b176e235ac7b641e1afdc40c3d5242661d9dbed3d,2ad0e9f7bbdfe12695c931891fd0e8132d060fd7bcbca23623db43d4c7393a5c,561839806dcdb8279ac4e42025bc5a82751f2588a2b2066fa84637918d8e4896
mc_e9f22205d09bac5909d206cdf0c9a6999722c307b32c7c69d6e7309e1cf7a139,BE_TABULA_11,Detached house,1971-1990,TABULA_existing,231ef175659def943b74235aceb0ef9def0e53fc195cdad7a8338fa6b54777e3,rcp_2_6,weather_2050_rcp_2_6_pvgis_2006,pvgis_2006,2006,3106430030,140,central,central,fb59b12e82b041c59cc8a3933745a40e92c5e89aa7df64846e5855fbd3acb00e,2987a546cb3f48253dcdfdc400036a68d1977eddb1012f753e54eca010acedd8,38669e3f0e715d12f919bbd64ba6e09fbb431145f819869ebd01d20e8fde4ed0,4b5b7791539478f9b2562d1b176e235ac7b641e1afdc40c3d5242661d9dbed3d,2ad0e9f7bbdfe12695c931891fd0e8132d060fd7bcbca23623db43d4c7393a5c,561839806dcdb8279ac4e42025bc5a82751f2588a2b2066fa84637918d8e4896
mc_57be55fe8679cc4d6badd42c3b4a52f235e8258260d08fd42bfcdae3c9c1dcac,BE_TABULA_11,Detached house,1971-1990,TABULA_existing,231ef175659def943b74235aceb0ef9def0e53fc195cdad7a8338fa6b54777e3,rcp_2_6,weather_2050_rcp_2_6_pvgis_2006,pvgis_2006,2006,342939150,141,central,central,fb59b12e82b041c59cc8a3933745a40e92c5e89aa7df64846e5855fbd3acb00e,2987a546cb3f48253dcdfdc400036a68d1977eddb1012f753e54eca010acedd8,38669e3f0e715d12f919bbd64ba6e09fbb431145f819869ebd01d20e8fde4ed0,4b5b7791539478f9b2562d1b176e235ac7b641e1afdc40c3d5242661d9dbed3d,2ad0e9f7bbdfe12695c931891fd0e8132d060fd7bcbca23623db43d4c7393a5c,561839806dcdb8279ac4e42025bc5a82751f2588a2b2066fa84637918d8e4896
mc_5b0a52df42c2efb2d37ec69e7c5f9bdf54f75b2746908666f3903419e850cf4d,BE_TABULA_11,Detached house,1971-1990,TABULA_existing,231ef175659def943b74235aceb0ef9def0e53fc195cdad7a8338fa6b54777e3,rcp_2_6,weather_2050_rcp_2_6_pvgis_2006,pvgis_2006,2006,928419318,142,central,central,fb59b12e82b041c59cc8a3933745a40e92c5e89aa7df64846e5855fbd3acb00e,2987a546cb3f48253dcdfdc400036a68d1977eddb1012f753e54eca010acedd8,38669e3f0e715d12f919bbd64ba6e09fbb431145f819869ebd01d20e8fde4ed0,4b5b7791539478f9b2562d1b176e235ac7b641e1afdc40c3d5242661d9dbed3d,2ad0e9f7bbdfe12695c931891fd0e8132d060fd7bcbca23623db43d4c7393a5c,561839806dcdb8279ac4e42025bc5a82751f2588a2b2066fa84637918d8e4896
mc_57ec8c916272da751f2c39dc57ceef23f62727af651ab289f86d09bb2b58ba5d,BE_TABULA_11,Detached house,1971-1990,TABULA_existing,231ef175659def943b74235aceb0ef9def0e53fc195cdad7a8338fa6b54777e3,rcp_2_6,weather_2050_rcp_2_6_pvgis_2006,pvgis_2006,2006,383233399,143,central,central,fb59b12e82b041c59cc8a3933745a40e92c5e89aa7df64846e5855fbd3acb00e,2987a546cb3f48253dcdfdc400036a68d1977eddb1012f753e54eca010acedd8,38669e3f0e715d12f919bbd64ba6e09fbb431145f819869ebd01d20e8fde4ed0,4b5b7791539478f9b2562d1b176e235ac7b641e1afdc40c3d5242661d9dbed3d,2ad0e9f7bbdfe12695c931891fd0e8132d060fd7bcbca23623db43d4c7393a5c,561839806dcdb8279ac4e42025bc5a82751f2588a2b2066fa84637918d8e4896
mc_b103ec24ab34d696489f61c815375b1c512084bc72153b1097924421e6735d91,BE_TABULA_11,Detached house,1971-1990,TABULA_existing,231ef175659def943b74235aceb0ef9def0e53fc195cdad7a8338fa6b54777e3,rcp_2_6,weather_2050_rcp_2_6_pvgis_2006,pvgis_2006,2006,2361976829,144,central,central,fb59b12e82b041c59cc8a3933745a40e92c5e89aa7df64846e5855fbd3acb00e,2987a546cb3f48253dcdfdc400036a68d1977eddb1012f753e54eca010acedd8,38669e3f0e715d12f919bbd64ba6e09fbb431145f819869ebd01d20e8fde4ed0,4b5b7791539478f9b2562d1b176e235ac7b641e1afdc40c3d5242661d9dbed3d,2ad0e9f7bbdfe12695c931891fd0e8132d060fd7bcbca23623db43d4c7393a5c,561839806dcdb8279ac4e42025bc5a82751f2588a2b2066fa84637918d8e4896
mc_2bd01c6e7d7629bfa2df57b0a111216d851b1ba266cd83af102c6fb56b0a81fc,BE_TABULA_11,Detached house,1971-1990,TABULA_existing,231ef175659def943b74235aceb0ef9def0e53fc195cdad7a8338fa6b54777e3,rcp_2_6,weather_2050_rcp_2_6_pvgis_2006,pvgis_2006,2006,723624264,145,central,central,fb59b12e82b041c59cc8a3933745a40e92c5e89aa7df64846e5855fbd3acb00e,2987a546cb3f48253dcdfdc400036a68d1977eddb1012f753e54eca010acedd8,38669e3f0e715d12f919bbd64ba6e09fbb431145f819869ebd01d20e8fde4ed0,4b5b7791539478f9b2562d1b176e235ac7b641e1afdc40c3d5242661d9dbed3d,2ad0e9f7bbdfe12695c931891fd0e8132d060fd7bcbca23623db43d4c7393a5c,561839806dcdb8279ac4e42025bc5a82751f2588a2b2066fa84637918d8e4896
mc_d88e6f25f63da349cf0f2b3c4dc497747b0f2979499e805e069802e384680548,BE_TABULA_11,Detached house,1971-1990,TABULA_existing,231ef175659def943b74235aceb0ef9def0e53fc195cdad7a8338fa6b54777e3,rcp_2_6,weather_2050_rcp_2_6_pvgis_2006,pvgis_2006,2006,4113141974,146,central,central,fb59b12e82b041c59cc8a3933745a40e92c5e89aa7df64846e5855fbd3acb00e,2987a546cb3f48253dcdfdc400036a68d1977eddb1012f753e54eca010acedd8,38669e3f0e715d12f919bbd64ba6e09fbb431145f819869ebd01d20e8fde4ed0,4b5b7791539478f9b2562d1b176e235ac7b641e1afdc40c3d5242661d9dbed3d,2ad0e9f7bbdfe12695c931891fd0e8132d060fd7bcbca23623db43d4c7393a5c,561839806dcdb8279ac4e42025bc5a82751f2588a2b2066fa84637918d8e4896
mc_6ca92f65f70a64863dea6145245f922b096b9c81f2ed623dee9c62b880818194,BE_TABULA_11,Detached house,1971-1990,TABULA_existing,231ef175659def943b74235aceb0ef9def0e53fc195cdad7a8338fa6b54777e3,rcp_2_6,weather_2050_rcp_2_6_pvgis_2006,pvgis_2006,2006,165987770,147,central,central,fb59b12e82b041c59cc8a3933745a40e92c5e89aa7df64846e5855fbd3acb00e,2987a546cb3f48253dcdfdc400036a68d1977eddb1012f753e54eca010acedd8,38669e3f0e715d12f919bbd64ba6e09fbb431145f819869ebd01d20e8fde4ed0,4b5b7791539478f9b2562d1b176e235ac7b641e1afdc40c3d5242661d9dbed3d,2ad0e9f7bbdfe12695c931891fd0e8132d060fd7bcbca23623db43d4c7393a5c,561839806dcdb8279ac4e42025bc5a82751f2588a2b2066fa84637918d8e4896
mc_785e799237fcaca6d95f53fb9eb0b750e50d77823f301102fbb370be2e15f760,BE_TABULA_11,Detached house,1971-1990,TABULA_existing,231ef175659def943b74235aceb0ef9def0e53fc195cdad7a8338fa6b54777e3,rcp_2_6,weather_2050_rcp_2_6_pvgis_2006,pvgis_2006,2006,4048212796,148,central,central,fb59b12e82b041c59cc8a3933745a40e92c5e89aa7df64846e5855fbd3acb00e,2987a546cb3f48253dcdfdc400036a68d1977eddb1012f753e54eca010acedd8,38669e3f0e715d12f919bbd64ba6e09fbb431145f819869ebd01d20e8fde4ed0,4b5b7791539478f9b2562d1b176e235ac7b641e1afdc40c3d5242661d9dbed3d,2ad0e9f7bbdfe12695c931891fd0e8132d060fd7bcbca23623db43d4c7393a5c,561839806dcdb8279ac4e42025bc5a82751f2588a2b2066fa84637918d8e4896
mc_5d1ddc515abd934ac386b3c09466de040b8dec9909965dc74bda0fd57fc895a2,BE_TABULA_11,Detached house,1971-1990,TABULA_existing,231ef175659def943b74235aceb0ef9def0e53fc195cdad7a8338fa6b54777e3,rcp_2_6,weather_2050_rcp_2_6_pvgis_2006,pvgis_2006,2006,80031975,149,central,central,fb59b12e82b041c59cc8a3933745a40e92c5e89aa7df64846e5855fbd3acb00e,2987a546cb3f48253dcdfdc400036a68d1977eddb1012f753e54eca010acedd8,38669e3f0e715d12f919bbd64ba6e09fbb431145f819869ebd01d20e8fde4ed0,4b5b7791539478f9b2562d1b176e235ac7b641e1afdc40c3d5242661d9dbed3d,2ad0e9f7bbdfe12695c931891fd0e8132d060fd7bcbca23623db43d4c7393a5c,561839806dcdb8279ac4e42025bc5a82751f2588a2b2066fa84637918d8e4896
mc_55af86102835efdbc0d4e53d9a21929c9a50b899018189a9a075560fde241049,BE_TABULA_11,Detached house,1971-1990,TABULA_existing,231ef175659def943b74235aceb0ef9def0e53fc195cdad7a8338fa6b54777e3,rcp_2_6,weather_2050_rcp_2_6_pvgis_2006,pvgis_2006,2006,2116466165,150,central,central,fb59b12e82b041c59cc8a3933745a40e92c5e89aa7df64846e5855fbd3acb00e,2987a546cb3f48253dcdfdc400036a68d1977eddb1012f753e54eca010acedd8,38669e3f0e715d12f919bbd64ba6e09fbb431145f819869ebd01d20e8fde4ed0,4b5b7791539478f9b2562d1b176e235ac7b641e1afdc40c3d5242661d9dbed3d,2ad0e9f7bbdfe12695c931891fd0e8132d060fd7bcbca23623db43d4c7393a5c,561839806dcdb8279ac4e42025bc5a82751f2588a2b2066fa84637918d8e4896
mc_3d5132b7ce494399c5d0a33e7232797d64fcf4a2fa1f9380bde23b0376515b0b,BE_TABULA_11,Detached house,1971-1990,TABULA_existing,231ef175659def943b74235aceb0ef9def0e53fc195cdad7a8338fa6b54777e3,rcp_2_6,weather_2050_rcp_2_6_pvgis_2006,pvgis_2006,2006,4202739625,151,central,central,fb59b12e82b041c59cc8a3933745a40e92c5e89aa7df64846e5855fbd3acb00e,2987a546cb3f48253dcdfdc400036a68d1977eddb1012f753e54eca010acedd8,38669e3f0e715d12f919bbd64ba6e09fbb431145f819869ebd01d20e8fde4ed0,4b5b7791539478f9b2562d1b176e235ac7b641e1afdc40c3d5242661d9dbed3d,2ad0e9f7bbdfe12695c931891fd0e8132d060fd7bcbca23623db43d4c7393a5c,561839806dcdb8279ac4e42025bc5a82751f2588a2b2066fa84637918d8e4896
mc_35a3e664c4fc884faeec5def186773dcca18bcf0b288cf2da7f95a01bcffa6be,BE_TABULA_11,Detached house,1971-1990,TABULA_existing,231ef175659def943b74235aceb0ef9def0e53fc195cdad7a8338fa6b54777e3,rcp_2_6,weather_2050_rcp_2_6_pvgis_2006,pvgis_2006,2006,407954113,152,central,central,fb59b12e82b041c59cc8a3933745a40e92c5e89aa7df64846e5855fbd3acb00e,2987a546cb3f48253dcdfdc400036a68d1977eddb1012f753e54eca010acedd8,38669e3f0e715d12f919bbd64ba6e09fbb431145f819869ebd01d20e8fde4ed0,4b5b7791539478f9b2562d1b176e235ac7b641e1afdc40c3d5242661d9dbed3d,2ad0e9f7bbdfe12695c931891fd0e8132d060fd7bcbca23623db43d4c7393a5c,561839806dcdb8279ac4e42025bc5a82751f2588a2b2066fa84637918d8e4896
mc_534fa9e96c26c42e2c79956d3c0aa4e808e65bb10bc592a4129103c78a468b5d,BE_TABULA_11,Detached house,1971-1990,TABULA_existing,231ef175659def943b74235aceb0ef9def0e53fc195cdad7a8338fa6b54777e3,rcp_2_6,weather_2050_rcp_2_6_pvgis_2006,pvgis_2006,2006,4263995439,153,central,central,fb59b12e82b041c59cc8a3933745a40e92c5e89aa7df64846e5855fbd3acb00e,2987a546cb3f48253dcdfdc400036a68d1977eddb1012f753e54eca010acedd8,38669e3f0e715d12f919bbd64ba6e09fbb431145f819869ebd01d20e8fde4ed0,4b5b7791539478f9b2562d1b176e235ac7b641e1afdc40c3d5242661d9dbed3d,2ad0e9f7bbdfe12695c931891fd0e8132d060fd7bcbca23623db43d4c7393a5c,561839806dcdb8279ac4e42025bc5a82751f2588a2b2066fa84637918d8e4896
mc_10084085046895e05d398c6db3dd414e5bc8b1213e6ca2ea3a39f1c4ad0561ae,BE_TABULA_11,Detached house,1971-1990,TABULA_existing,231ef175659def943b74235aceb0ef9def0e53fc195cdad7a8338fa6b54777e3,rcp_2_6,weather_2050_rcp_2_6_pvgis_2006,pvgis_2006,2006,1886112852,154,central,central,fb59b12e82b041c59cc8a3933745a40e92c5e89aa7df64846e5855fbd3acb00e,2987a546cb3f48253dcdfdc400036a68d1977eddb1012f753e54eca010acedd8,38669e3f0e715d12f919bbd64ba6e09fbb431145f819869ebd01d20e8fde4ed0,4b5b7791539478f9b2562d1b176e235ac7b641e1afdc40c3d5242661d9dbed3d,2ad0e9f7bbdfe12695c931891fd0e8132d060fd7bcbca23623db43d4c7393a5c,561839806dcdb8279ac4e42025bc5a82751f2588a2b2066fa84637918d8e4896
mc_191c19c9d2f51c238954acf2db3603d9db43436fd93a0007df7faa2e1376bcdf,BE_TABULA_11,Detached house,1971-1990,TABULA_existing,231ef175659def943b74235aceb0ef9def0e53fc195cdad7a8338fa6b54777e3,rcp_2_6,weather_2050_rcp_2_6_pvgis_2006,pvgis_2006,2006,3969387698,155,central,central,fb59b12e82b041c59cc8a3933745a40e92c5e89aa7df64846e5855fbd3acb00e,2987a546cb3f48253dcdfdc400036a68d1977eddb1012f753e54eca010acedd8,38669e3f0e715d12f919bbd64ba6e09fbb431145f819869ebd01d20e8fde4ed0,4b5b7791539478f9b2562d1b176e235ac7b641e1afdc40c3d5242661d9dbed3d,2ad0e9f7bbdfe12695c931891fd0e8132d060fd7bcbca23623db43d4c7393a5c,561839806dcdb8279ac4e42025bc5a82751f2588a2b2066fa84637918d8e4896
mc_9f9893905583a144f618d789b9443aecdb8e85120f33219f652a52fb952a7231,BE_TABULA_11,Detached house,1971-1990,TABULA_existing,231ef175659def943b74235aceb0ef9def0e53fc195cdad7a8338fa6b54777e3,rcp_2_6,weather_2050_rcp_2_6_pvgis_2006,pvgis_2006,2006,4282019026,156,central,central,fb59b12e82b041c59cc8a3933745a40e92c5e89aa7df64846e5855fbd3acb00e,2987a546cb3f48253dcdfdc400036a68d1977eddb1012f753e54eca010acedd8,38669e3f0e715d12f919bbd64ba6e09fbb431145f819869ebd01d20e8fde4ed0,4b5b7791539478f9b2562d1b176e235ac7b641e1afdc40c3d5242661d9dbed3d,2ad0e9f7bbdfe12695c931891fd0e8132d060fd7bcbca23623db43d4c7393a5c,561839806dcdb8279ac4e42025bc5a82751f2588a2b2066fa84637918d8e4896
mc_b62f4d785021db8ff9fce7bd16b1fe918e34ae0ed5be7e2889b93579d50f42c5,BE_TABULA_11,Detached house,1971-1990,TABULA_existing,231ef175659def943b74235aceb0ef9def0e53fc195cdad7a8338fa6b54777e3,rcp_2_6,weather_2050_rcp_2_6_pvgis_2006,pvgis_2006,2006,3013076802,157,central,central,fb59b12e82b041c59cc8a3933745a40e92c5e89aa7df64846e5855fbd3acb00e,2987a546cb3f48253dcdfdc400036a68d1977eddb1012f753e54eca010acedd8,38669e3f0e715d12f919bbd64ba6e09fbb431145f819869ebd01d20e8fde4ed0,4b5b7791539478f9b2562d1b176e235ac7b641e1afdc40c3d5242661d9dbed3d,2ad0e9f7bbdfe12695c931891fd0e8132d060fd7bcbca23623db43d4c7393a5c,561839806dcdb8279ac4e42025bc5a82751f2588a2b2066fa84637918d8e4896
mc_443556a6e0fb82e7881eedb678e61794d183404653945257c809c4bf91dbec52,BE_TABULA_11,Detached house,1971-1990,TABULA_existing,231ef175659def943b74235aceb0ef9def0e53fc195cdad7a8338fa6b54777e3,rcp_2_6,weather_2050_rcp_2_6_pvgis_2006,pvgis_2006,2006,2641806699,158,central,central,fb59b12e82b041c59cc8a3933745a40e92c5e89aa7df64846e5855fbd3acb00e,2987a546cb3f48253dcdfdc400036a68d1977eddb1012f753e54eca010acedd8,38669e3f0e715d12f919bbd64ba6e09fbb431145f819869ebd01d20e8fde4ed0,4b5b7791539478f9b2562d1b176e235ac7b641e1afdc40c3d5242661d9dbed3d,2ad0e9f7bbdfe12695c931891fd0e8132d060fd7bcbca23623db43d4c7393a5c,561839806dcdb8279ac4e42025bc5a82751f2588a2b2066fa84637918d8e4896
mc_638330c802f04cec64aa479685b5e588dacd0feee7ffa04032d0fa39379c85e8,BE_TABULA_11,Detached house,1971-1990,TABULA_existing,231ef175659def943b74235aceb0ef9def0e53fc195cdad7a8338fa6b54777e3,rcp_2_6,weather_2050_rcp_2_6_pvgis_2006,pvgis_2006,2006,484202279,159,central,central,fb59b12e82b041c59cc8a3933745a40e92c5e89aa7df64846e5855fbd3acb00e,2987a546cb3f48253dcdfdc400036a68d1977eddb1012f753e54eca010acedd8,38669e3f0e715d12f919bbd64ba6e09fbb431145f819869ebd01d20e8fde4ed0,4b5b7791539478f9b2562d1b176e235ac7b641e1afdc40c3d5242661d9dbed3d,2ad0e9f7bbdfe12695c931891fd0e8132d060fd7bcbca23623db43d4c7393a5c,561839806dcdb8279ac4e42025bc5a82751f2588a2b2066fa84637918d8e4896
mc_fc81c6ae5bbe6bd133c77b12bbec079ef3cae7db3e50547647880427105185b0,BE_TABULA_11,Detached house,1971-1990,TABULA_existing,231ef175659def943b74235aceb0ef9def0e53fc195cdad7a8338fa6b54777e3,rcp_2_6,weather_2050_rcp_2_6_pvgis_2006,pvgis_2006,2006,2228047862,160,central,central,fb59b12e82b041c59cc8a3933745a40e92c5e89aa7df64846e5855fbd3acb00e,2987a546cb3f48253dcdfdc400036a68d1977eddb1012f753e54eca010acedd8,38669e3f0e715d12f919bbd64ba6e09fbb431145f819869ebd01d20e8fde4ed0,4b5b7791539478f9b2562d1b176e235ac7b641e1afdc40c3d5242661d9dbed3d,2ad0e9f7bbdfe12695c931891fd0e8132d060fd7bcbca23623db43d4c7393a5c,561839806dcdb8279ac4e42025bc5a82751f2588a2b2066fa84637918d8e4896
mc_8dd9fcaaf16d9bc7ea1963700406a8b7e61541bc470565b4a0fcc5d22c347729,BE_TABULA_13,Terraced house,1971-1990,TABULA_standard_B_proxy,5425e9370287189ca45179f958739e4d1ea29f5439b14d2d1b6a877cf57e26a0,rcp_2_6,weather_2050_rcp_2_6_pvgis_2006,pvgis_2006,2006,1203443498,1,central,central,fb59b12e82b041c59cc8a3933745a40e92c5e89aa7df64846e5855fbd3acb00e,2987a546cb3f48253dcdfdc400036a68d1977eddb1012f753e54eca010acedd8,38669e3f0e715d12f919bbd64ba6e09fbb431145f819869ebd01d20e8fde4ed0,4b5b7791539478f9b2562d1b176e235ac7b641e1afdc40c3d5242661d9dbed3d,2ad0e9f7bbdfe12695c931891fd0e8132d060fd7bcbca23623db43d4c7393a5c,561839806dcdb8279ac4e42025bc5a82751f2588a2b2066fa84637918d8e4896
mc_db4795579461ffbe22e3aca90b838bedac1fb48d953cfb93b2a36a4b93c223c5,BE_TABULA_13,Terraced house,1971-1990,TABULA_standard_B_proxy,5425e9370287189ca45179f958739e4d1ea29f5439b14d2d1b6a877cf57e26a0,rcp_2_6,weather_2050_rcp_2_6_pvgis_2006,pvgis_2006,2006,2404203277,2,central,central,fb59b12e82b041c59cc8a3933745a40e92c5e89aa7df64846e5855fbd3acb00e,2987a546cb3f48253dcdfdc400036a68d1977eddb1012f753e54eca010acedd8,38669e3f0e715d12f919bbd64ba6e09fbb431145f819869ebd01d20e8fde4ed0,4b5b7791539478f9b2562d1b176e235ac7b641e1afdc40c3d5242661d9dbed3d,2ad0e9f7bbdfe12695c931891fd0e8132d060fd7bcbca23623db43d4c7393a5c,561839806dcdb8279ac4e42025bc5a82751f2588a2b2066fa84637918d8e4896
mc_b9cfbf4bd4cb92256547e2ed34c8d3c65f4339cb0a091570f5a06dc4e0dc6b97,BE_TABULA_13,Terraced house,1971-1990,TABULA_standard_B_proxy,5425e9370287189ca45179f958739e4d1ea29f5439b14d2d1b6a877cf57e26a0,rcp_2_6,weather_2050_rcp_2_6_pvgis_2006,pvgis_2006,2006,556301278,3,central,central,fb59b12e82b041c59cc8a3933745a40e92c5e89aa7df64846e5855fbd3acb00e,2987a546cb3f48253dcdfdc400036a68d1977eddb1012f753e54eca010acedd8,38669e3f0e715d12f919bbd64ba6e09fbb431145f819869ebd01d20e8fde4ed0,4b5b7791539478f9b2562d1b176e235ac7b641e1afdc40c3d5242661d9dbed3d,2ad0e9f7bbdfe12695c931891fd0e8132d060fd7bcbca23623db43d4c7393a5c,561839806dcdb8279ac4e42025bc5a82751f2588a2b2066fa84637918d8e4896
mc_8e8ee9a670f3d32b274ae0a226e05815590199999b2a24754196a3ecbc496b48,BE_TABULA_13,Terraced house,1971-1990,TABULA_standard_B_proxy,5425e9370287189ca45179f958739e4d1ea29f5439b14d2d1b6a877cf57e26a0,rcp_2_6,weather_2050_rcp_2_6_pvgis_2006,pvgis_2006,2006,3323552575,4,central,central,fb59b12e82b041c59cc8a3933745a40e92c5e89aa7df64846e5855fbd3acb00e,2987a546cb3f48253dcdfdc400036a68d1977eddb1012f753e54eca010acedd8,38669e3f0e715d12f919bbd64ba6e09fbb431145f819869ebd01d20e8fde4ed0,4b5b7791539478f9b2562d1b176e235ac7b641e1afdc40c3d5242661d9dbed3d,2ad0e9f7bbdfe12695c931891fd0e8132d060fd7bcbca23623db43d4c7393a5c,561839806dcdb8279ac4e42025bc5a82751f2588a2b2066fa84637918d8e4896
mc_794c4e629b3a2f96ae5e303206513dffca738f456eefec077d697acefa3f488a,BE_TABULA_13,Terraced house,1971-1990,TABULA_standard_B_proxy,5425e9370287189ca45179f958739e4d1ea29f5439b14d2d1b6a877cf57e26a0,rcp_2_6,weather_2050_rcp_2_6_pvgis_2006,pvgis_2006,2006,3843248486,5,central,central,fb59b12e82b041c59cc8a3933745a40e92c5e89aa7df64846e5855fbd3acb00e,2987a546cb3f48253dcdfdc400036a68d1977eddb1012f753e54eca010acedd8,38669e3f0e715d12f919bbd64ba6e09fbb431145f819869ebd01d20e8fde4ed0,4b5b7791539478f9b2562d1b176e235ac7b641e1afdc40c3d5242661d9dbed3d,2ad0e9f7bbdfe12695c931891fd0e8132d060fd7bcbca23623db43d4c7393a5c,561839806dcdb8279ac4e42025bc5a82751f2588a2b2066fa84637918d8e4896
mc_b640adc109e09194266c8d4197283b6dbed98b0a5f857b9eee52420f2d05fb7f,BE_TABULA_13,Terraced house,1971-1990,TABULA_standard_B_proxy,5425e9370287189ca45179f958739e4d1ea29f5439b14d2d1b6a877cf57e26a0,rcp_2_6,weather_2050_rcp_2_6_pvgis_2006,pvgis_2006,2006,3312507027,6,central,central,fb59b12e82b041c59cc8a3933745a40e92c5e89aa7df64846e5855fbd3acb00e,2987a546cb3f48253dcdfdc400036a68d1977eddb1012f753e54eca010acedd8,38669e3f0e715d12f919bbd64ba6e09fbb431145f819869ebd01d20e8fde4ed0,4b5b7791539478f9b2562d1b176e235ac7b641e1afdc40c3d5242661d9dbed3d,2ad0e9f7bbdfe12695c931891fd0e8132d060fd7bcbca23623db43d4c7393a5c,561839806dcdb8279ac4e42025bc5a82751f2588a2b2066fa84637918d8e4896
mc_73d7af90f1acd76c28685c8e6bea3fab76bff2bb24f476f329976bbb06690906,BE_TABULA_13,Terraced house,1971-1990,TABULA_standard_B_proxy,5425e9370287189ca45179f958739e4d1ea29f5439b14d2d1b6a877cf57e26a0,rcp_2_6,weather_2050_rcp_2_6_pvgis_2006,pvgis_2006,2006,526650457,7,central,central,fb59b12e82b041c59cc8a3933745a40e92c5e89aa7df64846e5855fbd3acb00e,2987a546cb3f48253dcdfdc400036a68d1977eddb1012f753e54eca010acedd8,38669e3f0e715d12f919bbd64ba6e09fbb431145f819869ebd01d20e8fde4ed0,4b5b7791539478f9b2562d1b176e235ac7b641e1afdc40c3d5242661d9dbed3d,2ad0e9f7bbdfe12695c931891fd0e8132d060fd7bcbca23623db43d4c7393a5c,561839806dcdb8279ac4e42025bc5a82751f2588a2b2066fa84637918d8e4896
mc_40681089093946ae4eed845130639174333f7dc43c9450a11ffb8aafa902c443,BE_TABULA_13,Terraced house,1971-1990,TABULA_standard_B_proxy,5425e9370287189ca45179f958739e4d1ea29f5439b14d2d1b6a877cf57e26a0,rcp_2_6,weather_2050_rcp_2_6_pvgis_2006,pvgis_2006,2006,2006049321,8,central,central,fb59b12e82b041c59cc8a3933745a40e92c5e89aa7df64846e5855fbd3acb00e,2987a546cb3f48253dcdfdc400036a68d1977eddb1012f753e54eca010acedd8,38669e3f0e715d12f919bbd64ba6e09fbb431145f819869ebd01d20e8fde4ed0,4b5b7791539478f9b2562d1b176e235ac7b641e1afdc40c3d5242661d9dbed3d,2ad0e9f7bbdfe12695c931891fd0e8132d060fd7bcbca23623db43d4c7393a5c,561839806dcdb8279ac4e42025bc5a82751f2588a2b2066fa84637918d8e4896
mc_7298351d3a2371df7fe1e6e90b813706c51984dab2e21edbde1e181efae588af,BE_TABULA_13,Terraced house,1971-1990,TABULA_standard_B_proxy,5425e9370287189ca45179f958739e4d1ea29f5439b14d2d1b6a877cf57e26a0,rcp_2_6,weather_2050_rcp_2_6_pvgis_2006,pvgis_2006,2006,3087163335,9,central,central,fb59b12e82b041c59cc8a3933745a40e92c5e89aa7df64846e5855fbd3acb00e,2987a546cb3f48253dcdfdc400036a68d1977eddb1012f753e54eca010acedd8,38669e3f0e715d12f919bbd64ba6e09fbb431145f819869ebd01d20e8fde4ed0,4b5b7791539478f9b2562d1b176e235ac7b641e1afdc40c3d5242661d9dbed3d,2ad0e9f7bbdfe12695c931891fd0e8132d060fd7bcbca23623db43d4c7393a5c,561839806dcdb8279ac4e42025bc5a82751f2588a2b2066fa84637918d8e4896
mc_c6c27260ab2803c3a874d4c4d0ae75318a9df28daed3a3b5f040dea70f07b3ae,BE_TABULA_13,Terraced house,1971-1990,TABULA_standard_B_proxy,5425e9370287189ca45179f958739e4d1ea29f5439b14d2d1b6a877cf57e26a0,rcp_2_6,weather_2050_rcp_2_6_pvgis_2006,pvgis_2006,2006,1341830702,10,central,central,fb59b12e82b041c59cc8a3933745a40e92c5e89aa7df64846e5855fbd3acb00e,2987a546cb3f48253dcdfdc400036a68d1977eddb1012f753e54eca010acedd8,38669e3f0e715d12f919bbd64ba6e09fbb431145f819869ebd01d20e8fde4ed0,4b5b7791539478f9b2562d1b176e235ac7b641e1afdc40c3d5242661d9dbed3d,2ad0e9f7bbdfe12695c931891fd0e8132d060fd7bcbca23623db43d4c7393a5c,561839806dcdb8279ac4e42025bc5a82751f2588a2b2066fa84637918d8e4896
mc_8a6d46b409444f0d10f157cf7c49b8490de2e6d1b6e0406530c552baf270ba48,BE_TABULA_13,Terraced house,1971-1990,TABULA_standard_B_proxy,5425e9370287189ca45179f958739e4d1ea29f5439b14d2d1b6a877cf57e26a0,rcp_2_6,weather_2050_rcp_2_6_pvgis_2006,pvgis_2006,2006,3835840985,11,central,central,fb59b12e82b041c59cc8a3933745a40e92c5e89aa7df64846e5855fbd3acb00e,2987a546cb3f48253dcdfdc400036a68d1977eddb1012f753e54eca010acedd8,38669e3f0e715d12f919bbd64ba6e09fbb431145f819869ebd01d20e8fde4ed0,4b5b7791539478f9b2562d1b176e235ac7b641e1afdc40c3d5242661d9dbed3d,2ad0e9f7bbdfe12695c931891fd0e8132d060fd7bcbca23623db43d4c7393a5c,561839806dcdb8279ac4e42025bc5a82751f2588a2b2066fa84637918d8e4896
mc_c54400c4d656cb8195a9e007fec3156a83b58ba235c18842957ca581e61bc557,BE_TABULA_13,Terraced house,1971-1990,TABULA_standard_B_proxy,5425e9370287189ca45179f958739e4d1ea29f5439b14d2d1b6a877cf57e26a0,rcp_2_6,weather_2050_rcp_2_6_pvgis_2006,pvgis_2006,2006,2527946898,12,central,central,fb59b12e82b041c59cc8a3933745a40e92c5e89aa7df64846e5855fbd3acb00e,2987a546cb3f48253dcdfdc400036a68d1977eddb1012f753e54eca010acedd8,38669e3f0e715d12f919bbd64ba6e09fbb431145f819869ebd01d20e8fde4ed0,4b5b7791539478f9b2562d1b176e235ac7b641e1afdc40c3d5242661d9dbed3d,2ad0e9f7bbdfe12695c931891fd0e8132d060fd7bcbca23623db43d4c7393a5c,561839806dcdb8279ac4e42025bc5a82751f2588a2b2066fa84637918d8e4896
mc_1cac49460e96d9fb816805d889e9cc116144bcf30e438c435da0022f22fbe54d,BE_TABULA_13,Terraced house,1971-1990,TABULA_standard_B_proxy,5425e9370287189ca45179f958739e4d1ea29f5439b14d2d1b6a877cf57e26a0,rcp_2_6,weather_2050_rcp_2_6_pvgis_2006,pvgis_2006,2006,1636053932,13,central,central,fb59b12e82b041c59cc8a3933745a40e92c5e89aa7df64846e5855fbd3acb00e,2987a546cb3f48253dcdfdc400036a68d1977eddb1012f753e54eca010acedd8,38669e3f0e715d12f919bbd64ba6e09fbb431145f819869ebd01d20e8fde4ed0,4b5b7791539478f9b2562d1b176e235ac7b641e1afdc40c3d5242661d9dbed3d,2ad0e9f7bbdfe12695c931891fd0e8132d060fd7bcbca23623db43d4c7393a5c,561839806dcdb8279ac4e42025bc5a82751f2588a2b2066fa84637918d8e4896
mc_0ff89d72aa5d8106f8f90b04ec4f554a8395f33de1993d23e4d736b24a61e132,BE_TABULA_13,Terraced house,1971-1990,TABULA_standard_B_proxy,5425e9370287189ca45179f958739e4d1ea29f5439b14d2d1b6a877cf57e26a0,rcp_2_6,weather_2050_rcp_2_6_pvgis_2006,pvgis_2006,2006,4263654691,14,central,central,fb59b12e82b041c59cc8a3933745a40e92c5e89aa7df64846e5855fbd3acb00e,2987a546cb3f48253dcdfdc400036a68d1977eddb1012f753e54eca010acedd8,38669e3f0e715d12f919bbd64ba6e09fbb431145f819869ebd01d20e8fde4ed0,4b5b7791539478f9b2562d1b176e235ac7b641e1afdc40c3d5242661d9dbed3d,2ad0e9f7bbdfe12695c931891fd0e8132d060fd7bcbca23623db43d4c7393a5c,561839806dcdb8279ac4e42025bc5a82751f2588a2b2066fa84637918d8e4896
mc_8875694dea72b13b6c24ab0ff75bbb7f6c22a101c61aa7358888f6e44d7d6adb,BE_TABULA_13,Terraced house,1971-1990,TABULA_standard_B_proxy,5425e9370287189ca45179f958739e4d1ea29f5439b14d2d1b6a877cf57e26a0,rcp_2_6,weather_2050_rcp_2_6_pvgis_2006,pvgis_2006,2006,2949107545,15,central,central,fb59b12e82b041c59cc8a3933745a40e92c5e89aa7df64846e5855fbd3acb00e,2987a546cb3f48253dcdfdc400036a68d1977eddb1012f753e54eca010acedd8,38669e3f0e715d12f919bbd64ba6e09fbb431145f819869ebd01d20e8fde4ed0,4b5b7791539478f9b2562d1b176e235ac7b641e1afdc40c3d5242661d9dbed3d,2ad0e9f7bbdfe12695c931891fd0e8132d060fd7bcbca23623db43d4c7393a5c,561839806dcdb8279ac4e42025bc5a82751f2588a2b2066fa84637918d8e4896
mc_f82b3d66e0cd478b5170bc83ec42d6bea7641b24fc82d71d3d326d0cef0e54bf,BE_TABULA_13,Terraced house,1971-1990,TABULA_standard_B_proxy,5425e9370287189ca45179f958739e4d1ea29f5439b14d2d1b6a877cf57e26a0,rcp_2_6,weather_2050_rcp_2_6_pvgis_2006,pvgis_2006,2006,74780820,16,central,central,fb59b12e82b041c59cc8a3933745a40e92c5e89aa7df64846e5855fbd3acb00e,2987a546cb3f48253dcdfdc400036a68d1977eddb1012f753e54eca010acedd8,38669e3f0e715d12f919bbd64ba6e09fbb431145f819869ebd01d20e8fde4ed0,4b5b7791539478f9b2562d1b176e235ac7b641e1afdc40c3d5242661d9dbed3d,2ad0e9f7bbdfe12695c931891fd0e8132d060fd7bcbca23623db43d4c7393a5c,561839806dcdb8279ac4e42025bc5a82751f2588a2b2066fa84637918d8e4896
mc_dc3845d09c0fc565b58aa9be12d4e3ad2f3364e9494b1422a62595deb2135cfe,BE_TABULA_13,Terraced house,1971-1990,TABULA_standard_B_proxy,5425e9370287189ca45179f958739e4d1ea29f5439b14d2d1b6a877cf57e26a0,rcp_2_6,weather_2050_rcp_2_6_pvgis_2006,pvgis_2006,2006,4191004058,17,central,central,fb59b12e82b041c59cc8a3933745a40e92c5e89aa7df64846e5855fbd3acb00e,2987a546cb3f48253dcdfdc400036a68d1977eddb1012f753e54eca010acedd8,38669e3f0e715d12f919bbd64ba6e09fbb431145f819869ebd01d20e8fde4ed0,4b5b7791539478f9b2562d1b176e235ac7b641e1afdc40c3d5242661d9dbed3d,2ad0e9f7bbdfe12695c931891fd0e8132d060fd7bcbca23623db43d4c7393a5c,561839806dcdb8279ac4e42025bc5a82751f2588a2b2066fa84637918d8e4896
mc_516360df7a7c1ce2b7ac62aeb188d2c3f6de58798a05614b83418a22c6221ac0,BE_TABULA_13,Terraced house,1971-1990,TABULA_standard_B_proxy,5425e9370287189ca45179f958739e4d1ea29f5439b14d2d1b6a877cf57e26a0,rcp_2_6,weather_2050_rcp_2_6_pvgis_2006,pvgis_2006,2006,406410021,18,central,central,fb59b12e82b041c59cc8a3933745a40e92c5e89aa7df64846e5855fbd3acb00e,2987a546cb3f48253dcdfdc400036a68d1977eddb1012f753e54eca010acedd8,38669e3f0e715d12f919bbd64ba6e09fbb431145f819869ebd01d20e8fde4ed0,4b5b7791539478f9b2562d1b176e235ac7b641e1afdc40c3d5242661d9dbed3d,2ad0e9f7bbdfe12695c931891fd0e8132d060fd7bcbca23623db43d4c7393a5c,561839806dcdb8279ac4e42025bc5a82751f2588a2b2066fa84637918d8e4896
mc_a75f3417f85d136a6e2d4910340e922aeec6bbd7a393fc1c707707dcee6066a0,BE_TABULA_13,Terraced house,1971-1990,TABULA_standard_B_proxy,5425e9370287189ca45179f958739e4d1ea29f5439b14d2d1b6a877cf57e26a0,rcp_2_6,weather_2050_rcp_2_6_pvgis_2006,pvgis_2006,2006,4239089345,19,central,central,fb59b12e82b041c59cc8a3933745a40e92c5e89aa7df64846e5855fbd3acb00e,2987a546cb3f48253dcdfdc400036a68d1977eddb1012f753e54eca010acedd8,38669e3f0e715d12f919bbd64ba6e09fbb431145f819869ebd01d20e8fde4ed0,4b5b7791539478f9b2562d1b176e235ac7b641e1afdc40c3d5242661d9dbed3d,2ad0e9f7bbdfe12695c931891fd0e8132d060fd7bcbca23623db43d4c7393a5c,561839806dcdb8279ac4e42025bc5a82751f2588a2b2066fa84637918d8e4896
mc_4cb6ebd17a595379c05d894fa811082b8383dff1a26dc2a8f6d07c4a52561ddc,BE_TABULA_13,Terraced house,1971-1990,TABULA_standard_B_proxy,5425e9370287189ca45179f958739e4d1ea29f5439b14d2d1b6a877cf57e26a0,rcp_2_6,weather_2050_rcp_2_6_pvgis_2006,pvgis_2006,2006,4121713922,20,central,central,fb59b12e82b041c59cc8a3933745a40e92c5e89aa7df64846e5855fbd3acb00e,2987a546cb3f48253dcdfdc400036a68d1977eddb1012f753e54eca010acedd8,38669e3f0e715d12f919bbd64ba6e09fbb431145f819869ebd01d20e8fde4ed0,4b5b7791539478f9b2562d1b176e235ac7b641e1afdc40c3d5242661d9dbed3d,2ad0e9f7bbdfe12695c931891fd0e8132d060fd7bcbca23623db43d4c7393a5c,561839806dcdb8279ac4e42025bc5a82751f2588a2b2066fa84637918d8e4896
mc_0145a4d43719a7bda627ce870cd77c8d1ec00d3dd1bcca932dbde89b9c7e70f5,BE_TABULA_13,Terraced house,1971-1990,TABULA_standard_B_proxy,5425e9370287189ca45179f958739e4d1ea29f5439b14d2d1b6a877cf57e26a0,rcp_2_6,weather_2050_rcp_2_6_pvgis_2006,pvgis_2006,2006,528153456,21,central,central,fb59b12e82b041c59cc8a3933745a40e92c5e89aa7df64846e5855fbd3acb00e,2987a546cb3f48253dcdfdc400036a68d1977eddb1012f753e54eca010acedd8,38669e3f0e715d12f919bbd64ba6e09fbb431145f819869ebd01d20e8fde4ed0,4b5b7791539478f9b2562d1b176e235ac7b641e1afdc40c3d5242661d9dbed3d,2ad0e9f7bbdfe12695c931891fd0e8132d060fd7bcbca23623db43d4c7393a5c,561839806dcdb8279ac4e42025bc5a82751f2588a2b2066fa84637918d8e4896
mc_76fc64e47da5fede2e288d5381943f7c07b7d4318d7bc68e07d7f6cabedc7332,BE_TABULA_13,Terraced house,1971-1990,TABULA_standard_B_proxy,5425e9370287189ca45179f958739e4d1ea29f5439b14d2d1b6a877cf57e26a0,rcp_2_6,weather_2050_rcp_2_6_pvgis_2006,pvgis_2006,2006,1536553193,22,central,central,fb59b12e82b041c59cc8a3933745a40e92c5e89aa7df64846e5855fbd3acb00e,2987a546cb3f48253dcdfdc400036a68d1977eddb1012f753e54eca010acedd8,38669e3f0e715d12f919bbd64ba6e09fbb431145f819869ebd01d20e8fde4ed0,4b5b7791539478f9b2562d1b176e235ac7b641e1afdc40c3d5242661d9dbed3d,2ad0e9f7bbdfe12695c931891fd0e8132d060fd7bcbca23623db43d4c7393a5c,561839806dcdb8279ac4e42025bc5a82751f2588a2b2066fa84637918d8e4896
mc_c77bf3cc97e52fac970ce2a6aa8a61530db78338f5ada982b94139f7bd88f0b2,BE_TABULA_13,Terraced house,1971-1990,TABULA_standard_B_proxy,5425e9370287189ca45179f958739e4d1ea29f5439b14d2d1b6a877cf57e26a0,rcp_2_6,weather_2050_rcp_2_6_pvgis_2006,pvgis_2006,2006,2701107225,23,central,central,fb59b12e82b041c59cc8a3933745a40e92c5e89aa7df64846e5855fbd3acb00e,2987a546cb3f48253dcdfdc400036a68d1977eddb1012f753e54eca010acedd8,38669e3f0e715d12f919bbd64ba6e09fbb431145f819869ebd01d20e8fde4ed0,4b5b7791539478f9b2562d1b176e235ac7b641e1afdc40c3d5242661d9dbed3d,2ad0e9f7bbdfe12695c931891fd0e8132d060fd7bcbca23623db43d4c7393a5c,561839806dcdb8279ac4e42025bc5a82751f2588a2b2066fa84637918d8e4896
mc_6f9921c900a14752bd691896c92b7f8a112b0965bf12267a93269e366f797908,BE_TABULA_13,Terraced house,1971-1990,TABULA_standard_B_proxy,5425e9370287189ca45179f958739e4d1ea29f5439b14d2d1b6a877cf57e26a0,rcp_2_6,weather_2050_rcp_2_6_pvgis_2006,pvgis_2006,2006,460941366,24,central,central,fb59b12e82b041c59cc8a3933745a40e92c5e89aa7df64846e5855fbd3acb00e,2987a546cb3f48253dcdfdc400036a68d1977eddb1012f753e54eca010acedd8,38669e3f0e715d12f919bbd64ba6e09fbb431145f819869ebd01d20e8fde4ed0,4b5b7791539478f9b2562d1b176e235ac7b641e1afdc40c3d5242661d9dbed3d,2ad0e9f7bbdfe12695c931891fd0e8132d060fd7bcbca23623db43d4c7393a5c,561839806dcdb8279ac4e42025bc5a82751f2588a2b2066fa84637918d8e4896
mc_cc93eec7c936e157908e06d67b8ac9de0780bf29bc159971b31437e78b1a0377,BE_TABULA_13,Terraced house,1971-1990,TABULA_standard_B_proxy,5425e9370287189ca45179f958739e4d1ea29f5439b14d2d1b6a877cf57e26a0,rcp_2_6,weather_2050_rcp_2_6_pvgis_2006,pvgis_2006,2006,2869373249,25,central,central,fb59b12e82b041c59cc8a3933745a40e92c5e89aa7df64846e5855fbd3acb00e,2987a546cb3f48253dcdfdc400036a68d1977eddb1012f753e54eca010acedd8,38669e3f0e715d12f919bbd64ba6e09fbb431145f819869ebd01d20e8fde4ed0,4b5b7791539478f9b2562d1b176e235ac7b641e1afdc40c3d5242661d9dbed3d,2ad0e9f7bbdfe12695c931891fd0e8132d060fd7bcbca23623db43d4c7393a5c,561839806dcdb8279ac4e42025bc5a82751f2588a2b2066fa84637918d8e4896
mc_532a212097eeabefef3e740184881d668bfffd165c7efb1c40e3518946820bb7,BE_TABULA_13,Terraced house,1971-1990,TABULA_standard_B_proxy,5425e9370287189ca45179f958739e4d1ea29f5439b14d2d1b6a877cf57e26a0,rcp_2_6,weather_2050_rcp_2_6_pvgis_2006,pvgis_2006,2006,2053834706,26,central,central,fb59b12e82b041c59cc8a3933745a40e92c5e89aa7df64846e5855fbd3acb00e,2987a546cb3f48253dcdfdc400036a68d1977eddb1012f753e54eca010acedd8,38669e3f0e715d12f919bbd64ba6e09fbb431145f819869ebd01d20e8fde4ed0,4b5b7791539478f9b2562d1b176e235ac7b641e1afdc40c3d5242661d9dbed3d,2ad0e9f7bbdfe12695c931891fd0e8132d060fd7bcbca23623db43d4c7393a5c,561839806dcdb8279ac4e42025bc5a82751f2588a2b2066fa84637918d8e4896
mc_064990b85483a4776ec71a198c1fd69a5ea0b72eee3666598c1d1c5eba98138e,BE_TABULA_13,Terraced house,1971-1990,TABULA_standard_B_proxy,5425e9370287189ca45179f958739e4d1ea29f5439b14d2d1b6a877cf57e26a0,rcp_2_6,weather_2050_rcp_2_6_pvgis_2006,pvgis_2006,2006,3560160567,27,central,central,fb59b12e82b041c59cc8a3933745a40e92c5e89aa7df64846e5855fbd3acb00e,2987a546cb3f48253dcdfdc400036a68d1977eddb1012f753e54eca010acedd8,38669e3f0e715d12f919bbd64ba6e09fbb431145f819869ebd01d20e8fde4ed0,4b5b7791539478f9b2562d1b176e235ac7b641e1afdc40c3d5242661d9dbed3d,2ad0e9f7bbdfe12695c931891fd0e8132d060fd7bcbca23623db43d4c7393a5c,561839806dcdb8279ac4e42025bc5a82751f2588a2b2066fa84637918d8e4896
mc_62bffa4fbe373d4fab805f0c348263748fea3a95c20f8be80f9632cfb2f398b3,BE_TABULA_13,Terraced house,1971-1990,TABULA_standard_B_proxy,5425e9370287189ca45179f958739e4d1ea29f5439b14d2d1b6a877cf57e26a0,rcp_2_6,weather_2050_rcp_2_6_pvgis_2006,pvgis_2006,2006,3815772485,28,central,central,fb59b12e82b041c59cc8a3933745a40e92c5e89aa7df64846e5855fbd3acb00e,2987a546cb3f48253dcdfdc400036a68d1977eddb1012f753e54eca010acedd8,38669e3f0e715d12f919bbd64ba6e09fbb431145f819869ebd01d20e8fde4ed0,4b5b7791539478f9b2562d1b176e235ac7b641e1afdc40c3d5242661d9dbed3d,2ad0e9f7bbdfe12695c931891fd0e8132d060fd7bcbca23623db43d4c7393a5c,561839806dcdb8279ac4e42025bc5a82751f2588a2b2066fa84637918d8e4896
mc_012fbaddee4fa038896e84a919f4ae5cc7975c0b00dccb14c43014d121d3848f,BE_TABULA_13,Terraced house,1971-1990,TABULA_standard_B_proxy,5425e9370287189ca45179f958739e4d1ea29f5439b14d2d1b6a877cf57e26a0,rcp_2_6,weather_2050_rcp_2_6_pvgis_2006,pvgis_2006,2006,1523204169,29,central,central,fb59b12e82b041c59cc8a3933745a40e92c5e89aa7df64846e5855fbd3acb00e,2987a546cb3f48253dcdfdc400036a68d1977eddb1012f753e54eca010acedd8,38669e3f0e715d12f919bbd64ba6e09fbb431145f819869ebd01d20e8fde4ed0,4b5b7791539478f9b2562d1b176e235ac7b641e1afdc40c3d5242661d9dbed3d,2ad0e9f7bbdfe12695c931891fd0e8132d060fd7bcbca23623db43d4c7393a5c,561839806dcdb8279ac4e42025bc5a82751f2588a2b2066fa84637918d8e4896
mc_a58311ed0cf531aad21c84254d7c4bcd0766d532618ca1410134abbda7332e8f,BE_TABULA_13,Terraced house,1971-1990,TABULA_standard_B_proxy,5425e9370287189ca45179f958739e4d1ea29f5439b14d2d1b6a877cf57e26a0,rcp_2_6,weather_2050_rcp_2_6_pvgis_2006,pvgis_2006,2006,3168655264,30,central,central,fb59b12e82b041c59cc8a3933745a40e92c5e89aa7df64846e5855fbd3acb00e,2987a546cb3f48253dcdfdc400036a68d1977eddb1012f753e54eca010acedd8,38669e3f0e715d12f919bbd64ba6e09fbb431145f819869ebd01d20e8fde4ed0,4b5b7791539478f9b2562d1b176e235ac7b641e1afdc40c3d5242661d9dbed3d,2ad0e9f7bbdfe12695c931891fd0e8132d060fd7bcbca23623db43d4c7393a5c,561839806dcdb8279ac4e42025bc5a82751f2588a2b2066fa84637918d8e4896
mc_2ff6e326dbeda666ec71675064eb633cd2af127932ed6f2bc0b71fd3da4936c9,BE_TABULA_13,Terraced house,1971-1990,TABULA_standard_B_proxy,5425e9370287189ca45179f958739e4d1ea29f5439b14d2d1b6a877cf57e26a0,rcp_2_6,weather_2050_rcp_2_6_pvgis_2006,pvgis_2006,2006,871166546,31,central,central,fb59b12e82b041c59cc8a3933745a40e92c5e89aa7df64846e5855fbd3acb00e,2987a546cb3f48253dcdfdc400036a68d1977eddb1012f753e54eca010acedd8,38669e3f0e715d12f919bbd64ba6e09fbb431145f819869ebd01d20e8fde4ed0,4b5b7791539478f9b2562d1b176e235ac7b641e1afdc40c3d5242661d9dbed3d,2ad0e9f7bbdfe12695c931891fd0e8132d060fd7bcbca23623db43d4c7393a5c,561839806dcdb8279ac4e42025bc5a82751f2588a2b2066fa84637918d8e4896
mc_980709b5982f978da87d7edd07120df1ad3aa542c998955a4d95287e94cc4370,BE_TABULA_13,Terraced house,1971-1990,TABULA_standard_B_proxy,5425e9370287189ca45179f958739e4d1ea29f5439b14d2d1b6a877cf57e26a0,rcp_2_6,weather_2050_rcp_2_6_pvgis_2006,pvgis_2006,2006,2626399861,32,central,central,fb59b12e82b041c59cc8a3933745a40e92c5e89aa7df64846e5855fbd3acb00e,2987a546cb3f48253dcdfdc400036a68d1977eddb1012f753e54eca010acedd8,38669e3f0e715d12f919bbd64ba6e09fbb431145f819869ebd01d20e8fde4ed0,4b5b7791539478f9b2562d1b176e235ac7b641e1afdc40c3d5242661d9dbed3d,2ad0e9f7bbdfe12695c931891fd0e8132d060fd7bcbca23623db43d4c7393a5c,561839806dcdb8279ac4e42025bc5a82751f2588a2b2066fa84637918d8e4896
mc_bbdf08bc69920c93c1840555c5d53ada965c167a5a91716e159fbaad5704f060,BE_TABULA_13,Terraced house,1971-1990,TABULA_standard_B_proxy,5425e9370287189ca45179f958739e4d1ea29f5439b14d2d1b6a877cf57e26a0,rcp_2_6,weather_2050_rcp_2_6_pvgis_2006,pvgis_2006,2006,1170469307,33,central,central,fb59b12e82b041c59cc8a3933745a40e92c5e89aa7df64846e5855fbd3acb00e,2987a546cb3f48253dcdfdc400036a68d1977eddb1012f753e54eca010acedd8,38669e3f0e715d12f919bbd64ba6e09fbb431145f819869ebd01d20e8fde4ed0,4b5b7791539478f9b2562d1b176e235ac7b641e1afdc40c3d5242661d9dbed3d,2ad0e9f7bbdfe12695c931891fd0e8132d060fd7bcbca23623db43d4c7393a5c,561839806dcdb8279ac4e42025bc5a82751f2588a2b2066fa84637918d8e4896
mc_e9af34d5e948e6141a773aa86bbe8d544facdf2bf95b5fe142f96c02f039aaa8,BE_TABULA_13,Terraced house,1971-1990,TABULA_standard_B_proxy,5425e9370287189ca45179f958739e4d1ea29f5439b14d2d1b6a877cf57e26a0,rcp_2_6,weather_2050_rcp_2_6_pvgis_2006,pvgis_2006,2006,1630191912,34,central,central,fb59b12e82b041c59cc8a3933745a40e92c5e89aa7df64846e5855fbd3acb00e,2987a546cb3f48253dcdfdc400036a68d1977eddb1012f753e54eca010acedd8,38669e3f0e715d12f919bbd64ba6e09fbb431145f819869ebd01d20e8fde4ed0,4b5b7791539478f9b2562d1b176e235ac7b641e1afdc40c3d5242661d9dbed3d,2ad0e9f7bbdfe12695c931891fd0e8132d060fd7bcbca23623db43d4c7393a5c,561839806dcdb8279ac4e42025bc5a82751f2588a2b2066fa84637918d8e4896
mc_e2384ebaa670ce82832d8e6606cec53d207dd7cdd4bf5e39362a9d8accaf5f9d,BE_TABULA_13,Terraced house,1971-1990,TABULA_standard_B_proxy,5425e9370287189ca45179f958739e4d1ea29f5439b14d2d1b6a877cf57e26a0,rcp_2_6,weather_2050_rcp_2_6_pvgis_2006,pvgis_2006,2006,2418138936,35,central,central,fb59b12e82b041c59cc8a3933745a40e92c5e89aa7df64846e5855fbd3acb00e,2987a546cb3f48253dcdfdc400036a68d1977eddb1012f753e54eca010acedd8,38669e3f0e715d12f919bbd64ba6e09fbb431145f819869ebd01d20e8fde4ed0,4b5b7791539478f9b2562d1b176e235ac7b641e1afdc40c3d5242661d9dbed3d,2ad0e9f7bbdfe12695c931891fd0e8132d060fd7bcbca23623db43d4c7393a5c,561839806dcdb8279ac4e42025bc5a82751f2588a2b2066fa84637918d8e4896
mc_651f1069801d6934f2ad0dd0ef337958d25e60180728a1394a2b824473fe64b9,BE_TABULA_13,Terraced house,1971-1990,TABULA_standard_B_proxy,5425e9370287189ca45179f958739e4d1ea29f5439b14d2d1b6a877cf57e26a0,rcp_2_6,weather_2050_rcp_2_6_pvgis_2006,pvgis_2006,2006,4284547342,36,central,central,fb59b12e82b041c59cc8a3933745a40e92c5e89aa7df64846e5855fbd3acb00e,2987a546cb3f48253dcdfdc400036a68d1977eddb1012f753e54eca010acedd8,38669e3f0e715d12f919bbd64ba6e09fbb431145f819869ebd01d20e8fde4ed0,4b5b7791539478f9b2562d1b176e235ac7b641e1afdc40c3d5242661d9dbed3d,2ad0e9f7bbdfe12695c931891fd0e8132d060fd7bcbca23623db43d4c7393a5c,561839806dcdb8279ac4e42025bc5a82751f2588a2b2066fa84637918d8e4896
mc_44010dc55e392bfd82d13bc8778e298ddb2c1c1b90d6f2ca0ab8b5299b0ed606,BE_TABULA_13,Terraced house,1971-1990,TABULA_standard_B_proxy,5425e9370287189ca45179f958739e4d1ea29f5439b14d2d1b6a877cf57e26a0,rcp_2_6,weather_2050_rcp_2_6_pvgis_2006,pvgis_2006,2006,2078907488,37,central,central,fb59b12e82b041c59cc8a3933745a40e92c5e89aa7df64846e5855fbd3acb00e,2987a546cb3f48253dcdfdc400036a68d1977eddb1012f753e54eca010acedd8,38669e3f0e715d12f919bbd64ba6e09fbb431145f819869ebd01d20e8fde4ed0,4b5b7791539478f9b2562d1b176e235ac7b641e1afdc40c3d5242661d9dbed3d,2ad0e9f7bbdfe12695c931891fd0e8132d060fd7bcbca23623db43d4c7393a5c,561839806dcdb8279ac4e42025bc5a82751f2588a2b2066fa84637918d8e4896
mc_a0a06ddf73527b99ef70d21d5cdf9c92b9a0e35e18ec53bd542898f8664071db,BE_TABULA_13,Terraced house,1971-1990,TABULA_standard_B_proxy,5425e9370287189ca45179f958739e4d1ea29f5439b14d2d1b6a877cf57e26a0,rcp_2_6,weather_2050_rcp_2_6_pvgis_2006,pvgis_2006,2006,1049765411,38,central,central,fb59b12e82b041c59cc8a3933745a40e92c5e89aa7df64846e5855fbd3acb00e,2987a546cb3f48253dcdfdc400036a68d1977eddb1012f753e54eca010acedd8,38669e3f0e715d12f919bbd64ba6e09fbb431145f819869ebd01d20e8fde4ed0,4b5b7791539478f9b2562d1b176e235ac7b641e1afdc40c3d5242661d9dbed3d,2ad0e9f7bbdfe12695c931891fd0e8132d060fd7bcbca23623db43d4c7393a5c,561839806dcdb8279ac4e42025bc5a82751f2588a2b2066fa84637918d8e4896
mc_8bafe6f43eed1dd3c07ca1ce84137803098b3ba9e7a4a3d6709e0284652188eb,BE_TABULA_13,Terraced house,1971-1990,TABULA_standard_B_proxy,5425e9370287189ca45179f958739e4d1ea29f5439b14d2d1b6a877cf57e26a0,rcp_2_6,weather_2050_rcp_2_6_pvgis_2006,pvgis_2006,2006,179219561,39,central,central,fb59b12e82b041c59cc8a3933745a40e92c5e89aa7df64846e5855fbd3acb00e,2987a546cb3f48253dcdfdc400036a68d1977eddb1012f753e54eca010acedd8,38669e3f0e715d12f919bbd64ba6e09fbb431145f819869ebd01d20e8fde4ed0,4b5b7791539478f9b2562d1b176e235ac7b641e1afdc40c3d5242661d9dbed3d,2ad0e9f7bbdfe12695c931891fd0e8132d060fd7bcbca23623db43d4c7393a5c,561839806dcdb8279ac4e42025bc5a82751f2588a2b2066fa84637918d8e4896
mc_6535ab575d3f8a623c58fdf4f1c5775c30cc35779fec3ccb62e2380d737d1df8,BE_TABULA_13,Terraced house,1971-1990,TABULA_standard_B_proxy,5425e9370287189ca45179f958739e4d1ea29f5439b14d2d1b6a877cf57e26a0,rcp_2_6,weather_2050_rcp_2_6_pvgis_2006,pvgis_2006,2006,1182233951,40,central,central,fb59b12e82b041c59cc8a3933745a40e92c5e89aa7df64846e5855fbd3acb00e,2987a546cb3f48253dcdfdc400036a68d1977eddb1012f753e54eca010acedd8,38669e3f0e715d12f919bbd64ba6e09fbb431145f819869ebd01d20e8fde4ed0,4b5b7791539478f9b2562d1b176e235ac7b641e1afdc40c3d5242661d9dbed3d,2ad0e9f7bbdfe12695c931891fd0e8132d060fd7bcbca23623db43d4c7393a5c,561839806dcdb8279ac4e42025bc5a82751f2588a2b2066fa84637918d8e4896
mc_aba1c3923b54c717b06d851dd66486aa1b9787fcb99d58fd024aa138de39e346,BE_TABULA_13,Terraced house,1971-1990,TABULA_standard_B_proxy,5425e9370287189ca45179f958739e4d1ea29f5439b14d2d1b6a877cf57e26a0,rcp_2_6,weather_2050_rcp_2_6_pvgis_2006,pvgis_2006,2006,2553148887,41,central,central,fb59b12e82b041c59cc8a3933745a40e92c5e89aa7df64846e5855fbd3acb00e,2987a546cb3f48253dcdfdc400036a68d1977eddb1012f753e54eca010acedd8,38669e3f0e715d12f919bbd64ba6e09fbb431145f819869ebd01d20e8fde4ed0,4b5b7791539478f9b2562d1b176e235ac7b641e1afdc40c3d5242661d9dbed3d,2ad0e9f7bbdfe12695c931891fd0e8132d060fd7bcbca23623db43d4c7393a5c,561839806dcdb8279ac4e42025bc5a82751f2588a2b2066fa84637918d8e4896
mc_00e8976f30ac29f9f48dc05f74239568e3ac8fa08f6f64991c1d42e4dd7e9720,BE_TABULA_13,Terraced house,1971-1990,TABULA_standard_B_proxy,5425e9370287189ca45179f958739e4d1ea29f5439b14d2d1b6a877cf57e26a0,rcp_2_6,weather_2050_rcp_2_6_pvgis_2006,pvgis_2006,2006,3936058544,42,central,central,fb59b12e82b041c59cc8a3933745a40e92c5e89aa7df64846e5855fbd3acb00e,2987a546cb3f48253dcdfdc400036a68d1977eddb1012f753e54eca010acedd8,38669e3f0e715d12f919bbd64ba6e09fbb431145f819869ebd01d20e8fde4ed0,4b5b7791539478f9b2562d1b176e235ac7b641e1afdc40c3d5242661d9dbed3d,2ad0e9f7bbdfe12695c931891fd0e8132d060fd7bcbca23623db43d4c7393a5c,561839806dcdb8279ac4e42025bc5a82751f2588a2b2066fa84637918d8e4896
mc_abda7fea10cce7fed702dd96c718768b344fbac68ecb673c4e41dd20deb21340,BE_TABULA_13,Terraced house,1971-1990,TABULA_standard_B_proxy,5425e9370287189ca45179f958739e4d1ea29f5439b14d2d1b6a877cf57e26a0,rcp_2_6,weather_2050_rcp_2_6_pvgis_2006,pvgis_2006,2006,3672343387,43,central,central,fb59b12e82b041c59cc8a3933745a40e92c5e89aa7df64846e5855fbd3acb00e,2987a546cb3f48253dcdfdc400036a68d1977eddb1012f753e54eca010acedd8,38669e3f0e715d12f919bbd64ba6e09fbb431145f819869ebd01d20e8fde4ed0,4b5b7791539478f9b2562d1b176e235ac7b641e1afdc40c3d5242661d9dbed3d,2ad0e9f7bbdfe12695c931891fd0e8132d060fd7bcbca23623db43d4c7393a5c,561839806dcdb8279ac4e42025bc5a82751f2588a2b2066fa84637918d8e4896
mc_d049465f366baa59f630d7ff44c6e6be0439a48ee414019fd6a4ac04b09c415f,BE_TABULA_13,Terraced house,1971-1990,TABULA_standard_B_proxy,5425e9370287189ca45179f958739e4d1ea29f5439b14d2d1b6a877cf57e26a0,rcp_2_6,weather_2050_rcp_2_6_pvgis_2006,pvgis_2006,2006,1536720057,44,central,central,fb59b12e82b041c59cc8a3933745a40e92c5e89aa7df64846e5855fbd3acb00e,2987a546cb3f48253dcdfdc400036a68d1977eddb1012f753e54eca010acedd8,38669e3f0e715d12f919bbd64ba6e09fbb431145f819869ebd01d20e8fde4ed0,4b5b7791539478f9b2562d1b176e235ac7b641e1afdc40c3d5242661d9dbed3d,2ad0e9f7bbdfe12695c931891fd0e8132d060fd7bcbca23623db43d4c7393a5c,561839806dcdb8279ac4e42025bc5a82751f2588a2b2066fa84637918d8e4896
mc_f59527c80a695437e5a42db9ec2c046e2ac073212eba3dad8d1d4456648a6837,BE_TABULA_13,Terraced house,1971-1990,TABULA_standard_B_proxy,5425e9370287189ca45179f958739e4d1ea29f5439b14d2d1b6a877cf57e26a0,rcp_2_6,weather_2050_rcp_2_6_pvgis_2006,pvgis_2006,2006,1105527356,45,central,central,fb59b12e82b041c59cc8a3933745a40e92c5e89aa7df64846e5855fbd3acb00e,2987a546cb3f48253dcdfdc400036a68d1977eddb1012f753e54eca010acedd8,38669e3f0e715d12f919bbd64ba6e09fbb431145f819869ebd01d20e8fde4ed0,4b5b7791539478f9b2562d1b176e235ac7b641e1afdc40c3d5242661d9dbed3d,2ad0e9f7bbdfe12695c931891fd0e8132d060fd7bcbca23623db43d4c7393a5c,561839806dcdb8279ac4e42025bc5a82751f2588a2b2066fa84637918d8e4896
mc_f36c9b6a3ffb46fe75b154c96ff251e9928e0bd60c11d1205b47f594c72995a5,BE_TABULA_13,Terraced house,1971-1990,TABULA_standard_B_proxy,5425e9370287189ca45179f958739e4d1ea29f5439b14d2d1b6a877cf57e26a0,rcp_2_6,weather_2050_rcp_2_6_pvgis_2006,pvgis_2006,2006,2803026148,46,central,central,fb59b12e82b041c59cc8a3933745a40e92c5e89aa7df64846e5855fbd3acb00e,2987a546cb3f48253dcdfdc400036a68d1977eddb1012f753e54eca010acedd8,38669e3f0e715d12f919bbd64ba6e09fbb431145f819869ebd01d20e8fde4ed0,4b5b7791539478f9b2562d1b176e235ac7b641e1afdc40c3d5242661d9dbed3d,2ad0e9f7bbdfe12695c931891fd0e8132d060fd7bcbca23623db43d4c7393a5c,561839806dcdb8279ac4e42025bc5a82751f2588a2b2066fa84637918d8e4896
mc_2f40c4880837e68ec14a34ceb0817cfba499609dc65d8ace2cfefd07556afd52,BE_TABULA_13,Terraced house,1971-1990,TABULA_standard_B_proxy,5425e9370287189ca45179f958739e4d1ea29f5439b14d2d1b6a877cf57e26a0,rcp_2_6,weather_2050_rcp_2_6_pvgis_2006,pvgis_2006,2006,2970899734,47,central,central,fb59b12e82b041c59cc8a3933745a40e92c5e89aa7df64846e5855fbd3acb00e,2987a546cb3f48253dcdfdc400036a68d1977eddb1012f753e54eca010acedd8,38669e3f0e715d12f919bbd64ba6e09fbb431145f819869ebd01d20e8fde4ed0,4b5b7791539478f9b2562d1b176e235ac7b641e1afdc40c3d5242661d9dbed3d,2ad0e9f7bbdfe12695c931891fd0e8132d060fd7bcbca23623db43d4c7393a5c,561839806dcdb8279ac4e42025bc5a82751f2588a2b2066fa84637918d8e4896
mc_f4df695eeea9b0d0b34f282b7b2aef7f3a5d1ce05d60cf082b0f4a993bf6ea65,BE_TABULA_13,Terraced house,1971-1990,TABULA_standard_B_proxy,5425e9370287189ca45179f958739e4d1ea29f5439b14d2d1b6a877cf57e26a0,rcp_2_6,weather_2050_rcp_2_6_pvgis_2006,pvgis_2006,2006,387036528,48,central,central,fb59b12e82b041c59cc8a3933745a40e92c5e89aa7df64846e5855fbd3acb00e,2987a546cb3f48253dcdfdc400036a68d1977eddb1012f753e54eca010acedd8,38669e3f0e715d12f919bbd64ba6e09fbb431145f819869ebd01d20e8fde4ed0,4b5b7791539478f9b2562d1b176e235ac7b641e1afdc40c3d5242661d9dbed3d,2ad0e9f7bbdfe12695c931891fd0e8132d060fd7bcbca23623db43d4c7393a5c,561839806dcdb8279ac4e42025bc5a82751f2588a2b2066fa84637918d8e4896
mc_8e58887e41392e8eb7fcbd2a7cccb8af8f36e6ba866982e72cc8d0484d7afe12,BE_TABULA_13,Terraced house,1971-1990,TABULA_standard_B_proxy,5425e9370287189ca45179f958739e4d1ea29f5439b14d2d1b6a877cf57e26a0,rcp_2_6,weather_2050_rcp_2_6_pvgis_2006,pvgis_2006,2006,247910426,49,central,central,fb59b12e82b041c59cc8a3933745a40e92c5e89aa7df64846e5855fbd3acb00e,2987a546cb3f48253dcdfdc400036a68d1977eddb1012f753e54eca010acedd8,38669e3f0e715d12f919bbd64ba6e09fbb431145f819869ebd01d20e8fde4ed0,4b5b7791539478f9b2562d1b176e235ac7b641e1afdc40c3d5242661d9dbed3d,2ad0e9f7bbdfe12695c931891fd0e8132d060fd7bcbca23623db43d4c7393a5c,561839806dcdb8279ac4e42025bc5a82751f2588a2b2066fa84637918d8e4896
mc_e8e8ed7f844cde983425852d8c78040a70108e17516bc96c8df586955a02f25b,BE_TABULA_13,Terraced house,1971-1990,TABULA_standard_B_proxy,5425e9370287189ca45179f958739e4d1ea29f5439b14d2d1b6a877cf57e26a0,rcp_2_6,weather_2050_rcp_2_6_pvgis_2006,pvgis_2006,2006,2703791916,50,central,central,fb59b12e82b041c59cc8a3933745a40e92c5e89aa7df64846e5855fbd3acb00e,2987a546cb3f48253dcdfdc400036a68d1977eddb1012f753e54eca010acedd8,38669e3f0e715d12f919bbd64ba6e09fbb431145f819869ebd01d20e8fde4ed0,4b5b7791539478f9b2562d1b176e235ac7b641e1afdc40c3d5242661d9dbed3d,2ad0e9f7bbdfe12695c931891fd0e8132d060fd7bcbca23623db43d4c7393a5c,561839806dcdb8279ac4e42025bc5a82751f2588a2b2066fa84637918d8e4896
mc_2ba70a84fa2b362e733ecdabd7cb23819f1b9afab372cc86f5546da6ee76ada7,BE_TABULA_13,Terraced house,1971-1990,TABULA_standard_B_proxy,5425e9370287189ca45179f958739e4d1ea29f5439b14d2d1b6a877cf57e26a0,rcp_2_6,weather_2050_rcp_2_6_pvgis_2006,pvgis_2006,2006,2308038042,51,central,central,fb59b12e82b041c59cc8a3933745a40e92c5e89aa7df64846e5855fbd3acb00e,2987a546cb3f48253dcdfdc400036a68d1977eddb1012f753e54eca010acedd8,38669e3f0e715d12f919bbd64ba6e09fbb431145f819869ebd01d20e8fde4ed0,4b5b7791539478f9b2562d1b176e235ac7b641e1afdc40c3d5242661d9dbed3d,2ad0e9f7bbdfe12695c931891fd0e8132d060fd7bcbca23623db43d4c7393a5c,561839806dcdb8279ac4e42025bc5a82751f2588a2b2066fa84637918d8e4896
mc_e124b0f40d78eb802873d2b0e5e4bea16be548407676ff60875803ad1f896f44,BE_TABULA_13,Terraced house,1971-1990,TABULA_standard_B_proxy,5425e9370287189ca45179f958739e4d1ea29f5439b14d2d1b6a877cf57e26a0,rcp_2_6,weather_2050_rcp_2_6_pvgis_2006,pvgis_2006,2006,121872340,52,central,central,fb59b12e82b041c59cc8a3933745a40e92c5e89aa7df64846e5855fbd3acb00e,2987a546cb3f48253dcdfdc400036a68d1977eddb1012f753e54eca010acedd8,38669e3f0e715d12f919bbd64ba6e09fbb431145f819869ebd01d20e8fde4ed0,4b5b7791539478f9b2562d1b176e235ac7b641e1afdc40c3d5242661d9dbed3d,2ad0e9f7bbdfe12695c931891fd0e8132d060fd7bcbca23623db43d4c7393a5c,561839806dcdb8279ac4e42025bc5a82751f2588a2b2066fa84637918d8e4896
mc_7d38060781fe950426de335632e6495a25e7b4bb02a1ec46f0bd829d6ec67593,BE_TABULA_13,Terraced house,1971-1990,TABULA_standard_B_proxy,5425e9370287189ca45179f958739e4d1ea29f5439b14d2d1b6a877cf57e26a0,rcp_2_6,weather_2050_rcp_2_6_pvgis_2006,pvgis_2006,2006,3159291459,53,central,central,fb59b12e82b041c59cc8a3933745a40e92c5e89aa7df64846e5855fbd3acb00e,2987a546cb3f48253dcdfdc400036a68d1977eddb1012f753e54eca010acedd8,38669e3f0e715d12f919bbd64ba6e09fbb431145f819869ebd01d20e8fde4ed0,4b5b7791539478f9b2562d1b176e235ac7b641e1afdc40c3d5242661d9dbed3d,2ad0e9f7bbdfe12695c931891fd0e8132d060fd7bcbca23623db43d4c7393a5c,561839806dcdb8279ac4e42025bc5a82751f2588a2b2066fa84637918d8e4896
mc_1c84b2d68acc513edd06d982d50f7a18a7624a43abd6e5d5807042e5bb70a69d,BE_TABULA_13,Terraced house,1971-1990,TABULA_standard_B_proxy,5425e9370287189ca45179f958739e4d1ea29f5439b14d2d1b6a877cf57e26a0,rcp_2_6,weather_2050_rcp_2_6_pvgis_2006,pvgis_2006,2006,3292453555,54,central,central,fb59b12e82b041c59cc8a3933745a40e92c5e89aa7df64846e5855fbd3acb00e,2987a546cb3f48253dcdfdc400036a68d1977eddb1012f753e54eca010acedd8,38669e3f0e715d12f919bbd64ba6e09fbb431145f819869ebd01d20e8fde4ed0,4b5b7791539478f9b2562d1b176e235ac7b641e1afdc40c3d5242661d9dbed3d,2ad0e9f7bbdfe12695c931891fd0e8132d060fd7bcbca23623db43d4c7393a5c,561839806dcdb8279ac4e42025bc5a82751f2588a2b2066fa84637918d8e4896
mc_97dca81f7f3286abe261b082ba82768390e296d5c213a2f029ca58571514d678,BE_TABULA_13,Terraced house,1971-1990,TABULA_standard_B_proxy,5425e9370287189ca45179f958739e4d1ea29f5439b14d2d1b6a877cf57e26a0,rcp_2_6,weather_2050_rcp_2_6_pvgis_2006,pvgis_2006,2006,4217880632,55,central,central,fb59b12e82b041c59cc8a3933745a40e92c5e89aa7df64846e5855fbd3acb00e,2987a546cb3f48253dcdfdc400036a68d1977eddb1012f753e54eca010acedd8,38669e3f0e715d12f919bbd64ba6e09fbb431145f819869ebd01d20e8fde4ed0,4b5b7791539478f9b2562d1b176e235ac7b641e1afdc40c3d5242661d9dbed3d,2ad0e9f7bbdfe12695c931891fd0e8132d060fd7bcbca23623db43d4c7393a5c,561839806dcdb8279ac4e42025bc5a82751f2588a2b2066fa84637918d8e4896
mc_c5efd42101cfb981776fb5533ef8c7f7d2c0416ac6f82910b58f8d2b6a6f1df0,BE_TABULA_13,Terraced house,1971-1990,TABULA_standard_B_proxy,5425e9370287189ca45179f958739e4d1ea29f5439b14d2d1b6a877cf57e26a0,rcp_2_6,weather_2050_rcp_2_6_pvgis_2006,pvgis_2006,2006,3936536578,56,central,central,fb59b12e82b041c59cc8a3933745a40e92c5e89aa7df64846e5855fbd3acb00e,2987a546cb3f48253dcdfdc400036a68d1977eddb1012f753e54eca010acedd8,38669e3f0e715d12f919bbd64ba6e09fbb431145f819869ebd01d20e8fde4ed0,4b5b7791539478f9b2562d1b176e235ac7b641e1afdc40c3d5242661d9dbed3d,2ad0e9f7bbdfe12695c931891fd0e8132d060fd7bcbca23623db43d4c7393a5c,561839806dcdb8279ac4e42025bc5a82751f2588a2b2066fa84637918d8e4896
mc_05f8de947bf397fb8e89d8aea84de3cedcb0fb7eebcca0ca20c2b740858118d5,BE_TABULA_13,Terraced house,1971-1990,TABULA_standard_B_proxy,5425e9370287189ca45179f958739e4d1ea29f5439b14d2d1b6a877cf57e26a0,rcp_2_6,weather_2050_rcp_2_6_pvgis_2006,pvgis_2006,2006,2415921962,57,central,central,fb59b12e82b041c59cc8a3933745a40e92c5e89aa7df64846e5855fbd3acb00e,2987a546cb3f48253dcdfdc400036a68d1977eddb1012f753e54eca010acedd8,38669e3f0e715d12f919bbd64ba6e09fbb431145f819869ebd01d20e8fde4ed0,4b5b7791539478f9b2562d1b176e235ac7b641e1afdc40c3d5242661d9dbed3d,2ad0e9f7bbdfe12695c931891fd0e8132d060fd7bcbca23623db43d4c7393a5c,561839806dcdb8279ac4e42025bc5a82751f2588a2b2066fa84637918d8e4896
mc_d0750cca306e9a8a3c1103888d821540598c5cdc2fbb15fc6ec82b6980de71d7,BE_TABULA_13,Terraced house,1971-1990,TABULA_standard_B_proxy,5425e9370287189ca45179f958739e4d1ea29f5439b14d2d1b6a877cf57e26a0,rcp_2_6,weather_2050_rcp_2_6_pvgis_2006,pvgis_2006,2006,1719658758,58,central,central,fb59b12e82b041c59cc8a3933745a40e92c5e89aa7df64846e5855fbd3acb00e,2987a546cb3f48253dcdfdc400036a68d1977eddb1012f753e54eca010acedd8,38669e3f0e715d12f919bbd64ba6e09fbb431145f819869ebd01d20e8fde4ed0,4b5b7791539478f9b2562d1b176e235ac7b641e1afdc40c3d5242661d9dbed3d,2ad0e9f7bbdfe12695c931891fd0e8132d060fd7bcbca23623db43d4c7393a5c,561839806dcdb8279ac4e42025bc5a82751f2588a2b2066fa84637918d8e4896
mc_faf754b57619d3fb7e68a71b17d90d8509d632d0810f4740b22aa87e12680b24,BE_TABULA_13,Terraced house,1971-1990,TABULA_standard_B_proxy,5425e9370287189ca45179f958739e4d1ea29f5439b14d2d1b6a877cf57e26a0,rcp_2_6,weather_2050_rcp_2_6_pvgis_2006,pvgis_2006,2006,229503377,59,central,central,fb59b12e82b041c59cc8a3933745a40e92c5e89aa7df64846e5855fbd3acb00e,2987a546cb3f48253dcdfdc400036a68d1977eddb1012f753e54eca010acedd8,38669e3f0e715d12f919bbd64ba6e09fbb431145f819869ebd01d20e8fde4ed0,4b5b7791539478f9b2562d1b176e235ac7b641e1afdc40c3d5242661d9dbed3d,2ad0e9f7bbdfe12695c931891fd0e8132d060fd7bcbca23623db43d4c7393a5c,561839806dcdb8279ac4e42025bc5a82751f2588a2b2066fa84637918d8e4896
mc_61558d421867e645d9cab78d6036c7615948c7702a86876a607f32759519493a,BE_TABULA_13,Terraced house,1971-1990,TABULA_standard_B_proxy,5425e9370287189ca45179f958739e4d1ea29f5439b14d2d1b6a877cf57e26a0,rcp_2_6,weather_2050_rcp_2_6_pvgis_2006,pvgis_2006,2006,3209387723,60,central,central,fb59b12e82b041c59cc8a3933745a40e92c5e89aa7df64846e5855fbd3acb00e,2987a546cb3f48253dcdfdc400036a68d1977eddb1012f753e54eca010acedd8,38669e3f0e715d12f919bbd64ba6e09fbb431145f819869ebd01d20e8fde4ed0,4b5b7791539478f9b2562d1b176e235ac7b641e1afdc40c3d5242661d9dbed3d,2ad0e9f7bbdfe12695c931891fd0e8132d060fd7bcbca23623db43d4c7393a5c,561839806dcdb8279ac4e42025bc5a82751f2588a2b2066fa84637918d8e4896
mc_4b235b7261f00d4788906cd0fc6f3bb9d7f8dedf0625e2d36bc1ea004336bdb9,BE_TABULA_13,Terraced house,1971-1990,TABULA_standard_B_proxy,5425e9370287189ca45179f958739e4d1ea29f5439b14d2d1b6a877cf57e26a0,rcp_2_6,weather_2050_rcp_2_6_pvgis_2006,pvgis_2006,2006,3772491886,61,central,central,fb59b12e82b041c59cc8a3933745a40e92c5e89aa7df64846e5855fbd3acb00e,2987a546cb3f48253dcdfdc400036a68d1977eddb1012f753e54eca010acedd8,38669e3f0e715d12f919bbd64ba6e09fbb431145f819869ebd01d20e8fde4ed0,4b5b7791539478f9b2562d1b176e235ac7b641e1afdc40c3d5242661d9dbed3d,2ad0e9f7bbdfe12695c931891fd0e8132d060fd7bcbca23623db43d4c7393a5c,561839806dcdb8279ac4e42025bc5a82751f2588a2b2066fa84637918d8e4896
mc_ff362d53c861e898dc41619fcb5932f2bfdaea8fc81b6791d9e4bdefd0f4c7fe,BE_TABULA_13,Terraced house,1971-1990,TABULA_standard_B_proxy,5425e9370287189ca45179f958739e4d1ea29f5439b14d2d1b6a877cf57e26a0,rcp_2_6,weather_2050_rcp_2_6_pvgis_2006,pvgis_2006,2006,1635250833,62,central,central,fb59b12e82b041c59cc8a3933745a40e92c5e89aa7df64846e5855fbd3acb00e,2987a546cb3f48253dcdfdc400036a68d1977eddb1012f753e54eca010acedd8,38669e3f0e715d12f919bbd64ba6e09fbb431145f819869ebd01d20e8fde4ed0,4b5b7791539478f9b2562d1b176e235ac7b641e1afdc40c3d5242661d9dbed3d,2ad0e9f7bbdfe12695c931891fd0e8132d060fd7bcbca23623db43d4c7393a5c,561839806dcdb8279ac4e42025bc5a82751f2588a2b2066fa84637918d8e4896
mc_9d97560bf5e71a93ea2a9a05d4056b0327708e89f7dd9f3055c5418546c8983f,BE_TABULA_13,Terraced house,1971-1990,TABULA_standard_B_proxy,5425e9370287189ca45179f958739e4d1ea29f5439b14d2d1b6a877cf57e26a0,rcp_2_6,weather_2050_rcp_2_6_pvgis_2006,pvgis_2006,2006,4035582952,63,central,central,fb59b12e82b041c59cc8a3933745a40e92c5e89aa7df64846e5855fbd3acb00e,2987a546cb3f48253dcdfdc400036a68d1977eddb1012f753e54eca010acedd8,38669e3f0e715d12f919bbd64ba6e09fbb431145f819869ebd01d20e8fde4ed0,4b5b7791539478f9b2562d1b176e235ac7b641e1afdc40c3d5242661d9dbed3d,2ad0e9f7bbdfe12695c931891fd0e8132d060fd7bcbca23623db43d4c7393a5c,561839806dcdb8279ac4e42025bc5a82751f2588a2b2066fa84637918d8e4896
mc_d1573a13fdee5a9f0a30b136c6d25578f98d2cadd4208791698158ea293df88d,BE_TABULA_13,Terraced house,1971-1990,TABULA_standard_B_proxy,5425e9370287189ca45179f958739e4d1ea29f5439b14d2d1b6a877cf57e26a0,rcp_2_6,weather_2050_rcp_2_6_pvgis_2006,pvgis_2006,2006,615541883,64,central,central,fb59b12e82b041c59cc8a3933745a40e92c5e89aa7df64846e5855fbd3acb00e,2987a546cb3f48253dcdfdc400036a68d1977eddb1012f753e54eca010acedd8,38669e3f0e715d12f919bbd64ba6e09fbb431145f819869ebd01d20e8fde4ed0,4b5b7791539478f9b2562d1b176e235ac7b641e1afdc40c3d5242661d9dbed3d,2ad0e9f7bbdfe12695c931891fd0e8132d060fd7bcbca23623db43d4c7393a5c,561839806dcdb8279ac4e42025bc5a82751f2588a2b2066fa84637918d8e4896
mc_83973139a5733538a8c530756efa3a2d1d7bd9cbf496dff8514c622a7c9aa426,BE_TABULA_13,Terraced house,1971-1990,TABULA_standard_B_proxy,5425e9370287189ca45179f958739e4d1ea29f5439b14d2d1b6a877cf57e26a0,rcp_2_6,weather_2050_rcp_2_6_pvgis_2006,pvgis_2006,2006,3820219209,65,central,central,fb59b12e82b041c59cc8a3933745a40e92c5e89aa7df64846e5855fbd3acb00e,2987a546cb3f48253dcdfdc400036a68d1977eddb1012f753e54eca010acedd8,38669e3f0e715d12f919bbd64ba6e09fbb431145f819869ebd01d20e8fde4ed0,4b5b7791539478f9b2562d1b176e235ac7b641e1afdc40c3d5242661d9dbed3d,2ad0e9f7bbdfe12695c931891fd0e8132d060fd7bcbca23623db43d4c7393a5c,561839806dcdb8279ac4e42025bc5a82751f2588a2b2066fa84637918d8e4896
mc_14510b148e73826d48d60113f8243ef64d913b4fa6c2be4968b6053f519e47aa,BE_TABULA_13,Terraced house,1971-1990,TABULA_standard_B_proxy,5425e9370287189ca45179f958739e4d1ea29f5439b14d2d1b6a877cf57e26a0,rcp_2_6,weather_2050_rcp_2_6_pvgis_2006,pvgis_2006,2006,2055890937,66,central,central,fb59b12e82b041c59cc8a3933745a40e92c5e89aa7df64846e5855fbd3acb00e,2987a546cb3f48253dcdfdc400036a68d1977eddb1012f753e54eca010acedd8,38669e3f0e715d12f919bbd64ba6e09fbb431145f819869ebd01d20e8fde4ed0,4b5b7791539478f9b2562d1b176e235ac7b641e1afdc40c3d5242661d9dbed3d,2ad0e9f7bbdfe12695c931891fd0e8132d060fd7bcbca23623db43d4c7393a5c,561839806dcdb8279ac4e42025bc5a82751f2588a2b2066fa84637918d8e4896
mc_aaa6fb695dfc7d59e2a4765b9456a236ea2399b0aa1246c6e261a13c9d182bbf,BE_TABULA_13,Terraced house,1971-1990,TABULA_standard_B_proxy,5425e9370287189ca45179f958739e4d1ea29f5439b14d2d1b6a877cf57e26a0,rcp_2_6,weather_2050_rcp_2_6_pvgis_2006,pvgis_2006,2006,3962631770,67,central,central,fb59b12e82b041c59cc8a3933745a40e92c5e89aa7df64846e5855fbd3acb00e,2987a546cb3f48253dcdfdc400036a68d1977eddb1012f753e54eca010acedd8,38669e3f0e715d12f919bbd64ba6e09fbb431145f819869ebd01d20e8fde4ed0,4b5b7791539478f9b2562d1b176e235ac7b641e1afdc40c3d5242661d9dbed3d,2ad0e9f7bbdfe12695c931891fd0e8132d060fd7bcbca23623db43d4c7393a5c,561839806dcdb8279ac4e42025bc5a82751f2588a2b2066fa84637918d8e4896
mc_569ded913dce7c40cdba743c3bab858fe50d206c961c3da7b182db49bf22c331,BE_TABULA_13,Terraced house,1971-1990,TABULA_standard_B_proxy,5425e9370287189ca45179f958739e4d1ea29f5439b14d2d1b6a877cf57e26a0,rcp_2_6,weather_2050_rcp_2_6_pvgis_2006,pvgis_2006,2006,292497774,68,central,central,fb59b12e82b041c59cc8a3933745a40e92c5e89aa7df64846e5855fbd3acb00e,2987a546cb3f48253dcdfdc400036a68d1977eddb1012f753e54eca010acedd8,38669e3f0e715d12f919bbd64ba6e09fbb431145f819869ebd01d20e8fde4ed0,4b5b7791539478f9b2562d1b176e235ac7b641e1afdc40c3d5242661d9dbed3d,2ad0e9f7bbdfe12695c931891fd0e8132d060fd7bcbca23623db43d4c7393a5c,561839806dcdb8279ac4e42025bc5a82751f2588a2b2066fa84637918d8e4896
mc_95ead4acc2ccf866738551ab57694da95016cd4932aea84bd5fe662102dc0907,BE_TABULA_13,Terraced house,1971-1990,TABULA_standard_B_proxy,5425e9370287189ca45179f958739e4d1ea29f5439b14d2d1b6a877cf57e26a0,rcp_2_6,weather_2050_rcp_2_6_pvgis_2006,pvgis_2006,2006,238028136,69,central,central,fb59b12e82b041c59cc8a3933745a40e92c5e89aa7df64846e5855fbd3acb00e,2987a546cb3f48253dcdfdc400036a68d1977eddb1012f753e54eca010acedd8,38669e3f0e715d12f919bbd64ba6e09fbb431145f819869ebd01d20e8fde4ed0,4b5b7791539478f9b2562d1b176e235ac7b641e1afdc40c3d5242661d9dbed3d,2ad0e9f7bbdfe12695c931891fd0e8132d060fd7bcbca23623db43d4c7393a5c,561839806dcdb8279ac4e42025bc5a82751f2588a2b2066fa84637918d8e4896
mc_80bbb383c1de4416540df0f9a666106165d6cc8512e8f4d9b6523b960951ac9a,BE_TABULA_13,Terraced house,1971-1990,TABULA_standard_B_proxy,5425e9370287189ca45179f958739e4d1ea29f5439b14d2d1b6a877cf57e26a0,rcp_2_6,weather_2050_rcp_2_6_pvgis_2006,pvgis_2006,2006,2973159850,70,central,central,fb59b12e82b041c59cc8a3933745a40e92c5e89aa7df64846e5855fbd3acb00e,2987a546cb3f48253dcdfdc400036a68d1977eddb1012f753e54eca010acedd8,38669e3f0e715d12f919bbd64ba6e09fbb431145f819869ebd01d20e8fde4ed0,4b5b7791539478f9b2562d1b176e235ac7b641e1afdc40c3d5242661d9dbed3d,2ad0e9f7bbdfe12695c931891fd0e8132d060fd7bcbca23623db43d4c7393a5c,561839806dcdb8279ac4e42025bc5a82751f2588a2b2066fa84637918d8e4896
mc_b08c1a1333d54ad00c80b7589a42bda01a0d8e44cbbc97ee5851403070a70927,BE_TABULA_13,Terraced house,1971-1990,TABULA_standard_B_proxy,5425e9370287189ca45179f958739e4d1ea29f5439b14d2d1b6a877cf57e26a0,rcp_2_6,weather_2050_rcp_2_6_pvgis_2006,pvgis_2006,2006,3979556006,71,central,central,fb59b12e82b041c59cc8a3933745a40e92c5e89aa7df64846e5855fbd3acb00e,2987a546cb3f48253dcdfdc400036a68d1977eddb1012f753e54eca010acedd8,38669e3f0e715d12f919bbd64ba6e09fbb431145f819869ebd01d20e8fde4ed0,4b5b7791539478f9b2562d1b176e235ac7b641e1afdc40c3d5242661d9dbed3d,2ad0e9f7bbdfe12695c931891fd0e8132d060fd7bcbca23623db43d4c7393a5c,561839806dcdb8279ac4e42025bc5a82751f2588a2b2066fa84637918d8e4896
mc_0893086e9795a36bd6ae63f4d47e18b962af047e615a4417bd5b51c71e8327f0,BE_TABULA_13,Terraced house,1971-1990,TABULA_standard_B_proxy,5425e9370287189ca45179f958739e4d1ea29f5439b14d2d1b6a877cf57e26a0,rcp_2_6,weather_2050_rcp_2_6_pvgis_2006,pvgis_2006,2006,2849274450,72,central,central,fb59b12e82b041c59cc8a3933745a40e92c5e89aa7df64846e5855fbd3acb00e,2987a546cb3f48253dcdfdc400036a68d1977eddb1012f753e54eca010acedd8,38669e3f0e715d12f919bbd64ba6e09fbb431145f819869ebd01d20e8fde4ed0,4b5b7791539478f9b2562d1b176e235ac7b641e1afdc40c3d5242661d9dbed3d,2ad0e9f7bbdfe12695c931891fd0e8132d060fd7bcbca23623db43d4c7393a5c,561839806dcdb8279ac4e42025bc5a82751f2588a2b2066fa84637918d8e4896
mc_34e794f0520375cc75787e3f6502835d79cf2c94b780417134e87a61c41e32e0,BE_TABULA_13,Terraced house,1971-1990,TABULA_standard_B_proxy,5425e9370287189ca45179f958739e4d1ea29f5439b14d2d1b6a877cf57e26a0,rcp_2_6,weather_2050_rcp_2_6_pvgis_2006,pvgis_2006,2006,1707147214,73,central,central,fb59b12e82b041c59cc8a3933745a40e92c5e89aa7df64846e5855fbd3acb00e,2987a546cb3f48253dcdfdc400036a68d1977eddb1012f753e54eca010acedd8,38669e3f0e715d12f919bbd64ba6e09fbb431145f819869ebd01d20e8fde4ed0,4b5b7791539478f9b2562d1b176e235ac7b641e1afdc40c3d5242661d9dbed3d,2ad0e9f7bbdfe12695c931891fd0e8132d060fd7bcbca23623db43d4c7393a5c,561839806dcdb8279ac4e42025bc5a82751f2588a2b2066fa84637918d8e4896
mc_270aa60b1121a6fa769c9c5da19ecc1174cfb65cd2a58d4ff1cac2a86b0a749f,BE_TABULA_13,Terraced house,1971-1990,TABULA_standard_B_proxy,5425e9370287189ca45179f958739e4d1ea29f5439b14d2d1b6a877cf57e26a0,rcp_2_6,weather_2050_rcp_2_6_pvgis_2006,pvgis_2006,2006,422447889,74,central,central,fb59b12e82b041c59cc8a3933745a40e92c5e89aa7df64846e5855fbd3acb00e,2987a546cb3f48253dcdfdc400036a68d1977eddb1012f753e54eca010acedd8,38669e3f0e715d12f919bbd64ba6e09fbb431145f819869ebd01d20e8fde4ed0,4b5b7791539478f9b2562d1b176e235ac7b641e1afdc40c3d5242661d9dbed3d,2ad0e9f7bbdfe12695c931891fd0e8132d060fd7bcbca23623db43d4c7393a5c,561839806dcdb8279ac4e42025bc5a82751f2588a2b2066fa84637918d8e4896
mc_b7f2d70e922eee0695070c9a08d262f524292f5d53b30eaf1c9391a1220644e9,BE_TABULA_13,Terraced house,1971-1990,TABULA_standard_B_proxy,5425e9370287189ca45179f958739e4d1ea29f5439b14d2d1b6a877cf57e26a0,rcp_2_6,weather_2050_rcp_2_6_pvgis_2006,pvgis_2006,2006,216697226,75,central,central,fb59b12e82b041c59cc8a3933745a40e92c5e89aa7df64846e5855fbd3acb00e,2987a546cb3f48253dcdfdc400036a68d1977eddb1012f753e54eca010acedd8,38669e3f0e715d12f919bbd64ba6e09fbb431145f819869ebd01d20e8fde4ed0,4b5b7791539478f9b2562d1b176e235ac7b641e1afdc40c3d5242661d9dbed3d,2ad0e9f7bbdfe12695c931891fd0e8132d060fd7bcbca23623db43d4c7393a5c,561839806dcdb8279ac4e42025bc5a82751f2588a2b2066fa84637918d8e4896
mc_22ae51fe4451bca5c36a83b374c6fabc0e86f5f691a89142abb453a9aed1dbee,BE_TABULA_13,Terraced house,1971-1990,TABULA_standard_B_proxy,5425e9370287189ca45179f958739e4d1ea29f5439b14d2d1b6a877cf57e26a0,rcp_2_6,weather_2050_rcp_2_6_pvgis_2006,pvgis_2006,2006,1850706042,76,central,central,fb59b12e82b041c59cc8a3933745a40e92c5e89aa7df64846e5855fbd3acb00e,2987a546cb3f48253dcdfdc400036a68d1977eddb1012f753e54eca010acedd8,38669e3f0e715d12f919bbd64ba6e09fbb431145f819869ebd01d20e8fde4ed0,4b5b7791539478f9b2562d1b176e235ac7b641e1afdc40c3d5242661d9dbed3d,2ad0e9f7bbdfe12695c931891fd0e8132d060fd7bcbca23623db43d4c7393a5c,561839806dcdb8279ac4e42025bc5a82751f2588a2b2066fa84637918d8e4896
mc_91f2e982e456bedc11f7662e0a85a4deb671c556f3d460e996e73b13c4de761e,BE_TABULA_13,Terraced house,1971-1990,TABULA_standard_B_proxy,5425e9370287189ca45179f958739e4d1ea29f5439b14d2d1b6a877cf57e26a0,rcp_2_6,weather_2050_rcp_2_6_pvgis_2006,pvgis_2006,2006,2345298607,77,central,central,fb59b12e82b041c59cc8a3933745a40e92c5e89aa7df64846e5855fbd3acb00e,2987a546cb3f48253dcdfdc400036a68d1977eddb1012f753e54eca010acedd8,38669e3f0e715d12f919bbd64ba6e09fbb431145f819869ebd01d20e8fde4ed0,4b5b7791539478f9b2562d1b176e235ac7b641e1afdc40c3d5242661d9dbed3d,2ad0e9f7bbdfe12695c931891fd0e8132d060fd7bcbca23623db43d4c7393a5c,561839806dcdb8279ac4e42025bc5a82751f2588a2b2066fa84637918d8e4896
mc_25ea1b5c804e51baeb92a9eca893eacd2ec8fe75db79eca2fe0bbba570e4399a,BE_TABULA_13,Terraced house,1971-1990,TABULA_standard_B_proxy,5425e9370287189ca45179f958739e4d1ea29f5439b14d2d1b6a877cf57e26a0,rcp_2_6,weather_2050_rcp_2_6_pvgis_2006,pvgis_2006,2006,2582489112,78,central,central,fb59b12e82b041c59cc8a3933745a40e92c5e89aa7df64846e5855fbd3acb00e,2987a546cb3f48253dcdfdc400036a68d1977eddb1012f753e54eca010acedd8,38669e3f0e715d12f919bbd64ba6e09fbb431145f819869ebd01d20e8fde4ed0,4b5b7791539478f9b2562d1b176e235ac7b641e1afdc40c3d5242661d9dbed3d,2ad0e9f7bbdfe12695c931891fd0e8132d060fd7bcbca23623db43d4c7393a5c,561839806dcdb8279ac4e42025bc5a82751f2588a2b2066fa84637918d8e4896
mc_7203d646ffedbadd35359ad30c76540d974969c2e8fcae483610d0a659e92e8e,BE_TABULA_13,Terraced house,1971-1990,TABULA_standard_B_proxy,5425e9370287189ca45179f958739e4d1ea29f5439b14d2d1b6a877cf57e26a0,rcp_2_6,weather_2050_rcp_2_6_pvgis_2006,pvgis_2006,2006,1092453103,79,central,central,fb59b12e82b041c59cc8a3933745a40e92c5e89aa7df64846e5855fbd3acb00e,2987a546cb3f48253dcdfdc400036a68d1977eddb1012f753e54eca010acedd8,38669e3f0e715d12f919bbd64ba6e09fbb431145f819869ebd01d20e8fde4ed0,4b5b7791539478f9b2562d1b176e235ac7b641e1afdc40c3d5242661d9dbed3d,2ad0e9f7bbdfe12695c931891fd0e8132d060fd7bcbca23623db43d4c7393a5c,561839806dcdb8279ac4e42025bc5a82751f2588a2b2066fa84637918d8e4896
mc_9b30d939b4fd7985f8b5c7269351befe34c6b89a6eff4b6dd4581feba8def1d4,BE_TABULA_13,Terraced house,1971-1990,TABULA_standard_B_proxy,5425e9370287189ca45179f958739e4d1ea29f5439b14d2d1b6a877cf57e26a0,rcp_2_6,weather_2050_rcp_2_6_pvgis_2006,pvgis_2006,2006,2333746188,80,central,central,fb59b12e82b041c59cc8a3933745a40e92c5e89aa7df64846e5855fbd3acb00e,2987a546cb3f48253dcdfdc400036a68d1977eddb1012f753e54eca010acedd8,38669e3f0e715d12f919bbd64ba6e09fbb431145f819869ebd01d20e8fde4ed0,4b5b7791539478f9b2562d1b176e235ac7b641e1afdc40c3d5242661d9dbed3d,2ad0e9f7bbdfe12695c931891fd0e8132d060fd7bcbca23623db43d4c7393a5c,561839806dcdb8279ac4e42025bc5a82751f2588a2b2066fa84637918d8e4896
mc_0c28d3cd91b5f28cb19a6d000041cc94d678b0933bb7fc3a709b4dc08d631937,BE_TABULA_13,Terraced house,1971-1990,TABULA_standard_B_proxy,5425e9370287189ca45179f958739e4d1ea29f5439b14d2d1b6a877cf57e26a0,rcp_2_6,weather_2050_rcp_2_6_pvgis_2006,pvgis_2006,2006,290922874,81,central,central,fb59b12e82b041c59cc8a3933745a40e92c5e89aa7df64846e5855fbd3acb00e,2987a546cb3f48253dcdfdc400036a68d1977eddb1012f753e54eca010acedd8,38669e3f0e715d12f919bbd64ba6e09fbb431145f819869ebd01d20e8fde4ed0,4b5b7791539478f9b2562d1b176e235ac7b641e1afdc40c3d5242661d9dbed3d,2ad0e9f7bbdfe12695c931891fd0e8132d060fd7bcbca23623db43d4c7393a5c,561839806dcdb8279ac4e42025bc5a82751f2588a2b2066fa84637918d8e4896
mc_f855aafab813ae63a59b1257576b6e5162e4a9564952289e8ae803c9a765831e,BE_TABULA_13,Terraced house,1971-1990,TABULA_standard_B_proxy,5425e9370287189ca45179f958739e4d1ea29f5439b14d2d1b6a877cf57e26a0,rcp_2_6,weather_2050_rcp_2_6_pvgis_2006,pvgis_2006,2006,2221754146,82,central,central,fb59b12e82b041c59cc8a3933745a40e92c5e89aa7df64846e5855fbd3acb00e,2987a546cb3f48253dcdfdc400036a68d1977eddb1012f753e54eca010acedd8,38669e3f0e715d12f919bbd64ba6e09fbb431145f819869ebd01d20e8fde4ed0,4b5b7791539478f9b2562d1b176e235ac7b641e1afdc40c3d5242661d9dbed3d,2ad0e9f7bbdfe12695c931891fd0e8132d060fd7bcbca23623db43d4c7393a5c,561839806dcdb8279ac4e42025bc5a82751f2588a2b2066fa84637918d8e4896
mc_99c84946dab3aa5df9c31e2d5001715085e3af26934a09b3ee988c82da5f68a5,BE_TABULA_13,Terraced house,1971-1990,TABULA_standard_B_proxy,5425e9370287189ca45179f958739e4d1ea29f5439b14d2d1b6a877cf57e26a0,rcp_2_6,weather_2050_rcp_2_6_pvgis_2006,pvgis_2006,2006,1816115144,83,central,central,fb59b12e82b041c59cc8a3933745a40e92c5e89aa7df64846e5855fbd3acb00e,2987a546cb3f48253dcdfdc400036a68d1977eddb1012f753e54eca010acedd8,38669e3f0e715d12f919bbd64ba6e09fbb431145f819869ebd01d20e8fde4ed0,4b5b7791539478f9b2562d1b176e235ac7b641e1afdc40c3d5242661d9dbed3d,2ad0e9f7bbdfe12695c931891fd0e8132d060fd7bcbca23623db43d4c7393a5c,561839806dcdb8279ac4e42025bc5a82751f2588a2b2066fa84637918d8e4896
mc_8a535fd73a082c3e7c7829f584ad8633e997306318813269fcb3c1c415dc2c79,BE_TABULA_13,Terraced house,1971-1990,TABULA_standard_B_proxy,5425e9370287189ca45179f958739e4d1ea29f5439b14d2d1b6a877cf57e26a0,rcp_2_6,weather_2050_rcp_2_6_pvgis_2006,pvgis_2006,2006,3240729649,84,central,central,fb59b12e82b041c59cc8a3933745a40e92c5e89aa7df64846e5855fbd3acb00e,2987a546cb3f48253dcdfdc400036a68d1977eddb1012f753e54eca010acedd8,38669e3f0e715d12f919bbd64ba6e09fbb431145f819869ebd01d20e8fde4ed0,4b5b7791539478f9b2562d1b176e235ac7b641e1afdc40c3d5242661d9dbed3d,2ad0e9f7bbdfe12695c931891fd0e8132d060fd7bcbca23623db43d4c7393a5c,561839806dcdb8279ac4e42025bc5a82751f2588a2b2066fa84637918d8e4896
mc_0a6009f6ef347f0c96428ca6cd044d834f5be0056284ffcf8f14ef7e299b964b,BE_TABULA_13,Terraced house,1971-1990,TABULA_standard_B_proxy,5425e9370287189ca45179f958739e4d1ea29f5439b14d2d1b6a877cf57e26a0,rcp_2_6,weather_2050_rcp_2_6_pvgis_2006,pvgis_2006,2006,2288844644,85,central,central,fb59b12e82b041c59cc8a3933745a40e92c5e89aa7df64846e5855fbd3acb00e,2987a546cb3f48253dcdfdc400036a68d1977eddb1012f753e54eca010acedd8,38669e3f0e715d12f919bbd64ba6e09fbb431145f819869ebd01d20e8fde4ed0,4b5b7791539478f9b2562d1b176e235ac7b641e1afdc40c3d5242661d9dbed3d,2ad0e9f7bbdfe12695c931891fd0e8132d060fd7bcbca23623db43d4c7393a5c,561839806dcdb8279ac4e42025bc5a82751f2588a2b2066fa84637918d8e4896
mc_beada2543d2014f5ac73200eb7d979ee7e245b9ac60b7a7769d24eab34d2c21e,BE_TABULA_13,Terraced house,1971-1990,TABULA_standard_B_proxy,5425e9370287189ca45179f958739e4d1ea29f5439b14d2d1b6a877cf57e26a0,rcp_2_6,weather_2050_rcp_2_6_pvgis_2006,pvgis_2006,2006,3778118032,86,central,central,fb59b12e82b041c59cc8a3933745a40e92c5e89aa7df64846e5855fbd3acb00e,2987a546cb3f48253dcdfdc400036a68d1977eddb1012f753e54eca010acedd8,38669e3f0e715d12f919bbd64ba6e09fbb431145f819869ebd01d20e8fde4ed0,4b5b7791539478f9b2562d1b176e235ac7b641e1afdc40c3d5242661d9dbed3d,2ad0e9f7bbdfe12695c931891fd0e8132d060fd7bcbca23623db43d4c7393a5c,561839806dcdb8279ac4e42025bc5a82751f2588a2b2066fa84637918d8e4896
mc_537f2e8b90b6e2db1485ba8b4b7dcb63dc75d08b469f09d66e004e2aabf93b04,BE_TABULA_13,Terraced house,1971-1990,TABULA_standard_B_proxy,5425e9370287189ca45179f958739e4d1ea29f5439b14d2d1b6a877cf57e26a0,rcp_2_6,weather_2050_rcp_2_6_pvgis_2006,pvgis_2006,2006,96231892,87,central,central,fb59b12e82b041c59cc8a3933745a40e92c5e89aa7df64846e5855fbd3acb00e,2987a546cb3f48253dcdfdc400036a68d1977eddb1012f753e54eca010acedd8,38669e3f0e715d12f919bbd64ba6e09fbb431145f819869ebd01d20e8fde4ed0,4b5b7791539478f9b2562d1b176e235ac7b641e1afdc40c3d5242661d9dbed3d,2ad0e9f7bbdfe12695c931891fd0e8132d060fd7bcbca23623db43d4c7393a5c,561839806dcdb8279ac4e42025bc5a82751f2588a2b2066fa84637918d8e4896
mc_804dbc3b04d1dea3659437b308c7fa4c0c601241d4b077228eb01ecbebc8424a,BE_TABULA_13,Terraced house,1971-1990,TABULA_standard_B_proxy,5425e9370287189ca45179f958739e4d1ea29f5439b14d2d1b6a877cf57e26a0,rcp_2_6,weather_2050_rcp_2_6_pvgis_2006,pvgis_2006,2006,3338747715,88,central,central,fb59b12e82b041c59cc8a3933745a40e92c5e89aa7df64846e5855fbd3acb00e,2987a546cb3f48253dcdfdc400036a68d1977eddb1012f753e54eca010acedd8,38669e3f0e715d12f919bbd64ba6e09fbb431145f819869ebd01d20e8fde4ed0,4b5b7791539478f9b2562d1b176e235ac7b641e1afdc40c3d5242661d9dbed3d,2ad0e9f7bbdfe12695c931891fd0e8132d060fd7bcbca23623db43d4c7393a5c,561839806dcdb8279ac4e42025bc5a82751f2588a2b2066fa84637918d8e4896
mc_9ecfb21fb52493874657b8189b3ea5f39795610640e482a5ff312e4b049a3d75,BE_TABULA_13,Terraced house,1971-1990,TABULA_standard_B_proxy,5425e9370287189ca45179f958739e4d1ea29f5439b14d2d1b6a877cf57e26a0,rcp_2_6,weather_2050_rcp_2_6_pvgis_2006,pvgis_2006,2006,799376848,89,central,central,fb59b12e82b041c59cc8a3933745a40e92c5e89aa7df64846e5855fbd3acb00e,2987a546cb3f48253dcdfdc400036a68d1977eddb1012f753e54eca010acedd8,38669e3f0e715d12f919bbd64ba6e09fbb431145f819869ebd01d20e8fde4ed0,4b5b7791539478f9b2562d1b176e235ac7b641e1afdc40c3d5242661d9dbed3d,2ad0e9f7bbdfe12695c931891fd0e8132d060fd7bcbca23623db43d4c7393a5c,561839806dcdb8279ac4e42025bc5a82751f2588a2b2066fa84637918d8e4896
mc_ead0fcc69df4e9f12285bd117e16d7fa4b7f11f39652206056243c35b5483240,BE_TABULA_13,Terraced house,1971-1990,TABULA_standard_B_proxy,5425e9370287189ca45179f958739e4d1ea29f5439b14d2d1b6a877cf57e26a0,rcp_2_6,weather_2050_rcp_2_6_pvgis_2006,pvgis_2006,2006,3364469763,90,central,central,fb59b12e82b041c59cc8a3933745a40e92c5e89aa7df64846e5855fbd3acb00e,2987a546cb3f48253dcdfdc400036a68d1977eddb1012f753e54eca010acedd8,38669e3f0e715d12f919bbd64ba6e09fbb431145f819869ebd01d20e8fde4ed0,4b5b7791539478f9b2562d1b176e235ac7b641e1afdc40c3d5242661d9dbed3d,2ad0e9f7bbdfe12695c931891fd0e8132d060fd7bcbca23623db43d4c7393a5c,561839806dcdb8279ac4e42025bc5a82751f2588a2b2066fa84637918d8e4896
mc_1b8f1bd9a40fb2547c8ab1077887c1c83ef8c9da810b86bf0da0f707e58b7391,BE_TABULA_13,Terraced house,1971-1990,TABULA_standard_B_proxy,5425e9370287189ca45179f958739e4d1ea29f5439b14d2d1b6a877cf57e26a0,rcp_2_6,weather_2050_rcp_2_6_pvgis_2006,pvgis_2006,2006,179395282,91,central,central,fb59b12e82b041c59cc8a3933745a40e92c5e89aa7df64846e5855fbd3acb00e,2987a546cb3f48253dcdfdc400036a68d1977eddb1012f753e54eca010acedd8,38669e3f0e715d12f919bbd64ba6e09fbb431145f819869ebd01d20e8fde4ed0,4b5b7791539478f9b2562d1b176e235ac7b641e1afdc40c3d5242661d9dbed3d,2ad0e9f7bbdfe12695c931891fd0e8132d060fd7bcbca23623db43d4c7393a5c,561839806dcdb8279ac4e42025bc5a82751f2588a2b2066fa84637918d8e4896
mc_2dab508527b8fe30bb6f839148599a56c4b9c74638e51725a131778b0cc3db5c,BE_TABULA_13,Terraced house,1971-1990,TABULA_standard_B_proxy,5425e9370287189ca45179f958739e4d1ea29f5439b14d2d1b6a877cf57e26a0,rcp_2_6,weather_2050_rcp_2_6_pvgis_2006,pvgis_2006,2006,1171171859,92,central,central,fb59b12e82b041c59cc8a3933745a40e92c5e89aa7df64846e5855fbd3acb00e,2987a546cb3f48253dcdfdc400036a68d1977eddb1012f753e54eca010acedd8,38669e3f0e715d12f919bbd64ba6e09fbb431145f819869ebd01d20e8fde4ed0,4b5b7791539478f9b2562d1b176e235ac7b641e1afdc40c3d5242661d9dbed3d,2ad0e9f7bbdfe12695c931891fd0e8132d060fd7bcbca23623db43d4c7393a5c,561839806dcdb8279ac4e42025bc5a82751f2588a2b2066fa84637918d8e4896
mc_64929d5591da0862d72de25e9cd3939593c818f910a5adcc2d4fe9841a1d4eb8,BE_TABULA_13,Terraced house,1971-1990,TABULA_standard_B_proxy,5425e9370287189ca45179f958739e4d1ea29f5439b14d2d1b6a877cf57e26a0,rcp_2_6,weather_2050_rcp_2_6_pvgis_2006,pvgis_2006,2006,1001156282,93,central,central,fb59b12e82b041c59cc8a3933745a40e92c5e89aa7df64846e5855fbd3acb00e,2987a546cb3f48253dcdfdc400036a68d1977eddb1012f753e54eca010acedd8,38669e3f0e715d12f919bbd64ba6e09fbb431145f819869ebd01d20e8fde4ed0,4b5b7791539478f9b2562d1b176e235ac7b641e1afdc40c3d5242661d9dbed3d,2ad0e9f7bbdfe12695c931891fd0e8132d060fd7bcbca23623db43d4c7393a5c,561839806dcdb8279ac4e42025bc5a82751f2588a2b2066fa84637918d8e4896
mc_a9092e217b39d7b3cace94df17432e66cdbcab00d49228aa7d3080ce13433568,BE_TABULA_13,Terraced house,1971-1990,TABULA_standard_B_proxy,5425e9370287189ca45179f958739e4d1ea29f5439b14d2d1b6a877cf57e26a0,rcp_2_6,weather_2050_rcp_2_6_pvgis_2006,pvgis_2006,2006,1575906619,94,central,central,fb59b12e82b041c59cc8a3933745a40e92c5e89aa7df64846e5855fbd3acb00e,2987a546cb3f48253dcdfdc400036a68d1977eddb1012f753e54eca010acedd8,38669e3f0e715d12f919bbd64ba6e09fbb431145f819869ebd01d20e8fde4ed0,4b5b7791539478f9b2562d1b176e235ac7b641e1afdc40c3d5242661d9dbed3d,2ad0e9f7bbdfe12695c931891fd0e8132d060fd7bcbca23623db43d4c7393a5c,561839806dcdb8279ac4e42025bc5a82751f2588a2b2066fa84637918d8e4896
mc_7459e139282f1c2cb2848643fa4869ff338af8de3792f04023bc5eec46371976,BE_TABULA_13,Terraced house,1971-1990,TABULA_standard_B_proxy,5425e9370287189ca45179f958739e4d1ea29f5439b14d2d1b6a877cf57e26a0,rcp_2_6,weather_2050_rcp_2_6_pvgis_2006,pvgis_2006,2006,3557983481,95,central,central,fb59b12e82b041c59cc8a3933745a40e92c5e89aa7df64846e5855fbd3acb00e,2987a546cb3f48253dcdfdc400036a68d1977eddb1012f753e54eca010acedd8,38669e3f0e715d12f919bbd64ba6e09fbb431145f819869ebd01d20e8fde4ed0,4b5b7791539478f9b2562d1b176e235ac7b641e1afdc40c3d5242661d9dbed3d,2ad0e9f7bbdfe12695c931891fd0e8132d060fd7bcbca23623db43d4c7393a5c,561839806dcdb8279ac4e42025bc5a82751f2588a2b2066fa84637918d8e4896
mc_504475fcfc0eddee1c5e6d4baa680d265fa69dc23f7177289ead0a8283de8803,BE_TABULA_13,Terraced house,1971-1990,TABULA_standard_B_proxy,5425e9370287189ca45179f958739e4d1ea29f5439b14d2d1b6a877cf57e26a0,rcp_2_6,weather_2050_rcp_2_6_pvgis_2006,pvgis_2006,2006,569801540,96,central,central,fb59b12e82b041c59cc8a3933745a40e92c5e89aa7df64846e5855fbd3acb00e,2987a546cb3f48253dcdfdc400036a68d1977eddb1012f753e54eca010acedd8,38669e3f0e715d12f919bbd64ba6e09fbb431145f819869ebd01d20e8fde4ed0,4b5b7791539478f9b2562d1b176e235ac7b641e1afdc40c3d5242661d9dbed3d,2ad0e9f7bbdfe12695c931891fd0e8132d060fd7bcbca23623db43d4c7393a5c,561839806dcdb8279ac4e42025bc5a82751f2588a2b2066fa84637918d8e4896
mc_8ca2a85f34bc70a31bfb54567f5030c6ecabf45f1d73e075f6c393f93a1093f1,BE_TABULA_13,Terraced house,1971-1990,TABULA_standard_B_proxy,5425e9370287189ca45179f958739e4d1ea29f5439b14d2d1b6a877cf57e26a0,rcp_2_6,weather_2050_rcp_2_6_pvgis_2006,pvgis_2006,2006,2643480774,97,central,central,fb59b12e82b041c59cc8a3933745a40e92c5e89aa7df64846e5855fbd3acb00e,2987a546cb3f48253dcdfdc400036a68d1977eddb1012f753e54eca010acedd8,38669e3f0e715d12f919bbd64ba6e09fbb431145f819869ebd01d20e8fde4ed0,4b5b7791539478f9b2562d1b176e235ac7b641e1afdc40c3d5242661d9dbed3d,2ad0e9f7bbdfe12695c931891fd0e8132d060fd7bcbca23623db43d4c7393a5c,561839806dcdb8279ac4e42025bc5a82751f2588a2b2066fa84637918d8e4896
mc_1164eac64c42c7f1f3a101589bb9affd028612775a17c7c4624125a9f68dd98c,BE_TABULA_13,Terraced house,1971-1990,TABULA_standard_B_proxy,5425e9370287189ca45179f958739e4d1ea29f5439b14d2d1b6a877cf57e26a0,rcp_2_6,weather_2050_rcp_2_6_pvgis_2006,pvgis_2006,2006,2628022060,98,central,central,fb59b12e82b041c59cc8a3933745a40e92c5e89aa7df64846e5855fbd3acb00e,2987a546cb3f48253dcdfdc400036a68d1977eddb1012f753e54eca010acedd8,38669e3f0e715d12f919bbd64ba6e09fbb431145f819869ebd01d20e8fde4ed0,4b5b7791539478f9b2562d1b176e235ac7b641e1afdc40c3d5242661d9dbed3d,2ad0e9f7bbdfe12695c931891fd0e8132d060fd7bcbca23623db43d4c7393a5c,561839806dcdb8279ac4e42025bc5a82751f2588a2b2066fa84637918d8e4896
mc_7c708ad92f0cbda9644e2cab2505a375cc4b9d420cd8e8d04a8d72a84414a050,BE_TABULA_13,Terraced house,1971-1990,TABULA_standard_B_proxy,5425e9370287189ca45179f958739e4d1ea29f5439b14d2d1b6a877cf57e26a0,rcp_2_6,weather_2050_rcp_2_6_pvgis_2006,pvgis_2006,2006,4036477215,99,central,central,fb59b12e82b041c59cc8a3933745a40e92c5e89aa7df64846e5855fbd3acb00e,2987a546cb3f48253dcdfdc400036a68d1977eddb1012f753e54eca010acedd8,38669e3f0e715d12f919bbd64ba6e09fbb431145f819869ebd01d20e8fde4ed0,4b5b7791539478f9b2562d1b176e235ac7b641e1afdc40c3d5242661d9dbed3d,2ad0e9f7bbdfe12695c931891fd0e8132d060fd7bcbca23623db43d4c7393a5c,561839806dcdb8279ac4e42025bc5a82751f2588a2b2066fa84637918d8e4896
mc_7eaeab37dd663034af156d100da3d682be16c896c928e7ca086d0333ad363374,BE_TABULA_13,Terraced house,1971-1990,TABULA_standard_B_proxy,5425e9370287189ca45179f958739e4d1ea29f5439b14d2d1b6a877cf57e26a0,rcp_2_6,weather_2050_rcp_2_6_pvgis_2006,pvgis_2006,2006,2406248338,100,central,central,fb59b12e82b041c59cc8a3933745a40e92c5e89aa7df64846e5855fbd3acb00e,2987a546cb3f48253dcdfdc400036a68d1977eddb1012f753e54eca010acedd8,38669e3f0e715d12f919bbd64ba6e09fbb431145f819869ebd01d20e8fde4ed0,4b5b7791539478f9b2562d1b176e235ac7b641e1afdc40c3d5242661d9dbed3d,2ad0e9f7bbdfe12695c931891fd0e8132d060fd7bcbca23623db43d4c7393a5c,561839806dcdb8279ac4e42025bc5a82751f2588a2b2066fa84637918d8e4896
mc_3636ba003fdb0bd16ecc9ee5710d50cbf23989bd56e4b12a4ac5d22834071793,BE_TABULA_13,Terraced house,1971-1990,TABULA_standard_B_proxy,5425e9370287189ca45179f958739e4d1ea29f5439b14d2d1b6a877cf57e26a0,rcp_2_6,weather_2050_rcp_2_6_pvgis_2006,pvgis_2006,2006,2256124716,101,central,central,fb59b12e82b041c59cc8a3933745a40e92c5e89aa7df64846e5855fbd3acb00e,2987a546cb3f48253dcdfdc400036a68d1977eddb1012f753e54eca010acedd8,38669e3f0e715d12f919bbd64ba6e09fbb431145f819869ebd01d20e8fde4ed0,4b5b7791539478f9b2562d1b176e235ac7b641e1afdc40c3d5242661d9dbed3d,2ad0e9f7bbdfe12695c931891fd0e8132d060fd7bcbca23623db43d4c7393a5c,561839806dcdb8279ac4e42025bc5a82751f2588a2b2066fa84637918d8e4896
mc_2cd87bc9bcdc1d48b85d1ca5c067bce5d6a4cd5aa011eefa9476a95c272b254a,BE_TABULA_13,Terraced house,1971-1990,TABULA_standard_B_proxy,5425e9370287189ca45179f958739e4d1ea29f5439b14d2d1b6a877cf57e26a0,rcp_2_6,weather_2050_rcp_2_6_pvgis_2006,pvgis_2006,2006,1716477969,102,central,central,fb59b12e82b041c59cc8a3933745a40e92c5e89aa7df64846e5855fbd3acb00e,2987a546cb3f48253dcdfdc400036a68d1977eddb1012f753e54eca010acedd8,38669e3f0e715d12f919bbd64ba6e09fbb431145f819869ebd01d20e8fde4ed0,4b5b7791539478f9b2562d1b176e235ac7b641e1afdc40c3d5242661d9dbed3d,2ad0e9f7bbdfe12695c931891fd0e8132d060fd7bcbca23623db43d4c7393a5c,561839806dcdb8279ac4e42025bc5a82751f2588a2b2066fa84637918d8e4896
mc_54b176e3977e8f58158053ce0691c01aa5d86340976199c039d519744fcfd815,BE_TABULA_13,Terraced house,1971-1990,TABULA_standard_B_proxy,5425e9370287189ca45179f958739e4d1ea29f5439b14d2d1b6a877cf57e26a0,rcp_2_6,weather_2050_rcp_2_6_pvgis_2006,pvgis_2006,2006,3495331521,103,central,central,fb59b12e82b041c59cc8a3933745a40e92c5e89aa7df64846e5855fbd3acb00e,2987a546cb3f48253dcdfdc400036a68d1977eddb1012f753e54eca010acedd8,38669e3f0e715d12f919bbd64ba6e09fbb431145f819869ebd01d20e8fde4ed0,4b5b7791539478f9b2562d1b176e235ac7b641e1afdc40c3d5242661d9dbed3d,2ad0e9f7bbdfe12695c931891fd0e8132d060fd7bcbca23623db43d4c7393a5c,561839806dcdb8279ac4e42025bc5a82751f2588a2b2066fa84637918d8e4896
mc_92b8eaeb4a4b0c4449169e456b964799cb83c8be865f8f0bb32c1917486cb6c0,BE_TABULA_13,Terraced house,1971-1990,TABULA_standard_B_proxy,5425e9370287189ca45179f958739e4d1ea29f5439b14d2d1b6a877cf57e26a0,rcp_2_6,weather_2050_rcp_2_6_pvgis_2006,pvgis_2006,2006,72277458,104,central,central,fb59b12e82b041c59cc8a3933745a40e92c5e89aa7df64846e5855fbd3acb00e,2987a546cb3f48253dcdfdc400036a68d1977eddb1012f753e54eca010acedd8,38669e3f0e715d12f919bbd64ba6e09fbb431145f819869ebd01d20e8fde4ed0,4b5b7791539478f9b2562d1b176e235ac7b641e1afdc40c3d5242661d9dbed3d,2ad0e9f7bbdfe12695c931891fd0e8132d060fd7bcbca23623db43d4c7393a5c,561839806dcdb8279ac4e42025bc5a82751f2588a2b2066fa84637918d8e4896
mc_5765a83fcaea56528891bc8a1368e1fbeac4eb6f05b3cee0fa88b5bff0c8abc0,BE_TABULA_13,Terraced house,1971-1990,TABULA_standard_B_proxy,5425e9370287189ca45179f958739e4d1ea29f5439b14d2d1b6a877cf57e26a0,rcp_2_6,weather_2050_rcp_2_6_pvgis_2006,pvgis_2006,2006,1112764345,105,central,central,fb59b12e82b041c59cc8a3933745a40e92c5e89aa7df64846e5855fbd3acb00e,2987a546cb3f48253dcdfdc400036a68d1977eddb1012f753e54eca010acedd8,38669e3f0e715d12f919bbd64ba6e09fbb431145f819869ebd01d20e8fde4ed0,4b5b7791539478f9b2562d1b176e235ac7b641e1afdc40c3d5242661d9dbed3d,2ad0e9f7bbdfe12695c931891fd0e8132d060fd7bcbca23623db43d4c7393a5c,561839806dcdb8279ac4e42025bc5a82751f2588a2b2066fa84637918d8e4896
mc_2e3f5dfc92081f9d727d4b63efaf61b850e7c2259a948777a7c68fd90402b390,BE_TABULA_13,Terraced house,1971-1990,TABULA_standard_B_proxy,5425e9370287189ca45179f958739e4d1ea29f5439b14d2d1b6a877cf57e26a0,rcp_2_6,weather_2050_rcp_2_6_pvgis_2006,pvgis_2006,2006,1434917810,106,central,central,fb59b12e82b041c59cc8a3933745a40e92c5e89aa7df64846e5855fbd3acb00e,2987a546cb3f48253dcdfdc400036a68d1977eddb1012f753e54eca010acedd8,38669e3f0e715d12f919bbd64ba6e09fbb431145f819869ebd01d20e8fde4ed0,4b5b7791539478f9b2562d1b176e235ac7b641e1afdc40c3d5242661d9dbed3d,2ad0e9f7bbdfe12695c931891fd0e8132d060fd7bcbca23623db43d4c7393a5c,561839806dcdb8279ac4e42025bc5a82751f2588a2b2066fa84637918d8e4896
mc_92e6b6a0c8fd1f28739d915fd3ad18f35e5b760c503a25faba6f9866665bba06,BE_TABULA_13,Terraced house,1971-1990,TABULA_standard_B_proxy,5425e9370287189ca45179f958739e4d1ea29f5439b14d2d1b6a877cf57e26a0,rcp_2_6,weather_2050_rcp_2_6_pvgis_2006,pvgis_2006,2006,1707735972,107,central,central,fb59b12e82b041c59cc8a3933745a40e92c5e89aa7df64846e5855fbd3acb00e,2987a546cb3f48253dcdfdc400036a68d1977eddb1012f753e54eca010acedd8,38669e3f0e715d12f919bbd64ba6e09fbb431145f819869ebd01d20e8fde4ed0,4b5b7791539478f9b2562d1b176e235ac7b641e1afdc40c3d5242661d9dbed3d,2ad0e9f7bbdfe12695c931891fd0e8132d060fd7bcbca23623db43d4c7393a5c,561839806dcdb8279ac4e42025bc5a82751f2588a2b2066fa84637918d8e4896
mc_cffd34f4156ba7ab195c1db2fdf5fdc698705912ca7944e61de309d862f31263,BE_TABULA_13,Terraced house,1971-1990,TABULA_standard_B_proxy,5425e9370287189ca45179f958739e4d1ea29f5439b14d2d1b6a877cf57e26a0,rcp_2_6,weather_2050_rcp_2_6_pvgis_2006,pvgis_2006,2006,1203242319,108,central,central,fb59b12e82b041c59cc8a3933745a40e92c5e89aa7df64846e5855fbd3acb00e,2987a546cb3f48253dcdfdc400036a68d1977eddb1012f753e54eca010acedd8,38669e3f0e715d12f919bbd64ba6e09fbb431145f819869ebd01d20e8fde4ed0,4b5b7791539478f9b2562d1b176e235ac7b641e1afdc40c3d5242661d9dbed3d,2ad0e9f7bbdfe12695c931891fd0e8132d060fd7bcbca23623db43d4c7393a5c,561839806dcdb8279ac4e42025bc5a82751f2588a2b2066fa84637918d8e4896
mc_c8937365dfe451abbd14c93f2b41645e1feb4019324a6398fef651dea7fbc707,BE_TABULA_13,Terraced house,1971-1990,TABULA_standard_B_proxy,5425e9370287189ca45179f958739e4d1ea29f5439b14d2d1b6a877cf57e26a0,rcp_2_6,weather_2050_rcp_2_6_pvgis_2006,pvgis_2006,2006,257542045,109,central,central,fb59b12e82b041c59cc8a3933745a40e92c5e89aa7df64846e5855fbd3acb00e,2987a546cb3f48253dcdfdc400036a68d1977eddb1012f753e54eca010acedd8,38669e3f0e715d12f919bbd64ba6e09fbb431145f819869ebd01d20e8fde4ed0,4b5b7791539478f9b2562d1b176e235ac7b641e1afdc40c3d5242661d9dbed3d,2ad0e9f7bbdfe12695c931891fd0e8132d060fd7bcbca23623db43d4c7393a5c,561839806dcdb8279ac4e42025bc5a82751f2588a2b2066fa84637918d8e4896
mc_1416f4c2e7f0f2724ecc615a986d40dadf634e807567a7fea7c23cfef3f270ed,BE_TABULA_13,Terraced house,1971-1990,TABULA_standard_B_proxy,5425e9370287189ca45179f958739e4d1ea29f5439b14d2d1b6a877cf57e26a0,rcp_2_6,weather_2050_rcp_2_6_pvgis_2006,pvgis_2006,2006,1750314948,110,central,central,fb59b12e82b041c59cc8a3933745a40e92c5e89aa7df64846e5855fbd3acb00e,2987a546cb3f48253dcdfdc400036a68d1977eddb1012f753e54eca010acedd8,38669e3f0e715d12f919bbd64ba6e09fbb431145f819869ebd01d20e8fde4ed0,4b5b7791539478f9b2562d1b176e235ac7b641e1afdc40c3d5242661d9dbed3d,2ad0e9f7bbdfe12695c931891fd0e8132d060fd7bcbca23623db43d4c7393a5c,561839806dcdb8279ac4e42025bc5a82751f2588a2b2066fa84637918d8e4896
mc_b22e6e1aa4fbaadd85bbaa12cbc35df280dc96953fb6faa2a6650a4143bf619a,BE_TABULA_13,Terraced house,1971-1990,TABULA_standard_B_proxy,5425e9370287189ca45179f958739e4d1ea29f5439b14d2d1b6a877cf57e26a0,rcp_2_6,weather_2050_rcp_2_6_pvgis_2006,pvgis_2006,2006,2401247500,111,central,central,fb59b12e82b041c59cc8a3933745a40e92c5e89aa7df64846e5855fbd3acb00e,2987a546cb3f48253dcdfdc400036a68d1977eddb1012f753e54eca010acedd8,38669e3f0e715d12f919bbd64ba6e09fbb431145f819869ebd01d20e8fde4ed0,4b5b7791539478f9b2562d1b176e235ac7b641e1afdc40c3d5242661d9dbed3d,2ad0e9f7bbdfe12695c931891fd0e8132d060fd7bcbca23623db43d4c7393a5c,561839806dcdb8279ac4e42025bc5a82751f2588a2b2066fa84637918d8e4896
mc_c33df56875f9bd7579630a5ccf1a68176bb02afe8f4458156232d9631bbee6de,BE_TABULA_13,Terraced house,1971-1990,TABULA_standard_B_proxy,5425e9370287189ca45179f958739e4d1ea29f5439b14d2d1b6a877cf57e26a0,rcp_2_6,weather_2050_rcp_2_6_pvgis_2006,pvgis_2006,2006,1109499996,112,central,central,fb59b12e82b041c59cc8a3933745a40e92c5e89aa7df64846e5855fbd3acb00e,2987a546cb3f48253dcdfdc400036a68d1977eddb1012f753e54eca010acedd8,38669e3f0e715d12f919bbd64ba6e09fbb431145f819869ebd01d20e8fde4ed0,4b5b7791539478f9b2562d1b176e235ac7b641e1afdc40c3d5242661d9dbed3d,2ad0e9f7bbdfe12695c931891fd0e8132d060fd7bcbca23623db43d4c7393a5c,561839806dcdb8279ac4e42025bc5a82751f2588a2b2066fa84637918d8e4896
mc_de267bb91eea42c46e4dcc53590eb4911d6aa604c8df458f6d64dd1ba4dc8f4f,BE_TABULA_13,Terraced house,1971-1990,TABULA_standard_B_proxy,5425e9370287189ca45179f958739e4d1ea29f5439b14d2d1b6a877cf57e26a0,rcp_2_6,weather_2050_rcp_2_6_pvgis_2006,pvgis_2006,2006,3243227553,113,central,central,fb59b12e82b041c59cc8a3933745a40e92c5e89aa7df64846e5855fbd3acb00e,2987a546cb3f48253dcdfdc400036a68d1977eddb1012f753e54eca010acedd8,38669e3f0e715d12f919bbd64ba6e09fbb431145f819869ebd01d20e8fde4ed0,4b5b7791539478f9b2562d1b176e235ac7b641e1afdc40c3d5242661d9dbed3d,2ad0e9f7bbdfe12695c931891fd0e8132d060fd7bcbca23623db43d4c7393a5c,561839806dcdb8279ac4e42025bc5a82751f2588a2b2066fa84637918d8e4896
mc_b8ae755f2ed8a840188da3fc878e4a3a77704112cc15f863916c76bf3166bb5b,BE_TABULA_13,Terraced house,1971-1990,TABULA_standard_B_proxy,5425e9370287189ca45179f958739e4d1ea29f5439b14d2d1b6a877cf57e26a0,rcp_2_6,weather_2050_rcp_2_6_pvgis_2006,pvgis_2006,2006,3434026444,114,central,central,fb59b12e82b041c59cc8a3933745a40e92c5e89aa7df64846e5855fbd3acb00e,2987a546cb3f48253dcdfdc400036a68d1977eddb1012f753e54eca010acedd8,38669e3f0e715d12f919bbd64ba6e09fbb431145f819869ebd01d20e8fde4ed0,4b5b7791539478f9b2562d1b176e235ac7b641e1afdc40c3d5242661d9dbed3d,2ad0e9f7bbdfe12695c931891fd0e8132d060fd7bcbca23623db43d4c7393a5c,561839806dcdb8279ac4e42025bc5a82751f2588a2b2066fa84637918d8e4896
mc_3421400712619eb8a477004e5ed5a7b75f9a54833febafcd642e742fc6b8de5c,BE_TABULA_13,Terraced house,1971-1990,TABULA_standard_B_proxy,5425e9370287189ca45179f958739e4d1ea29f5439b14d2d1b6a877cf57e26a0,rcp_2_6,weather_2050_rcp_2_6_pvgis_2006,pvgis_2006,2006,586221574,115,central,central,fb59b12e82b041c59cc8a3933745a40e92c5e89aa7df64846e5855fbd3acb00e,2987a546cb3f48253dcdfdc400036a68d1977eddb1012f753e54eca010acedd8,38669e3f0e715d12f919bbd64ba6e09fbb431145f819869ebd01d20e8fde4ed0,4b5b7791539478f9b2562d1b176e235ac7b641e1afdc40c3d5242661d9dbed3d,2ad0e9f7bbdfe12695c931891fd0e8132d060fd7bcbca23623db43d4c7393a5c,561839806dcdb8279ac4e42025bc5a82751f2588a2b2066fa84637918d8e4896
mc_6780ff54b006b1ad1fb432f999408362e86a9aa5fe6db5d8df2693473100e178,BE_TABULA_13,Terraced house,1971-1990,TABULA_standard_B_proxy,5425e9370287189ca45179f958739e4d1ea29f5439b14d2d1b6a877cf57e26a0,rcp_2_6,weather_2050_rcp_2_6_pvgis_2006,pvgis_2006,2006,1790489491,116,central,central,fb59b12e82b041c59cc8a3933745a40e92c5e89aa7df64846e5855fbd3acb00e,2987a546cb3f48253dcdfdc400036a68d1977eddb1012f753e54eca010acedd8,38669e3f0e715d12f919bbd64ba6e09fbb431145f819869ebd01d20e8fde4ed0,4b5b7791539478f9b2562d1b176e235ac7b641e1afdc40c3d5242661d9dbed3d,2ad0e9f7bbdfe12695c931891fd0e8132d060fd7bcbca23623db43d4c7393a5c,561839806dcdb8279ac4e42025bc5a82751f2588a2b2066fa84637918d8e4896
mc_519997e8723373fa83f9a8cffad4fc252e1e0a6694bed0e417898c57cd135dd8,BE_TABULA_13,Terraced house,1971-1990,TABULA_standard_B_proxy,5425e9370287189ca45179f958739e4d1ea29f5439b14d2d1b6a877cf57e26a0,rcp_2_6,weather_2050_rcp_2_6_pvgis_2006,pvgis_2006,2006,3286000813,117,central,central,fb59b12e82b041c59cc8a3933745a40e92c5e89aa7df64846e5855fbd3acb00e,2987a546cb3f48253dcdfdc400036a68d1977eddb1012f753e54eca010acedd8,38669e3f0e715d12f919bbd64ba6e09fbb431145f819869ebd01d20e8fde4ed0,4b5b7791539478f9b2562d1b176e235ac7b641e1afdc40c3d5242661d9dbed3d,2ad0e9f7bbdfe12695c931891fd0e8132d060fd7bcbca23623db43d4c7393a5c,561839806dcdb8279ac4e42025bc5a82751f2588a2b2066fa84637918d8e4896
mc_b16599a12278000aaff791880e9382da1dcbcf6ce4a10e02da484a3854be40cb,BE_TABULA_13,Terraced house,1971-1990,TABULA_standard_B_proxy,5425e9370287189ca45179f958739e4d1ea29f5439b14d2d1b6a877cf57e26a0,rcp_2_6,weather_2050_rcp_2_6_pvgis_2006,pvgis_2006,2006,3422917158,118,central,central,fb59b12e82b041c59cc8a3933745a40e92c5e89aa7df64846e5855fbd3acb00e,2987a546cb3f48253dcdfdc400036a68d1977eddb1012f753e54eca010acedd8,38669e3f0e715d12f919bbd64ba6e09fbb431145f819869ebd01d20e8fde4ed0,4b5b7791539478f9b2562d1b176e235ac7b641e1afdc40c3d5242661d9dbed3d,2ad0e9f7bbdfe12695c931891fd0e8132d060fd7bcbca23623db43d4c7393a5c,561839806dcdb8279ac4e42025bc5a82751f2588a2b2066fa84637918d8e4896
mc_92ebf8b802394d9870c576c966260c39a5d38245aa6b2e08d2c57d52f168be6b,BE_TABULA_13,Terraced house,1971-1990,TABULA_standard_B_proxy,5425e9370287189ca45179f958739e4d1ea29f5439b14d2d1b6a877cf57e26a0,rcp_2_6,weather_2050_rcp_2_6_pvgis_2006,pvgis_2006,2006,2634905433,119,central,central,fb59b12e82b041c59cc8a3933745a40e92c5e89aa7df64846e5855fbd3acb00e,2987a546cb3f48253dcdfdc400036a68d1977eddb1012f753e54eca010acedd8,38669e3f0e715d12f919bbd64ba6e09fbb431145f819869ebd01d20e8fde4ed0,4b5b7791539478f9b2562d1b176e235ac7b641e1afdc40c3d5242661d9dbed3d,2ad0e9f7bbdfe12695c931891fd0e8132d060fd7bcbca23623db43d4c7393a5c,561839806dcdb8279ac4e42025bc5a82751f2588a2b2066fa84637918d8e4896
mc_b131fd18b7078e696ba59b1fe50cfa13433506aa04f7d9d53c1e17aca2c62809,BE_TABULA_13,Terraced house,1971-1990,TABULA_standard_B_proxy,5425e9370287189ca45179f958739e4d1ea29f5439b14d2d1b6a877cf57e26a0,rcp_2_6,weather_2050_rcp_2_6_pvgis_2006,pvgis_2006,2006,3836208712,120,central,central,fb59b12e82b041c59cc8a3933745a40e92c5e89aa7df64846e5855fbd3acb00e,2987a546cb3f48253dcdfdc400036a68d1977eddb1012f753e54eca010acedd8,38669e3f0e715d12f919bbd64ba6e09fbb431145f819869ebd01d20e8fde4ed0,4b5b7791539478f9b2562d1b176e235ac7b641e1afdc40c3d5242661d9dbed3d,2ad0e9f7bbdfe12695c931891fd0e8132d060fd7bcbca23623db43d4c7393a5c,561839806dcdb8279ac4e42025bc5a82751f2588a2b2066fa84637918d8e4896
mc_1301512645bc506e3ded44d03a0e5d12fb0c753cc4aff12f56506e1e0d105eba,BE_TABULA_13,Terraced house,1971-1990,TABULA_standard_B_proxy,5425e9370287189ca45179f958739e4d1ea29f5439b14d2d1b6a877cf57e26a0,rcp_2_6,weather_2050_rcp_2_6_pvgis_2006,pvgis_2006,2006,1011976490,121,central,central,fb59b12e82b041c59cc8a3933745a40e92c5e89aa7df64846e5855fbd3acb00e,2987a546cb3f48253dcdfdc400036a68d1977eddb1012f753e54eca010acedd8,38669e3f0e715d12f919bbd64ba6e09fbb431145f819869ebd01d20e8fde4ed0,4b5b7791539478f9b2562d1b176e235ac7b641e1afdc40c3d5242661d9dbed3d,2ad0e9f7bbdfe12695c931891fd0e8132d060fd7bcbca23623db43d4c7393a5c,561839806dcdb8279ac4e42025bc5a82751f2588a2b2066fa84637918d8e4896
mc_b263b5e54c5893b708ded697f4846db82cd8a92f3f1c81d7590d5d0b93a133ed,BE_TABULA_13,Terraced house,1971-1990,TABULA_standard_B_proxy,5425e9370287189ca45179f958739e4d1ea29f5439b14d2d1b6a877cf57e26a0,rcp_2_6,weather_2050_rcp_2_6_pvgis_2006,pvgis_2006,2006,3890277953,122,central,central,fb59b12e82b041c59cc8a3933745a40e92c5e89aa7df64846e5855fbd3acb00e,2987a546cb3f48253dcdfdc400036a68d1977eddb1012f753e54eca010acedd8,38669e3f0e715d12f919bbd64ba6e09fbb431145f819869ebd01d20e8fde4ed0,4b5b7791539478f9b2562d1b176e235ac7b641e1afdc40c3d5242661d9dbed3d,2ad0e9f7bbdfe12695c931891fd0e8132d060fd7bcbca23623db43d4c7393a5c,561839806dcdb8279ac4e42025bc5a82751f2588a2b2066fa84637918d8e4896
mc_a2f9a72c26169bb82bfc089abebabaea1eabb76046f41630fd04136be1c129fd,BE_TABULA_13,Terraced house,1971-1990,TABULA_standard_B_proxy,5425e9370287189ca45179f958739e4d1ea29f5439b14d2d1b6a877cf57e26a0,rcp_2_6,weather_2050_rcp_2_6_pvgis_2006,pvgis_2006,2006,776271248,123,central,central,fb59b12e82b041c59cc8a3933745a40e92c5e89aa7df64846e5855fbd3acb00e,2987a546cb3f48253dcdfdc400036a68d1977eddb1012f753e54eca010acedd8,38669e3f0e715d12f919bbd64ba6e09fbb431145f819869ebd01d20e8fde4ed0,4b5b7791539478f9b2562d1b176e235ac7b641e1afdc40c3d5242661d9dbed3d,2ad0e9f7bbdfe12695c931891fd0e8132d060fd7bcbca23623db43d4c7393a5c,561839806dcdb8279ac4e42025bc5a82751f2588a2b2066fa84637918d8e4896
mc_3f7267538d39c0a4c3c6824e16342fa0f6be81dc86b6d166a574967134885040,BE_TABULA_13,Terraced house,1971-1990,TABULA_standard_B_proxy,5425e9370287189ca45179f958739e4d1ea29f5439b14d2d1b6a877cf57e26a0,rcp_2_6,weather_2050_rcp_2_6_pvgis_2006,pvgis_2006,2006,1900787840,124,central,central,fb59b12e82b041c59cc8a3933745a40e92c5e89aa7df64846e5855fbd3acb00e,2987a546cb3f48253dcdfdc400036a68d1977eddb1012f753e54eca010acedd8,38669e3f0e715d12f919bbd64ba6e09fbb431145f819869ebd01d20e8fde4ed0,4b5b7791539478f9b2562d1b176e235ac7b641e1afdc40c3d5242661d9dbed3d,2ad0e9f7bbdfe12695c931891fd0e8132d060fd7bcbca23623db43d4c7393a5c,561839806dcdb8279ac4e42025bc5a82751f2588a2b2066fa84637918d8e4896
mc_9dd0fea6f9fa45cdb88b2a4f859b1501902783b086657a3cebf8b2c2f303ea3c,BE_TABULA_13,Terraced house,1971-1990,TABULA_standard_B_proxy,5425e9370287189ca45179f958739e4d1ea29f5439b14d2d1b6a877cf57e26a0,rcp_2_6,weather_2050_rcp_2_6_pvgis_2006,pvgis_2006,2006,1062724148,125,central,central,fb59b12e82b041c59cc8a3933745a40e92c5e89aa7df64846e5855fbd3acb00e,2987a546cb3f48253dcdfdc400036a68d1977eddb1012f753e54eca010acedd8,38669e3f0e715d12f919bbd64ba6e09fbb431145f819869ebd01d20e8fde4ed0,4b5b7791539478f9b2562d1b176e235ac7b641e1afdc40c3d5242661d9dbed3d,2ad0e9f7bbdfe12695c931891fd0e8132d060fd7bcbca23623db43d4c7393a5c,561839806dcdb8279ac4e42025bc5a82751f2588a2b2066fa84637918d8e4896
mc_45daae352cf49eb42613c54e84bb6ff717321d59f638717568cc7b04ea32aa08,BE_TABULA_13,Terraced house,1971-1990,TABULA_standard_B_proxy,5425e9370287189ca45179f958739e4d1ea29f5439b14d2d1b6a877cf57e26a0,rcp_2_6,weather_2050_rcp_2_6_pvgis_2006,pvgis_2006,2006,2674825830,126,central,central,fb59b12e82b041c59cc8a3933745a40e92c5e89aa7df64846e5855fbd3acb00e,2987a546cb3f48253dcdfdc400036a68d1977eddb1012f753e54eca010acedd8,38669e3f0e715d12f919bbd64ba6e09fbb431145f819869ebd01d20e8fde4ed0,4b5b7791539478f9b2562d1b176e235ac7b641e1afdc40c3d5242661d9dbed3d,2ad0e9f7bbdfe12695c931891fd0e8132d060fd7bcbca23623db43d4c7393a5c,561839806dcdb8279ac4e42025bc5a82751f2588a2b2066fa84637918d8e4896
mc_3f0c02d7a2fd1a1367dad8867ff391d361726261a8a5836581301a868b0fd0db,BE_TABULA_13,Terraced house,1971-1990,TABULA_standard_B_proxy,5425e9370287189ca45179f958739e4d1ea29f5439b14d2d1b6a877cf57e26a0,rcp_2_6,weather_2050_rcp_2_6_pvgis_2006,pvgis_2006,2006,1053006648,127,central,central,fb59b12e82b041c59cc8a3933745a40e92c5e89aa7df64846e5855fbd3acb00e,2987a546cb3f48253dcdfdc400036a68d1977eddb1012f753e54eca010acedd8,38669e3f0e715d12f919bbd64ba6e09fbb431145f819869ebd01d20e8fde4ed0,4b5b7791539478f9b2562d1b176e235ac7b641e1afdc40c3d5242661d9dbed3d,2ad0e9f7bbdfe12695c931891fd0e8132d060fd7bcbca23623db43d4c7393a5c,561839806dcdb8279ac4e42025bc5a82751f2588a2b2066fa84637918d8e4896
mc_f36431893e3ac19d7b814bd442fc7cf99bbb502a756ce6a612af6b653afd1561,BE_TABULA_13,Terraced house,1971-1990,TABULA_standard_B_proxy,5425e9370287189ca45179f958739e4d1ea29f5439b14d2d1b6a877cf57e26a0,rcp_2_6,weather_2050_rcp_2_6_pvgis_2006,pvgis_2006,2006,3482630119,128,central,central,fb59b12e82b041c59cc8a3933745a40e92c5e89aa7df64846e5855fbd3acb00e,2987a546cb3f48253dcdfdc400036a68d1977eddb1012f753e54eca010acedd8,38669e3f0e715d12f919bbd64ba6e09fbb431145f819869ebd01d20e8fde4ed0,4b5b7791539478f9b2562d1b176e235ac7b641e1afdc40c3d5242661d9dbed3d,2ad0e9f7bbdfe12695c931891fd0e8132d060fd7bcbca23623db43d4c7393a5c,561839806dcdb8279ac4e42025bc5a82751f2588a2b2066fa84637918d8e4896
mc_c4e4793a37d01cb57021e0133691a1616f363647fd5a0cfc3f03f00444c62f11,BE_TABULA_13,Terraced house,1971-1990,TABULA_standard_B_proxy,5425e9370287189ca45179f958739e4d1ea29f5439b14d2d1b6a877cf57e26a0,rcp_2_6,weather_2050_rcp_2_6_pvgis_2006,pvgis_2006,2006,11823356,129,central,central,fb59b12e82b041c59cc8a3933745a40e92c5e89aa7df64846e5855fbd3acb00e,2987a546cb3f48253dcdfdc400036a68d1977eddb1012f753e54eca010acedd8,38669e3f0e715d12f919bbd64ba6e09fbb431145f819869ebd01d20e8fde4ed0,4b5b7791539478f9b2562d1b176e235ac7b641e1afdc40c3d5242661d9dbed3d,2ad0e9f7bbdfe12695c931891fd0e8132d060fd7bcbca23623db43d4c7393a5c,561839806dcdb8279ac4e42025bc5a82751f2588a2b2066fa84637918d8e4896
mc_f12716655a5f60d4a23fd98adc57b78b365093ea8b22f38447a59d98439f921e,BE_TABULA_13,Terraced house,1971-1990,TABULA_standard_B_proxy,5425e9370287189ca45179f958739e4d1ea29f5439b14d2d1b6a877cf57e26a0,rcp_2_6,weather_2050_rcp_2_6_pvgis_2006,pvgis_2006,2006,1148551946,130,central,central,fb59b12e82b041c59cc8a3933745a40e92c5e89aa7df64846e5855fbd3acb00e,2987a546cb3f48253dcdfdc400036a68d1977eddb1012f753e54eca010acedd8,38669e3f0e715d12f919bbd64ba6e09fbb431145f819869ebd01d20e8fde4ed0,4b5b7791539478f9b2562d1b176e235ac7b641e1afdc40c3d5242661d9dbed3d,2ad0e9f7bbdfe12695c931891fd0e8132d060fd7bcbca23623db43d4c7393a5c,561839806dcdb8279ac4e42025bc5a82751f2588a2b2066fa84637918d8e4896
mc_28164a2439cc5575974280f2446f878f9c70e0e262ef9236579eef513e43e252,BE_TABULA_13,Terraced house,1971-1990,TABULA_standard_B_proxy,5425e9370287189ca45179f958739e4d1ea29f5439b14d2d1b6a877cf57e26a0,rcp_2_6,weather_2050_rcp_2_6_pvgis_2006,pvgis_2006,2006,919568898,131,central,central,fb59b12e82b041c59cc8a3933745a40e92c5e89aa7df64846e5855fbd3acb00e,2987a546cb3f48253dcdfdc400036a68d1977eddb1012f753e54eca010acedd8,38669e3f0e715d12f919bbd64ba6e09fbb431145f819869ebd01d20e8fde4ed0,4b5b7791539478f9b2562d1b176e235ac7b641e1afdc40c3d5242661d9dbed3d,2ad0e9f7bbdfe12695c931891fd0e8132d060fd7bcbca23623db43d4c7393a5c,561839806dcdb8279ac4e42025bc5a82751f2588a2b2066fa84637918d8e4896
mc_892d99d3aff0c4abb2ab883c593e582a2f0324c2405cf6b2df4841cd87a7d00e,BE_TABULA_13,Terraced house,1971-1990,TABULA_standard_B_proxy,5425e9370287189ca45179f958739e4d1ea29f5439b14d2d1b6a877cf57e26a0,rcp_2_6,weather_2050_rcp_2_6_pvgis_2006,pvgis_2006,2006,3039625071,132,central,central,fb59b12e82b041c59cc8a3933745a40e92c5e89aa7df64846e5855fbd3acb00e,2987a546cb3f48253dcdfdc400036a68d1977eddb1012f753e54eca010acedd8,38669e3f0e715d12f919bbd64ba6e09fbb431145f819869ebd01d20e8fde4ed0,4b5b7791539478f9b2562d1b176e235ac7b641e1afdc40c3d5242661d9dbed3d,2ad0e9f7bbdfe12695c931891fd0e8132d060fd7bcbca23623db43d4c7393a5c,561839806dcdb8279ac4e42025bc5a82751f2588a2b2066fa84637918d8e4896
mc_f9a8c4005b29873f31c060aff2ae6b7db69ff04d8f2ff4aa70f62b7e39e4a3b8,BE_TABULA_13,Terraced house,1971-1990,TABULA_standard_B_proxy,5425e9370287189ca45179f958739e4d1ea29f5439b14d2d1b6a877cf57e26a0,rcp_2_6,weather_2050_rcp_2_6_pvgis_2006,pvgis_2006,2006,2908346779,133,central,central,fb59b12e82b041c59cc8a3933745a40e92c5e89aa7df64846e5855fbd3acb00e,2987a546cb3f48253dcdfdc400036a68d1977eddb1012f753e54eca010acedd8,38669e3f0e715d12f919bbd64ba6e09fbb431145f819869ebd01d20e8fde4ed0,4b5b7791539478f9b2562d1b176e235ac7b641e1afdc40c3d5242661d9dbed3d,2ad0e9f7bbdfe12695c931891fd0e8132d060fd7bcbca23623db43d4c7393a5c,561839806dcdb8279ac4e42025bc5a82751f2588a2b2066fa84637918d8e4896
mc_2c59c2f47dfd6babc4a130eac185639e714cc822cb015986b91697c5fcc86c7d,BE_TABULA_13,Terraced house,1971-1990,TABULA_standard_B_proxy,5425e9370287189ca45179f958739e4d1ea29f5439b14d2d1b6a877cf57e26a0,rcp_2_6,weather_2050_rcp_2_6_pvgis_2006,pvgis_2006,2006,4181595953,134,central,central,fb59b12e82b041c59cc8a3933745a40e92c5e89aa7df64846e5855fbd3acb00e,2987a546cb3f48253dcdfdc400036a68d1977eddb1012f753e54eca010acedd8,38669e3f0e715d12f919bbd64ba6e09fbb431145f819869ebd01d20e8fde4ed0,4b5b7791539478f9b2562d1b176e235ac7b641e1afdc40c3d5242661d9dbed3d,2ad0e9f7bbdfe12695c931891fd0e8132d060fd7bcbca23623db43d4c7393a5c,561839806dcdb8279ac4e42025bc5a82751f2588a2b2066fa84637918d8e4896
mc_a56b35f2faa2deb7e526786e21b8789c37836941067fab4e554bc44a88832fbb,BE_TABULA_13,Terraced house,1971-1990,TABULA_standard_B_proxy,5425e9370287189ca45179f958739e4d1ea29f5439b14d2d1b6a877cf57e26a0,rcp_2_6,weather_2050_rcp_2_6_pvgis_2006,pvgis_2006,2006,115385883,135,central,central,fb59b12e82b041c59cc8a3933745a40e92c5e89aa7df64846e5855fbd3acb00e,2987a546cb3f48253dcdfdc400036a68d1977eddb1012f753e54eca010acedd8,38669e3f0e715d12f919bbd64ba6e09fbb431145f819869ebd01d20e8fde4ed0,4b5b7791539478f9b2562d1b176e235ac7b641e1afdc40c3d5242661d9dbed3d,2ad0e9f7bbdfe12695c931891fd0e8132d060fd7bcbca23623db43d4c7393a5c,561839806dcdb8279ac4e42025bc5a82751f2588a2b2066fa84637918d8e4896
mc_10f4622663d27df4d1061b04caaeac63d68008c6561d7d8393e43917d70d3201,BE_TABULA_13,Terraced house,1971-1990,TABULA_standard_B_proxy,5425e9370287189ca45179f958739e4d1ea29f5439b14d2d1b6a877cf57e26a0,rcp_2_6,weather_2050_rcp_2_6_pvgis_2006,pvgis_2006,2006,1189564474,136,central,central,fb59b12e82b041c59cc8a3933745a40e92c5e89aa7df64846e5855fbd3acb00e,2987a546cb3f48253dcdfdc400036a68d1977eddb1012f753e54eca010acedd8,38669e3f0e715d12f919bbd64ba6e09fbb431145f819869ebd01d20e8fde4ed0,4b5b7791539478f9b2562d1b176e235ac7b641e1afdc40c3d5242661d9dbed3d,2ad0e9f7bbdfe12695c931891fd0e8132d060fd7bcbca23623db43d4c7393a5c,561839806dcdb8279ac4e42025bc5a82751f2588a2b2066fa84637918d8e4896
mc_10b16475946bbf51719db311b43983d4345109361c240c98666f3103a7194e43,BE_TABULA_13,Terraced house,1971-1990,TABULA_standard_B_proxy,5425e9370287189ca45179f958739e4d1ea29f5439b14d2d1b6a877cf57e26a0,rcp_2_6,weather_2050_rcp_2_6_pvgis_2006,pvgis_2006,2006,424842177,137,central,central,fb59b12e82b041c59cc8a3933745a40e92c5e89aa7df64846e5855fbd3acb00e,2987a546cb3f48253dcdfdc400036a68d1977eddb1012f753e54eca010acedd8,38669e3f0e715d12f919bbd64ba6e09fbb431145f819869ebd01d20e8fde4ed0,4b5b7791539478f9b2562d1b176e235ac7b641e1afdc40c3d5242661d9dbed3d,2ad0e9f7bbdfe12695c931891fd0e8132d060fd7bcbca23623db43d4c7393a5c,561839806dcdb8279ac4e42025bc5a82751f2588a2b2066fa84637918d8e4896
mc_f90bf32552f24fb3c55a18ce2a0c900ddce018a5a0084c041fdb211c53eb1027,BE_TABULA_13,Terraced house,1971-1990,TABULA_standard_B_proxy,5425e9370287189ca45179f958739e4d1ea29f5439b14d2d1b6a877cf57e26a0,rcp_2_6,weather_2050_rcp_2_6_pvgis_2006,pvgis_2006,2006,2648616802,138,central,central,fb59b12e82b041c59cc8a3933745a40e92c5e89aa7df64846e5855fbd3acb00e,2987a546cb3f48253dcdfdc400036a68d1977eddb1012f753e54eca010acedd8,38669e3f0e715d12f919bbd64ba6e09fbb431145f819869ebd01d20e8fde4ed0,4b5b7791539478f9b2562d1b176e235ac7b641e1afdc40c3d5242661d9dbed3d,2ad0e9f7bbdfe12695c931891fd0e8132d060fd7bcbca23623db43d4c7393a5c,561839806dcdb8279ac4e42025bc5a82751f2588a2b2066fa84637918d8e4896
mc_cd251c3a8f1e6d3cc906b00061bd535de1e6f5600b5ecd2a3bd08cb4047610f0,BE_TABULA_13,Terraced house,1971-1990,TABULA_standard_B_proxy,5425e9370287189ca45179f958739e4d1ea29f5439b14d2d1b6a877cf57e26a0,rcp_2_6,weather_2050_rcp_2_6_pvgis_2006,pvgis_2006,2006,2295453719,139,central,central,fb59b12e82b041c59cc8a3933745a40e92c5e89aa7df64846e5855fbd3acb00e,2987a546cb3f48253dcdfdc400036a68d1977eddb1012f753e54eca010acedd8,38669e3f0e715d12f919bbd64ba6e09fbb431145f819869ebd01d20e8fde4ed0,4b5b7791539478f9b2562d1b176e235ac7b641e1afdc40c3d5242661d9dbed3d,2ad0e9f7bbdfe12695c931891fd0e8132d060fd7bcbca23623db43d4c7393a5c,561839806dcdb8279ac4e42025bc5a82751f2588a2b2066fa84637918d8e4896
mc_28881260881d8eb6c88e378a0f3991705c37dd10403d956e578120a4481d54f1,BE_TABULA_13,Terraced house,1971-1990,TABULA_standard_B_proxy,5425e9370287189ca45179f958739e4d1ea29f5439b14d2d1b6a877cf57e26a0,rcp_2_6,weather_2050_rcp_2_6_pvgis_2006,pvgis_2006,2006,3106430030,140,central,central,fb59b12e82b041c59cc8a3933745a40e92c5e89aa7df64846e5855fbd3acb00e,2987a546cb3f48253dcdfdc400036a68d1977eddb1012f753e54eca010acedd8,38669e3f0e715d12f919bbd64ba6e09fbb431145f819869ebd01d20e8fde4ed0,4b5b7791539478f9b2562d1b176e235ac7b641e1afdc40c3d5242661d9dbed3d,2ad0e9f7bbdfe12695c931891fd0e8132d060fd7bcbca23623db43d4c7393a5c,561839806dcdb8279ac4e42025bc5a82751f2588a2b2066fa84637918d8e4896
mc_6157001ca0b7fa50c89c0ebd234924469055bb07894196bff1e0267f7ac934f9,BE_TABULA_13,Terraced house,1971-1990,TABULA_standard_B_proxy,5425e9370287189ca45179f958739e4d1ea29f5439b14d2d1b6a877cf57e26a0,rcp_2_6,weather_2050_rcp_2_6_pvgis_2006,pvgis_2006,2006,342939150,141,central,central,fb59b12e82b041c59cc8a3933745a40e92c5e89aa7df64846e5855fbd3acb00e,2987a546cb3f48253dcdfdc400036a68d1977eddb1012f753e54eca010acedd8,38669e3f0e715d12f919bbd64ba6e09fbb431145f819869ebd01d20e8fde4ed0,4b5b7791539478f9b2562d1b176e235ac7b641e1afdc40c3d5242661d9dbed3d,2ad0e9f7bbdfe12695c931891fd0e8132d060fd7bcbca23623db43d4c7393a5c,561839806dcdb8279ac4e42025bc5a82751f2588a2b2066fa84637918d8e4896
mc_973a6ecb8b96b8e1b0e617583aad9e52780fdcaebc19c68d56a4d2423da19b23,BE_TABULA_13,Terraced house,1971-1990,TABULA_standard_B_proxy,5425e9370287189ca45179f958739e4d1ea29f5439b14d2d1b6a877cf57e26a0,rcp_2_6,weather_2050_rcp_2_6_pvgis_2006,pvgis_2006,2006,928419318,142,central,central,fb59b12e82b041c59cc8a3933745a40e92c5e89aa7df64846e5855fbd3acb00e,2987a546cb3f48253dcdfdc400036a68d1977eddb1012f753e54eca010acedd8,38669e3f0e715d12f919bbd64ba6e09fbb431145f819869ebd01d20e8fde4ed0,4b5b7791539478f9b2562d1b176e235ac7b641e1afdc40c3d5242661d9dbed3d,2ad0e9f7bbdfe12695c931891fd0e8132d060fd7bcbca23623db43d4c7393a5c,561839806dcdb8279ac4e42025bc5a82751f2588a2b2066fa84637918d8e4896
mc_a6db1164127db9072aea9db59fc17c77572df7a9db8113424d2f68efb7c6778d,BE_TABULA_13,Terraced house,1971-1990,TABULA_standard_B_proxy,5425e9370287189ca45179f958739e4d1ea29f5439b14d2d1b6a877cf57e26a0,rcp_2_6,weather_2050_rcp_2_6_pvgis_2006,pvgis_2006,2006,383233399,143,central,central,fb59b12e82b041c59cc8a3933745a40e92c5e89aa7df64846e5855fbd3acb00e,2987a546cb3f48253dcdfdc400036a68d1977eddb1012f753e54eca010acedd8,38669e3f0e715d12f919bbd64ba6e09fbb431145f819869ebd01d20e8fde4ed0,4b5b7791539478f9b2562d1b176e235ac7b641e1afdc40c3d5242661d9dbed3d,2ad0e9f7bbdfe12695c931891fd0e8132d060fd7bcbca23623db43d4c7393a5c,561839806dcdb8279ac4e42025bc5a82751f2588a2b2066fa84637918d8e4896
mc_d9204d4b37b7dcfc9517d553ce909721c68ba1efac09dd6a400d5ee71411295f,BE_TABULA_13,Terraced house,1971-1990,TABULA_standard_B_proxy,5425e9370287189ca45179f958739e4d1ea29f5439b14d2d1b6a877cf57e26a0,rcp_2_6,weather_2050_rcp_2_6_pvgis_2006,pvgis_2006,2006,2361976829,144,central,central,fb59b12e82b041c59cc8a3933745a40e92c5e89aa7df64846e5855fbd3acb00e,2987a546cb3f48253dcdfdc400036a68d1977eddb1012f753e54eca010acedd8,38669e3f0e715d12f919bbd64ba6e09fbb431145f819869ebd01d20e8fde4ed0,4b5b7791539478f9b2562d1b176e235ac7b641e1afdc40c3d5242661d9dbed3d,2ad0e9f7bbdfe12695c931891fd0e8132d060fd7bcbca23623db43d4c7393a5c,561839806dcdb8279ac4e42025bc5a82751f2588a2b2066fa84637918d8e4896
mc_e067f26643efb14de90751ea98612288886ef9cbcbc9585cf08e178705dcfd10,BE_TABULA_13,Terraced house,1971-1990,TABULA_standard_B_proxy,5425e9370287189ca45179f958739e4d1ea29f5439b14d2d1b6a877cf57e26a0,rcp_2_6,weather_2050_rcp_2_6_pvgis_2006,pvgis_2006,2006,723624264,145,central,central,fb59b12e82b041c59cc8a3933745a40e92c5e89aa7df64846e5855fbd3acb00e,2987a546cb3f48253dcdfdc400036a68d1977eddb1012f753e54eca010acedd8,38669e3f0e715d12f919bbd64ba6e09fbb431145f819869ebd01d20e8fde4ed0,4b5b7791539478f9b2562d1b176e235ac7b641e1afdc40c3d5242661d9dbed3d,2ad0e9f7bbdfe12695c931891fd0e8132d060fd7bcbca23623db43d4c7393a5c,561839806dcdb8279ac4e42025bc5a82751f2588a2b2066fa84637918d8e4896
mc_75aa86c2d1759b83aeab57372db2baa226037cd1d3450bfb27ae6019a90d5b2d,BE_TABULA_13,Terraced house,1971-1990,TABULA_standard_B_proxy,5425e9370287189ca45179f958739e4d1ea29f5439b14d2d1b6a877cf57e26a0,rcp_2_6,weather_2050_rcp_2_6_pvgis_2006,pvgis_2006,2006,4113141974,146,central,central,fb59b12e82b041c59cc8a3933745a40e92c5e89aa7df64846e5855fbd3acb00e,2987a546cb3f48253dcdfdc400036a68d1977eddb1012f753e54eca010acedd8,38669e3f0e715d12f919bbd64ba6e09fbb431145f819869ebd01d20e8fde4ed0,4b5b7791539478f9b2562d1b176e235ac7b641e1afdc40c3d5242661d9dbed3d,2ad0e9f7bbdfe12695c931891fd0e8132d060fd7bcbca23623db43d4c7393a5c,561839806dcdb8279ac4e42025bc5a82751f2588a2b2066fa84637918d8e4896
mc_4058be5603b82ded05573cf29fdde7b12221adfc08ca7d5bdec16d0fafec74a1,BE_TABULA_13,Terraced house,1971-1990,TABULA_standard_B_proxy,5425e9370287189ca45179f958739e4d1ea29f5439b14d2d1b6a877cf57e26a0,rcp_2_6,weather_2050_rcp_2_6_pvgis_2006,pvgis_2006,2006,165987770,147,central,central,fb59b12e82b041c59cc8a3933745a40e92c5e89aa7df64846e5855fbd3acb00e,2987a546cb3f48253dcdfdc400036a68d1977eddb1012f753e54eca010acedd8,38669e3f0e715d12f919bbd64ba6e09fbb431145f819869ebd01d20e8fde4ed0,4b5b7791539478f9b2562d1b176e235ac7b641e1afdc40c3d5242661d9dbed3d,2ad0e9f7bbdfe12695c931891fd0e8132d060fd7bcbca23623db43d4c7393a5c,561839806dcdb8279ac4e42025bc5a82751f2588a2b2066fa84637918d8e4896
mc_b520e58e3cb106bd55f2d4d1acbd3f538ae620840188a5e6a78e0d5b6e2c4937,BE_TABULA_13,Terraced house,1971-1990,TABULA_standard_B_proxy,5425e9370287189ca45179f958739e4d1ea29f5439b14d2d1b6a877cf57e26a0,rcp_2_6,weather_2050_rcp_2_6_pvgis_2006,pvgis_2006,2006,4048212796,148,central,central,fb59b12e82b041c59cc8a3933745a40e92c5e89aa7df64846e5855fbd3acb00e,2987a546cb3f48253dcdfdc400036a68d1977eddb1012f753e54eca010acedd8,38669e3f0e715d12f919bbd64ba6e09fbb431145f819869ebd01d20e8fde4ed0,4b5b7791539478f9b2562d1b176e235ac7b641e1afdc40c3d5242661d9dbed3d,2ad0e9f7bbdfe12695c931891fd0e8132d060fd7bcbca23623db43d4c7393a5c,561839806dcdb8279ac4e42025bc5a82751f2588a2b2066fa84637918d8e4896
mc_ef5dee1a4f645ec88e8d342b1b5fa18cb0dd503da8156605698a95b2d21892e5,BE_TABULA_13,Terraced house,1971-1990,TABULA_standard_B_proxy,5425e9370287189ca45179f958739e4d1ea29f5439b14d2d1b6a877cf57e26a0,rcp_2_6,weather_2050_rcp_2_6_pvgis_2006,pvgis_2006,2006,80031975,149,central,central,fb59b12e82b041c59cc8a3933745a40e92c5e89aa7df64846e5855fbd3acb00e,2987a546cb3f48253dcdfdc400036a68d1977eddb1012f753e54eca010acedd8,38669e3f0e715d12f919bbd64ba6e09fbb431145f819869ebd01d20e8fde4ed0,4b5b7791539478f9b2562d1b176e235ac7b641e1afdc40c3d5242661d9dbed3d,2ad0e9f7bbdfe12695c931891fd0e8132d060fd7bcbca23623db43d4c7393a5c,561839806dcdb8279ac4e42025bc5a82751f2588a2b2066fa84637918d8e4896
mc_9239083c09e097fd17a76a06b1f58a608da0b8a8da72d6880986d139f8b01102,BE_TABULA_13,Terraced house,1971-1990,TABULA_standard_B_proxy,5425e9370287189ca45179f958739e4d1ea29f5439b14d2d1b6a877cf57e26a0,rcp_2_6,weather_2050_rcp_2_6_pvgis_2006,pvgis_2006,2006,2116466165,150,central,central,fb59b12e82b041c59cc8a3933745a40e92c5e89aa7df64846e5855fbd3acb00e,2987a546cb3f48253dcdfdc400036a68d1977eddb1012f753e54eca010acedd8,38669e3f0e715d12f919bbd64ba6e09fbb431145f819869ebd01d20e8fde4ed0,4b5b7791539478f9b2562d1b176e235ac7b641e1afdc40c3d5242661d9dbed3d,2ad0e9f7bbdfe12695c931891fd0e8132d060fd7bcbca23623db43d4c7393a5c,561839806dcdb8279ac4e42025bc5a82751f2588a2b2066fa84637918d8e4896
mc_a5f212217a7b3d5ffbab01db7a288b44c3697878f0cba2eaaac958ee2226619f,BE_TABULA_13,Terraced house,1971-1990,TABULA_standard_B_proxy,5425e9370287189ca45179f958739e4d1ea29f5439b14d2d1b6a877cf57e26a0,rcp_2_6,weather_2050_rcp_2_6_pvgis_2006,pvgis_2006,2006,4202739625,151,central,central,fb59b12e82b041c59cc8a3933745a40e92c5e89aa7df64846e5855fbd3acb00e,2987a546cb3f48253dcdfdc400036a68d1977eddb1012f753e54eca010acedd8,38669e3f0e715d12f919bbd64ba6e09fbb431145f819869ebd01d20e8fde4ed0,4b5b7791539478f9b2562d1b176e235ac7b641e1afdc40c3d5242661d9dbed3d,2ad0e9f7bbdfe12695c931891fd0e8132d060fd7bcbca23623db43d4c7393a5c,561839806dcdb8279ac4e42025bc5a82751f2588a2b2066fa84637918d8e4896
mc_98ebd9bb2b1e603ac80768ca4f7f3548d121335ad1c0c55fe00c0e4a628688a7,BE_TABULA_13,Terraced house,1971-1990,TABULA_standard_B_proxy,5425e9370287189ca45179f958739e4d1ea29f5439b14d2d1b6a877cf57e26a0,rcp_2_6,weather_2050_rcp_2_6_pvgis_2006,pvgis_2006,2006,407954113,152,central,central,fb59b12e82b041c59cc8a3933745a40e92c5e89aa7df64846e5855fbd3acb00e,2987a546cb3f48253dcdfdc400036a68d1977eddb1012f753e54eca010acedd8,38669e3f0e715d12f919bbd64ba6e09fbb431145f819869ebd01d20e8fde4ed0,4b5b7791539478f9b2562d1b176e235ac7b641e1afdc40c3d5242661d9dbed3d,2ad0e9f7bbdfe12695c931891fd0e8132d060fd7bcbca23623db43d4c7393a5c,561839806dcdb8279ac4e42025bc5a82751f2588a2b2066fa84637918d8e4896
mc_1f363bb4a9b0832713c02316bce135a568e20ce51b293a853a85ab3b4f9eb210,BE_TABULA_13,Terraced house,1971-1990,TABULA_standard_B_proxy,5425e9370287189ca45179f958739e4d1ea29f5439b14d2d1b6a877cf57e26a0,rcp_2_6,weather_2050_rcp_2_6_pvgis_2006,pvgis_2006,2006,4263995439,153,central,central,fb59b12e82b041c59cc8a3933745a40e92c5e89aa7df64846e5855fbd3acb00e,2987a546cb3f48253dcdfdc400036a68d1977eddb1012f753e54eca010acedd8,38669e3f0e715d12f919bbd64ba6e09fbb431145f819869ebd01d20e8fde4ed0,4b5b7791539478f9b2562d1b176e235ac7b641e1afdc40c3d5242661d9dbed3d,2ad0e9f7bbdfe12695c931891fd0e8132d060fd7bcbca23623db43d4c7393a5c,561839806dcdb8279ac4e42025bc5a82751f2588a2b2066fa84637918d8e4896
mc_6bc563f0060cc4cea5c761ad1c66dd6766e5d865687cf946d0a9ebbf33063bc8,BE_TABULA_13,Terraced house,1971-1990,TABULA_standard_B_proxy,5425e9370287189ca45179f958739e4d1ea29f5439b14d2d1b6a877cf57e26a0,rcp_2_6,weather_2050_rcp_2_6_pvgis_2006,pvgis_2006,2006,1886112852,154,central,central,fb59b12e82b041c59cc8a3933745a40e92c5e89aa7df64846e5855fbd3acb00e,2987a546cb3f48253dcdfdc400036a68d1977eddb1012f753e54eca010acedd8,38669e3f0e715d12f919bbd64ba6e09fbb431145f819869ebd01d20e8fde4ed0,4b5b7791539478f9b2562d1b176e235ac7b641e1afdc40c3d5242661d9dbed3d,2ad0e9f7bbdfe12695c931891fd0e8132d060fd7bcbca23623db43d4c7393a5c,561839806dcdb8279ac4e42025bc5a82751f2588a2b2066fa84637918d8e4896
mc_a837e7bed5c754c7507f5638958e29aa8b5edb6e288edfb695dd3c50dfa41af6,BE_TABULA_13,Terraced house,1971-1990,TABULA_standard_B_proxy,5425e9370287189ca45179f958739e4d1ea29f5439b14d2d1b6a877cf57e26a0,rcp_2_6,weather_2050_rcp_2_6_pvgis_2006,pvgis_2006,2006,3969387698,155,central,central,fb59b12e82b041c59cc8a3933745a40e92c5e89aa7df64846e5855fbd3acb00e,2987a546cb3f48253dcdfdc400036a68d1977eddb1012f753e54eca010acedd8,38669e3f0e715d12f919bbd64ba6e09fbb431145f819869ebd01d20e8fde4ed0,4b5b7791539478f9b2562d1b176e235ac7b641e1afdc40c3d5242661d9dbed3d,2ad0e9f7bbdfe12695c931891fd0e8132d060fd7bcbca23623db43d4c7393a5c,561839806dcdb8279ac4e42025bc5a82751f2588a2b2066fa84637918d8e4896
mc_88c7a93c79ede7787f8a67d2b788172058d15105b63b8ebec137093a85208b84,BE_TABULA_13,Terraced house,1971-1990,TABULA_standard_B_proxy,5425e9370287189ca45179f958739e4d1ea29f5439b14d2d1b6a877cf57e26a0,rcp_2_6,weather_2050_rcp_2_6_pvgis_2006,pvgis_2006,2006,4282019026,156,central,central,fb59b12e82b041c59cc8a3933745a40e92c5e89aa7df64846e5855fbd3acb00e,2987a546cb3f48253dcdfdc400036a68d1977eddb1012f753e54eca010acedd8,38669e3f0e715d12f919bbd64ba6e09fbb431145f819869ebd01d20e8fde4ed0,4b5b7791539478f9b2562d1b176e235ac7b641e1afdc40c3d5242661d9dbed3d,2ad0e9f7bbdfe12695c931891fd0e8132d060fd7bcbca23623db43d4c7393a5c,561839806dcdb8279ac4e42025bc5a82751f2588a2b2066fa84637918d8e4896
mc_308450d82f74f385df69864eeff9064e803a3723bcd1abf7bdfe1a5af349ceff,BE_TABULA_13,Terraced house,1971-1990,TABULA_standard_B_proxy,5425e9370287189ca45179f958739e4d1ea29f5439b14d2d1b6a877cf57e26a0,rcp_2_6,weather_2050_rcp_2_6_pvgis_2006,pvgis_2006,2006,3013076802,157,central,central,fb59b12e82b041c59cc8a3933745a40e92c5e89aa7df64846e5855fbd3acb00e,2987a546cb3f48253dcdfdc400036a68d1977eddb1012f753e54eca010acedd8,38669e3f0e715d12f919bbd64ba6e09fbb431145f819869ebd01d20e8fde4ed0,4b5b7791539478f9b2562d1b176e235ac7b641e1afdc40c3d5242661d9dbed3d,2ad0e9f7bbdfe12695c931891fd0e8132d060fd7bcbca23623db43d4c7393a5c,561839806dcdb8279ac4e42025bc5a82751f2588a2b2066fa84637918d8e4896
mc_c281aa0fc1b2e99e43cb1d7467af9d6aaadd8d56924c75c296550a1c514ed85b,BE_TABULA_13,Terraced house,1971-1990,TABULA_standard_B_proxy,5425e9370287189ca45179f958739e4d1ea29f5439b14d2d1b6a877cf57e26a0,rcp_2_6,weather_2050_rcp_2_6_pvgis_2006,pvgis_2006,2006,2641806699,158,central,central,fb59b12e82b041c59cc8a3933745a40e92c5e89aa7df64846e5855fbd3acb00e,2987a546cb3f48253dcdfdc400036a68d1977eddb1012f753e54eca010acedd8,38669e3f0e715d12f919bbd64ba6e09fbb431145f819869ebd01d20e8fde4ed0,4b5b7791539478f9b2562d1b176e235ac7b641e1afdc40c3d5242661d9dbed3d,2ad0e9f7bbdfe12695c931891fd0e8132d060fd7bcbca23623db43d4c7393a5c,561839806dcdb8279ac4e42025bc5a82751f2588a2b2066fa84637918d8e4896
mc_192d1bf94819e486b1349c2f204a00f3825315acdf795f433bb1f6bfd09ecc0a,BE_TABULA_13,Terraced house,1971-1990,TABULA_standard_B_proxy,5425e9370287189ca45179f958739e4d1ea29f5439b14d2d1b6a877cf57e26a0,rcp_2_6,weather_2050_rcp_2_6_pvgis_2006,pvgis_2006,2006,484202279,159,central,central,fb59b12e82b041c59cc8a3933745a40e92c5e89aa7df64846e5855fbd3acb00e,2987a546cb3f48253dcdfdc400036a68d1977eddb1012f753e54eca010acedd8,38669e3f0e715d12f919bbd64ba6e09fbb431145f819869ebd01d20e8fde4ed0,4b5b7791539478f9b2562d1b176e235ac7b641e1afdc40c3d5242661d9dbed3d,2ad0e9f7bbdfe12695c931891fd0e8132d060fd7bcbca23623db43d4c7393a5c,561839806dcdb8279ac4e42025bc5a82751f2588a2b2066fa84637918d8e4896
mc_89b7ff4c88b6aac7b3c75c44c2fe23381faf93130fdb10c098f36843932153fb,BE_TABULA_13,Terraced house,1971-1990,TABULA_standard_B_proxy,5425e9370287189ca45179f958739e4d1ea29f5439b14d2d1b6a877cf57e26a0,rcp_2_6,weather_2050_rcp_2_6_pvgis_2006,pvgis_2006,2006,2228047862,160,central,central,fb59b12e82b041c59cc8a3933745a40e92c5e89aa7df64846e5855fbd3acb00e,2987a546cb3f48253dcdfdc400036a68d1977eddb1012f753e54eca010acedd8,38669e3f0e715d12f919bbd64ba6e09fbb431145f819869ebd01d20e8fde4ed0,4b5b7791539478f9b2562d1b176e235ac7b641e1afdc40c3d5242661d9dbed3d,2ad0e9f7bbdfe12695c931891fd0e8132d060fd7bcbca23623db43d4c7393a5c,561839806dcdb8279ac4e42025bc5a82751f2588a2b2066fa84637918d8e4896
mc_fd9dcbe049ec26c12a41facac9fbc203711a5082d7d29711ff000efc6fec13f3,BE_TABULA_14,"Apartment, enclosed",1971-1990,TABULA_advanced_A_proxy,2851cf077281e480136cab6af02d4720b94564326517124af576ab8634ba52a3,rcp_2_6,weather_2050_rcp_2_6_pvgis_2006,pvgis_2006,2006,1203443498,1,central,central,fb59b12e82b041c59cc8a3933745a40e92c5e89aa7df64846e5855fbd3acb00e,2987a546cb3f48253dcdfdc400036a68d1977eddb1012f753e54eca010acedd8,38669e3f0e715d12f919bbd64ba6e09fbb431145f819869ebd01d20e8fde4ed0,4b5b7791539478f9b2562d1b176e235ac7b641e1afdc40c3d5242661d9dbed3d,2ad0e9f7bbdfe12695c931891fd0e8132d060fd7bcbca23623db43d4c7393a5c,561839806dcdb8279ac4e42025bc5a82751f2588a2b2066fa84637918d8e4896
mc_7552fcf88cc829327857b168ecf321b566b1aa0d6f5cd53754817e61cc8896fe,BE_TABULA_14,"Apartment, enclosed",1971-1990,TABULA_advanced_A_proxy,2851cf077281e480136cab6af02d4720b94564326517124af576ab8634ba52a3,rcp_2_6,weather_2050_rcp_2_6_pvgis_2006,pvgis_2006,2006,2404203277,2,central,central,fb59b12e82b041c59cc8a3933745a40e92c5e89aa7df64846e5855fbd3acb00e,2987a546cb3f48253dcdfdc400036a68d1977eddb1012f753e54eca010acedd8,38669e3f0e715d12f919bbd64ba6e09fbb431145f819869ebd01d20e8fde4ed0,4b5b7791539478f9b2562d1b176e235ac7b641e1afdc40c3d5242661d9dbed3d,2ad0e9f7bbdfe12695c931891fd0e8132d060fd7bcbca23623db43d4c7393a5c,561839806dcdb8279ac4e42025bc5a82751f2588a2b2066fa84637918d8e4896
mc_ed127c4109570613807705cd40eac777b5720879bf6e53dc451b970792d6b869,BE_TABULA_14,"Apartment, enclosed",1971-1990,TABULA_advanced_A_proxy,2851cf077281e480136cab6af02d4720b94564326517124af576ab8634ba52a3,rcp_2_6,weather_2050_rcp_2_6_pvgis_2006,pvgis_2006,2006,556301278,3,central,central,fb59b12e82b041c59cc8a3933745a40e92c5e89aa7df64846e5855fbd3acb00e,2987a546cb3f48253dcdfdc400036a68d1977eddb1012f753e54eca010acedd8,38669e3f0e715d12f919bbd64ba6e09fbb431145f819869ebd01d20e8fde4ed0,4b5b7791539478f9b2562d1b176e235ac7b641e1afdc40c3d5242661d9dbed3d,2ad0e9f7bbdfe12695c931891fd0e8132d060fd7bcbca23623db43d4c7393a5c,561839806dcdb8279ac4e42025bc5a82751f2588a2b2066fa84637918d8e4896
mc_2a0223a2ca1821fb34623352e6e44ba93a400b3ed0f192f0f0ea7d5aedcca7ea,BE_TABULA_14,"Apartment, enclosed",1971-1990,TABULA_advanced_A_proxy,2851cf077281e480136cab6af02d4720b94564326517124af576ab8634ba52a3,rcp_2_6,weather_2050_rcp_2_6_pvgis_2006,pvgis_2006,2006,3323552575,4,central,central,fb59b12e82b041c59cc8a3933745a40e92c5e89aa7df64846e5855fbd3acb00e,2987a546cb3f48253dcdfdc400036a68d1977eddb1012f753e54eca010acedd8,38669e3f0e715d12f919bbd64ba6e09fbb431145f819869ebd01d20e8fde4ed0,4b5b7791539478f9b2562d1b176e235ac7b641e1afdc40c3d5242661d9dbed3d,2ad0e9f7bbdfe12695c931891fd0e8132d060fd7bcbca23623db43d4c7393a5c,561839806dcdb8279ac4e42025bc5a82751f2588a2b2066fa84637918d8e4896
mc_e12aef988bbfd25de337ef9787fa99750b5db02c9e4eb0ff85ff0ba015572444,BE_TABULA_14,"Apartment, enclosed",1971-1990,TABULA_advanced_A_proxy,2851cf077281e480136cab6af02d4720b94564326517124af576ab8634ba52a3,rcp_2_6,weather_2050_rcp_2_6_pvgis_2006,pvgis_2006,2006,3843248486,5,central,central,fb59b12e82b041c59cc8a3933745a40e92c5e89aa7df64846e5855fbd3acb00e,2987a546cb3f48253dcdfdc400036a68d1977eddb1012f753e54eca010acedd8,38669e3f0e715d12f919bbd64ba6e09fbb431145f819869ebd01d20e8fde4ed0,4b5b7791539478f9b2562d1b176e235ac7b641e1afdc40c3d5242661d9dbed3d,2ad0e9f7bbdfe12695c931891fd0e8132d060fd7bcbca23623db43d4c7393a5c,561839806dcdb8279ac4e42025bc5a82751f2588a2b2066fa84637918d8e4896
mc_e76fe70aba52ef0b549c8f394e28220ea30b4524da9628a739a7e9d084c1ce68,BE_TABULA_14,"Apartment, enclosed",1971-1990,TABULA_advanced_A_proxy,2851cf077281e480136cab6af02d4720b94564326517124af576ab8634ba52a3,rcp_2_6,weather_2050_rcp_2_6_pvgis_2006,pvgis_2006,2006,3312507027,6,central,central,fb59b12e82b041c59cc8a3933745a40e92c5e89aa7df64846e5855fbd3acb00e,2987a546cb3f48253dcdfdc400036a68d1977eddb1012f753e54eca010acedd8,38669e3f0e715d12f919bbd64ba6e09fbb431145f819869ebd01d20e8fde4ed0,4b5b7791539478f9b2562d1b176e235ac7b641e1afdc40c3d5242661d9dbed3d,2ad0e9f7bbdfe12695c931891fd0e8132d060fd7bcbca23623db43d4c7393a5c,561839806dcdb8279ac4e42025bc5a82751f2588a2b2066fa84637918d8e4896
mc_6e2cbce351acabd2f8e852095e979260d4826c9d70f35b8e67b83ab97bbfd385,BE_TABULA_14,"Apartment, enclosed",1971-1990,TABULA_advanced_A_proxy,2851cf077281e480136cab6af02d4720b94564326517124af576ab8634ba52a3,rcp_2_6,weather_2050_rcp_2_6_pvgis_2006,pvgis_2006,2006,526650457,7,central,central,fb59b12e82b041c59cc8a3933745a40e92c5e89aa7df64846e5855fbd3acb00e,2987a546cb3f48253dcdfdc400036a68d1977eddb1012f753e54eca010acedd8,38669e3f0e715d12f919bbd64ba6e09fbb431145f819869ebd01d20e8fde4ed0,4b5b7791539478f9b2562d1b176e235ac7b641e1afdc40c3d5242661d9dbed3d,2ad0e9f7bbdfe12695c931891fd0e8132d060fd7bcbca23623db43d4c7393a5c,561839806dcdb8279ac4e42025bc5a82751f2588a2b2066fa84637918d8e4896
mc_6a8ddee15d22ec321ae91adabc57293c83bd782c471a9ef491a1840b00486e82,BE_TABULA_14,"Apartment, enclosed",1971-1990,TABULA_advanced_A_proxy,2851cf077281e480136cab6af02d4720b94564326517124af576ab8634ba52a3,rcp_2_6,weather_2050_rcp_2_6_pvgis_2006,pvgis_2006,2006,2006049321,8,central,central,fb59b12e82b041c59cc8a3933745a40e92c5e89aa7df64846e5855fbd3acb00e,2987a546cb3f48253dcdfdc400036a68d1977eddb1012f753e54eca010acedd8,38669e3f0e715d12f919bbd64ba6e09fbb431145f819869ebd01d20e8fde4ed0,4b5b7791539478f9b2562d1b176e235ac7b641e1afdc40c3d5242661d9dbed3d,2ad0e9f7bbdfe12695c931891fd0e8132d060fd7bcbca23623db43d4c7393a5c,561839806dcdb8279ac4e42025bc5a82751f2588a2b2066fa84637918d8e4896
mc_634bedbb676a6afa5770f7b989e5021579df2544a259b96da203ddd2f59cedd3,BE_TABULA_14,"Apartment, enclosed",1971-1990,TABULA_advanced_A_proxy,2851cf077281e480136cab6af02d4720b94564326517124af576ab8634ba52a3,rcp_2_6,weather_2050_rcp_2_6_pvgis_2006,pvgis_2006,2006,3087163335,9,central,central,fb59b12e82b041c59cc8a3933745a40e92c5e89aa7df64846e5855fbd3acb00e,2987a546cb3f48253dcdfdc400036a68d1977eddb1012f753e54eca010acedd8,38669e3f0e715d12f919bbd64ba6e09fbb431145f819869ebd01d20e8fde4ed0,4b5b7791539478f9b2562d1b176e235ac7b641e1afdc40c3d5242661d9dbed3d,2ad0e9f7bbdfe12695c931891fd0e8132d060fd7bcbca23623db43d4c7393a5c,561839806dcdb8279ac4e42025bc5a82751f2588a2b2066fa84637918d8e4896
mc_5dac4ba32544b1e7c09a1c0bf9d8d91ad4ea8b1d032767245b1dc637a467fbb1,BE_TABULA_14,"Apartment, enclosed",1971-1990,TABULA_advanced_A_proxy,2851cf077281e480136cab6af02d4720b94564326517124af576ab8634ba52a3,rcp_2_6,weather_2050_rcp_2_6_pvgis_2006,pvgis_2006,2006,1341830702,10,central,central,fb59b12e82b041c59cc8a3933745a40e92c5e89aa7df64846e5855fbd3acb00e,2987a546cb3f48253dcdfdc400036a68d1977eddb1012f753e54eca010acedd8,38669e3f0e715d12f919bbd64ba6e09fbb431145f819869ebd01d20e8fde4ed0,4b5b7791539478f9b2562d1b176e235ac7b641e1afdc40c3d5242661d9dbed3d,2ad0e9f7bbdfe12695c931891fd0e8132d060fd7bcbca23623db43d4c7393a5c,561839806dcdb8279ac4e42025bc5a82751f2588a2b2066fa84637918d8e4896
mc_5edfc08534c25e4416efb3b99cc2bd9973643f7c129d463a3670a1edfb8d8697,BE_TABULA_14,"Apartment, enclosed",1971-1990,TABULA_advanced_A_proxy,2851cf077281e480136cab6af02d4720b94564326517124af576ab8634ba52a3,rcp_2_6,weather_2050_rcp_2_6_pvgis_2006,pvgis_2006,2006,3835840985,11,central,central,fb59b12e82b041c59cc8a3933745a40e92c5e89aa7df64846e5855fbd3acb00e,2987a546cb3f48253dcdfdc400036a68d1977eddb1012f753e54eca010acedd8,38669e3f0e715d12f919bbd64ba6e09fbb431145f819869ebd01d20e8fde4ed0,4b5b7791539478f9b2562d1b176e235ac7b641e1afdc40c3d5242661d9dbed3d,2ad0e9f7bbdfe12695c931891fd0e8132d060fd7bcbca23623db43d4c7393a5c,561839806dcdb8279ac4e42025bc5a82751f2588a2b2066fa84637918d8e4896
mc_1e179806ed0bbb40db6659212b0a15ba1f10d716688a621eca29a1998121ad32,BE_TABULA_14,"Apartment, enclosed",1971-1990,TABULA_advanced_A_proxy,2851cf077281e480136cab6af02d4720b94564326517124af576ab8634ba52a3,rcp_2_6,weather_2050_rcp_2_6_pvgis_2006,pvgis_2006,2006,2527946898,12,central,central,fb59b12e82b041c59cc8a3933745a40e92c5e89aa7df64846e5855fbd3acb00e,2987a546cb3f48253dcdfdc400036a68d1977eddb1012f753e54eca010acedd8,38669e3f0e715d12f919bbd64ba6e09fbb431145f819869ebd01d20e8fde4ed0,4b5b7791539478f9b2562d1b176e235ac7b641e1afdc40c3d5242661d9dbed3d,2ad0e9f7bbdfe12695c931891fd0e8132d060fd7bcbca23623db43d4c7393a5c,561839806dcdb8279ac4e42025bc5a82751f2588a2b2066fa84637918d8e4896
mc_6fc306f9f88fce2c211b2f3165da222cefb2143d7524a96f25b21e38d0d04988,BE_TABULA_14,"Apartment, enclosed",1971-1990,TABULA_advanced_A_proxy,2851cf077281e480136cab6af02d4720b94564326517124af576ab8634ba52a3,rcp_2_6,weather_2050_rcp_2_6_pvgis_2006,pvgis_2006,2006,1636053932,13,central,central,fb59b12e82b041c59cc8a3933745a40e92c5e89aa7df64846e5855fbd3acb00e,2987a546cb3f48253dcdfdc400036a68d1977eddb1012f753e54eca010acedd8,38669e3f0e715d12f919bbd64ba6e09fbb431145f819869ebd01d20e8fde4ed0,4b5b7791539478f9b2562d1b176e235ac7b641e1afdc40c3d5242661d9dbed3d,2ad0e9f7bbdfe12695c931891fd0e8132d060fd7bcbca23623db43d4c7393a5c,561839806dcdb8279ac4e42025bc5a82751f2588a2b2066fa84637918d8e4896
mc_fafda4d2b256a5b605c6758fc70b3253cdf8fe4b342633e86918c7b154bb4bbc,BE_TABULA_14,"Apartment, enclosed",1971-1990,TABULA_advanced_A_proxy,2851cf077281e480136cab6af02d4720b94564326517124af576ab8634ba52a3,rcp_2_6,weather_2050_rcp_2_6_pvgis_2006,pvgis_2006,2006,4263654691,14,central,central,fb59b12e82b041c59cc8a3933745a40e92c5e89aa7df64846e5855fbd3acb00e,2987a546cb3f48253dcdfdc400036a68d1977eddb1012f753e54eca010acedd8,38669e3f0e715d12f919bbd64ba6e09fbb431145f819869ebd01d20e8fde4ed0,4b5b7791539478f9b2562d1b176e235ac7b641e1afdc40c3d5242661d9dbed3d,2ad0e9f7bbdfe12695c931891fd0e8132d060fd7bcbca23623db43d4c7393a5c,561839806dcdb8279ac4e42025bc5a82751f2588a2b2066fa84637918d8e4896
mc_5bc381da4e67845b2b0c2c88b563b96f7bd80d9089d5c447b9ab495653023e16,BE_TABULA_14,"Apartment, enclosed",1971-1990,TABULA_advanced_A_proxy,2851cf077281e480136cab6af02d4720b94564326517124af576ab8634ba52a3,rcp_2_6,weather_2050_rcp_2_6_pvgis_2006,pvgis_2006,2006,2949107545,15,central,central,fb59b12e82b041c59cc8a3933745a40e92c5e89aa7df64846e5855fbd3acb00e,2987a546cb3f48253dcdfdc400036a68d1977eddb1012f753e54eca010acedd8,38669e3f0e715d12f919bbd64ba6e09fbb431145f819869ebd01d20e8fde4ed0,4b5b7791539478f9b2562d1b176e235ac7b641e1afdc40c3d5242661d9dbed3d,2ad0e9f7bbdfe12695c931891fd0e8132d060fd7bcbca23623db43d4c7393a5c,561839806dcdb8279ac4e42025bc5a82751f2588a2b2066fa84637918d8e4896
mc_5596b57ec48fdc9c7d18b165c9835f5825835283746fc18a2f0a816e2cc6d23d,BE_TABULA_14,"Apartment, enclosed",1971-1990,TABULA_advanced_A_proxy,2851cf077281e480136cab6af02d4720b94564326517124af576ab8634ba52a3,rcp_2_6,weather_2050_rcp_2_6_pvgis_2006,pvgis_2006,2006,74780820,16,central,central,fb59b12e82b041c59cc8a3933745a40e92c5e89aa7df64846e5855fbd3acb00e,2987a546cb3f48253dcdfdc400036a68d1977eddb1012f753e54eca010acedd8,38669e3f0e715d12f919bbd64ba6e09fbb431145f819869ebd01d20e8fde4ed0,4b5b7791539478f9b2562d1b176e235ac7b641e1afdc40c3d5242661d9dbed3d,2ad0e9f7bbdfe12695c931891fd0e8132d060fd7bcbca23623db43d4c7393a5c,561839806dcdb8279ac4e42025bc5a82751f2588a2b2066fa84637918d8e4896
mc_1da3776af61fe10638e4c1f1aef0d7c763e5ab8fd8f28546e12dbc35ca28ff36,BE_TABULA_14,"Apartment, enclosed",1971-1990,TABULA_advanced_A_proxy,2851cf077281e480136cab6af02d4720b94564326517124af576ab8634ba52a3,rcp_2_6,weather_2050_rcp_2_6_pvgis_2006,pvgis_2006,2006,4191004058,17,central,central,fb59b12e82b041c59cc8a3933745a40e92c5e89aa7df64846e5855fbd3acb00e,2987a546cb3f48253dcdfdc400036a68d1977eddb1012f753e54eca010acedd8,38669e3f0e715d12f919bbd64ba6e09fbb431145f819869ebd01d20e8fde4ed0,4b5b7791539478f9b2562d1b176e235ac7b641e1afdc40c3d5242661d9dbed3d,2ad0e9f7bbdfe12695c931891fd0e8132d060fd7bcbca23623db43d4c7393a5c,561839806dcdb8279ac4e42025bc5a82751f2588a2b2066fa84637918d8e4896
mc_283c112a5729310440f76ed65f956b74bb0d566ab94270643f06ae4abb5013e6,BE_TABULA_14,"Apartment, enclosed",1971-1990,TABULA_advanced_A_proxy,2851cf077281e480136cab6af02d4720b94564326517124af576ab8634ba52a3,rcp_2_6,weather_2050_rcp_2_6_pvgis_2006,pvgis_2006,2006,406410021,18,central,central,fb59b12e82b041c59cc8a3933745a40e92c5e89aa7df64846e5855fbd3acb00e,2987a546cb3f48253dcdfdc400036a68d1977eddb1012f753e54eca010acedd8,38669e3f0e715d12f919bbd64ba6e09fbb431145f819869ebd01d20e8fde4ed0,4b5b7791539478f9b2562d1b176e235ac7b641e1afdc40c3d5242661d9dbed3d,2ad0e9f7bbdfe12695c931891fd0e8132d060fd7bcbca23623db43d4c7393a5c,561839806dcdb8279ac4e42025bc5a82751f2588a2b2066fa84637918d8e4896
mc_5804b05cced99559614fe6aa216bc3011458dd1f39e641bfa66c86f270dd9d33,BE_TABULA_14,"Apartment, enclosed",1971-1990,TABULA_advanced_A_proxy,2851cf077281e480136cab6af02d4720b94564326517124af576ab8634ba52a3,rcp_2_6,weather_2050_rcp_2_6_pvgis_2006,pvgis_2006,2006,4239089345,19,central,central,fb59b12e82b041c59cc8a3933745a40e92c5e89aa7df64846e5855fbd3acb00e,2987a546cb3f48253dcdfdc400036a68d1977eddb1012f753e54eca010acedd8,38669e3f0e715d12f919bbd64ba6e09fbb431145f819869ebd01d20e8fde4ed0,4b5b7791539478f9b2562d1b176e235ac7b641e1afdc40c3d5242661d9dbed3d,2ad0e9f7bbdfe12695c931891fd0e8132d060fd7bcbca23623db43d4c7393a5c,561839806dcdb8279ac4e42025bc5a82751f2588a2b2066fa84637918d8e4896
mc_76f398cf3c3f275628c4083f65f485cceab9e717fbb56cd6a3c8645ebd49e765,BE_TABULA_14,"Apartment, enclosed",1971-1990,TABULA_advanced_A_proxy,2851cf077281e480136cab6af02d4720b94564326517124af576ab8634ba52a3,rcp_2_6,weather_2050_rcp_2_6_pvgis_2006,pvgis_2006,2006,4121713922,20,central,central,fb59b12e82b041c59cc8a3933745a40e92c5e89aa7df64846e5855fbd3acb00e,2987a546cb3f48253dcdfdc400036a68d1977eddb1012f753e54eca010acedd8,38669e3f0e715d12f919bbd64ba6e09fbb431145f819869ebd01d20e8fde4ed0,4b5b7791539478f9b2562d1b176e235ac7b641e1afdc40c3d5242661d9dbed3d,2ad0e9f7bbdfe12695c931891fd0e8132d060fd7bcbca23623db43d4c7393a5c,561839806dcdb8279ac4e42025bc5a82751f2588a2b2066fa84637918d8e4896
mc_701a724d737e2fe99dcf4a483ba2c188b24c9f4ade173ae88f4724ea66c9ddc1,BE_TABULA_14,"Apartment, enclosed",1971-1990,TABULA_advanced_A_proxy,2851cf077281e480136cab6af02d4720b94564326517124af576ab8634ba52a3,rcp_2_6,weather_2050_rcp_2_6_pvgis_2006,pvgis_2006,2006,528153456,21,central,central,fb59b12e82b041c59cc8a3933745a40e92c5e89aa7df64846e5855fbd3acb00e,2987a546cb3f48253dcdfdc400036a68d1977eddb1012f753e54eca010acedd8,38669e3f0e715d12f919bbd64ba6e09fbb431145f819869ebd01d20e8fde4ed0,4b5b7791539478f9b2562d1b176e235ac7b641e1afdc40c3d5242661d9dbed3d,2ad0e9f7bbdfe12695c931891fd0e8132d060fd7bcbca23623db43d4c7393a5c,561839806dcdb8279ac4e42025bc5a82751f2588a2b2066fa84637918d8e4896
mc_d08dff656b90961bb5f20ec4a59210a354277b8c8f7e751e68dcbe9c9fdb3bcd,BE_TABULA_14,"Apartment, enclosed",1971-1990,TABULA_advanced_A_proxy,2851cf077281e480136cab6af02d4720b94564326517124af576ab8634ba52a3,rcp_2_6,weather_2050_rcp_2_6_pvgis_2006,pvgis_2006,2006,1536553193,22,central,central,fb59b12e82b041c59cc8a3933745a40e92c5e89aa7df64846e5855fbd3acb00e,2987a546cb3f48253dcdfdc400036a68d1977eddb1012f753e54eca010acedd8,38669e3f0e715d12f919bbd64ba6e09fbb431145f819869ebd01d20e8fde4ed0,4b5b7791539478f9b2562d1b176e235ac7b641e1afdc40c3d5242661d9dbed3d,2ad0e9f7bbdfe12695c931891fd0e8132d060fd7bcbca23623db43d4c7393a5c,561839806dcdb8279ac4e42025bc5a82751f2588a2b2066fa84637918d8e4896
mc_694fb2c021ba4a5fdb9adac6c860803ea98ce306cff7f04addcc803ad7251df8,BE_TABULA_14,"Apartment, enclosed",1971-1990,TABULA_advanced_A_proxy,2851cf077281e480136cab6af02d4720b94564326517124af576ab8634ba52a3,rcp_2_6,weather_2050_rcp_2_6_pvgis_2006,pvgis_2006,2006,2701107225,23,central,central,fb59b12e82b041c59cc8a3933745a40e92c5e89aa7df64846e5855fbd3acb00e,2987a546cb3f48253dcdfdc400036a68d1977eddb1012f753e54eca010acedd8,38669e3f0e715d12f919bbd64ba6e09fbb431145f819869ebd01d20e8fde4ed0,4b5b7791539478f9b2562d1b176e235ac7b641e1afdc40c3d5242661d9dbed3d,2ad0e9f7bbdfe12695c931891fd0e8132d060fd7bcbca23623db43d4c7393a5c,561839806dcdb8279ac4e42025bc5a82751f2588a2b2066fa84637918d8e4896
mc_b3c0ba176ddf7f11b0de5ce5e6134eea938a3a6e727290d634a333d8e1199c64,BE_TABULA_14,"Apartment, enclosed",1971-1990,TABULA_advanced_A_proxy,2851cf077281e480136cab6af02d4720b94564326517124af576ab8634ba52a3,rcp_2_6,weather_2050_rcp_2_6_pvgis_2006,pvgis_2006,2006,460941366,24,central,central,fb59b12e82b041c59cc8a3933745a40e92c5e89aa7df64846e5855fbd3acb00e,2987a546cb3f48253dcdfdc400036a68d1977eddb1012f753e54eca010acedd8,38669e3f0e715d12f919bbd64ba6e09fbb431145f819869ebd01d20e8fde4ed0,4b5b7791539478f9b2562d1b176e235ac7b641e1afdc40c3d5242661d9dbed3d,2ad0e9f7bbdfe12695c931891fd0e8132d060fd7bcbca23623db43d4c7393a5c,561839806dcdb8279ac4e42025bc5a82751f2588a2b2066fa84637918d8e4896
mc_a8ccf0333b9f2045d8546005e22c2b6ed16baf1ec588ca4845854bb0528593b0,BE_TABULA_14,"Apartment, enclosed",1971-1990,TABULA_advanced_A_proxy,2851cf077281e480136cab6af02d4720b94564326517124af576ab8634ba52a3,rcp_2_6,weather_2050_rcp_2_6_pvgis_2006,pvgis_2006,2006,2869373249,25,central,central,fb59b12e82b041c59cc8a3933745a40e92c5e89aa7df64846e5855fbd3acb00e,2987a546cb3f48253dcdfdc400036a68d1977eddb1012f753e54eca010acedd8,38669e3f0e715d12f919bbd64ba6e09fbb431145f819869ebd01d20e8fde4ed0,4b5b7791539478f9b2562d1b176e235ac7b641e1afdc40c3d5242661d9dbed3d,2ad0e9f7bbdfe12695c931891fd0e8132d060fd7bcbca23623db43d4c7393a5c,561839806dcdb8279ac4e42025bc5a82751f2588a2b2066fa84637918d8e4896
mc_99954917f00638fc80c041cf469723e77fd94ea0419344becc2bfdfb532e479a,BE_TABULA_14,"Apartment, enclosed",1971-1990,TABULA_advanced_A_proxy,2851cf077281e480136cab6af02d4720b94564326517124af576ab8634ba52a3,rcp_2_6,weather_2050_rcp_2_6_pvgis_2006,pvgis_2006,2006,2053834706,26,central,central,fb59b12e82b041c59cc8a3933745a40e92c5e89aa7df64846e5855fbd3acb00e,2987a546cb3f48253dcdfdc400036a68d1977eddb1012f753e54eca010acedd8,38669e3f0e715d12f919bbd64ba6e09fbb431145f819869ebd01d20e8fde4ed0,4b5b7791539478f9b2562d1b176e235ac7b641e1afdc40c3d5242661d9dbed3d,2ad0e9f7bbdfe12695c931891fd0e8132d060fd7bcbca23623db43d4c7393a5c,561839806dcdb8279ac4e42025bc5a82751f2588a2b2066fa84637918d8e4896
mc_666619dcaefc50ea6ab11836f6cb86a2bb76d7b0c1b3e7699a82cb2cd0ca8a1e,BE_TABULA_14,"Apartment, enclosed",1971-1990,TABULA_advanced_A_proxy,2851cf077281e480136cab6af02d4720b94564326517124af576ab8634ba52a3,rcp_2_6,weather_2050_rcp_2_6_pvgis_2006,pvgis_2006,2006,3560160567,27,central,central,fb59b12e82b041c59cc8a3933745a40e92c5e89aa7df64846e5855fbd3acb00e,2987a546cb3f48253dcdfdc400036a68d1977eddb1012f753e54eca010acedd8,38669e3f0e715d12f919bbd64ba6e09fbb431145f819869ebd01d20e8fde4ed0,4b5b7791539478f9b2562d1b176e235ac7b641e1afdc40c3d5242661d9dbed3d,2ad0e9f7bbdfe12695c931891fd0e8132d060fd7bcbca23623db43d4c7393a5c,561839806dcdb8279ac4e42025bc5a82751f2588a2b2066fa84637918d8e4896
mc_87c3c0deeb1cc201510238460fcbf92cfac9b8cd4a972e4c647f7ef22a8280ac,BE_TABULA_14,"Apartment, enclosed",1971-1990,TABULA_advanced_A_proxy,2851cf077281e480136cab6af02d4720b94564326517124af576ab8634ba52a3,rcp_2_6,weather_2050_rcp_2_6_pvgis_2006,pvgis_2006,2006,3815772485,28,central,central,fb59b12e82b041c59cc8a3933745a40e92c5e89aa7df64846e5855fbd3acb00e,2987a546cb3f48253dcdfdc400036a68d1977eddb1012f753e54eca010acedd8,38669e3f0e715d12f919bbd64ba6e09fbb431145f819869ebd01d20e8fde4ed0,4b5b7791539478f9b2562d1b176e235ac7b641e1afdc40c3d5242661d9dbed3d,2ad0e9f7bbdfe12695c931891fd0e8132d060fd7bcbca23623db43d4c7393a5c,561839806dcdb8279ac4e42025bc5a82751f2588a2b2066fa84637918d8e4896
mc_60a3ff6d5865d12b7fdcc7fd944e352418d215e6e7d3cd0dd16ab318385d78cc,BE_TABULA_14,"Apartment, enclosed",1971-1990,TABULA_advanced_A_proxy,2851cf077281e480136cab6af02d4720b94564326517124af576ab8634ba52a3,rcp_2_6,weather_2050_rcp_2_6_pvgis_2006,pvgis_2006,2006,1523204169,29,central,central,fb59b12e82b041c59cc8a3933745a40e92c5e89aa7df64846e5855fbd3acb00e,2987a546cb3f48253dcdfdc400036a68d1977eddb1012f753e54eca010acedd8,38669e3f0e715d12f919bbd64ba6e09fbb431145f819869ebd01d20e8fde4ed0,4b5b7791539478f9b2562d1b176e235ac7b641e1afdc40c3d5242661d9dbed3d,2ad0e9f7bbdfe12695c931891fd0e8132d060fd7bcbca23623db43d4c7393a5c,561839806dcdb8279ac4e42025bc5a82751f2588a2b2066fa84637918d8e4896
mc_7ad813f7e4af04ef9291cfa9b29d0c71deda1d5567b401f7138279bc35a64c6f,BE_TABULA_14,"Apartment, enclosed",1971-1990,TABULA_advanced_A_proxy,2851cf077281e480136cab6af02d4720b94564326517124af576ab8634ba52a3,rcp_2_6,weather_2050_rcp_2_6_pvgis_2006,pvgis_2006,2006,3168655264,30,central,central,fb59b12e82b041c59cc8a3933745a40e92c5e89aa7df64846e5855fbd3acb00e,2987a546cb3f48253dcdfdc400036a68d1977eddb1012f753e54eca010acedd8,38669e3f0e715d12f919bbd64ba6e09fbb431145f819869ebd01d20e8fde4ed0,4b5b7791539478f9b2562d1b176e235ac7b641e1afdc40c3d5242661d9dbed3d,2ad0e9f7bbdfe12695c931891fd0e8132d060fd7bcbca23623db43d4c7393a5c,561839806dcdb8279ac4e42025bc5a82751f2588a2b2066fa84637918d8e4896
mc_710bfc75f43e6000dd6993cbb4d9317046d0fdfc86f7586943b20c233345bb02,BE_TABULA_14,"Apartment, enclosed",1971-1990,TABULA_advanced_A_proxy,2851cf077281e480136cab6af02d4720b94564326517124af576ab8634ba52a3,rcp_2_6,weather_2050_rcp_2_6_pvgis_2006,pvgis_2006,2006,871166546,31,central,central,fb59b12e82b041c59cc8a3933745a40e92c5e89aa7df64846e5855fbd3acb00e,2987a546cb3f48253dcdfdc400036a68d1977eddb1012f753e54eca010acedd8,38669e3f0e715d12f919bbd64ba6e09fbb431145f819869ebd01d20e8fde4ed0,4b5b7791539478f9b2562d1b176e235ac7b641e1afdc40c3d5242661d9dbed3d,2ad0e9f7bbdfe12695c931891fd0e8132d060fd7bcbca23623db43d4c7393a5c,561839806dcdb8279ac4e42025bc5a82751f2588a2b2066fa84637918d8e4896
mc_ff0a2f436ba60730f448a8308b47e1194c927d15dbade17a9d4b3efa4957becd,BE_TABULA_14,"Apartment, enclosed",1971-1990,TABULA_advanced_A_proxy,2851cf077281e480136cab6af02d4720b94564326517124af576ab8634ba52a3,rcp_2_6,weather_2050_rcp_2_6_pvgis_2006,pvgis_2006,2006,2626399861,32,central,central,fb59b12e82b041c59cc8a3933745a40e92c5e89aa7df64846e5855fbd3acb00e,2987a546cb3f48253dcdfdc400036a68d1977eddb1012f753e54eca010acedd8,38669e3f0e715d12f919bbd64ba6e09fbb431145f819869ebd01d20e8fde4ed0,4b5b7791539478f9b2562d1b176e235ac7b641e1afdc40c3d5242661d9dbed3d,2ad0e9f7bbdfe12695c931891fd0e8132d060fd7bcbca23623db43d4c7393a5c,561839806dcdb8279ac4e42025bc5a82751f2588a2b2066fa84637918d8e4896
mc_f3e2b4a249c0481f053c22dd0c4f870a215f525cd87983f7cbb43e78b0a194de,BE_TABULA_14,"Apartment, enclosed",1971-1990,TABULA_advanced_A_proxy,2851cf077281e480136cab6af02d4720b94564326517124af576ab8634ba52a3,rcp_2_6,weather_2050_rcp_2_6_pvgis_2006,pvgis_2006,2006,1170469307,33,central,central,fb59b12e82b041c59cc8a3933745a40e92c5e89aa7df64846e5855fbd3acb00e,2987a546cb3f48253dcdfdc400036a68d1977eddb1012f753e54eca010acedd8,38669e3f0e715d12f919bbd64ba6e09fbb431145f819869ebd01d20e8fde4ed0,4b5b7791539478f9b2562d1b176e235ac7b641e1afdc40c3d5242661d9dbed3d,2ad0e9f7bbdfe12695c931891fd0e8132d060fd7bcbca23623db43d4c7393a5c,561839806dcdb8279ac4e42025bc5a82751f2588a2b2066fa84637918d8e4896
mc_a269a918ca16873be9d531af42bd1b6da6c2774f396c803fafe9a32235ee4c34,BE_TABULA_14,"Apartment, enclosed",1971-1990,TABULA_advanced_A_proxy,2851cf077281e480136cab6af02d4720b94564326517124af576ab8634ba52a3,rcp_2_6,weather_2050_rcp_2_6_pvgis_2006,pvgis_2006,2006,1630191912,34,central,central,fb59b12e82b041c59cc8a3933745a40e92c5e89aa7df64846e5855fbd3acb00e,2987a546cb3f48253dcdfdc400036a68d1977eddb1012f753e54eca010acedd8,38669e3f0e715d12f919bbd64ba6e09fbb431145f819869ebd01d20e8fde4ed0,4b5b7791539478f9b2562d1b176e235ac7b641e1afdc40c3d5242661d9dbed3d,2ad0e9f7bbdfe12695c931891fd0e8132d060fd7bcbca23623db43d4c7393a5c,561839806dcdb8279ac4e42025bc5a82751f2588a2b2066fa84637918d8e4896
mc_9dfbb695dd0e14ca987d46ae546d1d290acee3f9bdd6e34894c1b61a48c65112,BE_TABULA_14,"Apartment, enclosed",1971-1990,TABULA_advanced_A_proxy,2851cf077281e480136cab6af02d4720b94564326517124af576ab8634ba52a3,rcp_2_6,weather_2050_rcp_2_6_pvgis_2006,pvgis_2006,2006,2418138936,35,central,central,fb59b12e82b041c59cc8a3933745a40e92c5e89aa7df64846e5855fbd3acb00e,2987a546cb3f48253dcdfdc400036a68d1977eddb1012f753e54eca010acedd8,38669e3f0e715d12f919bbd64ba6e09fbb431145f819869ebd01d20e8fde4ed0,4b5b7791539478f9b2562d1b176e235ac7b641e1afdc40c3d5242661d9dbed3d,2ad0e9f7bbdfe12695c931891fd0e8132d060fd7bcbca23623db43d4c7393a5c,561839806dcdb8279ac4e42025bc5a82751f2588a2b2066fa84637918d8e4896
mc_6d9804ab4e66be1be1e42b9987f6430b412bb7dd7278516c1336afac3aa77409,BE_TABULA_14,"Apartment, enclosed",1971-1990,TABULA_advanced_A_proxy,2851cf077281e480136cab6af02d4720b94564326517124af576ab8634ba52a3,rcp_2_6,weather_2050_rcp_2_6_pvgis_2006,pvgis_2006,2006,4284547342,36,central,central,fb59b12e82b041c59cc8a3933745a40e92c5e89aa7df64846e5855fbd3acb00e,2987a546cb3f48253dcdfdc400036a68d1977eddb1012f753e54eca010acedd8,38669e3f0e715d12f919bbd64ba6e09fbb431145f819869ebd01d20e8fde4ed0,4b5b7791539478f9b2562d1b176e235ac7b641e1afdc40c3d5242661d9dbed3d,2ad0e9f7bbdfe12695c931891fd0e8132d060fd7bcbca23623db43d4c7393a5c,561839806dcdb8279ac4e42025bc5a82751f2588a2b2066fa84637918d8e4896
mc_a07e6f1386bbbc70e7f25850011d084396ee9e3457f34b11b214fae14968788b,BE_TABULA_14,"Apartment, enclosed",1971-1990,TABULA_advanced_A_proxy,2851cf077281e480136cab6af02d4720b94564326517124af576ab8634ba52a3,rcp_2_6,weather_2050_rcp_2_6_pvgis_2006,pvgis_2006,2006,2078907488,37,central,central,fb59b12e82b041c59cc8a3933745a40e92c5e89aa7df64846e5855fbd3acb00e,2987a546cb3f48253dcdfdc400036a68d1977eddb1012f753e54eca010acedd8,38669e3f0e715d12f919bbd64ba6e09fbb431145f819869ebd01d20e8fde4ed0,4b5b7791539478f9b2562d1b176e235ac7b641e1afdc40c3d5242661d9dbed3d,2ad0e9f7bbdfe12695c931891fd0e8132d060fd7bcbca23623db43d4c7393a5c,561839806dcdb8279ac4e42025bc5a82751f2588a2b2066fa84637918d8e4896
mc_374f29a269e3e6accb6360039917ba4cf9ec42758cb7444ff8896a2a965fb201,BE_TABULA_14,"Apartment, enclosed",1971-1990,TABULA_advanced_A_proxy,2851cf077281e480136cab6af02d4720b94564326517124af576ab8634ba52a3,rcp_2_6,weather_2050_rcp_2_6_pvgis_2006,pvgis_2006,2006,1049765411,38,central,central,fb59b12e82b041c59cc8a3933745a40e92c5e89aa7df64846e5855fbd3acb00e,2987a546cb3f48253dcdfdc400036a68d1977eddb1012f753e54eca010acedd8,38669e3f0e715d12f919bbd64ba6e09fbb431145f819869ebd01d20e8fde4ed0,4b5b7791539478f9b2562d1b176e235ac7b641e1afdc40c3d5242661d9dbed3d,2ad0e9f7bbdfe12695c931891fd0e8132d060fd7bcbca23623db43d4c7393a5c,561839806dcdb8279ac4e42025bc5a82751f2588a2b2066fa84637918d8e4896
mc_3aa9648e0a516eb777912c7080b548300f8eec6415dd5a8e69ff3fbfe7dc34a3,BE_TABULA_14,"Apartment, enclosed",1971-1990,TABULA_advanced_A_proxy,2851cf077281e480136cab6af02d4720b94564326517124af576ab8634ba52a3,rcp_2_6,weather_2050_rcp_2_6_pvgis_2006,pvgis_2006,2006,179219561,39,central,central,fb59b12e82b041c59cc8a3933745a40e92c5e89aa7df64846e5855fbd3acb00e,2987a546cb3f48253dcdfdc400036a68d1977eddb1012f753e54eca010acedd8,38669e3f0e715d12f919bbd64ba6e09fbb431145f819869ebd01d20e8fde4ed0,4b5b7791539478f9b2562d1b176e235ac7b641e1afdc40c3d5242661d9dbed3d,2ad0e9f7bbdfe12695c931891fd0e8132d060fd7bcbca23623db43d4c7393a5c,561839806dcdb8279ac4e42025bc5a82751f2588a2b2066fa84637918d8e4896
mc_a454333664c4f9983074b4de9f07b61c4167ef7d21e594ed53be5ea25e9f749c,BE_TABULA_14,"Apartment, enclosed",1971-1990,TABULA_advanced_A_proxy,2851cf077281e480136cab6af02d4720b94564326517124af576ab8634ba52a3,rcp_2_6,weather_2050_rcp_2_6_pvgis_2006,pvgis_2006,2006,1182233951,40,central,central,fb59b12e82b041c59cc8a3933745a40e92c5e89aa7df64846e5855fbd3acb00e,2987a546cb3f48253dcdfdc400036a68d1977eddb1012f753e54eca010acedd8,38669e3f0e715d12f919bbd64ba6e09fbb431145f819869ebd01d20e8fde4ed0,4b5b7791539478f9b2562d1b176e235ac7b641e1afdc40c3d5242661d9dbed3d,2ad0e9f7bbdfe12695c931891fd0e8132d060fd7bcbca23623db43d4c7393a5c,561839806dcdb8279ac4e42025bc5a82751f2588a2b2066fa84637918d8e4896
mc_9e990bc928009683207c12c99dad8fb22b5f37967d50e75178ca050da79ddfdf,BE_TABULA_14,"Apartment, enclosed",1971-1990,TABULA_advanced_A_proxy,2851cf077281e480136cab6af02d4720b94564326517124af576ab8634ba52a3,rcp_2_6,weather_2050_rcp_2_6_pvgis_2006,pvgis_2006,2006,2553148887,41,central,central,fb59b12e82b041c59cc8a3933745a40e92c5e89aa7df64846e5855fbd3acb00e,2987a546cb3f48253dcdfdc400036a68d1977eddb1012f753e54eca010acedd8,38669e3f0e715d12f919bbd64ba6e09fbb431145f819869ebd01d20e8fde4ed0,4b5b7791539478f9b2562d1b176e235ac7b641e1afdc40c3d5242661d9dbed3d,2ad0e9f7bbdfe12695c931891fd0e8132d060fd7bcbca23623db43d4c7393a5c,561839806dcdb8279ac4e42025bc5a82751f2588a2b2066fa84637918d8e4896
mc_6dd344fe754aa443f7412d46e7c47bd0e8c6f187b092a7762d638928344a9411,BE_TABULA_14,"Apartment, enclosed",1971-1990,TABULA_advanced_A_proxy,2851cf077281e480136cab6af02d4720b94564326517124af576ab8634ba52a3,rcp_2_6,weather_2050_rcp_2_6_pvgis_2006,pvgis_2006,2006,3936058544,42,central,central,fb59b12e82b041c59cc8a3933745a40e92c5e89aa7df64846e5855fbd3acb00e,2987a546cb3f48253dcdfdc400036a68d1977eddb1012f753e54eca010acedd8,38669e3f0e715d12f919bbd64ba6e09fbb431145f819869ebd01d20e8fde4ed0,4b5b7791539478f9b2562d1b176e235ac7b641e1afdc40c3d5242661d9dbed3d,2ad0e9f7bbdfe12695c931891fd0e8132d060fd7bcbca23623db43d4c7393a5c,561839806dcdb8279ac4e42025bc5a82751f2588a2b2066fa84637918d8e4896
mc_e73a834efae0120f52eaf3ef5cd5789757b9e83ef925f447a9ceb8415ff1ec23,BE_TABULA_14,"Apartment, enclosed",1971-1990,TABULA_advanced_A_proxy,2851cf077281e480136cab6af02d4720b94564326517124af576ab8634ba52a3,rcp_2_6,weather_2050_rcp_2_6_pvgis_2006,pvgis_2006,2006,3672343387,43,central,central,fb59b12e82b041c59cc8a3933745a40e92c5e89aa7df64846e5855fbd3acb00e,2987a546cb3f48253dcdfdc400036a68d1977eddb1012f753e54eca010acedd8,38669e3f0e715d12f919bbd64ba6e09fbb431145f819869ebd01d20e8fde4ed0,4b5b7791539478f9b2562d1b176e235ac7b641e1afdc40c3d5242661d9dbed3d,2ad0e9f7bbdfe12695c931891fd0e8132d060fd7bcbca23623db43d4c7393a5c,561839806dcdb8279ac4e42025bc5a82751f2588a2b2066fa84637918d8e4896
mc_fdd02b5efa22ce589859f61c1fe88cdabaf419cde5bb983b9f5468130d81ed3e,BE_TABULA_14,"Apartment, enclosed",1971-1990,TABULA_advanced_A_proxy,2851cf077281e480136cab6af02d4720b94564326517124af576ab8634ba52a3,rcp_2_6,weather_2050_rcp_2_6_pvgis_2006,pvgis_2006,2006,1536720057,44,central,central,fb59b12e82b041c59cc8a3933745a40e92c5e89aa7df64846e5855fbd3acb00e,2987a546cb3f48253dcdfdc400036a68d1977eddb1012f753e54eca010acedd8,38669e3f0e715d12f919bbd64ba6e09fbb431145f819869ebd01d20e8fde4ed0,4b5b7791539478f9b2562d1b176e235ac7b641e1afdc40c3d5242661d9dbed3d,2ad0e9f7bbdfe12695c931891fd0e8132d060fd7bcbca23623db43d4c7393a5c,561839806dcdb8279ac4e42025bc5a82751f2588a2b2066fa84637918d8e4896
mc_25035c05ee64e9a47d9fb200c50d5e02fe2fbf7368ebc045861f4bfd7b02d210,BE_TABULA_14,"Apartment, enclosed",1971-1990,TABULA_advanced_A_proxy,2851cf077281e480136cab6af02d4720b94564326517124af576ab8634ba52a3,rcp_2_6,weather_2050_rcp_2_6_pvgis_2006,pvgis_2006,2006,1105527356,45,central,central,fb59b12e82b041c59cc8a3933745a40e92c5e89aa7df64846e5855fbd3acb00e,2987a546cb3f48253dcdfdc400036a68d1977eddb1012f753e54eca010acedd8,38669e3f0e715d12f919bbd64ba6e09fbb431145f819869ebd01d20e8fde4ed0,4b5b7791539478f9b2562d1b176e235ac7b641e1afdc40c3d5242661d9dbed3d,2ad0e9f7bbdfe12695c931891fd0e8132d060fd7bcbca23623db43d4c7393a5c,561839806dcdb8279ac4e42025bc5a82751f2588a2b2066fa84637918d8e4896
mc_73bdf808838670f2f88e12ef6157b9d549c82b8b3cf8a64725c31ad4294bd844,BE_TABULA_14,"Apartment, enclosed",1971-1990,TABULA_advanced_A_proxy,2851cf077281e480136cab6af02d4720b94564326517124af576ab8634ba52a3,rcp_2_6,weather_2050_rcp_2_6_pvgis_2006,pvgis_2006,2006,2803026148,46,central,central,fb59b12e82b041c59cc8a3933745a40e92c5e89aa7df64846e5855fbd3acb00e,2987a546cb3f48253dcdfdc400036a68d1977eddb1012f753e54eca010acedd8,38669e3f0e715d12f919bbd64ba6e09fbb431145f819869ebd01d20e8fde4ed0,4b5b7791539478f9b2562d1b176e235ac7b641e1afdc40c3d5242661d9dbed3d,2ad0e9f7bbdfe12695c931891fd0e8132d060fd7bcbca23623db43d4c7393a5c,561839806dcdb8279ac4e42025bc5a82751f2588a2b2066fa84637918d8e4896
mc_215457063b5cb624ad6fe166f87083c70d11a480e69f98b0bafd72eda264cc39,BE_TABULA_14,"Apartment, enclosed",1971-1990,TABULA_advanced_A_proxy,2851cf077281e480136cab6af02d4720b94564326517124af576ab8634ba52a3,rcp_2_6,weather_2050_rcp_2_6_pvgis_2006,pvgis_2006,2006,2970899734,47,central,central,fb59b12e82b041c59cc8a3933745a40e92c5e89aa7df64846e5855fbd3acb00e,2987a546cb3f48253dcdfdc400036a68d1977eddb1012f753e54eca010acedd8,38669e3f0e715d12f919bbd64ba6e09fbb431145f819869ebd01d20e8fde4ed0,4b5b7791539478f9b2562d1b176e235ac7b641e1afdc40c3d5242661d9dbed3d,2ad0e9f7bbdfe12695c931891fd0e8132d060fd7bcbca23623db43d4c7393a5c,561839806dcdb8279ac4e42025bc5a82751f2588a2b2066fa84637918d8e4896
mc_748be016c1eb4c335bd8ba493075321aa2ed9cb040ed7ea4fe18d6c46d4e7e59,BE_TABULA_14,"Apartment, enclosed",1971-1990,TABULA_advanced_A_proxy,2851cf077281e480136cab6af02d4720b94564326517124af576ab8634ba52a3,rcp_2_6,weather_2050_rcp_2_6_pvgis_2006,pvgis_2006,2006,387036528,48,central,central,fb59b12e82b041c59cc8a3933745a40e92c5e89aa7df64846e5855fbd3acb00e,2987a546cb3f48253dcdfdc400036a68d1977eddb1012f753e54eca010acedd8,38669e3f0e715d12f919bbd64ba6e09fbb431145f819869ebd01d20e8fde4ed0,4b5b7791539478f9b2562d1b176e235ac7b641e1afdc40c3d5242661d9dbed3d,2ad0e9f7bbdfe12695c931891fd0e8132d060fd7bcbca23623db43d4c7393a5c,561839806dcdb8279ac4e42025bc5a82751f2588a2b2066fa84637918d8e4896
mc_380c6acfd02d2d3ff887783278556d6d15edc58377360568d02465c94acb0521,BE_TABULA_14,"Apartment, enclosed",1971-1990,TABULA_advanced_A_proxy,2851cf077281e480136cab6af02d4720b94564326517124af576ab8634ba52a3,rcp_2_6,weather_2050_rcp_2_6_pvgis_2006,pvgis_2006,2006,247910426,49,central,central,fb59b12e82b041c59cc8a3933745a40e92c5e89aa7df64846e5855fbd3acb00e,2987a546cb3f48253dcdfdc400036a68d1977eddb1012f753e54eca010acedd8,38669e3f0e715d12f919bbd64ba6e09fbb431145f819869ebd01d20e8fde4ed0,4b5b7791539478f9b2562d1b176e235ac7b641e1afdc40c3d5242661d9dbed3d,2ad0e9f7bbdfe12695c931891fd0e8132d060fd7bcbca23623db43d4c7393a5c,561839806dcdb8279ac4e42025bc5a82751f2588a2b2066fa84637918d8e4896
mc_43c0cc01b60bc04abf3b29c310686c7a989bf7af71d811882a71ee8bd39a84ed,BE_TABULA_14,"Apartment, enclosed",1971-1990,TABULA_advanced_A_proxy,2851cf077281e480136cab6af02d4720b94564326517124af576ab8634ba52a3,rcp_2_6,weather_2050_rcp_2_6_pvgis_2006,pvgis_2006,2006,2703791916,50,central,central,fb59b12e82b041c59cc8a3933745a40e92c5e89aa7df64846e5855fbd3acb00e,2987a546cb3f48253dcdfdc400036a68d1977eddb1012f753e54eca010acedd8,38669e3f0e715d12f919bbd64ba6e09fbb431145f819869ebd01d20e8fde4ed0,4b5b7791539478f9b2562d1b176e235ac7b641e1afdc40c3d5242661d9dbed3d,2ad0e9f7bbdfe12695c931891fd0e8132d060fd7bcbca23623db43d4c7393a5c,561839806dcdb8279ac4e42025bc5a82751f2588a2b2066fa84637918d8e4896
mc_5d40831fb497dce99f055ea9bf892f3c87e9b5fa60768ef444670d0af8afd9e9,BE_TABULA_14,"Apartment, enclosed",1971-1990,TABULA_advanced_A_proxy,2851cf077281e480136cab6af02d4720b94564326517124af576ab8634ba52a3,rcp_2_6,weather_2050_rcp_2_6_pvgis_2006,pvgis_2006,2006,2308038042,51,central,central,fb59b12e82b041c59cc8a3933745a40e92c5e89aa7df64846e5855fbd3acb00e,2987a546cb3f48253dcdfdc400036a68d1977eddb1012f753e54eca010acedd8,38669e3f0e715d12f919bbd64ba6e09fbb431145f819869ebd01d20e8fde4ed0,4b5b7791539478f9b2562d1b176e235ac7b641e1afdc40c3d5242661d9dbed3d,2ad0e9f7bbdfe12695c931891fd0e8132d060fd7bcbca23623db43d4c7393a5c,561839806dcdb8279ac4e42025bc5a82751f2588a2b2066fa84637918d8e4896
mc_0941a2e9281e19c150108d155a98c641e4b1790e88b09c64a6bb8abb1c06c67c,BE_TABULA_14,"Apartment, enclosed",1971-1990,TABULA_advanced_A_proxy,2851cf077281e480136cab6af02d4720b94564326517124af576ab8634ba52a3,rcp_2_6,weather_2050_rcp_2_6_pvgis_2006,pvgis_2006,2006,121872340,52,central,central,fb59b12e82b041c59cc8a3933745a40e92c5e89aa7df64846e5855fbd3acb00e,2987a546cb3f48253dcdfdc400036a68d1977eddb1012f753e54eca010acedd8,38669e3f0e715d12f919bbd64ba6e09fbb431145f819869ebd01d20e8fde4ed0,4b5b7791539478f9b2562d1b176e235ac7b641e1afdc40c3d5242661d9dbed3d,2ad0e9f7bbdfe12695c931891fd0e8132d060fd7bcbca23623db43d4c7393a5c,561839806dcdb8279ac4e42025bc5a82751f2588a2b2066fa84637918d8e4896
mc_337dffd1b899d2685d76e071392971bab49f95729f2aa0e7b6eaf179e6cd4333,BE_TABULA_14,"Apartment, enclosed",1971-1990,TABULA_advanced_A_proxy,2851cf077281e480136cab6af02d4720b94564326517124af576ab8634ba52a3,rcp_2_6,weather_2050_rcp_2_6_pvgis_2006,pvgis_2006,2006,3159291459,53,central,central,fb59b12e82b041c59cc8a3933745a40e92c5e89aa7df64846e5855fbd3acb00e,2987a546cb3f48253dcdfdc400036a68d1977eddb1012f753e54eca010acedd8,38669e3f0e715d12f919bbd64ba6e09fbb431145f819869ebd01d20e8fde4ed0,4b5b7791539478f9b2562d1b176e235ac7b641e1afdc40c3d5242661d9dbed3d,2ad0e9f7bbdfe12695c931891fd0e8132d060fd7bcbca23623db43d4c7393a5c,561839806dcdb8279ac4e42025bc5a82751f2588a2b2066fa84637918d8e4896
mc_4334993de0c8ad7451133d6c29c4c4b7cdf87cbca3787dcdc00238544efb8258,BE_TABULA_14,"Apartment, enclosed",1971-1990,TABULA_advanced_A_proxy,2851cf077281e480136cab6af02d4720b94564326517124af576ab8634ba52a3,rcp_2_6,weather_2050_rcp_2_6_pvgis_2006,pvgis_2006,2006,3292453555,54,central,central,fb59b12e82b041c59cc8a3933745a40e92c5e89aa7df64846e5855fbd3acb00e,2987a546cb3f48253dcdfdc400036a68d1977eddb1012f753e54eca010acedd8,38669e3f0e715d12f919bbd64ba6e09fbb431145f819869ebd01d20e8fde4ed0,4b5b7791539478f9b2562d1b176e235ac7b641e1afdc40c3d5242661d9dbed3d,2ad0e9f7bbdfe12695c931891fd0e8132d060fd7bcbca23623db43d4c7393a5c,561839806dcdb8279ac4e42025bc5a82751f2588a2b2066fa84637918d8e4896
mc_75696c4df1a0269ef13bc72d870f4f7b118837463b9bcae442d869b8ed8dc1d6,BE_TABULA_14,"Apartment, enclosed",1971-1990,TABULA_advanced_A_proxy,2851cf077281e480136cab6af02d4720b94564326517124af576ab8634ba52a3,rcp_2_6,weather_2050_rcp_2_6_pvgis_2006,pvgis_2006,2006,4217880632,55,central,central,fb59b12e82b041c59cc8a3933745a40e92c5e89aa7df64846e5855fbd3acb00e,2987a546cb3f48253dcdfdc400036a68d1977eddb1012f753e54eca010acedd8,38669e3f0e715d12f919bbd64ba6e09fbb431145f819869ebd01d20e8fde4ed0,4b5b7791539478f9b2562d1b176e235ac7b641e1afdc40c3d5242661d9dbed3d,2ad0e9f7bbdfe12695c931891fd0e8132d060fd7bcbca23623db43d4c7393a5c,561839806dcdb8279ac4e42025bc5a82751f2588a2b2066fa84637918d8e4896
mc_8a66b0d588b3e20121c35b6a2337fb65c2779cac930f0a2979447c21043acfe0,BE_TABULA_14,"Apartment, enclosed",1971-1990,TABULA_advanced_A_proxy,2851cf077281e480136cab6af02d4720b94564326517124af576ab8634ba52a3,rcp_2_6,weather_2050_rcp_2_6_pvgis_2006,pvgis_2006,2006,3936536578,56,central,central,fb59b12e82b041c59cc8a3933745a40e92c5e89aa7df64846e5855fbd3acb00e,2987a546cb3f48253dcdfdc400036a68d1977eddb1012f753e54eca010acedd8,38669e3f0e715d12f919bbd64ba6e09fbb431145f819869ebd01d20e8fde4ed0,4b5b7791539478f9b2562d1b176e235ac7b641e1afdc40c3d5242661d9dbed3d,2ad0e9f7bbdfe12695c931891fd0e8132d060fd7bcbca23623db43d4c7393a5c,561839806dcdb8279ac4e42025bc5a82751f2588a2b2066fa84637918d8e4896
mc_a76e46b053c8088c2194370155dd6339295a40b8fbeaa313b66a39c1143a101c,BE_TABULA_14,"Apartment, enclosed",1971-1990,TABULA_advanced_A_proxy,2851cf077281e480136cab6af02d4720b94564326517124af576ab8634ba52a3,rcp_2_6,weather_2050_rcp_2_6_pvgis_2006,pvgis_2006,2006,2415921962,57,central,central,fb59b12e82b041c59cc8a3933745a40e92c5e89aa7df64846e5855fbd3acb00e,2987a546cb3f48253dcdfdc400036a68d1977eddb1012f753e54eca010acedd8,38669e3f0e715d12f919bbd64ba6e09fbb431145f819869ebd01d20e8fde4ed0,4b5b7791539478f9b2562d1b176e235ac7b641e1afdc40c3d5242661d9dbed3d,2ad0e9f7bbdfe12695c931891fd0e8132d060fd7bcbca23623db43d4c7393a5c,561839806dcdb8279ac4e42025bc5a82751f2588a2b2066fa84637918d8e4896
mc_17c3c3e51422b653a938a881bd0838307c693f113daa86c6de404be624e50dcc,BE_TABULA_14,"Apartment, enclosed",1971-1990,TABULA_advanced_A_proxy,2851cf077281e480136cab6af02d4720b94564326517124af576ab8634ba52a3,rcp_2_6,weather_2050_rcp_2_6_pvgis_2006,pvgis_2006,2006,1719658758,58,central,central,fb59b12e82b041c59cc8a3933745a40e92c5e89aa7df64846e5855fbd3acb00e,2987a546cb3f48253dcdfdc400036a68d1977eddb1012f753e54eca010acedd8,38669e3f0e715d12f919bbd64ba6e09fbb431145f819869ebd01d20e8fde4ed0,4b5b7791539478f9b2562d1b176e235ac7b641e1afdc40c3d5242661d9dbed3d,2ad0e9f7bbdfe12695c931891fd0e8132d060fd7bcbca23623db43d4c7393a5c,561839806dcdb8279ac4e42025bc5a82751f2588a2b2066fa84637918d8e4896
mc_2298bc636fa0c95d2e2e7287a8939d61496e19d4fa7911c855ce32d766f16810,BE_TABULA_14,"Apartment, enclosed",1971-1990,TABULA_advanced_A_proxy,2851cf077281e480136cab6af02d4720b94564326517124af576ab8634ba52a3,rcp_2_6,weather_2050_rcp_2_6_pvgis_2006,pvgis_2006,2006,229503377,59,central,central,fb59b12e82b041c59cc8a3933745a40e92c5e89aa7df64846e5855fbd3acb00e,2987a546cb3f48253dcdfdc400036a68d1977eddb1012f753e54eca010acedd8,38669e3f0e715d12f919bbd64ba6e09fbb431145f819869ebd01d20e8fde4ed0,4b5b7791539478f9b2562d1b176e235ac7b641e1afdc40c3d5242661d9dbed3d,2ad0e9f7bbdfe12695c931891fd0e8132d060fd7bcbca23623db43d4c7393a5c,561839806dcdb8279ac4e42025bc5a82751f2588a2b2066fa84637918d8e4896
mc_ace192d89aa351b422467571cbaf0ec83b154c3fb90e70ff9096d7e9d9c20517,BE_TABULA_14,"Apartment, enclosed",1971-1990,TABULA_advanced_A_proxy,2851cf077281e480136cab6af02d4720b94564326517124af576ab8634ba52a3,rcp_2_6,weather_2050_rcp_2_6_pvgis_2006,pvgis_2006,2006,3209387723,60,central,central,fb59b12e82b041c59cc8a3933745a40e92c5e89aa7df64846e5855fbd3acb00e,2987a546cb3f48253dcdfdc400036a68d1977eddb1012f753e54eca010acedd8,38669e3f0e715d12f919bbd64ba6e09fbb431145f819869ebd01d20e8fde4ed0,4b5b7791539478f9b2562d1b176e235ac7b641e1afdc40c3d5242661d9dbed3d,2ad0e9f7bbdfe12695c931891fd0e8132d060fd7bcbca23623db43d4c7393a5c,561839806dcdb8279ac4e42025bc5a82751f2588a2b2066fa84637918d8e4896
mc_4b47cdc6aa5dd60139764751292f9f6ec4da2f66ffe118cd6662839185b395db,BE_TABULA_14,"Apartment, enclosed",1971-1990,TABULA_advanced_A_proxy,2851cf077281e480136cab6af02d4720b94564326517124af576ab8634ba52a3,rcp_2_6,weather_2050_rcp_2_6_pvgis_2006,pvgis_2006,2006,3772491886,61,central,central,fb59b12e82b041c59cc8a3933745a40e92c5e89aa7df64846e5855fbd3acb00e,2987a546cb3f48253dcdfdc400036a68d1977eddb1012f753e54eca010acedd8,38669e3f0e715d12f919bbd64ba6e09fbb431145f819869ebd01d20e8fde4ed0,4b5b7791539478f9b2562d1b176e235ac7b641e1afdc40c3d5242661d9dbed3d,2ad0e9f7bbdfe12695c931891fd0e8132d060fd7bcbca23623db43d4c7393a5c,561839806dcdb8279ac4e42025bc5a82751f2588a2b2066fa84637918d8e4896
mc_3c48b8383e2ff8da8f5605ac2beefc03ee5d8c04eafee8e8880215da4ae90002,BE_TABULA_14,"Apartment, enclosed",1971-1990,TABULA_advanced_A_proxy,2851cf077281e480136cab6af02d4720b94564326517124af576ab8634ba52a3,rcp_2_6,weather_2050_rcp_2_6_pvgis_2006,pvgis_2006,2006,1635250833,62,central,central,fb59b12e82b041c59cc8a3933745a40e92c5e89aa7df64846e5855fbd3acb00e,2987a546cb3f48253dcdfdc400036a68d1977eddb1012f753e54eca010acedd8,38669e3f0e715d12f919bbd64ba6e09fbb431145f819869ebd01d20e8fde4ed0,4b5b7791539478f9b2562d1b176e235ac7b641e1afdc40c3d5242661d9dbed3d,2ad0e9f7bbdfe12695c931891fd0e8132d060fd7bcbca23623db43d4c7393a5c,561839806dcdb8279ac4e42025bc5a82751f2588a2b2066fa84637918d8e4896
mc_bff7b7ae88dd48970aa7c853a03a7f5a0ddef2b62b2c553f9f30ffa61082bbf3,BE_TABULA_14,"Apartment, enclosed",1971-1990,TABULA_advanced_A_proxy,2851cf077281e480136cab6af02d4720b94564326517124af576ab8634ba52a3,rcp_2_6,weather_2050_rcp_2_6_pvgis_2006,pvgis_2006,2006,4035582952,63,central,central,fb59b12e82b041c59cc8a3933745a40e92c5e89aa7df64846e5855fbd3acb00e,2987a546cb3f48253dcdfdc400036a68d1977eddb1012f753e54eca010acedd8,38669e3f0e715d12f919bbd64ba6e09fbb431145f819869ebd01d20e8fde4ed0,4b5b7791539478f9b2562d1b176e235ac7b641e1afdc40c3d5242661d9dbed3d,2ad0e9f7bbdfe12695c931891fd0e8132d060fd7bcbca23623db43d4c7393a5c,561839806dcdb8279ac4e42025bc5a82751f2588a2b2066fa84637918d8e4896
mc_accc6ab34123550a8929ac5692978cf3490156799984478cdc68360b37c33d8a,BE_TABULA_14,"Apartment, enclosed",1971-1990,TABULA_advanced_A_proxy,2851cf077281e480136cab6af02d4720b94564326517124af576ab8634ba52a3,rcp_2_6,weather_2050_rcp_2_6_pvgis_2006,pvgis_2006,2006,615541883,64,central,central,fb59b12e82b041c59cc8a3933745a40e92c5e89aa7df64846e5855fbd3acb00e,2987a546cb3f48253dcdfdc400036a68d1977eddb1012f753e54eca010acedd8,38669e3f0e715d12f919bbd64ba6e09fbb431145f819869ebd01d20e8fde4ed0,4b5b7791539478f9b2562d1b176e235ac7b641e1afdc40c3d5242661d9dbed3d,2ad0e9f7bbdfe12695c931891fd0e8132d060fd7bcbca23623db43d4c7393a5c,561839806dcdb8279ac4e42025bc5a82751f2588a2b2066fa84637918d8e4896
mc_6b05c2b4043c812c3f2a8ff7218817d268c464ab43c4ad4df665cedc484adc85,BE_TABULA_14,"Apartment, enclosed",1971-1990,TABULA_advanced_A_proxy,2851cf077281e480136cab6af02d4720b94564326517124af576ab8634ba52a3,rcp_2_6,weather_2050_rcp_2_6_pvgis_2006,pvgis_2006,2006,3820219209,65,central,central,fb59b12e82b041c59cc8a3933745a40e92c5e89aa7df64846e5855fbd3acb00e,2987a546cb3f48253dcdfdc400036a68d1977eddb1012f753e54eca010acedd8,38669e3f0e715d12f919bbd64ba6e09fbb431145f819869ebd01d20e8fde4ed0,4b5b7791539478f9b2562d1b176e235ac7b641e1afdc40c3d5242661d9dbed3d,2ad0e9f7bbdfe12695c931891fd0e8132d060fd7bcbca23623db43d4c7393a5c,561839806dcdb8279ac4e42025bc5a82751f2588a2b2066fa84637918d8e4896
mc_7f16d723719b2fd2635cb330399f6acfa238a7f0486adf3a283213590e87005a,BE_TABULA_14,"Apartment, enclosed",1971-1990,TABULA_advanced_A_proxy,2851cf077281e480136cab6af02d4720b94564326517124af576ab8634ba52a3,rcp_2_6,weather_2050_rcp_2_6_pvgis_2006,pvgis_2006,2006,2055890937,66,central,central,fb59b12e82b041c59cc8a3933745a40e92c5e89aa7df64846e5855fbd3acb00e,2987a546cb3f48253dcdfdc400036a68d1977eddb1012f753e54eca010acedd8,38669e3f0e715d12f919bbd64ba6e09fbb431145f819869ebd01d20e8fde4ed0,4b5b7791539478f9b2562d1b176e235ac7b641e1afdc40c3d5242661d9dbed3d,2ad0e9f7bbdfe12695c931891fd0e8132d060fd7bcbca23623db43d4c7393a5c,561839806dcdb8279ac4e42025bc5a82751f2588a2b2066fa84637918d8e4896
mc_b336044691a519868e525a2898abf98c1d9616885441f5bcda3639e4842d1523,BE_TABULA_14,"Apartment, enclosed",1971-1990,TABULA_advanced_A_proxy,2851cf077281e480136cab6af02d4720b94564326517124af576ab8634ba52a3,rcp_2_6,weather_2050_rcp_2_6_pvgis_2006,pvgis_2006,2006,3962631770,67,central,central,fb59b12e82b041c59cc8a3933745a40e92c5e89aa7df64846e5855fbd3acb00e,2987a546cb3f48253dcdfdc400036a68d1977eddb1012f753e54eca010acedd8,38669e3f0e715d12f919bbd64ba6e09fbb431145f819869ebd01d20e8fde4ed0,4b5b7791539478f9b2562d1b176e235ac7b641e1afdc40c3d5242661d9dbed3d,2ad0e9f7bbdfe12695c931891fd0e8132d060fd7bcbca23623db43d4c7393a5c,561839806dcdb8279ac4e42025bc5a82751f2588a2b2066fa84637918d8e4896
mc_66d161c41557ec82896489fb3be87ae2a26a91beac616cbcce33e0dba39c938d,BE_TABULA_14,"Apartment, enclosed",1971-1990,TABULA_advanced_A_proxy,2851cf077281e480136cab6af02d4720b94564326517124af576ab8634ba52a3,rcp_2_6,weather_2050_rcp_2_6_pvgis_2006,pvgis_2006,2006,292497774,68,central,central,fb59b12e82b041c59cc8a3933745a40e92c5e89aa7df64846e5855fbd3acb00e,2987a546cb3f48253dcdfdc400036a68d1977eddb1012f753e54eca010acedd8,38669e3f0e715d12f919bbd64ba6e09fbb431145f819869ebd01d20e8fde4ed0,4b5b7791539478f9b2562d1b176e235ac7b641e1afdc40c3d5242661d9dbed3d,2ad0e9f7bbdfe12695c931891fd0e8132d060fd7bcbca23623db43d4c7393a5c,561839806dcdb8279ac4e42025bc5a82751f2588a2b2066fa84637918d8e4896
mc_a24e454b88c5ec3e1bafb52f76570aef7ba3135b09ab90d605506cc07b487f21,BE_TABULA_14,"Apartment, enclosed",1971-1990,TABULA_advanced_A_proxy,2851cf077281e480136cab6af02d4720b94564326517124af576ab8634ba52a3,rcp_2_6,weather_2050_rcp_2_6_pvgis_2006,pvgis_2006,2006,238028136,69,central,central,fb59b12e82b041c59cc8a3933745a40e92c5e89aa7df64846e5855fbd3acb00e,2987a546cb3f48253dcdfdc400036a68d1977eddb1012f753e54eca010acedd8,38669e3f0e715d12f919bbd64ba6e09fbb431145f819869ebd01d20e8fde4ed0,4b5b7791539478f9b2562d1b176e235ac7b641e1afdc40c3d5242661d9dbed3d,2ad0e9f7bbdfe12695c931891fd0e8132d060fd7bcbca23623db43d4c7393a5c,561839806dcdb8279ac4e42025bc5a82751f2588a2b2066fa84637918d8e4896
mc_49a69d02ab249a081189decb3a6e2e9e47cd04030cd0acb3f1f548c99d6511f9,BE_TABULA_14,"Apartment, enclosed",1971-1990,TABULA_advanced_A_proxy,2851cf077281e480136cab6af02d4720b94564326517124af576ab8634ba52a3,rcp_2_6,weather_2050_rcp_2_6_pvgis_2006,pvgis_2006,2006,2973159850,70,central,central,fb59b12e82b041c59cc8a3933745a40e92c5e89aa7df64846e5855fbd3acb00e,2987a546cb3f48253dcdfdc400036a68d1977eddb1012f753e54eca010acedd8,38669e3f0e715d12f919bbd64ba6e09fbb431145f819869ebd01d20e8fde4ed0,4b5b7791539478f9b2562d1b176e235ac7b641e1afdc40c3d5242661d9dbed3d,2ad0e9f7bbdfe12695c931891fd0e8132d060fd7bcbca23623db43d4c7393a5c,561839806dcdb8279ac4e42025bc5a82751f2588a2b2066fa84637918d8e4896
mc_109e59871641f695bac043e8f0f9d9497791c011c64ed25616eff520fb0bae35,BE_TABULA_14,"Apartment, enclosed",1971-1990,TABULA_advanced_A_proxy,2851cf077281e480136cab6af02d4720b94564326517124af576ab8634ba52a3,rcp_2_6,weather_2050_rcp_2_6_pvgis_2006,pvgis_2006,2006,3979556006,71,central,central,fb59b12e82b041c59cc8a3933745a40e92c5e89aa7df64846e5855fbd3acb00e,2987a546cb3f48253dcdfdc400036a68d1977eddb1012f753e54eca010acedd8,38669e3f0e715d12f919bbd64ba6e09fbb431145f819869ebd01d20e8fde4ed0,4b5b7791539478f9b2562d1b176e235ac7b641e1afdc40c3d5242661d9dbed3d,2ad0e9f7bbdfe12695c931891fd0e8132d060fd7bcbca23623db43d4c7393a5c,561839806dcdb8279ac4e42025bc5a82751f2588a2b2066fa84637918d8e4896
mc_7cf26b787ab94409bf076f26b9ad533afbd276333aa2f495ad91b0ea7ccc982d,BE_TABULA_14,"Apartment, enclosed",1971-1990,TABULA_advanced_A_proxy,2851cf077281e480136cab6af02d4720b94564326517124af576ab8634ba52a3,rcp_2_6,weather_2050_rcp_2_6_pvgis_2006,pvgis_2006,2006,2849274450,72,central,central,fb59b12e82b041c59cc8a3933745a40e92c5e89aa7df64846e5855fbd3acb00e,2987a546cb3f48253dcdfdc400036a68d1977eddb1012f753e54eca010acedd8,38669e3f0e715d12f919bbd64ba6e09fbb431145f819869ebd01d20e8fde4ed0,4b5b7791539478f9b2562d1b176e235ac7b641e1afdc40c3d5242661d9dbed3d,2ad0e9f7bbdfe12695c931891fd0e8132d060fd7bcbca23623db43d4c7393a5c,561839806dcdb8279ac4e42025bc5a82751f2588a2b2066fa84637918d8e4896
mc_bdfed77cd0fe5e78a3d178942d30eb9291f116cf2d51c32a660174d05cb61375,BE_TABULA_14,"Apartment, enclosed",1971-1990,TABULA_advanced_A_proxy,2851cf077281e480136cab6af02d4720b94564326517124af576ab8634ba52a3,rcp_2_6,weather_2050_rcp_2_6_pvgis_2006,pvgis_2006,2006,1707147214,73,central,central,fb59b12e82b041c59cc8a3933745a40e92c5e89aa7df64846e5855fbd3acb00e,2987a546cb3f48253dcdfdc400036a68d1977eddb1012f753e54eca010acedd8,38669e3f0e715d12f919bbd64ba6e09fbb431145f819869ebd01d20e8fde4ed0,4b5b7791539478f9b2562d1b176e235ac7b641e1afdc40c3d5242661d9dbed3d,2ad0e9f7bbdfe12695c931891fd0e8132d060fd7bcbca23623db43d4c7393a5c,561839806dcdb8279ac4e42025bc5a82751f2588a2b2066fa84637918d8e4896
mc_23af073121b4dce5a01517ff10b1813360b925ca95e0f3e695808ceafce0369d,BE_TABULA_14,"Apartment, enclosed",1971-1990,TABULA_advanced_A_proxy,2851cf077281e480136cab6af02d4720b94564326517124af576ab8634ba52a3,rcp_2_6,weather_2050_rcp_2_6_pvgis_2006,pvgis_2006,2006,422447889,74,central,central,fb59b12e82b041c59cc8a3933745a40e92c5e89aa7df64846e5855fbd3acb00e,2987a546cb3f48253dcdfdc400036a68d1977eddb1012f753e54eca010acedd8,38669e3f0e715d12f919bbd64ba6e09fbb431145f819869ebd01d20e8fde4ed0,4b5b7791539478f9b2562d1b176e235ac7b641e1afdc40c3d5242661d9dbed3d,2ad0e9f7bbdfe12695c931891fd0e8132d060fd7bcbca23623db43d4c7393a5c,561839806dcdb8279ac4e42025bc5a82751f2588a2b2066fa84637918d8e4896
mc_0f762c9ac3ffc46a2f6eadf89ab7774c91d52d4e133c5a966ef2845640f90436,BE_TABULA_14,"Apartment, enclosed",1971-1990,TABULA_advanced_A_proxy,2851cf077281e480136cab6af02d4720b94564326517124af576ab8634ba52a3,rcp_2_6,weather_2050_rcp_2_6_pvgis_2006,pvgis_2006,2006,216697226,75,central,central,fb59b12e82b041c59cc8a3933745a40e92c5e89aa7df64846e5855fbd3acb00e,2987a546cb3f48253dcdfdc400036a68d1977eddb1012f753e54eca010acedd8,38669e3f0e715d12f919bbd64ba6e09fbb431145f819869ebd01d20e8fde4ed0,4b5b7791539478f9b2562d1b176e235ac7b641e1afdc40c3d5242661d9dbed3d,2ad0e9f7bbdfe12695c931891fd0e8132d060fd7bcbca23623db43d4c7393a5c,561839806dcdb8279ac4e42025bc5a82751f2588a2b2066fa84637918d8e4896
mc_c2f9a83409fac7369dca9f9aaf50171aee34cf711fbbbe1efb84699414e6110e,BE_TABULA_14,"Apartment, enclosed",1971-1990,TABULA_advanced_A_proxy,2851cf077281e480136cab6af02d4720b94564326517124af576ab8634ba52a3,rcp_2_6,weather_2050_rcp_2_6_pvgis_2006,pvgis_2006,2006,1850706042,76,central,central,fb59b12e82b041c59cc8a3933745a40e92c5e89aa7df64846e5855fbd3acb00e,2987a546cb3f48253dcdfdc400036a68d1977eddb1012f753e54eca010acedd8,38669e3f0e715d12f919bbd64ba6e09fbb431145f819869ebd01d20e8fde4ed0,4b5b7791539478f9b2562d1b176e235ac7b641e1afdc40c3d5242661d9dbed3d,2ad0e9f7bbdfe12695c931891fd0e8132d060fd7bcbca23623db43d4c7393a5c,561839806dcdb8279ac4e42025bc5a82751f2588a2b2066fa84637918d8e4896
mc_7650cd62a8d70df334bd5d3936f6cd384b46a7140775602dc22407b9948a9dd8,BE_TABULA_14,"Apartment, enclosed",1971-1990,TABULA_advanced_A_proxy,2851cf077281e480136cab6af02d4720b94564326517124af576ab8634ba52a3,rcp_2_6,weather_2050_rcp_2_6_pvgis_2006,pvgis_2006,2006,2345298607,77,central,central,fb59b12e82b041c59cc8a3933745a40e92c5e89aa7df64846e5855fbd3acb00e,2987a546cb3f48253dcdfdc400036a68d1977eddb1012f753e54eca010acedd8,38669e3f0e715d12f919bbd64ba6e09fbb431145f819869ebd01d20e8fde4ed0,4b5b7791539478f9b2562d1b176e235ac7b641e1afdc40c3d5242661d9dbed3d,2ad0e9f7bbdfe12695c931891fd0e8132d060fd7bcbca23623db43d4c7393a5c,561839806dcdb8279ac4e42025bc5a82751f2588a2b2066fa84637918d8e4896
mc_a3305850f07ffc67968f45d11690dcc9ba6d83c45e804414f9ac8f9f07491e72,BE_TABULA_14,"Apartment, enclosed",1971-1990,TABULA_advanced_A_proxy,2851cf077281e480136cab6af02d4720b94564326517124af576ab8634ba52a3,rcp_2_6,weather_2050_rcp_2_6_pvgis_2006,pvgis_2006,2006,2582489112,78,central,central,fb59b12e82b041c59cc8a3933745a40e92c5e89aa7df64846e5855fbd3acb00e,2987a546cb3f48253dcdfdc400036a68d1977eddb1012f753e54eca010acedd8,38669e3f0e715d12f919bbd64ba6e09fbb431145f819869ebd01d20e8fde4ed0,4b5b7791539478f9b2562d1b176e235ac7b641e1afdc40c3d5242661d9dbed3d,2ad0e9f7bbdfe12695c931891fd0e8132d060fd7bcbca23623db43d4c7393a5c,561839806dcdb8279ac4e42025bc5a82751f2588a2b2066fa84637918d8e4896
mc_63c9ec64e4b770ee3d5f415de03d8c2cc24a960d130d35929135644175128d10,BE_TABULA_14,"Apartment, enclosed",1971-1990,TABULA_advanced_A_proxy,2851cf077281e480136cab6af02d4720b94564326517124af576ab8634ba52a3,rcp_2_6,weather_2050_rcp_2_6_pvgis_2006,pvgis_2006,2006,1092453103,79,central,central,fb59b12e82b041c59cc8a3933745a40e92c5e89aa7df64846e5855fbd3acb00e,2987a546cb3f48253dcdfdc400036a68d1977eddb1012f753e54eca010acedd8,38669e3f0e715d12f919bbd64ba6e09fbb431145f819869ebd01d20e8fde4ed0,4b5b7791539478f9b2562d1b176e235ac7b641e1afdc40c3d5242661d9dbed3d,2ad0e9f7bbdfe12695c931891fd0e8132d060fd7bcbca23623db43d4c7393a5c,561839806dcdb8279ac4e42025bc5a82751f2588a2b2066fa84637918d8e4896
mc_c1f9d4cdac6212aab66c9edbadc07aceded912fec7c8c6daca6922581454056d,BE_TABULA_14,"Apartment, enclosed",1971-1990,TABULA_advanced_A_proxy,2851cf077281e480136cab6af02d4720b94564326517124af576ab8634ba52a3,rcp_2_6,weather_2050_rcp_2_6_pvgis_2006,pvgis_2006,2006,2333746188,80,central,central,fb59b12e82b041c59cc8a3933745a40e92c5e89aa7df64846e5855fbd3acb00e,2987a546cb3f48253dcdfdc400036a68d1977eddb1012f753e54eca010acedd8,38669e3f0e715d12f919bbd64ba6e09fbb431145f819869ebd01d20e8fde4ed0,4b5b7791539478f9b2562d1b176e235ac7b641e1afdc40c3d5242661d9dbed3d,2ad0e9f7bbdfe12695c931891fd0e8132d060fd7bcbca23623db43d4c7393a5c,561839806dcdb8279ac4e42025bc5a82751f2588a2b2066fa84637918d8e4896
mc_fc52311f1b606275da3cd56f33b1aa55a80b2e34ff1965f736ebbdf59b5f3805,BE_TABULA_14,"Apartment, enclosed",1971-1990,TABULA_advanced_A_proxy,2851cf077281e480136cab6af02d4720b94564326517124af576ab8634ba52a3,rcp_2_6,weather_2050_rcp_2_6_pvgis_2006,pvgis_2006,2006,290922874,81,central,central,fb59b12e82b041c59cc8a3933745a40e92c5e89aa7df64846e5855fbd3acb00e,2987a546cb3f48253dcdfdc400036a68d1977eddb1012f753e54eca010acedd8,38669e3f0e715d12f919bbd64ba6e09fbb431145f819869ebd01d20e8fde4ed0,4b5b7791539478f9b2562d1b176e235ac7b641e1afdc40c3d5242661d9dbed3d,2ad0e9f7bbdfe12695c931891fd0e8132d060fd7bcbca23623db43d4c7393a5c,561839806dcdb8279ac4e42025bc5a82751f2588a2b2066fa84637918d8e4896
mc_69272322e8303e992c4cacc3fdd7dfd3764225d79e8a600fc686233428b77821,BE_TABULA_14,"Apartment, enclosed",1971-1990,TABULA_advanced_A_proxy,2851cf077281e480136cab6af02d4720b94564326517124af576ab8634ba52a3,rcp_2_6,weather_2050_rcp_2_6_pvgis_2006,pvgis_2006,2006,2221754146,82,central,central,fb59b12e82b041c59cc8a3933745a40e92c5e89aa7df64846e5855fbd3acb00e,2987a546cb3f48253dcdfdc400036a68d1977eddb1012f753e54eca010acedd8,38669e3f0e715d12f919bbd64ba6e09fbb431145f819869ebd01d20e8fde4ed0,4b5b7791539478f9b2562d1b176e235ac7b641e1afdc40c3d5242661d9dbed3d,2ad0e9f7bbdfe12695c931891fd0e8132d060fd7bcbca23623db43d4c7393a5c,561839806dcdb8279ac4e42025bc5a82751f2588a2b2066fa84637918d8e4896
mc_5c57aaa98aa8e827b97209e132cb22cfe51bbeb15f0d4ec25fdfb5daecff8c0e,BE_TABULA_14,"Apartment, enclosed",1971-1990,TABULA_advanced_A_proxy,2851cf077281e480136cab6af02d4720b94564326517124af576ab8634ba52a3,rcp_2_6,weather_2050_rcp_2_6_pvgis_2006,pvgis_2006,2006,1816115144,83,central,central,fb59b12e82b041c59cc8a3933745a40e92c5e89aa7df64846e5855fbd3acb00e,2987a546cb3f48253dcdfdc400036a68d1977eddb1012f753e54eca010acedd8,38669e3f0e715d12f919bbd64ba6e09fbb431145f819869ebd01d20e8fde4ed0,4b5b7791539478f9b2562d1b176e235ac7b641e1afdc40c3d5242661d9dbed3d,2ad0e9f7bbdfe12695c931891fd0e8132d060fd7bcbca23623db43d4c7393a5c,561839806dcdb8279ac4e42025bc5a82751f2588a2b2066fa84637918d8e4896
mc_2ddf36a37ff47a33f2c50d078aa253e9eb1ea8d13a1b1e94a2cd23a13db757e5,BE_TABULA_14,"Apartment, enclosed",1971-1990,TABULA_advanced_A_proxy,2851cf077281e480136cab6af02d4720b94564326517124af576ab8634ba52a3,rcp_2_6,weather_2050_rcp_2_6_pvgis_2006,pvgis_2006,2006,3240729649,84,central,central,fb59b12e82b041c59cc8a3933745a40e92c5e89aa7df64846e5855fbd3acb00e,2987a546cb3f48253dcdfdc400036a68d1977eddb1012f753e54eca010acedd8,38669e3f0e715d12f919bbd64ba6e09fbb431145f819869ebd01d20e8fde4ed0,4b5b7791539478f9b2562d1b176e235ac7b641e1afdc40c3d5242661d9dbed3d,2ad0e9f7bbdfe12695c931891fd0e8132d060fd7bcbca23623db43d4c7393a5c,561839806dcdb8279ac4e42025bc5a82751f2588a2b2066fa84637918d8e4896
mc_7455fb7eecf5448a108b432b41e1fba7827b9c071eb20832d6d411fecc3d9d0f,BE_TABULA_14,"Apartment, enclosed",1971-1990,TABULA_advanced_A_proxy,2851cf077281e480136cab6af02d4720b94564326517124af576ab8634ba52a3,rcp_2_6,weather_2050_rcp_2_6_pvgis_2006,pvgis_2006,2006,2288844644,85,central,central,fb59b12e82b041c59cc8a3933745a40e92c5e89aa7df64846e5855fbd3acb00e,2987a546cb3f48253dcdfdc400036a68d1977eddb1012f753e54eca010acedd8,38669e3f0e715d12f919bbd64ba6e09fbb431145f819869ebd01d20e8fde4ed0,4b5b7791539478f9b2562d1b176e235ac7b641e1afdc40c3d5242661d9dbed3d,2ad0e9f7bbdfe12695c931891fd0e8132d060fd7bcbca23623db43d4c7393a5c,561839806dcdb8279ac4e42025bc5a82751f2588a2b2066fa84637918d8e4896
mc_095cf4662637203594078721dcb0c4cb127a7afcd24be006442e34718a613a93,BE_TABULA_14,"Apartment, enclosed",1971-1990,TABULA_advanced_A_proxy,2851cf077281e480136cab6af02d4720b94564326517124af576ab8634ba52a3,rcp_2_6,weather_2050_rcp_2_6_pvgis_2006,pvgis_2006,2006,3778118032,86,central,central,fb59b12e82b041c59cc8a3933745a40e92c5e89aa7df64846e5855fbd3acb00e,2987a546cb3f48253dcdfdc400036a68d1977eddb1012f753e54eca010acedd8,38669e3f0e715d12f919bbd64ba6e09fbb431145f819869ebd01d20e8fde4ed0,4b5b7791539478f9b2562d1b176e235ac7b641e1afdc40c3d5242661d9dbed3d,2ad0e9f7bbdfe12695c931891fd0e8132d060fd7bcbca23623db43d4c7393a5c,561839806dcdb8279ac4e42025bc5a82751f2588a2b2066fa84637918d8e4896
mc_287729c72797b662c2d4eb46bb5e87966d7861c4fa06e027c76ffcafe9205cd5,BE_TABULA_14,"Apartment, enclosed",1971-1990,TABULA_advanced_A_proxy,2851cf077281e480136cab6af02d4720b94564326517124af576ab8634ba52a3,rcp_2_6,weather_2050_rcp_2_6_pvgis_2006,pvgis_2006,2006,96231892,87,central,central,fb59b12e82b041c59cc8a3933745a40e92c5e89aa7df64846e5855fbd3acb00e,2987a546cb3f48253dcdfdc400036a68d1977eddb1012f753e54eca010acedd8,38669e3f0e715d12f919bbd64ba6e09fbb431145f819869ebd01d20e8fde4ed0,4b5b7791539478f9b2562d1b176e235ac7b641e1afdc40c3d5242661d9dbed3d,2ad0e9f7bbdfe12695c931891fd0e8132d060fd7bcbca23623db43d4c7393a5c,561839806dcdb8279ac4e42025bc5a82751f2588a2b2066fa84637918d8e4896
mc_c71b00f5481bd61294317d0e476c3f13c866ebf155430a58eb807ab6206f9907,BE_TABULA_14,"Apartment, enclosed",1971-1990,TABULA_advanced_A_proxy,2851cf077281e480136cab6af02d4720b94564326517124af576ab8634ba52a3,rcp_2_6,weather_2050_rcp_2_6_pvgis_2006,pvgis_2006,2006,3338747715,88,central,central,fb59b12e82b041c59cc8a3933745a40e92c5e89aa7df64846e5855fbd3acb00e,2987a546cb3f48253dcdfdc400036a68d1977eddb1012f753e54eca010acedd8,38669e3f0e715d12f919bbd64ba6e09fbb431145f819869ebd01d20e8fde4ed0,4b5b7791539478f9b2562d1b176e235ac7b641e1afdc40c3d5242661d9dbed3d,2ad0e9f7bbdfe12695c931891fd0e8132d060fd7bcbca23623db43d4c7393a5c,561839806dcdb8279ac4e42025bc5a82751f2588a2b2066fa84637918d8e4896
mc_87cd6e1aba2d140840971cf0c894ade5b79227fb8ece1990803a25dc0a5ce5f1,BE_TABULA_14,"Apartment, enclosed",1971-1990,TABULA_advanced_A_proxy,2851cf077281e480136cab6af02d4720b94564326517124af576ab8634ba52a3,rcp_2_6,weather_2050_rcp_2_6_pvgis_2006,pvgis_2006,2006,799376848,89,central,central,fb59b12e82b041c59cc8a3933745a40e92c5e89aa7df64846e5855fbd3acb00e,2987a546cb3f48253dcdfdc400036a68d1977eddb1012f753e54eca010acedd8,38669e3f0e715d12f919bbd64ba6e09fbb431145f819869ebd01d20e8fde4ed0,4b5b7791539478f9b2562d1b176e235ac7b641e1afdc40c3d5242661d9dbed3d,2ad0e9f7bbdfe12695c931891fd0e8132d060fd7bcbca23623db43d4c7393a5c,561839806dcdb8279ac4e42025bc5a82751f2588a2b2066fa84637918d8e4896
mc_8c87365b53e438b8eba55f05320d789f6a0d0f23446f45fd27fcca0b4858e7d3,BE_TABULA_14,"Apartment, enclosed",1971-1990,TABULA_advanced_A_proxy,2851cf077281e480136cab6af02d4720b94564326517124af576ab8634ba52a3,rcp_2_6,weather_2050_rcp_2_6_pvgis_2006,pvgis_2006,2006,3364469763,90,central,central,fb59b12e82b041c59cc8a3933745a40e92c5e89aa7df64846e5855fbd3acb00e,2987a546cb3f48253dcdfdc400036a68d1977eddb1012f753e54eca010acedd8,38669e3f0e715d12f919bbd64ba6e09fbb431145f819869ebd01d20e8fde4ed0,4b5b7791539478f9b2562d1b176e235ac7b641e1afdc40c3d5242661d9dbed3d,2ad0e9f7bbdfe12695c931891fd0e8132d060fd7bcbca23623db43d4c7393a5c,561839806dcdb8279ac4e42025bc5a82751f2588a2b2066fa84637918d8e4896
mc_53966d5e5d8101590849820d9bbe1b72bec3f9111f4b865c1c27c379b3bc48af,BE_TABULA_14,"Apartment, enclosed",1971-1990,TABULA_advanced_A_proxy,2851cf077281e480136cab6af02d4720b94564326517124af576ab8634ba52a3,rcp_2_6,weather_2050_rcp_2_6_pvgis_2006,pvgis_2006,2006,179395282,91,central,central,fb59b12e82b041c59cc8a3933745a40e92c5e89aa7df64846e5855fbd3acb00e,2987a546cb3f48253dcdfdc400036a68d1977eddb1012f753e54eca010acedd8,38669e3f0e715d12f919bbd64ba6e09fbb431145f819869ebd01d20e8fde4ed0,4b5b7791539478f9b2562d1b176e235ac7b641e1afdc40c3d5242661d9dbed3d,2ad0e9f7bbdfe12695c931891fd0e8132d060fd7bcbca23623db43d4c7393a5c,561839806dcdb8279ac4e42025bc5a82751f2588a2b2066fa84637918d8e4896
mc_3f9304d9860e2a73e56088de4e4df82b8a8d19593e213077a6a17ebedde59f43,BE_TABULA_14,"Apartment, enclosed",1971-1990,TABULA_advanced_A_proxy,2851cf077281e480136cab6af02d4720b94564326517124af576ab8634ba52a3,rcp_2_6,weather_2050_rcp_2_6_pvgis_2006,pvgis_2006,2006,1171171859,92,central,central,fb59b12e82b041c59cc8a3933745a40e92c5e89aa7df64846e5855fbd3acb00e,2987a546cb3f48253dcdfdc400036a68d1977eddb1012f753e54eca010acedd8,38669e3f0e715d12f919bbd64ba6e09fbb431145f819869ebd01d20e8fde4ed0,4b5b7791539478f9b2562d1b176e235ac7b641e1afdc40c3d5242661d9dbed3d,2ad0e9f7bbdfe12695c931891fd0e8132d060fd7bcbca23623db43d4c7393a5c,561839806dcdb8279ac4e42025bc5a82751f2588a2b2066fa84637918d8e4896
mc_4028740fa4c15581e9ef2fa1f8a2530e437e801fefde7e6c11f65ed8237a3ed0,BE_TABULA_14,"Apartment, enclosed",1971-1990,TABULA_advanced_A_proxy,2851cf077281e480136cab6af02d4720b94564326517124af576ab8634ba52a3,rcp_2_6,weather_2050_rcp_2_6_pvgis_2006,pvgis_2006,2006,1001156282,93,central,central,fb59b12e82b041c59cc8a3933745a40e92c5e89aa7df64846e5855fbd3acb00e,2987a546cb3f48253dcdfdc400036a68d1977eddb1012f753e54eca010acedd8,38669e3f0e715d12f919bbd64ba6e09fbb431145f819869ebd01d20e8fde4ed0,4b5b7791539478f9b2562d1b176e235ac7b641e1afdc40c3d5242661d9dbed3d,2ad0e9f7bbdfe12695c931891fd0e8132d060fd7bcbca23623db43d4c7393a5c,561839806dcdb8279ac4e42025bc5a82751f2588a2b2066fa84637918d8e4896
mc_9befc37ce87e3b74269c6ae0db1c84970955ebd8a8d2cea3e62621b8e76e81a8,BE_TABULA_14,"Apartment, enclosed",1971-1990,TABULA_advanced_A_proxy,2851cf077281e480136cab6af02d4720b94564326517124af576ab8634ba52a3,rcp_2_6,weather_2050_rcp_2_6_pvgis_2006,pvgis_2006,2006,1575906619,94,central,central,fb59b12e82b041c59cc8a3933745a40e92c5e89aa7df64846e5855fbd3acb00e,2987a546cb3f48253dcdfdc400036a68d1977eddb1012f753e54eca010acedd8,38669e3f0e715d12f919bbd64ba6e09fbb431145f819869ebd01d20e8fde4ed0,4b5b7791539478f9b2562d1b176e235ac7b641e1afdc40c3d5242661d9dbed3d,2ad0e9f7bbdfe12695c931891fd0e8132d060fd7bcbca23623db43d4c7393a5c,561839806dcdb8279ac4e42025bc5a82751f2588a2b2066fa84637918d8e4896
mc_800eb73664f6df00e01c7095da7e6a554252912e336a786f090a837f0eca4122,BE_TABULA_14,"Apartment, enclosed",1971-1990,TABULA_advanced_A_proxy,2851cf077281e480136cab6af02d4720b94564326517124af576ab8634ba52a3,rcp_2_6,weather_2050_rcp_2_6_pvgis_2006,pvgis_2006,2006,3557983481,95,central,central,fb59b12e82b041c59cc8a3933745a40e92c5e89aa7df64846e5855fbd3acb00e,2987a546cb3f48253dcdfdc400036a68d1977eddb1012f753e54eca010acedd8,38669e3f0e715d12f919bbd64ba6e09fbb431145f819869ebd01d20e8fde4ed0,4b5b7791539478f9b2562d1b176e235ac7b641e1afdc40c3d5242661d9dbed3d,2ad0e9f7bbdfe12695c931891fd0e8132d060fd7bcbca23623db43d4c7393a5c,561839806dcdb8279ac4e42025bc5a82751f2588a2b2066fa84637918d8e4896
mc_47252a82b59e317451116d0f8ecfbd6368f13aa8dca802db3fa988ff5fc29df3,BE_TABULA_14,"Apartment, enclosed",1971-1990,TABULA_advanced_A_proxy,2851cf077281e480136cab6af02d4720b94564326517124af576ab8634ba52a3,rcp_2_6,weather_2050_rcp_2_6_pvgis_2006,pvgis_2006,2006,569801540,96,central,central,fb59b12e82b041c59cc8a3933745a40e92c5e89aa7df64846e5855fbd3acb00e,2987a546cb3f48253dcdfdc400036a68d1977eddb1012f753e54eca010acedd8,38669e3f0e715d12f919bbd64ba6e09fbb431145f819869ebd01d20e8fde4ed0,4b5b7791539478f9b2562d1b176e235ac7b641e1afdc40c3d5242661d9dbed3d,2ad0e9f7bbdfe12695c931891fd0e8132d060fd7bcbca23623db43d4c7393a5c,561839806dcdb8279ac4e42025bc5a82751f2588a2b2066fa84637918d8e4896
mc_3198122398ab43e62aa73c26316ce9b87f6a7cb0a304be3980872b7e0ea065d1,BE_TABULA_14,"Apartment, enclosed",1971-1990,TABULA_advanced_A_proxy,2851cf077281e480136cab6af02d4720b94564326517124af576ab8634ba52a3,rcp_2_6,weather_2050_rcp_2_6_pvgis_2006,pvgis_2006,2006,2643480774,97,central,central,fb59b12e82b041c59cc8a3933745a40e92c5e89aa7df64846e5855fbd3acb00e,2987a546cb3f48253dcdfdc400036a68d1977eddb1012f753e54eca010acedd8,38669e3f0e715d12f919bbd64ba6e09fbb431145f819869ebd01d20e8fde4ed0,4b5b7791539478f9b2562d1b176e235ac7b641e1afdc40c3d5242661d9dbed3d,2ad0e9f7bbdfe12695c931891fd0e8132d060fd7bcbca23623db43d4c7393a5c,561839806dcdb8279ac4e42025bc5a82751f2588a2b2066fa84637918d8e4896
mc_188948021905c0552da3b52f4cfbf589a2cd9d0fe7087decb7277a85b83eac4b,BE_TABULA_14,"Apartment, enclosed",1971-1990,TABULA_advanced_A_proxy,2851cf077281e480136cab6af02d4720b94564326517124af576ab8634ba52a3,rcp_2_6,weather_2050_rcp_2_6_pvgis_2006,pvgis_2006,2006,2628022060,98,central,central,fb59b12e82b041c59cc8a3933745a40e92c5e89aa7df64846e5855fbd3acb00e,2987a546cb3f48253dcdfdc400036a68d1977eddb1012f753e54eca010acedd8,38669e3f0e715d12f919bbd64ba6e09fbb431145f819869ebd01d20e8fde4ed0,4b5b7791539478f9b2562d1b176e235ac7b641e1afdc40c3d5242661d9dbed3d,2ad0e9f7bbdfe12695c931891fd0e8132d060fd7bcbca23623db43d4c7393a5c,561839806dcdb8279ac4e42025bc5a82751f2588a2b2066fa84637918d8e4896
mc_6128eb3ef3ed2bdb92d699e35f4b0a134f4dded74f14cdaf81be1ff1e50242c0,BE_TABULA_14,"Apartment, enclosed",1971-1990,TABULA_advanced_A_proxy,2851cf077281e480136cab6af02d4720b94564326517124af576ab8634ba52a3,rcp_2_6,weather_2050_rcp_2_6_pvgis_2006,pvgis_2006,2006,4036477215,99,central,central,fb59b12e82b041c59cc8a3933745a40e92c5e89aa7df64846e5855fbd3acb00e,2987a546cb3f48253dcdfdc400036a68d1977eddb1012f753e54eca010acedd8,38669e3f0e715d12f919bbd64ba6e09fbb431145f819869ebd01d20e8fde4ed0,4b5b7791539478f9b2562d1b176e235ac7b641e1afdc40c3d5242661d9dbed3d,2ad0e9f7bbdfe12695c931891fd0e8132d060fd7bcbca23623db43d4c7393a5c,561839806dcdb8279ac4e42025bc5a82751f2588a2b2066fa84637918d8e4896
mc_bcf969f744d1956c300d5235b4c49af640a9de0c76421f8c07de96afd5556074,BE_TABULA_14,"Apartment, enclosed",1971-1990,TABULA_advanced_A_proxy,2851cf077281e480136cab6af02d4720b94564326517124af576ab8634ba52a3,rcp_2_6,weather_2050_rcp_2_6_pvgis_2006,pvgis_2006,2006,2406248338,100,central,central,fb59b12e82b041c59cc8a3933745a40e92c5e89aa7df64846e5855fbd3acb00e,2987a546cb3f48253dcdfdc400036a68d1977eddb1012f753e54eca010acedd8,38669e3f0e715d12f919bbd64ba6e09fbb431145f819869ebd01d20e8fde4ed0,4b5b7791539478f9b2562d1b176e235ac7b641e1afdc40c3d5242661d9dbed3d,2ad0e9f7bbdfe12695c931891fd0e8132d060fd7bcbca23623db43d4c7393a5c,561839806dcdb8279ac4e42025bc5a82751f2588a2b2066fa84637918d8e4896
mc_d56b8405b78778190609b6a4aa33fa9a1c8b0e44f0972f7509a1cc01199cd916,BE_TABULA_14,"Apartment, enclosed",1971-1990,TABULA_advanced_A_proxy,2851cf077281e480136cab6af02d4720b94564326517124af576ab8634ba52a3,rcp_2_6,weather_2050_rcp_2_6_pvgis_2006,pvgis_2006,2006,2256124716,101,central,central,fb59b12e82b041c59cc8a3933745a40e92c5e89aa7df64846e5855fbd3acb00e,2987a546cb3f48253dcdfdc400036a68d1977eddb1012f753e54eca010acedd8,38669e3f0e715d12f919bbd64ba6e09fbb431145f819869ebd01d20e8fde4ed0,4b5b7791539478f9b2562d1b176e235ac7b641e1afdc40c3d5242661d9dbed3d,2ad0e9f7bbdfe12695c931891fd0e8132d060fd7bcbca23623db43d4c7393a5c,561839806dcdb8279ac4e42025bc5a82751f2588a2b2066fa84637918d8e4896
mc_d63256fad209905c052da4f4c00127f2eead8edc79bfacaa33fa318afdcfdff8,BE_TABULA_14,"Apartment, enclosed",1971-1990,TABULA_advanced_A_proxy,2851cf077281e480136cab6af02d4720b94564326517124af576ab8634ba52a3,rcp_2_6,weather_2050_rcp_2_6_pvgis_2006,pvgis_2006,2006,1716477969,102,central,central,fb59b12e82b041c59cc8a3933745a40e92c5e89aa7df64846e5855fbd3acb00e,2987a546cb3f48253dcdfdc400036a68d1977eddb1012f753e54eca010acedd8,38669e3f0e715d12f919bbd64ba6e09fbb431145f819869ebd01d20e8fde4ed0,4b5b7791539478f9b2562d1b176e235ac7b641e1afdc40c3d5242661d9dbed3d,2ad0e9f7bbdfe12695c931891fd0e8132d060fd7bcbca23623db43d4c7393a5c,561839806dcdb8279ac4e42025bc5a82751f2588a2b2066fa84637918d8e4896
mc_3bb6d8c30a8467ec7c6d38143ad7f05eb4f334a3fe5d0ae56d5c4ed2ef14183c,BE_TABULA_14,"Apartment, enclosed",1971-1990,TABULA_advanced_A_proxy,2851cf077281e480136cab6af02d4720b94564326517124af576ab8634ba52a3,rcp_2_6,weather_2050_rcp_2_6_pvgis_2006,pvgis_2006,2006,3495331521,103,central,central,fb59b12e82b041c59cc8a3933745a40e92c5e89aa7df64846e5855fbd3acb00e,2987a546cb3f48253dcdfdc400036a68d1977eddb1012f753e54eca010acedd8,38669e3f0e715d12f919bbd64ba6e09fbb431145f819869ebd01d20e8fde4ed0,4b5b7791539478f9b2562d1b176e235ac7b641e1afdc40c3d5242661d9dbed3d,2ad0e9f7bbdfe12695c931891fd0e8132d060fd7bcbca23623db43d4c7393a5c,561839806dcdb8279ac4e42025bc5a82751f2588a2b2066fa84637918d8e4896
mc_4230a27acb331c6a5be63dd9e5883780acf0ba46e48e525c78fe0569e12f737a,BE_TABULA_14,"Apartment, enclosed",1971-1990,TABULA_advanced_A_proxy,2851cf077281e480136cab6af02d4720b94564326517124af576ab8634ba52a3,rcp_2_6,weather_2050_rcp_2_6_pvgis_2006,pvgis_2006,2006,72277458,104,central,central,fb59b12e82b041c59cc8a3933745a40e92c5e89aa7df64846e5855fbd3acb00e,2987a546cb3f48253dcdfdc400036a68d1977eddb1012f753e54eca010acedd8,38669e3f0e715d12f919bbd64ba6e09fbb431145f819869ebd01d20e8fde4ed0,4b5b7791539478f9b2562d1b176e235ac7b641e1afdc40c3d5242661d9dbed3d,2ad0e9f7bbdfe12695c931891fd0e8132d060fd7bcbca23623db43d4c7393a5c,561839806dcdb8279ac4e42025bc5a82751f2588a2b2066fa84637918d8e4896
mc_e43e56e696942d949b214c3bca01ddabfee76e6ecb124b8eb84fbc6e03c73eab,BE_TABULA_14,"Apartment, enclosed",1971-1990,TABULA_advanced_A_proxy,2851cf077281e480136cab6af02d4720b94564326517124af576ab8634ba52a3,rcp_2_6,weather_2050_rcp_2_6_pvgis_2006,pvgis_2006,2006,1112764345,105,central,central,fb59b12e82b041c59cc8a3933745a40e92c5e89aa7df64846e5855fbd3acb00e,2987a546cb3f48253dcdfdc400036a68d1977eddb1012f753e54eca010acedd8,38669e3f0e715d12f919bbd64ba6e09fbb431145f819869ebd01d20e8fde4ed0,4b5b7791539478f9b2562d1b176e235ac7b641e1afdc40c3d5242661d9dbed3d,2ad0e9f7bbdfe12695c931891fd0e8132d060fd7bcbca23623db43d4c7393a5c,561839806dcdb8279ac4e42025bc5a82751f2588a2b2066fa84637918d8e4896
mc_ff49183d9d4e5a91da793e49570b91897d70aedbf23987044a8cee0b3c42ad23,BE_TABULA_14,"Apartment, enclosed",1971-1990,TABULA_advanced_A_proxy,2851cf077281e480136cab6af02d4720b94564326517124af576ab8634ba52a3,rcp_2_6,weather_2050_rcp_2_6_pvgis_2006,pvgis_2006,2006,1434917810,106,central,central,fb59b12e82b041c59cc8a3933745a40e92c5e89aa7df64846e5855fbd3acb00e,2987a546cb3f48253dcdfdc400036a68d1977eddb1012f753e54eca010acedd8,38669e3f0e715d12f919bbd64ba6e09fbb431145f819869ebd01d20e8fde4ed0,4b5b7791539478f9b2562d1b176e235ac7b641e1afdc40c3d5242661d9dbed3d,2ad0e9f7bbdfe12695c931891fd0e8132d060fd7bcbca23623db43d4c7393a5c,561839806dcdb8279ac4e42025bc5a82751f2588a2b2066fa84637918d8e4896
mc_366f7319adb79e025795477ceda92db3dd8ef14ab78a70b611b4bc095e60978f,BE_TABULA_14,"Apartment, enclosed",1971-1990,TABULA_advanced_A_proxy,2851cf077281e480136cab6af02d4720b94564326517124af576ab8634ba52a3,rcp_2_6,weather_2050_rcp_2_6_pvgis_2006,pvgis_2006,2006,1707735972,107,central,central,fb59b12e82b041c59cc8a3933745a40e92c5e89aa7df64846e5855fbd3acb00e,2987a546cb3f48253dcdfdc400036a68d1977eddb1012f753e54eca010acedd8,38669e3f0e715d12f919bbd64ba6e09fbb431145f819869ebd01d20e8fde4ed0,4b5b7791539478f9b2562d1b176e235ac7b641e1afdc40c3d5242661d9dbed3d,2ad0e9f7bbdfe12695c931891fd0e8132d060fd7bcbca23623db43d4c7393a5c,561839806dcdb8279ac4e42025bc5a82751f2588a2b2066fa84637918d8e4896
mc_5a8129c6af1787d777b475a91a54b7f6acad889c70788e9ac88afdb71db28721,BE_TABULA_14,"Apartment, enclosed",1971-1990,TABULA_advanced_A_proxy,2851cf077281e480136cab6af02d4720b94564326517124af576ab8634ba52a3,rcp_2_6,weather_2050_rcp_2_6_pvgis_2006,pvgis_2006,2006,1203242319,108,central,central,fb59b12e82b041c59cc8a3933745a40e92c5e89aa7df64846e5855fbd3acb00e,2987a546cb3f48253dcdfdc400036a68d1977eddb1012f753e54eca010acedd8,38669e3f0e715d12f919bbd64ba6e09fbb431145f819869ebd01d20e8fde4ed0,4b5b7791539478f9b2562d1b176e235ac7b641e1afdc40c3d5242661d9dbed3d,2ad0e9f7bbdfe12695c931891fd0e8132d060fd7bcbca23623db43d4c7393a5c,561839806dcdb8279ac4e42025bc5a82751f2588a2b2066fa84637918d8e4896
mc_306c71a1b3f32e85ee4e2f2fbfb6df5c0a8e937e9909f24874a15ed2b460dcb4,BE_TABULA_14,"Apartment, enclosed",1971-1990,TABULA_advanced_A_proxy,2851cf077281e480136cab6af02d4720b94564326517124af576ab8634ba52a3,rcp_2_6,weather_2050_rcp_2_6_pvgis_2006,pvgis_2006,2006,257542045,109,central,central,fb59b12e82b041c59cc8a3933745a40e92c5e89aa7df64846e5855fbd3acb00e,2987a546cb3f48253dcdfdc400036a68d1977eddb1012f753e54eca010acedd8,38669e3f0e715d12f919bbd64ba6e09fbb431145f819869ebd01d20e8fde4ed0,4b5b7791539478f9b2562d1b176e235ac7b641e1afdc40c3d5242661d9dbed3d,2ad0e9f7bbdfe12695c931891fd0e8132d060fd7bcbca23623db43d4c7393a5c,561839806dcdb8279ac4e42025bc5a82751f2588a2b2066fa84637918d8e4896
mc_3ae71ffc315574dcabb2bb61682b9ebaf02c6b4c042c1020504fa6052e3cf4e7,BE_TABULA_14,"Apartment, enclosed",1971-1990,TABULA_advanced_A_proxy,2851cf077281e480136cab6af02d4720b94564326517124af576ab8634ba52a3,rcp_2_6,weather_2050_rcp_2_6_pvgis_2006,pvgis_2006,2006,1750314948,110,central,central,fb59b12e82b041c59cc8a3933745a40e92c5e89aa7df64846e5855fbd3acb00e,2987a546cb3f48253dcdfdc400036a68d1977eddb1012f753e54eca010acedd8,38669e3f0e715d12f919bbd64ba6e09fbb431145f819869ebd01d20e8fde4ed0,4b5b7791539478f9b2562d1b176e235ac7b641e1afdc40c3d5242661d9dbed3d,2ad0e9f7bbdfe12695c931891fd0e8132d060fd7bcbca23623db43d4c7393a5c,561839806dcdb8279ac4e42025bc5a82751f2588a2b2066fa84637918d8e4896
mc_0994b79b0990c3a8de601bf542edfd0a4ee3927a21e056f981bfd95b1cbd8323,BE_TABULA_14,"Apartment, enclosed",1971-1990,TABULA_advanced_A_proxy,2851cf077281e480136cab6af02d4720b94564326517124af576ab8634ba52a3,rcp_2_6,weather_2050_rcp_2_6_pvgis_2006,pvgis_2006,2006,2401247500,111,central,central,fb59b12e82b041c59cc8a3933745a40e92c5e89aa7df64846e5855fbd3acb00e,2987a546cb3f48253dcdfdc400036a68d1977eddb1012f753e54eca010acedd8,38669e3f0e715d12f919bbd64ba6e09fbb431145f819869ebd01d20e8fde4ed0,4b5b7791539478f9b2562d1b176e235ac7b641e1afdc40c3d5242661d9dbed3d,2ad0e9f7bbdfe12695c931891fd0e8132d060fd7bcbca23623db43d4c7393a5c,561839806dcdb8279ac4e42025bc5a82751f2588a2b2066fa84637918d8e4896
mc_f6d9636d5deaa95108e3e829840b96ef4804353fdffb5f253f4b215bf22fad3a,BE_TABULA_14,"Apartment, enclosed",1971-1990,TABULA_advanced_A_proxy,2851cf077281e480136cab6af02d4720b94564326517124af576ab8634ba52a3,rcp_2_6,weather_2050_rcp_2_6_pvgis_2006,pvgis_2006,2006,1109499996,112,central,central,fb59b12e82b041c59cc8a3933745a40e92c5e89aa7df64846e5855fbd3acb00e,2987a546cb3f48253dcdfdc400036a68d1977eddb1012f753e54eca010acedd8,38669e3f0e715d12f919bbd64ba6e09fbb431145f819869ebd01d20e8fde4ed0,4b5b7791539478f9b2562d1b176e235ac7b641e1afdc40c3d5242661d9dbed3d,2ad0e9f7bbdfe12695c931891fd0e8132d060fd7bcbca23623db43d4c7393a5c,561839806dcdb8279ac4e42025bc5a82751f2588a2b2066fa84637918d8e4896
mc_d33a801b85350c3210adf91d236c5d93da23c99333e3f96390c1cebc6ea6b29a,BE_TABULA_14,"Apartment, enclosed",1971-1990,TABULA_advanced_A_proxy,2851cf077281e480136cab6af02d4720b94564326517124af576ab8634ba52a3,rcp_2_6,weather_2050_rcp_2_6_pvgis_2006,pvgis_2006,2006,3243227553,113,central,central,fb59b12e82b041c59cc8a3933745a40e92c5e89aa7df64846e5855fbd3acb00e,2987a546cb3f48253dcdfdc400036a68d1977eddb1012f753e54eca010acedd8,38669e3f0e715d12f919bbd64ba6e09fbb431145f819869ebd01d20e8fde4ed0,4b5b7791539478f9b2562d1b176e235ac7b641e1afdc40c3d5242661d9dbed3d,2ad0e9f7bbdfe12695c931891fd0e8132d060fd7bcbca23623db43d4c7393a5c,561839806dcdb8279ac4e42025bc5a82751f2588a2b2066fa84637918d8e4896
mc_2a26c051535426979483269b8a8104f4988fee4ad31b3fb48ce94b7b036e1dd9,BE_TABULA_14,"Apartment, enclosed",1971-1990,TABULA_advanced_A_proxy,2851cf077281e480136cab6af02d4720b94564326517124af576ab8634ba52a3,rcp_2_6,weather_2050_rcp_2_6_pvgis_2006,pvgis_2006,2006,3434026444,114,central,central,fb59b12e82b041c59cc8a3933745a40e92c5e89aa7df64846e5855fbd3acb00e,2987a546cb3f48253dcdfdc400036a68d1977eddb1012f753e54eca010acedd8,38669e3f0e715d12f919bbd64ba6e09fbb431145f819869ebd01d20e8fde4ed0,4b5b7791539478f9b2562d1b176e235ac7b641e1afdc40c3d5242661d9dbed3d,2ad0e9f7bbdfe12695c931891fd0e8132d060fd7bcbca23623db43d4c7393a5c,561839806dcdb8279ac4e42025bc5a82751f2588a2b2066fa84637918d8e4896
mc_55f5aa459b8b139bce46f60129435e905385c05de63ce9425427301bc67e6b3d,BE_TABULA_14,"Apartment, enclosed",1971-1990,TABULA_advanced_A_proxy,2851cf077281e480136cab6af02d4720b94564326517124af576ab8634ba52a3,rcp_2_6,weather_2050_rcp_2_6_pvgis_2006,pvgis_2006,2006,586221574,115,central,central,fb59b12e82b041c59cc8a3933745a40e92c5e89aa7df64846e5855fbd3acb00e,2987a546cb3f48253dcdfdc400036a68d1977eddb1012f753e54eca010acedd8,38669e3f0e715d12f919bbd64ba6e09fbb431145f819869ebd01d20e8fde4ed0,4b5b7791539478f9b2562d1b176e235ac7b641e1afdc40c3d5242661d9dbed3d,2ad0e9f7bbdfe12695c931891fd0e8132d060fd7bcbca23623db43d4c7393a5c,561839806dcdb8279ac4e42025bc5a82751f2588a2b2066fa84637918d8e4896
mc_7765a03775a31ea8cfac904a7a0e81923fb68924c65e01ab6f35f4c5cc13f380,BE_TABULA_14,"Apartment, enclosed",1971-1990,TABULA_advanced_A_proxy,2851cf077281e480136cab6af02d4720b94564326517124af576ab8634ba52a3,rcp_2_6,weather_2050_rcp_2_6_pvgis_2006,pvgis_2006,2006,1790489491,116,central,central,fb59b12e82b041c59cc8a3933745a40e92c5e89aa7df64846e5855fbd3acb00e,2987a546cb3f48253dcdfdc400036a68d1977eddb1012f753e54eca010acedd8,38669e3f0e715d12f919bbd64ba6e09fbb431145f819869ebd01d20e8fde4ed0,4b5b7791539478f9b2562d1b176e235ac7b641e1afdc40c3d5242661d9dbed3d,2ad0e9f7bbdfe12695c931891fd0e8132d060fd7bcbca23623db43d4c7393a5c,561839806dcdb8279ac4e42025bc5a82751f2588a2b2066fa84637918d8e4896
mc_376a5ff696e324b48cf8890766a8915768309329274a7bcf857a8c354a77bc0f,BE_TABULA_14,"Apartment, enclosed",1971-1990,TABULA_advanced_A_proxy,2851cf077281e480136cab6af02d4720b94564326517124af576ab8634ba52a3,rcp_2_6,weather_2050_rcp_2_6_pvgis_2006,pvgis_2006,2006,3286000813,117,central,central,fb59b12e82b041c59cc8a3933745a40e92c5e89aa7df64846e5855fbd3acb00e,2987a546cb3f48253dcdfdc400036a68d1977eddb1012f753e54eca010acedd8,38669e3f0e715d12f919bbd64ba6e09fbb431145f819869ebd01d20e8fde4ed0,4b5b7791539478f9b2562d1b176e235ac7b641e1afdc40c3d5242661d9dbed3d,2ad0e9f7bbdfe12695c931891fd0e8132d060fd7bcbca23623db43d4c7393a5c,561839806dcdb8279ac4e42025bc5a82751f2588a2b2066fa84637918d8e4896
mc_24c7dc9f23b754d2923527d63279331f4a362dc8ef03608d19af30a13b01c54e,BE_TABULA_14,"Apartment, enclosed",1971-1990,TABULA_advanced_A_proxy,2851cf077281e480136cab6af02d4720b94564326517124af576ab8634ba52a3,rcp_2_6,weather_2050_rcp_2_6_pvgis_2006,pvgis_2006,2006,3422917158,118,central,central,fb59b12e82b041c59cc8a3933745a40e92c5e89aa7df64846e5855fbd3acb00e,2987a546cb3f48253dcdfdc400036a68d1977eddb1012f753e54eca010acedd8,38669e3f0e715d12f919bbd64ba6e09fbb431145f819869ebd01d20e8fde4ed0,4b5b7791539478f9b2562d1b176e235ac7b641e1afdc40c3d5242661d9dbed3d,2ad0e9f7bbdfe12695c931891fd0e8132d060fd7bcbca23623db43d4c7393a5c,561839806dcdb8279ac4e42025bc5a82751f2588a2b2066fa84637918d8e4896
mc_f374d2a30c8694c54711e6f07242aa3b2e8ea205443c990a3625496df984e640,BE_TABULA_14,"Apartment, enclosed",1971-1990,TABULA_advanced_A_proxy,2851cf077281e480136cab6af02d4720b94564326517124af576ab8634ba52a3,rcp_2_6,weather_2050_rcp_2_6_pvgis_2006,pvgis_2006,2006,2634905433,119,central,central,fb59b12e82b041c59cc8a3933745a40e92c5e89aa7df64846e5855fbd3acb00e,2987a546cb3f48253dcdfdc400036a68d1977eddb1012f753e54eca010acedd8,38669e3f0e715d12f919bbd64ba6e09fbb431145f819869ebd01d20e8fde4ed0,4b5b7791539478f9b2562d1b176e235ac7b641e1afdc40c3d5242661d9dbed3d,2ad0e9f7bbdfe12695c931891fd0e8132d060fd7bcbca23623db43d4c7393a5c,561839806dcdb8279ac4e42025bc5a82751f2588a2b2066fa84637918d8e4896
mc_008667009909e18110f6e445e581b776313186a66a97c718568dd04681c4dda0,BE_TABULA_14,"Apartment, enclosed",1971-1990,TABULA_advanced_A_proxy,2851cf077281e480136cab6af02d4720b94564326517124af576ab8634ba52a3,rcp_2_6,weather_2050_rcp_2_6_pvgis_2006,pvgis_2006,2006,3836208712,120,central,central,fb59b12e82b041c59cc8a3933745a40e92c5e89aa7df64846e5855fbd3acb00e,2987a546cb3f48253dcdfdc400036a68d1977eddb1012f753e54eca010acedd8,38669e3f0e715d12f919bbd64ba6e09fbb431145f819869ebd01d20e8fde4ed0,4b5b7791539478f9b2562d1b176e235ac7b641e1afdc40c3d5242661d9dbed3d,2ad0e9f7bbdfe12695c931891fd0e8132d060fd7bcbca23623db43d4c7393a5c,561839806dcdb8279ac4e42025bc5a82751f2588a2b2066fa84637918d8e4896
mc_4994347064d8118fe1bfa5539cfe4c07a144d4b38faa9dcbb68a44e3ff7cda3c,BE_TABULA_14,"Apartment, enclosed",1971-1990,TABULA_advanced_A_proxy,2851cf077281e480136cab6af02d4720b94564326517124af576ab8634ba52a3,rcp_2_6,weather_2050_rcp_2_6_pvgis_2006,pvgis_2006,2006,1011976490,121,central,central,fb59b12e82b041c59cc8a3933745a40e92c5e89aa7df64846e5855fbd3acb00e,2987a546cb3f48253dcdfdc400036a68d1977eddb1012f753e54eca010acedd8,38669e3f0e715d12f919bbd64ba6e09fbb431145f819869ebd01d20e8fde4ed0,4b5b7791539478f9b2562d1b176e235ac7b641e1afdc40c3d5242661d9dbed3d,2ad0e9f7bbdfe12695c931891fd0e8132d060fd7bcbca23623db43d4c7393a5c,561839806dcdb8279ac4e42025bc5a82751f2588a2b2066fa84637918d8e4896
mc_9b9ad6b2f4e352ca652b414420c30ea10fe50b55cacd3e98a3abe7504a2ccbbe,BE_TABULA_14,"Apartment, enclosed",1971-1990,TABULA_advanced_A_proxy,2851cf077281e480136cab6af02d4720b94564326517124af576ab8634ba52a3,rcp_2_6,weather_2050_rcp_2_6_pvgis_2006,pvgis_2006,2006,3890277953,122,central,central,fb59b12e82b041c59cc8a3933745a40e92c5e89aa7df64846e5855fbd3acb00e,2987a546cb3f48253dcdfdc400036a68d1977eddb1012f753e54eca010acedd8,38669e3f0e715d12f919bbd64ba6e09fbb431145f819869ebd01d20e8fde4ed0,4b5b7791539478f9b2562d1b176e235ac7b641e1afdc40c3d5242661d9dbed3d,2ad0e9f7bbdfe12695c931891fd0e8132d060fd7bcbca23623db43d4c7393a5c,561839806dcdb8279ac4e42025bc5a82751f2588a2b2066fa84637918d8e4896
mc_2120c935155d580640ad59739ac9e0e6891bce44f73f4b309a9c8d41a90b47af,BE_TABULA_14,"Apartment, enclosed",1971-1990,TABULA_advanced_A_proxy,2851cf077281e480136cab6af02d4720b94564326517124af576ab8634ba52a3,rcp_2_6,weather_2050_rcp_2_6_pvgis_2006,pvgis_2006,2006,776271248,123,central,central,fb59b12e82b041c59cc8a3933745a40e92c5e89aa7df64846e5855fbd3acb00e,2987a546cb3f48253dcdfdc400036a68d1977eddb1012f753e54eca010acedd8,38669e3f0e715d12f919bbd64ba6e09fbb431145f819869ebd01d20e8fde4ed0,4b5b7791539478f9b2562d1b176e235ac7b641e1afdc40c3d5242661d9dbed3d,2ad0e9f7bbdfe12695c931891fd0e8132d060fd7bcbca23623db43d4c7393a5c,561839806dcdb8279ac4e42025bc5a82751f2588a2b2066fa84637918d8e4896
mc_c214f8f987e409fdd307d9f163aac8395122722adf853fcfc954fe9f257b0e64,BE_TABULA_14,"Apartment, enclosed",1971-1990,TABULA_advanced_A_proxy,2851cf077281e480136cab6af02d4720b94564326517124af576ab8634ba52a3,rcp_2_6,weather_2050_rcp_2_6_pvgis_2006,pvgis_2006,2006,1900787840,124,central,central,fb59b12e82b041c59cc8a3933745a40e92c5e89aa7df64846e5855fbd3acb00e,2987a546cb3f48253dcdfdc400036a68d1977eddb1012f753e54eca010acedd8,38669e3f0e715d12f919bbd64ba6e09fbb431145f819869ebd01d20e8fde4ed0,4b5b7791539478f9b2562d1b176e235ac7b641e1afdc40c3d5242661d9dbed3d,2ad0e9f7bbdfe12695c931891fd0e8132d060fd7bcbca23623db43d4c7393a5c,561839806dcdb8279ac4e42025bc5a82751f2588a2b2066fa84637918d8e4896
mc_98f03c14ada036bd59c1c01ff7ddc8c4d5dcafecc5efbb5508e2452782cb86f4,BE_TABULA_14,"Apartment, enclosed",1971-1990,TABULA_advanced_A_proxy,2851cf077281e480136cab6af02d4720b94564326517124af576ab8634ba52a3,rcp_2_6,weather_2050_rcp_2_6_pvgis_2006,pvgis_2006,2006,1062724148,125,central,central,fb59b12e82b041c59cc8a3933745a40e92c5e89aa7df64846e5855fbd3acb00e,2987a546cb3f48253dcdfdc400036a68d1977eddb1012f753e54eca010acedd8,38669e3f0e715d12f919bbd64ba6e09fbb431145f819869ebd01d20e8fde4ed0,4b5b7791539478f9b2562d1b176e235ac7b641e1afdc40c3d5242661d9dbed3d,2ad0e9f7bbdfe12695c931891fd0e8132d060fd7bcbca23623db43d4c7393a5c,561839806dcdb8279ac4e42025bc5a82751f2588a2b2066fa84637918d8e4896
mc_0a5e068d3be03ae466f69ad5e48c9319b6d6768de6c0825503018d68b187e7bf,BE_TABULA_14,"Apartment, enclosed",1971-1990,TABULA_advanced_A_proxy,2851cf077281e480136cab6af02d4720b94564326517124af576ab8634ba52a3,rcp_2_6,weather_2050_rcp_2_6_pvgis_2006,pvgis_2006,2006,2674825830,126,central,central,fb59b12e82b041c59cc8a3933745a40e92c5e89aa7df64846e5855fbd3acb00e,2987a546cb3f48253dcdfdc400036a68d1977eddb1012f753e54eca010acedd8,38669e3f0e715d12f919bbd64ba6e09fbb431145f819869ebd01d20e8fde4ed0,4b5b7791539478f9b2562d1b176e235ac7b641e1afdc40c3d5242661d9dbed3d,2ad0e9f7bbdfe12695c931891fd0e8132d060fd7bcbca23623db43d4c7393a5c,561839806dcdb8279ac4e42025bc5a82751f2588a2b2066fa84637918d8e4896
mc_c28246d8f8ddac0228be6b20a854384d3cae2e9575f167ada2f63b53d88340fb,BE_TABULA_14,"Apartment, enclosed",1971-1990,TABULA_advanced_A_proxy,2851cf077281e480136cab6af02d4720b94564326517124af576ab8634ba52a3,rcp_2_6,weather_2050_rcp_2_6_pvgis_2006,pvgis_2006,2006,1053006648,127,central,central,fb59b12e82b041c59cc8a3933745a40e92c5e89aa7df64846e5855fbd3acb00e,2987a546cb3f48253dcdfdc400036a68d1977eddb1012f753e54eca010acedd8,38669e3f0e715d12f919bbd64ba6e09fbb431145f819869ebd01d20e8fde4ed0,4b5b7791539478f9b2562d1b176e235ac7b641e1afdc40c3d5242661d9dbed3d,2ad0e9f7bbdfe12695c931891fd0e8132d060fd7bcbca23623db43d4c7393a5c,561839806dcdb8279ac4e42025bc5a82751f2588a2b2066fa84637918d8e4896
mc_660e5a0b573e9ebbe06a54726966ea2d1f9d2825a81a2aa75beb4fd5a3d0fc40,BE_TABULA_14,"Apartment, enclosed",1971-1990,TABULA_advanced_A_proxy,2851cf077281e480136cab6af02d4720b94564326517124af576ab8634ba52a3,rcp_2_6,weather_2050_rcp_2_6_pvgis_2006,pvgis_2006,2006,3482630119,128,central,central,fb59b12e82b041c59cc8a3933745a40e92c5e89aa7df64846e5855fbd3acb00e,2987a546cb3f48253dcdfdc400036a68d1977eddb1012f753e54eca010acedd8,38669e3f0e715d12f919bbd64ba6e09fbb431145f819869ebd01d20e8fde4ed0,4b5b7791539478f9b2562d1b176e235ac7b641e1afdc40c3d5242661d9dbed3d,2ad0e9f7bbdfe12695c931891fd0e8132d060fd7bcbca23623db43d4c7393a5c,561839806dcdb8279ac4e42025bc5a82751f2588a2b2066fa84637918d8e4896
mc_b14ed49846cd2c10ea90384a05612cf2445de38b531cfb082f5b675832768424,BE_TABULA_14,"Apartment, enclosed",1971-1990,TABULA_advanced_A_proxy,2851cf077281e480136cab6af02d4720b94564326517124af576ab8634ba52a3,rcp_2_6,weather_2050_rcp_2_6_pvgis_2006,pvgis_2006,2006,11823356,129,central,central,fb59b12e82b041c59cc8a3933745a40e92c5e89aa7df64846e5855fbd3acb00e,2987a546cb3f48253dcdfdc400036a68d1977eddb1012f753e54eca010acedd8,38669e3f0e715d12f919bbd64ba6e09fbb431145f819869ebd01d20e8fde4ed0,4b5b7791539478f9b2562d1b176e235ac7b641e1afdc40c3d5242661d9dbed3d,2ad0e9f7bbdfe12695c931891fd0e8132d060fd7bcbca23623db43d4c7393a5c,561839806dcdb8279ac4e42025bc5a82751f2588a2b2066fa84637918d8e4896
mc_de7d3620c41c167df9cd38fe99b8151d2619d36bfb398c637324c7f184c02326,BE_TABULA_14,"Apartment, enclosed",1971-1990,TABULA_advanced_A_proxy,2851cf077281e480136cab6af02d4720b94564326517124af576ab8634ba52a3,rcp_2_6,weather_2050_rcp_2_6_pvgis_2006,pvgis_2006,2006,1148551946,130,central,central,fb59b12e82b041c59cc8a3933745a40e92c5e89aa7df64846e5855fbd3acb00e,2987a546cb3f48253dcdfdc400036a68d1977eddb1012f753e54eca010acedd8,38669e3f0e715d12f919bbd64ba6e09fbb431145f819869ebd01d20e8fde4ed0,4b5b7791539478f9b2562d1b176e235ac7b641e1afdc40c3d5242661d9dbed3d,2ad0e9f7bbdfe12695c931891fd0e8132d060fd7bcbca23623db43d4c7393a5c,561839806dcdb8279ac4e42025bc5a82751f2588a2b2066fa84637918d8e4896
mc_2f43aea0454a8607030228cf5a1a9c0dafe52cf2c58ce8d9f80992cdffa27331,BE_TABULA_14,"Apartment, enclosed",1971-1990,TABULA_advanced_A_proxy,2851cf077281e480136cab6af02d4720b94564326517124af576ab8634ba52a3,rcp_2_6,weather_2050_rcp_2_6_pvgis_2006,pvgis_2006,2006,919568898,131,central,central,fb59b12e82b041c59cc8a3933745a40e92c5e89aa7df64846e5855fbd3acb00e,2987a546cb3f48253dcdfdc400036a68d1977eddb1012f753e54eca010acedd8,38669e3f0e715d12f919bbd64ba6e09fbb431145f819869ebd01d20e8fde4ed0,4b5b7791539478f9b2562d1b176e235ac7b641e1afdc40c3d5242661d9dbed3d,2ad0e9f7bbdfe12695c931891fd0e8132d060fd7bcbca23623db43d4c7393a5c,561839806dcdb8279ac4e42025bc5a82751f2588a2b2066fa84637918d8e4896
mc_a1af62f5747bb1c006bb876bb7153bdae4fd7aa080a51ac66142d1b413ea870d,BE_TABULA_14,"Apartment, enclosed",1971-1990,TABULA_advanced_A_proxy,2851cf077281e480136cab6af02d4720b94564326517124af576ab8634ba52a3,rcp_2_6,weather_2050_rcp_2_6_pvgis_2006,pvgis_2006,2006,3039625071,132,central,central,fb59b12e82b041c59cc8a3933745a40e92c5e89aa7df64846e5855fbd3acb00e,2987a546cb3f48253dcdfdc400036a68d1977eddb1012f753e54eca010acedd8,38669e3f0e715d12f919bbd64ba6e09fbb431145f819869ebd01d20e8fde4ed0,4b5b7791539478f9b2562d1b176e235ac7b641e1afdc40c3d5242661d9dbed3d,2ad0e9f7bbdfe12695c931891fd0e8132d060fd7bcbca23623db43d4c7393a5c,561839806dcdb8279ac4e42025bc5a82751f2588a2b2066fa84637918d8e4896
mc_55ae4bafd87bbd9aa1c5f1e799024ca86abce97058ad825dd6d134bea0d84ff6,BE_TABULA_14,"Apartment, enclosed",1971-1990,TABULA_advanced_A_proxy,2851cf077281e480136cab6af02d4720b94564326517124af576ab8634ba52a3,rcp_2_6,weather_2050_rcp_2_6_pvgis_2006,pvgis_2006,2006,2908346779,133,central,central,fb59b12e82b041c59cc8a3933745a40e92c5e89aa7df64846e5855fbd3acb00e,2987a546cb3f48253dcdfdc400036a68d1977eddb1012f753e54eca010acedd8,38669e3f0e715d12f919bbd64ba6e09fbb431145f819869ebd01d20e8fde4ed0,4b5b7791539478f9b2562d1b176e235ac7b641e1afdc40c3d5242661d9dbed3d,2ad0e9f7bbdfe12695c931891fd0e8132d060fd7bcbca23623db43d4c7393a5c,561839806dcdb8279ac4e42025bc5a82751f2588a2b2066fa84637918d8e4896
mc_ef628c282c71d1aaa4dd4508020d6679bab44cddb9a339b90cb68baae931ad1c,BE_TABULA_14,"Apartment, enclosed",1971-1990,TABULA_advanced_A_proxy,2851cf077281e480136cab6af02d4720b94564326517124af576ab8634ba52a3,rcp_2_6,weather_2050_rcp_2_6_pvgis_2006,pvgis_2006,2006,4181595953,134,central,central,fb59b12e82b041c59cc8a3933745a40e92c5e89aa7df64846e5855fbd3acb00e,2987a546cb3f48253dcdfdc400036a68d1977eddb1012f753e54eca010acedd8,38669e3f0e715d12f919bbd64ba6e09fbb431145f819869ebd01d20e8fde4ed0,4b5b7791539478f9b2562d1b176e235ac7b641e1afdc40c3d5242661d9dbed3d,2ad0e9f7bbdfe12695c931891fd0e8132d060fd7bcbca23623db43d4c7393a5c,561839806dcdb8279ac4e42025bc5a82751f2588a2b2066fa84637918d8e4896
mc_29a82975828e8d80c0373baba8645140a322673eda8bf1b15ba5da3c6742fdd1,BE_TABULA_14,"Apartment, enclosed",1971-1990,TABULA_advanced_A_proxy,2851cf077281e480136cab6af02d4720b94564326517124af576ab8634ba52a3,rcp_2_6,weather_2050_rcp_2_6_pvgis_2006,pvgis_2006,2006,115385883,135,central,central,fb59b12e82b041c59cc8a3933745a40e92c5e89aa7df64846e5855fbd3acb00e,2987a546cb3f48253dcdfdc400036a68d1977eddb1012f753e54eca010acedd8,38669e3f0e715d12f919bbd64ba6e09fbb431145f819869ebd01d20e8fde4ed0,4b5b7791539478f9b2562d1b176e235ac7b641e1afdc40c3d5242661d9dbed3d,2ad0e9f7bbdfe12695c931891fd0e8132d060fd7bcbca23623db43d4c7393a5c,561839806dcdb8279ac4e42025bc5a82751f2588a2b2066fa84637918d8e4896
mc_72bde9b3700df8fa7ae69f6e043e794d190b266552bbc8a9258c46c1e7b087f7,BE_TABULA_14,"Apartment, enclosed",1971-1990,TABULA_advanced_A_proxy,2851cf077281e480136cab6af02d4720b94564326517124af576ab8634ba52a3,rcp_2_6,weather_2050_rcp_2_6_pvgis_2006,pvgis_2006,2006,1189564474,136,central,central,fb59b12e82b041c59cc8a3933745a40e92c5e89aa7df64846e5855fbd3acb00e,2987a546cb3f48253dcdfdc400036a68d1977eddb1012f753e54eca010acedd8,38669e3f0e715d12f919bbd64ba6e09fbb431145f819869ebd01d20e8fde4ed0,4b5b7791539478f9b2562d1b176e235ac7b641e1afdc40c3d5242661d9dbed3d,2ad0e9f7bbdfe12695c931891fd0e8132d060fd7bcbca23623db43d4c7393a5c,561839806dcdb8279ac4e42025bc5a82751f2588a2b2066fa84637918d8e4896
mc_18cd51e91388b4bb5dd33ef3c70d5dca833e52d2f45d3c9e35d4b425b1715d0a,BE_TABULA_14,"Apartment, enclosed",1971-1990,TABULA_advanced_A_proxy,2851cf077281e480136cab6af02d4720b94564326517124af576ab8634ba52a3,rcp_2_6,weather_2050_rcp_2_6_pvgis_2006,pvgis_2006,2006,424842177,137,central,central,fb59b12e82b041c59cc8a3933745a40e92c5e89aa7df64846e5855fbd3acb00e,2987a546cb3f48253dcdfdc400036a68d1977eddb1012f753e54eca010acedd8,38669e3f0e715d12f919bbd64ba6e09fbb431145f819869ebd01d20e8fde4ed0,4b5b7791539478f9b2562d1b176e235ac7b641e1afdc40c3d5242661d9dbed3d,2ad0e9f7bbdfe12695c931891fd0e8132d060fd7bcbca23623db43d4c7393a5c,561839806dcdb8279ac4e42025bc5a82751f2588a2b2066fa84637918d8e4896
mc_dede27f7492a8a324e33f45a9b47e6a344a927653cfd847829c5a06a2045cda5,BE_TABULA_14,"Apartment, enclosed",1971-1990,TABULA_advanced_A_proxy,2851cf077281e480136cab6af02d4720b94564326517124af576ab8634ba52a3,rcp_2_6,weather_2050_rcp_2_6_pvgis_2006,pvgis_2006,2006,2648616802,138,central,central,fb59b12e82b041c59cc8a3933745a40e92c5e89aa7df64846e5855fbd3acb00e,2987a546cb3f48253dcdfdc400036a68d1977eddb1012f753e54eca010acedd8,38669e3f0e715d12f919bbd64ba6e09fbb431145f819869ebd01d20e8fde4ed0,4b5b7791539478f9b2562d1b176e235ac7b641e1afdc40c3d5242661d9dbed3d,2ad0e9f7bbdfe12695c931891fd0e8132d060fd7bcbca23623db43d4c7393a5c,561839806dcdb8279ac4e42025bc5a82751f2588a2b2066fa84637918d8e4896
mc_974257d6cb6e50d59765723906998c47d355312d4e4e49400fac4bd2ba25361a,BE_TABULA_14,"Apartment, enclosed",1971-1990,TABULA_advanced_A_proxy,2851cf077281e480136cab6af02d4720b94564326517124af576ab8634ba52a3,rcp_2_6,weather_2050_rcp_2_6_pvgis_2006,pvgis_2006,2006,2295453719,139,central,central,fb59b12e82b041c59cc8a3933745a40e92c5e89aa7df64846e5855fbd3acb00e,2987a546cb3f48253dcdfdc400036a68d1977eddb1012f753e54eca010acedd8,38669e3f0e715d12f919bbd64ba6e09fbb431145f819869ebd01d20e8fde4ed0,4b5b7791539478f9b2562d1b176e235ac7b641e1afdc40c3d5242661d9dbed3d,2ad0e9f7bbdfe12695c931891fd0e8132d060fd7bcbca23623db43d4c7393a5c,561839806dcdb8279ac4e42025bc5a82751f2588a2b2066fa84637918d8e4896
mc_668777e140990090f4e29db793b8cdd69969162b54224744412c1006b5652699,BE_TABULA_14,"Apartment, enclosed",1971-1990,TABULA_advanced_A_proxy,2851cf077281e480136cab6af02d4720b94564326517124af576ab8634ba52a3,rcp_2_6,weather_2050_rcp_2_6_pvgis_2006,pvgis_2006,2006,3106430030,140,central,central,fb59b12e82b041c59cc8a3933745a40e92c5e89aa7df64846e5855fbd3acb00e,2987a546cb3f48253dcdfdc400036a68d1977eddb1012f753e54eca010acedd8,38669e3f0e715d12f919bbd64ba6e09fbb431145f819869ebd01d20e8fde4ed0,4b5b7791539478f9b2562d1b176e235ac7b641e1afdc40c3d5242661d9dbed3d,2ad0e9f7bbdfe12695c931891fd0e8132d060fd7bcbca23623db43d4c7393a5c,561839806dcdb8279ac4e42025bc5a82751f2588a2b2066fa84637918d8e4896
mc_5b3ae7011ceaad5e302815cb37da24f467686d0582cfcfd1a410f5e42a34a8a0,BE_TABULA_14,"Apartment, enclosed",1971-1990,TABULA_advanced_A_proxy,2851cf077281e480136cab6af02d4720b94564326517124af576ab8634ba52a3,rcp_2_6,weather_2050_rcp_2_6_pvgis_2006,pvgis_2006,2006,342939150,141,central,central,fb59b12e82b041c59cc8a3933745a40e92c5e89aa7df64846e5855fbd3acb00e,2987a546cb3f48253dcdfdc400036a68d1977eddb1012f753e54eca010acedd8,38669e3f0e715d12f919bbd64ba6e09fbb431145f819869ebd01d20e8fde4ed0,4b5b7791539478f9b2562d1b176e235ac7b641e1afdc40c3d5242661d9dbed3d,2ad0e9f7bbdfe12695c931891fd0e8132d060fd7bcbca23623db43d4c7393a5c,561839806dcdb8279ac4e42025bc5a82751f2588a2b2066fa84637918d8e4896
mc_601f25a85ad3b179c839bb3fa6ea9fad3854a3dfc0f14b0517eb5e60074e7818,BE_TABULA_14,"Apartment, enclosed",1971-1990,TABULA_advanced_A_proxy,2851cf077281e480136cab6af02d4720b94564326517124af576ab8634ba52a3,rcp_2_6,weather_2050_rcp_2_6_pvgis_2006,pvgis_2006,2006,928419318,142,central,central,fb59b12e82b041c59cc8a3933745a40e92c5e89aa7df64846e5855fbd3acb00e,2987a546cb3f48253dcdfdc400036a68d1977eddb1012f753e54eca010acedd8,38669e3f0e715d12f919bbd64ba6e09fbb431145f819869ebd01d20e8fde4ed0,4b5b7791539478f9b2562d1b176e235ac7b641e1afdc40c3d5242661d9dbed3d,2ad0e9f7bbdfe12695c931891fd0e8132d060fd7bcbca23623db43d4c7393a5c,561839806dcdb8279ac4e42025bc5a82751f2588a2b2066fa84637918d8e4896
mc_240eac016bd1c7023e0ffde4b7f55d4585768472fb000b7c5304e1c9d6be50b9,BE_TABULA_14,"Apartment, enclosed",1971-1990,TABULA_advanced_A_proxy,2851cf077281e480136cab6af02d4720b94564326517124af576ab8634ba52a3,rcp_2_6,weather_2050_rcp_2_6_pvgis_2006,pvgis_2006,2006,383233399,143,central,central,fb59b12e82b041c59cc8a3933745a40e92c5e89aa7df64846e5855fbd3acb00e,2987a546cb3f48253dcdfdc400036a68d1977eddb1012f753e54eca010acedd8,38669e3f0e715d12f919bbd64ba6e09fbb431145f819869ebd01d20e8fde4ed0,4b5b7791539478f9b2562d1b176e235ac7b641e1afdc40c3d5242661d9dbed3d,2ad0e9f7bbdfe12695c931891fd0e8132d060fd7bcbca23623db43d4c7393a5c,561839806dcdb8279ac4e42025bc5a82751f2588a2b2066fa84637918d8e4896
mc_210b318eb542f6a35c3a46fe27a7b58ada3b7045c7a441a54f30d14e35f2b0b8,BE_TABULA_14,"Apartment, enclosed",1971-1990,TABULA_advanced_A_proxy,2851cf077281e480136cab6af02d4720b94564326517124af576ab8634ba52a3,rcp_2_6,weather_2050_rcp_2_6_pvgis_2006,pvgis_2006,2006,2361976829,144,central,central,fb59b12e82b041c59cc8a3933745a40e92c5e89aa7df64846e5855fbd3acb00e,2987a546cb3f48253dcdfdc400036a68d1977eddb1012f753e54eca010acedd8,38669e3f0e715d12f919bbd64ba6e09fbb431145f819869ebd01d20e8fde4ed0,4b5b7791539478f9b2562d1b176e235ac7b641e1afdc40c3d5242661d9dbed3d,2ad0e9f7bbdfe12695c931891fd0e8132d060fd7bcbca23623db43d4c7393a5c,561839806dcdb8279ac4e42025bc5a82751f2588a2b2066fa84637918d8e4896
mc_078c8a7d0b31eecbaa68c307fae21e46e3f02f3cd6c05756c1a9be27643fcf95,BE_TABULA_14,"Apartment, enclosed",1971-1990,TABULA_advanced_A_proxy,2851cf077281e480136cab6af02d4720b94564326517124af576ab8634ba52a3,rcp_2_6,weather_2050_rcp_2_6_pvgis_2006,pvgis_2006,2006,723624264,145,central,central,fb59b12e82b041c59cc8a3933745a40e92c5e89aa7df64846e5855fbd3acb00e,2987a546cb3f48253dcdfdc400036a68d1977eddb1012f753e54eca010acedd8,38669e3f0e715d12f919bbd64ba6e09fbb431145f819869ebd01d20e8fde4ed0,4b5b7791539478f9b2562d1b176e235ac7b641e1afdc40c3d5242661d9dbed3d,2ad0e9f7bbdfe12695c931891fd0e8132d060fd7bcbca23623db43d4c7393a5c,561839806dcdb8279ac4e42025bc5a82751f2588a2b2066fa84637918d8e4896
mc_db1e58ca0c770f8cfde94ed987826375853098b4b37fe1c4fa8b8e98e4878f5c,BE_TABULA_14,"Apartment, enclosed",1971-1990,TABULA_advanced_A_proxy,2851cf077281e480136cab6af02d4720b94564326517124af576ab8634ba52a3,rcp_2_6,weather_2050_rcp_2_6_pvgis_2006,pvgis_2006,2006,4113141974,146,central,central,fb59b12e82b041c59cc8a3933745a40e92c5e89aa7df64846e5855fbd3acb00e,2987a546cb3f48253dcdfdc400036a68d1977eddb1012f753e54eca010acedd8,38669e3f0e715d12f919bbd64ba6e09fbb431145f819869ebd01d20e8fde4ed0,4b5b7791539478f9b2562d1b176e235ac7b641e1afdc40c3d5242661d9dbed3d,2ad0e9f7bbdfe12695c931891fd0e8132d060fd7bcbca23623db43d4c7393a5c,561839806dcdb8279ac4e42025bc5a82751f2588a2b2066fa84637918d8e4896
mc_405c20cad84051ae5c9979ddfe9abf7591098d396e430d8ffa8bc56ebb6592c4,BE_TABULA_14,"Apartment, enclosed",1971-1990,TABULA_advanced_A_proxy,2851cf077281e480136cab6af02d4720b94564326517124af576ab8634ba52a3,rcp_2_6,weather_2050_rcp_2_6_pvgis_2006,pvgis_2006,2006,165987770,147,central,central,fb59b12e82b041c59cc8a3933745a40e92c5e89aa7df64846e5855fbd3acb00e,2987a546cb3f48253dcdfdc400036a68d1977eddb1012f753e54eca010acedd8,38669e3f0e715d12f919bbd64ba6e09fbb431145f819869ebd01d20e8fde4ed0,4b5b7791539478f9b2562d1b176e235ac7b641e1afdc40c3d5242661d9dbed3d,2ad0e9f7bbdfe12695c931891fd0e8132d060fd7bcbca23623db43d4c7393a5c,561839806dcdb8279ac4e42025bc5a82751f2588a2b2066fa84637918d8e4896
mc_f2fee435a04b5a1a23ddafb6630e306ead7c70286e5e355324d71b791ffb7dec,BE_TABULA_14,"Apartment, enclosed",1971-1990,TABULA_advanced_A_proxy,2851cf077281e480136cab6af02d4720b94564326517124af576ab8634ba52a3,rcp_2_6,weather_2050_rcp_2_6_pvgis_2006,pvgis_2006,2006,4048212796,148,central,central,fb59b12e82b041c59cc8a3933745a40e92c5e89aa7df64846e5855fbd3acb00e,2987a546cb3f48253dcdfdc400036a68d1977eddb1012f753e54eca010acedd8,38669e3f0e715d12f919bbd64ba6e09fbb431145f819869ebd01d20e8fde4ed0,4b5b7791539478f9b2562d1b176e235ac7b641e1afdc40c3d5242661d9dbed3d,2ad0e9f7bbdfe12695c931891fd0e8132d060fd7bcbca23623db43d4c7393a5c,561839806dcdb8279ac4e42025bc5a82751f2588a2b2066fa84637918d8e4896
mc_268529cdcc5940eec034006e913a0cc5dc19a153ec82199c2167ca8d60ff952f,BE_TABULA_14,"Apartment, enclosed",1971-1990,TABULA_advanced_A_proxy,2851cf077281e480136cab6af02d4720b94564326517124af576ab8634ba52a3,rcp_2_6,weather_2050_rcp_2_6_pvgis_2006,pvgis_2006,2006,80031975,149,central,central,fb59b12e82b041c59cc8a3933745a40e92c5e89aa7df64846e5855fbd3acb00e,2987a546cb3f48253dcdfdc400036a68d1977eddb1012f753e54eca010acedd8,38669e3f0e715d12f919bbd64ba6e09fbb431145f819869ebd01d20e8fde4ed0,4b5b7791539478f9b2562d1b176e235ac7b641e1afdc40c3d5242661d9dbed3d,2ad0e9f7bbdfe12695c931891fd0e8132d060fd7bcbca23623db43d4c7393a5c,561839806dcdb8279ac4e42025bc5a82751f2588a2b2066fa84637918d8e4896
mc_cf6191e5c46cb6737f0aa61bc7ec72ddbf733614aa450542a741b13d9196fd01,BE_TABULA_14,"Apartment, enclosed",1971-1990,TABULA_advanced_A_proxy,2851cf077281e480136cab6af02d4720b94564326517124af576ab8634ba52a3,rcp_2_6,weather_2050_rcp_2_6_pvgis_2006,pvgis_2006,2006,2116466165,150,central,central,fb59b12e82b041c59cc8a3933745a40e92c5e89aa7df64846e5855fbd3acb00e,2987a546cb3f48253dcdfdc400036a68d1977eddb1012f753e54eca010acedd8,38669e3f0e715d12f919bbd64ba6e09fbb431145f819869ebd01d20e8fde4ed0,4b5b7791539478f9b2562d1b176e235ac7b641e1afdc40c3d5242661d9dbed3d,2ad0e9f7bbdfe12695c931891fd0e8132d060fd7bcbca23623db43d4c7393a5c,561839806dcdb8279ac4e42025bc5a82751f2588a2b2066fa84637918d8e4896
mc_f6c2272ee05c462149205d6d2172e4a1b8f578b7db4eb4927c5f535bb0a97970,BE_TABULA_14,"Apartment, enclosed",1971-1990,TABULA_advanced_A_proxy,2851cf077281e480136cab6af02d4720b94564326517124af576ab8634ba52a3,rcp_2_6,weather_2050_rcp_2_6_pvgis_2006,pvgis_2006,2006,4202739625,151,central,central,fb59b12e82b041c59cc8a3933745a40e92c5e89aa7df64846e5855fbd3acb00e,2987a546cb3f48253dcdfdc400036a68d1977eddb1012f753e54eca010acedd8,38669e3f0e715d12f919bbd64ba6e09fbb431145f819869ebd01d20e8fde4ed0,4b5b7791539478f9b2562d1b176e235ac7b641e1afdc40c3d5242661d9dbed3d,2ad0e9f7bbdfe12695c931891fd0e8132d060fd7bcbca23623db43d4c7393a5c,561839806dcdb8279ac4e42025bc5a82751f2588a2b2066fa84637918d8e4896
mc_75c71fcccabc8210317c80020d2dec9dee95d2fc021e3387b1f91b021ffb8e9e,BE_TABULA_14,"Apartment, enclosed",1971-1990,TABULA_advanced_A_proxy,2851cf077281e480136cab6af02d4720b94564326517124af576ab8634ba52a3,rcp_2_6,weather_2050_rcp_2_6_pvgis_2006,pvgis_2006,2006,407954113,152,central,central,fb59b12e82b041c59cc8a3933745a40e92c5e89aa7df64846e5855fbd3acb00e,2987a546cb3f48253dcdfdc400036a68d1977eddb1012f753e54eca010acedd8,38669e3f0e715d12f919bbd64ba6e09fbb431145f819869ebd01d20e8fde4ed0,4b5b7791539478f9b2562d1b176e235ac7b641e1afdc40c3d5242661d9dbed3d,2ad0e9f7bbdfe12695c931891fd0e8132d060fd7bcbca23623db43d4c7393a5c,561839806dcdb8279ac4e42025bc5a82751f2588a2b2066fa84637918d8e4896
mc_06310fd0bdbe81d1debb460c2336ae07402ef20ba641e6e6d98b249cbde1187d,BE_TABULA_14,"Apartment, enclosed",1971-1990,TABULA_advanced_A_proxy,2851cf077281e480136cab6af02d4720b94564326517124af576ab8634ba52a3,rcp_2_6,weather_2050_rcp_2_6_pvgis_2006,pvgis_2006,2006,4263995439,153,central,central,fb59b12e82b041c59cc8a3933745a40e92c5e89aa7df64846e5855fbd3acb00e,2987a546cb3f48253dcdfdc400036a68d1977eddb1012f753e54eca010acedd8,38669e3f0e715d12f919bbd64ba6e09fbb431145f819869ebd01d20e8fde4ed0,4b5b7791539478f9b2562d1b176e235ac7b641e1afdc40c3d5242661d9dbed3d,2ad0e9f7bbdfe12695c931891fd0e8132d060fd7bcbca23623db43d4c7393a5c,561839806dcdb8279ac4e42025bc5a82751f2588a2b2066fa84637918d8e4896
mc_285b2901df5d01e16d677580d98913c0ba860281e2582fbcfc099bd04079c786,BE_TABULA_14,"Apartment, enclosed",1971-1990,TABULA_advanced_A_proxy,2851cf077281e480136cab6af02d4720b94564326517124af576ab8634ba52a3,rcp_2_6,weather_2050_rcp_2_6_pvgis_2006,pvgis_2006,2006,1886112852,154,central,central,fb59b12e82b041c59cc8a3933745a40e92c5e89aa7df64846e5855fbd3acb00e,2987a546cb3f48253dcdfdc400036a68d1977eddb1012f753e54eca010acedd8,38669e3f0e715d12f919bbd64ba6e09fbb431145f819869ebd01d20e8fde4ed0,4b5b7791539478f9b2562d1b176e235ac7b641e1afdc40c3d5242661d9dbed3d,2ad0e9f7bbdfe12695c931891fd0e8132d060fd7bcbca23623db43d4c7393a5c,561839806dcdb8279ac4e42025bc5a82751f2588a2b2066fa84637918d8e4896
mc_9a2f5b16f1f01df11fdeba4a6ab9a52dde085088ae44179d16650a269665a060,BE_TABULA_14,"Apartment, enclosed",1971-1990,TABULA_advanced_A_proxy,2851cf077281e480136cab6af02d4720b94564326517124af576ab8634ba52a3,rcp_2_6,weather_2050_rcp_2_6_pvgis_2006,pvgis_2006,2006,3969387698,155,central,central,fb59b12e82b041c59cc8a3933745a40e92c5e89aa7df64846e5855fbd3acb00e,2987a546cb3f48253dcdfdc400036a68d1977eddb1012f753e54eca010acedd8,38669e3f0e715d12f919bbd64ba6e09fbb431145f819869ebd01d20e8fde4ed0,4b5b7791539478f9b2562d1b176e235ac7b641e1afdc40c3d5242661d9dbed3d,2ad0e9f7bbdfe12695c931891fd0e8132d060fd7bcbca23623db43d4c7393a5c,561839806dcdb8279ac4e42025bc5a82751f2588a2b2066fa84637918d8e4896
mc_2d9f38e6bcf99d2767afc468ac9d3230bd030b11a8fff95a04dc6bd5861f4c8d,BE_TABULA_14,"Apartment, enclosed",1971-1990,TABULA_advanced_A_proxy,2851cf077281e480136cab6af02d4720b94564326517124af576ab8634ba52a3,rcp_2_6,weather_2050_rcp_2_6_pvgis_2006,pvgis_2006,2006,4282019026,156,central,central,fb59b12e82b041c59cc8a3933745a40e92c5e89aa7df64846e5855fbd3acb00e,2987a546cb3f48253dcdfdc400036a68d1977eddb1012f753e54eca010acedd8,38669e3f0e715d12f919bbd64ba6e09fbb431145f819869ebd01d20e8fde4ed0,4b5b7791539478f9b2562d1b176e235ac7b641e1afdc40c3d5242661d9dbed3d,2ad0e9f7bbdfe12695c931891fd0e8132d060fd7bcbca23623db43d4c7393a5c,561839806dcdb8279ac4e42025bc5a82751f2588a2b2066fa84637918d8e4896
mc_28b1d54aa07d800841b6ecec2ad2fdc34889901685f4b967568e3f895a35d26c,BE_TABULA_14,"Apartment, enclosed",1971-1990,TABULA_advanced_A_proxy,2851cf077281e480136cab6af02d4720b94564326517124af576ab8634ba52a3,rcp_2_6,weather_2050_rcp_2_6_pvgis_2006,pvgis_2006,2006,3013076802,157,central,central,fb59b12e82b041c59cc8a3933745a40e92c5e89aa7df64846e5855fbd3acb00e,2987a546cb3f48253dcdfdc400036a68d1977eddb1012f753e54eca010acedd8,38669e3f0e715d12f919bbd64ba6e09fbb431145f819869ebd01d20e8fde4ed0,4b5b7791539478f9b2562d1b176e235ac7b641e1afdc40c3d5242661d9dbed3d,2ad0e9f7bbdfe12695c931891fd0e8132d060fd7bcbca23623db43d4c7393a5c,561839806dcdb8279ac4e42025bc5a82751f2588a2b2066fa84637918d8e4896
mc_42d0bb2be2f1c9efc97df807fd663ef709832287c8427da25247960ef764d95e,BE_TABULA_14,"Apartment, enclosed",1971-1990,TABULA_advanced_A_proxy,2851cf077281e480136cab6af02d4720b94564326517124af576ab8634ba52a3,rcp_2_6,weather_2050_rcp_2_6_pvgis_2006,pvgis_2006,2006,2641806699,158,central,central,fb59b12e82b041c59cc8a3933745a40e92c5e89aa7df64846e5855fbd3acb00e,2987a546cb3f48253dcdfdc400036a68d1977eddb1012f753e54eca010acedd8,38669e3f0e715d12f919bbd64ba6e09fbb431145f819869ebd01d20e8fde4ed0,4b5b7791539478f9b2562d1b176e235ac7b641e1afdc40c3d5242661d9dbed3d,2ad0e9f7bbdfe12695c931891fd0e8132d060fd7bcbca23623db43d4c7393a5c,561839806dcdb8279ac4e42025bc5a82751f2588a2b2066fa84637918d8e4896
mc_d1c71d6b4370a17d9d676674f29024ea052ec984e1ae4b7680b7fd04d36f2492,BE_TABULA_14,"Apartment, enclosed",1971-1990,TABULA_advanced_A_proxy,2851cf077281e480136cab6af02d4720b94564326517124af576ab8634ba52a3,rcp_2_6,weather_2050_rcp_2_6_pvgis_2006,pvgis_2006,2006,484202279,159,central,central,fb59b12e82b041c59cc8a3933745a40e92c5e89aa7df64846e5855fbd3acb00e,2987a546cb3f48253dcdfdc400036a68d1977eddb1012f753e54eca010acedd8,38669e3f0e715d12f919bbd64ba6e09fbb431145f819869ebd01d20e8fde4ed0,4b5b7791539478f9b2562d1b176e235ac7b641e1afdc40c3d5242661d9dbed3d,2ad0e9f7bbdfe12695c931891fd0e8132d060fd7bcbca23623db43d4c7393a5c,561839806dcdb8279ac4e42025bc5a82751f2588a2b2066fa84637918d8e4896
mc_5bbba1a4a4d0dddaa83e6dadf9430c5bbc3cbc3a296b2c8233ad4ac10aee4dc9,BE_TABULA_14,"Apartment, enclosed",1971-1990,TABULA_advanced_A_proxy,2851cf077281e480136cab6af02d4720b94564326517124af576ab8634ba52a3,rcp_2_6,weather_2050_rcp_2_6_pvgis_2006,pvgis_2006,2006,2228047862,160,central,central,fb59b12e82b041c59cc8a3933745a40e92c5e89aa7df64846e5855fbd3acb00e,2987a546cb3f48253dcdfdc400036a68d1977eddb1012f753e54eca010acedd8,38669e3f0e715d12f919bbd64ba6e09fbb431145f819869ebd01d20e8fde4ed0,4b5b7791539478f9b2562d1b176e235ac7b641e1afdc40c3d5242661d9dbed3d,2ad0e9f7bbdfe12695c931891fd0e8132d060fd7bcbca23623db43d4c7393a5c,561839806dcdb8279ac4e42025bc5a82751f2588a2b2066fa84637918d8e4896
