archetype_id,state_id,climate_scenario_id,model_scenario_id,model_contract_version,central_thermal_assumptions_sha256,behaviour_assumptions_sha256,occupant_distribution_sha256,archetype_state_sha256,model_scenario_sha256,weather_panel_sha256,occupant_seed_bank_count,occupant_seed_bank_sha256,occupant_seed_prefix_sha256,seed_count,previous_seed_count,metric,statistic,value,previous_value,absolute_floor,relative_change,relative_tolerance,criterion_pass,all_statistics_pass,consecutive_passing_expansions,required_consecutive_expansions,converged_at_checkpoint,panel_all_groups_statistics_pass,panel_consecutive_passing_expansions,panel_converged_at_checkpoint
BE_TABULA_11,TABULA_existing,rcp_2_6,central,residential_energy_demand_gate5_v1,4b5b7791539478f9b2562d1b176e235ac7b641e1afdc40c3d5242661d9dbed3d,2ad0e9f7bbdfe12695c931891fd0e8132d060fd7bcbca23623db43d4c7393a5c,561839806dcdb8279ac4e42025bc5a82751f2588a2b2066fa84637918d8e4896,231ef175659def943b74235aceb0ef9def0e53fc195cdad7a8338fa6b54777e3,2987a546cb3f48253dcdfdc400036a68d1977eddb1012f753e54eca010acedd8,13fcadcfebce608bffb6d3013f0501bd1916301bc921da206d0884f7638fdfd4,160,a1e4b94e5be0a9552f952c6d8f0bda430f9bfdab3c397079192588f75a8aba46,0483fface789f96fbdc35b5911182753a8b4967876fb97c2eefce49e4b3c29ca,5,,heating_intensity_kWh_m2,mean,175.80474963323144,,1,,0.02,False,False,0,2,False,False,0,False
BE_TABULA_11,TABULA_existing,rcp_2_6,central,residential_energy_demand_gate5_v1,4b5b7791539478f9b2562d1b176e235ac7b641e1afdc40c3d5242661d9dbed3d,2ad0e9f7bbdfe12695c931891fd0e8132d060fd7bcbca23623db43d4c7393a5c,561839806dcdb8279ac4e42025bc5a82751f2588a2b2066fa84637918d8e4896,231ef175659def943b74235aceb0ef9def0e53fc195cdad7a8338fa6b54777e3,2987a546cb3f48253dcdfdc400036a68d1977eddb1012f753e54eca010acedd8,13fcadcfebce608bffb6d3013f0501bd1916301bc921da206d0884f7638fdfd4,160,a1e4b94e5be0a9552f952c6d8f0bda430f9bfdab3c397079192588f75a8aba46,0483fface789f96fbdc35b5911182753a8b4967876fb97c2eefce49e4b3c29ca,5,,heating_intensity_kWh_m2,median,171.79012617345785,,1,,0.02,False,False,0,2,False,False,0,False
BE_TABULA_11,TABULA_existing,rcp_2_6,central,residential_energy_demand_gate5_v1,4b5b7791539478f9b2562d1b176e235ac7b641e1afdc40c3d5242661d9dbed3d,2ad0e9f7bbdfe12695c931891fd0e8132d060fd7bcbca23623db43d4c7393a5c,561839806dcdb8279ac4e42025bc5a82751f2588a2b2066fa84637918d8e4896,231ef175659def943b74235aceb0ef9def0e53fc195cdad7a8338fa6b54777e3,2987a546cb3f48253dcdfdc400036a68d1977eddb1012f753e54eca010acedd8,13fcadcfebce608bffb6d3013f0501bd1916301bc921da206d0884f7638fdfd4,160,a1e4b94e5be0a9552f952c6d8f0bda430f9bfdab3c397079192588f75a8aba46,0483fface789f96fbdc35b5911182753a8b4967876fb97c2eefce49e4b3c29ca,5,,heating_intensity_kWh_m2,p95,213.32806866514301,,1,,0.02,False,False,0,2,False,False,0,False
BE_TABULA_11,TABULA_existing,rcp_2_6,central,residential_energy_demand_gate5_v1,4b5b7791539478f9b2562d1b176e235ac7b641e1afdc40c3d5242661d9dbed3d,2ad0e9f7bbdfe12695c931891fd0e8132d060fd7bcbca23623db43d4c7393a5c,561839806dcdb8279ac4e42025bc5a82751f2588a2b2066fa84637918d8e4896,231ef175659def943b74235aceb0ef9def0e53fc195cdad7a8338fa6b54777e3,2987a546cb3f48253dcdfdc400036a68d1977eddb1012f753e54eca010acedd8,13fcadcfebce608bffb6d3013f0501bd1916301bc921da206d0884f7638fdfd4,160,a1e4b94e5be0a9552f952c6d8f0bda430f9bfdab3c397079192588f75a8aba46,0483fface789f96fbdc35b5911182753a8b4967876fb97c2eefce49e4b3c29ca,5,,cooling_intensity_kWh_m2,mean,1.7940181141483242,,1,,0.02,False,False,0,2,False,False,0,False
BE_TABULA_11,TABULA_existing,rcp_2_6,central,residential_energy_demand_gate5_v1,4b5b7791539478f9b2562d1b176e235ac7b641e1afdc40c3d5242661d9dbed3d,2ad0e9f7bbdfe12695c931891fd0e8132d060fd7bcbca23623db43d4c7393a5c,561839806dcdb8279ac4e42025bc5a82751f2588a2b2066fa84637918d8e4896,231ef175659def943b74235aceb0ef9def0e53fc195cdad7a8338fa6b54777e3,2987a546cb3f48253dcdfdc400036a68d1977eddb1012f753e54eca010acedd8,13fcadcfebce608bffb6d3013f0501bd1916301bc921da206d0884f7638fdfd4,160,a1e4b94e5be0a9552f952c6d8f0bda430f9bfdab3c397079192588f75a8aba46,0483fface789f96fbdc35b5911182753a8b4967876fb97c2eefce49e4b3c29ca,5,,cooling_intensity_kWh_m2,median,1.6939933714050635,,1,,0.02,False,False,0,2,False,False,0,False
BE_TABULA_11,TABULA_existing,rcp_2_6,central,residential_energy_demand_gate5_v1,4b5b7791539478f9b2562d1b176e235ac7b641e1afdc40c3d5242661d9dbed3d,2ad0e9f7bbdfe12695c931891fd0e8132d060fd7bcbca23623db43d4c7393a5c,561839806dcdb8279ac4e42025bc5a82751f2588a2b2066fa84637918d8e4896,231ef175659def943b74235aceb0ef9def0e53fc195cdad7a8338fa6b54777e3,2987a546cb3f48253dcdfdc400036a68d1977eddb1012f753e54eca010acedd8,13fcadcfebce608bffb6d3013f0501bd1916301bc921da206d0884f7638fdfd4,160,a1e4b94e5be0a9552f952c6d8f0bda430f9bfdab3c397079192588f75a8aba46,0483fface789f96fbdc35b5911182753a8b4967876fb97c2eefce49e4b3c29ca,5,,cooling_intensity_kWh_m2,p95,3.8541528848722439,,1,,0.02,False,False,0,2,False,False,0,False
BE_TABULA_11,TABULA_existing,rcp_2_6,central,residential_energy_demand_gate5_v1,4b5b7791539478f9b2562d1b176e235ac7b641e1afdc40c3d5242661d9dbed3d,2ad0e9f7bbdfe12695c931891fd0e8132d060fd7bcbca23623db43d4c7393a5c,561839806dcdb8279ac4e42025bc5a82751f2588a2b2066fa84637918d8e4896,231ef175659def943b74235aceb0ef9def0e53fc195cdad7a8338fa6b54777e3,2987a546cb3f48253dcdfdc400036a68d1977eddb1012f753e54eca010acedd8,13fcadcfebce608bffb6d3013f0501bd1916301bc921da206d0884f7638fdfd4,160,a1e4b94e5be0a9552f952c6d8f0bda430f9bfdab3c397079192588f75a8aba46,0483fface789f96fbdc35b5911182753a8b4967876fb97c2eefce49e4b3c29ca,5,,peak_heating_W,mean,20541.936763171845,,100,,0.02,False,False,0,2,False,False,0,False
BE_TABULA_11,TABULA_existing,rcp_2_6,central,residential_energy_demand_gate5_v1,4b5b7791539478f9b2562d1b176e235ac7b641e1afdc40c3d5242661d9dbed3d,2ad0e9f7bbdfe12695c931891fd0e8132d060fd7bcbca23623db43d4c7393a5c,561839806dcdb8279ac4e42025bc5a82751f2588a2b2066fa84637918d8e4896,231ef175659def943b74235aceb0ef9def0e53fc195cdad7a8338fa6b54777e3,2987a546cb3f48253dcdfdc400036a68d1977eddb1012f753e54eca010acedd8,13fcadcfebce608bffb6d3013f0501bd1916301bc921da206d0884f7638fdfd4,160,a1e4b94e5be0a9552f952c6d8f0bda430f9bfdab3c397079192588f75a8aba46,0483fface789f96fbdc35b5911182753a8b4967876fb97c2eefce49e4b3c29ca,5,,peak_heating_W,median,19914.536377081189,,100,,0.02,False,False,0,2,False,False,0,False
BE_TABULA_11,TABULA_existing,rcp_2_6,central,residential_energy_demand_gate5_v1,4b5b7791539478f9b2562d1b176e235ac7b641e1afdc40c3d5242661d9dbed3d,2ad0e9f7bbdfe12695c931891fd0e8132d060fd7bcbca23623db43d4c7393a5c,561839806dcdb8279ac4e42025bc5a82751f2588a2b2066fa84637918d8e4896,231ef175659def943b74235aceb0ef9def0e53fc195cdad7a8338fa6b54777e3,2987a546cb3f48253dcdfdc400036a68d1977eddb1012f753e54eca010acedd8,13fcadcfebce608bffb6d3013f0501bd1916301bc921da206d0884f7638fdfd4,160,a1e4b94e5be0a9552f952c6d8f0bda430f9bfdab3c397079192588f75a8aba46,0483fface789f96fbdc35b5911182753a8b4967876fb97c2eefce49e4b3c29ca,5,,peak_heating_W,p95,23657.824141907869,,100,,0.02,False,False,0,2,False,False,0,False
BE_TABULA_11,TABULA_existing,rcp_2_6,central,residential_energy_demand_gate5_v1,4b5b7791539478f9b2562d1b176e235ac7b641e1afdc40c3d5242661d9dbed3d,2ad0e9f7bbdfe12695c931891fd0e8132d060fd7bcbca23623db43d4c7393a5c,561839806dcdb8279ac4e42025bc5a82751f2588a2b2066fa84637918d8e4896,231ef175659def943b74235aceb0ef9def0e53fc195cdad7a8338fa6b54777e3,2987a546cb3f48253dcdfdc400036a68d1977eddb1012f753e54eca010acedd8,13fcadcfebce608bffb6d3013f0501bd1916301bc921da206d0884f7638fdfd4,160,a1e4b94e5be0a9552f952c6d8f0bda430f9bfdab3c397079192588f75a8aba46,0483fface789f96fbdc35b5911182753a8b4967876fb97c2eefce49e4b3c29ca,5,,peak_cooling_W,mean,7276.0286274011232,,100,,0.02,False,False,0,2,False,False,0,False
BE_TABULA_11,TABULA_existing,rcp_2_6,central,residential_energy_demand_gate5_v1,4b5b7791539478f9b2562d1b176e235ac7b641e1afdc40c3d5242661d9dbed3d,2ad0e9f7bbdfe12695c931891fd0e8132d060fd7bcbca23623db43d4c7393a5c,561839806dcdb8279ac4e42025bc5a82751f2588a2b2066fa84637918d8e4896,231ef175659def943b74235aceb0ef9def0e53fc195cdad7a8338fa6b54777e3,2987a546cb3f48253dcdfdc400036a68d1977eddb1012f753e54eca010acedd8,13fcadcfebce608bffb6d3013f0501bd1916301bc921da206d0884f7638fdfd4,160,a1e4b94e5be0a9552f952c6d8f0bda430f9bfdab3c397079192588f75a8aba46,0483fface789f96fbdc35b5911182753a8b4967876fb97c2eefce49e4b3c29ca,5,,peak_cooling_W,median,7362.1221934003534,,100,,0.02,False,False,0,2,False,False,0,False
BE_TABULA_11,TABULA_existing,rcp_2_6,central,residential_energy_demand_gate5_v1,4b5b7791539478f9b2562d1b176e235ac7b641e1afdc40c3d5242661d9dbed3d,2ad0e9f7bbdfe12695c931891fd0e8132d060fd7bcbca23623db43d4c7393a5c,561839806dcdb8279ac4e42025bc5a82751f2588a2b2066fa84637918d8e4896,231ef175659def943b74235aceb0ef9def0e53fc195cdad7a8338fa6b54777e3,2987a546cb3f48253dcdfdc400036a68d1977eddb1012f753e54eca010acedd8,13fcadcfebce608bffb6d3013f0501bd1916301bc921da206d0884f7638fdfd4,160,a1e4b94e5be0a9552f952c6d8f0bda430f9bfdab3c397079192588f75a8aba46,0483fface789f96fbdc35b5911182753a8b4967876fb97c2eefce49e4b3c29ca,5,,peak_cooling_W,p95,10032.221118309571,,100,,0.02,False,False,0,2,False,False,0,False
BE_TABULA_11,TABULA_existing,rcp_2_6,central,residential_energy_demand_gate5_v1,4b5b7791539478f9b2562d1b176e235ac7b641e1afdc40c3d5242661d9dbed3d,2ad0e9f7bbdfe12695c931891fd0e8132d060fd7bcbca23623db43d4c7393a5c,561839806dcdb8279ac4e42025bc5a82751f2588a2b2066fa84637918d8e4896,231ef175659def943b74235aceb0ef9def0e53fc195cdad7a8338fa6b54777e3,2987a546cb3f48253dcdfdc400036a68d1977eddb1012f753e54eca010acedd8,13fcadcfebce608bffb6d3013f0501bd1916301bc921da206d0884f7638fdfd4,160,a1e4b94e5be0a9552f952c6d8f0bda430f9bfdab3c397079192588f75a8aba46,2063071df976f1cac9f6aea690c2aef6ea0bdefe943f07ae1c5166c5ad9979e4,10,5,heating_intensity_kWh_m2,mean,175.39316227861508,175.80474963323144,1,0.0023466556464872032,0.02,True,True,1,2,False,False,0,False
BE_TABULA_11,TABULA_existing,rcp_2_6,central,residential_energy_demand_gate5_v1,4b5b7791539478f9b2562d1b176e235ac7b641e1afdc40c3d5242661d9dbed3d,2ad0e9f7bbdfe12695c931891fd0e8132d060fd7bcbca23623db43d4c7393a5c,561839806dcdb8279ac4e42025bc5a82751f2588a2b2066fa84637918d8e4896,231ef175659def943b74235aceb0ef9def0e53fc195cdad7a8338fa6b54777e3,2987a546cb3f48253dcdfdc400036a68d1977eddb1012f753e54eca010acedd8,13fcadcfebce608bffb6d3013f0501bd1916301bc921da206d0884f7638fdfd4,160,a1e4b94e5be0a9552f952c6d8f0bda430f9bfdab3c397079192588f75a8aba46,2063071df976f1cac9f6aea690c2aef6ea0bdefe943f07ae1c5166c5ad9979e4,10,5,heating_intensity_kWh_m2,median,171.64918922765267,171.79012617345785,1,0.00082107551127584924,0.02,True,True,1,2,False,False,0,False
BE_TABULA_11,TABULA_existing,rcp_2_6,central,residential_energy_demand_gate5_v1,4b5b7791539478f9b2562d1b176e235ac7b641e1afdc40c3d5242661d9dbed3d,2ad0e9f7bbdfe12695c931891fd0e8132d060fd7bcbca23623db43d4c7393a5c,561839806dcdb8279ac4e42025bc5a82751f2588a2b2066fa84637918d8e4896,231ef175659def943b74235aceb0ef9def0e53fc195cdad7a8338fa6b54777e3,2987a546cb3f48253dcdfdc400036a68d1977eddb1012f753e54eca010acedd8,13fcadcfebce608bffb6d3013f0501bd1916301bc921da206d0884f7638fdfd4,160,a1e4b94e5be0a9552f952c6d8f0bda430f9bfdab3c397079192588f75a8aba46,2063071df976f1cac9f6aea690c2aef6ea0bdefe943f07ae1c5166c5ad9979e4,10,5,heating_intensity_kWh_m2,p95,217.45554941991563,213.32806866514301,1,0.018980802126149856,0.02,True,True,1,2,False,False,0,False
BE_TABULA_11,TABULA_existing,rcp_2_6,central,residential_energy_demand_gate5_v1,4b5b7791539478f9b2562d1b176e235ac7b641e1afdc40c3d5242661d9dbed3d,2ad0e9f7bbdfe12695c931891fd0e8132d060fd7bcbca23623db43d4c7393a5c,561839806dcdb8279ac4e42025bc5a82751f2588a2b2066fa84637918d8e4896,231ef175659def943b74235aceb0ef9def0e53fc195cdad7a8338fa6b54777e3,2987a546cb3f48253dcdfdc400036a68d1977eddb1012f753e54eca010acedd8,13fcadcfebce608bffb6d3013f0501bd1916301bc921da206d0884f7638fdfd4,160,a1e4b94e5be0a9552f952c6d8f0bda430f9bfdab3c397079192588f75a8aba46,2063071df976f1cac9f6aea690c2aef6ea0bdefe943f07ae1c5166c5ad9979e4,10,5,cooling_intensity_kWh_m2,mean,1.7822698019970991,1.7940181141483242,1,0.006591769741068813,0.02,True,True,1,2,False,False,0,False
BE_TABULA_11,TABULA_existing,rcp_2_6,central,residential_energy_demand_gate5_v1,4b5b7791539478f9b2562d1b176e235ac7b641e1afdc40c3d5242661d9dbed3d,2ad0e9f7bbdfe12695c931891fd0e8132d060fd7bcbca23623db43d4c7393a5c,561839806dcdb8279ac4e42025bc5a82751f2588a2b2066fa84637918d8e4896,231ef175659def943b74235aceb0ef9def0e53fc195cdad7a8338fa6b54777e3,2987a546cb3f48253dcdfdc400036a68d1977eddb1012f753e54eca010acedd8,13fcadcfebce608bffb6d3013f0501bd1916301bc921da206d0884f7638fdfd4,160,a1e4b94e5be0a9552f952c6d8f0bda430f9bfdab3c397079192588f75a8aba46,2063071df976f1cac9f6aea690c2aef6ea0bdefe943f07ae1c5166c5ad9979e4,10,5,cooling_intensity_kWh_m2,median,1.695231330360421,1.6939933714050635,1,0.00073025960126297217,0.02,True,True,1,2,False,False,0,False
BE_TABULA_11,TABULA_existing,rcp_2_6,central,residential_energy_demand_gate5_v1,4b5b7791539478f9b2562d1b176e235ac7b641e1afdc40c3d5242661d9dbed3d,2ad0e9f7bbdfe12695c931891fd0e8132d060fd7bcbca23623db43d4c7393a5c,561839806dcdb8279ac4e42025bc5a82751f2588a2b2066fa84637918d8e4896,231ef175659def943b74235aceb0ef9def0e53fc195cdad7a8338fa6b54777e3,2987a546cb3f48253dcdfdc400036a68d1977eddb1012f753e54eca010acedd8,13fcadcfebce608bffb6d3013f0501bd1916301bc921da206d0884f7638fdfd4,160,a1e4b94e5be0a9552f952c6d8f0bda430f9bfdab3c397079192588f75a8aba46,2063071df976f1cac9f6aea690c2aef6ea0bdefe943f07ae1c5166c5ad9979e4,10,5,cooling_intensity_kWh_m2,p95,3.816267654027774,3.8541528848722439,1,0.0099272992041019477,0.02,True,True,1,2,False,False,0,False
BE_TABULA_11,TABULA_existing,rcp_2_6,central,residential_energy_demand_gate5_v1,4b5b7791539478f9b2562d1b176e235ac7b641e1afdc40c3d5242661d9dbed3d,2ad0e9f7bbdfe12695c931891fd0e8132d060fd7bcbca23623db43d4c7393a5c,561839806dcdb8279ac4e42025bc5a82751f2588a2b2066fa84637918d8e4896,231ef175659def943b74235aceb0ef9def0e53fc195cdad7a8338fa6b54777e3,2987a546cb3f48253dcdfdc400036a68d1977eddb1012f753e54eca010acedd8,13fcadcfebce608bffb6d3013f0501bd1916301bc921da206d0884f7638fdfd4,160,a1e4b94e5be0a9552f952c6d8f0bda430f9bfdab3c397079192588f75a8aba46,2063071df976f1cac9f6aea690c2aef6ea0bdefe943f07ae1c5166c5ad9979e4,10,5,peak_heating_W,mean,20553.636482931113,20541.936763171845,100,0.00056922869921263285,0.02,True,True,1,2,False,False,0,False
BE_TABULA_11,TABULA_existing,rcp_2_6,central,residential_energy_demand_gate5_v1,4b5b7791539478f9b2562d1b176e235ac7b641e1afdc40c3d5242661d9dbed3d,2ad0e9f7bbdfe12695c931891fd0e8132d060fd7bcbca23623db43d4c7393a5c,561839806dcdb8279ac4e42025bc5a82751f2588a2b2066fa84637918d8e4896,231ef175659def943b74235aceb0ef9def0e53fc195cdad7a8338fa6b54777e3,2987a546cb3f48253dcdfdc400036a68d1977eddb1012f753e54eca010acedd8,13fcadcfebce608bffb6d3013f0501bd1916301bc921da206d0884f7638fdfd4,160,a1e4b94e5be0a9552f952c6d8f0bda430f9bfdab3c397079192588f75a8aba46,2063071df976f1cac9f6aea690c2aef6ea0bdefe943f07ae1c5166c5ad9979e4,10,5,peak_heating_W,median,19989.071712320081,19914.536377081189,100,0.0037288042342132795,0.02,True,True,1,2,False,False,0,False
BE_TABULA_11,TABULA_existing,rcp_2_6,central,residential_energy_demand_gate5_v1,4b5b7791539478f9b2562d1b176e235ac7b641e1afdc40c3d5242661d9dbed3d,2ad0e9f7bbdfe12695c931891fd0e8132d060fd7bcbca23623db43d4c7393a5c,561839806dcdb8279ac4e42025bc5a82751f2588a2b2066fa84637918d8e4896,231ef175659def943b74235aceb0ef9def0e53fc195cdad7a8338fa6b54777e3,2987a546cb3f48253dcdfdc400036a68d1977eddb1012f753e54eca010acedd8,13fcadcfebce608bffb6d3013f0501bd1916301bc921da206d0884f7638fdfd4,160,a1e4b94e5be0a9552f952c6d8f0bda430f9bfdab3c397079192588f75a8aba46,2063071df976f1cac9f6aea690c2aef6ea0bdefe943f07ae1c5166c5ad9979e4,10,5,peak_heating_W,p95,23969.054533906732,23657.824141907869,100,0.0129846753679247,0.02,True,True,1,2,False,False,0,False
BE_TABULA_11,TABULA_existing,rcp_2_6,central,residential_energy_demand_gate5_v1,4b5b7791539478f9b2562d1b176e235ac7b641e1afdc40c3d5242661d9dbed3d,2ad0e9f7bbdfe12695c931891fd0e8132d060fd7bcbca23623db43d4c7393a5c,561839806dcdb8279ac4e42025bc5a82751f2588a2b2066fa84637918d8e4896,231ef175659def943b74235aceb0ef9def0e53fc195cdad7a8338fa6b54777e3,2987a546cb3f48253dcdfdc400036a68d1977eddb1012f753e54eca010acedd8,13fcadcfebce608bffb6d3013f0501bd1916301bc921da206d0884f7638fdfd4,160,a1e4b94e5be0a9552f952c6d8f0bda430f9bfdab3c397079192588f75a8aba46,2063071df976f1cac9f6aea690c2aef6ea0bdefe943f07ae1c5166c5ad9979e4,10,5,peak_cooling_W,mean,7255.9804376506972,7276.0286274011232,100,0.0027629883959440615,0.02,True,True,1,2,False,False,0,False
BE_TABULA_11,TABULA_existing,rcp_2_6,central,residential_energy_demand_gate5_v1,4b5b7791539478f9b2562d1b176e235ac7b641e1afdc40c3d5242661d9dbed3d,2ad0e9f7bbdfe12695c931891fd0e8132d060fd7bcbca23623db43d4c7393a5c,561839806dcdb8279ac4e42025bc5a82751f2588a2b2066fa84637918d8e4896,231ef175659def943b74235aceb0ef9def0e53fc195cdad7a8338fa6b54777e3,2987a546cb3f48253dcdfdc400036a68d1977eddb1012f753e54eca010acedd8,13fcadcfebce608bffb6d3013f0501bd1916301bc921da206d0884f7638fdfd4,160,a1e4b94e5be0a9552f952c6d8f0bda430f9bfdab3c397079192588f75a8aba46,2063071df976f1cac9f6aea690c2aef6ea0bdefe943f07ae1c5166c5ad9979e4,10,5,peak_cooling_W,median,7405.4038570347238,7362.1221934003534,100,0.0058446054354287921,0.02,True,True,1,2,False,False,0,False
BE_TABULA_11,TABULA_existing,rcp_2_6,central,residential_energy_demand_gate5_v1,4b5b7791539478f9b2562d1b176e235ac7b641e1afdc40c3d5242661d9dbed3d,2ad0e9f7bbdfe12695c931891fd0e8132d060fd7bcbca23623db43d4c7393a5c,561839806dcdb8279ac4e42025bc5a82751f2588a2b2066fa84637918d8e4896,231ef175659def943b74235aceb0ef9def0e53fc195cdad7a8338fa6b54777e3,2987a546cb3f48253dcdfdc400036a68d1977eddb1012f753e54eca010acedd8,13fcadcfebce608bffb6d3013f0501bd1916301bc921da206d0884f7638fdfd4,160,a1e4b94e5be0a9552f952c6d8f0bda430f9bfdab3c397079192588f75a8aba46,2063071df976f1cac9f6aea690c2aef6ea0bdefe943f07ae1c5166c5ad9979e4,10,5,peak_cooling_W,p95,10040.843557528113,10032.221118309571,100,0.00085873653634177636,0.02,True,True,1,2,False,False,0,False
BE_TABULA_11,TABULA_existing,rcp_2_6,central,residential_energy_demand_gate5_v1,4b5b7791539478f9b2562d1b176e235ac7b641e1afdc40c3d5242661d9dbed3d,2ad0e9f7bbdfe12695c931891fd0e8132d060fd7bcbca23623db43d4c7393a5c,561839806dcdb8279ac4e42025bc5a82751f2588a2b2066fa84637918d8e4896,231ef175659def943b74235aceb0ef9def0e53fc195cdad7a8338fa6b54777e3,2987a546cb3f48253dcdfdc400036a68d1977eddb1012f753e54eca010acedd8,13fcadcfebce608bffb6d3013f0501bd1916301bc921da206d0884f7638fdfd4,160,a1e4b94e5be0a9552f952c6d8f0bda430f9bfdab3c397079192588f75a8aba46,1f7bdd094d6a8634c38dd67d232f10ebdc75032637483205a54e37449f9f3c93,20,10,heating_intensity_kWh_m2,mean,174.839427258489,175.39316227861508,1,0.0031671061202197914,0.02,True,True,2,2,True,False,0,False
BE_TABULA_11,TABULA_existing,rcp_2_6,central,residential_energy_demand_gate5_v1,4b5b7791539478f9b2562d1b176e235ac7b641e1afdc40c3d5242661d9dbed3d,2ad0e9f7bbdfe12695c931891fd0e8132d060fd7bcbca23623db43d4c7393a5c,561839806dcdb8279ac4e42025bc5a82751f2588a2b2066fa84637918d8e4896,231ef175659def943b74235aceb0ef9def0e53fc195cdad7a8338fa6b54777e3,2987a546cb3f48253dcdfdc400036a68d1977eddb1012f753e54eca010acedd8,13fcadcfebce608bffb6d3013f0501bd1916301bc921da206d0884f7638fdfd4,160,a1e4b94e5be0a9552f952c6d8f0bda430f9bfdab3c397079192588f75a8aba46,1f7bdd094d6a8634c38dd67d232f10ebdc75032637483205a54e37449f9f3c93,20,10,heating_intensity_kWh_m2,median,170.83436042153704,171.64918922765267,1,0.0047697009202658193,0.02,True,True,2,2,True,False,0,False
BE_TABULA_11,TABULA_existing,rcp_2_6,central,residential_energy_demand_gate5_v1,4b5b7791539478f9b2562d1b176e235ac7b641e1afdc40c3d5242661d9dbed3d,2ad0e9f7bbdfe12695c931891fd0e8132d060fd7bcbca23623db43d4c7393a5c,561839806dcdb8279ac4e42025bc5a82751f2588a2b2066fa84637918d8e4896,231ef175659def943b74235aceb0ef9def0e53fc195cdad7a8338fa6b54777e3,2987a546cb3f48253dcdfdc400036a68d1977eddb1012f753e54eca010acedd8,13fcadcfebce608bffb6d3013f0501bd1916301bc921da206d0884f7638fdfd4,160,a1e4b94e5be0a9552f952c6d8f0bda430f9bfdab3c397079192588f75a8aba46,1f7bdd094d6a8634c38dd67d232f10ebdc75032637483205a54e37449f9f3c93,20,10,heating_intensity_kWh_m2,p95,217.4368527581932,217.45554941991563,1,8.5986627773821574e-05,0.02,True,True,2,2,True,False,0,False
BE_TABULA_11,TABULA_existing,rcp_2_6,central,residential_energy_demand_gate5_v1,4b5b7791539478f9b2562d1b176e235ac7b641e1afdc40c3d5242661d9dbed3d,2ad0e9f7bbdfe12695c931891fd0e8132d060fd7bcbca23623db43d4c7393a5c,561839806dcdb8279ac4e42025bc5a82751f2588a2b2066fa84637918d8e4896,231ef175659def943b74235aceb0ef9def0e53fc195cdad7a8338fa6b54777e3,2987a546cb3f48253dcdfdc400036a68d1977eddb1012f753e54eca010acedd8,13fcadcfebce608bffb6d3013f0501bd1916301bc921da206d0884f7638fdfd4,160,a1e4b94e5be0a9552f952c6d8f0bda430f9bfdab3c397079192588f75a8aba46,1f7bdd094d6a8634c38dd67d232f10ebdc75032637483205a54e37449f9f3c93,20,10,cooling_intensity_kWh_m2,mean,1.7822711921353311,1.7822698019970991,1,7.7998131721858282e-07,0.02,True,True,2,2,True,False,0,False
BE_TABULA_11,TABULA_existing,rcp_2_6,central,residential_energy_demand_gate5_v1,4b5b7791539478f9b2562d1b176e235ac7b641e1afdc40c3d5242661d9dbed3d,2ad0e9f7bbdfe12695c931891fd0e8132d060fd7bcbca23623db43d4c7393a5c,561839806dcdb8279ac4e42025bc5a82751f2588a2b2066fa84637918d8e4896,231ef175659def943b74235aceb0ef9def0e53fc195cdad7a8338fa6b54777e3,2987a546cb3f48253dcdfdc400036a68d1977eddb1012f753e54eca010acedd8,13fcadcfebce608bffb6d3013f0501bd1916301bc921da206d0884f7638fdfd4,160,a1e4b94e5be0a9552f952c6d8f0bda430f9bfdab3c397079192588f75a8aba46,1f7bdd094d6a8634c38dd67d232f10ebdc75032637483205a54e37449f9f3c93,20,10,cooling_intensity_kWh_m2,median,1.695231330360421,1.695231330360421,1,0,0.02,True,True,2,2,True,False,0,False
BE_TABULA_11,TABULA_existing,rcp_2_6,central,residential_energy_demand_gate5_v1,4b5b7791539478f9b2562d1b176e235ac7b641e1afdc40c3d5242661d9dbed3d,2ad0e9f7bbdfe12695c931891fd0e8132d060fd7bcbca23623db43d4c7393a5c,561839806dcdb8279ac4e42025bc5a82751f2588a2b2066fa84637918d8e4896,231ef175659def943b74235aceb0ef9def0e53fc195cdad7a8338fa6b54777e3,2987a546cb3f48253dcdfdc400036a68d1977eddb1012f753e54eca010acedd8,13fcadcfebce608bffb6d3013f0501bd1916301bc921da206d0884f7638fdfd4,160,a1e4b94e5be0a9552f952c6d8f0bda430f9bfdab3c397079192588f75a8aba46,1f7bdd094d6a8634c38dd67d232f10ebdc75032637483205a54e37449f9f3c93,20,10,cooling_intensity_kWh_m2,p95,3.8340465584124366,3.816267654027774,1,0.0046371122817100777,0.02,True,True,2,2,True,False,0,False
BE_TABULA_11,TABULA_existing,rcp_2_6,central,residential_energy_demand_gate5_v1,4b5b7791539478f9b2562d1b176e235ac7b641e1afdc40c3d5242661d9dbed3d,2ad0e9f7bbdfe12695c931891fd0e8132d060fd7bcbca23623db43d4c7393a5c,561839806dcdb8279ac4e42025bc5a82751f2588a2b2066fa84637918d8e4896,231ef175659def943b74235aceb0ef9def0e53fc195cdad7a8338fa6b54777e3,2987a546cb3f48253dcdfdc400036a68d1977eddb1012f753e54eca010acedd8,13fcadcfebce608bffb6d3013f0501bd1916301bc921da206d0884f7638fdfd4,160,a1e4b94e5be0a9552f952c6d8f0bda430f9bfdab3c397079192588f75a8aba46,1f7bdd094d6a8634c38dd67d232f10ebdc75032637483205a54e37449f9f3c93,20,10,peak_heating_W,mean,20551.328444908515,20553.636482931113,100,0.00011230602580195459,0.02,True,True,2,2,True,False,0,False
BE_TABULA_11,TABULA_existing,rcp_2_6,central,residential_energy_demand_gate5_v1,4b5b7791539478f9b2562d1b176e235ac7b641e1afdc40c3d5242661d9dbed3d,2ad0e9f7bbdfe12695c931891fd0e8132d060fd7bcbca23623db43d4c7393a5c,561839806dcdb8279ac4e42025bc5a82751f2588a2b2066fa84637918d8e4896,231ef175659def943b74235aceb0ef9def0e53fc195cdad7a8338fa6b54777e3,2987a546cb3f48253dcdfdc400036a68d1977eddb1012f753e54eca010acedd8,13fcadcfebce608bffb6d3013f0501bd1916301bc921da206d0884f7638fdfd4,160,a1e4b94e5be0a9552f952c6d8f0bda430f9bfdab3c397079192588f75a8aba46,1f7bdd094d6a8634c38dd67d232f10ebdc75032637483205a54e37449f9f3c93,20,10,peak_heating_W,median,19953.971846449065,19989.071712320081,100,0.0017590415653143351,0.02,True,True,2,2,True,False,0,False
BE_TABULA_11,TABULA_existing,rcp_2_6,central,residential_energy_demand_gate5_v1,4b5b7791539478f9b2562d1b176e235ac7b641e1afdc40c3d5242661d9dbed3d,2ad0e9f7bbdfe12695c931891fd0e8132d060fd7bcbca23623db43d4c7393a5c,561839806dcdb8279ac4e42025bc5a82751f2588a2b2066fa84637918d8e4896,231ef175659def943b74235aceb0ef9def0e53fc195cdad7a8338fa6b54777e3,2987a546cb3f48253dcdfdc400036a68d1977eddb1012f753e54eca010acedd8,13fcadcfebce608bffb6d3013f0501bd1916301bc921da206d0884f7638fdfd4,160,a1e4b94e5be0a9552f952c6d8f0bda430f9bfdab3c397079192588f75a8aba46,1f7bdd094d6a8634c38dd67d232f10ebdc75032637483205a54e37449f9f3c93,20,10,peak_heating_W,p95,23861.32122573983,23969.054533906732,100,0.0045149766497710698,0.02,True,True,2,2,True,False,0,False
BE_TABULA_11,TABULA_existing,rcp_2_6,central,residential_energy_demand_gate5_v1,4b5b7791539478f9b2562d1b176e235ac7b641e1afdc40c3d5242661d9dbed3d,2ad0e9f7bbdfe12695c931891fd0e8132d060fd7bcbca23623db43d4c7393a5c,561839806dcdb8279ac4e42025bc5a82751f2588a2b2066fa84637918d8e4896,231ef175659def943b74235aceb0ef9def0e53fc195cdad7a8338fa6b54777e3,2987a546cb3f48253dcdfdc400036a68d1977eddb1012f753e54eca010acedd8,13fcadcfebce608bffb6d3013f0501bd1916301bc921da206d0884f7638fdfd4,160,a1e4b94e5be0a9552f952c6d8f0bda430f9bfdab3c397079192588f75a8aba46,1f7bdd094d6a8634c38dd67d232f10ebdc75032637483205a54e37449f9f3c93,20,10,peak_cooling_W,mean,7323.1883364849728,7255.9804376506972,100,0.0091774095853083514,0.02,True,True,2,2,True,False,0,False
BE_TABULA_11,TABULA_existing,rcp_2_6,central,residential_energy_demand_gate5_v1,4b5b7791539478f9b2562d1b176e235ac7b641e1afdc40c3d5242661d9dbed3d,2ad0e9f7bbdfe12695c931891fd0e8132d060fd7bcbca23623db43d4c7393a5c,561839806dcdb8279ac4e42025bc5a82751f2588a2b2066fa84637918d8e4896,231ef175659def943b74235aceb0ef9def0e53fc195cdad7a8338fa6b54777e3,2987a546cb3f48253dcdfdc400036a68d1977eddb1012f753e54eca010acedd8,13fcadcfebce608bffb6d3013f0501bd1916301bc921da206d0884f7638fdfd4,160,a1e4b94e5be0a9552f952c6d8f0bda430f9bfdab3c397079192588f75a8aba46,1f7bdd094d6a8634c38dd67d232f10ebdc75032637483205a54e37449f9f3c93,20,10,peak_cooling_W,median,7392.4576592342009,7405.4038570347238,100,0.00175127114652477,0.02,True,True,2,2,True,False,0,False
BE_TABULA_11,TABULA_existing,rcp_2_6,central,residential_energy_demand_gate5_v1,4b5b7791539478f9b2562d1b176e235ac7b641e1afdc40c3d5242661d9dbed3d,2ad0e9f7bbdfe12695c931891fd0e8132d060fd7bcbca23623db43d4c7393a5c,561839806dcdb8279ac4e42025bc5a82751f2588a2b2066fa84637918d8e4896,231ef175659def943b74235aceb0ef9def0e53fc195cdad7a8338fa6b54777e3,2987a546cb3f48253dcdfdc400036a68d1977eddb1012f753e54eca010acedd8,13fcadcfebce608bffb6d3013f0501bd1916301bc921da206d0884f7638fdfd4,160,a1e4b94e5be0a9552f952c6d8f0bda430f9bfdab3c397079192588f75a8aba46,1f7bdd094d6a8634c38dd67d232f10ebdc75032637483205a54e37449f9f3c93,20,10,peak_cooling_W,p95,10226.094060930838,10040.843557528113,100,0.018115470315345682,0.02,True,True,2,2,True,False,0,False
BE_TABULA_11,TABULA_existing,rcp_2_6,central,residential_energy_demand_gate5_v1,4b5b7791539478f9b2562d1b176e235ac7b641e1afdc40c3d5242661d9dbed3d,2ad0e9f7bbdfe12695c931891fd0e8132d060fd7bcbca23623db43d4c7393a5c,561839806dcdb8279ac4e42025bc5a82751f2588a2b2066fa84637918d8e4896,231ef175659def943b74235aceb0ef9def0e53fc195cdad7a8338fa6b54777e3,2987a546cb3f48253dcdfdc400036a68d1977eddb1012f753e54eca010acedd8,13fcadcfebce608bffb6d3013f0501bd1916301bc921da206d0884f7638fdfd4,160,a1e4b94e5be0a9552f952c6d8f0bda430f9bfdab3c397079192588f75a8aba46,d9c1d0f471fb97f0efab0c100463285cd55e4de7718f288f7be26835b3adb0fe,40,20,heating_intensity_kWh_m2,mean,175.06175592939539,174.839427258489,1,0.001270001375949072,0.02,True,True,3,2,True,False,0,False
BE_TABULA_11,TABULA_existing,rcp_2_6,central,residential_energy_demand_gate5_v1,4b5b7791539478f9b2562d1b176e235ac7b641e1afdc40c3d5242661d9dbed3d,2ad0e9f7bbdfe12695c931891fd0e8132d060fd7bcbca23623db43d4c7393a5c,561839806dcdb8279ac4e42025bc5a82751f2588a2b2066fa84637918d8e4896,231ef175659def943b74235aceb0ef9def0e53fc195cdad7a8338fa6b54777e3,2987a546cb3f48253dcdfdc400036a68d1977eddb1012f753e54eca010acedd8,13fcadcfebce608bffb6d3013f0501bd1916301bc921da206d0884f7638fdfd4,160,a1e4b94e5be0a9552f952c6d8f0bda430f9bfdab3c397079192588f75a8aba46,d9c1d0f471fb97f0efab0c100463285cd55e4de7718f288f7be26835b3adb0fe,40,20,heating_intensity_kWh_m2,median,171.27167875610718,170.83436042153704,1,0.0025533604723573865,0.02,True,True,3,2,True,False,0,False
BE_TABULA_11,TABULA_existing,rcp_2_6,central,residential_energy_demand_gate5_v1,4b5b7791539478f9b2562d1b176e235ac7b641e1afdc40c3d5242661d9dbed3d,2ad0e9f7bbdfe12695c931891fd0e8132d060fd7bcbca23623db43d4c7393a5c,561839806dcdb8279ac4e42025bc5a82751f2588a2b2066fa84637918d8e4896,231ef175659def943b74235aceb0ef9def0e53fc195cdad7a8338fa6b54777e3,2987a546cb3f48253dcdfdc400036a68d1977eddb1012f753e54eca010acedd8,13fcadcfebce608bffb6d3013f0501bd1916301bc921da206d0884f7638fdfd4,160,a1e4b94e5be0a9552f952c6d8f0bda430f9bfdab3c397079192588f75a8aba46,d9c1d0f471fb97f0efab0c100463285cd55e4de7718f288f7be26835b3adb0fe,40,20,heating_intensity_kWh_m2,p95,217.61956607964783,217.4368527581932,1,0.00083959969568065231,0.02,True,True,3,2,True,False,0,False
BE_TABULA_11,TABULA_existing,rcp_2_6,central,residential_energy_demand_gate5_v1,4b5b7791539478f9b2562d1b176e235ac7b641e1afdc40c3d5242661d9dbed3d,2ad0e9f7bbdfe12695c931891fd0e8132d060fd7bcbca23623db43d4c7393a5c,561839806dcdb8279ac4e42025bc5a82751f2588a2b2066fa84637918d8e4896,231ef175659def943b74235aceb0ef9def0e53fc195cdad7a8338fa6b54777e3,2987a546cb3f48253dcdfdc400036a68d1977eddb1012f753e54eca010acedd8,13fcadcfebce608bffb6d3013f0501bd1916301bc921da206d0884f7638fdfd4,160,a1e4b94e5be0a9552f952c6d8f0bda430f9bfdab3c397079192588f75a8aba46,d9c1d0f471fb97f0efab0c100463285cd55e4de7718f288f7be26835b3adb0fe,40,20,cooling_intensity_kWh_m2,mean,1.7903942016357073,1.7822711921353311,1,0.0045369949773937761,0.02,True,True,3,2,True,False,0,False
BE_TABULA_11,TABULA_existing,rcp_2_6,central,residential_energy_demand_gate5_v1,4b5b7791539478f9b2562d1b176e235ac7b641e1afdc40c3d5242661d9dbed3d,2ad0e9f7bbdfe12695c931891fd0e8132d060fd7bcbca23623db43d4c7393a5c,561839806dcdb8279ac4e42025bc5a82751f2588a2b2066fa84637918d8e4896,231ef175659def943b74235aceb0ef9def0e53fc195cdad7a8338fa6b54777e3,2987a546cb3f48253dcdfdc400036a68d1977eddb1012f753e54eca010acedd8,13fcadcfebce608bffb6d3013f0501bd1916301bc921da206d0884f7638fdfd4,160,a1e4b94e5be0a9552f952c6d8f0bda430f9bfdab3c397079192588f75a8aba46,d9c1d0f471fb97f0efab0c100463285cd55e4de7718f288f7be26835b3adb0fe,40,20,cooling_intensity_kWh_m2,median,1.7000808806070338,1.695231330360421,1,0.0028525409008077502,0.02,True,True,3,2,True,False,0,False
BE_TABULA_11,TABULA_existing,rcp_2_6,central,residential_energy_demand_gate5_v1,4b5b7791539478f9b2562d1b176e235ac7b641e1afdc40c3d5242661d9dbed3d,2ad0e9f7bbdfe12695c931891fd0e8132d060fd7bcbca23623db43d4c7393a5c,561839806dcdb8279ac4e42025bc5a82751f2588a2b2066fa84637918d8e4896,231ef175659def943b74235aceb0ef9def0e53fc195cdad7a8338fa6b54777e3,2987a546cb3f48253dcdfdc400036a68d1977eddb1012f753e54eca010acedd8,13fcadcfebce608bffb6d3013f0501bd1916301bc921da206d0884f7638fdfd4,160,a1e4b94e5be0a9552f952c6d8f0bda430f9bfdab3c397079192588f75a8aba46,d9c1d0f471fb97f0efab0c100463285cd55e4de7718f288f7be26835b3adb0fe,40,20,cooling_intensity_kWh_m2,p95,3.8425790807143869,3.8340465584124366,1,0.0022205196360887986,0.02,True,True,3,2,True,False,0,False
BE_TABULA_11,TABULA_existing,rcp_2_6,central,residential_energy_demand_gate5_v1,4b5b7791539478f9b2562d1b176e235ac7b641e1afdc40c3d5242661d9dbed3d,2ad0e9f7bbdfe12695c931891fd0e8132d060fd7bcbca23623db43d4c7393a5c,561839806dcdb8279ac4e42025bc5a82751f2588a2b2066fa84637918d8e4896,231ef175659def943b74235aceb0ef9def0e53fc195cdad7a8338fa6b54777e3,2987a546cb3f48253dcdfdc400036a68d1977eddb1012f753e54eca010acedd8,13fcadcfebce608bffb6d3013f0501bd1916301bc921da206d0884f7638fdfd4,160,a1e4b94e5be0a9552f952c6d8f0bda430f9bfdab3c397079192588f75a8aba46,d9c1d0f471fb97f0efab0c100463285cd55e4de7718f288f7be26835b3adb0fe,40,20,peak_heating_W,mean,20540.407139186838,20551.328444908515,100,0.00053169860011396898,0.02,True,True,3,2,True,False,0,False
BE_TABULA_11,TABULA_existing,rcp_2_6,central,residential_energy_demand_gate5_v1,4b5b7791539478f9b2562d1b176e235ac7b641e1afdc40c3d5242661d9dbed3d,2ad0e9f7bbdfe12695c931891fd0e8132d060fd7bcbca23623db43d4c7393a5c,561839806dcdb8279ac4e42025bc5a82751f2588a2b2066fa84637918d8e4896,231ef175659def943b74235aceb0ef9def0e53fc195cdad7a8338fa6b54777e3,2987a546cb3f48253dcdfdc400036a68d1977eddb1012f753e54eca010acedd8,13fcadcfebce608bffb6d3013f0501bd1916301bc921da206d0884f7638fdfd4,160,a1e4b94e5be0a9552f952c6d8f0bda430f9bfdab3c397079192588f75a8aba46,d9c1d0f471fb97f0efab0c100463285cd55e4de7718f288f7be26835b3adb0fe,40,20,peak_heating_W,median,19940.1877846922,19953.971846449065,100,0.00069127040856893239,0.02,True,True,3,2,True,False,0,False
BE_TABULA_11,TABULA_existing,rcp_2_6,central,residential_energy_demand_gate5_v1,4b5b7791539478f9b2562d1b176e235ac7b641e1afdc40c3d5242661d9dbed3d,2ad0e9f7bbdfe12695c931891fd0e8132d060fd7bcbca23623db43d4c7393a5c,561839806dcdb8279ac4e42025bc5a82751f2588a2b2066fa84637918d8e4896,231ef175659def943b74235aceb0ef9def0e53fc195cdad7a8338fa6b54777e3,2987a546cb3f48253dcdfdc400036a68d1977eddb1012f753e54eca010acedd8,13fcadcfebce608bffb6d3013f0501bd1916301bc921da206d0884f7638fdfd4,160,a1e4b94e5be0a9552f952c6d8f0bda430f9bfdab3c397079192588f75a8aba46,d9c1d0f471fb97f0efab0c100463285cd55e4de7718f288f7be26835b3adb0fe,40,20,peak_heating_W,p95,23824.877171778775,23861.32122573983,100,0.001529663876052382,0.02,True,True,3,2,True,False,0,False
BE_TABULA_11,TABULA_existing,rcp_2_6,central,residential_energy_demand_gate5_v1,4b5b7791539478f9b2562d1b176e235ac7b641e1afdc40c3d5242661d9dbed3d,2ad0e9f7bbdfe12695c931891fd0e8132d060fd7bcbca23623db43d4c7393a5c,561839806dcdb8279ac4e42025bc5a82751f2588a2b2066fa84637918d8e4896,231ef175659def943b74235aceb0ef9def0e53fc195cdad7a8338fa6b54777e3,2987a546cb3f48253dcdfdc400036a68d1977eddb1012f753e54eca010acedd8,13fcadcfebce608bffb6d3013f0501bd1916301bc921da206d0884f7638fdfd4,160,a1e4b94e5be0a9552f952c6d8f0bda430f9bfdab3c397079192588f75a8aba46,d9c1d0f471fb97f0efab0c100463285cd55e4de7718f288f7be26835b3adb0fe,40,20,peak_cooling_W,mean,7317.3335361012578,7323.1883364849728,100,0.00080012758128754987,0.02,True,True,3,2,True,False,0,False
BE_TABULA_11,TABULA_existing,rcp_2_6,central,residential_energy_demand_gate5_v1,4b5b7791539478f9b2562d1b176e235ac7b641e1afdc40c3d5242661d9dbed3d,2ad0e9f7bbdfe12695c931891fd0e8132d060fd7bcbca23623db43d4c7393a5c,561839806dcdb8279ac4e42025bc5a82751f2588a2b2066fa84637918d8e4896,231ef175659def943b74235aceb0ef9def0e53fc195cdad7a8338fa6b54777e3,2987a546cb3f48253dcdfdc400036a68d1977eddb1012f753e54eca010acedd8,13fcadcfebce608bffb6d3013f0501bd1916301bc921da206d0884f7638fdfd4,160,a1e4b94e5be0a9552f952c6d8f0bda430f9bfdab3c397079192588f75a8aba46,d9c1d0f471fb97f0efab0c100463285cd55e4de7718f288f7be26835b3adb0fe,40,20,peak_cooling_W,median,7445.7492020154714,7392.4576592342009,100,0.0071573110153703651,0.02,True,True,3,2,True,False,0,False
BE_TABULA_11,TABULA_existing,rcp_2_6,central,residential_energy_demand_gate5_v1,4b5b7791539478f9b2562d1b176e235ac7b641e1afdc40c3d5242661d9dbed3d,2ad0e9f7bbdfe12695c931891fd0e8132d060fd7bcbca23623db43d4c7393a5c,561839806dcdb8279ac4e42025bc5a82751f2588a2b2066fa84637918d8e4896,231ef175659def943b74235aceb0ef9def0e53fc195cdad7a8338fa6b54777e3,2987a546cb3f48253dcdfdc400036a68d1977eddb1012f753e54eca010acedd8,13fcadcfebce608bffb6d3013f0501bd1916301bc921da206d0884f7638fdfd4,160,a1e4b94e5be0a9552f952c6d8f0bda430f9bfdab3c397079192588f75a8aba46,d9c1d0f471fb97f0efab0c100463285cd55e4de7718f288f7be26835b3adb0fe,40,20,peak_cooling_W,p95,10139.372881199701,10226.094060930838,100,0.0085529135526650549,0.02,True,True,3,2,True,False,0,False
BE_TABULA_11,TABULA_existing,rcp_2_6,central,residential_energy_demand_gate5_v1,4b5b7791539478f9b2562d1b176e235ac7b641e1afdc40c3d5242661d9dbed3d,2ad0e9f7bbdfe12695c931891fd0e8132d060fd7bcbca23623db43d4c7393a5c,561839806dcdb8279ac4e42025bc5a82751f2588a2b2066fa84637918d8e4896,231ef175659def943b74235aceb0ef9def0e53fc195cdad7a8338fa6b54777e3,2987a546cb3f48253dcdfdc400036a68d1977eddb1012f753e54eca010acedd8,13fcadcfebce608bffb6d3013f0501bd1916301bc921da206d0884f7638fdfd4,160,a1e4b94e5be0a9552f952c6d8f0bda430f9bfdab3c397079192588f75a8aba46,68c77bb6c64b8d83360a050cd3cb41af044e4998f93c5776b9bf72e3b3a2d976,80,40,heating_intensity_kWh_m2,mean,175.1950229531752,175.06175592939539,1,0.00076067813761711127,0.02,True,True,4,2,True,True,1,False
BE_TABULA_11,TABULA_existing,rcp_2_6,central,residential_energy_demand_gate5_v1,4b5b7791539478f9b2562d1b176e235ac7b641e1afdc40c3d5242661d9dbed3d,2ad0e9f7bbdfe12695c931891fd0e8132d060fd7bcbca23623db43d4c7393a5c,561839806dcdb8279ac4e42025bc5a82751f2588a2b2066fa84637918d8e4896,231ef175659def943b74235aceb0ef9def0e53fc195cdad7a8338fa6b54777e3,2987a546cb3f48253dcdfdc400036a68d1977eddb1012f753e54eca010acedd8,13fcadcfebce608bffb6d3013f0501bd1916301bc921da206d0884f7638fdfd4,160,a1e4b94e5be0a9552f952c6d8f0bda430f9bfdab3c397079192588f75a8aba46,68c77bb6c64b8d83360a050cd3cb41af044e4998f93c5776b9bf72e3b3a2d976,80,40,heating_intensity_kWh_m2,median,171.2763168114671,171.27167875610718,1,2.7079373530810967e-05,0.02,True,True,4,2,True,True,1,False
BE_TABULA_11,TABULA_existing,rcp_2_6,central,residential_energy_demand_gate5_v1,4b5b7791539478f9b2562d1b176e235ac7b641e1afdc40c3d5242661d9dbed3d,2ad0e9f7bbdfe12695c931891fd0e8132d060fd7bcbca23623db43d4c7393a5c,561839806dcdb8279ac4e42025bc5a82751f2588a2b2066fa84637918d8e4896,231ef175659def943b74235aceb0ef9def0e53fc195cdad7a8338fa6b54777e3,2987a546cb3f48253dcdfdc400036a68d1977eddb1012f753e54eca010acedd8,13fcadcfebce608bffb6d3013f0501bd1916301bc921da206d0884f7638fdfd4,160,a1e4b94e5be0a9552f952c6d8f0bda430f9bfdab3c397079192588f75a8aba46,68c77bb6c64b8d83360a050cd3cb41af044e4998f93c5776b9bf72e3b3a2d976,80,40,heating_intensity_kWh_m2,p95,217.6617259679517,217.61956607964783,1,0.00019369454191536992,0.02,True,True,4,2,True,True,1,False
BE_TABULA_11,TABULA_existing,rcp_2_6,central,residential_energy_demand_gate5_v1,4b5b7791539478f9b2562d1b176e235ac7b641e1afdc40c3d5242661d9dbed3d,2ad0e9f7bbdfe12695c931891fd0e8132d060fd7bcbca23623db43d4c7393a5c,561839806dcdb8279ac4e42025bc5a82751f2588a2b2066fa84637918d8e4896,231ef175659def943b74235aceb0ef9def0e53fc195cdad7a8338fa6b54777e3,2987a546cb3f48253dcdfdc400036a68d1977eddb1012f753e54eca010acedd8,13fcadcfebce608bffb6d3013f0501bd1916301bc921da206d0884f7638fdfd4,160,a1e4b94e5be0a9552f952c6d8f0bda430f9bfdab3c397079192588f75a8aba46,68c77bb6c64b8d83360a050cd3cb41af044e4998f93c5776b9bf72e3b3a2d976,80,40,cooling_intensity_kWh_m2,mean,1.7909404587118547,1.7903942016357073,1,0.0003050112992256119,0.02,True,True,4,2,True,True,1,False
BE_TABULA_11,TABULA_existing,rcp_2_6,central,residential_energy_demand_gate5_v1,4b5b7791539478f9b2562d1b176e235ac7b641e1afdc40c3d5242661d9dbed3d,2ad0e9f7bbdfe12695c931891fd0e8132d060fd7bcbca23623db43d4c7393a5c,561839806dcdb8279ac4e42025bc5a82751f2588a2b2066fa84637918d8e4896,231ef175659def943b74235aceb0ef9def0e53fc195cdad7a8338fa6b54777e3,2987a546cb3f48253dcdfdc400036a68d1977eddb1012f753e54eca010acedd8,13fcadcfebce608bffb6d3013f0501bd1916301bc921da206d0884f7638fdfd4,160,a1e4b94e5be0a9552f952c6d8f0bda430f9bfdab3c397079192588f75a8aba46,68c77bb6c64b8d83360a050cd3cb41af044e4998f93c5776b9bf72e3b3a2d976,80,40,cooling_intensity_kWh_m2,median,1.704059605572068,1.7000808806070338,1,0.0023348508186123982,0.02,True,True,4,2,True,True,1,False
BE_TABULA_11,TABULA_existing,rcp_2_6,central,residential_energy_demand_gate5_v1,4b5b7791539478f9b2562d1b176e235ac7b641e1afdc40c3d5242661d9dbed3d,2ad0e9f7bbdfe12695c931891fd0e8132d060fd7bcbca23623db43d4c7393a5c,561839806dcdb8279ac4e42025bc5a82751f2588a2b2066fa84637918d8e4896,231ef175659def943b74235aceb0ef9def0e53fc195cdad7a8338fa6b54777e3,2987a546cb3f48253dcdfdc400036a68d1977eddb1012f753e54eca010acedd8,13fcadcfebce608bffb6d3013f0501bd1916301bc921da206d0884f7638fdfd4,160,a1e4b94e5be0a9552f952c6d8f0bda430f9bfdab3c397079192588f75a8aba46,68c77bb6c64b8d83360a050cd3cb41af044e4998f93c5776b9bf72e3b3a2d976,80,40,cooling_intensity_kWh_m2,p95,3.8469137277676055,3.8425790807143869,1,0.00112678561568212,0.02,True,True,4,2,True,True,1,False
BE_TABULA_11,TABULA_existing,rcp_2_6,central,residential_energy_demand_gate5_v1,4b5b7791539478f9b2562d1b176e235ac7b641e1afdc40c3d5242661d9dbed3d,2ad0e9f7bbdfe12695c931891fd0e8132d060fd7bcbca23623db43d4c7393a5c,561839806dcdb8279ac4e42025bc5a82751f2588a2b2066fa84637918d8e4896,231ef175659def943b74235aceb0ef9def0e53fc195cdad7a8338fa6b54777e3,2987a546cb3f48253dcdfdc400036a68d1977eddb1012f753e54eca010acedd8,13fcadcfebce608bffb6d3013f0501bd1916301bc921da206d0884f7638fdfd4,160,a1e4b94e5be0a9552f952c6d8f0bda430f9bfdab3c397079192588f75a8aba46,68c77bb6c64b8d83360a050cd3cb41af044e4998f93c5776b9bf72e3b3a2d976,80,40,peak_heating_W,mean,20536.927190228405,20540.407139186838,100,0.00016944837590351507,0.02,True,True,4,2,True,True,1,False
BE_TABULA_11,TABULA_existing,rcp_2_6,central,residential_energy_demand_gate5_v1,4b5b7791539478f9b2562d1b176e235ac7b641e1afdc40c3d5242661d9dbed3d,2ad0e9f7bbdfe12695c931891fd0e8132d060fd7bcbca23623db43d4c7393a5c,561839806dcdb8279ac4e42025bc5a82751f2588a2b2066fa84637918d8e4896,231ef175659def943b74235aceb0ef9def0e53fc195cdad7a8338fa6b54777e3,2987a546cb3f48253dcdfdc400036a68d1977eddb1012f753e54eca010acedd8,13fcadcfebce608bffb6d3013f0501bd1916301bc921da206d0884f7638fdfd4,160,a1e4b94e5be0a9552f952c6d8f0bda430f9bfdab3c397079192588f75a8aba46,68c77bb6c64b8d83360a050cd3cb41af044e4998f93c5776b9bf72e3b3a2d976,80,40,peak_heating_W,median,19952.218433288836,19940.1877846922,100,0.00060297297951407045,0.02,True,True,4,2,True,True,1,False
BE_TABULA_11,TABULA_existing,rcp_2_6,central,residential_energy_demand_gate5_v1,4b5b7791539478f9b2562d1b176e235ac7b641e1afdc40c3d5242661d9dbed3d,2ad0e9f7bbdfe12695c931891fd0e8132d060fd7bcbca23623db43d4c7393a5c,561839806dcdb8279ac4e42025bc5a82751f2588a2b2066fa84637918d8e4896,231ef175659def943b74235aceb0ef9def0e53fc195cdad7a8338fa6b54777e3,2987a546cb3f48253dcdfdc400036a68d1977eddb1012f753e54eca010acedd8,13fcadcfebce608bffb6d3013f0501bd1916301bc921da206d0884f7638fdfd4,160,a1e4b94e5be0a9552f952c6d8f0bda430f9bfdab3c397079192588f75a8aba46,68c77bb6c64b8d83360a050cd3cb41af044e4998f93c5776b9bf72e3b3a2d976,80,40,peak_heating_W,p95,23801.696699598004,23824.877171778775,100,0.00097389999012812724,0.02,True,True,4,2,True,True,1,False
BE_TABULA_11,TABULA_existing,rcp_2_6,central,residential_energy_demand_gate5_v1,4b5b7791539478f9b2562d1b176e235ac7b641e1afdc40c3d5242661d9dbed3d,2ad0e9f7bbdfe12695c931891fd0e8132d060fd7bcbca23623db43d4c7393a5c,561839806dcdb8279ac4e42025bc5a82751f2588a2b2066fa84637918d8e4896,231ef175659def943b74235aceb0ef9def0e53fc195cdad7a8338fa6b54777e3,2987a546cb3f48253dcdfdc400036a68d1977eddb1012f753e54eca010acedd8,13fcadcfebce608bffb6d3013f0501bd1916301bc921da206d0884f7638fdfd4,160,a1e4b94e5be0a9552f952c6d8f0bda430f9bfdab3c397079192588f75a8aba46,68c77bb6c64b8d83360a050cd3cb41af044e4998f93c5776b9bf72e3b3a2d976,80,40,peak_cooling_W,mean,7317.4979964499844,7317.3335361012578,100,2.2474942775029545e-05,0.02,True,True,4,2,True,True,1,False
BE_TABULA_11,TABULA_existing,rcp_2_6,central,residential_energy_demand_gate5_v1,4b5b7791539478f9b2562d1b176e235ac7b641e1afdc40c3d5242661d9dbed3d,2ad0e9f7bbdfe12695c931891fd0e8132d060fd7bcbca23623db43d4c7393a5c,561839806dcdb8279ac4e42025bc5a82751f2588a2b2066fa84637918d8e4896,231ef175659def943b74235aceb0ef9def0e53fc195cdad7a8338fa6b54777e3,2987a546cb3f48253dcdfdc400036a68d1977eddb1012f753e54eca010acedd8,13fcadcfebce608bffb6d3013f0501bd1916301bc921da206d0884f7638fdfd4,160,a1e4b94e5be0a9552f952c6d8f0bda430f9bfdab3c397079192588f75a8aba46,68c77bb6c64b8d83360a050cd3cb41af044e4998f93c5776b9bf72e3b3a2d976,80,40,peak_cooling_W,median,7473.232184712564,7445.7492020154714,100,0.0036775229268685861,0.02,True,True,4,2,True,True,1,False
BE_TABULA_11,TABULA_existing,rcp_2_6,central,residential_energy_demand_gate5_v1,4b5b7791539478f9b2562d1b176e235ac7b641e1afdc40c3d5242661d9dbed3d,2ad0e9f7bbdfe12695c931891fd0e8132d060fd7bcbca23623db43d4c7393a5c,561839806dcdb8279ac4e42025bc5a82751f2588a2b2066fa84637918d8e4896,231ef175659def943b74235aceb0ef9def0e53fc195cdad7a8338fa6b54777e3,2987a546cb3f48253dcdfdc400036a68d1977eddb1012f753e54eca010acedd8,13fcadcfebce608bffb6d3013f0501bd1916301bc921da206d0884f7638fdfd4,160,a1e4b94e5be0a9552f952c6d8f0bda430f9bfdab3c397079192588f75a8aba46,68c77bb6c64b8d83360a050cd3cb41af044e4998f93c5776b9bf72e3b3a2d976,80,40,peak_cooling_W,p95,10163.397998657227,10139.372881199701,100,0.0023638863164367032,0.02,True,True,4,2,True,True,1,False
BE_TABULA_11,TABULA_existing,rcp_2_6,central,residential_energy_demand_gate5_v1,4b5b7791539478f9b2562d1b176e235ac7b641e1afdc40c3d5242661d9dbed3d,2ad0e9f7bbdfe12695c931891fd0e8132d060fd7bcbca23623db43d4c7393a5c,561839806dcdb8279ac4e42025bc5a82751f2588a2b2066fa84637918d8e4896,231ef175659def943b74235aceb0ef9def0e53fc195cdad7a8338fa6b54777e3,2987a546cb3f48253dcdfdc400036a68d1977eddb1012f753e54eca010acedd8,13fcadcfebce608bffb6d3013f0501bd1916301bc921da206d0884f7638fdfd4,160,a1e4b94e5be0a9552f952c6d8f0bda430f9bfdab3c397079192588f75a8aba46,a1e4b94e5be0a9552f952c6d8f0bda430f9bfdab3c397079192588f75a8aba46,160,80,heating_intensity_kWh_m2,mean,175.12064358185327,175.1950229531752,1,0.00042473217206490577,0.02,True,True,5,2,True,False,0,False
BE_TABULA_11,TABULA_existing,rcp_2_6,central,residential_energy_demand_gate5_v1,4b5b7791539478f9b2562d1b176e235ac7b641e1afdc40c3d5242661d9dbed3d,2ad0e9f7bbdfe12695c931891fd0e8132d060fd7bcbca23623db43d4c7393a5c,561839806dcdb8279ac4e42025bc5a82751f2588a2b2066fa84637918d8e4896,231ef175659def943b74235aceb0ef9def0e53fc195cdad7a8338fa6b54777e3,2987a546cb3f48253dcdfdc400036a68d1977eddb1012f753e54eca010acedd8,13fcadcfebce608bffb6d3013f0501bd1916301bc921da206d0884f7638fdfd4,160,a1e4b94e5be0a9552f952c6d8f0bda430f9bfdab3c397079192588f75a8aba46,a1e4b94e5be0a9552f952c6d8f0bda430f9bfdab3c397079192588f75a8aba46,160,80,heating_intensity_kWh_m2,median,171.34484618389456,171.2763168114671,1,0.00039995000698132642,0.02,True,True,5,2,True,False,0,False
BE_TABULA_11,TABULA_existing,rcp_2_6,central,residential_energy_demand_gate5_v1,4b5b7791539478f9b2562d1b176e235ac7b641e1afdc40c3d5242661d9dbed3d,2ad0e9f7bbdfe12695c931891fd0e8132d060fd7bcbca23623db43d4c7393a5c,561839806dcdb8279ac4e42025bc5a82751f2588a2b2066fa84637918d8e4896,231ef175659def943b74235aceb0ef9def0e53fc195cdad7a8338fa6b54777e3,2987a546cb3f48253dcdfdc400036a68d1977eddb1012f753e54eca010acedd8,13fcadcfebce608bffb6d3013f0501bd1916301bc921da206d0884f7638fdfd4,160,a1e4b94e5be0a9552f952c6d8f0bda430f9bfdab3c397079192588f75a8aba46,a1e4b94e5be0a9552f952c6d8f0bda430f9bfdab3c397079192588f75a8aba46,160,80,heating_intensity_kWh_m2,p95,217.61768001817663,217.6617259679517,1,0.00020240060353271424,0.02,True,True,5,2,True,False,0,False
BE_TABULA_11,TABULA_existing,rcp_2_6,central,residential_energy_demand_gate5_v1,4b5b7791539478f9b2562d1b176e235ac7b641e1afdc40c3d5242661d9dbed3d,2ad0e9f7bbdfe12695c931891fd0e8132d060fd7bcbca23623db43d4c7393a5c,561839806dcdb8279ac4e42025bc5a82751f2588a2b2066fa84637918d8e4896,231ef175659def943b74235aceb0ef9def0e53fc195cdad7a8338fa6b54777e3,2987a546cb3f48253dcdfdc400036a68d1977eddb1012f753e54eca010acedd8,13fcadcfebce608bffb6d3013f0501bd1916301bc921da206d0884f7638fdfd4,160,a1e4b94e5be0a9552f952c6d8f0bda430f9bfdab3c397079192588f75a8aba46,a1e4b94e5be0a9552f952c6d8f0bda430f9bfdab3c397079192588f75a8aba46,160,80,cooling_intensity_kWh_m2,mean,1.7884972835724877,1.7909404587118547,1,0.0013660491194522747,0.02,True,True,5,2,True,False,0,False
BE_TABULA_11,TABULA_existing,rcp_2_6,central,residential_energy_demand_gate5_v1,4b5b7791539478f9b2562d1b176e235ac7b641e1afdc40c3d5242661d9dbed3d,2ad0e9f7bbdfe12695c931891fd0e8132d060fd7bcbca23623db43d4c7393a5c,561839806dcdb8279ac4e42025bc5a82751f2588a2b2066fa84637918d8e4896,231ef175659def943b74235aceb0ef9def0e53fc195cdad7a8338fa6b54777e3,2987a546cb3f48253dcdfdc400036a68d1977eddb1012f753e54eca010acedd8,13fcadcfebce608bffb6d3013f0501bd1916301bc921da206d0884f7638fdfd4,160,a1e4b94e5be0a9552f952c6d8f0bda430f9bfdab3c397079192588f75a8aba46,a1e4b94e5be0a9552f952c6d8f0bda430f9bfdab3c397079192588f75a8aba46,160,80,cooling_intensity_kWh_m2,median,1.7032165463795272,1.704059605572068,1,0.00049498062611760081,0.02,True,True,5,2,True,False,0,False
BE_TABULA_11,TABULA_existing,rcp_2_6,central,residential_energy_demand_gate5_v1,4b5b7791539478f9b2562d1b176e235ac7b641e1afdc40c3d5242661d9dbed3d,2ad0e9f7bbdfe12695c931891fd0e8132d060fd7bcbca23623db43d4c7393a5c,561839806dcdb8279ac4e42025bc5a82751f2588a2b2066fa84637918d8e4896,231ef175659def943b74235aceb0ef9def0e53fc195cdad7a8338fa6b54777e3,2987a546cb3f48253dcdfdc400036a68d1977eddb1012f753e54eca010acedd8,13fcadcfebce608bffb6d3013f0501bd1916301bc921da206d0884f7638fdfd4,160,a1e4b94e5be0a9552f952c6d8f0bda430f9bfdab3c397079192588f75a8aba46,a1e4b94e5be0a9552f952c6d8f0bda430f9bfdab3c397079192588f75a8aba46,160,80,cooling_intensity_kWh_m2,p95,3.842899711560857,3.8469137277676055,1,0.0010445279627446257,0.02,True,True,5,2,True,False,0,False
BE_TABULA_11,TABULA_existing,rcp_2_6,central,residential_energy_demand_gate5_v1,4b5b7791539478f9b2562d1b176e235ac7b641e1afdc40c3d5242661d9dbed3d,2ad0e9f7bbdfe12695c931891fd0e8132d060fd7bcbca23623db43d4c7393a5c,561839806dcdb8279ac4e42025bc5a82751f2588a2b2066fa84637918d8e4896,231ef175659def943b74235aceb0ef9def0e53fc195cdad7a8338fa6b54777e3,2987a546cb3f48253dcdfdc400036a68d1977eddb1012f753e54eca010acedd8,13fcadcfebce608bffb6d3013f0501bd1916301bc921da206d0884f7638fdfd4,160,a1e4b94e5be0a9552f952c6d8f0bda430f9bfdab3c397079192588f75a8aba46,a1e4b94e5be0a9552f952c6d8f0bda430f9bfdab3c397079192588f75a8aba46,160,80,peak_heating_W,mean,20547.826442195481,20536.927190228405,100,0.00053043332820320373,0.02,True,True,5,2,True,False,0,False
BE_TABULA_11,TABULA_existing,rcp_2_6,central,residential_energy_demand_gate5_v1,4b5b7791539478f9b2562d1b176e235ac7b641e1afdc40c3d5242661d9dbed3d,2ad0e9f7bbdfe12695c931891fd0e8132d060fd7bcbca23623db43d4c7393a5c,561839806dcdb8279ac4e42025bc5a82751f2588a2b2066fa84637918d8e4896,231ef175659def943b74235aceb0ef9def0e53fc195cdad7a8338fa6b54777e3,2987a546cb3f48253dcdfdc400036a68d1977eddb1012f753e54eca010acedd8,13fcadcfebce608bffb6d3013f0501bd1916301bc921da206d0884f7638fdfd4,160,a1e4b94e5be0a9552f952c6d8f0bda430f9bfdab3c397079192588f75a8aba46,a1e4b94e5be0a9552f952c6d8f0bda430f9bfdab3c397079192588f75a8aba46,160,80,peak_heating_W,median,19952.537717370506,19952.218433288836,100,1.6002179080813475e-05,0.02,True,True,5,2,True,False,0,False
BE_TABULA_11,TABULA_existing,rcp_2_6,central,residential_energy_demand_gate5_v1,4b5b7791539478f9b2562d1b176e235ac7b641e1afdc40c3d5242661d9dbed3d,2ad0e9f7bbdfe12695c931891fd0e8132d060fd7bcbca23623db43d4c7393a5c,561839806dcdb8279ac4e42025bc5a82751f2588a2b2066fa84637918d8e4896,231ef175659def943b74235aceb0ef9def0e53fc195cdad7a8338fa6b54777e3,2987a546cb3f48253dcdfdc400036a68d1977eddb1012f753e54eca010acedd8,13fcadcfebce608bffb6d3013f0501bd1916301bc921da206d0884f7638fdfd4,160,a1e4b94e5be0a9552f952c6d8f0bda430f9bfdab3c397079192588f75a8aba46,a1e4b94e5be0a9552f952c6d8f0bda430f9bfdab3c397079192588f75a8aba46,160,80,peak_heating_W,p95,23801.756483912424,23801.696699598004,100,2.5117606114888212e-06,0.02,True,True,5,2,True,False,0,False
BE_TABULA_11,TABULA_existing,rcp_2_6,central,residential_energy_demand_gate5_v1,4b5b7791539478f9b2562d1b176e235ac7b641e1afdc40c3d5242661d9dbed3d,2ad0e9f7bbdfe12695c931891fd0e8132d060fd7bcbca23623db43d4c7393a5c,561839806dcdb8279ac4e42025bc5a82751f2588a2b2066fa84637918d8e4896,231ef175659def943b74235aceb0ef9def0e53fc195cdad7a8338fa6b54777e3,2987a546cb3f48253dcdfdc400036a68d1977eddb1012f753e54eca010acedd8,13fcadcfebce608bffb6d3013f0501bd1916301bc921da206d0884f7638fdfd4,160,a1e4b94e5be0a9552f952c6d8f0bda430f9bfdab3c397079192588f75a8aba46,a1e4b94e5be0a9552f952c6d8f0bda430f9bfdab3c397079192588f75a8aba46,160,80,peak_cooling_W,mean,7304.9796918519723,7317.4979964499844,100,0.0017136672689145249,0.02,True,True,5,2,True,False,0,False
BE_TABULA_11,TABULA_existing,rcp_2_6,central,residential_energy_demand_gate5_v1,4b5b7791539478f9b2562d1b176e235ac7b641e1afdc40c3d5242661d9dbed3d,2ad0e9f7bbdfe12695c931891fd0e8132d060fd7bcbca23623db43d4c7393a5c,561839806dcdb8279ac4e42025bc5a82751f2588a2b2066fa84637918d8e4896,231ef175659def943b74235aceb0ef9def0e53fc195cdad7a8338fa6b54777e3,2987a546cb3f48253dcdfdc400036a68d1977eddb1012f753e54eca010acedd8,13fcadcfebce608bffb6d3013f0501bd1916301bc921da206d0884f7638fdfd4,160,a1e4b94e5be0a9552f952c6d8f0bda430f9bfdab3c397079192588f75a8aba46,a1e4b94e5be0a9552f952c6d8f0bda430f9bfdab3c397079192588f75a8aba46,160,80,peak_cooling_W,median,7429.198429187747,7473.232184712564,100,0.0059271206637606724,0.02,True,True,5,2,True,False,0,False
BE_TABULA_11,TABULA_existing,rcp_2_6,central,residential_energy_demand_gate5_v1,4b5b7791539478f9b2562d1b176e235ac7b641e1afdc40c3d5242661d9dbed3d,2ad0e9f7bbdfe12695c931891fd0e8132d060fd7bcbca23623db43d4c7393a5c,561839806dcdb8279ac4e42025bc5a82751f2588a2b2066fa84637918d8e4896,231ef175659def943b74235aceb0ef9def0e53fc195cdad7a8338fa6b54777e3,2987a546cb3f48253dcdfdc400036a68d1977eddb1012f753e54eca010acedd8,13fcadcfebce608bffb6d3013f0501bd1916301bc921da206d0884f7638fdfd4,160,a1e4b94e5be0a9552f952c6d8f0bda430f9bfdab3c397079192588f75a8aba46,a1e4b94e5be0a9552f952c6d8f0bda430f9bfdab3c397079192588f75a8aba46,160,80,peak_cooling_W,p95,10188.737255334439,10163.397998657227,100,0.0024869869584620025,0.02,True,True,5,2,True,False,0,False
BE_TABULA_11,TABULA_existing,rcp_4_5,central,residential_energy_demand_gate5_v1,4b5b7791539478f9b2562d1b176e235ac7b641e1afdc40c3d5242661d9dbed3d,2ad0e9f7bbdfe12695c931891fd0e8132d060fd7bcbca23623db43d4c7393a5c,561839806dcdb8279ac4e42025bc5a82751f2588a2b2066fa84637918d8e4896,231ef175659def943b74235aceb0ef9def0e53fc195cdad7a8338fa6b54777e3,2987a546cb3f48253dcdfdc400036a68d1977eddb1012f753e54eca010acedd8,ad5c87b0e8a93a1c795fbdddcfd91ab13eb4d14c7272af892b123e07e4ef8395,160,a1e4b94e5be0a9552f952c6d8f0bda430f9bfdab3c397079192588f75a8aba46,0483fface789f96fbdc35b5911182753a8b4967876fb97c2eefce49e4b3c29ca,5,,heating_intensity_kWh_m2,mean,176.76318842395457,,1,,0.02,False,False,0,2,False,False,0,False
BE_TABULA_11,TABULA_existing,rcp_4_5,central,residential_energy_demand_gate5_v1,4b5b7791539478f9b2562d1b176e235ac7b641e1afdc40c3d5242661d9dbed3d,2ad0e9f7bbdfe12695c931891fd0e8132d060fd7bcbca23623db43d4c7393a5c,561839806dcdb8279ac4e42025bc5a82751f2588a2b2066fa84637918d8e4896,231ef175659def943b74235aceb0ef9def0e53fc195cdad7a8338fa6b54777e3,2987a546cb3f48253dcdfdc400036a68d1977eddb1012f753e54eca010acedd8,ad5c87b0e8a93a1c795fbdddcfd91ab13eb4d14c7272af892b123e07e4ef8395,160,a1e4b94e5be0a9552f952c6d8f0bda430f9bfdab3c397079192588f75a8aba46,0483fface789f96fbdc35b5911182753a8b4967876fb97c2eefce49e4b3c29ca,5,,heating_intensity_kWh_m2,median,173.67214944458641,,1,,0.02,False,False,0,2,False,False,0,False
BE_TABULA_11,TABULA_existing,rcp_4_5,central,residential_energy_demand_gate5_v1,4b5b7791539478f9b2562d1b176e235ac7b641e1afdc40c3d5242661d9dbed3d,2ad0e9f7bbdfe12695c931891fd0e8132d060fd7bcbca23623db43d4c7393a5c,561839806dcdb8279ac4e42025bc5a82751f2588a2b2066fa84637918d8e4896,231ef175659def943b74235aceb0ef9def0e53fc195cdad7a8338fa6b54777e3,2987a546cb3f48253dcdfdc400036a68d1977eddb1012f753e54eca010acedd8,ad5c87b0e8a93a1c795fbdddcfd91ab13eb4d14c7272af892b123e07e4ef8395,160,a1e4b94e5be0a9552f952c6d8f0bda430f9bfdab3c397079192588f75a8aba46,0483fface789f96fbdc35b5911182753a8b4967876fb97c2eefce49e4b3c29ca,5,,heating_intensity_kWh_m2,p95,214.36629174093807,,1,,0.02,False,False,0,2,False,False,0,False
BE_TABULA_11,TABULA_existing,rcp_4_5,central,residential_energy_demand_gate5_v1,4b5b7791539478f9b2562d1b176e235ac7b641e1afdc40c3d5242661d9dbed3d,2ad0e9f7bbdfe12695c931891fd0e8132d060fd7bcbca23623db43d4c7393a5c,561839806dcdb8279ac4e42025bc5a82751f2588a2b2066fa84637918d8e4896,231ef175659def943b74235aceb0ef9def0e53fc195cdad7a8338fa6b54777e3,2987a546cb3f48253dcdfdc400036a68d1977eddb1012f753e54eca010acedd8,ad5c87b0e8a93a1c795fbdddcfd91ab13eb4d14c7272af892b123e07e4ef8395,160,a1e4b94e5be0a9552f952c6d8f0bda430f9bfdab3c397079192588f75a8aba46,0483fface789f96fbdc35b5911182753a8b4967876fb97c2eefce49e4b3c29ca,5,,cooling_intensity_kWh_m2,mean,1.5059638371222788,,1,,0.02,False,False,0,2,False,False,0,False
BE_TABULA_11,TABULA_existing,rcp_4_5,central,residential_energy_demand_gate5_v1,4b5b7791539478f9b2562d1b176e235ac7b641e1afdc40c3d5242661d9dbed3d,2ad0e9f7bbdfe12695c931891fd0e8132d060fd7bcbca23623db43d4c7393a5c,561839806dcdb8279ac4e42025bc5a82751f2588a2b2066fa84637918d8e4896,231ef175659def943b74235aceb0ef9def0e53fc195cdad7a8338fa6b54777e3,2987a546cb3f48253dcdfdc400036a68d1977eddb1012f753e54eca010acedd8,ad5c87b0e8a93a1c795fbdddcfd91ab13eb4d14c7272af892b123e07e4ef8395,160,a1e4b94e5be0a9552f952c6d8f0bda430f9bfdab3c397079192588f75a8aba46,0483fface789f96fbdc35b5911182753a8b4967876fb97c2eefce49e4b3c29ca,5,,cooling_intensity_kWh_m2,median,1.4160343756787586,,1,,0.02,False,False,0,2,False,False,0,False
BE_TABULA_11,TABULA_existing,rcp_4_5,central,residential_energy_demand_gate5_v1,4b5b7791539478f9b2562d1b176e235ac7b641e1afdc40c3d5242661d9dbed3d,2ad0e9f7bbdfe12695c931891fd0e8132d060fd7bcbca23623db43d4c7393a5c,561839806dcdb8279ac4e42025bc5a82751f2588a2b2066fa84637918d8e4896,231ef175659def943b74235aceb0ef9def0e53fc195cdad7a8338fa6b54777e3,2987a546cb3f48253dcdfdc400036a68d1977eddb1012f753e54eca010acedd8,ad5c87b0e8a93a1c795fbdddcfd91ab13eb4d14c7272af892b123e07e4ef8395,160,a1e4b94e5be0a9552f952c6d8f0bda430f9bfdab3c397079192588f75a8aba46,0483fface789f96fbdc35b5911182753a8b4967876fb97c2eefce49e4b3c29ca,5,,cooling_intensity_kWh_m2,p95,3.2367482091450164,,1,,0.02,False,False,0,2,False,False,0,False
BE_TABULA_11,TABULA_existing,rcp_4_5,central,residential_energy_demand_gate5_v1,4b5b7791539478f9b2562d1b176e235ac7b641e1afdc40c3d5242661d9dbed3d,2ad0e9f7bbdfe12695c931891fd0e8132d060fd7bcbca23623db43d4c7393a5c,561839806dcdb8279ac4e42025bc5a82751f2588a2b2066fa84637918d8e4896,231ef175659def943b74235aceb0ef9def0e53fc195cdad7a8338fa6b54777e3,2987a546cb3f48253dcdfdc400036a68d1977eddb1012f753e54eca010acedd8,ad5c87b0e8a93a1c795fbdddcfd91ab13eb4d14c7272af892b123e07e4ef8395,160,a1e4b94e5be0a9552f952c6d8f0bda430f9bfdab3c397079192588f75a8aba46,0483fface789f96fbdc35b5911182753a8b4967876fb97c2eefce49e4b3c29ca,5,,peak_heating_W,mean,20482.42001614644,,100,,0.02,False,False,0,2,False,False,0,False
BE_TABULA_11,TABULA_existing,rcp_4_5,central,residential_energy_demand_gate5_v1,4b5b7791539478f9b2562d1b176e235ac7b641e1afdc40c3d5242661d9dbed3d,2ad0e9f7bbdfe12695c931891fd0e8132d060fd7bcbca23623db43d4c7393a5c,561839806dcdb8279ac4e42025bc5a82751f2588a2b2066fa84637918d8e4896,231ef175659def943b74235aceb0ef9def0e53fc195cdad7a8338fa6b54777e3,2987a546cb3f48253dcdfdc400036a68d1977eddb1012f753e54eca010acedd8,ad5c87b0e8a93a1c795fbdddcfd91ab13eb4d14c7272af892b123e07e4ef8395,160,a1e4b94e5be0a9552f952c6d8f0bda430f9bfdab3c397079192588f75a8aba46,0483fface789f96fbdc35b5911182753a8b4967876fb97c2eefce49e4b3c29ca,5,,peak_heating_W,median,19816.854154299705,,100,,0.02,False,False,0,2,False,False,0,False
BE_TABULA_11,TABULA_existing,rcp_4_5,central,residential_energy_demand_gate5_v1,4b5b7791539478f9b2562d1b176e235ac7b641e1afdc40c3d5242661d9dbed3d,2ad0e9f7bbdfe12695c931891fd0e8132d060fd7bcbca23623db43d4c7393a5c,561839806dcdb8279ac4e42025bc5a82751f2588a2b2066fa84637918d8e4896,231ef175659def943b74235aceb0ef9def0e53fc195cdad7a8338fa6b54777e3,2987a546cb3f48253dcdfdc400036a68d1977eddb1012f753e54eca010acedd8,ad5c87b0e8a93a1c795fbdddcfd91ab13eb4d14c7272af892b123e07e4ef8395,160,a1e4b94e5be0a9552f952c6d8f0bda430f9bfdab3c397079192588f75a8aba46,0483fface789f96fbdc35b5911182753a8b4967876fb97c2eefce49e4b3c29ca,5,,peak_heating_W,p95,23759.928118801879,,100,,0.02,False,False,0,2,False,False,0,False
BE_TABULA_11,TABULA_existing,rcp_4_5,central,residential_energy_demand_gate5_v1,4b5b7791539478f9b2562d1b176e235ac7b641e1afdc40c3d5242661d9dbed3d,2ad0e9f7bbdfe12695c931891fd0e8132d060fd7bcbca23623db43d4c7393a5c,561839806dcdb8279ac4e42025bc5a82751f2588a2b2066fa84637918d8e4896,231ef175659def943b74235aceb0ef9def0e53fc195cdad7a8338fa6b54777e3,2987a546cb3f48253dcdfdc400036a68d1977eddb1012f753e54eca010acedd8,ad5c87b0e8a93a1c795fbdddcfd91ab13eb4d14c7272af892b123e07e4ef8395,160,a1e4b94e5be0a9552f952c6d8f0bda430f9bfdab3c397079192588f75a8aba46,0483fface789f96fbdc35b5911182753a8b4967876fb97c2eefce49e4b3c29ca,5,,peak_cooling_W,mean,6900.3039987205384,,100,,0.02,False,False,0,2,False,False,0,False
BE_TABULA_11,TABULA_existing,rcp_4_5,central,residential_energy_demand_gate5_v1,4b5b7791539478f9b2562d1b176e235ac7b641e1afdc40c3d5242661d9dbed3d,2ad0e9f7bbdfe12695c931891fd0e8132d060fd7bcbca23623db43d4c7393a5c,561839806dcdb8279ac4e42025bc5a82751f2588a2b2066fa84637918d8e4896,231ef175659def943b74235aceb0ef9def0e53fc195cdad7a8338fa6b54777e3,2987a546cb3f48253dcdfdc400036a68d1977eddb1012f753e54eca010acedd8,ad5c87b0e8a93a1c795fbdddcfd91ab13eb4d14c7272af892b123e07e4ef8395,160,a1e4b94e5be0a9552f952c6d8f0bda430f9bfdab3c397079192588f75a8aba46,0483fface789f96fbdc35b5911182753a8b4967876fb97c2eefce49e4b3c29ca,5,,peak_cooling_W,median,6901.502562420339,,100,,0.02,False,False,0,2,False,False,0,False
BE_TABULA_11,TABULA_existing,rcp_4_5,central,residential_energy_demand_gate5_v1,4b5b7791539478f9b2562d1b176e235ac7b641e1afdc40c3d5242661d9dbed3d,2ad0e9f7bbdfe12695c931891fd0e8132d060fd7bcbca23623db43d4c7393a5c,561839806dcdb8279ac4e42025bc5a82751f2588a2b2066fa84637918d8e4896,231ef175659def943b74235aceb0ef9def0e53fc195cdad7a8338fa6b54777e3,2987a546cb3f48253dcdfdc400036a68d1977eddb1012f753e54eca010acedd8,ad5c87b0e8a93a1c795fbdddcfd91ab13eb4d14c7272af892b123e07e4ef8395,160,a1e4b94e5be0a9552f952c6d8f0bda430f9bfdab3c397079192588f75a8aba46,0483fface789f96fbdc35b5911182753a8b4967876fb97c2eefce49e4b3c29ca,5,,peak_cooling_W,p95,9724.3598813700719,,100,,0.02,False,False,0,2,False,False,0,False
BE_TABULA_11,TABULA_existing,rcp_4_5,central,residential_energy_demand_gate5_v1,4b5b7791539478f9b2562d1b176e235ac7b641e1afdc40c3d5242661d9dbed3d,2ad0e9f7bbdfe12695c931891fd0e8132d060fd7bcbca23623db43d4c7393a5c,561839806dcdb8279ac4e42025bc5a82751f2588a2b2066fa84637918d8e4896,231ef175659def943b74235aceb0ef9def0e53fc195cdad7a8338fa6b54777e3,2987a546cb3f48253dcdfdc400036a68d1977eddb1012f753e54eca010acedd8,ad5c87b0e8a93a1c795fbdddcfd91ab13eb4d14c7272af892b123e07e4ef8395,160,a1e4b94e5be0a9552f952c6d8f0bda430f9bfdab3c397079192588f75a8aba46,2063071df976f1cac9f6aea690c2aef6ea0bdefe943f07ae1c5166c5ad9979e4,10,5,heating_intensity_kWh_m2,mean,176.34440777568193,176.76318842395457,1,0.002374788367575298,0.02,True,False,0,2,False,False,0,False
BE_TABULA_11,TABULA_existing,rcp_4_5,central,residential_energy_demand_gate5_v1,4b5b7791539478f9b2562d1b176e235ac7b641e1afdc40c3d5242661d9dbed3d,2ad0e9f7bbdfe12695c931891fd0e8132d060fd7bcbca23623db43d4c7393a5c,561839806dcdb8279ac4e42025bc5a82751f2588a2b2066fa84637918d8e4896,231ef175659def943b74235aceb0ef9def0e53fc195cdad7a8338fa6b54777e3,2987a546cb3f48253dcdfdc400036a68d1977eddb1012f753e54eca010acedd8,ad5c87b0e8a93a1c795fbdddcfd91ab13eb4d14c7272af892b123e07e4ef8395,160,a1e4b94e5be0a9552f952c6d8f0bda430f9bfdab3c397079192588f75a8aba46,2063071df976f1cac9f6aea690c2aef6ea0bdefe943f07ae1c5166c5ad9979e4,10,5,heating_intensity_kWh_m2,median,173.27108178766861,173.67214944458641,1,0.0023146831703243073,0.02,True,False,0,2,False,False,0,False
BE_TABULA_11,TABULA_existing,rcp_4_5,central,residential_energy_demand_gate5_v1,4b5b7791539478f9b2562d1b176e235ac7b641e1afdc40c3d5242661d9dbed3d,2ad0e9f7bbdfe12695c931891fd0e8132d060fd7bcbca23623db43d4c7393a5c,561839806dcdb8279ac4e42025bc5a82751f2588a2b2066fa84637918d8e4896,231ef175659def943b74235aceb0ef9def0e53fc195cdad7a8338fa6b54777e3,2987a546cb3f48253dcdfdc400036a68d1977eddb1012f753e54eca010acedd8,ad5c87b0e8a93a1c795fbdddcfd91ab13eb4d14c7272af892b123e07e4ef8395,160,a1e4b94e5be0a9552f952c6d8f0bda430f9bfdab3c397079192588f75a8aba46,2063071df976f1cac9f6aea690c2aef6ea0bdefe943f07ae1c5166c5ad9979e4,10,5,heating_intensity_kWh_m2,p95,218.78706388079871,214.36629174093807,1,0.020205820497089376,0.02,False,False,0,2,False,False,0,False
BE_TABULA_11,TABULA_existing,rcp_4_5,central,residential_energy_demand_gate5_v1,4b5b7791539478f9b2562d1b176e235ac7b641e1afdc40c3d5242661d9dbed3d,2ad0e9f7bbdfe12695c931891fd0e8132d060fd7bcbca23623db43d4c7393a5c,561839806dcdb8279ac4e42025bc5a82751f2588a2b2066fa84637918d8e4896,231ef175659def943b74235aceb0ef9def0e53fc195cdad7a8338fa6b54777e3,2987a546cb3f48253dcdfdc400036a68d1977eddb1012f753e54eca010acedd8,ad5c87b0e8a93a1c795fbdddcfd91ab13eb4d14c7272af892b123e07e4ef8395,160,a1e4b94e5be0a9552f952c6d8f0bda430f9bfdab3c397079192588f75a8aba46,2063071df976f1cac9f6aea690c2aef6ea0bdefe943f07ae1c5166c5ad9979e4,10,5,cooling_intensity_kWh_m2,mean,1.4955469403787507,1.5059638371222788,1,0.0069652756876290214,0.02,True,False,0,2,False,False,0,False
BE_TABULA_11,TABULA_existing,rcp_4_5,central,residential_energy_demand_gate5_v1,4b5b7791539478f9b2562d1b176e235ac7b641e1afdc40c3d5242661d9dbed3d,2ad0e9f7bbdfe12695c931891fd0e8132d060fd7bcbca23623db43d4c7393a5c,561839806dcdb8279ac4e42025bc5a82751f2588a2b2066fa84637918d8e4896,231ef175659def943b74235aceb0ef9def0e53fc195cdad7a8338fa6b54777e3,2987a546cb3f48253dcdfdc400036a68d1977eddb1012f753e54eca010acedd8,ad5c87b0e8a93a1c795fbdddcfd91ab13eb4d14c7272af892b123e07e4ef8395,160,a1e4b94e5be0a9552f952c6d8f0bda430f9bfdab3c397079192588f75a8aba46,2063071df976f1cac9f6aea690c2aef6ea0bdefe943f07ae1c5166c5ad9979e4,10,5,cooling_intensity_kWh_m2,median,1.401917637430252,1.4160343756787586,1,0.010069591730355059,0.02,True,False,0,2,False,False,0,False
BE_TABULA_11,TABULA_existing,rcp_4_5,central,residential_energy_demand_gate5_v1,4b5b7791539478f9b2562d1b176e235ac7b641e1afdc40c3d5242661d9dbed3d,2ad0e9f7bbdfe12695c931891fd0e8132d060fd7bcbca23623db43d4c7393a5c,561839806dcdb8279ac4e42025bc5a82751f2588a2b2066fa84637918d8e4896,231ef175659def943b74235aceb0ef9def0e53fc195cdad7a8338fa6b54777e3,2987a546cb3f48253dcdfdc400036a68d1977eddb1012f753e54eca010acedd8,ad5c87b0e8a93a1c795fbdddcfd91ab13eb4d14c7272af892b123e07e4ef8395,160,a1e4b94e5be0a9552f952c6d8f0bda430f9bfdab3c397079192588f75a8aba46,2063071df976f1cac9f6aea690c2aef6ea0bdefe943f07ae1c5166c5ad9979e4,10,5,cooling_intensity_kWh_m2,p95,3.2160857457063661,3.2367482091450164,1,0.0064247240504192761,0.02,True,False,0,2,False,False,0,False
BE_TABULA_11,TABULA_existing,rcp_4_5,central,residential_energy_demand_gate5_v1,4b5b7791539478f9b2562d1b176e235ac7b641e1afdc40c3d5242661d9dbed3d,2ad0e9f7bbdfe12695c931891fd0e8132d060fd7bcbca23623db43d4c7393a5c,561839806dcdb8279ac4e42025bc5a82751f2588a2b2066fa84637918d8e4896,231ef175659def943b74235aceb0ef9def0e53fc195cdad7a8338fa6b54777e3,2987a546cb3f48253dcdfdc400036a68d1977eddb1012f753e54eca010acedd8,ad5c87b0e8a93a1c795fbdddcfd91ab13eb4d14c7272af892b123e07e4ef8395,160,a1e4b94e5be0a9552f952c6d8f0bda430f9bfdab3c397079192588f75a8aba46,2063071df976f1cac9f6aea690c2aef6ea0bdefe943f07ae1c5166c5ad9979e4,10,5,peak_heating_W,mean,20496.542891883189,20482.42001614644,100,0.00068903696644094211,0.02,True,False,0,2,False,False,0,False
BE_TABULA_11,TABULA_existing,rcp_4_5,central,residential_energy_demand_gate5_v1,4b5b7791539478f9b2562d1b176e235ac7b641e1afdc40c3d5242661d9dbed3d,2ad0e9f7bbdfe12695c931891fd0e8132d060fd7bcbca23623db43d4c7393a5c,561839806dcdb8279ac4e42025bc5a82751f2588a2b2066fa84637918d8e4896,231ef175659def943b74235aceb0ef9def0e53fc195cdad7a8338fa6b54777e3,2987a546cb3f48253dcdfdc400036a68d1977eddb1012f753e54eca010acedd8,ad5c87b0e8a93a1c795fbdddcfd91ab13eb4d14c7272af892b123e07e4ef8395,160,a1e4b94e5be0a9552f952c6d8f0bda430f9bfdab3c397079192588f75a8aba46,2063071df976f1cac9f6aea690c2aef6ea0bdefe943f07ae1c5166c5ad9979e4,10,5,peak_heating_W,median,19901.205246734597,19816.854154299705,100,0.0042384916586261749,0.02,True,False,0,2,False,False,0,False
BE_TABULA_11,TABULA_existing,rcp_4_5,central,residential_energy_demand_gate5_v1,4b5b7791539478f9b2562d1b176e235ac7b641e1afdc40c3d5242661d9dbed3d,2ad0e9f7bbdfe12695c931891fd0e8132d060fd7bcbca23623db43d4c7393a5c,561839806dcdb8279ac4e42025bc5a82751f2588a2b2066fa84637918d8e4896,231ef175659def943b74235aceb0ef9def0e53fc195cdad7a8338fa6b54777e3,2987a546cb3f48253dcdfdc400036a68d1977eddb1012f753e54eca010acedd8,ad5c87b0e8a93a1c795fbdddcfd91ab13eb4d14c7272af892b123e07e4ef8395,160,a1e4b94e5be0a9552f952c6d8f0bda430f9bfdab3c397079192588f75a8aba46,2063071df976f1cac9f6aea690c2aef6ea0bdefe943f07ae1c5166c5ad9979e4,10,5,peak_heating_W,p95,23786.143882915661,23759.928118801879,100,0.0011021443510484826,0.02,True,False,0,2,False,False,0,False
BE_TABULA_11,TABULA_existing,rcp_4_5,central,residential_energy_demand_gate5_v1,4b5b7791539478f9b2562d1b176e235ac7b641e1afdc40c3d5242661d9dbed3d,2ad0e9f7bbdfe12695c931891fd0e8132d060fd7bcbca23623db43d4c7393a5c,561839806dcdb8279ac4e42025bc5a82751f2588a2b2066fa84637918d8e4896,231ef175659def943b74235aceb0ef9def0e53fc195cdad7a8338fa6b54777e3,2987a546cb3f48253dcdfdc400036a68d1977eddb1012f753e54eca010acedd8,ad5c87b0e8a93a1c795fbdddcfd91ab13eb4d14c7272af892b123e07e4ef8395,160,a1e4b94e5be0a9552f952c6d8f0bda430f9bfdab3c397079192588f75a8aba46,2063071df976f1cac9f6aea690c2aef6ea0bdefe943f07ae1c5166c5ad9979e4,10,5,peak_cooling_W,mean,6875.8572995930863,6900.3039987205384,100,0.0035554401527354089,0.02,True,False,0,2,False,False,0,False
BE_TABULA_11,TABULA_existing,rcp_4_5,central,residential_energy_demand_gate5_v1,4b5b7791539478f9b2562d1b176e235ac7b641e1afdc40c3d5242661d9dbed3d,2ad0e9f7bbdfe12695c931891fd0e8132d060fd7bcbca23623db43d4c7393a5c,561839806dcdb8279ac4e42025bc5a82751f2588a2b2066fa84637918d8e4896,231ef175659def943b74235aceb0ef9def0e53fc195cdad7a8338fa6b54777e3,2987a546cb3f48253dcdfdc400036a68d1977eddb1012f753e54eca010acedd8,ad5c87b0e8a93a1c795fbdddcfd91ab13eb4d14c7272af892b123e07e4ef8395,160,a1e4b94e5be0a9552f952c6d8f0bda430f9bfdab3c397079192588f75a8aba46,2063071df976f1cac9f6aea690c2aef6ea0bdefe943f07ae1c5166c5ad9979e4,10,5,peak_cooling_W,median,7006.6137372904413,6901.502562420339,100,0.015001708216150407,0.02,True,False,0,2,False,False,0,False
BE_TABULA_11,TABULA_existing,rcp_4_5,central,residential_energy_demand_gate5_v1,4b5b7791539478f9b2562d1b176e235ac7b641e1afdc40c3d5242661d9dbed3d,2ad0e9f7bbdfe12695c931891fd0e8132d060fd7bcbca23623db43d4c7393a5c,561839806dcdb8279ac4e42025bc5a82751f2588a2b2066fa84637918d8e4896,231ef175659def943b74235aceb0ef9def0e53fc195cdad7a8338fa6b54777e3,2987a546cb3f48253dcdfdc400036a68d1977eddb1012f753e54eca010acedd8,ad5c87b0e8a93a1c795fbdddcfd91ab13eb4d14c7272af892b123e07e4ef8395,160,a1e4b94e5be0a9552f952c6d8f0bda430f9bfdab3c397079192588f75a8aba46,2063071df976f1cac9f6aea690c2aef6ea0bdefe943f07ae1c5166c5ad9979e4,10,5,peak_cooling_W,p95,9734.9258450751277,9724.3598813700719,100,0.001085366634857425,0.02,True,False,0,2,False,False,0,False
BE_TABULA_11,TABULA_existing,rcp_4_5,central,residential_energy_demand_gate5_v1,4b5b7791539478f9b2562d1b176e235ac7b641e1afdc40c3d5242661d9dbed3d,2ad0e9f7bbdfe12695c931891fd0e8132d060fd7bcbca23623db43d4c7393a5c,561839806dcdb8279ac4e42025bc5a82751f2588a2b2066fa84637918d8e4896,231ef175659def943b74235aceb0ef9def0e53fc195cdad7a8338fa6b54777e3,2987a546cb3f48253dcdfdc400036a68d1977eddb1012f753e54eca010acedd8,ad5c87b0e8a93a1c795fbdddcfd91ab13eb4d14c7272af892b123e07e4ef8395,160,a1e4b94e5be0a9552f952c6d8f0bda430f9bfdab3c397079192588f75a8aba46,1f7bdd094d6a8634c38dd67d232f10ebdc75032637483205a54e37449f9f3c93,20,10,heating_intensity_kWh_m2,mean,175.78567681643943,176.34440777568193,1,0.0031784783001742463,0.02,True,True,1,2,False,False,0,False
BE_TABULA_11,TABULA_existing,rcp_4_5,central,residential_energy_demand_gate5_v1,4b5b7791539478f9b2562d1b176e235ac7b641e1afdc40c3d5242661d9dbed3d,2ad0e9f7bbdfe12695c931891fd0e8132d060fd7bcbca23623db43d4c7393a5c,561839806dcdb8279ac4e42025bc5a82751f2588a2b2066fa84637918d8e4896,231ef175659def943b74235aceb0ef9def0e53fc195cdad7a8338fa6b54777e3,2987a546cb3f48253dcdfdc400036a68d1977eddb1012f753e54eca010acedd8,ad5c87b0e8a93a1c795fbdddcfd91ab13eb4d14c7272af892b123e07e4ef8395,160,a1e4b94e5be0a9552f952c6d8f0bda430f9bfdab3c397079192588f75a8aba46,1f7bdd094d6a8634c38dd67d232f10ebdc75032637483205a54e37449f9f3c93,20,10,heating_intensity_kWh_m2,median,172.46720855062821,173.27108178766861,1,0.0046610207458910244,0.02,True,True,1,2,False,False,0,False
BE_TABULA_11,TABULA_existing,rcp_4_5,central,residential_energy_demand_gate5_v1,4b5b7791539478f9b2562d1b176e235ac7b641e1afdc40c3d5242661d9dbed3d,2ad0e9f7bbdfe12695c931891fd0e8132d060fd7bcbca23623db43d4c7393a5c,561839806dcdb8279ac4e42025bc5a82751f2588a2b2066fa84637918d8e4896,231ef175659def943b74235aceb0ef9def0e53fc195cdad7a8338fa6b54777e3,2987a546cb3f48253dcdfdc400036a68d1977eddb1012f753e54eca010acedd8,ad5c87b0e8a93a1c795fbdddcfd91ab13eb4d14c7272af892b123e07e4ef8395,160,a1e4b94e5be0a9552f952c6d8f0bda430f9bfdab3c397079192588f75a8aba46,1f7bdd094d6a8634c38dd67d232f10ebdc75032637483205a54e37449f9f3c93,20,10,heating_intensity_kWh_m2,p95,218.77139423725529,218.78706388079871,1,7.1625651050269041e-05,0.02,True,True,1,2,False,False,0,False
BE_TABULA_11,TABULA_existing,rcp_4_5,central,residential_energy_demand_gate5_v1,4b5b7791539478f9b2562d1b176e235ac7b641e1afdc40c3d5242661d9dbed3d,2ad0e9f7bbdfe12695c931891fd0e8132d060fd7bcbca23623db43d4c7393a5c,561839806dcdb8279ac4e42025bc5a82751f2588a2b2066fa84637918d8e4896,231ef175659def943b74235aceb0ef9def0e53fc195cdad7a8338fa6b54777e3,2987a546cb3f48253dcdfdc400036a68d1977eddb1012f753e54eca010acedd8,ad5c87b0e8a93a1c795fbdddcfd91ab13eb4d14c7272af892b123e07e4ef8395,160,a1e4b94e5be0a9552f952c6d8f0bda430f9bfdab3c397079192588f75a8aba46,1f7bdd094d6a8634c38dd67d232f10ebdc75032637483205a54e37449f9f3c93,20,10,cooling_intensity_kWh_m2,mean,1.4954998301734332,1.4955469403787507,1,3.1501311044604538e-05,0.02,True,True,1,2,False,False,0,False
BE_TABULA_11,TABULA_existing,rcp_4_5,central,residential_energy_demand_gate5_v1,4b5b7791539478f9b2562d1b176e235ac7b641e1afdc40c3d5242661d9dbed3d,2ad0e9f7bbdfe12695c931891fd0e8132d060fd7bcbca23623db43d4c7393a5c,561839806dcdb8279ac4e42025bc5a82751f2588a2b2066fa84637918d8e4896,231ef175659def943b74235aceb0ef9def0e53fc195cdad7a8338fa6b54777e3,2987a546cb3f48253dcdfdc400036a68d1977eddb1012f753e54eca010acedd8,ad5c87b0e8a93a1c795fbdddcfd91ab13eb4d14c7272af892b123e07e4ef8395,160,a1e4b94e5be0a9552f952c6d8f0bda430f9bfdab3c397079192588f75a8aba46,1f7bdd094d6a8634c38dd67d232f10ebdc75032637483205a54e37449f9f3c93,20,10,cooling_intensity_kWh_m2,median,1.4160343756787586,1.401917637430252,1,0.0099692058970954588,0.02,True,True,1,2,False,False,0,False
BE_TABULA_11,TABULA_existing,rcp_4_5,central,residential_energy_demand_gate5_v1,4b5b7791539478f9b2562d1b176e235ac7b641e1afdc40c3d5242661d9dbed3d,2ad0e9f7bbdfe12695c931891fd0e8132d060fd7bcbca23623db43d4c7393a5c,561839806dcdb8279ac4e42025bc5a82751f2588a2b2066fa84637918d8e4896,231ef175659def943b74235aceb0ef9def0e53fc195cdad7a8338fa6b54777e3,2987a546cb3f48253dcdfdc400036a68d1977eddb1012f753e54eca010acedd8,ad5c87b0e8a93a1c795fbdddcfd91ab13eb4d14c7272af892b123e07e4ef8395,160,a1e4b94e5be0a9552f952c6d8f0bda430f9bfdab3c397079192588f75a8aba46,1f7bdd094d6a8634c38dd67d232f10ebdc75032637483205a54e37449f9f3c93,20,10,cooling_intensity_kWh_m2,p95,3.2450424890519769,3.2160857457063661,1,0.0089233787980601744,0.02,True,True,1,2,False,False,0,False
BE_TABULA_11,TABULA_existing,rcp_4_5,central,residential_energy_demand_gate5_v1,4b5b7791539478f9b2562d1b176e235ac7b641e1afdc40c3d5242661d9dbed3d,2ad0e9f7bbdfe12695c931891fd0e8132d060fd7bcbca23623db43d4c7393a5c,561839806dcdb8279ac4e42025bc5a82751f2588a2b2066fa84637918d8e4896,231ef175659def943b74235aceb0ef9def0e53fc195cdad7a8338fa6b54777e3,2987a546cb3f48253dcdfdc400036a68d1977eddb1012f753e54eca010acedd8,ad5c87b0e8a93a1c795fbdddcfd91ab13eb4d14c7272af892b123e07e4ef8395,160,a1e4b94e5be0a9552f952c6d8f0bda430f9bfdab3c397079192588f75a8aba46,1f7bdd094d6a8634c38dd67d232f10ebdc75032637483205a54e37449f9f3c93,20,10,peak_heating_W,mean,20493.1197099458,20496.542891883189,100,0.00016704054755156022,0.02,True,True,1,2,False,False,0,False
BE_TABULA_11,TABULA_existing,rcp_4_5,central,residential_energy_demand_gate5_v1,4b5b7791539478f9b2562d1b176e235ac7b641e1afdc40c3d5242661d9dbed3d,2ad0e9f7bbdfe12695c931891fd0e8132d060fd7bcbca23623db43d4c7393a5c,561839806dcdb8279ac4e42025bc5a82751f2588a2b2066fa84637918d8e4896,231ef175659def943b74235aceb0ef9def0e53fc195cdad7a8338fa6b54777e3,2987a546cb3f48253dcdfdc400036a68d1977eddb1012f753e54eca010acedd8,ad5c87b0e8a93a1c795fbdddcfd91ab13eb4d14c7272af892b123e07e4ef8395,160,a1e4b94e5be0a9552f952c6d8f0bda430f9bfdab3c397079192588f75a8aba46,1f7bdd094d6a8634c38dd67d232f10ebdc75032637483205a54e37449f9f3c93,20,10,peak_heating_W,median,19842.784497173947,19901.205246734597,100,0.0029441810230298134,0.02,True,True,1,2,False,False,0,False
BE_TABULA_11,TABULA_existing,rcp_4_5,central,residential_energy_demand_gate5_v1,4b5b7791539478f9b2562d1b176e235ac7b641e1afdc40c3d5242661d9dbed3d,2ad0e9f7bbdfe12695c931891fd0e8132d060fd7bcbca23623db43d4c7393a5c,561839806dcdb8279ac4e42025bc5a82751f2588a2b2066fa84637918d8e4896,231ef175659def943b74235aceb0ef9def0e53fc195cdad7a8338fa6b54777e3,2987a546cb3f48253dcdfdc400036a68d1977eddb1012f753e54eca010acedd8,ad5c87b0e8a93a1c795fbdddcfd91ab13eb4d14c7272af892b123e07e4ef8395,160,a1e4b94e5be0a9552f952c6d8f0bda430f9bfdab3c397079192588f75a8aba46,1f7bdd094d6a8634c38dd67d232f10ebdc75032637483205a54e37449f9f3c93,20,10,peak_heating_W,p95,23831.431225226137,23786.143882915661,100,0.001900319870950005,0.02,True,True,1,2,False,False,0,False
BE_TABULA_11,TABULA_existing,rcp_4_5,central,residential_energy_demand_gate5_v1,4b5b7791539478f9b2562d1b176e235ac7b641e1afdc40c3d5242661d9dbed3d,2ad0e9f7bbdfe12695c931891fd0e8132d060fd7bcbca23623db43d4c7393a5c,561839806dcdb8279ac4e42025bc5a82751f2588a2b2066fa84637918d8e4896,231ef175659def943b74235aceb0ef9def0e53fc195cdad7a8338fa6b54777e3,2987a546cb3f48253dcdfdc400036a68d1977eddb1012f753e54eca010acedd8,ad5c87b0e8a93a1c795fbdddcfd91ab13eb4d14c7272af892b123e07e4ef8395,160,a1e4b94e5be0a9552f952c6d8f0bda430f9bfdab3c397079192588f75a8aba46,1f7bdd094d6a8634c38dd67d232f10ebdc75032637483205a54e37449f9f3c93,20,10,peak_cooling_W,mean,6944.2205271553639,6875.8572995930863,100,0.009844622199848543,0.02,True,True,1,2,False,False,0,False
BE_TABULA_11,TABULA_existing,rcp_4_5,central,residential_energy_demand_gate5_v1,4b5b7791539478f9b2562d1b176e235ac7b641e1afdc40c3d5242661d9dbed3d,2ad0e9f7bbdfe12695c931891fd0e8132d060fd7bcbca23623db43d4c7393a5c,561839806dcdb8279ac4e42025bc5a82751f2588a2b2066fa84637918d8e4896,231ef175659def943b74235aceb0ef9def0e53fc195cdad7a8338fa6b54777e3,2987a546cb3f48253dcdfdc400036a68d1977eddb1012f753e54eca010acedd8,ad5c87b0e8a93a1c795fbdddcfd91ab13eb4d14c7272af892b123e07e4ef8395,160,a1e4b94e5be0a9552f952c6d8f0bda430f9bfdab3c397079192588f75a8aba46,1f7bdd094d6a8634c38dd67d232f10ebdc75032637483205a54e37449f9f3c93,20,10,peak_cooling_W,median,7047.5674174033429,7006.6137372904413,100,0.0058110377222884146,0.02,True,True,1,2,False,False,0,False
BE_TABULA_11,TABULA_existing,rcp_4_5,central,residential_energy_demand_gate5_v1,4b5b7791539478f9b2562d1b176e235ac7b641e1afdc40c3d5242661d9dbed3d,2ad0e9f7bbdfe12695c931891fd0e8132d060fd7bcbca23623db43d4c7393a5c,561839806dcdb8279ac4e42025bc5a82751f2588a2b2066fa84637918d8e4896,231ef175659def943b74235aceb0ef9def0e53fc195cdad7a8338fa6b54777e3,2987a546cb3f48253dcdfdc400036a68d1977eddb1012f753e54eca010acedd8,ad5c87b0e8a93a1c795fbdddcfd91ab13eb4d14c7272af892b123e07e4ef8395,160,a1e4b94e5be0a9552f952c6d8f0bda430f9bfdab3c397079192588f75a8aba46,1f7bdd094d6a8634c38dd67d232f10ebdc75032637483205a54e37449f9f3c93,20,10,peak_cooling_W,p95,9906.6265491478898,9734.9258450751277,100,0.017331904379451032,0.02,True,True,1,2,False,False,0,False
BE_TABULA_11,TABULA_existing,rcp_4_5,central,residential_energy_demand_gate5_v1,4b5b7791539478f9b2562d1b176e235ac7b641e1afdc40c3d5242661d9dbed3d,2ad0e9f7bbdfe12695c931891fd0e8132d060fd7bcbca23623db43d4c7393a5c,561839806dcdb8279ac4e42025bc5a82751f2588a2b2066fa84637918d8e4896,231ef175659def943b74235aceb0ef9def0e53fc195cdad7a8338fa6b54777e3,2987a546cb3f48253dcdfdc400036a68d1977eddb1012f753e54eca010acedd8,ad5c87b0e8a93a1c795fbdddcfd91ab13eb4d14c7272af892b123e07e4ef8395,160,a1e4b94e5be0a9552f952c6d8f0bda430f9bfdab3c397079192588f75a8aba46,d9c1d0f471fb97f0efab0c100463285cd55e4de7718f288f7be26835b3adb0fe,40,20,heating_intensity_kWh_m2,mean,176.0086686907751,175.78567681643943,1,0.0012669368843839757,0.02,True,True,2,2,True,False,0,False
BE_TABULA_11,TABULA_existing,rcp_4_5,central,residential_energy_demand_gate5_v1,4b5b7791539478f9b2562d1b176e235ac7b641e1afdc40c3d5242661d9dbed3d,2ad0e9f7bbdfe12695c931891fd0e8132d060fd7bcbca23623db43d4c7393a5c,561839806dcdb8279ac4e42025bc5a82751f2588a2b2066fa84637918d8e4896,231ef175659def943b74235aceb0ef9def0e53fc195cdad7a8338fa6b54777e3,2987a546cb3f48253dcdfdc400036a68d1977eddb1012f753e54eca010acedd8,ad5c87b0e8a93a1c795fbdddcfd91ab13eb4d14c7272af892b123e07e4ef8395,160,a1e4b94e5be0a9552f952c6d8f0bda430f9bfdab3c397079192588f75a8aba46,d9c1d0f471fb97f0efab0c100463285cd55e4de7718f288f7be26835b3adb0fe,40,20,heating_intensity_kWh_m2,median,172.78942803428328,172.46720855062821,1,0.0018648101757193709,0.02,True,True,2,2,True,False,0,False
BE_TABULA_11,TABULA_existing,rcp_4_5,central,residential_energy_demand_gate5_v1,4b5b7791539478f9b2562d1b176e235ac7b641e1afdc40c3d5242661d9dbed3d,2ad0e9f7bbdfe12695c931891fd0e8132d060fd7bcbca23623db43d4c7393a5c,561839806dcdb8279ac4e42025bc5a82751f2588a2b2066fa84637918d8e4896,231ef175659def943b74235aceb0ef9def0e53fc195cdad7a8338fa6b54777e3,2987a546cb3f48253dcdfdc400036a68d1977eddb1012f753e54eca010acedd8,ad5c87b0e8a93a1c795fbdddcfd91ab13eb4d14c7272af892b123e07e4ef8395,160,a1e4b94e5be0a9552f952c6d8f0bda430f9bfdab3c397079192588f75a8aba46,d9c1d0f471fb97f0efab0c100463285cd55e4de7718f288f7be26835b3adb0fe,40,20,heating_intensity_kWh_m2,p95,219.06029511919436,218.77139423725529,1,0.0013188190118244626,0.02,True,True,2,2,True,False,0,False
BE_TABULA_11,TABULA_existing,rcp_4_5,central,residential_energy_demand_gate5_v1,4b5b7791539478f9b2562d1b176e235ac7b641e1afdc40c3d5242661d9dbed3d,2ad0e9f7bbdfe12695c931891fd0e8132d060fd7bcbca23623db43d4c7393a5c,561839806dcdb8279ac4e42025bc5a82751f2588a2b2066fa84637918d8e4896,231ef175659def943b74235aceb0ef9def0e53fc195cdad7a8338fa6b54777e3,2987a546cb3f48253dcdfdc400036a68d1977eddb1012f753e54eca010acedd8,ad5c87b0e8a93a1c795fbdddcfd91ab13eb4d14c7272af892b123e07e4ef8395,160,a1e4b94e5be0a9552f952c6d8f0bda430f9bfdab3c397079192588f75a8aba46,d9c1d0f471fb97f0efab0c100463285cd55e4de7718f288f7be26835b3adb0fe,40,20,cooling_intensity_kWh_m2,mean,1.5025051498117585,1.4954998301734332,1,0.0046624263745138929,0.02,True,True,2,2,True,False,0,False
BE_TABULA_11,TABULA_existing,rcp_4_5,central,residential_energy_demand_gate5_v1,4b5b7791539478f9b2562d1b176e235ac7b641e1afdc40c3d5242661d9dbed3d,2ad0e9f7bbdfe12695c931891fd0e8132d060fd7bcbca23623db43d4c7393a5c,561839806dcdb8279ac4e42025bc5a82751f2588a2b2066fa84637918d8e4896,231ef175659def943b74235aceb0ef9def0e53fc195cdad7a8338fa6b54777e3,2987a546cb3f48253dcdfdc400036a68d1977eddb1012f753e54eca010acedd8,ad5c87b0e8a93a1c795fbdddcfd91ab13eb4d14c7272af892b123e07e4ef8395,160,a1e4b94e5be0a9552f952c6d8f0bda430f9bfdab3c397079192588f75a8aba46,d9c1d0f471fb97f0efab0c100463285cd55e4de7718f288f7be26835b3adb0fe,40,20,cooling_intensity_kWh_m2,median,1.4198523999044625,1.4160343756787586,1,0.0026890289624195369,0.02,True,True,2,2,True,False,0,False
BE_TABULA_11,TABULA_existing,rcp_4_5,central,residential_energy_demand_gate5_v1,4b5b7791539478f9b2562d1b176e235ac7b641e1afdc40c3d5242661d9dbed3d,2ad0e9f7bbdfe12695c931891fd0e8132d060fd7bcbca23623db43d4c7393a5c,561839806dcdb8279ac4e42025bc5a82751f2588a2b2066fa84637918d8e4896,231ef175659def943b74235aceb0ef9def0e53fc195cdad7a8338fa6b54777e3,2987a546cb3f48253dcdfdc400036a68d1977eddb1012f753e54eca010acedd8,ad5c87b0e8a93a1c795fbdddcfd91ab13eb4d14c7272af892b123e07e4ef8395,160,a1e4b94e5be0a9552f952c6d8f0bda430f9bfdab3c397079192588f75a8aba46,d9c1d0f471fb97f0efab0c100463285cd55e4de7718f288f7be26835b3adb0fe,40,20,cooling_intensity_kWh_m2,p95,3.2483589227831264,3.2450424890519769,1,0.0010209566768896604,0.02,True,True,2,2,True,False,0,False
BE_TABULA_11,TABULA_existing,rcp_4_5,central,residential_energy_demand_gate5_v1,4b5b7791539478f9b2562d1b176e235ac7b641e1afdc40c3d5242661d9dbed3d,2ad0e9f7bbdfe12695c931891fd0e8132d060fd7bcbca23623db43d4c7393a5c,561839806dcdb8279ac4e42025bc5a82751f2588a2b2066fa84637918d8e4896,231ef175659def943b74235aceb0ef9def0e53fc195cdad7a8338fa6b54777e3,2987a546cb3f48253dcdfdc400036a68d1977eddb1012f753e54eca010acedd8,ad5c87b0e8a93a1c795fbdddcfd91ab13eb4d14c7272af892b123e07e4ef8395,160,a1e4b94e5be0a9552f952c6d8f0bda430f9bfdab3c397079192588f75a8aba46,d9c1d0f471fb97f0efab0c100463285cd55e4de7718f288f7be26835b3adb0fe,40,20,peak_heating_W,mean,20481.623243486494,20493.1197099458,100,0.00056130641222308002,0.02,True,True,2,2,True,False,0,False
BE_TABULA_11,TABULA_existing,rcp_4_5,central,residential_energy_demand_gate5_v1,4b5b7791539478f9b2562d1b176e235ac7b641e1afdc40c3d5242661d9dbed3d,2ad0e9f7bbdfe12695c931891fd0e8132d060fd7bcbca23623db43d4c7393a5c,561839806dcdb8279ac4e42025bc5a82751f2588a2b2066fa84637918d8e4896,231ef175659def943b74235aceb0ef9def0e53fc195cdad7a8338fa6b54777e3,2987a546cb3f48253dcdfdc400036a68d1977eddb1012f753e54eca010acedd8,ad5c87b0e8a93a1c795fbdddcfd91ab13eb4d14c7272af892b123e07e4ef8395,160,a1e4b94e5be0a9552f952c6d8f0bda430f9bfdab3c397079192588f75a8aba46,d9c1d0f471fb97f0efab0c100463285cd55e4de7718f288f7be26835b3adb0fe,40,20,peak_heating_W,median,19831.308425324623,19842.784497173947,100,0.0005786845528895371,0.02,True,True,2,2,True,False,0,False
BE_TABULA_11,TABULA_existing,rcp_4_5,central,residential_energy_demand_gate5_v1,4b5b7791539478f9b2562d1b176e235ac7b641e1afdc40c3d5242661d9dbed3d,2ad0e9f7bbdfe12695c931891fd0e8132d060fd7bcbca23623db43d4c7393a5c,561839806dcdb8279ac4e42025bc5a82751f2588a2b2066fa84637918d8e4896,231ef175659def943b74235aceb0ef9def0e53fc195cdad7a8338fa6b54777e3,2987a546cb3f48253dcdfdc400036a68d1977eddb1012f753e54eca010acedd8,ad5c87b0e8a93a1c795fbdddcfd91ab13eb4d14c7272af892b123e07e4ef8395,160,a1e4b94e5be0a9552f952c6d8f0bda430f9bfdab3c397079192588f75a8aba46,d9c1d0f471fb97f0efab0c100463285cd55e4de7718f288f7be26835b3adb0fe,40,20,peak_heating_W,p95,23791.513279585561,23831.431225226137,100,0.0016778228930409474,0.02,True,True,2,2,True,False,0,False
BE_TABULA_11,TABULA_existing,rcp_4_5,central,residential_energy_demand_gate5_v1,4b5b7791539478f9b2562d1b176e235ac7b641e1afdc40c3d5242661d9dbed3d,2ad0e9f7bbdfe12695c931891fd0e8132d060fd7bcbca23623db43d4c7393a5c,561839806dcdb8279ac4e42025bc5a82751f2588a2b2066fa84637918d8e4896,231ef175659def943b74235aceb0ef9def0e53fc195cdad7a8338fa6b54777e3,2987a546cb3f48253dcdfdc400036a68d1977eddb1012f753e54eca010acedd8,ad5c87b0e8a93a1c795fbdddcfd91ab13eb4d14c7272af892b123e07e4ef8395,160,a1e4b94e5be0a9552f952c6d8f0bda430f9bfdab3c397079192588f75a8aba46,d9c1d0f471fb97f0efab0c100463285cd55e4de7718f288f7be26835b3adb0fe,40,20,peak_cooling_W,mean,6933.7539291482262,6944.2205271553639,100,0.0015095139103708365,0.02,True,True,2,2,True,False,0,False
BE_TABULA_11,TABULA_existing,rcp_4_5,central,residential_energy_demand_gate5_v1,4b5b7791539478f9b2562d1b176e235ac7b641e1afdc40c3d5242661d9dbed3d,2ad0e9f7bbdfe12695c931891fd0e8132d060fd7bcbca23623db43d4c7393a5c,561839806dcdb8279ac4e42025bc5a82751f2588a2b2066fa84637918d8e4896,231ef175659def943b74235aceb0ef9def0e53fc195cdad7a8338fa6b54777e3,2987a546cb3f48253dcdfdc400036a68d1977eddb1012f753e54eca010acedd8,ad5c87b0e8a93a1c795fbdddcfd91ab13eb4d14c7272af892b123e07e4ef8395,160,a1e4b94e5be0a9552f952c6d8f0bda430f9bfdab3c397079192588f75a8aba46,d9c1d0f471fb97f0efab0c100463285cd55e4de7718f288f7be26835b3adb0fe,40,20,peak_cooling_W,median,7092.5750904744209,7047.5674174033429,100,0.0063457450216529796,0.02,True,True,2,2,True,False,0,False
BE_TABULA_11,TABULA_existing,rcp_4_5,central,residential_energy_demand_gate5_v1,4b5b7791539478f9b2562d1b176e235ac7b641e1afdc40c3d5242661d9dbed3d,2ad0e9f7bbdfe12695c931891fd0e8132d060fd7bcbca23623db43d4c7393a5c,561839806dcdb8279ac4e42025bc5a82751f2588a2b2066fa84637918d8e4896,231ef175659def943b74235aceb0ef9def0e53fc195cdad7a8338fa6b54777e3,2987a546cb3f48253dcdfdc400036a68d1977eddb1012f753e54eca010acedd8,ad5c87b0e8a93a1c795fbdddcfd91ab13eb4d14c7272af892b123e07e4ef8395,160,a1e4b94e5be0a9552f952c6d8f0bda430f9bfdab3c397079192588f75a8aba46,d9c1d0f471fb97f0efab0c100463285cd55e4de7718f288f7be26835b3adb0fe,40,20,peak_cooling_W,p95,9825.1875484615975,9906.6265491478898,100,0.0082887985887906829,0.02,True,True,2,2,True,False,0,False
BE_TABULA_11,TABULA_existing,rcp_4_5,central,residential_energy_demand_gate5_v1,4b5b7791539478f9b2562d1b176e235ac7b641e1afdc40c3d5242661d9dbed3d,2ad0e9f7bbdfe12695c931891fd0e8132d060fd7bcbca23623db43d4c7393a5c,561839806dcdb8279ac4e42025bc5a82751f2588a2b2066fa84637918d8e4896,231ef175659def943b74235aceb0ef9def0e53fc195cdad7a8338fa6b54777e3,2987a546cb3f48253dcdfdc400036a68d1977eddb1012f753e54eca010acedd8,ad5c87b0e8a93a1c795fbdddcfd91ab13eb4d14c7272af892b123e07e4ef8395,160,a1e4b94e5be0a9552f952c6d8f0bda430f9bfdab3c397079192588f75a8aba46,68c77bb6c64b8d83360a050cd3cb41af044e4998f93c5776b9bf72e3b3a2d976,80,40,heating_intensity_kWh_m2,mean,176.14496437622699,176.0086686907751,1,0.00077376997937213384,0.02,True,True,3,2,True,True,1,False
BE_TABULA_11,TABULA_existing,rcp_4_5,central,residential_energy_demand_gate5_v1,4b5b7791539478f9b2562d1b176e235ac7b641e1afdc40c3d5242661d9dbed3d,2ad0e9f7bbdfe12695c931891fd0e8132d060fd7bcbca23623db43d4c7393a5c,561839806dcdb8279ac4e42025bc5a82751f2588a2b2066fa84637918d8e4896,231ef175659def943b74235aceb0ef9def0e53fc195cdad7a8338fa6b54777e3,2987a546cb3f48253dcdfdc400036a68d1977eddb1012f753e54eca010acedd8,ad5c87b0e8a93a1c795fbdddcfd91ab13eb4d14c7272af892b123e07e4ef8395,160,a1e4b94e5be0a9552f952c6d8f0bda430f9bfdab3c397079192588f75a8aba46,68c77bb6c64b8d83360a050cd3cb41af044e4998f93c5776b9bf72e3b3a2d976,80,40,heating_intensity_kWh_m2,median,172.92895339817761,172.78942803428328,1,0.00080683634031527228,0.02,True,True,3,2,True,True,1,False
BE_TABULA_11,TABULA_existing,rcp_4_5,central,residential_energy_demand_gate5_v1,4b5b7791539478f9b2562d1b176e235ac7b641e1afdc40c3d5242661d9dbed3d,2ad0e9f7bbdfe12695c931891fd0e8132d060fd7bcbca23623db43d4c7393a5c,561839806dcdb8279ac4e42025bc5a82751f2588a2b2066fa84637918d8e4896,231ef175659def943b74235aceb0ef9def0e53fc195cdad7a8338fa6b54777e3,2987a546cb3f48253dcdfdc400036a68d1977eddb1012f753e54eca010acedd8,ad5c87b0e8a93a1c795fbdddcfd91ab13eb4d14c7272af892b123e07e4ef8395,160,a1e4b94e5be0a9552f952c6d8f0bda430f9bfdab3c397079192588f75a8aba46,68c77bb6c64b8d83360a050cd3cb41af044e4998f93c5776b9bf72e3b3a2d976,80,40,heating_intensity_kWh_m2,p95,219.05918360866667,219.06029511919436,1,5.0740193101354041e-06,0.02,True,True,3,2,True,True,1,False
BE_TABULA_11,TABULA_existing,rcp_4_5,central,residential_energy_demand_gate5_v1,4b5b7791539478f9b2562d1b176e235ac7b641e1afdc40c3d5242661d9dbed3d,2ad0e9f7bbdfe12695c931891fd0e8132d060fd7bcbca23623db43d4c7393a5c,561839806dcdb8279ac4e42025bc5a82751f2588a2b2066fa84637918d8e4896,231ef175659def943b74235aceb0ef9def0e53fc195cdad7a8338fa6b54777e3,2987a546cb3f48253dcdfdc400036a68d1977eddb1012f753e54eca010acedd8,ad5c87b0e8a93a1c795fbdddcfd91ab13eb4d14c7272af892b123e07e4ef8395,160,a1e4b94e5be0a9552f952c6d8f0bda430f9bfdab3c397079192588f75a8aba46,68c77bb6c64b8d83360a050cd3cb41af044e4998f93c5776b9bf72e3b3a2d976,80,40,cooling_intensity_kWh_m2,mean,1.5030980679265427,1.5025051498117585,1,0.00039446402562543962,0.02,True,True,3,2,True,True,1,False
BE_TABULA_11,TABULA_existing,rcp_4_5,central,residential_energy_demand_gate5_v1,4b5b7791539478f9b2562d1b176e235ac7b641e1afdc40c3d5242661d9dbed3d,2ad0e9f7bbdfe12695c931891fd0e8132d060fd7bcbca23623db43d4c7393a5c,561839806dcdb8279ac4e42025bc5a82751f2588a2b2066fa84637918d8e4896,231ef175659def943b74235aceb0ef9def0e53fc195cdad7a8338fa6b54777e3,2987a546cb3f48253dcdfdc400036a68d1977eddb1012f753e54eca010acedd8,ad5c87b0e8a93a1c795fbdddcfd91ab13eb4d14c7272af892b123e07e4ef8395,160,a1e4b94e5be0a9552f952c6d8f0bda430f9bfdab3c397079192588f75a8aba46,68c77bb6c64b8d83360a050cd3cb41af044e4998f93c5776b9bf72e3b3a2d976,80,40,cooling_intensity_kWh_m2,median,1.4169714261359936,1.4198523999044625,1,0.0020331911535613869,0.02,True,True,3,2,True,True,1,False
BE_TABULA_11,TABULA_existing,rcp_4_5,central,residential_energy_demand_gate5_v1,4b5b7791539478f9b2562d1b176e235ac7b641e1afdc40c3d5242661d9dbed3d,2ad0e9f7bbdfe12695c931891fd0e8132d060fd7bcbca23623db43d4c7393a5c,561839806dcdb8279ac4e42025bc5a82751f2588a2b2066fa84637918d8e4896,231ef175659def943b74235aceb0ef9def0e53fc195cdad7a8338fa6b54777e3,2987a546cb3f48253dcdfdc400036a68d1977eddb1012f753e54eca010acedd8,ad5c87b0e8a93a1c795fbdddcfd91ab13eb4d14c7272af892b123e07e4ef8395,160,a1e4b94e5be0a9552f952c6d8f0bda430f9bfdab3c397079192588f75a8aba46,68c77bb6c64b8d83360a050cd3cb41af044e4998f93c5776b9bf72e3b3a2d976,80,40,cooling_intensity_kWh_m2,p95,3.2486478835331152,3.2483589227831264,1,8.8948005554384361e-05,0.02,True,True,3,2,True,True,1,False
BE_TABULA_11,TABULA_existing,rcp_4_5,central,residential_energy_demand_gate5_v1,4b5b7791539478f9b2562d1b176e235ac7b641e1afdc40c3d5242661d9dbed3d,2ad0e9f7bbdfe12695c931891fd0e8132d060fd7bcbca23623db43d4c7393a5c,561839806dcdb8279ac4e42025bc5a82751f2588a2b2066fa84637918d8e4896,231ef175659def943b74235aceb0ef9def0e53fc195cdad7a8338fa6b54777e3,2987a546cb3f48253dcdfdc400036a68d1977eddb1012f753e54eca010acedd8,ad5c87b0e8a93a1c795fbdddcfd91ab13eb4d14c7272af892b123e07e4ef8395,160,a1e4b94e5be0a9552f952c6d8f0bda430f9bfdab3c397079192588f75a8aba46,68c77bb6c64b8d83360a050cd3cb41af044e4998f93c5776b9bf72e3b3a2d976,80,40,peak_heating_W,mean,20480.267570015778,20481.623243486494,100,6.6194128864852461e-05,0.02,True,True,3,2,True,True,1,False
BE_TABULA_11,TABULA_existing,rcp_4_5,central,residential_energy_demand_gate5_v1,4b5b7791539478f9b2562d1b176e235ac7b641e1afdc40c3d5242661d9dbed3d,2ad0e9f7bbdfe12695c931891fd0e8132d060fd7bcbca23623db43d4c7393a5c,561839806dcdb8279ac4e42025bc5a82751f2588a2b2066fa84637918d8e4896,231ef175659def943b74235aceb0ef9def0e53fc195cdad7a8338fa6b54777e3,2987a546cb3f48253dcdfdc400036a68d1977eddb1012f753e54eca010acedd8,ad5c87b0e8a93a1c795fbdddcfd91ab13eb4d14c7272af892b123e07e4ef8395,160,a1e4b94e5be0a9552f952c6d8f0bda430f9bfdab3c397079192588f75a8aba46,68c77bb6c64b8d83360a050cd3cb41af044e4998f93c5776b9bf72e3b3a2d976,80,40,peak_heating_W,median,19860.371735246059,19831.308425324623,100,0.0014633819703312567,0.02,True,True,3,2,True,True,1,False
BE_TABULA_11,TABULA_existing,rcp_4_5,central,residential_energy_demand_gate5_v1,4b5b7791539478f9b2562d1b176e235ac7b641e1afdc40c3d5242661d9dbed3d,2ad0e9f7bbdfe12695c931891fd0e8132d060fd7bcbca23623db43d4c7393a5c,561839806dcdb8279ac4e42025bc5a82751f2588a2b2066fa84637918d8e4896,231ef175659def943b74235aceb0ef9def0e53fc195cdad7a8338fa6b54777e3,2987a546cb3f48253dcdfdc400036a68d1977eddb1012f753e54eca010acedd8,ad5c87b0e8a93a1c795fbdddcfd91ab13eb4d14c7272af892b123e07e4ef8395,160,a1e4b94e5be0a9552f952c6d8f0bda430f9bfdab3c397079192588f75a8aba46,68c77bb6c64b8d83360a050cd3cb41af044e4998f93c5776b9bf72e3b3a2d976,80,40,peak_heating_W,p95,23768.725313283932,23791.513279585561,100,0.00095873741655353004,0.02,True,True,3,2,True,True,1,False
BE_TABULA_11,TABULA_existing,rcp_4_5,central,residential_energy_demand_gate5_v1,4b5b7791539478f9b2562d1b176e235ac7b641e1afdc40c3d5242661d9dbed3d,2ad0e9f7bbdfe12695c931891fd0e8132d060fd7bcbca23623db43d4c7393a5c,561839806dcdb8279ac4e42025bc5a82751f2588a2b2066fa84637918d8e4896,231ef175659def943b74235aceb0ef9def0e53fc195cdad7a8338fa6b54777e3,2987a546cb3f48253dcdfdc400036a68d1977eddb1012f753e54eca010acedd8,ad5c87b0e8a93a1c795fbdddcfd91ab13eb4d14c7272af892b123e07e4ef8395,160,a1e4b94e5be0a9552f952c6d8f0bda430f9bfdab3c397079192588f75a8aba46,68c77bb6c64b8d83360a050cd3cb41af044e4998f93c5776b9bf72e3b3a2d976,80,40,peak_cooling_W,mean,6938.4527640263577,6933.7539291482262,100,0.00067721652621077679,0.02,True,True,3,2,True,True,1,False
BE_TABULA_11,TABULA_existing,rcp_4_5,central,residential_energy_demand_gate5_v1,4b5b7791539478f9b2562d1b176e235ac7b641e1afdc40c3d5242661d9dbed3d,2ad0e9f7bbdfe12695c931891fd0e8132d060fd7bcbca23623db43d4c7393a5c,561839806dcdb8279ac4e42025bc5a82751f2588a2b2066fa84637918d8e4896,231ef175659def943b74235aceb0ef9def0e53fc195cdad7a8338fa6b54777e3,2987a546cb3f48253dcdfdc400036a68d1977eddb1012f753e54eca010acedd8,ad5c87b0e8a93a1c795fbdddcfd91ab13eb4d14c7272af892b123e07e4ef8395,160,a1e4b94e5be0a9552f952c6d8f0bda430f9bfdab3c397079192588f75a8aba46,68c77bb6c64b8d83360a050cd3cb41af044e4998f93c5776b9bf72e3b3a2d976,80,40,peak_cooling_W,median,7094.5458723390357,7092.5750904744209,100,0.00027778830387138048,0.02,True,True,3,2,True,True,1,False
BE_TABULA_11,TABULA_existing,rcp_4_5,central,residential_energy_demand_gate5_v1,4b5b7791539478f9b2562d1b176e235ac7b641e1afdc40c3d5242661d9dbed3d,2ad0e9f7bbdfe12695c931891fd0e8132d060fd7bcbca23623db43d4c7393a5c,561839806dcdb8279ac4e42025bc5a82751f2588a2b2066fa84637918d8e4896,231ef175659def943b74235aceb0ef9def0e53fc195cdad7a8338fa6b54777e3,2987a546cb3f48253dcdfdc400036a68d1977eddb1012f753e54eca010acedd8,ad5c87b0e8a93a1c795fbdddcfd91ab13eb4d14c7272af892b123e07e4ef8395,160,a1e4b94e5be0a9552f952c6d8f0bda430f9bfdab3c397079192588f75a8aba46,68c77bb6c64b8d83360a050cd3cb41af044e4998f93c5776b9bf72e3b3a2d976,80,40,peak_cooling_W,p95,9853.247735208759,9825.1875484615975,100,0.0028478109453082697,0.02,True,True,3,2,True,True,1,False
BE_TABULA_11,TABULA_existing,rcp_4_5,central,residential_energy_demand_gate5_v1,4b5b7791539478f9b2562d1b176e235ac7b641e1afdc40c3d5242661d9dbed3d,2ad0e9f7bbdfe12695c931891fd0e8132d060fd7bcbca23623db43d4c7393a5c,561839806dcdb8279ac4e42025bc5a82751f2588a2b2066fa84637918d8e4896,231ef175659def943b74235aceb0ef9def0e53fc195cdad7a8338fa6b54777e3,2987a546cb3f48253dcdfdc400036a68d1977eddb1012f753e54eca010acedd8,ad5c87b0e8a93a1c795fbdddcfd91ab13eb4d14c7272af892b123e07e4ef8395,160,a1e4b94e5be0a9552f952c6d8f0bda430f9bfdab3c397079192588f75a8aba46,a1e4b94e5be0a9552f952c6d8f0bda430f9bfdab3c397079192588f75a8aba46,160,80,heating_intensity_kWh_m2,mean,176.06887127984535,176.14496437622699,1,0.00043217802118295873,0.02,True,True,4,2,True,False,0,False
BE_TABULA_11,TABULA_existing,rcp_4_5,central,residential_energy_demand_gate5_v1,4b5b7791539478f9b2562d1b176e235ac7b641e1afdc40c3d5242661d9dbed3d,2ad0e9f7bbdfe12695c931891fd0e8132d060fd7bcbca23623db43d4c7393a5c,561839806dcdb8279ac4e42025bc5a82751f2588a2b2066fa84637918d8e4896,231ef175659def943b74235aceb0ef9def0e53fc195cdad7a8338fa6b54777e3,2987a546cb3f48253dcdfdc400036a68d1977eddb1012f753e54eca010acedd8,ad5c87b0e8a93a1c795fbdddcfd91ab13eb4d14c7272af892b123e07e4ef8395,160,a1e4b94e5be0a9552f952c6d8f0bda430f9bfdab3c397079192588f75a8aba46,a1e4b94e5be0a9552f952c6d8f0bda430f9bfdab3c397079192588f75a8aba46,160,80,heating_intensity_kWh_m2,median,172.98173371194446,172.92895339817761,1,0.00030512073520281273,0.02,True,True,4,2,True,False,0,False
BE_TABULA_11,TABULA_existing,rcp_4_5,central,residential_energy_demand_gate5_v1,4b5b7791539478f9b2562d1b176e235ac7b641e1afdc40c3d5242661d9dbed3d,2ad0e9f7bbdfe12695c931891fd0e8132d060fd7bcbca23623db43d4c7393a5c,561839806dcdb8279ac4e42025bc5a82751f2588a2b2066fa84637918d8e4896,231ef175659def943b74235aceb0ef9def0e53fc195cdad7a8338fa6b54777e3,2987a546cb3f48253dcdfdc400036a68d1977eddb1012f753e54eca010acedd8,ad5c87b0e8a93a1c795fbdddcfd91ab13eb4d14c7272af892b123e07e4ef8395,160,a1e4b94e5be0a9552f952c6d8f0bda430f9bfdab3c397079192588f75a8aba46,a1e4b94e5be0a9552f952c6d8f0bda430f9bfdab3c397079192588f75a8aba46,160,80,heating_intensity_kWh_m2,p95,218.98178638374324,219.05918360866667,1,0.000353441380680856,0.02,True,True,4,2,True,False,0,False
BE_TABULA_11,TABULA_existing,rcp_4_5,central,residential_energy_demand_gate5_v1,4b5b7791539478f9b2562d1b176e235ac7b641e1afdc40c3d5242661d9dbed3d,2ad0e9f7bbdfe12695c931891fd0e8132d060fd7bcbca23623db43d4c7393a5c,561839806dcdb8279ac4e42025bc5a82751f2588a2b2066fa84637918d8e4896,231ef175659def943b74235aceb0ef9def0e53fc195cdad7a8338fa6b54777e3,2987a546cb3f48253dcdfdc400036a68d1977eddb1012f753e54eca010acedd8,ad5c87b0e8a93a1c795fbdddcfd91ab13eb4d14c7272af892b123e07e4ef8395,160,a1e4b94e5be0a9552f952c6d8f0bda430f9bfdab3c397079192588f75a8aba46,a1e4b94e5be0a9552f952c6d8f0bda430f9bfdab3c397079192588f75a8aba46,160,80,cooling_intensity_kWh_m2,mean,1.5009527634077953,1.5030980679265427,1,0.001429295159080588,0.02,True,True,4,2,True,False,0,False
BE_TABULA_11,TABULA_existing,rcp_4_5,central,residential_energy_demand_gate5_v1,4b5b7791539478f9b2562d1b176e235ac7b641e1afdc40c3d5242661d9dbed3d,2ad0e9f7bbdfe12695c931891fd0e8132d060fd7bcbca23623db43d4c7393a5c,561839806dcdb8279ac4e42025bc5a82751f2588a2b2066fa84637918d8e4896,231ef175659def943b74235aceb0ef9def0e53fc195cdad7a8338fa6b54777e3,2987a546cb3f48253dcdfdc400036a68d1977eddb1012f753e54eca010acedd8,ad5c87b0e8a93a1c795fbdddcfd91ab13eb4d14c7272af892b123e07e4ef8395,160,a1e4b94e5be0a9552f952c6d8f0bda430f9bfdab3c397079192588f75a8aba46,a1e4b94e5be0a9552f952c6d8f0bda430f9bfdab3c397079192588f75a8aba46,160,80,cooling_intensity_kWh_m2,median,1.4138738009773708,1.4169714261359936,1,0.0021908781084149617,0.02,True,True,4,2,True,False,0,False
BE_TABULA_11,TABULA_existing,rcp_4_5,central,residential_energy_demand_gate5_v1,4b5b7791539478f9b2562d1b176e235ac7b641e1afdc40c3d5242661d9dbed3d,2ad0e9f7bbdfe12695c931891fd0e8132d060fd7bcbca23623db43d4c7393a5c,561839806dcdb8279ac4e42025bc5a82751f2588a2b2066fa84637918d8e4896,231ef175659def943b74235aceb0ef9def0e53fc195cdad7a8338fa6b54777e3,2987a546cb3f48253dcdfdc400036a68d1977eddb1012f753e54eca010acedd8,ad5c87b0e8a93a1c795fbdddcfd91ab13eb4d14c7272af892b123e07e4ef8395,160,a1e4b94e5be0a9552f952c6d8f0bda430f9bfdab3c397079192588f75a8aba46,a1e4b94e5be0a9552f952c6d8f0bda430f9bfdab3c397079192588f75a8aba46,160,80,cooling_intensity_kWh_m2,p95,3.2534328654061961,3.2486478835331152,1,0.0014707486126299858,0.02,True,True,4,2,True,False,0,False
BE_TABULA_11,TABULA_existing,rcp_4_5,central,residential_energy_demand_gate5_v1,4b5b7791539478f9b2562d1b176e235ac7b641e1afdc40c3d5242661d9dbed3d,2ad0e9f7bbdfe12695c931891fd0e8132d060fd7bcbca23623db43d4c7393a5c,561839806dcdb8279ac4e42025bc5a82751f2588a2b2066fa84637918d8e4896,231ef175659def943b74235aceb0ef9def0e53fc195cdad7a8338fa6b54777e3,2987a546cb3f48253dcdfdc400036a68d1977eddb1012f753e54eca010acedd8,ad5c87b0e8a93a1c795fbdddcfd91ab13eb4d14c7272af892b123e07e4ef8395,160,a1e4b94e5be0a9552f952c6d8f0bda430f9bfdab3c397079192588f75a8aba46,a1e4b94e5be0a9552f952c6d8f0bda430f9bfdab3c397079192588f75a8aba46,160,80,peak_heating_W,mean,20491.371407115283,20480.267570015778,100,0.00054187867072914039,0.02,True,True,4,2,True,False,0,False
BE_TABULA_11,TABULA_existing,rcp_4_5,central,residential_energy_demand_gate5_v1,4b5b7791539478f9b2562d1b176e235ac7b641e1afdc40c3d5242661d9dbed3d,2ad0e9f7bbdfe12695c931891fd0e8132d060fd7bcbca23623db43d4c7393a5c,561839806dcdb8279ac4e42025bc5a82751f2588a2b2066fa84637918d8e4896,231ef175659def943b74235aceb0ef9def0e53fc195cdad7a8338fa6b54777e3,2987a546cb3f48253dcdfdc400036a68d1977eddb1012f753e54eca010acedd8,ad5c87b0e8a93a1c795fbdddcfd91ab13eb4d14c7272af892b123e07e4ef8395,160,a1e4b94e5be0a9552f952c6d8f0bda430f9bfdab3c397079192588f75a8aba46,a1e4b94e5be0a9552f952c6d8f0bda430f9bfdab3c397079192588f75a8aba46,160,80,peak_heating_W,median,19865.253652211381,19860.371735246059,100,0.00024575155448760801,0.02,True,True,4,2,True,False,0,False
BE_TABULA_11,TABULA_existing,rcp_4_5,central,residential_energy_demand_gate5_v1,4b5b7791539478f9b2562d1b176e235ac7b641e1afdc40c3d5242661d9dbed3d,2ad0e9f7bbdfe12695c931891fd0e8132d060fd7bcbca23623db43d4c7393a5c,561839806dcdb8279ac4e42025bc5a82751f2588a2b2066fa84637918d8e4896,231ef175659def943b74235aceb0ef9def0e53fc195cdad7a8338fa6b54777e3,2987a546cb3f48253dcdfdc400036a68d1977eddb1012f753e54eca010acedd8,ad5c87b0e8a93a1c795fbdddcfd91ab13eb4d14c7272af892b123e07e4ef8395,160,a1e4b94e5be0a9552f952c6d8f0bda430f9bfdab3c397079192588f75a8aba46,a1e4b94e5be0a9552f952c6d8f0bda430f9bfdab3c397079192588f75a8aba46,160,80,peak_heating_W,p95,23768.725313283932,23768.725313283932,100,0,0.02,True,True,4,2,True,False,0,False
BE_TABULA_11,TABULA_existing,rcp_4_5,central,residential_energy_demand_gate5_v1,4b5b7791539478f9b2562d1b176e235ac7b641e1afdc40c3d5242661d9dbed3d,2ad0e9f7bbdfe12695c931891fd0e8132d060fd7bcbca23623db43d4c7393a5c,561839806dcdb8279ac4e42025bc5a82751f2588a2b2066fa84637918d8e4896,231ef175659def943b74235aceb0ef9def0e53fc195cdad7a8338fa6b54777e3,2987a546cb3f48253dcdfdc400036a68d1977eddb1012f753e54eca010acedd8,ad5c87b0e8a93a1c795fbdddcfd91ab13eb4d14c7272af892b123e07e4ef8395,160,a1e4b94e5be0a9552f952c6d8f0bda430f9bfdab3c397079192588f75a8aba46,a1e4b94e5be0a9552f952c6d8f0bda430f9bfdab3c397079192588f75a8aba46,160,80,peak_cooling_W,mean,6924.1283404608103,6938.4527640263577,100,0.002068769217035363,0.02,True,True,4,2,True,False,0,False
BE_TABULA_11,TABULA_existing,rcp_4_5,central,residential_energy_demand_gate5_v1,4b5b7791539478f9b2562d1b176e235ac7b641e1afdc40c3d5242661d9dbed3d,2ad0e9f7bbdfe12695c931891fd0e8132d060fd7bcbca23623db43d4c7393a5c,561839806dcdb8279ac4e42025bc5a82751f2588a2b2066fa84637918d8e4896,231ef175659def943b74235aceb0ef9def0e53fc195cdad7a8338fa6b54777e3,2987a546cb3f48253dcdfdc400036a68d1977eddb1012f753e54eca010acedd8,ad5c87b0e8a93a1c795fbdddcfd91ab13eb4d14c7272af892b123e07e4ef8395,160,a1e4b94e5be0a9552f952c6d8f0bda430f9bfdab3c397079192588f75a8aba46,a1e4b94e5be0a9552f952c6d8f0bda430f9bfdab3c397079192588f75a8aba46,160,80,peak_cooling_W,median,7078.4662572300495,7094.5458723390357,100,0.0022716241802469938,0.02,True,True,4,2,True,False,0,False
BE_TABULA_11,TABULA_existing,rcp_4_5,central,residential_energy_demand_gate5_v1,4b5b7791539478f9b2562d1b176e235ac7b641e1afdc40c3d5242661d9dbed3d,2ad0e9f7bbdfe12695c931891fd0e8132d060fd7bcbca23623db43d4c7393a5c,561839806dcdb8279ac4e42025bc5a82751f2588a2b2066fa84637918d8e4896,231ef175659def943b74235aceb0ef9def0e53fc195cdad7a8338fa6b54777e3,2987a546cb3f48253dcdfdc400036a68d1977eddb1012f753e54eca010acedd8,ad5c87b0e8a93a1c795fbdddcfd91ab13eb4d14c7272af892b123e07e4ef8395,160,a1e4b94e5be0a9552f952c6d8f0bda430f9bfdab3c397079192588f75a8aba46,a1e4b94e5be0a9552f952c6d8f0bda430f9bfdab3c397079192588f75a8aba46,160,80,peak_cooling_W,p95,9874.0401556736397,9853.247735208759,100,0.0021057662453330562,0.02,True,True,4,2,True,False,0,False
BE_TABULA_11,TABULA_existing,rcp_8_5,central,residential_energy_demand_gate5_v1,4b5b7791539478f9b2562d1b176e235ac7b641e1afdc40c3d5242661d9dbed3d,2ad0e9f7bbdfe12695c931891fd0e8132d060fd7bcbca23623db43d4c7393a5c,561839806dcdb8279ac4e42025bc5a82751f2588a2b2066fa84637918d8e4896,231ef175659def943b74235aceb0ef9def0e53fc195cdad7a8338fa6b54777e3,2987a546cb3f48253dcdfdc400036a68d1977eddb1012f753e54eca010acedd8,ca544fcdf9d3c08881eed48e9cdb7452f482c8ae24f7ea49ba420497fa16f10e,160,a1e4b94e5be0a9552f952c6d8f0bda430f9bfdab3c397079192588f75a8aba46,0483fface789f96fbdc35b5911182753a8b4967876fb97c2eefce49e4b3c29ca,5,,heating_intensity_kWh_m2,mean,168.32171914752377,,1,,0.02,False,False,0,2,False,False,0,False
BE_TABULA_11,TABULA_existing,rcp_8_5,central,residential_energy_demand_gate5_v1,4b5b7791539478f9b2562d1b176e235ac7b641e1afdc40c3d5242661d9dbed3d,2ad0e9f7bbdfe12695c931891fd0e8132d060fd7bcbca23623db43d4c7393a5c,561839806dcdb8279ac4e42025bc5a82751f2588a2b2066fa84637918d8e4896,231ef175659def943b74235aceb0ef9def0e53fc195cdad7a8338fa6b54777e3,2987a546cb3f48253dcdfdc400036a68d1977eddb1012f753e54eca010acedd8,ca544fcdf9d3c08881eed48e9cdb7452f482c8ae24f7ea49ba420497fa16f10e,160,a1e4b94e5be0a9552f952c6d8f0bda430f9bfdab3c397079192588f75a8aba46,0483fface789f96fbdc35b5911182753a8b4967876fb97c2eefce49e4b3c29ca,5,,heating_intensity_kWh_m2,median,164.34629196978267,,1,,0.02,False,False,0,2,False,False,0,False
BE_TABULA_11,TABULA_existing,rcp_8_5,central,residential_energy_demand_gate5_v1,4b5b7791539478f9b2562d1b176e235ac7b641e1afdc40c3d5242661d9dbed3d,2ad0e9f7bbdfe12695c931891fd0e8132d060fd7bcbca23623db43d4c7393a5c,561839806dcdb8279ac4e42025bc5a82751f2588a2b2066fa84637918d8e4896,231ef175659def943b74235aceb0ef9def0e53fc195cdad7a8338fa6b54777e3,2987a546cb3f48253dcdfdc400036a68d1977eddb1012f753e54eca010acedd8,ca544fcdf9d3c08881eed48e9cdb7452f482c8ae24f7ea49ba420497fa16f10e,160,a1e4b94e5be0a9552f952c6d8f0bda430f9bfdab3c397079192588f75a8aba46,0483fface789f96fbdc35b5911182753a8b4967876fb97c2eefce49e4b3c29ca,5,,heating_intensity_kWh_m2,p95,206.36350672910751,,1,,0.02,False,False,0,2,False,False,0,False
BE_TABULA_11,TABULA_existing,rcp_8_5,central,residential_energy_demand_gate5_v1,4b5b7791539478f9b2562d1b176e235ac7b641e1afdc40c3d5242661d9dbed3d,2ad0e9f7bbdfe12695c931891fd0e8132d060fd7bcbca23623db43d4c7393a5c,561839806dcdb8279ac4e42025bc5a82751f2588a2b2066fa84637918d8e4896,231ef175659def943b74235aceb0ef9def0e53fc195cdad7a8338fa6b54777e3,2987a546cb3f48253dcdfdc400036a68d1977eddb1012f753e54eca010acedd8,ca544fcdf9d3c08881eed48e9cdb7452f482c8ae24f7ea49ba420497fa16f10e,160,a1e4b94e5be0a9552f952c6d8f0bda430f9bfdab3c397079192588f75a8aba46,0483fface789f96fbdc35b5911182753a8b4967876fb97c2eefce49e4b3c29ca,5,,cooling_intensity_kWh_m2,mean,1.4903079801153414,,1,,0.02,False,False,0,2,False,False,0,False
BE_TABULA_11,TABULA_existing,rcp_8_5,central,residential_energy_demand_gate5_v1,4b5b7791539478f9b2562d1b176e235ac7b641e1afdc40c3d5242661d9dbed3d,2ad0e9f7bbdfe12695c931891fd0e8132d060fd7bcbca23623db43d4c7393a5c,561839806dcdb8279ac4e42025bc5a82751f2588a2b2066fa84637918d8e4896,231ef175659def943b74235aceb0ef9def0e53fc195cdad7a8338fa6b54777e3,2987a546cb3f48253dcdfdc400036a68d1977eddb1012f753e54eca010acedd8,ca544fcdf9d3c08881eed48e9cdb7452f482c8ae24f7ea49ba420497fa16f10e,160,a1e4b94e5be0a9552f952c6d8f0bda430f9bfdab3c397079192588f75a8aba46,0483fface789f96fbdc35b5911182753a8b4967876fb97c2eefce49e4b3c29ca,5,,cooling_intensity_kWh_m2,median,1.3987100180111738,,1,,0.02,False,False,0,2,False,False,0,False
BE_TABULA_11,TABULA_existing,rcp_8_5,central,residential_energy_demand_gate5_v1,4b5b7791539478f9b2562d1b176e235ac7b641e1afdc40c3d5242661d9dbed3d,2ad0e9f7bbdfe12695c931891fd0e8132d060fd7bcbca23623db43d4c7393a5c,561839806dcdb8279ac4e42025bc5a82751f2588a2b2066fa84637918d8e4896,231ef175659def943b74235aceb0ef9def0e53fc195cdad7a8338fa6b54777e3,2987a546cb3f48253dcdfdc400036a68d1977eddb1012f753e54eca010acedd8,ca544fcdf9d3c08881eed48e9cdb7452f482c8ae24f7ea49ba420497fa16f10e,160,a1e4b94e5be0a9552f952c6d8f0bda430f9bfdab3c397079192588f75a8aba46,0483fface789f96fbdc35b5911182753a8b4967876fb97c2eefce49e4b3c29ca,5,,cooling_intensity_kWh_m2,p95,3.4235938652099587,,1,,0.02,False,False,0,2,False,False,0,False
BE_TABULA_11,TABULA_existing,rcp_8_5,central,residential_energy_demand_gate5_v1,4b5b7791539478f9b2562d1b176e235ac7b641e1afdc40c3d5242661d9dbed3d,2ad0e9f7bbdfe12695c931891fd0e8132d060fd7bcbca23623db43d4c7393a5c,561839806dcdb8279ac4e42025bc5a82751f2588a2b2066fa84637918d8e4896,231ef175659def943b74235aceb0ef9def0e53fc195cdad7a8338fa6b54777e3,2987a546cb3f48253dcdfdc400036a68d1977eddb1012f753e54eca010acedd8,ca544fcdf9d3c08881eed48e9cdb7452f482c8ae24f7ea49ba420497fa16f10e,160,a1e4b94e5be0a9552f952c6d8f0bda430f9bfdab3c397079192588f75a8aba46,0483fface789f96fbdc35b5911182753a8b4967876fb97c2eefce49e4b3c29ca,5,,peak_heating_W,mean,19879.191965164908,,100,,0.02,False,False,0,2,False,False,0,False
BE_TABULA_11,TABULA_existing,rcp_8_5,central,residential_energy_demand_gate5_v1,4b5b7791539478f9b2562d1b176e235ac7b641e1afdc40c3d5242661d9dbed3d,2ad0e9f7bbdfe12695c931891fd0e8132d060fd7bcbca23623db43d4c7393a5c,561839806dcdb8279ac4e42025bc5a82751f2588a2b2066fa84637918d8e4896,231ef175659def943b74235aceb0ef9def0e53fc195cdad7a8338fa6b54777e3,2987a546cb3f48253dcdfdc400036a68d1977eddb1012f753e54eca010acedd8,ca544fcdf9d3c08881eed48e9cdb7452f482c8ae24f7ea49ba420497fa16f10e,160,a1e4b94e5be0a9552f952c6d8f0bda430f9bfdab3c397079192588f75a8aba46,0483fface789f96fbdc35b5911182753a8b4967876fb97c2eefce49e4b3c29ca,5,,peak_heating_W,median,19264.454535547025,,100,,0.02,False,False,0,2,False,False,0,False
BE_TABULA_11,TABULA_existing,rcp_8_5,central,residential_energy_demand_gate5_v1,4b5b7791539478f9b2562d1b176e235ac7b641e1afdc40c3d5242661d9dbed3d,2ad0e9f7bbdfe12695c931891fd0e8132d060fd7bcbca23623db43d4c7393a5c,561839806dcdb8279ac4e42025bc5a82751f2588a2b2066fa84637918d8e4896,231ef175659def943b74235aceb0ef9def0e53fc195cdad7a8338fa6b54777e3,2987a546cb3f48253dcdfdc400036a68d1977eddb1012f753e54eca010acedd8,ca544fcdf9d3c08881eed48e9cdb7452f482c8ae24f7ea49ba420497fa16f10e,160,a1e4b94e5be0a9552f952c6d8f0bda430f9bfdab3c397079192588f75a8aba46,0483fface789f96fbdc35b5911182753a8b4967876fb97c2eefce49e4b3c29ca,5,,peak_heating_W,p95,23046.426270339805,,100,,0.02,False,False,0,2,False,False,0,False
BE_TABULA_11,TABULA_existing,rcp_8_5,central,residential_energy_demand_gate5_v1,4b5b7791539478f9b2562d1b176e235ac7b641e1afdc40c3d5242661d9dbed3d,2ad0e9f7bbdfe12695c931891fd0e8132d060fd7bcbca23623db43d4c7393a5c,561839806dcdb8279ac4e42025bc5a82751f2588a2b2066fa84637918d8e4896,231ef175659def943b74235aceb0ef9def0e53fc195cdad7a8338fa6b54777e3,2987a546cb3f48253dcdfdc400036a68d1977eddb1012f753e54eca010acedd8,ca544fcdf9d3c08881eed48e9cdb7452f482c8ae24f7ea49ba420497fa16f10e,160,a1e4b94e5be0a9552f952c6d8f0bda430f9bfdab3c397079192588f75a8aba46,0483fface789f96fbdc35b5911182753a8b4967876fb97c2eefce49e4b3c29ca,5,,peak_cooling_W,mean,6942.9242191736712,,100,,0.02,False,False,0,2,False,False,0,False
BE_TABULA_11,TABULA_existing,rcp_8_5,central,residential_energy_demand_gate5_v1,4b5b7791539478f9b2562d1b176e235ac7b641e1afdc40c3d5242661d9dbed3d,2ad0e9f7bbdfe12695c931891fd0e8132d060fd7bcbca23623db43d4c7393a5c,561839806dcdb8279ac4e42025bc5a82751f2588a2b2066fa84637918d8e4896,231ef175659def943b74235aceb0ef9def0e53fc195cdad7a8338fa6b54777e3,2987a546cb3f48253dcdfdc400036a68d1977eddb1012f753e54eca010acedd8,ca544fcdf9d3c08881eed48e9cdb7452f482c8ae24f7ea49ba420497fa16f10e,160,a1e4b94e5be0a9552f952c6d8f0bda430f9bfdab3c397079192588f75a8aba46,0483fface789f96fbdc35b5911182753a8b4967876fb97c2eefce49e4b3c29ca,5,,peak_cooling_W,median,6896.6861078058027,,100,,0.02,False,False,0,2,False,False,0,False
BE_TABULA_11,TABULA_existing,rcp_8_5,central,residential_energy_demand_gate5_v1,4b5b7791539478f9b2562d1b176e235ac7b641e1afdc40c3d5242661d9dbed3d,2ad0e9f7bbdfe12695c931891fd0e8132d060fd7bcbca23623db43d4c7393a5c,561839806dcdb8279ac4e42025bc5a82751f2588a2b2066fa84637918d8e4896,231ef175659def943b74235aceb0ef9def0e53fc195cdad7a8338fa6b54777e3,2987a546cb3f48253dcdfdc400036a68d1977eddb1012f753e54eca010acedd8,ca544fcdf9d3c08881eed48e9cdb7452f482c8ae24f7ea49ba420497fa16f10e,160,a1e4b94e5be0a9552f952c6d8f0bda430f9bfdab3c397079192588f75a8aba46,0483fface789f96fbdc35b5911182753a8b4967876fb97c2eefce49e4b3c29ca,5,,peak_cooling_W,p95,9920.4334601277678,,100,,0.02,False,False,0,2,False,False,0,False
BE_TABULA_11,TABULA_existing,rcp_8_5,central,residential_energy_demand_gate5_v1,4b5b7791539478f9b2562d1b176e235ac7b641e1afdc40c3d5242661d9dbed3d,2ad0e9f7bbdfe12695c931891fd0e8132d060fd7bcbca23623db43d4c7393a5c,561839806dcdb8279ac4e42025bc5a82751f2588a2b2066fa84637918d8e4896,231ef175659def943b74235aceb0ef9def0e53fc195cdad7a8338fa6b54777e3,2987a546cb3f48253dcdfdc400036a68d1977eddb1012f753e54eca010acedd8,ca544fcdf9d3c08881eed48e9cdb7452f482c8ae24f7ea49ba420497fa16f10e,160,a1e4b94e5be0a9552f952c6d8f0bda430f9bfdab3c397079192588f75a8aba46,2063071df976f1cac9f6aea690c2aef6ea0bdefe943f07ae1c5166c5ad9979e4,10,5,heating_intensity_kWh_m2,mean,167.90031519562336,168.32171914752377,1,0.0025098461036801348,0.02,True,False,0,2,False,False,0,False
BE_TABULA_11,TABULA_existing,rcp_8_5,central,residential_energy_demand_gate5_v1,4b5b7791539478f9b2562d1b176e235ac7b641e1afdc40c3d5242661d9dbed3d,2ad0e9f7bbdfe12695c931891fd0e8132d060fd7bcbca23623db43d4c7393a5c,561839806dcdb8279ac4e42025bc5a82751f2588a2b2066fa84637918d8e4896,231ef175659def943b74235aceb0ef9def0e53fc195cdad7a8338fa6b54777e3,2987a546cb3f48253dcdfdc400036a68d1977eddb1012f753e54eca010acedd8,ca544fcdf9d3c08881eed48e9cdb7452f482c8ae24f7ea49ba420497fa16f10e,160,a1e4b94e5be0a9552f952c6d8f0bda430f9bfdab3c397079192588f75a8aba46,2063071df976f1cac9f6aea690c2aef6ea0bdefe943f07ae1c5166c5ad9979e4,10,5,heating_intensity_kWh_m2,median,163.87762481384985,164.34629196978267,1,0.0028598605603735341,0.02,True,False,0,2,False,False,0,False
BE_TABULA_11,TABULA_existing,rcp_8_5,central,residential_energy_demand_gate5_v1,4b5b7791539478f9b2562d1b176e235ac7b641e1afdc40c3d5242661d9dbed3d,2ad0e9f7bbdfe12695c931891fd0e8132d060fd7bcbca23623db43d4c7393a5c,561839806dcdb8279ac4e42025bc5a82751f2588a2b2066fa84637918d8e4896,231ef175659def943b74235aceb0ef9def0e53fc195cdad7a8338fa6b54777e3,2987a546cb3f48253dcdfdc400036a68d1977eddb1012f753e54eca010acedd8,ca544fcdf9d3c08881eed48e9cdb7452f482c8ae24f7ea49ba420497fa16f10e,160,a1e4b94e5be0a9552f952c6d8f0bda430f9bfdab3c397079192588f75a8aba46,2063071df976f1cac9f6aea690c2aef6ea0bdefe943f07ae1c5166c5ad9979e4,10,5,heating_intensity_kWh_m2,p95,210.34878242510948,206.36350672910751,1,0.018946036435560743,0.02,True,False,0,2,False,False,0,False
BE_TABULA_11,TABULA_existing,rcp_8_5,central,residential_energy_demand_gate5_v1,4b5b7791539478f9b2562d1b176e235ac7b641e1afdc40c3d5242661d9dbed3d,2ad0e9f7bbdfe12695c931891fd0e8132d060fd7bcbca23623db43d4c7393a5c,561839806dcdb8279ac4e42025bc5a82751f2588a2b2066fa84637918d8e4896,231ef175659def943b74235aceb0ef9def0e53fc195cdad7a8338fa6b54777e3,2987a546cb3f48253dcdfdc400036a68d1977eddb1012f753e54eca010acedd8,ca544fcdf9d3c08881eed48e9cdb7452f482c8ae24f7ea49ba420497fa16f10e,160,a1e4b94e5be0a9552f952c6d8f0bda430f9bfdab3c397079192588f75a8aba46,2063071df976f1cac9f6aea690c2aef6ea0bdefe943f07ae1c5166c5ad9979e4,10,5,cooling_intensity_kWh_m2,mean,1.4812334505920244,1.4903079801153414,1,0.0061263331041370014,0.02,True,False,0,2,False,False,0,False
BE_TABULA_11,TABULA_existing,rcp_8_5,central,residential_energy_demand_gate5_v1,4b5b7791539478f9b2562d1b176e235ac7b641e1afdc40c3d5242661d9dbed3d,2ad0e9f7bbdfe12695c931891fd0e8132d060fd7bcbca23623db43d4c7393a5c,561839806dcdb8279ac4e42025bc5a82751f2588a2b2066fa84637918d8e4896,231ef175659def943b74235aceb0ef9def0e53fc195cdad7a8338fa6b54777e3,2987a546cb3f48253dcdfdc400036a68d1977eddb1012f753e54eca010acedd8,ca544fcdf9d3c08881eed48e9cdb7452f482c8ae24f7ea49ba420497fa16f10e,160,a1e4b94e5be0a9552f952c6d8f0bda430f9bfdab3c397079192588f75a8aba46,2063071df976f1cac9f6aea690c2aef6ea0bdefe943f07ae1c5166c5ad9979e4,10,5,cooling_intensity_kWh_m2,median,1.3644190991512062,1.3987100180111738,1,0.025132247768518995,0.02,False,False,0,2,False,False,0,False
BE_TABULA_11,TABULA_existing,rcp_8_5,central,residential_energy_demand_gate5_v1,4b5b7791539478f9b2562d1b176e235ac7b641e1afdc40c3d5242661d9dbed3d,2ad0e9f7bbdfe12695c931891fd0e8132d060fd7bcbca23623db43d4c7393a5c,561839806dcdb8279ac4e42025bc5a82751f2588a2b2066fa84637918d8e4896,231ef175659def943b74235aceb0ef9def0e53fc195cdad7a8338fa6b54777e3,2987a546cb3f48253dcdfdc400036a68d1977eddb1012f753e54eca010acedd8,ca544fcdf9d3c08881eed48e9cdb7452f482c8ae24f7ea49ba420497fa16f10e,160,a1e4b94e5be0a9552f952c6d8f0bda430f9bfdab3c397079192588f75a8aba46,2063071df976f1cac9f6aea690c2aef6ea0bdefe943f07ae1c5166c5ad9979e4,10,5,cooling_intensity_kWh_m2,p95,3.4085702285586974,3.4235938652099587,1,0.0044076066044894044,0.02,True,False,0,2,False,False,0,False
BE_TABULA_11,TABULA_existing,rcp_8_5,central,residential_energy_demand_gate5_v1,4b5b7791539478f9b2562d1b176e235ac7b641e1afdc40c3d5242661d9dbed3d,2ad0e9f7bbdfe12695c931891fd0e8132d060fd7bcbca23623db43d4c7393a5c,561839806dcdb8279ac4e42025bc5a82751f2588a2b2066fa84637918d8e4896,231ef175659def943b74235aceb0ef9def0e53fc195cdad7a8338fa6b54777e3,2987a546cb3f48253dcdfdc400036a68d1977eddb1012f753e54eca010acedd8,ca544fcdf9d3c08881eed48e9cdb7452f482c8ae24f7ea49ba420497fa16f10e,160,a1e4b94e5be0a9552f952c6d8f0bda430f9bfdab3c397079192588f75a8aba46,2063071df976f1cac9f6aea690c2aef6ea0bdefe943f07ae1c5166c5ad9979e4,10,5,peak_heating_W,mean,19888.000473909236,19879.191965164908,100,0.00044290569863393093,0.02,True,False,0,2,False,False,0,False
BE_TABULA_11,TABULA_existing,rcp_8_5,central,residential_energy_demand_gate5_v1,4b5b7791539478f9b2562d1b176e235ac7b641e1afdc40c3d5242661d9dbed3d,2ad0e9f7bbdfe12695c931891fd0e8132d060fd7bcbca23623db43d4c7393a5c,561839806dcdb8279ac4e42025bc5a82751f2588a2b2066fa84637918d8e4896,231ef175659def943b74235aceb0ef9def0e53fc195cdad7a8338fa6b54777e3,2987a546cb3f48253dcdfdc400036a68d1977eddb1012f753e54eca010acedd8,ca544fcdf9d3c08881eed48e9cdb7452f482c8ae24f7ea49ba420497fa16f10e,160,a1e4b94e5be0a9552f952c6d8f0bda430f9bfdab3c397079192588f75a8aba46,2063071df976f1cac9f6aea690c2aef6ea0bdefe943f07ae1c5166c5ad9979e4,10,5,peak_heating_W,median,19326.949953647068,19264.454535547025,100,0.0032335892755933743,0.02,True,False,0,2,False,False,0,False
BE_TABULA_11,TABULA_existing,rcp_8_5,central,residential_energy_demand_gate5_v1,4b5b7791539478f9b2562d1b176e235ac7b641e1afdc40c3d5242661d9dbed3d,2ad0e9f7bbdfe12695c931891fd0e8132d060fd7bcbca23623db43d4c7393a5c,561839806dcdb8279ac4e42025bc5a82751f2588a2b2066fa84637918d8e4896,231ef175659def943b74235aceb0ef9def0e53fc195cdad7a8338fa6b54777e3,2987a546cb3f48253dcdfdc400036a68d1977eddb1012f753e54eca010acedd8,ca544fcdf9d3c08881eed48e9cdb7452f482c8ae24f7ea49ba420497fa16f10e,160,a1e4b94e5be0a9552f952c6d8f0bda430f9bfdab3c397079192588f75a8aba46,2063071df976f1cac9f6aea690c2aef6ea0bdefe943f07ae1c5166c5ad9979e4,10,5,peak_heating_W,p95,23263.815694371515,23046.426270339805,100,0.0093445300155255723,0.02,True,False,0,2,False,False,0,False
BE_TABULA_11,TABULA_existing,rcp_8_5,central,residential_energy_demand_gate5_v1,4b5b7791539478f9b2562d1b176e235ac7b641e1afdc40c3d5242661d9dbed3d,2ad0e9f7bbdfe12695c931891fd0e8132d060fd7bcbca23623db43d4c7393a5c,561839806dcdb8279ac4e42025bc5a82751f2588a2b2066fa84637918d8e4896,231ef175659def943b74235aceb0ef9def0e53fc195cdad7a8338fa6b54777e3,2987a546cb3f48253dcdfdc400036a68d1977eddb1012f753e54eca010acedd8,ca544fcdf9d3c08881eed48e9cdb7452f482c8ae24f7ea49ba420497fa16f10e,160,a1e4b94e5be0a9552f952c6d8f0bda430f9bfdab3c397079192588f75a8aba46,2063071df976f1cac9f6aea690c2aef6ea0bdefe943f07ae1c5166c5ad9979e4,10,5,peak_cooling_W,mean,6924.2449484904482,6942.9242191736712,100,0.002697661741053113,0.02,True,False,0,2,False,False,0,False
BE_TABULA_11,TABULA_existing,rcp_8_5,central,residential_energy_demand_gate5_v1,4b5b7791539478f9b2562d1b176e235ac7b641e1afdc40c3d5242661d9dbed3d,2ad0e9f7bbdfe12695c931891fd0e8132d060fd7bcbca23623db43d4c7393a5c,561839806dcdb8279ac4e42025bc5a82751f2588a2b2066fa84637918d8e4896,231ef175659def943b74235aceb0ef9def0e53fc195cdad7a8338fa6b54777e3,2987a546cb3f48253dcdfdc400036a68d1977eddb1012f753e54eca010acedd8,ca544fcdf9d3c08881eed48e9cdb7452f482c8ae24f7ea49ba420497fa16f10e,160,a1e4b94e5be0a9552f952c6d8f0bda430f9bfdab3c397079192588f75a8aba46,2063071df976f1cac9f6aea690c2aef6ea0bdefe943f07ae1c5166c5ad9979e4,10,5,peak_cooling_W,median,6924.1265159078439,6896.6861078058027,100,0.0039630136796313794,0.02,True,False,0,2,False,False,0,False
BE_TABULA_11,TABULA_existing,rcp_8_5,central,residential_energy_demand_gate5_v1,4b5b7791539478f9b2562d1b176e235ac7b641e1afdc40c3d5242661d9dbed3d,2ad0e9f7bbdfe12695c931891fd0e8132d060fd7bcbca23623db43d4c7393a5c,561839806dcdb8279ac4e42025bc5a82751f2588a2b2066fa84637918d8e4896,231ef175659def943b74235aceb0ef9def0e53fc195cdad7a8338fa6b54777e3,2987a546cb3f48253dcdfdc400036a68d1977eddb1012f753e54eca010acedd8,ca544fcdf9d3c08881eed48e9cdb7452f482c8ae24f7ea49ba420497fa16f10e,160,a1e4b94e5be0a9552f952c6d8f0bda430f9bfdab3c397079192588f75a8aba46,2063071df976f1cac9f6aea690c2aef6ea0bdefe943f07ae1c5166c5ad9979e4,10,5,peak_cooling_W,p95,9930.1588615856163,9920.4334601277678,100,0.00097938024893747758,0.02,True,False,0,2,False,False,0,False
BE_TABULA_11,TABULA_existing,rcp_8_5,central,residential_energy_demand_gate5_v1,4b5b7791539478f9b2562d1b176e235ac7b641e1afdc40c3d5242661d9dbed3d,2ad0e9f7bbdfe12695c931891fd0e8132d060fd7bcbca23623db43d4c7393a5c,561839806dcdb8279ac4e42025bc5a82751f2588a2b2066fa84637918d8e4896,231ef175659def943b74235aceb0ef9def0e53fc195cdad7a8338fa6b54777e3,2987a546cb3f48253dcdfdc400036a68d1977eddb1012f753e54eca010acedd8,ca544fcdf9d3c08881eed48e9cdb7452f482c8ae24f7ea49ba420497fa16f10e,160,a1e4b94e5be0a9552f952c6d8f0bda430f9bfdab3c397079192588f75a8aba46,1f7bdd094d6a8634c38dd67d232f10ebdc75032637483205a54e37449f9f3c93,20,10,heating_intensity_kWh_m2,mean,167.3389141926765,167.90031519562336,1,0.0033548741824657741,0.02,True,True,1,2,False,False,0,False
BE_TABULA_11,TABULA_existing,rcp_8_5,central,residential_energy_demand_gate5_v1,4b5b7791539478f9b2562d1b176e235ac7b641e1afdc40c3d5242661d9dbed3d,2ad0e9f7bbdfe12695c931891fd0e8132d060fd7bcbca23623db43d4c7393a5c,561839806dcdb8279ac4e42025bc5a82751f2588a2b2066fa84637918d8e4896,231ef175659def943b74235aceb0ef9def0e53fc195cdad7a8338fa6b54777e3,2987a546cb3f48253dcdfdc400036a68d1977eddb1012f753e54eca010acedd8,ca544fcdf9d3c08881eed48e9cdb7452f482c8ae24f7ea49ba420497fa16f10e,160,a1e4b94e5be0a9552f952c6d8f0bda430f9bfdab3c397079192588f75a8aba46,1f7bdd094d6a8634c38dd67d232f10ebdc75032637483205a54e37449f9f3c93,20,10,heating_intensity_kWh_m2,median,163.16381156564523,163.87762481384985,1,0.0043748257738967416,0.02,True,True,1,2,False,False,0,False
BE_TABULA_11,TABULA_existing,rcp_8_5,central,residential_energy_demand_gate5_v1,4b5b7791539478f9b2562d1b176e235ac7b641e1afdc40c3d5242661d9dbed3d,2ad0e9f7bbdfe12695c931891fd0e8132d060fd7bcbca23623db43d4c7393a5c,561839806dcdb8279ac4e42025bc5a82751f2588a2b2066fa84637918d8e4896,231ef175659def943b74235aceb0ef9def0e53fc195cdad7a8338fa6b54777e3,2987a546cb3f48253dcdfdc400036a68d1977eddb1012f753e54eca010acedd8,ca544fcdf9d3c08881eed48e9cdb7452f482c8ae24f7ea49ba420497fa16f10e,160,a1e4b94e5be0a9552f952c6d8f0bda430f9bfdab3c397079192588f75a8aba46,1f7bdd094d6a8634c38dd67d232f10ebdc75032637483205a54e37449f9f3c93,20,10,heating_intensity_kWh_m2,p95,210.32917601324536,210.34878242510948,1,9.3217746751800084e-05,0.02,True,True,1,2,False,False,0,False
BE_TABULA_11,TABULA_existing,rcp_8_5,central,residential_energy_demand_gate5_v1,4b5b7791539478f9b2562d1b176e235ac7b641e1afdc40c3d5242661d9dbed3d,2ad0e9f7bbdfe12695c931891fd0e8132d060fd7bcbca23623db43d4c7393a5c,561839806dcdb8279ac4e42025bc5a82751f2588a2b2066fa84637918d8e4896,231ef175659def943b74235aceb0ef9def0e53fc195cdad7a8338fa6b54777e3,2987a546cb3f48253dcdfdc400036a68d1977eddb1012f753e54eca010acedd8,ca544fcdf9d3c08881eed48e9cdb7452f482c8ae24f7ea49ba420497fa16f10e,160,a1e4b94e5be0a9552f952c6d8f0bda430f9bfdab3c397079192588f75a8aba46,1f7bdd094d6a8634c38dd67d232f10ebdc75032637483205a54e37449f9f3c93,20,10,cooling_intensity_kWh_m2,mean,1.481028238195196,1.4812334505920244,1,0.00013856075902943832,0.02,True,True,1,2,False,False,0,False
BE_TABULA_11,TABULA_existing,rcp_8_5,central,residential_energy_demand_gate5_v1,4b5b7791539478f9b2562d1b176e235ac7b641e1afdc40c3d5242661d9dbed3d,2ad0e9f7bbdfe12695c931891fd0e8132d060fd7bcbca23623db43d4c7393a5c,561839806dcdb8279ac4e42025bc5a82751f2588a2b2066fa84637918d8e4896,231ef175659def943b74235aceb0ef9def0e53fc195cdad7a8338fa6b54777e3,2987a546cb3f48253dcdfdc400036a68d1977eddb1012f753e54eca010acedd8,ca544fcdf9d3c08881eed48e9cdb7452f482c8ae24f7ea49ba420497fa16f10e,160,a1e4b94e5be0a9552f952c6d8f0bda430f9bfdab3c397079192588f75a8aba46,1f7bdd094d6a8634c38dd67d232f10ebdc75032637483205a54e37449f9f3c93,20,10,cooling_intensity_kWh_m2,median,1.3629267367776399,1.3644190991512062,1,0.0010949688881257828,0.02,True,True,1,2,False,False,0,False
BE_TABULA_11,TABULA_existing,rcp_8_5,central,residential_energy_demand_gate5_v1,4b5b7791539478f9b2562d1b176e235ac7b641e1afdc40c3d5242661d9dbed3d,2ad0e9f7bbdfe12695c931891fd0e8132d060fd7bcbca23623db43d4c7393a5c,561839806dcdb8279ac4e42025bc5a82751f2588a2b2066fa84637918d8e4896,231ef175659def943b74235aceb0ef9def0e53fc195cdad7a8338fa6b54777e3,2987a546cb3f48253dcdfdc400036a68d1977eddb1012f753e54eca010acedd8,ca544fcdf9d3c08881eed48e9cdb7452f482c8ae24f7ea49ba420497fa16f10e,160,a1e4b94e5be0a9552f952c6d8f0bda430f9bfdab3c397079192588f75a8aba46,1f7bdd094d6a8634c38dd67d232f10ebdc75032637483205a54e37449f9f3c93,20,10,cooling_intensity_kWh_m2,p95,3.4077713584297022,3.4085702285586974,1,0.00023442597667798745,0.02,True,True,1,2,False,False,0,False
BE_TABULA_11,TABULA_existing,rcp_8_5,central,residential_energy_demand_gate5_v1,4b5b7791539478f9b2562d1b176e235ac7b641e1afdc40c3d5242661d9dbed3d,2ad0e9f7bbdfe12695c931891fd0e8132d060fd7bcbca23623db43d4c7393a5c,561839806dcdb8279ac4e42025bc5a82751f2588a2b2066fa84637918d8e4896,231ef175659def943b74235aceb0ef9def0e53fc195cdad7a8338fa6b54777e3,2987a546cb3f48253dcdfdc400036a68d1977eddb1012f753e54eca010acedd8,ca544fcdf9d3c08881eed48e9cdb7452f482c8ae24f7ea49ba420497fa16f10e,160,a1e4b94e5be0a9552f952c6d8f0bda430f9bfdab3c397079192588f75a8aba46,1f7bdd094d6a8634c38dd67d232f10ebdc75032637483205a54e37449f9f3c93,20,10,peak_heating_W,mean,19887.537469329855,19888.000473909236,100,2.3281141775144111e-05,0.02,True,True,1,2,False,False,0,False
BE_TABULA_11,TABULA_existing,rcp_8_5,central,residential_energy_demand_gate5_v1,4b5b7791539478f9b2562d1b176e235ac7b641e1afdc40c3d5242661d9dbed3d,2ad0e9f7bbdfe12695c931891fd0e8132d060fd7bcbca23623db43d4c7393a5c,561839806dcdb8279ac4e42025bc5a82751f2588a2b2066fa84637918d8e4896,231ef175659def943b74235aceb0ef9def0e53fc195cdad7a8338fa6b54777e3,2987a546cb3f48253dcdfdc400036a68d1977eddb1012f753e54eca010acedd8,ca544fcdf9d3c08881eed48e9cdb7452f482c8ae24f7ea49ba420497fa16f10e,160,a1e4b94e5be0a9552f952c6d8f0bda430f9bfdab3c397079192588f75a8aba46,1f7bdd094d6a8634c38dd67d232f10ebdc75032637483205a54e37449f9f3c93,20,10,peak_heating_W,median,19356.928022743974,19326.949953647068,100,0.0015486997245473012,0.02,True,True,1,2,False,False,0,False
BE_TABULA_11,TABULA_existing,rcp_8_5,central,residential_energy_demand_gate5_v1,4b5b7791539478f9b2562d1b176e235ac7b641e1afdc40c3d5242661d9dbed3d,2ad0e9f7bbdfe12695c931891fd0e8132d060fd7bcbca23623db43d4c7393a5c,561839806dcdb8279ac4e42025bc5a82751f2588a2b2066fa84637918d8e4896,231ef175659def943b74235aceb0ef9def0e53fc195cdad7a8338fa6b54777e3,2987a546cb3f48253dcdfdc400036a68d1977eddb1012f753e54eca010acedd8,ca544fcdf9d3c08881eed48e9cdb7452f482c8ae24f7ea49ba420497fa16f10e,160,a1e4b94e5be0a9552f952c6d8f0bda430f9bfdab3c397079192588f75a8aba46,1f7bdd094d6a8634c38dd67d232f10ebdc75032637483205a54e37449f9f3c93,20,10,peak_heating_W,p95,23138.536171910553,23263.815694371515,100,0.0054143235998242228,0.02,True,True,1,2,False,False,0,False
BE_TABULA_11,TABULA_existing,rcp_8_5,central,residential_energy_demand_gate5_v1,4b5b7791539478f9b2562d1b176e235ac7b641e1afdc40c3d5242661d9dbed3d,2ad0e9f7bbdfe12695c931891fd0e8132d060fd7bcbca23623db43d4c7393a5c,561839806dcdb8279ac4e42025bc5a82751f2588a2b2066fa84637918d8e4896,231ef175659def943b74235aceb0ef9def0e53fc195cdad7a8338fa6b54777e3,2987a546cb3f48253dcdfdc400036a68d1977eddb1012f753e54eca010acedd8,ca544fcdf9d3c08881eed48e9cdb7452f482c8ae24f7ea49ba420497fa16f10e,160,a1e4b94e5be0a9552f952c6d8f0bda430f9bfdab3c397079192588f75a8aba46,1f7bdd094d6a8634c38dd67d232f10ebdc75032637483205a54e37449f9f3c93,20,10,peak_cooling_W,mean,6987.6168613686796,6924.2449484904482,100,0.0090691739595205201,0.02,True,True,1,2,False,False,0,False
BE_TABULA_11,TABULA_existing,rcp_8_5,central,residential_energy_demand_gate5_v1,4b5b7791539478f9b2562d1b176e235ac7b641e1afdc40c3d5242661d9dbed3d,2ad0e9f7bbdfe12695c931891fd0e8132d060fd7bcbca23623db43d4c7393a5c,561839806dcdb8279ac4e42025bc5a82751f2588a2b2066fa84637918d8e4896,231ef175659def943b74235aceb0ef9def0e53fc195cdad7a8338fa6b54777e3,2987a546cb3f48253dcdfdc400036a68d1977eddb1012f753e54eca010acedd8,ca544fcdf9d3c08881eed48e9cdb7452f482c8ae24f7ea49ba420497fa16f10e,160,a1e4b94e5be0a9552f952c6d8f0bda430f9bfdab3c397079192588f75a8aba46,1f7bdd094d6a8634c38dd67d232f10ebdc75032637483205a54e37449f9f3c93,20,10,peak_cooling_W,median,7036.4066453976666,6924.1265159078439,100,0.015957026810447666,0.02,True,True,1,2,False,False,0,False
BE_TABULA_11,TABULA_existing,rcp_8_5,central,residential_energy_demand_gate5_v1,4b5b7791539478f9b2562d1b176e235ac7b641e1afdc40c3d5242661d9dbed3d,2ad0e9f7bbdfe12695c931891fd0e8132d060fd7bcbca23623db43d4c7393a5c,561839806dcdb8279ac4e42025bc5a82751f2588a2b2066fa84637918d8e4896,231ef175659def943b74235aceb0ef9def0e53fc195cdad7a8338fa6b54777e3,2987a546cb3f48253dcdfdc400036a68d1977eddb1012f753e54eca010acedd8,ca544fcdf9d3c08881eed48e9cdb7452f482c8ae24f7ea49ba420497fa16f10e,160,a1e4b94e5be0a9552f952c6d8f0bda430f9bfdab3c397079192588f75a8aba46,1f7bdd094d6a8634c38dd67d232f10ebdc75032637483205a54e37449f9f3c93,20,10,peak_cooling_W,p95,10108.098554495749,9930.1588615856163,100,0.01760367609702335,0.02,True,True,1,2,False,False,0,False
BE_TABULA_11,TABULA_existing,rcp_8_5,central,residential_energy_demand_gate5_v1,4b5b7791539478f9b2562d1b176e235ac7b641e1afdc40c3d5242661d9dbed3d,2ad0e9f7bbdfe12695c931891fd0e8132d060fd7bcbca23623db43d4c7393a5c,561839806dcdb8279ac4e42025bc5a82751f2588a2b2066fa84637918d8e4896,231ef175659def943b74235aceb0ef9def0e53fc195cdad7a8338fa6b54777e3,2987a546cb3f48253dcdfdc400036a68d1977eddb1012f753e54eca010acedd8,ca544fcdf9d3c08881eed48e9cdb7452f482c8ae24f7ea49ba420497fa16f10e,160,a1e4b94e5be0a9552f952c6d8f0bda430f9bfdab3c397079192588f75a8aba46,d9c1d0f471fb97f0efab0c100463285cd55e4de7718f288f7be26835b3adb0fe,40,20,heating_intensity_kWh_m2,mean,167.56787553288859,167.3389141926765,1,0.0013663796803770815,0.02,True,True,2,2,True,False,0,False
BE_TABULA_11,TABULA_existing,rcp_8_5,central,residential_energy_demand_gate5_v1,4b5b7791539478f9b2562d1b176e235ac7b641e1afdc40c3d5242661d9dbed3d,2ad0e9f7bbdfe12695c931891fd0e8132d060fd7bcbca23623db43d4c7393a5c,561839806dcdb8279ac4e42025bc5a82751f2588a2b2066fa84637918d8e4896,231ef175659def943b74235aceb0ef9def0e53fc195cdad7a8338fa6b54777e3,2987a546cb3f48253dcdfdc400036a68d1977eddb1012f753e54eca010acedd8,ca544fcdf9d3c08881eed48e9cdb7452f482c8ae24f7ea49ba420497fa16f10e,160,a1e4b94e5be0a9552f952c6d8f0bda430f9bfdab3c397079192588f75a8aba46,d9c1d0f471fb97f0efab0c100463285cd55e4de7718f288f7be26835b3adb0fe,40,20,heating_intensity_kWh_m2,median,163.68652062557936,163.16381156564523,1,0.0031933543332489014,0.02,True,True,2,2,True,False,0,False
BE_TABULA_11,TABULA_existing,rcp_8_5,central,residential_energy_demand_gate5_v1,4b5b7791539478f9b2562d1b176e235ac7b641e1afdc40c3d5242661d9dbed3d,2ad0e9f7bbdfe12695c931891fd0e8132d060fd7bcbca23623db43d4c7393a5c,561839806dcdb8279ac4e42025bc5a82751f2588a2b2066fa84637918d8e4896,231ef175659def943b74235aceb0ef9def0e53fc195cdad7a8338fa6b54777e3,2987a546cb3f48253dcdfdc400036a68d1977eddb1012f753e54eca010acedd8,ca544fcdf9d3c08881eed48e9cdb7452f482c8ae24f7ea49ba420497fa16f10e,160,a1e4b94e5be0a9552f952c6d8f0bda430f9bfdab3c397079192588f75a8aba46,d9c1d0f471fb97f0efab0c100463285cd55e4de7718f288f7be26835b3adb0fe,40,20,heating_intensity_kWh_m2,p95,210.51734602202941,210.32917601324536,1,0.00089384562526436545,0.02,True,True,2,2,True,False,0,False
BE_TABULA_11,TABULA_existing,rcp_8_5,central,residential_energy_demand_gate5_v1,4b5b7791539478f9b2562d1b176e235ac7b641e1afdc40c3d5242661d9dbed3d,2ad0e9f7bbdfe12695c931891fd0e8132d060fd7bcbca23623db43d4c7393a5c,561839806dcdb8279ac4e42025bc5a82751f2588a2b2066fa84637918d8e4896,231ef175659def943b74235aceb0ef9def0e53fc195cdad7a8338fa6b54777e3,2987a546cb3f48253dcdfdc400036a68d1977eddb1012f753e54eca010acedd8,ca544fcdf9d3c08881eed48e9cdb7452f482c8ae24f7ea49ba420497fa16f10e,160,a1e4b94e5be0a9552f952c6d8f0bda430f9bfdab3c397079192588f75a8aba46,d9c1d0f471fb97f0efab0c100463285cd55e4de7718f288f7be26835b3adb0fe,40,20,cooling_intensity_kWh_m2,mean,1.4873657781817813,1.481028238195196,1,0.0042609155592732125,0.02,True,True,2,2,True,False,0,False
BE_TABULA_11,TABULA_existing,rcp_8_5,central,residential_energy_demand_gate5_v1,4b5b7791539478f9b2562d1b176e235ac7b641e1afdc40c3d5242661d9dbed3d,2ad0e9f7bbdfe12695c931891fd0e8132d060fd7bcbca23623db43d4c7393a5c,561839806dcdb8279ac4e42025bc5a82751f2588a2b2066fa84637918d8e4896,231ef175659def943b74235aceb0ef9def0e53fc195cdad7a8338fa6b54777e3,2987a546cb3f48253dcdfdc400036a68d1977eddb1012f753e54eca010acedd8,ca544fcdf9d3c08881eed48e9cdb7452f482c8ae24f7ea49ba420497fa16f10e,160,a1e4b94e5be0a9552f952c6d8f0bda430f9bfdab3c397079192588f75a8aba46,d9c1d0f471fb97f0efab0c100463285cd55e4de7718f288f7be26835b3adb0fe,40,20,cooling_intensity_kWh_m2,median,1.364938326683296,1.3629267367776399,1,0.0014737588258248325,0.02,True,True,2,2,True,False,0,False
BE_TABULA_11,TABULA_existing,rcp_8_5,central,residential_energy_demand_gate5_v1,4b5b7791539478f9b2562d1b176e235ac7b641e1afdc40c3d5242661d9dbed3d,2ad0e9f7bbdfe12695c931891fd0e8132d060fd7bcbca23623db43d4c7393a5c,561839806dcdb8279ac4e42025bc5a82751f2588a2b2066fa84637918d8e4896,231ef175659def943b74235aceb0ef9def0e53fc195cdad7a8338fa6b54777e3,2987a546cb3f48253dcdfdc400036a68d1977eddb1012f753e54eca010acedd8,ca544fcdf9d3c08881eed48e9cdb7452f482c8ae24f7ea49ba420497fa16f10e,160,a1e4b94e5be0a9552f952c6d8f0bda430f9bfdab3c397079192588f75a8aba46,d9c1d0f471fb97f0efab0c100463285cd55e4de7718f288f7be26835b3adb0fe,40,20,cooling_intensity_kWh_m2,p95,3.4351743504171894,3.4077713584297022,1,0.0079771764667954034,0.02,True,True,2,2,True,False,0,False
BE_TABULA_11,TABULA_existing,rcp_8_5,central,residential_energy_demand_gate5_v1,4b5b7791539478f9b2562d1b176e235ac7b641e1afdc40c3d5242661d9dbed3d,2ad0e9f7bbdfe12695c931891fd0e8132d060fd7bcbca23623db43d4c7393a5c,561839806dcdb8279ac4e42025bc5a82751f2588a2b2066fa84637918d8e4896,231ef175659def943b74235aceb0ef9def0e53fc195cdad7a8338fa6b54777e3,2987a546cb3f48253dcdfdc400036a68d1977eddb1012f753e54eca010acedd8,ca544fcdf9d3c08881eed48e9cdb7452f482c8ae24f7ea49ba420497fa16f10e,160,a1e4b94e5be0a9552f952c6d8f0bda430f9bfdab3c397079192588f75a8aba46,d9c1d0f471fb97f0efab0c100463285cd55e4de7718f288f7be26835b3adb0fe,40,20,peak_heating_W,mean,19879.745541754386,19887.537469329855,100,0.00039195308406250344,0.02,True,True,2,2,True,False,0,False
BE_TABULA_11,TABULA_existing,rcp_8_5,central,residential_energy_demand_gate5_v1,4b5b7791539478f9b2562d1b176e235ac7b641e1afdc40c3d5242661d9dbed3d,2ad0e9f7bbdfe12695c931891fd0e8132d060fd7bcbca23623db43d4c7393a5c,561839806dcdb8279ac4e42025bc5a82751f2588a2b2066fa84637918d8e4896,231ef175659def943b74235aceb0ef9def0e53fc195cdad7a8338fa6b54777e3,2987a546cb3f48253dcdfdc400036a68d1977eddb1012f753e54eca010acedd8,ca544fcdf9d3c08881eed48e9cdb7452f482c8ae24f7ea49ba420497fa16f10e,160,a1e4b94e5be0a9552f952c6d8f0bda430f9bfdab3c397079192588f75a8aba46,d9c1d0f471fb97f0efab0c100463285cd55e4de7718f288f7be26835b3adb0fe,40,20,peak_heating_W,median,19339.63386651274,19356.928022743974,100,0.0008942339007347468,0.02,True,True,2,2,True,False,0,False
BE_TABULA_11,TABULA_existing,rcp_8_5,central,residential_energy_demand_gate5_v1,4b5b7791539478f9b2562d1b176e235ac7b641e1afdc40c3d5242661d9dbed3d,2ad0e9f7bbdfe12695c931891fd0e8132d060fd7bcbca23623db43d4c7393a5c,561839806dcdb8279ac4e42025bc5a82751f2588a2b2066fa84637918d8e4896,231ef175659def943b74235aceb0ef9def0e53fc195cdad7a8338fa6b54777e3,2987a546cb3f48253dcdfdc400036a68d1977eddb1012f753e54eca010acedd8,ca544fcdf9d3c08881eed48e9cdb7452f482c8ae24f7ea49ba420497fa16f10e,160,a1e4b94e5be0a9552f952c6d8f0bda430f9bfdab3c397079192588f75a8aba46,d9c1d0f471fb97f0efab0c100463285cd55e4de7718f288f7be26835b3adb0fe,40,20,peak_heating_W,p95,23138.536171910553,23138.536171910553,100,0,0.02,True,True,2,2,True,False,0,False
BE_TABULA_11,TABULA_existing,rcp_8_5,central,residential_energy_demand_gate5_v1,4b5b7791539478f9b2562d1b176e235ac7b641e1afdc40c3d5242661d9dbed3d,2ad0e9f7bbdfe12695c931891fd0e8132d060fd7bcbca23623db43d4c7393a5c,561839806dcdb8279ac4e42025bc5a82751f2588a2b2066fa84637918d8e4896,231ef175659def943b74235aceb0ef9def0e53fc195cdad7a8338fa6b54777e3,2987a546cb3f48253dcdfdc400036a68d1977eddb1012f753e54eca010acedd8,ca544fcdf9d3c08881eed48e9cdb7452f482c8ae24f7ea49ba420497fa16f10e,160,a1e4b94e5be0a9552f952c6d8f0bda430f9bfdab3c397079192588f75a8aba46,d9c1d0f471fb97f0efab0c100463285cd55e4de7718f288f7be26835b3adb0fe,40,20,peak_cooling_W,mean,6978.306684615909,6987.6168613686796,100,0.0013341598719493609,0.02,True,True,2,2,True,False,0,False
BE_TABULA_11,TABULA_existing,rcp_8_5,central,residential_energy_demand_gate5_v1,4b5b7791539478f9b2562d1b176e235ac7b641e1afdc40c3d5242661d9dbed3d,2ad0e9f7bbdfe12695c931891fd0e8132d060fd7bcbca23623db43d4c7393a5c,561839806dcdb8279ac4e42025bc5a82751f2588a2b2066fa84637918d8e4896,231ef175659def943b74235aceb0ef9def0e53fc195cdad7a8338fa6b54777e3,2987a546cb3f48253dcdfdc400036a68d1977eddb1012f753e54eca010acedd8,ca544fcdf9d3c08881eed48e9cdb7452f482c8ae24f7ea49ba420497fa16f10e,160,a1e4b94e5be0a9552f952c6d8f0bda430f9bfdab3c397079192588f75a8aba46,d9c1d0f471fb97f0efab0c100463285cd55e4de7718f288f7be26835b3adb0fe,40,20,peak_cooling_W,median,7080.6489744282153,7036.4066453976666,100,0.0062483437874593165,0.02,True,True,2,2,True,False,0,False
BE_TABULA_11,TABULA_existing,rcp_8_5,central,residential_energy_demand_gate5_v1,4b5b7791539478f9b2562d1b176e235ac7b641e1afdc40c3d5242661d9dbed3d,2ad0e9f7bbdfe12695c931891fd0e8132d060fd7bcbca23623db43d4c7393a5c,561839806dcdb8279ac4e42025bc5a82751f2588a2b2066fa84637918d8e4896,231ef175659def943b74235aceb0ef9def0e53fc195cdad7a8338fa6b54777e3,2987a546cb3f48253dcdfdc400036a68d1977eddb1012f753e54eca010acedd8,ca544fcdf9d3c08881eed48e9cdb7452f482c8ae24f7ea49ba420497fa16f10e,160,a1e4b94e5be0a9552f952c6d8f0bda430f9bfdab3c397079192588f75a8aba46,d9c1d0f471fb97f0efab0c100463285cd55e4de7718f288f7be26835b3adb0fe,40,20,peak_cooling_W,p95,10022.072145956288,10108.098554495749,100,0.0085836947975046294,0.02,True,True,2,2,True,False,0,False
BE_TABULA_11,TABULA_existing,rcp_8_5,central,residential_energy_demand_gate5_v1,4b5b7791539478f9b2562d1b176e235ac7b641e1afdc40c3d5242661d9dbed3d,2ad0e9f7bbdfe12695c931891fd0e8132d060fd7bcbca23623db43d4c7393a5c,561839806dcdb8279ac4e42025bc5a82751f2588a2b2066fa84637918d8e4896,231ef175659def943b74235aceb0ef9def0e53fc195cdad7a8338fa6b54777e3,2987a546cb3f48253dcdfdc400036a68d1977eddb1012f753e54eca010acedd8,ca544fcdf9d3c08881eed48e9cdb7452f482c8ae24f7ea49ba420497fa16f10e,160,a1e4b94e5be0a9552f952c6d8f0bda430f9bfdab3c397079192588f75a8aba46,68c77bb6c64b8d83360a050cd3cb41af044e4998f93c5776b9bf72e3b3a2d976,80,40,heating_intensity_kWh_m2,mean,167.70525022161843,167.56787553288859,1,0.00081914363771138916,0.02,True,True,3,2,True,True,1,False
BE_TABULA_11,TABULA_existing,rcp_8_5,central,residential_energy_demand_gate5_v1,4b5b7791539478f9b2562d1b176e235ac7b641e1afdc40c3d5242661d9dbed3d,2ad0e9f7bbdfe12695c931891fd0e8132d060fd7bcbca23623db43d4c7393a5c,561839806dcdb8279ac4e42025bc5a82751f2588a2b2066fa84637918d8e4896,231ef175659def943b74235aceb0ef9def0e53fc195cdad7a8338fa6b54777e3,2987a546cb3f48253dcdfdc400036a68d1977eddb1012f753e54eca010acedd8,ca544fcdf9d3c08881eed48e9cdb7452f482c8ae24f7ea49ba420497fa16f10e,160,a1e4b94e5be0a9552f952c6d8f0bda430f9bfdab3c397079192588f75a8aba46,68c77bb6c64b8d83360a050cd3cb41af044e4998f93c5776b9bf72e3b3a2d976,80,40,heating_intensity_kWh_m2,median,163.69174411184213,163.68652062557936,1,3.1910505267726365e-05,0.02,True,True,3,2,True,True,1,False
BE_TABULA_11,TABULA_existing,rcp_8_5,central,residential_energy_demand_gate5_v1,4b5b7791539478f9b2562d1b176e235ac7b641e1afdc40c3d5242661d9dbed3d,2ad0e9f7bbdfe12695c931891fd0e8132d060fd7bcbca23623db43d4c7393a5c,561839806dcdb8279ac4e42025bc5a82751f2588a2b2066fa84637918d8e4896,231ef175659def943b74235aceb0ef9def0e53fc195cdad7a8338fa6b54777e3,2987a546cb3f48253dcdfdc400036a68d1977eddb1012f753e54eca010acedd8,ca544fcdf9d3c08881eed48e9cdb7452f482c8ae24f7ea49ba420497fa16f10e,160,a1e4b94e5be0a9552f952c6d8f0bda430f9bfdab3c397079192588f75a8aba46,68c77bb6c64b8d83360a050cd3cb41af044e4998f93c5776b9bf72e3b3a2d976,80,40,heating_intensity_kWh_m2,p95,210.57720853855903,210.51734602202941,1,0.00028427823193723423,0.02,True,True,3,2,True,True,1,False
BE_TABULA_11,TABULA_existing,rcp_8_5,central,residential_energy_demand_gate5_v1,4b5b7791539478f9b2562d1b176e235ac7b641e1afdc40c3d5242661d9dbed3d,2ad0e9f7bbdfe12695c931891fd0e8132d060fd7bcbca23623db43d4c7393a5c,561839806dcdb8279ac4e42025bc5a82751f2588a2b2066fa84637918d8e4896,231ef175659def943b74235aceb0ef9def0e53fc195cdad7a8338fa6b54777e3,2987a546cb3f48253dcdfdc400036a68d1977eddb1012f753e54eca010acedd8,ca544fcdf9d3c08881eed48e9cdb7452f482c8ae24f7ea49ba420497fa16f10e,160,a1e4b94e5be0a9552f952c6d8f0bda430f9bfdab3c397079192588f75a8aba46,68c77bb6c64b8d83360a050cd3cb41af044e4998f93c5776b9bf72e3b3a2d976,80,40,cooling_intensity_kWh_m2,mean,1.4878159899087653,1.4873657781817813,1,0.00030259906469456228,0.02,True,True,3,2,True,True,1,False
BE_TABULA_11,TABULA_existing,rcp_8_5,central,residential_energy_demand_gate5_v1,4b5b7791539478f9b2562d1b176e235ac7b641e1afdc40c3d5242661d9dbed3d,2ad0e9f7bbdfe12695c931891fd0e8132d060fd7bcbca23623db43d4c7393a5c,561839806dcdb8279ac4e42025bc5a82751f2588a2b2066fa84637918d8e4896,231ef175659def943b74235aceb0ef9def0e53fc195cdad7a8338fa6b54777e3,2987a546cb3f48253dcdfdc400036a68d1977eddb1012f753e54eca010acedd8,ca544fcdf9d3c08881eed48e9cdb7452f482c8ae24f7ea49ba420497fa16f10e,160,a1e4b94e5be0a9552f952c6d8f0bda430f9bfdab3c397079192588f75a8aba46,68c77bb6c64b8d83360a050cd3cb41af044e4998f93c5776b9bf72e3b3a2d976,80,40,cooling_intensity_kWh_m2,median,1.3658238690335769,1.364938326683296,1,0.00064835764724738634,0.02,True,True,3,2,True,True,1,False
BE_TABULA_11,TABULA_existing,rcp_8_5,central,residential_energy_demand_gate5_v1,4b5b7791539478f9b2562d1b176e235ac7b641e1afdc40c3d5242661d9dbed3d,2ad0e9f7bbdfe12695c931891fd0e8132d060fd7bcbca23623db43d4c7393a5c,561839806dcdb8279ac4e42025bc5a82751f2588a2b2066fa84637918d8e4896,231ef175659def943b74235aceb0ef9def0e53fc195cdad7a8338fa6b54777e3,2987a546cb3f48253dcdfdc400036a68d1977eddb1012f753e54eca010acedd8,ca544fcdf9d3c08881eed48e9cdb7452f482c8ae24f7ea49ba420497fa16f10e,160,a1e4b94e5be0a9552f952c6d8f0bda430f9bfdab3c397079192588f75a8aba46,68c77bb6c64b8d83360a050cd3cb41af044e4998f93c5776b9bf72e3b3a2d976,80,40,cooling_intensity_kWh_m2,p95,3.4370272753127353,3.4351743504171894,1,0.0005391068348089543,0.02,True,True,3,2,True,True,1,False
BE_TABULA_11,TABULA_existing,rcp_8_5,central,residential_energy_demand_gate5_v1,4b5b7791539478f9b2562d1b176e235ac7b641e1afdc40c3d5242661d9dbed3d,2ad0e9f7bbdfe12695c931891fd0e8132d060fd7bcbca23623db43d4c7393a5c,561839806dcdb8279ac4e42025bc5a82751f2588a2b2066fa84637918d8e4896,231ef175659def943b74235aceb0ef9def0e53fc195cdad7a8338fa6b54777e3,2987a546cb3f48253dcdfdc400036a68d1977eddb1012f753e54eca010acedd8,ca544fcdf9d3c08881eed48e9cdb7452f482c8ae24f7ea49ba420497fa16f10e,160,a1e4b94e5be0a9552f952c6d8f0bda430f9bfdab3c397079192588f75a8aba46,68c77bb6c64b8d83360a050cd3cb41af044e4998f93c5776b9bf72e3b3a2d976,80,40,peak_heating_W,mean,19871.661292285287,19879.745541754386,100,0.00040682303055543953,0.02,True,True,3,2,True,True,1,False
BE_TABULA_11,TABULA_existing,rcp_8_5,central,residential_energy_demand_gate5_v1,4b5b7791539478f9b2562d1b176e235ac7b641e1afdc40c3d5242661d9dbed3d,2ad0e9f7bbdfe12695c931891fd0e8132d060fd7bcbca23623db43d4c7393a5c,561839806dcdb8279ac4e42025bc5a82751f2588a2b2066fa84637918d8e4896,231ef175659def943b74235aceb0ef9def0e53fc195cdad7a8338fa6b54777e3,2987a546cb3f48253dcdfdc400036a68d1977eddb1012f753e54eca010acedd8,ca544fcdf9d3c08881eed48e9cdb7452f482c8ae24f7ea49ba420497fa16f10e,160,a1e4b94e5be0a9552f952c6d8f0bda430f9bfdab3c397079192588f75a8aba46,68c77bb6c64b8d83360a050cd3cb41af044e4998f93c5776b9bf72e3b3a2d976,80,40,peak_heating_W,median,19344.43511355068,19339.63386651274,100,0.00024819784138212713,0.02,True,True,3,2,True,True,1,False
BE_TABULA_11,TABULA_existing,rcp_8_5,central,residential_energy_demand_gate5_v1,4b5b7791539478f9b2562d1b176e235ac7b641e1afdc40c3d5242661d9dbed3d,2ad0e9f7bbdfe12695c931891fd0e8132d060fd7bcbca23623db43d4c7393a5c,561839806dcdb8279ac4e42025bc5a82751f2588a2b2066fa84637918d8e4896,231ef175659def943b74235aceb0ef9def0e53fc195cdad7a8338fa6b54777e3,2987a546cb3f48253dcdfdc400036a68d1977eddb1012f753e54eca010acedd8,ca544fcdf9d3c08881eed48e9cdb7452f482c8ae24f7ea49ba420497fa16f10e,160,a1e4b94e5be0a9552f952c6d8f0bda430f9bfdab3c397079192588f75a8aba46,68c77bb6c64b8d83360a050cd3cb41af044e4998f93c5776b9bf72e3b3a2d976,80,40,peak_heating_W,p95,23138.536171910553,23138.536171910553,100,0,0.02,True,True,3,2,True,True,1,False
BE_TABULA_11,TABULA_existing,rcp_8_5,central,residential_energy_demand_gate5_v1,4b5b7791539478f9b2562d1b176e235ac7b641e1afdc40c3d5242661d9dbed3d,2ad0e9f7bbdfe12695c931891fd0e8132d060fd7bcbca23623db43d4c7393a5c,561839806dcdb8279ac4e42025bc5a82751f2588a2b2066fa84637918d8e4896,231ef175659def943b74235aceb0ef9def0e53fc195cdad7a8338fa6b54777e3,2987a546cb3f48253dcdfdc400036a68d1977eddb1012f753e54eca010acedd8,ca544fcdf9d3c08881eed48e9cdb7452f482c8ae24f7ea49ba420497fa16f10e,160,a1e4b94e5be0a9552f952c6d8f0bda430f9bfdab3c397079192588f75a8aba46,68c77bb6c64b8d83360a050cd3cb41af044e4998f93c5776b9bf72e3b3a2d976,80,40,peak_cooling_W,mean,6979.0382349796801,6978.306684615909,100,0.00010482108553359298,0.02,True,True,3,2,True,True,1,False
BE_TABULA_11,TABULA_existing,rcp_8_5,central,residential_energy_demand_gate5_v1,4b5b7791539478f9b2562d1b176e235ac7b641e1afdc40c3d5242661d9dbed3d,2ad0e9f7bbdfe12695c931891fd0e8132d060fd7bcbca23623db43d4c7393a5c,561839806dcdb8279ac4e42025bc5a82751f2588a2b2066fa84637918d8e4896,231ef175659def943b74235aceb0ef9def0e53fc195cdad7a8338fa6b54777e3,2987a546cb3f48253dcdfdc400036a68d1977eddb1012f753e54eca010acedd8,ca544fcdf9d3c08881eed48e9cdb7452f482c8ae24f7ea49ba420497fa16f10e,160,a1e4b94e5be0a9552f952c6d8f0bda430f9bfdab3c397079192588f75a8aba46,68c77bb6c64b8d83360a050cd3cb41af044e4998f93c5776b9bf72e3b3a2d976,80,40,peak_cooling_W,median,7098.7257144370878,7080.6489744282153,100,0.0025464767531599144,0.02,True,True,3,2,True,True,1,False
BE_TABULA_11,TABULA_existing,rcp_8_5,central,residential_energy_demand_gate5_v1,4b5b7791539478f9b2562d1b176e235ac7b641e1afdc40c3d5242661d9dbed3d,2ad0e9f7bbdfe12695c931891fd0e8132d060fd7bcbca23623db43d4c7393a5c,561839806dcdb8279ac4e42025bc5a82751f2588a2b2066fa84637918d8e4896,231ef175659def943b74235aceb0ef9def0e53fc195cdad7a8338fa6b54777e3,2987a546cb3f48253dcdfdc400036a68d1977eddb1012f753e54eca010acedd8,ca544fcdf9d3c08881eed48e9cdb7452f482c8ae24f7ea49ba420497fa16f10e,160,a1e4b94e5be0a9552f952c6d8f0bda430f9bfdab3c397079192588f75a8aba46,68c77bb6c64b8d83360a050cd3cb41af044e4998f93c5776b9bf72e3b3a2d976,80,40,peak_cooling_W,p95,10050.47792203206,10022.072145956288,100,0.0028263109770632873,0.02,True,True,3,2,True,True,1,False
BE_TABULA_11,TABULA_existing,rcp_8_5,central,residential_energy_demand_gate5_v1,4b5b7791539478f9b2562d1b176e235ac7b641e1afdc40c3d5242661d9dbed3d,2ad0e9f7bbdfe12695c931891fd0e8132d060fd7bcbca23623db43d4c7393a5c,561839806dcdb8279ac4e42025bc5a82751f2588a2b2066fa84637918d8e4896,231ef175659def943b74235aceb0ef9def0e53fc195cdad7a8338fa6b54777e3,2987a546cb3f48253dcdfdc400036a68d1977eddb1012f753e54eca010acedd8,ca544fcdf9d3c08881eed48e9cdb7452f482c8ae24f7ea49ba420497fa16f10e,160,a1e4b94e5be0a9552f952c6d8f0bda430f9bfdab3c397079192588f75a8aba46,a1e4b94e5be0a9552f952c6d8f0bda430f9bfdab3c397079192588f75a8aba46,160,80,heating_intensity_kWh_m2,mean,167.62970780314092,167.70525022161843,1,0.00045065054081121182,0.02,True,True,4,2,True,False,0,False
BE_TABULA_11,TABULA_existing,rcp_8_5,central,residential_energy_demand_gate5_v1,4b5b7791539478f9b2562d1b176e235ac7b641e1afdc40c3d5242661d9dbed3d,2ad0e9f7bbdfe12695c931891fd0e8132d060fd7bcbca23623db43d4c7393a5c,561839806dcdb8279ac4e42025bc5a82751f2588a2b2066fa84637918d8e4896,231ef175659def943b74235aceb0ef9def0e53fc195cdad7a8338fa6b54777e3,2987a546cb3f48253dcdfdc400036a68d1977eddb1012f753e54eca010acedd8,ca544fcdf9d3c08881eed48e9cdb7452f482c8ae24f7ea49ba420497fa16f10e,160,a1e4b94e5be0a9552f952c6d8f0bda430f9bfdab3c397079192588f75a8aba46,a1e4b94e5be0a9552f952c6d8f0bda430f9bfdab3c397079192588f75a8aba46,160,80,heating_intensity_kWh_m2,median,163.72706014231184,163.69174411184213,1,0.00021570063274219172,0.02,True,True,4,2,True,False,0,False
BE_TABULA_11,TABULA_existing,rcp_8_5,central,residential_energy_demand_gate5_v1,4b5b7791539478f9b2562d1b176e235ac7b641e1afdc40c3d5242661d9dbed3d,2ad0e9f7bbdfe12695c931891fd0e8132d060fd7bcbca23623db43d4c7393a5c,561839806dcdb8279ac4e42025bc5a82751f2588a2b2066fa84637918d8e4896,231ef175659def943b74235aceb0ef9def0e53fc195cdad7a8338fa6b54777e3,2987a546cb3f48253dcdfdc400036a68d1977eddb1012f753e54eca010acedd8,ca544fcdf9d3c08881eed48e9cdb7452f482c8ae24f7ea49ba420497fa16f10e,160,a1e4b94e5be0a9552f952c6d8f0bda430f9bfdab3c397079192588f75a8aba46,a1e4b94e5be0a9552f952c6d8f0bda430f9bfdab3c397079192588f75a8aba46,160,80,heating_intensity_kWh_m2,p95,210.53360887548664,210.57720853855903,1,0.00020709122550682528,0.02,True,True,4,2,True,False,0,False
BE_TABULA_11,TABULA_existing,rcp_8_5,central,residential_energy_demand_gate5_v1,4b5b7791539478f9b2562d1b176e235ac7b641e1afdc40c3d5242661d9dbed3d,2ad0e9f7bbdfe12695c931891fd0e8132d060fd7bcbca23623db43d4c7393a5c,561839806dcdb8279ac4e42025bc5a82751f2588a2b2066fa84637918d8e4896,231ef175659def943b74235aceb0ef9def0e53fc195cdad7a8338fa6b54777e3,2987a546cb3f48253dcdfdc400036a68d1977eddb1012f753e54eca010acedd8,ca544fcdf9d3c08881eed48e9cdb7452f482c8ae24f7ea49ba420497fa16f10e,160,a1e4b94e5be0a9552f952c6d8f0bda430f9bfdab3c397079192588f75a8aba46,a1e4b94e5be0a9552f952c6d8f0bda430f9bfdab3c397079192588f75a8aba46,160,80,cooling_intensity_kWh_m2,mean,1.4858922526251939,1.4878159899087653,1,0.0012946680892727386,0.02,True,True,4,2,True,False,0,False
BE_TABULA_11,TABULA_existing,rcp_8_5,central,residential_energy_demand_gate5_v1,4b5b7791539478f9b2562d1b176e235ac7b641e1afdc40c3d5242661d9dbed3d,2ad0e9f7bbdfe12695c931891fd0e8132d060fd7bcbca23623db43d4c7393a5c,561839806dcdb8279ac4e42025bc5a82751f2588a2b2066fa84637918d8e4896,231ef175659def943b74235aceb0ef9def0e53fc195cdad7a8338fa6b54777e3,2987a546cb3f48253dcdfdc400036a68d1977eddb1012f753e54eca010acedd8,ca544fcdf9d3c08881eed48e9cdb7452f482c8ae24f7ea49ba420497fa16f10e,160,a1e4b94e5be0a9552f952c6d8f0bda430f9bfdab3c397079192588f75a8aba46,a1e4b94e5be0a9552f952c6d8f0bda430f9bfdab3c397079192588f75a8aba46,160,80,cooling_intensity_kWh_m2,median,1.3646455421505626,1.3658238690335769,1,0.00086346735955872842,0.02,True,True,4,2,True,False,0,False
BE_TABULA_11,TABULA_existing,rcp_8_5,central,residential_energy_demand_gate5_v1,4b5b7791539478f9b2562d1b176e235ac7b641e1afdc40c3d5242661d9dbed3d,2ad0e9f7bbdfe12695c931891fd0e8132d060fd7bcbca23623db43d4c7393a5c,561839806dcdb8279ac4e42025bc5a82751f2588a2b2066fa84637918d8e4896,231ef175659def943b74235aceb0ef9def0e53fc195cdad7a8338fa6b54777e3,2987a546cb3f48253dcdfdc400036a68d1977eddb1012f753e54eca010acedd8,ca544fcdf9d3c08881eed48e9cdb7452f482c8ae24f7ea49ba420497fa16f10e,160,a1e4b94e5be0a9552f952c6d8f0bda430f9bfdab3c397079192588f75a8aba46,a1e4b94e5be0a9552f952c6d8f0bda430f9bfdab3c397079192588f75a8aba46,160,80,cooling_intensity_kWh_m2,p95,3.4364902655744665,3.4370272753127353,1,0.00015626691675761157,0.02,True,True,4,2,True,False,0,False
BE_TABULA_11,TABULA_existing,rcp_8_5,central,residential_energy_demand_gate5_v1,4b5b7791539478f9b2562d1b176e235ac7b641e1afdc40c3d5242661d9dbed3d,2ad0e9f7bbdfe12695c931891fd0e8132d060fd7bcbca23623db43d4c7393a5c,561839806dcdb8279ac4e42025bc5a82751f2588a2b2066fa84637918d8e4896,231ef175659def943b74235aceb0ef9def0e53fc195cdad7a8338fa6b54777e3,2987a546cb3f48253dcdfdc400036a68d1977eddb1012f753e54eca010acedd8,ca544fcdf9d3c08881eed48e9cdb7452f482c8ae24f7ea49ba420497fa16f10e,160,a1e4b94e5be0a9552f952c6d8f0bda430f9bfdab3c397079192588f75a8aba46,a1e4b94e5be0a9552f952c6d8f0bda430f9bfdab3c397079192588f75a8aba46,160,80,peak_heating_W,mean,19881.603072235259,19871.661292285287,100,0.00050004921202029577,0.02,True,True,4,2,True,False,0,False
BE_TABULA_11,TABULA_existing,rcp_8_5,central,residential_energy_demand_gate5_v1,4b5b7791539478f9b2562d1b176e235ac7b641e1afdc40c3d5242661d9dbed3d,2ad0e9f7bbdfe12695c931891fd0e8132d060fd7bcbca23623db43d4c7393a5c,561839806dcdb8279ac4e42025bc5a82751f2588a2b2066fa84637918d8e4896,231ef175659def943b74235aceb0ef9def0e53fc195cdad7a8338fa6b54777e3,2987a546cb3f48253dcdfdc400036a68d1977eddb1012f753e54eca010acedd8,ca544fcdf9d3c08881eed48e9cdb7452f482c8ae24f7ea49ba420497fa16f10e,160,a1e4b94e5be0a9552f952c6d8f0bda430f9bfdab3c397079192588f75a8aba46,a1e4b94e5be0a9552f952c6d8f0bda430f9bfdab3c397079192588f75a8aba46,160,80,peak_heating_W,median,19340.502497564943,19344.43511355068,100,0.00020333577094144742,0.02,True,True,4,2,True,False,0,False
BE_TABULA_11,TABULA_existing,rcp_8_5,central,residential_energy_demand_gate5_v1,4b5b7791539478f9b2562d1b176e235ac7b641e1afdc40c3d5242661d9dbed3d,2ad0e9f7bbdfe12695c931891fd0e8132d060fd7bcbca23623db43d4c7393a5c,561839806dcdb8279ac4e42025bc5a82751f2588a2b2066fa84637918d8e4896,231ef175659def943b74235aceb0ef9def0e53fc195cdad7a8338fa6b54777e3,2987a546cb3f48253dcdfdc400036a68d1977eddb1012f753e54eca010acedd8,ca544fcdf9d3c08881eed48e9cdb7452f482c8ae24f7ea49ba420497fa16f10e,160,a1e4b94e5be0a9552f952c6d8f0bda430f9bfdab3c397079192588f75a8aba46,a1e4b94e5be0a9552f952c6d8f0bda430f9bfdab3c397079192588f75a8aba46,160,80,peak_heating_W,p95,23132.515418792304,23138.536171910553,100,0.00026027230542159034,0.02,True,True,4,2,True,False,0,False
BE_TABULA_11,TABULA_existing,rcp_8_5,central,residential_energy_demand_gate5_v1,4b5b7791539478f9b2562d1b176e235ac7b641e1afdc40c3d5242661d9dbed3d,2ad0e9f7bbdfe12695c931891fd0e8132d060fd7bcbca23623db43d4c7393a5c,561839806dcdb8279ac4e42025bc5a82751f2588a2b2066fa84637918d8e4896,231ef175659def943b74235aceb0ef9def0e53fc195cdad7a8338fa6b54777e3,2987a546cb3f48253dcdfdc400036a68d1977eddb1012f753e54eca010acedd8,ca544fcdf9d3c08881eed48e9cdb7452f482c8ae24f7ea49ba420497fa16f10e,160,a1e4b94e5be0a9552f952c6d8f0bda430f9bfdab3c397079192588f75a8aba46,a1e4b94e5be0a9552f952c6d8f0bda430f9bfdab3c397079192588f75a8aba46,160,80,peak_cooling_W,mean,6966.9825753941759,6979.0382349796801,100,0.001730398986224257,0.02,True,True,4,2,True,False,0,False
BE_TABULA_11,TABULA_existing,rcp_8_5,central,residential_energy_demand_gate5_v1,4b5b7791539478f9b2562d1b176e235ac7b641e1afdc40c3d5242661d9dbed3d,2ad0e9f7bbdfe12695c931891fd0e8132d060fd7bcbca23623db43d4c7393a5c,561839806dcdb8279ac4e42025bc5a82751f2588a2b2066fa84637918d8e4896,231ef175659def943b74235aceb0ef9def0e53fc195cdad7a8338fa6b54777e3,2987a546cb3f48253dcdfdc400036a68d1977eddb1012f753e54eca010acedd8,ca544fcdf9d3c08881eed48e9cdb7452f482c8ae24f7ea49ba420497fa16f10e,160,a1e4b94e5be0a9552f952c6d8f0bda430f9bfdab3c397079192588f75a8aba46,a1e4b94e5be0a9552f952c6d8f0bda430f9bfdab3c397079192588f75a8aba46,160,80,peak_cooling_W,median,7112.0080627349689,7098.7257144370878,100,0.001867594662536597,0.02,True,True,4,2,True,False,0,False
BE_TABULA_11,TABULA_existing,rcp_8_5,central,residential_energy_demand_gate5_v1,4b5b7791539478f9b2562d1b176e235ac7b641e1afdc40c3d5242661d9dbed3d,2ad0e9f7bbdfe12695c931891fd0e8132d060fd7bcbca23623db43d4c7393a5c,561839806dcdb8279ac4e42025bc5a82751f2588a2b2066fa84637918d8e4896,231ef175659def943b74235aceb0ef9def0e53fc195cdad7a8338fa6b54777e3,2987a546cb3f48253dcdfdc400036a68d1977eddb1012f753e54eca010acedd8,ca544fcdf9d3c08881eed48e9cdb7452f482c8ae24f7ea49ba420497fa16f10e,160,a1e4b94e5be0a9552f952c6d8f0bda430f9bfdab3c397079192588f75a8aba46,a1e4b94e5be0a9552f952c6d8f0bda430f9bfdab3c397079192588f75a8aba46,160,80,peak_cooling_W,p95,10075.416172831427,10050.47792203206,100,0.0024751583826992073,0.02,True,True,4,2,True,False,0,False
BE_TABULA_13,TABULA_standard_B_proxy,rcp_2_6,central,residential_energy_demand_gate5_v1,4b5b7791539478f9b2562d1b176e235ac7b641e1afdc40c3d5242661d9dbed3d,2ad0e9f7bbdfe12695c931891fd0e8132d060fd7bcbca23623db43d4c7393a5c,561839806dcdb8279ac4e42025bc5a82751f2588a2b2066fa84637918d8e4896,5425e9370287189ca45179f958739e4d1ea29f5439b14d2d1b6a877cf57e26a0,2987a546cb3f48253dcdfdc400036a68d1977eddb1012f753e54eca010acedd8,13fcadcfebce608bffb6d3013f0501bd1916301bc921da206d0884f7638fdfd4,160,a1e4b94e5be0a9552f952c6d8f0bda430f9bfdab3c397079192588f75a8aba46,0483fface789f96fbdc35b5911182753a8b4967876fb97c2eefce49e4b3c29ca,5,,heating_intensity_kWh_m2,mean,59.371600908299314,,1,,0.02,False,False,0,2,False,False,0,False
BE_TABULA_13,TABULA_standard_B_proxy,rcp_2_6,central,residential_energy_demand_gate5_v1,4b5b7791539478f9b2562d1b176e235ac7b641e1afdc40c3d5242661d9dbed3d,2ad0e9f7bbdfe12695c931891fd0e8132d060fd7bcbca23623db43d4c7393a5c,561839806dcdb8279ac4e42025bc5a82751f2588a2b2066fa84637918d8e4896,5425e9370287189ca45179f958739e4d1ea29f5439b14d2d1b6a877cf57e26a0,2987a546cb3f48253dcdfdc400036a68d1977eddb1012f753e54eca010acedd8,13fcadcfebce608bffb6d3013f0501bd1916301bc921da206d0884f7638fdfd4,160,a1e4b94e5be0a9552f952c6d8f0bda430f9bfdab3c397079192588f75a8aba46,0483fface789f96fbdc35b5911182753a8b4967876fb97c2eefce49e4b3c29ca,5,,heating_intensity_kWh_m2,median,57.535177982804797,,1,,0.02,False,False,0,2,False,False,0,False
BE_TABULA_13,TABULA_standard_B_proxy,rcp_2_6,central,residential_energy_demand_gate5_v1,4b5b7791539478f9b2562d1b176e235ac7b641e1afdc40c3d5242661d9dbed3d,2ad0e9f7bbdfe12695c931891fd0e8132d060fd7bcbca23623db43d4c7393a5c,561839806dcdb8279ac4e42025bc5a82751f2588a2b2066fa84637918d8e4896,5425e9370287189ca45179f958739e4d1ea29f5439b14d2d1b6a877cf57e26a0,2987a546cb3f48253dcdfdc400036a68d1977eddb1012f753e54eca010acedd8,13fcadcfebce608bffb6d3013f0501bd1916301bc921da206d0884f7638fdfd4,160,a1e4b94e5be0a9552f952c6d8f0bda430f9bfdab3c397079192588f75a8aba46,0483fface789f96fbdc35b5911182753a8b4967876fb97c2eefce49e4b3c29ca,5,,heating_intensity_kWh_m2,p95,75.358527890007224,,1,,0.02,False,False,0,2,False,False,0,False
BE_TABULA_13,TABULA_standard_B_proxy,rcp_2_6,central,residential_energy_demand_gate5_v1,4b5b7791539478f9b2562d1b176e235ac7b641e1afdc40c3d5242661d9dbed3d,2ad0e9f7bbdfe12695c931891fd0e8132d060fd7bcbca23623db43d4c7393a5c,561839806dcdb8279ac4e42025bc5a82751f2588a2b2066fa84637918d8e4896,5425e9370287189ca45179f958739e4d1ea29f5439b14d2d1b6a877cf57e26a0,2987a546cb3f48253dcdfdc400036a68d1977eddb1012f753e54eca010acedd8,13fcadcfebce608bffb6d3013f0501bd1916301bc921da206d0884f7638fdfd4,160,a1e4b94e5be0a9552f952c6d8f0bda430f9bfdab3c397079192588f75a8aba46,0483fface789f96fbdc35b5911182753a8b4967876fb97c2eefce49e4b3c29ca,5,,cooling_intensity_kWh_m2,mean,2.3877777654288264,,1,,0.02,False,False,0,2,False,False,0,False
BE_TABULA_13,TABULA_standard_B_proxy,rcp_2_6,central,residential_energy_demand_gate5_v1,4b5b7791539478f9b2562d1b176e235ac7b641e1afdc40c3d5242661d9dbed3d,2ad0e9f7bbdfe12695c931891fd0e8132d060fd7bcbca23623db43d4c7393a5c,561839806dcdb8279ac4e42025bc5a82751f2588a2b2066fa84637918d8e4896,5425e9370287189ca45179f958739e4d1ea29f5439b14d2d1b6a877cf57e26a0,2987a546cb3f48253dcdfdc400036a68d1977eddb1012f753e54eca010acedd8,13fcadcfebce608bffb6d3013f0501bd1916301bc921da206d0884f7638fdfd4,160,a1e4b94e5be0a9552f952c6d8f0bda430f9bfdab3c397079192588f75a8aba46,0483fface789f96fbdc35b5911182753a8b4967876fb97c2eefce49e4b3c29ca,5,,cooling_intensity_kWh_m2,median,2.3074297398122288,,1,,0.02,False,False,0,2,False,False,0,False
BE_TABULA_13,TABULA_standard_B_proxy,rcp_2_6,central,residential_energy_demand_gate5_v1,4b5b7791539478f9b2562d1b176e235ac7b641e1afdc40c3d5242661d9dbed3d,2ad0e9f7bbdfe12695c931891fd0e8132d060fd7bcbca23623db43d4c7393a5c,561839806dcdb8279ac4e42025bc5a82751f2588a2b2066fa84637918d8e4896,5425e9370287189ca45179f958739e4d1ea29f5439b14d2d1b6a877cf57e26a0,2987a546cb3f48253dcdfdc400036a68d1977eddb1012f753e54eca010acedd8,13fcadcfebce608bffb6d3013f0501bd1916301bc921da206d0884f7638fdfd4,160,a1e4b94e5be0a9552f952c6d8f0bda430f9bfdab3c397079192588f75a8aba46,0483fface789f96fbdc35b5911182753a8b4967876fb97c2eefce49e4b3c29ca,5,,cooling_intensity_kWh_m2,p95,4.8055626009498598,,1,,0.02,False,False,0,2,False,False,0,False
BE_TABULA_13,TABULA_standard_B_proxy,rcp_2_6,central,residential_energy_demand_gate5_v1,4b5b7791539478f9b2562d1b176e235ac7b641e1afdc40c3d5242661d9dbed3d,2ad0e9f7bbdfe12695c931891fd0e8132d060fd7bcbca23623db43d4c7393a5c,561839806dcdb8279ac4e42025bc5a82751f2588a2b2066fa84637918d8e4896,5425e9370287189ca45179f958739e4d1ea29f5439b14d2d1b6a877cf57e26a0,2987a546cb3f48253dcdfdc400036a68d1977eddb1012f753e54eca010acedd8,13fcadcfebce608bffb6d3013f0501bd1916301bc921da206d0884f7638fdfd4,160,a1e4b94e5be0a9552f952c6d8f0bda430f9bfdab3c397079192588f75a8aba46,0483fface789f96fbdc35b5911182753a8b4967876fb97c2eefce49e4b3c29ca,5,,peak_heating_W,mean,7493.0859712778283,,100,,0.02,False,False,0,2,False,False,0,False
BE_TABULA_13,TABULA_standard_B_proxy,rcp_2_6,central,residential_energy_demand_gate5_v1,4b5b7791539478f9b2562d1b176e235ac7b641e1afdc40c3d5242661d9dbed3d,2ad0e9f7bbdfe12695c931891fd0e8132d060fd7bcbca23623db43d4c7393a5c,561839806dcdb8279ac4e42025bc5a82751f2588a2b2066fa84637918d8e4896,5425e9370287189ca45179f958739e4d1ea29f5439b14d2d1b6a877cf57e26a0,2987a546cb3f48253dcdfdc400036a68d1977eddb1012f753e54eca010acedd8,13fcadcfebce608bffb6d3013f0501bd1916301bc921da206d0884f7638fdfd4,160,a1e4b94e5be0a9552f952c6d8f0bda430f9bfdab3c397079192588f75a8aba46,0483fface789f96fbdc35b5911182753a8b4967876fb97c2eefce49e4b3c29ca,5,,peak_heating_W,median,7349.1781599085925,,100,,0.02,False,False,0,2,False,False,0,False
BE_TABULA_13,TABULA_standard_B_proxy,rcp_2_6,central,residential_energy_demand_gate5_v1,4b5b7791539478f9b2562d1b176e235ac7b641e1afdc40c3d5242661d9dbed3d,2ad0e9f7bbdfe12695c931891fd0e8132d060fd7bcbca23623db43d4c7393a5c,561839806dcdb8279ac4e42025bc5a82751f2588a2b2066fa84637918d8e4896,5425e9370287189ca45179f958739e4d1ea29f5439b14d2d1b6a877cf57e26a0,2987a546cb3f48253dcdfdc400036a68d1977eddb1012f753e54eca010acedd8,13fcadcfebce608bffb6d3013f0501bd1916301bc921da206d0884f7638fdfd4,160,a1e4b94e5be0a9552f952c6d8f0bda430f9bfdab3c397079192588f75a8aba46,0483fface789f96fbdc35b5911182753a8b4967876fb97c2eefce49e4b3c29ca,5,,peak_heating_W,p95,8471.225833122211,,100,,0.02,False,False,0,2,False,False,0,False
BE_TABULA_13,TABULA_standard_B_proxy,rcp_2_6,central,residential_energy_demand_gate5_v1,4b5b7791539478f9b2562d1b176e235ac7b641e1afdc40c3d5242661d9dbed3d,2ad0e9f7bbdfe12695c931891fd0e8132d060fd7bcbca23623db43d4c7393a5c,561839806dcdb8279ac4e42025bc5a82751f2588a2b2066fa84637918d8e4896,5425e9370287189ca45179f958739e4d1ea29f5439b14d2d1b6a877cf57e26a0,2987a546cb3f48253dcdfdc400036a68d1977eddb1012f753e54eca010acedd8,13fcadcfebce608bffb6d3013f0501bd1916301bc921da206d0884f7638fdfd4,160,a1e4b94e5be0a9552f952c6d8f0bda430f9bfdab3c397079192588f75a8aba46,0483fface789f96fbdc35b5911182753a8b4967876fb97c2eefce49e4b3c29ca,5,,peak_cooling_W,mean,3702.4183482617755,,100,,0.02,False,False,0,2,False,False,0,False
BE_TABULA_13,TABULA_standard_B_proxy,rcp_2_6,central,residential_energy_demand_gate5_v1,4b5b7791539478f9b2562d1b176e235ac7b641e1afdc40c3d5242661d9dbed3d,2ad0e9f7bbdfe12695c931891fd0e8132d060fd7bcbca23623db43d4c7393a5c,561839806dcdb8279ac4e42025bc5a82751f2588a2b2066fa84637918d8e4896,5425e9370287189ca45179f958739e4d1ea29f5439b14d2d1b6a877cf57e26a0,2987a546cb3f48253dcdfdc400036a68d1977eddb1012f753e54eca010acedd8,13fcadcfebce608bffb6d3013f0501bd1916301bc921da206d0884f7638fdfd4,160,a1e4b94e5be0a9552f952c6d8f0bda430f9bfdab3c397079192588f75a8aba46,0483fface789f96fbdc35b5911182753a8b4967876fb97c2eefce49e4b3c29ca,5,,peak_cooling_W,median,3739.6940953310345,,100,,0.02,False,False,0,2,False,False,0,False
BE_TABULA_13,TABULA_standard_B_proxy,rcp_2_6,central,residential_energy_demand_gate5_v1,4b5b7791539478f9b2562d1b176e235ac7b641e1afdc40c3d5242661d9dbed3d,2ad0e9f7bbdfe12695c931891fd0e8132d060fd7bcbca23623db43d4c7393a5c,561839806dcdb8279ac4e42025bc5a82751f2588a2b2066fa84637918d8e4896,5425e9370287189ca45179f958739e4d1ea29f5439b14d2d1b6a877cf57e26a0,2987a546cb3f48253dcdfdc400036a68d1977eddb1012f753e54eca010acedd8,13fcadcfebce608bffb6d3013f0501bd1916301bc921da206d0884f7638fdfd4,160,a1e4b94e5be0a9552f952c6d8f0bda430f9bfdab3c397079192588f75a8aba46,0483fface789f96fbdc35b5911182753a8b4967876fb97c2eefce49e4b3c29ca,5,,peak_cooling_W,p95,4703.2014599037348,,100,,0.02,False,False,0,2,False,False,0,False
BE_TABULA_13,TABULA_standard_B_proxy,rcp_2_6,central,residential_energy_demand_gate5_v1,4b5b7791539478f9b2562d1b176e235ac7b641e1afdc40c3d5242661d9dbed3d,2ad0e9f7bbdfe12695c931891fd0e8132d060fd7bcbca23623db43d4c7393a5c,561839806dcdb8279ac4e42025bc5a82751f2588a2b2066fa84637918d8e4896,5425e9370287189ca45179f958739e4d1ea29f5439b14d2d1b6a877cf57e26a0,2987a546cb3f48253dcdfdc400036a68d1977eddb1012f753e54eca010acedd8,13fcadcfebce608bffb6d3013f0501bd1916301bc921da206d0884f7638fdfd4,160,a1e4b94e5be0a9552f952c6d8f0bda430f9bfdab3c397079192588f75a8aba46,2063071df976f1cac9f6aea690c2aef6ea0bdefe943f07ae1c5166c5ad9979e4,10,5,heating_intensity_kWh_m2,mean,59.393684547775514,59.371600908299314,1,0.00037181797432413031,0.02,True,False,0,2,False,False,0,False
BE_TABULA_13,TABULA_standard_B_proxy,rcp_2_6,central,residential_energy_demand_gate5_v1,4b5b7791539478f9b2562d1b176e235ac7b641e1afdc40c3d5242661d9dbed3d,2ad0e9f7bbdfe12695c931891fd0e8132d060fd7bcbca23623db43d4c7393a5c,561839806dcdb8279ac4e42025bc5a82751f2588a2b2066fa84637918d8e4896,5425e9370287189ca45179f958739e4d1ea29f5439b14d2d1b6a877cf57e26a0,2987a546cb3f48253dcdfdc400036a68d1977eddb1012f753e54eca010acedd8,13fcadcfebce608bffb6d3013f0501bd1916301bc921da206d0884f7638fdfd4,160,a1e4b94e5be0a9552f952c6d8f0bda430f9bfdab3c397079192588f75a8aba46,2063071df976f1cac9f6aea690c2aef6ea0bdefe943f07ae1c5166c5ad9979e4,10,5,heating_intensity_kWh_m2,median,57.60222289840479,57.535177982804797,1,0.0011639293108226553,0.02,True,False,0,2,False,False,0,False
BE_TABULA_13,TABULA_standard_B_proxy,rcp_2_6,central,residential_energy_demand_gate5_v1,4b5b7791539478f9b2562d1b176e235ac7b641e1afdc40c3d5242661d9dbed3d,2ad0e9f7bbdfe12695c931891fd0e8132d060fd7bcbca23623db43d4c7393a5c,561839806dcdb8279ac4e42025bc5a82751f2588a2b2066fa84637918d8e4896,5425e9370287189ca45179f958739e4d1ea29f5439b14d2d1b6a877cf57e26a0,2987a546cb3f48253dcdfdc400036a68d1977eddb1012f753e54eca010acedd8,13fcadcfebce608bffb6d3013f0501bd1916301bc921da206d0884f7638fdfd4,160,a1e4b94e5be0a9552f952c6d8f0bda430f9bfdab3c397079192588f75a8aba46,2063071df976f1cac9f6aea690c2aef6ea0bdefe943f07ae1c5166c5ad9979e4,10,5,heating_intensity_kWh_m2,p95,77.8148941927181,75.358527890007224,1,0.031566788443191662,0.02,False,False,0,2,False,False,0,False
BE_TABULA_13,TABULA_standard_B_proxy,rcp_2_6,central,residential_energy_demand_gate5_v1,4b5b7791539478f9b2562d1b176e235ac7b641e1afdc40c3d5242661d9dbed3d,2ad0e9f7bbdfe12695c931891fd0e8132d060fd7bcbca23623db43d4c7393a5c,561839806dcdb8279ac4e42025bc5a82751f2588a2b2066fa84637918d8e4896,5425e9370287189ca45179f958739e4d1ea29f5439b14d2d1b6a877cf57e26a0,2987a546cb3f48253dcdfdc400036a68d1977eddb1012f753e54eca010acedd8,13fcadcfebce608bffb6d3013f0501bd1916301bc921da206d0884f7638fdfd4,160,a1e4b94e5be0a9552f952c6d8f0bda430f9bfdab3c397079192588f75a8aba46,2063071df976f1cac9f6aea690c2aef6ea0bdefe943f07ae1c5166c5ad9979e4,10,5,cooling_intensity_kWh_m2,mean,2.3449585039133312,2.3877777654288264,1,0.018260136136327036,0.02,True,False,0,2,False,False,0,False
BE_TABULA_13,TABULA_standard_B_proxy,rcp_2_6,central,residential_energy_demand_gate5_v1,4b5b7791539478f9b2562d1b176e235ac7b641e1afdc40c3d5242661d9dbed3d,2ad0e9f7bbdfe12695c931891fd0e8132d060fd7bcbca23623db43d4c7393a5c,561839806dcdb8279ac4e42025bc5a82751f2588a2b2066fa84637918d8e4896,5425e9370287189ca45179f958739e4d1ea29f5439b14d2d1b6a877cf57e26a0,2987a546cb3f48253dcdfdc400036a68d1977eddb1012f753e54eca010acedd8,13fcadcfebce608bffb6d3013f0501bd1916301bc921da206d0884f7638fdfd4,160,a1e4b94e5be0a9552f952c6d8f0bda430f9bfdab3c397079192588f75a8aba46,2063071df976f1cac9f6aea690c2aef6ea0bdefe943f07ae1c5166c5ad9979e4,10,5,cooling_intensity_kWh_m2,median,2.2522164360429686,2.3074297398122288,1,0.024515096722350162,0.02,False,False,0,2,False,False,0,False
BE_TABULA_13,TABULA_standard_B_proxy,rcp_2_6,central,residential_energy_demand_gate5_v1,4b5b7791539478f9b2562d1b176e235ac7b641e1afdc40c3d5242661d9dbed3d,2ad0e9f7bbdfe12695c931891fd0e8132d060fd7bcbca23623db43d4c7393a5c,561839806dcdb8279ac4e42025bc5a82751f2588a2b2066fa84637918d8e4896,5425e9370287189ca45179f958739e4d1ea29f5439b14d2d1b6a877cf57e26a0,2987a546cb3f48253dcdfdc400036a68d1977eddb1012f753e54eca010acedd8,13fcadcfebce608bffb6d3013f0501bd1916301bc921da206d0884f7638fdfd4,160,a1e4b94e5be0a9552f952c6d8f0bda430f9bfdab3c397079192588f75a8aba46,2063071df976f1cac9f6aea690c2aef6ea0bdefe943f07ae1c5166c5ad9979e4,10,5,cooling_intensity_kWh_m2,p95,4.8254919433570302,4.8055626009498598,1,0.004130012575112892,0.02,True,False,0,2,False,False,0,False
BE_TABULA_13,TABULA_standard_B_proxy,rcp_2_6,central,residential_energy_demand_gate5_v1,4b5b7791539478f9b2562d1b176e235ac7b641e1afdc40c3d5242661d9dbed3d,2ad0e9f7bbdfe12695c931891fd0e8132d060fd7bcbca23623db43d4c7393a5c,561839806dcdb8279ac4e42025bc5a82751f2588a2b2066fa84637918d8e4896,5425e9370287189ca45179f958739e4d1ea29f5439b14d2d1b6a877cf57e26a0,2987a546cb3f48253dcdfdc400036a68d1977eddb1012f753e54eca010acedd8,13fcadcfebce608bffb6d3013f0501bd1916301bc921da206d0884f7638fdfd4,160,a1e4b94e5be0a9552f952c6d8f0bda430f9bfdab3c397079192588f75a8aba46,2063071df976f1cac9f6aea690c2aef6ea0bdefe943f07ae1c5166c5ad9979e4,10,5,peak_heating_W,mean,7498.0466212556248,7493.0859712778283,100,0.00066159230908673398,0.02,True,False,0,2,False,False,0,False
BE_TABULA_13,TABULA_standard_B_proxy,rcp_2_6,central,residential_energy_demand_gate5_v1,4b5b7791539478f9b2562d1b176e235ac7b641e1afdc40c3d5242661d9dbed3d,2ad0e9f7bbdfe12695c931891fd0e8132d060fd7bcbca23623db43d4c7393a5c,561839806dcdb8279ac4e42025bc5a82751f2588a2b2066fa84637918d8e4896,5425e9370287189ca45179f958739e4d1ea29f5439b14d2d1b6a877cf57e26a0,2987a546cb3f48253dcdfdc400036a68d1977eddb1012f753e54eca010acedd8,13fcadcfebce608bffb6d3013f0501bd1916301bc921da206d0884f7638fdfd4,160,a1e4b94e5be0a9552f952c6d8f0bda430f9bfdab3c397079192588f75a8aba46,2063071df976f1cac9f6aea690c2aef6ea0bdefe943f07ae1c5166c5ad9979e4,10,5,peak_heating_W,median,7349.1781599085925,7349.1781599085925,100,0,0.02,True,False,0,2,False,False,0,False
BE_TABULA_13,TABULA_standard_B_proxy,rcp_2_6,central,residential_energy_demand_gate5_v1,4b5b7791539478f9b2562d1b176e235ac7b641e1afdc40c3d5242661d9dbed3d,2ad0e9f7bbdfe12695c931891fd0e8132d060fd7bcbca23623db43d4c7393a5c,561839806dcdb8279ac4e42025bc5a82751f2588a2b2066fa84637918d8e4896,5425e9370287189ca45179f958739e4d1ea29f5439b14d2d1b6a877cf57e26a0,2987a546cb3f48253dcdfdc400036a68d1977eddb1012f753e54eca010acedd8,13fcadcfebce608bffb6d3013f0501bd1916301bc921da206d0884f7638fdfd4,160,a1e4b94e5be0a9552f952c6d8f0bda430f9bfdab3c397079192588f75a8aba46,2063071df976f1cac9f6aea690c2aef6ea0bdefe943f07ae1c5166c5ad9979e4,10,5,peak_heating_W,p95,8558.1481235755255,8471.225833122211,100,0.010156670485039349,0.02,True,False,0,2,False,False,0,False
BE_TABULA_13,TABULA_standard_B_proxy,rcp_2_6,central,residential_energy_demand_gate5_v1,4b5b7791539478f9b2562d1b176e235ac7b641e1afdc40c3d5242661d9dbed3d,2ad0e9f7bbdfe12695c931891fd0e8132d060fd7bcbca23623db43d4c7393a5c,561839806dcdb8279ac4e42025bc5a82751f2588a2b2066fa84637918d8e4896,5425e9370287189ca45179f958739e4d1ea29f5439b14d2d1b6a877cf57e26a0,2987a546cb3f48253dcdfdc400036a68d1977eddb1012f753e54eca010acedd8,13fcadcfebce608bffb6d3013f0501bd1916301bc921da206d0884f7638fdfd4,160,a1e4b94e5be0a9552f952c6d8f0bda430f9bfdab3c397079192588f75a8aba46,2063071df976f1cac9f6aea690c2aef6ea0bdefe943f07ae1c5166c5ad9979e4,10,5,peak_cooling_W,mean,3653.7828494383202,3702.4183482617755,100,0.013310998717652789,0.02,True,False,0,2,False,False,0,False
BE_TABULA_13,TABULA_standard_B_proxy,rcp_2_6,central,residential_energy_demand_gate5_v1,4b5b7791539478f9b2562d1b176e235ac7b641e1afdc40c3d5242661d9dbed3d,2ad0e9f7bbdfe12695c931891fd0e8132d060fd7bcbca23623db43d4c7393a5c,561839806dcdb8279ac4e42025bc5a82751f2588a2b2066fa84637918d8e4896,5425e9370287189ca45179f958739e4d1ea29f5439b14d2d1b6a877cf57e26a0,2987a546cb3f48253dcdfdc400036a68d1977eddb1012f753e54eca010acedd8,13fcadcfebce608bffb6d3013f0501bd1916301bc921da206d0884f7638fdfd4,160,a1e4b94e5be0a9552f952c6d8f0bda430f9bfdab3c397079192588f75a8aba46,2063071df976f1cac9f6aea690c2aef6ea0bdefe943f07ae1c5166c5ad9979e4,10,5,peak_cooling_W,median,3720.0440194128832,3739.6940953310345,100,0.0052822159672327113,0.02,True,False,0,2,False,False,0,False
BE_TABULA_13,TABULA_standard_B_proxy,rcp_2_6,central,residential_energy_demand_gate5_v1,4b5b7791539478f9b2562d1b176e235ac7b641e1afdc40c3d5242661d9dbed3d,2ad0e9f7bbdfe12695c931891fd0e8132d060fd7bcbca23623db43d4c7393a5c,561839806dcdb8279ac4e42025bc5a82751f2588a2b2066fa84637918d8e4896,5425e9370287189ca45179f958739e4d1ea29f5439b14d2d1b6a877cf57e26a0,2987a546cb3f48253dcdfdc400036a68d1977eddb1012f753e54eca010acedd8,13fcadcfebce608bffb6d3013f0501bd1916301bc921da206d0884f7638fdfd4,160,a1e4b94e5be0a9552f952c6d8f0bda430f9bfdab3c397079192588f75a8aba46,2063071df976f1cac9f6aea690c2aef6ea0bdefe943f07ae1c5166c5ad9979e4,10,5,peak_cooling_W,p95,4671.8992198958422,4703.2014599037348,100,0.0067001102837553174,0.02,True,False,0,2,False,False,0,False
BE_TABULA_13,TABULA_standard_B_proxy,rcp_2_6,central,residential_energy_demand_gate5_v1,4b5b7791539478f9b2562d1b176e235ac7b641e1afdc40c3d5242661d9dbed3d,2ad0e9f7bbdfe12695c931891fd0e8132d060fd7bcbca23623db43d4c7393a5c,561839806dcdb8279ac4e42025bc5a82751f2588a2b2066fa84637918d8e4896,5425e9370287189ca45179f958739e4d1ea29f5439b14d2d1b6a877cf57e26a0,2987a546cb3f48253dcdfdc400036a68d1977eddb1012f753e54eca010acedd8,13fcadcfebce608bffb6d3013f0501bd1916301bc921da206d0884f7638fdfd4,160,a1e4b94e5be0a9552f952c6d8f0bda430f9bfdab3c397079192588f75a8aba46,1f7bdd094d6a8634c38dd67d232f10ebdc75032637483205a54e37449f9f3c93,20,10,heating_intensity_kWh_m2,mean,59.328095464697505,59.393684547775514,1,0.0011055315793347437,0.02,True,False,0,2,False,False,0,False
BE_TABULA_13,TABULA_standard_B_proxy,rcp_2_6,central,residential_energy_demand_gate5_v1,4b5b7791539478f9b2562d1b176e235ac7b641e1afdc40c3d5242661d9dbed3d,2ad0e9f7bbdfe12695c931891fd0e8132d060fd7bcbca23623db43d4c7393a5c,561839806dcdb8279ac4e42025bc5a82751f2588a2b2066fa84637918d8e4896,5425e9370287189ca45179f958739e4d1ea29f5439b14d2d1b6a877cf57e26a0,2987a546cb3f48253dcdfdc400036a68d1977eddb1012f753e54eca010acedd8,13fcadcfebce608bffb6d3013f0501bd1916301bc921da206d0884f7638fdfd4,160,a1e4b94e5be0a9552f952c6d8f0bda430f9bfdab3c397079192588f75a8aba46,1f7bdd094d6a8634c38dd67d232f10ebdc75032637483205a54e37449f9f3c93,20,10,heating_intensity_kWh_m2,median,57.60222289840479,57.60222289840479,1,0,0.02,True,False,0,2,False,False,0,False
BE_TABULA_13,TABULA_standard_B_proxy,rcp_2_6,central,residential_energy_demand_gate5_v1,4b5b7791539478f9b2562d1b176e235ac7b641e1afdc40c3d5242661d9dbed3d,2ad0e9f7bbdfe12695c931891fd0e8132d060fd7bcbca23623db43d4c7393a5c,561839806dcdb8279ac4e42025bc5a82751f2588a2b2066fa84637918d8e4896,5425e9370287189ca45179f958739e4d1ea29f5439b14d2d1b6a877cf57e26a0,2987a546cb3f48253dcdfdc400036a68d1977eddb1012f753e54eca010acedd8,13fcadcfebce608bffb6d3013f0501bd1916301bc921da206d0884f7638fdfd4,160,a1e4b94e5be0a9552f952c6d8f0bda430f9bfdab3c397079192588f75a8aba46,1f7bdd094d6a8634c38dd67d232f10ebdc75032637483205a54e37449f9f3c93,20,10,heating_intensity_kWh_m2,p95,77.850803496491764,77.8148941927181,1,0.00046125797244061064,0.02,True,False,0,2,False,False,0,False
BE_TABULA_13,TABULA_standard_B_proxy,rcp_2_6,central,residential_energy_demand_gate5_v1,4b5b7791539478f9b2562d1b176e235ac7b641e1afdc40c3d5242661d9dbed3d,2ad0e9f7bbdfe12695c931891fd0e8132d060fd7bcbca23623db43d4c7393a5c,561839806dcdb8279ac4e42025bc5a82751f2588a2b2066fa84637918d8e4896,5425e9370287189ca45179f958739e4d1ea29f5439b14d2d1b6a877cf57e26a0,2987a546cb3f48253dcdfdc400036a68d1977eddb1012f753e54eca010acedd8,13fcadcfebce608bffb6d3013f0501bd1916301bc921da206d0884f7638fdfd4,160,a1e4b94e5be0a9552f952c6d8f0bda430f9bfdab3c397079192588f75a8aba46,1f7bdd094d6a8634c38dd67d232f10ebdc75032637483205a54e37449f9f3c93,20,10,cooling_intensity_kWh_m2,mean,2.3375557678071992,2.3449585039133312,1,0.0031668703729264493,0.02,True,False,0,2,False,False,0,False
BE_TABULA_13,TABULA_standard_B_proxy,rcp_2_6,central,residential_energy_demand_gate5_v1,4b5b7791539478f9b2562d1b176e235ac7b641e1afdc40c3d5242661d9dbed3d,2ad0e9f7bbdfe12695c931891fd0e8132d060fd7bcbca23623db43d4c7393a5c,561839806dcdb8279ac4e42025bc5a82751f2588a2b2066fa84637918d8e4896,5425e9370287189ca45179f958739e4d1ea29f5439b14d2d1b6a877cf57e26a0,2987a546cb3f48253dcdfdc400036a68d1977eddb1012f753e54eca010acedd8,13fcadcfebce608bffb6d3013f0501bd1916301bc921da206d0884f7638fdfd4,160,a1e4b94e5be0a9552f952c6d8f0bda430f9bfdab3c397079192588f75a8aba46,1f7bdd094d6a8634c38dd67d232f10ebdc75032637483205a54e37449f9f3c93,20,10,cooling_intensity_kWh_m2,median,2.2263586078159872,2.2522164360429686,1,0.011614403958195876,0.02,True,False,0,2,False,False,0,False
BE_TABULA_13,TABULA_standard_B_proxy,rcp_2_6,central,residential_energy_demand_gate5_v1,4b5b7791539478f9b2562d1b176e235ac7b641e1afdc40c3d5242661d9dbed3d,2ad0e9f7bbdfe12695c931891fd0e8132d060fd7bcbca23623db43d4c7393a5c,561839806dcdb8279ac4e42025bc5a82751f2588a2b2066fa84637918d8e4896,5425e9370287189ca45179f958739e4d1ea29f5439b14d2d1b6a877cf57e26a0,2987a546cb3f48253dcdfdc400036a68d1977eddb1012f753e54eca010acedd8,13fcadcfebce608bffb6d3013f0501bd1916301bc921da206d0884f7638fdfd4,160,a1e4b94e5be0a9552f952c6d8f0bda430f9bfdab3c397079192588f75a8aba46,1f7bdd094d6a8634c38dd67d232f10ebdc75032637483205a54e37449f9f3c93,20,10,cooling_intensity_kWh_m2,p95,4.8541023616077563,4.8254919433570302,1,0.0058940698237047165,0.02,True,False,0,2,False,False,0,False
BE_TABULA_13,TABULA_standard_B_proxy,rcp_2_6,central,residential_energy_demand_gate5_v1,4b5b7791539478f9b2562d1b176e235ac7b641e1afdc40c3d5242661d9dbed3d,2ad0e9f7bbdfe12695c931891fd0e8132d060fd7bcbca23623db43d4c7393a5c,561839806dcdb8279ac4e42025bc5a82751f2588a2b2066fa84637918d8e4896,5425e9370287189ca45179f958739e4d1ea29f5439b14d2d1b6a877cf57e26a0,2987a546cb3f48253dcdfdc400036a68d1977eddb1012f753e54eca010acedd8,13fcadcfebce608bffb6d3013f0501bd1916301bc921da206d0884f7638fdfd4,160,a1e4b94e5be0a9552f952c6d8f0bda430f9bfdab3c397079192588f75a8aba46,1f7bdd094d6a8634c38dd67d232f10ebdc75032637483205a54e37449f9f3c93,20,10,peak_heating_W,mean,7510.0816474127569,7498.0466212556248,100,0.0016025160207516719,0.02,True,False,0,2,False,False,0,False
BE_TABULA_13,TABULA_standard_B_proxy,rcp_2_6,central,residential_energy_demand_gate5_v1,4b5b7791539478f9b2562d1b176e235ac7b641e1afdc40c3d5242661d9dbed3d,2ad0e9f7bbdfe12695c931891fd0e8132d060fd7bcbca23623db43d4c7393a5c,561839806dcdb8279ac4e42025bc5a82751f2588a2b2066fa84637918d8e4896,5425e9370287189ca45179f958739e4d1ea29f5439b14d2d1b6a877cf57e26a0,2987a546cb3f48253dcdfdc400036a68d1977eddb1012f753e54eca010acedd8,13fcadcfebce608bffb6d3013f0501bd1916301bc921da206d0884f7638fdfd4,160,a1e4b94e5be0a9552f952c6d8f0bda430f9bfdab3c397079192588f75a8aba46,1f7bdd094d6a8634c38dd67d232f10ebdc75032637483205a54e37449f9f3c93,20,10,peak_heating_W,median,7366.7630837868837,7349.1781599085925,100,0.0023870624965519681,0.02,True,False,0,2,False,False,0,False
BE_TABULA_13,TABULA_standard_B_proxy,rcp_2_6,central,residential_energy_demand_gate5_v1,4b5b7791539478f9b2562d1b176e235ac7b641e1afdc40c3d5242661d9dbed3d,2ad0e9f7bbdfe12695c931891fd0e8132d060fd7bcbca23623db43d4c7393a5c,561839806dcdb8279ac4e42025bc5a82751f2588a2b2066fa84637918d8e4896,5425e9370287189ca45179f958739e4d1ea29f5439b14d2d1b6a877cf57e26a0,2987a546cb3f48253dcdfdc400036a68d1977eddb1012f753e54eca010acedd8,13fcadcfebce608bffb6d3013f0501bd1916301bc921da206d0884f7638fdfd4,160,a1e4b94e5be0a9552f952c6d8f0bda430f9bfdab3c397079192588f75a8aba46,1f7bdd094d6a8634c38dd67d232f10ebdc75032637483205a54e37449f9f3c93,20,10,peak_heating_W,p95,8586.5328180067336,8558.1481235755255,100,0.003305722464797765,0.02,True,False,0,2,False,False,0,False
BE_TABULA_13,TABULA_standard_B_proxy,rcp_2_6,central,residential_energy_demand_gate5_v1,4b5b7791539478f9b2562d1b176e235ac7b641e1afdc40c3d5242661d9dbed3d,2ad0e9f7bbdfe12695c931891fd0e8132d060fd7bcbca23623db43d4c7393a5c,561839806dcdb8279ac4e42025bc5a82751f2588a2b2066fa84637918d8e4896,5425e9370287189ca45179f958739e4d1ea29f5439b14d2d1b6a877cf57e26a0,2987a546cb3f48253dcdfdc400036a68d1977eddb1012f753e54eca010acedd8,13fcadcfebce608bffb6d3013f0501bd1916301bc921da206d0884f7638fdfd4,160,a1e4b94e5be0a9552f952c6d8f0bda430f9bfdab3c397079192588f75a8aba46,1f7bdd094d6a8634c38dd67d232f10ebdc75032637483205a54e37449f9f3c93,20,10,peak_cooling_W,mean,3745.7620789159596,3653.7828494383202,100,0.02455554505059717,0.02,False,False,0,2,False,False,0,False
BE_TABULA_13,TABULA_standard_B_proxy,rcp_2_6,central,residential_energy_demand_gate5_v1,4b5b7791539478f9b2562d1b176e235ac7b641e1afdc40c3d5242661d9dbed3d,2ad0e9f7bbdfe12695c931891fd0e8132d060fd7bcbca23623db43d4c7393a5c,561839806dcdb8279ac4e42025bc5a82751f2588a2b2066fa84637918d8e4896,5425e9370287189ca45179f958739e4d1ea29f5439b14d2d1b6a877cf57e26a0,2987a546cb3f48253dcdfdc400036a68d1977eddb1012f753e54eca010acedd8,13fcadcfebce608bffb6d3013f0501bd1916301bc921da206d0884f7638fdfd4,160,a1e4b94e5be0a9552f952c6d8f0bda430f9bfdab3c397079192588f75a8aba46,1f7bdd094d6a8634c38dd67d232f10ebdc75032637483205a54e37449f9f3c93,20,10,peak_cooling_W,median,3756.0362385629028,3720.0440194128832,100,0.0095825005042524617,0.02,True,False,0,2,False,False,0,False
BE_TABULA_13,TABULA_standard_B_proxy,rcp_2_6,central,residential_energy_demand_gate5_v1,4b5b7791539478f9b2562d1b176e235ac7b641e1afdc40c3d5242661d9dbed3d,2ad0e9f7bbdfe12695c931891fd0e8132d060fd7bcbca23623db43d4c7393a5c,561839806dcdb8279ac4e42025bc5a82751f2588a2b2066fa84637918d8e4896,5425e9370287189ca45179f958739e4d1ea29f5439b14d2d1b6a877cf57e26a0,2987a546cb3f48253dcdfdc400036a68d1977eddb1012f753e54eca010acedd8,13fcadcfebce608bffb6d3013f0501bd1916301bc921da206d0884f7638fdfd4,160,a1e4b94e5be0a9552f952c6d8f0bda430f9bfdab3c397079192588f75a8aba46,1f7bdd094d6a8634c38dd67d232f10ebdc75032637483205a54e37449f9f3c93,20,10,peak_cooling_W,p95,4730.1683125564359,4671.8992198958422,100,0.012318608728132553,0.02,True,False,0,2,False,False,0,False
BE_TABULA_13,TABULA_standard_B_proxy,rcp_2_6,central,residential_energy_demand_gate5_v1,4b5b7791539478f9b2562d1b176e235ac7b641e1afdc40c3d5242661d9dbed3d,2ad0e9f7bbdfe12695c931891fd0e8132d060fd7bcbca23623db43d4c7393a5c,561839806dcdb8279ac4e42025bc5a82751f2588a2b2066fa84637918d8e4896,5425e9370287189ca45179f958739e4d1ea29f5439b14d2d1b6a877cf57e26a0,2987a546cb3f48253dcdfdc400036a68d1977eddb1012f753e54eca010acedd8,13fcadcfebce608bffb6d3013f0501bd1916301bc921da206d0884f7638fdfd4,160,a1e4b94e5be0a9552f952c6d8f0bda430f9bfdab3c397079192588f75a8aba46,d9c1d0f471fb97f0efab0c100463285cd55e4de7718f288f7be26835b3adb0fe,40,20,heating_intensity_kWh_m2,mean,59.354969363347777,59.328095464697505,1,0.0004527657740965399,0.02,True,True,1,2,False,False,0,False
BE_TABULA_13,TABULA_standard_B_proxy,rcp_2_6,central,residential_energy_demand_gate5_v1,4b5b7791539478f9b2562d1b176e235ac7b641e1afdc40c3d5242661d9dbed3d,2ad0e9f7bbdfe12695c931891fd0e8132d060fd7bcbca23623db43d4c7393a5c,561839806dcdb8279ac4e42025bc5a82751f2588a2b2066fa84637918d8e4896,5425e9370287189ca45179f958739e4d1ea29f5439b14d2d1b6a877cf57e26a0,2987a546cb3f48253dcdfdc400036a68d1977eddb1012f753e54eca010acedd8,13fcadcfebce608bffb6d3013f0501bd1916301bc921da206d0884f7638fdfd4,160,a1e4b94e5be0a9552f952c6d8f0bda430f9bfdab3c397079192588f75a8aba46,d9c1d0f471fb97f0efab0c100463285cd55e4de7718f288f7be26835b3adb0fe,40,20,heating_intensity_kWh_m2,median,57.60222289840479,57.60222289840479,1,0,0.02,True,True,1,2,False,False,0,False
BE_TABULA_13,TABULA_standard_B_proxy,rcp_2_6,central,residential_energy_demand_gate5_v1,4b5b7791539478f9b2562d1b176e235ac7b641e1afdc40c3d5242661d9dbed3d,2ad0e9f7bbdfe12695c931891fd0e8132d060fd7bcbca23623db43d4c7393a5c,561839806dcdb8279ac4e42025bc5a82751f2588a2b2066fa84637918d8e4896,5425e9370287189ca45179f958739e4d1ea29f5439b14d2d1b6a877cf57e26a0,2987a546cb3f48253dcdfdc400036a68d1977eddb1012f753e54eca010acedd8,13fcadcfebce608bffb6d3013f0501bd1916301bc921da206d0884f7638fdfd4,160,a1e4b94e5be0a9552f952c6d8f0bda430f9bfdab3c397079192588f75a8aba46,d9c1d0f471fb97f0efab0c100463285cd55e4de7718f288f7be26835b3adb0fe,40,20,heating_intensity_kWh_m2,p95,77.909660211817922,77.850803496491764,1,0.00075544823538108629,0.02,True,True,1,2,False,False,0,False
BE_TABULA_13,TABULA_standard_B_proxy,rcp_2_6,central,residential_energy_demand_gate5_v1,4b5b7791539478f9b2562d1b176e235ac7b641e1afdc40c3d5242661d9dbed3d,2ad0e9f7bbdfe12695c931891fd0e8132d060fd7bcbca23623db43d4c7393a5c,561839806dcdb8279ac4e42025bc5a82751f2588a2b2066fa84637918d8e4896,5425e9370287189ca45179f958739e4d1ea29f5439b14d2d1b6a877cf57e26a0,2987a546cb3f48253dcdfdc400036a68d1977eddb1012f753e54eca010acedd8,13fcadcfebce608bffb6d3013f0501bd1916301bc921da206d0884f7638fdfd4,160,a1e4b94e5be0a9552f952c6d8f0bda430f9bfdab3c397079192588f75a8aba46,d9c1d0f471fb97f0efab0c100463285cd55e4de7718f288f7be26835b3adb0fe,40,20,cooling_intensity_kWh_m2,mean,2.359674631108684,2.3375557678071992,1,0.0093736920378265729,0.02,True,True,1,2,False,False,0,False
BE_TABULA_13,TABULA_standard_B_proxy,rcp_2_6,central,residential_energy_demand_gate5_v1,4b5b7791539478f9b2562d1b176e235ac7b641e1afdc40c3d5242661d9dbed3d,2ad0e9f7bbdfe12695c931891fd0e8132d060fd7bcbca23623db43d4c7393a5c,561839806dcdb8279ac4e42025bc5a82751f2588a2b2066fa84637918d8e4896,5425e9370287189ca45179f958739e4d1ea29f5439b14d2d1b6a877cf57e26a0,2987a546cb3f48253dcdfdc400036a68d1977eddb1012f753e54eca010acedd8,13fcadcfebce608bffb6d3013f0501bd1916301bc921da206d0884f7638fdfd4,160,a1e4b94e5be0a9552f952c6d8f0bda430f9bfdab3c397079192588f75a8aba46,d9c1d0f471fb97f0efab0c100463285cd55e4de7718f288f7be26835b3adb0fe,40,20,cooling_intensity_kWh_m2,median,2.2471507076939838,2.2263586078159872,1,0.0092526503926981581,0.02,True,True,1,2,False,False,0,False
BE_TABULA_13,TABULA_standard_B_proxy,rcp_2_6,central,residential_energy_demand_gate5_v1,4b5b7791539478f9b2562d1b176e235ac7b641e1afdc40c3d5242661d9dbed3d,2ad0e9f7bbdfe12695c931891fd0e8132d060fd7bcbca23623db43d4c7393a5c,561839806dcdb8279ac4e42025bc5a82751f2588a2b2066fa84637918d8e4896,5425e9370287189ca45179f958739e4d1ea29f5439b14d2d1b6a877cf57e26a0,2987a546cb3f48253dcdfdc400036a68d1977eddb1012f753e54eca010acedd8,13fcadcfebce608bffb6d3013f0501bd1916301bc921da206d0884f7638fdfd4,160,a1e4b94e5be0a9552f952c6d8f0bda430f9bfdab3c397079192588f75a8aba46,d9c1d0f471fb97f0efab0c100463285cd55e4de7718f288f7be26835b3adb0fe,40,20,cooling_intensity_kWh_m2,p95,4.8491457568239298,4.8541023616077563,1,0.0010221604035827103,0.02,True,True,1,2,False,False,0,False
BE_TABULA_13,TABULA_standard_B_proxy,rcp_2_6,central,residential_energy_demand_gate5_v1,4b5b7791539478f9b2562d1b176e235ac7b641e1afdc40c3d5242661d9dbed3d,2ad0e9f7bbdfe12695c931891fd0e8132d060fd7bcbca23623db43d4c7393a5c,561839806dcdb8279ac4e42025bc5a82751f2588a2b2066fa84637918d8e4896,5425e9370287189ca45179f958739e4d1ea29f5439b14d2d1b6a877cf57e26a0,2987a546cb3f48253dcdfdc400036a68d1977eddb1012f753e54eca010acedd8,13fcadcfebce608bffb6d3013f0501bd1916301bc921da206d0884f7638fdfd4,160,a1e4b94e5be0a9552f952c6d8f0bda430f9bfdab3c397079192588f75a8aba46,d9c1d0f471fb97f0efab0c100463285cd55e4de7718f288f7be26835b3adb0fe,40,20,peak_heating_W,mean,7510.5662256942778,7510.0816474127569,100,6.4519540465959838e-05,0.02,True,True,1,2,False,False,0,False
BE_TABULA_13,TABULA_standard_B_proxy,rcp_2_6,central,residential_energy_demand_gate5_v1,4b5b7791539478f9b2562d1b176e235ac7b641e1afdc40c3d5242661d9dbed3d,2ad0e9f7bbdfe12695c931891fd0e8132d060fd7bcbca23623db43d4c7393a5c,561839806dcdb8279ac4e42025bc5a82751f2588a2b2066fa84637918d8e4896,5425e9370287189ca45179f958739e4d1ea29f5439b14d2d1b6a877cf57e26a0,2987a546cb3f48253dcdfdc400036a68d1977eddb1012f753e54eca010acedd8,13fcadcfebce608bffb6d3013f0501bd1916301bc921da206d0884f7638fdfd4,160,a1e4b94e5be0a9552f952c6d8f0bda430f9bfdab3c397079192588f75a8aba46,d9c1d0f471fb97f0efab0c100463285cd55e4de7718f288f7be26835b3adb0fe,40,20,peak_heating_W,median,7367.2308911220543,7366.7630837868837,100,6.3498394727163249e-05,0.02,True,True,1,2,False,False,0,False
BE_TABULA_13,TABULA_standard_B_proxy,rcp_2_6,central,residential_energy_demand_gate5_v1,4b5b7791539478f9b2562d1b176e235ac7b641e1afdc40c3d5242661d9dbed3d,2ad0e9f7bbdfe12695c931891fd0e8132d060fd7bcbca23623db43d4c7393a5c,561839806dcdb8279ac4e42025bc5a82751f2588a2b2066fa84637918d8e4896,5425e9370287189ca45179f958739e4d1ea29f5439b14d2d1b6a877cf57e26a0,2987a546cb3f48253dcdfdc400036a68d1977eddb1012f753e54eca010acedd8,13fcadcfebce608bffb6d3013f0501bd1916301bc921da206d0884f7638fdfd4,160,a1e4b94e5be0a9552f952c6d8f0bda430f9bfdab3c397079192588f75a8aba46,d9c1d0f471fb97f0efab0c100463285cd55e4de7718f288f7be26835b3adb0fe,40,20,peak_heating_W,p95,8577.0658416159276,8586.5328180067336,100,0.0011037546598828896,0.02,True,True,1,2,False,False,0,False
BE_TABULA_13,TABULA_standard_B_proxy,rcp_2_6,central,residential_energy_demand_gate5_v1,4b5b7791539478f9b2562d1b176e235ac7b641e1afdc40c3d5242661d9dbed3d,2ad0e9f7bbdfe12695c931891fd0e8132d060fd7bcbca23623db43d4c7393a5c,561839806dcdb8279ac4e42025bc5a82751f2588a2b2066fa84637918d8e4896,5425e9370287189ca45179f958739e4d1ea29f5439b14d2d1b6a877cf57e26a0,2987a546cb3f48253dcdfdc400036a68d1977eddb1012f753e54eca010acedd8,13fcadcfebce608bffb6d3013f0501bd1916301bc921da206d0884f7638fdfd4,160,a1e4b94e5be0a9552f952c6d8f0bda430f9bfdab3c397079192588f75a8aba46,d9c1d0f471fb97f0efab0c100463285cd55e4de7718f288f7be26835b3adb0fe,40,20,peak_cooling_W,mean,3738.8917422753784,3745.7620789159596,100,0.0018375329146064253,0.02,True,True,1,2,False,False,0,False
BE_TABULA_13,TABULA_standard_B_proxy,rcp_2_6,central,residential_energy_demand_gate5_v1,4b5b7791539478f9b2562d1b176e235ac7b641e1afdc40c3d5242661d9dbed3d,2ad0e9f7bbdfe12695c931891fd0e8132d060fd7bcbca23623db43d4c7393a5c,561839806dcdb8279ac4e42025bc5a82751f2588a2b2066fa84637918d8e4896,5425e9370287189ca45179f958739e4d1ea29f5439b14d2d1b6a877cf57e26a0,2987a546cb3f48253dcdfdc400036a68d1977eddb1012f753e54eca010acedd8,13fcadcfebce608bffb6d3013f0501bd1916301bc921da206d0884f7638fdfd4,160,a1e4b94e5be0a9552f952c6d8f0bda430f9bfdab3c397079192588f75a8aba46,d9c1d0f471fb97f0efab0c100463285cd55e4de7718f288f7be26835b3adb0fe,40,20,peak_cooling_W,median,3754.6366585072506,3756.0362385629028,100,0.00037276045139575788,0.02,True,True,1,2,False,False,0,False
BE_TABULA_13,TABULA_standard_B_proxy,rcp_2_6,central,residential_energy_demand_gate5_v1,4b5b7791539478f9b2562d1b176e235ac7b641e1afdc40c3d5242661d9dbed3d,2ad0e9f7bbdfe12695c931891fd0e8132d060fd7bcbca23623db43d4c7393a5c,561839806dcdb8279ac4e42025bc5a82751f2588a2b2066fa84637918d8e4896,5425e9370287189ca45179f958739e4d1ea29f5439b14d2d1b6a877cf57e26a0,2987a546cb3f48253dcdfdc400036a68d1977eddb1012f753e54eca010acedd8,13fcadcfebce608bffb6d3013f0501bd1916301bc921da206d0884f7638fdfd4,160,a1e4b94e5be0a9552f952c6d8f0bda430f9bfdab3c397079192588f75a8aba46,d9c1d0f471fb97f0efab0c100463285cd55e4de7718f288f7be26835b3adb0fe,40,20,peak_cooling_W,p95,4704.3509697940444,4730.1683125564359,100,0.0054879712266709913,0.02,True,True,1,2,False,False,0,False
BE_TABULA_13,TABULA_standard_B_proxy,rcp_2_6,central,residential_energy_demand_gate5_v1,4b5b7791539478f9b2562d1b176e235ac7b641e1afdc40c3d5242661d9dbed3d,2ad0e9f7bbdfe12695c931891fd0e8132d060fd7bcbca23623db43d4c7393a5c,561839806dcdb8279ac4e42025bc5a82751f2588a2b2066fa84637918d8e4896,5425e9370287189ca45179f958739e4d1ea29f5439b14d2d1b6a877cf57e26a0,2987a546cb3f48253dcdfdc400036a68d1977eddb1012f753e54eca010acedd8,13fcadcfebce608bffb6d3013f0501bd1916301bc921da206d0884f7638fdfd4,160,a1e4b94e5be0a9552f952c6d8f0bda430f9bfdab3c397079192588f75a8aba46,68c77bb6c64b8d83360a050cd3cb41af044e4998f93c5776b9bf72e3b3a2d976,80,40,heating_intensity_kWh_m2,mean,59.367204650400851,59.354969363347777,1,0.00020609505071232445,0.02,True,True,2,2,True,True,1,False
BE_TABULA_13,TABULA_standard_B_proxy,rcp_2_6,central,residential_energy_demand_gate5_v1,4b5b7791539478f9b2562d1b176e235ac7b641e1afdc40c3d5242661d9dbed3d,2ad0e9f7bbdfe12695c931891fd0e8132d060fd7bcbca23623db43d4c7393a5c,561839806dcdb8279ac4e42025bc5a82751f2588a2b2066fa84637918d8e4896,5425e9370287189ca45179f958739e4d1ea29f5439b14d2d1b6a877cf57e26a0,2987a546cb3f48253dcdfdc400036a68d1977eddb1012f753e54eca010acedd8,13fcadcfebce608bffb6d3013f0501bd1916301bc921da206d0884f7638fdfd4,160,a1e4b94e5be0a9552f952c6d8f0bda430f9bfdab3c397079192588f75a8aba46,68c77bb6c64b8d83360a050cd3cb41af044e4998f93c5776b9bf72e3b3a2d976,80,40,heating_intensity_kWh_m2,median,57.589100805509418,57.60222289840479,1,0.00022785722839619335,0.02,True,True,2,2,True,True,1,False
BE_TABULA_13,TABULA_standard_B_proxy,rcp_2_6,central,residential_energy_demand_gate5_v1,4b5b7791539478f9b2562d1b176e235ac7b641e1afdc40c3d5242661d9dbed3d,2ad0e9f7bbdfe12695c931891fd0e8132d060fd7bcbca23623db43d4c7393a5c,561839806dcdb8279ac4e42025bc5a82751f2588a2b2066fa84637918d8e4896,5425e9370287189ca45179f958739e4d1ea29f5439b14d2d1b6a877cf57e26a0,2987a546cb3f48253dcdfdc400036a68d1977eddb1012f753e54eca010acedd8,13fcadcfebce608bffb6d3013f0501bd1916301bc921da206d0884f7638fdfd4,160,a1e4b94e5be0a9552f952c6d8f0bda430f9bfdab3c397079192588f75a8aba46,68c77bb6c64b8d83360a050cd3cb41af044e4998f93c5776b9bf72e3b3a2d976,80,40,heating_intensity_kWh_m2,p95,78.04114531467475,77.909660211817922,1,0.0016848176987492799,0.02,True,True,2,2,True,True,1,False
BE_TABULA_13,TABULA_standard_B_proxy,rcp_2_6,central,residential_energy_demand_gate5_v1,4b5b7791539478f9b2562d1b176e235ac7b641e1afdc40c3d5242661d9dbed3d,2ad0e9f7bbdfe12695c931891fd0e8132d060fd7bcbca23623db43d4c7393a5c,561839806dcdb8279ac4e42025bc5a82751f2588a2b2066fa84637918d8e4896,5425e9370287189ca45179f958739e4d1ea29f5439b14d2d1b6a877cf57e26a0,2987a546cb3f48253dcdfdc400036a68d1977eddb1012f753e54eca010acedd8,13fcadcfebce608bffb6d3013f0501bd1916301bc921da206d0884f7638fdfd4,160,a1e4b94e5be0a9552f952c6d8f0bda430f9bfdab3c397079192588f75a8aba46,68c77bb6c64b8d83360a050cd3cb41af044e4998f93c5776b9bf72e3b3a2d976,80,40,cooling_intensity_kWh_m2,mean,2.3632801705365964,2.359674631108684,1,0.0015256504382608856,0.02,True,True,2,2,True,True,1,False
BE_TABULA_13,TABULA_standard_B_proxy,rcp_2_6,central,residential_energy_demand_gate5_v1,4b5b7791539478f9b2562d1b176e235ac7b641e1afdc40c3d5242661d9dbed3d,2ad0e9f7bbdfe12695c931891fd0e8132d060fd7bcbca23623db43d4c7393a5c,561839806dcdb8279ac4e42025bc5a82751f2588a2b2066fa84637918d8e4896,5425e9370287189ca45179f958739e4d1ea29f5439b14d2d1b6a877cf57e26a0,2987a546cb3f48253dcdfdc400036a68d1977eddb1012f753e54eca010acedd8,13fcadcfebce608bffb6d3013f0501bd1916301bc921da206d0884f7638fdfd4,160,a1e4b94e5be0a9552f952c6d8f0bda430f9bfdab3c397079192588f75a8aba46,68c77bb6c64b8d83360a050cd3cb41af044e4998f93c5776b9bf72e3b3a2d976,80,40,cooling_intensity_kWh_m2,median,2.2505718328489088,2.2471507076939838,1,0.0015201137350920816,0.02,True,True,2,2,True,True,1,False
BE_TABULA_13,TABULA_standard_B_proxy,rcp_2_6,central,residential_energy_demand_gate5_v1,4b5b7791539478f9b2562d1b176e235ac7b641e1afdc40c3d5242661d9dbed3d,2ad0e9f7bbdfe12695c931891fd0e8132d060fd7bcbca23623db43d4c7393a5c,561839806dcdb8279ac4e42025bc5a82751f2588a2b2066fa84637918d8e4896,5425e9370287189ca45179f958739e4d1ea29f5439b14d2d1b6a877cf57e26a0,2987a546cb3f48253dcdfdc400036a68d1977eddb1012f753e54eca010acedd8,13fcadcfebce608bffb6d3013f0501bd1916301bc921da206d0884f7638fdfd4,160,a1e4b94e5be0a9552f952c6d8f0bda430f9bfdab3c397079192588f75a8aba46,68c77bb6c64b8d83360a050cd3cb41af044e4998f93c5776b9bf72e3b3a2d976,80,40,cooling_intensity_kWh_m2,p95,4.8525700423880256,4.8491457568239298,1,0.00070566432512752619,0.02,True,True,2,2,True,True,1,False
BE_TABULA_13,TABULA_standard_B_proxy,rcp_2_6,central,residential_energy_demand_gate5_v1,4b5b7791539478f9b2562d1b176e235ac7b641e1afdc40c3d5242661d9dbed3d,2ad0e9f7bbdfe12695c931891fd0e8132d060fd7bcbca23623db43d4c7393a5c,561839806dcdb8279ac4e42025bc5a82751f2588a2b2066fa84637918d8e4896,5425e9370287189ca45179f958739e4d1ea29f5439b14d2d1b6a877cf57e26a0,2987a546cb3f48253dcdfdc400036a68d1977eddb1012f753e54eca010acedd8,13fcadcfebce608bffb6d3013f0501bd1916301bc921da206d0884f7638fdfd4,160,a1e4b94e5be0a9552f952c6d8f0bda430f9bfdab3c397079192588f75a8aba46,68c77bb6c64b8d83360a050cd3cb41af044e4998f93c5776b9bf72e3b3a2d976,80,40,peak_heating_W,mean,7501.2017645351525,7510.5662256942778,100,0.0012483947843396832,0.02,True,True,2,2,True,True,1,False
BE_TABULA_13,TABULA_standard_B_proxy,rcp_2_6,central,residential_energy_demand_gate5_v1,4b5b7791539478f9b2562d1b176e235ac7b641e1afdc40c3d5242661d9dbed3d,2ad0e9f7bbdfe12695c931891fd0e8132d060fd7bcbca23623db43d4c7393a5c,561839806dcdb8279ac4e42025bc5a82751f2588a2b2066fa84637918d8e4896,5425e9370287189ca45179f958739e4d1ea29f5439b14d2d1b6a877cf57e26a0,2987a546cb3f48253dcdfdc400036a68d1977eddb1012f753e54eca010acedd8,13fcadcfebce608bffb6d3013f0501bd1916301bc921da206d0884f7638fdfd4,160,a1e4b94e5be0a9552f952c6d8f0bda430f9bfdab3c397079192588f75a8aba46,68c77bb6c64b8d83360a050cd3cb41af044e4998f93c5776b9bf72e3b3a2d976,80,40,peak_heating_W,median,7367.2308911220543,7367.2308911220543,100,0,0.02,True,True,2,2,True,True,1,False
BE_TABULA_13,TABULA_standard_B_proxy,rcp_2_6,central,residential_energy_demand_gate5_v1,4b5b7791539478f9b2562d1b176e235ac7b641e1afdc40c3d5242661d9dbed3d,2ad0e9f7bbdfe12695c931891fd0e8132d060fd7bcbca23623db43d4c7393a5c,561839806dcdb8279ac4e42025bc5a82751f2588a2b2066fa84637918d8e4896,5425e9370287189ca45179f958739e4d1ea29f5439b14d2d1b6a877cf57e26a0,2987a546cb3f48253dcdfdc400036a68d1977eddb1012f753e54eca010acedd8,13fcadcfebce608bffb6d3013f0501bd1916301bc921da206d0884f7638fdfd4,160,a1e4b94e5be0a9552f952c6d8f0bda430f9bfdab3c397079192588f75a8aba46,68c77bb6c64b8d83360a050cd3cb41af044e4998f93c5776b9bf72e3b3a2d976,80,40,peak_heating_W,p95,8562.5403303923176,8577.0658416159276,100,0.0016964020796553121,0.02,True,True,2,2,True,True,1,False
BE_TABULA_13,TABULA_standard_B_proxy,rcp_2_6,central,residential_energy_demand_gate5_v1,4b5b7791539478f9b2562d1b176e235ac7b641e1afdc40c3d5242661d9dbed3d,2ad0e9f7bbdfe12695c931891fd0e8132d060fd7bcbca23623db43d4c7393a5c,561839806dcdb8279ac4e42025bc5a82751f2588a2b2066fa84637918d8e4896,5425e9370287189ca45179f958739e4d1ea29f5439b14d2d1b6a877cf57e26a0,2987a546cb3f48253dcdfdc400036a68d1977eddb1012f753e54eca010acedd8,13fcadcfebce608bffb6d3013f0501bd1916301bc921da206d0884f7638fdfd4,160,a1e4b94e5be0a9552f952c6d8f0bda430f9bfdab3c397079192588f75a8aba46,68c77bb6c64b8d83360a050cd3cb41af044e4998f93c5776b9bf72e3b3a2d976,80,40,peak_cooling_W,mean,3735.094658559171,3738.8917422753784,100,0.0010165963819701947,0.02,True,True,2,2,True,True,1,False
BE_TABULA_13,TABULA_standard_B_proxy,rcp_2_6,central,residential_energy_demand_gate5_v1,4b5b7791539478f9b2562d1b176e235ac7b641e1afdc40c3d5242661d9dbed3d,2ad0e9f7bbdfe12695c931891fd0e8132d060fd7bcbca23623db43d4c7393a5c,561839806dcdb8279ac4e42025bc5a82751f2588a2b2066fa84637918d8e4896,5425e9370287189ca45179f958739e4d1ea29f5439b14d2d1b6a877cf57e26a0,2987a546cb3f48253dcdfdc400036a68d1977eddb1012f753e54eca010acedd8,13fcadcfebce608bffb6d3013f0501bd1916301bc921da206d0884f7638fdfd4,160,a1e4b94e5be0a9552f952c6d8f0bda430f9bfdab3c397079192588f75a8aba46,68c77bb6c64b8d83360a050cd3cb41af044e4998f93c5776b9bf72e3b3a2d976,80,40,peak_cooling_W,median,3739.6867216631763,3754.6366585072506,100,0.0039976441763082994,0.02,True,True,2,2,True,True,1,False
BE_TABULA_13,TABULA_standard_B_proxy,rcp_2_6,central,residential_energy_demand_gate5_v1,4b5b7791539478f9b2562d1b176e235ac7b641e1afdc40c3d5242661d9dbed3d,2ad0e9f7bbdfe12695c931891fd0e8132d060fd7bcbca23623db43d4c7393a5c,561839806dcdb8279ac4e42025bc5a82751f2588a2b2066fa84637918d8e4896,5425e9370287189ca45179f958739e4d1ea29f5439b14d2d1b6a877cf57e26a0,2987a546cb3f48253dcdfdc400036a68d1977eddb1012f753e54eca010acedd8,13fcadcfebce608bffb6d3013f0501bd1916301bc921da206d0884f7638fdfd4,160,a1e4b94e5be0a9552f952c6d8f0bda430f9bfdab3c397079192588f75a8aba46,68c77bb6c64b8d83360a050cd3cb41af044e4998f93c5776b9bf72e3b3a2d976,80,40,peak_cooling_W,p95,4721.7014074756153,4704.3509697940444,100,0.0036746156065906297,0.02,True,True,2,2,True,True,1,False
BE_TABULA_13,TABULA_standard_B_proxy,rcp_2_6,central,residential_energy_demand_gate5_v1,4b5b7791539478f9b2562d1b176e235ac7b641e1afdc40c3d5242661d9dbed3d,2ad0e9f7bbdfe12695c931891fd0e8132d060fd7bcbca23623db43d4c7393a5c,561839806dcdb8279ac4e42025bc5a82751f2588a2b2066fa84637918d8e4896,5425e9370287189ca45179f958739e4d1ea29f5439b14d2d1b6a877cf57e26a0,2987a546cb3f48253dcdfdc400036a68d1977eddb1012f753e54eca010acedd8,13fcadcfebce608bffb6d3013f0501bd1916301bc921da206d0884f7638fdfd4,160,a1e4b94e5be0a9552f952c6d8f0bda430f9bfdab3c397079192588f75a8aba46,a1e4b94e5be0a9552f952c6d8f0bda430f9bfdab3c397079192588f75a8aba46,160,80,heating_intensity_kWh_m2,mean,59.360478028417894,59.367204650400851,1,0.0001133181909306053,0.02,True,True,3,2,True,False,0,False
BE_TABULA_13,TABULA_standard_B_proxy,rcp_2_6,central,residential_energy_demand_gate5_v1,4b5b7791539478f9b2562d1b176e235ac7b641e1afdc40c3d5242661d9dbed3d,2ad0e9f7bbdfe12695c931891fd0e8132d060fd7bcbca23623db43d4c7393a5c,561839806dcdb8279ac4e42025bc5a82751f2588a2b2066fa84637918d8e4896,5425e9370287189ca45179f958739e4d1ea29f5439b14d2d1b6a877cf57e26a0,2987a546cb3f48253dcdfdc400036a68d1977eddb1012f753e54eca010acedd8,13fcadcfebce608bffb6d3013f0501bd1916301bc921da206d0884f7638fdfd4,160,a1e4b94e5be0a9552f952c6d8f0bda430f9bfdab3c397079192588f75a8aba46,a1e4b94e5be0a9552f952c6d8f0bda430f9bfdab3c397079192588f75a8aba46,160,80,heating_intensity_kWh_m2,median,57.616983853384795,57.589100805509418,1,0.00048393799901657838,0.02,True,True,3,2,True,False,0,False
BE_TABULA_13,TABULA_standard_B_proxy,rcp_2_6,central,residential_energy_demand_gate5_v1,4b5b7791539478f9b2562d1b176e235ac7b641e1afdc40c3d5242661d9dbed3d,2ad0e9f7bbdfe12695c931891fd0e8132d060fd7bcbca23623db43d4c7393a5c,561839806dcdb8279ac4e42025bc5a82751f2588a2b2066fa84637918d8e4896,5425e9370287189ca45179f958739e4d1ea29f5439b14d2d1b6a877cf57e26a0,2987a546cb3f48253dcdfdc400036a68d1977eddb1012f753e54eca010acedd8,13fcadcfebce608bffb6d3013f0501bd1916301bc921da206d0884f7638fdfd4,160,a1e4b94e5be0a9552f952c6d8f0bda430f9bfdab3c397079192588f75a8aba46,a1e4b94e5be0a9552f952c6d8f0bda430f9bfdab3c397079192588f75a8aba46,160,80,heating_intensity_kWh_m2,p95,78.046085417287074,78.04114531467475,1,6.3297250411860465e-05,0.02,True,True,3,2,True,False,0,False
BE_TABULA_13,TABULA_standard_B_proxy,rcp_2_6,central,residential_energy_demand_gate5_v1,4b5b7791539478f9b2562d1b176e235ac7b641e1afdc40c3d5242661d9dbed3d,2ad0e9f7bbdfe12695c931891fd0e8132d060fd7bcbca23623db43d4c7393a5c,561839806dcdb8279ac4e42025bc5a82751f2588a2b2066fa84637918d8e4896,5425e9370287189ca45179f958739e4d1ea29f5439b14d2d1b6a877cf57e26a0,2987a546cb3f48253dcdfdc400036a68d1977eddb1012f753e54eca010acedd8,13fcadcfebce608bffb6d3013f0501bd1916301bc921da206d0884f7638fdfd4,160,a1e4b94e5be0a9552f952c6d8f0bda430f9bfdab3c397079192588f75a8aba46,a1e4b94e5be0a9552f952c6d8f0bda430f9bfdab3c397079192588f75a8aba46,160,80,cooling_intensity_kWh_m2,mean,2.3550292213205459,2.3632801705365964,1,0.0035035443048234988,0.02,True,True,3,2,True,False,0,False
BE_TABULA_13,TABULA_standard_B_proxy,rcp_2_6,central,residential_energy_demand_gate5_v1,4b5b7791539478f9b2562d1b176e235ac7b641e1afdc40c3d5242661d9dbed3d,2ad0e9f7bbdfe12695c931891fd0e8132d060fd7bcbca23623db43d4c7393a5c,561839806dcdb8279ac4e42025bc5a82751f2588a2b2066fa84637918d8e4896,5425e9370287189ca45179f958739e4d1ea29f5439b14d2d1b6a877cf57e26a0,2987a546cb3f48253dcdfdc400036a68d1977eddb1012f753e54eca010acedd8,13fcadcfebce608bffb6d3013f0501bd1916301bc921da206d0884f7638fdfd4,160,a1e4b94e5be0a9552f952c6d8f0bda430f9bfdab3c397079192588f75a8aba46,a1e4b94e5be0a9552f952c6d8f0bda430f9bfdab3c397079192588f75a8aba46,160,80,cooling_intensity_kWh_m2,median,2.2375963409083655,2.2505718328489088,1,0.0057988528597950305,0.02,True,True,3,2,True,False,0,False
BE_TABULA_13,TABULA_standard_B_proxy,rcp_2_6,central,residential_energy_demand_gate5_v1,4b5b7791539478f9b2562d1b176e235ac7b641e1afdc40c3d5242661d9dbed3d,2ad0e9f7bbdfe12695c931891fd0e8132d060fd7bcbca23623db43d4c7393a5c,561839806dcdb8279ac4e42025bc5a82751f2588a2b2066fa84637918d8e4896,5425e9370287189ca45179f958739e4d1ea29f5439b14d2d1b6a877cf57e26a0,2987a546cb3f48253dcdfdc400036a68d1977eddb1012f753e54eca010acedd8,13fcadcfebce608bffb6d3013f0501bd1916301bc921da206d0884f7638fdfd4,160,a1e4b94e5be0a9552f952c6d8f0bda430f9bfdab3c397079192588f75a8aba46,a1e4b94e5be0a9552f952c6d8f0bda430f9bfdab3c397079192588f75a8aba46,160,80,cooling_intensity_kWh_m2,p95,4.8488913235042865,4.8525700423880256,1,0.00075867216613146259,0.02,True,True,3,2,True,False,0,False
BE_TABULA_13,TABULA_standard_B_proxy,rcp_2_6,central,residential_energy_demand_gate5_v1,4b5b7791539478f9b2562d1b176e235ac7b641e1afdc40c3d5242661d9dbed3d,2ad0e9f7bbdfe12695c931891fd0e8132d060fd7bcbca23623db43d4c7393a5c,561839806dcdb8279ac4e42025bc5a82751f2588a2b2066fa84637918d8e4896,5425e9370287189ca45179f958739e4d1ea29f5439b14d2d1b6a877cf57e26a0,2987a546cb3f48253dcdfdc400036a68d1977eddb1012f753e54eca010acedd8,13fcadcfebce608bffb6d3013f0501bd1916301bc921da206d0884f7638fdfd4,160,a1e4b94e5be0a9552f952c6d8f0bda430f9bfdab3c397079192588f75a8aba46,a1e4b94e5be0a9552f952c6d8f0bda430f9bfdab3c397079192588f75a8aba46,160,80,peak_heating_W,mean,7505.9918762247698,7501.2017645351525,100,0.00063817171249412261,0.02,True,True,3,2,True,False,0,False
BE_TABULA_13,TABULA_standard_B_proxy,rcp_2_6,central,residential_energy_demand_gate5_v1,4b5b7791539478f9b2562d1b176e235ac7b641e1afdc40c3d5242661d9dbed3d,2ad0e9f7bbdfe12695c931891fd0e8132d060fd7bcbca23623db43d4c7393a5c,561839806dcdb8279ac4e42025bc5a82751f2588a2b2066fa84637918d8e4896,5425e9370287189ca45179f958739e4d1ea29f5439b14d2d1b6a877cf57e26a0,2987a546cb3f48253dcdfdc400036a68d1977eddb1012f753e54eca010acedd8,13fcadcfebce608bffb6d3013f0501bd1916301bc921da206d0884f7638fdfd4,160,a1e4b94e5be0a9552f952c6d8f0bda430f9bfdab3c397079192588f75a8aba46,a1e4b94e5be0a9552f952c6d8f0bda430f9bfdab3c397079192588f75a8aba46,160,80,peak_heating_W,median,7369.7592388902431,7367.2308911220543,100,0.00034307060600387383,0.02,True,True,3,2,True,False,0,False
BE_TABULA_13,TABULA_standard_B_proxy,rcp_2_6,central,residential_energy_demand_gate5_v1,4b5b7791539478f9b2562d1b176e235ac7b641e1afdc40c3d5242661d9dbed3d,2ad0e9f7bbdfe12695c931891fd0e8132d060fd7bcbca23623db43d4c7393a5c,561839806dcdb8279ac4e42025bc5a82751f2588a2b2066fa84637918d8e4896,5425e9370287189ca45179f958739e4d1ea29f5439b14d2d1b6a877cf57e26a0,2987a546cb3f48253dcdfdc400036a68d1977eddb1012f753e54eca010acedd8,13fcadcfebce608bffb6d3013f0501bd1916301bc921da206d0884f7638fdfd4,160,a1e4b94e5be0a9552f952c6d8f0bda430f9bfdab3c397079192588f75a8aba46,a1e4b94e5be0a9552f952c6d8f0bda430f9bfdab3c397079192588f75a8aba46,160,80,peak_heating_W,p95,8558.600960913227,8562.5403303923176,100,0.00046028194293454467,0.02,True,True,3,2,True,False,0,False
BE_TABULA_13,TABULA_standard_B_proxy,rcp_2_6,central,residential_energy_demand_gate5_v1,4b5b7791539478f9b2562d1b176e235ac7b641e1afdc40c3d5242661d9dbed3d,2ad0e9f7bbdfe12695c931891fd0e8132d060fd7bcbca23623db43d4c7393a5c,561839806dcdb8279ac4e42025bc5a82751f2588a2b2066fa84637918d8e4896,5425e9370287189ca45179f958739e4d1ea29f5439b14d2d1b6a877cf57e26a0,2987a546cb3f48253dcdfdc400036a68d1977eddb1012f753e54eca010acedd8,13fcadcfebce608bffb6d3013f0501bd1916301bc921da206d0884f7638fdfd4,160,a1e4b94e5be0a9552f952c6d8f0bda430f9bfdab3c397079192588f75a8aba46,a1e4b94e5be0a9552f952c6d8f0bda430f9bfdab3c397079192588f75a8aba46,160,80,peak_cooling_W,mean,3723.4684174209315,3735.094658559171,100,0.0031224223854951975,0.02,True,True,3,2,True,False,0,False
BE_TABULA_13,TABULA_standard_B_proxy,rcp_2_6,central,residential_energy_demand_gate5_v1,4b5b7791539478f9b2562d1b176e235ac7b641e1afdc40c3d5242661d9dbed3d,2ad0e9f7bbdfe12695c931891fd0e8132d060fd7bcbca23623db43d4c7393a5c,561839806dcdb8279ac4e42025bc5a82751f2588a2b2066fa84637918d8e4896,5425e9370287189ca45179f958739e4d1ea29f5439b14d2d1b6a877cf57e26a0,2987a546cb3f48253dcdfdc400036a68d1977eddb1012f753e54eca010acedd8,13fcadcfebce608bffb6d3013f0501bd1916301bc921da206d0884f7638fdfd4,160,a1e4b94e5be0a9552f952c6d8f0bda430f9bfdab3c397079192588f75a8aba46,a1e4b94e5be0a9552f952c6d8f0bda430f9bfdab3c397079192588f75a8aba46,160,80,peak_cooling_W,median,3733.1704852872253,3739.6867216631763,100,0.0017454965964270952,0.02,True,True,3,2,True,False,0,False
BE_TABULA_13,TABULA_standard_B_proxy,rcp_2_6,central,residential_energy_demand_gate5_v1,4b5b7791539478f9b2562d1b176e235ac7b641e1afdc40c3d5242661d9dbed3d,2ad0e9f7bbdfe12695c931891fd0e8132d060fd7bcbca23623db43d4c7393a5c,561839806dcdb8279ac4e42025bc5a82751f2588a2b2066fa84637918d8e4896,5425e9370287189ca45179f958739e4d1ea29f5439b14d2d1b6a877cf57e26a0,2987a546cb3f48253dcdfdc400036a68d1977eddb1012f753e54eca010acedd8,13fcadcfebce608bffb6d3013f0501bd1916301bc921da206d0884f7638fdfd4,160,a1e4b94e5be0a9552f952c6d8f0bda430f9bfdab3c397079192588f75a8aba46,a1e4b94e5be0a9552f952c6d8f0bda430f9bfdab3c397079192588f75a8aba46,160,80,peak_cooling_W,p95,4715.309213216824,4721.7014074756153,100,0.0013556256800453747,0.02,True,True,3,2,True,False,0,False
BE_TABULA_13,TABULA_standard_B_proxy,rcp_4_5,central,residential_energy_demand_gate5_v1,4b5b7791539478f9b2562d1b176e235ac7b641e1afdc40c3d5242661d9dbed3d,2ad0e9f7bbdfe12695c931891fd0e8132d060fd7bcbca23623db43d4c7393a5c,561839806dcdb8279ac4e42025bc5a82751f2588a2b2066fa84637918d8e4896,5425e9370287189ca45179f958739e4d1ea29f5439b14d2d1b6a877cf57e26a0,2987a546cb3f48253dcdfdc400036a68d1977eddb1012f753e54eca010acedd8,ad5c87b0e8a93a1c795fbdddcfd91ab13eb4d14c7272af892b123e07e4ef8395,160,a1e4b94e5be0a9552f952c6d8f0bda430f9bfdab3c397079192588f75a8aba46,0483fface789f96fbdc35b5911182753a8b4967876fb97c2eefce49e4b3c29ca,5,,heating_intensity_kWh_m2,mean,59.368677700300658,,1,,0.02,False,False,0,2,False,False,0,False
BE_TABULA_13,TABULA_standard_B_proxy,rcp_4_5,central,residential_energy_demand_gate5_v1,4b5b7791539478f9b2562d1b176e235ac7b641e1afdc40c3d5242661d9dbed3d,2ad0e9f7bbdfe12695c931891fd0e8132d060fd7bcbca23623db43d4c7393a5c,561839806dcdb8279ac4e42025bc5a82751f2588a2b2066fa84637918d8e4896,5425e9370287189ca45179f958739e4d1ea29f5439b14d2d1b6a877cf57e26a0,2987a546cb3f48253dcdfdc400036a68d1977eddb1012f753e54eca010acedd8,ad5c87b0e8a93a1c795fbdddcfd91ab13eb4d14c7272af892b123e07e4ef8395,160,a1e4b94e5be0a9552f952c6d8f0bda430f9bfdab3c397079192588f75a8aba46,0483fface789f96fbdc35b5911182753a8b4967876fb97c2eefce49e4b3c29ca,5,,heating_intensity_kWh_m2,median,57.691945181433368,,1,,0.02,False,False,0,2,False,False,0,False
BE_TABULA_13,TABULA_standard_B_proxy,rcp_4_5,central,residential_energy_demand_gate5_v1,4b5b7791539478f9b2562d1b176e235ac7b641e1afdc40c3d5242661d9dbed3d,2ad0e9f7bbdfe12695c931891fd0e8132d060fd7bcbca23623db43d4c7393a5c,561839806dcdb8279ac4e42025bc5a82751f2588a2b2066fa84637918d8e4896,5425e9370287189ca45179f958739e4d1ea29f5439b14d2d1b6a877cf57e26a0,2987a546cb3f48253dcdfdc400036a68d1977eddb1012f753e54eca010acedd8,ad5c87b0e8a93a1c795fbdddcfd91ab13eb4d14c7272af892b123e07e4ef8395,160,a1e4b94e5be0a9552f952c6d8f0bda430f9bfdab3c397079192588f75a8aba46,0483fface789f96fbdc35b5911182753a8b4967876fb97c2eefce49e4b3c29ca,5,,heating_intensity_kWh_m2,p95,75.373837624662343,,1,,0.02,False,False,0,2,False,False,0,False
BE_TABULA_13,TABULA_standard_B_proxy,rcp_4_5,central,residential_energy_demand_gate5_v1,4b5b7791539478f9b2562d1b176e235ac7b641e1afdc40c3d5242661d9dbed3d,2ad0e9f7bbdfe12695c931891fd0e8132d060fd7bcbca23623db43d4c7393a5c,561839806dcdb8279ac4e42025bc5a82751f2588a2b2066fa84637918d8e4896,5425e9370287189ca45179f958739e4d1ea29f5439b14d2d1b6a877cf57e26a0,2987a546cb3f48253dcdfdc400036a68d1977eddb1012f753e54eca010acedd8,ad5c87b0e8a93a1c795fbdddcfd91ab13eb4d14c7272af892b123e07e4ef8395,160,a1e4b94e5be0a9552f952c6d8f0bda430f9bfdab3c397079192588f75a8aba46,0483fface789f96fbdc35b5911182753a8b4967876fb97c2eefce49e4b3c29ca,5,,cooling_intensity_kWh_m2,mean,2.03573561568748,,1,,0.02,False,False,0,2,False,False,0,False
BE_TABULA_13,TABULA_standard_B_proxy,rcp_4_5,central,residential_energy_demand_gate5_v1,4b5b7791539478f9b2562d1b176e235ac7b641e1afdc40c3d5242661d9dbed3d,2ad0e9f7bbdfe12695c931891fd0e8132d060fd7bcbca23623db43d4c7393a5c,561839806dcdb8279ac4e42025bc5a82751f2588a2b2066fa84637918d8e4896,5425e9370287189ca45179f958739e4d1ea29f5439b14d2d1b6a877cf57e26a0,2987a546cb3f48253dcdfdc400036a68d1977eddb1012f753e54eca010acedd8,ad5c87b0e8a93a1c795fbdddcfd91ab13eb4d14c7272af892b123e07e4ef8395,160,a1e4b94e5be0a9552f952c6d8f0bda430f9bfdab3c397079192588f75a8aba46,0483fface789f96fbdc35b5911182753a8b4967876fb97c2eefce49e4b3c29ca,5,,cooling_intensity_kWh_m2,median,1.9755814643879748,,1,,0.02,False,False,0,2,False,False,0,False
BE_TABULA_13,TABULA_standard_B_proxy,rcp_4_5,central,residential_energy_demand_gate5_v1,4b5b7791539478f9b2562d1b176e235ac7b641e1afdc40c3d5242661d9dbed3d,2ad0e9f7bbdfe12695c931891fd0e8132d060fd7bcbca23623db43d4c7393a5c,561839806dcdb8279ac4e42025bc5a82751f2588a2b2066fa84637918d8e4896,5425e9370287189ca45179f958739e4d1ea29f5439b14d2d1b6a877cf57e26a0,2987a546cb3f48253dcdfdc400036a68d1977eddb1012f753e54eca010acedd8,ad5c87b0e8a93a1c795fbdddcfd91ab13eb4d14c7272af892b123e07e4ef8395,160,a1e4b94e5be0a9552f952c6d8f0bda430f9bfdab3c397079192588f75a8aba46,0483fface789f96fbdc35b5911182753a8b4967876fb97c2eefce49e4b3c29ca,5,,cooling_intensity_kWh_m2,p95,4.2126642320813525,,1,,0.02,False,False,0,2,False,False,0,False
BE_TABULA_13,TABULA_standard_B_proxy,rcp_4_5,central,residential_energy_demand_gate5_v1,4b5b7791539478f9b2562d1b176e235ac7b641e1afdc40c3d5242661d9dbed3d,2ad0e9f7bbdfe12695c931891fd0e8132d060fd7bcbca23623db43d4c7393a5c,561839806dcdb8279ac4e42025bc5a82751f2588a2b2066fa84637918d8e4896,5425e9370287189ca45179f958739e4d1ea29f5439b14d2d1b6a877cf57e26a0,2987a546cb3f48253dcdfdc400036a68d1977eddb1012f753e54eca010acedd8,ad5c87b0e8a93a1c795fbdddcfd91ab13eb4d14c7272af892b123e07e4ef8395,160,a1e4b94e5be0a9552f952c6d8f0bda430f9bfdab3c397079192588f75a8aba46,0483fface789f96fbdc35b5911182753a8b4967876fb97c2eefce49e4b3c29ca,5,,peak_heating_W,mean,7470.4354381390212,,100,,0.02,False,False,0,2,False,False,0,False
BE_TABULA_13,TABULA_standard_B_proxy,rcp_4_5,central,residential_energy_demand_gate5_v1,4b5b7791539478f9b2562d1b176e235ac7b641e1afdc40c3d5242661d9dbed3d,2ad0e9f7bbdfe12695c931891fd0e8132d060fd7bcbca23623db43d4c7393a5c,561839806dcdb8279ac4e42025bc5a82751f2588a2b2066fa84637918d8e4896,5425e9370287189ca45179f958739e4d1ea29f5439b14d2d1b6a877cf57e26a0,2987a546cb3f48253dcdfdc400036a68d1977eddb1012f753e54eca010acedd8,ad5c87b0e8a93a1c795fbdddcfd91ab13eb4d14c7272af892b123e07e4ef8395,160,a1e4b94e5be0a9552f952c6d8f0bda430f9bfdab3c397079192588f75a8aba46,0483fface789f96fbdc35b5911182753a8b4967876fb97c2eefce49e4b3c29ca,5,,peak_heating_W,median,7319.040329887961,,100,,0.02,False,False,0,2,False,False,0,False
BE_TABULA_13,TABULA_standard_B_proxy,rcp_4_5,central,residential_energy_demand_gate5_v1,4b5b7791539478f9b2562d1b176e235ac7b641e1afdc40c3d5242661d9dbed3d,2ad0e9f7bbdfe12695c931891fd0e8132d060fd7bcbca23623db43d4c7393a5c,561839806dcdb8279ac4e42025bc5a82751f2588a2b2066fa84637918d8e4896,5425e9370287189ca45179f958739e4d1ea29f5439b14d2d1b6a877cf57e26a0,2987a546cb3f48253dcdfdc400036a68d1977eddb1012f753e54eca010acedd8,ad5c87b0e8a93a1c795fbdddcfd91ab13eb4d14c7272af892b123e07e4ef8395,160,a1e4b94e5be0a9552f952c6d8f0bda430f9bfdab3c397079192588f75a8aba46,0483fface789f96fbdc35b5911182753a8b4967876fb97c2eefce49e4b3c29ca,5,,peak_heating_W,p95,8473.5300080513662,,100,,0.02,False,False,0,2,False,False,0,False
BE_TABULA_13,TABULA_standard_B_proxy,rcp_4_5,central,residential_energy_demand_gate5_v1,4b5b7791539478f9b2562d1b176e235ac7b641e1afdc40c3d5242661d9dbed3d,2ad0e9f7bbdfe12695c931891fd0e8132d060fd7bcbca23623db43d4c7393a5c,561839806dcdb8279ac4e42025bc5a82751f2588a2b2066fa84637918d8e4896,5425e9370287189ca45179f958739e4d1ea29f5439b14d2d1b6a877cf57e26a0,2987a546cb3f48253dcdfdc400036a68d1977eddb1012f753e54eca010acedd8,ad5c87b0e8a93a1c795fbdddcfd91ab13eb4d14c7272af892b123e07e4ef8395,160,a1e4b94e5be0a9552f952c6d8f0bda430f9bfdab3c397079192588f75a8aba46,0483fface789f96fbdc35b5911182753a8b4967876fb97c2eefce49e4b3c29ca,5,,peak_cooling_W,mean,3572.905404499626,,100,,0.02,False,False,0,2,False,False,0,False
BE_TABULA_13,TABULA_standard_B_proxy,rcp_4_5,central,residential_energy_demand_gate5_v1,4b5b7791539478f9b2562d1b176e235ac7b641e1afdc40c3d5242661d9dbed3d,2ad0e9f7bbdfe12695c931891fd0e8132d060fd7bcbca23623db43d4c7393a5c,561839806dcdb8279ac4e42025bc5a82751f2588a2b2066fa84637918d8e4896,5425e9370287189ca45179f958739e4d1ea29f5439b14d2d1b6a877cf57e26a0,2987a546cb3f48253dcdfdc400036a68d1977eddb1012f753e54eca010acedd8,ad5c87b0e8a93a1c795fbdddcfd91ab13eb4d14c7272af892b123e07e4ef8395,160,a1e4b94e5be0a9552f952c6d8f0bda430f9bfdab3c397079192588f75a8aba46,0483fface789f96fbdc35b5911182753a8b4967876fb97c2eefce49e4b3c29ca,5,,peak_cooling_W,median,3593.0837480026275,,100,,0.02,False,False,0,2,False,False,0,False
BE_TABULA_13,TABULA_standard_B_proxy,rcp_4_5,central,residential_energy_demand_gate5_v1,4b5b7791539478f9b2562d1b176e235ac7b641e1afdc40c3d5242661d9dbed3d,2ad0e9f7bbdfe12695c931891fd0e8132d060fd7bcbca23623db43d4c7393a5c,561839806dcdb8279ac4e42025bc5a82751f2588a2b2066fa84637918d8e4896,5425e9370287189ca45179f958739e4d1ea29f5439b14d2d1b6a877cf57e26a0,2987a546cb3f48253dcdfdc400036a68d1977eddb1012f753e54eca010acedd8,ad5c87b0e8a93a1c795fbdddcfd91ab13eb4d14c7272af892b123e07e4ef8395,160,a1e4b94e5be0a9552f952c6d8f0bda430f9bfdab3c397079192588f75a8aba46,0483fface789f96fbdc35b5911182753a8b4967876fb97c2eefce49e4b3c29ca,5,,peak_cooling_W,p95,4602.6729305771778,,100,,0.02,False,False,0,2,False,False,0,False
BE_TABULA_13,TABULA_standard_B_proxy,rcp_4_5,central,residential_energy_demand_gate5_v1,4b5b7791539478f9b2562d1b176e235ac7b641e1afdc40c3d5242661d9dbed3d,2ad0e9f7bbdfe12695c931891fd0e8132d060fd7bcbca23623db43d4c7393a5c,561839806dcdb8279ac4e42025bc5a82751f2588a2b2066fa84637918d8e4896,5425e9370287189ca45179f958739e4d1ea29f5439b14d2d1b6a877cf57e26a0,2987a546cb3f48253dcdfdc400036a68d1977eddb1012f753e54eca010acedd8,ad5c87b0e8a93a1c795fbdddcfd91ab13eb4d14c7272af892b123e07e4ef8395,160,a1e4b94e5be0a9552f952c6d8f0bda430f9bfdab3c397079192588f75a8aba46,2063071df976f1cac9f6aea690c2aef6ea0bdefe943f07ae1c5166c5ad9979e4,10,5,heating_intensity_kWh_m2,mean,59.392947465525744,59.368677700300658,1,0.00040863042264694175,0.02,True,False,0,2,False,False,0,False
BE_TABULA_13,TABULA_standard_B_proxy,rcp_4_5,central,residential_energy_demand_gate5_v1,4b5b7791539478f9b2562d1b176e235ac7b641e1afdc40c3d5242661d9dbed3d,2ad0e9f7bbdfe12695c931891fd0e8132d060fd7bcbca23623db43d4c7393a5c,561839806dcdb8279ac4e42025bc5a82751f2588a2b2066fa84637918d8e4896,5425e9370287189ca45179f958739e4d1ea29f5439b14d2d1b6a877cf57e26a0,2987a546cb3f48253dcdfdc400036a68d1977eddb1012f753e54eca010acedd8,ad5c87b0e8a93a1c795fbdddcfd91ab13eb4d14c7272af892b123e07e4ef8395,160,a1e4b94e5be0a9552f952c6d8f0bda430f9bfdab3c397079192588f75a8aba46,2063071df976f1cac9f6aea690c2aef6ea0bdefe943f07ae1c5166c5ad9979e4,10,5,heating_intensity_kWh_m2,median,57.769438484541823,57.691945181433368,1,0.0013414238590736924,0.02,True,False,0,2,False,False,0,False
BE_TABULA_13,TABULA_standard_B_proxy,rcp_4_5,central,residential_energy_demand_gate5_v1,4b5b7791539478f9b2562d1b176e235ac7b641e1afdc40c3d5242661d9dbed3d,2ad0e9f7bbdfe12695c931891fd0e8132d060fd7bcbca23623db43d4c7393a5c,561839806dcdb8279ac4e42025bc5a82751f2588a2b2066fa84637918d8e4896,5425e9370287189ca45179f958739e4d1ea29f5439b14d2d1b6a877cf57e26a0,2987a546cb3f48253dcdfdc400036a68d1977eddb1012f753e54eca010acedd8,ad5c87b0e8a93a1c795fbdddcfd91ab13eb4d14c7272af892b123e07e4ef8395,160,a1e4b94e5be0a9552f952c6d8f0bda430f9bfdab3c397079192588f75a8aba46,2063071df976f1cac9f6aea690c2aef6ea0bdefe943f07ae1c5166c5ad9979e4,10,5,heating_intensity_kWh_m2,p95,77.969341872436104,75.373837624662343,1,0.033288779736273866,0.02,False,False,0,2,False,False,0,False
BE_TABULA_13,TABULA_standard_B_proxy,rcp_4_5,central,residential_energy_demand_gate5_v1,4b5b7791539478f9b2562d1b176e235ac7b641e1afdc40c3d5242661d9dbed3d,2ad0e9f7bbdfe12695c931891fd0e8132d060fd7bcbca23623db43d4c7393a5c,561839806dcdb8279ac4e42025bc5a82751f2588a2b2066fa84637918d8e4896,5425e9370287189ca45179f958739e4d1ea29f5439b14d2d1b6a877cf57e26a0,2987a546cb3f48253dcdfdc400036a68d1977eddb1012f753e54eca010acedd8,ad5c87b0e8a93a1c795fbdddcfd91ab13eb4d14c7272af892b123e07e4ef8395,160,a1e4b94e5be0a9552f952c6d8f0bda430f9bfdab3c397079192588f75a8aba46,2063071df976f1cac9f6aea690c2aef6ea0bdefe943f07ae1c5166c5ad9979e4,10,5,cooling_intensity_kWh_m2,mean,2.0001113569521825,2.03573561568748,1,0.017811137670645801,0.02,True,False,0,2,False,False,0,False
BE_TABULA_13,TABULA_standard_B_proxy,rcp_4_5,central,residential_energy_demand_gate5_v1,4b5b7791539478f9b2562d1b176e235ac7b641e1afdc40c3d5242661d9dbed3d,2ad0e9f7bbdfe12695c931891fd0e8132d060fd7bcbca23623db43d4c7393a5c,561839806dcdb8279ac4e42025bc5a82751f2588a2b2066fa84637918d8e4896,5425e9370287189ca45179f958739e4d1ea29f5439b14d2d1b6a877cf57e26a0,2987a546cb3f48253dcdfdc400036a68d1977eddb1012f753e54eca010acedd8,ad5c87b0e8a93a1c795fbdddcfd91ab13eb4d14c7272af892b123e07e4ef8395,160,a1e4b94e5be0a9552f952c6d8f0bda430f9bfdab3c397079192588f75a8aba46,2063071df976f1cac9f6aea690c2aef6ea0bdefe943f07ae1c5166c5ad9979e4,10,5,cooling_intensity_kWh_m2,median,1.9315036626211164,1.9755814643879748,1,0.022820459841656888,0.02,False,False,0,2,False,False,0,False
BE_TABULA_13,TABULA_standard_B_proxy,rcp_4_5,central,residential_energy_demand_gate5_v1,4b5b7791539478f9b2562d1b176e235ac7b641e1afdc40c3d5242661d9dbed3d,2ad0e9f7bbdfe12695c931891fd0e8132d060fd7bcbca23623db43d4c7393a5c,561839806dcdb8279ac4e42025bc5a82751f2588a2b2066fa84637918d8e4896,5425e9370287189ca45179f958739e4d1ea29f5439b14d2d1b6a877cf57e26a0,2987a546cb3f48253dcdfdc400036a68d1977eddb1012f753e54eca010acedd8,ad5c87b0e8a93a1c795fbdddcfd91ab13eb4d14c7272af892b123e07e4ef8395,160,a1e4b94e5be0a9552f952c6d8f0bda430f9bfdab3c397079192588f75a8aba46,2063071df976f1cac9f6aea690c2aef6ea0bdefe943f07ae1c5166c5ad9979e4,10,5,cooling_intensity_kWh_m2,p95,4.3708575385795738,4.2126642320813525,1,0.036192739091109885,0.02,False,False,0,2,False,False,0,False
BE_TABULA_13,TABULA_standard_B_proxy,rcp_4_5,central,residential_energy_demand_gate5_v1,4b5b7791539478f9b2562d1b176e235ac7b641e1afdc40c3d5242661d9dbed3d,2ad0e9f7bbdfe12695c931891fd0e8132d060fd7bcbca23623db43d4c7393a5c,561839806dcdb8279ac4e42025bc5a82751f2588a2b2066fa84637918d8e4896,5425e9370287189ca45179f958739e4d1ea29f5439b14d2d1b6a877cf57e26a0,2987a546cb3f48253dcdfdc400036a68d1977eddb1012f753e54eca010acedd8,ad5c87b0e8a93a1c795fbdddcfd91ab13eb4d14c7272af892b123e07e4ef8395,160,a1e4b94e5be0a9552f952c6d8f0bda430f9bfdab3c397079192588f75a8aba46,2063071df976f1cac9f6aea690c2aef6ea0bdefe943f07ae1c5166c5ad9979e4,10,5,peak_heating_W,mean,7478.8851275139241,7470.4354381390212,100,0.0011298060113020655,0.02,True,False,0,2,False,False,0,False
BE_TABULA_13,TABULA_standard_B_proxy,rcp_4_5,central,residential_energy_demand_gate5_v1,4b5b7791539478f9b2562d1b176e235ac7b641e1afdc40c3d5242661d9dbed3d,2ad0e9f7bbdfe12695c931891fd0e8132d060fd7bcbca23623db43d4c7393a5c,561839806dcdb8279ac4e42025bc5a82751f2588a2b2066fa84637918d8e4896,5425e9370287189ca45179f958739e4d1ea29f5439b14d2d1b6a877cf57e26a0,2987a546cb3f48253dcdfdc400036a68d1977eddb1012f753e54eca010acedd8,ad5c87b0e8a93a1c795fbdddcfd91ab13eb4d14c7272af892b123e07e4ef8395,160,a1e4b94e5be0a9552f952c6d8f0bda430f9bfdab3c397079192588f75a8aba46,2063071df976f1cac9f6aea690c2aef6ea0bdefe943f07ae1c5166c5ad9979e4,10,5,peak_heating_W,median,7319.7842141452138,7319.040329887961,100,0.00010162652825411181,0.02,True,False,0,2,False,False,0,False
BE_TABULA_13,TABULA_standard_B_proxy,rcp_4_5,central,residential_energy_demand_gate5_v1,4b5b7791539478f9b2562d1b176e235ac7b641e1afdc40c3d5242661d9dbed3d,2ad0e9f7bbdfe12695c931891fd0e8132d060fd7bcbca23623db43d4c7393a5c,561839806dcdb8279ac4e42025bc5a82751f2588a2b2066fa84637918d8e4896,5425e9370287189ca45179f958739e4d1ea29f5439b14d2d1b6a877cf57e26a0,2987a546cb3f48253dcdfdc400036a68d1977eddb1012f753e54eca010acedd8,ad5c87b0e8a93a1c795fbdddcfd91ab13eb4d14c7272af892b123e07e4ef8395,160,a1e4b94e5be0a9552f952c6d8f0bda430f9bfdab3c397079192588f75a8aba46,2063071df976f1cac9f6aea690c2aef6ea0bdefe943f07ae1c5166c5ad9979e4,10,5,peak_heating_W,p95,8559.6948887555009,8473.5300080513662,100,0.010066349539786256,0.02,True,False,0,2,False,False,0,False
BE_TABULA_13,TABULA_standard_B_proxy,rcp_4_5,central,residential_energy_demand_gate5_v1,4b5b7791539478f9b2562d1b176e235ac7b641e1afdc40c3d5242661d9dbed3d,2ad0e9f7bbdfe12695c931891fd0e8132d060fd7bcbca23623db43d4c7393a5c,561839806dcdb8279ac4e42025bc5a82751f2588a2b2066fa84637918d8e4896,5425e9370287189ca45179f958739e4d1ea29f5439b14d2d1b6a877cf57e26a0,2987a546cb3f48253dcdfdc400036a68d1977eddb1012f753e54eca010acedd8,ad5c87b0e8a93a1c795fbdddcfd91ab13eb4d14c7272af892b123e07e4ef8395,160,a1e4b94e5be0a9552f952c6d8f0bda430f9bfdab3c397079192588f75a8aba46,2063071df976f1cac9f6aea690c2aef6ea0bdefe943f07ae1c5166c5ad9979e4,10,5,peak_cooling_W,mean,3518.6799242098687,3572.905404499626,100,0.015410745352728796,0.02,True,False,0,2,False,False,0,False
BE_TABULA_13,TABULA_standard_B_proxy,rcp_4_5,central,residential_energy_demand_gate5_v1,4b5b7791539478f9b2562d1b176e235ac7b641e1afdc40c3d5242661d9dbed3d,2ad0e9f7bbdfe12695c931891fd0e8132d060fd7bcbca23623db43d4c7393a5c,561839806dcdb8279ac4e42025bc5a82751f2588a2b2066fa84637918d8e4896,5425e9370287189ca45179f958739e4d1ea29f5439b14d2d1b6a877cf57e26a0,2987a546cb3f48253dcdfdc400036a68d1977eddb1012f753e54eca010acedd8,ad5c87b0e8a93a1c795fbdddcfd91ab13eb4d14c7272af892b123e07e4ef8395,160,a1e4b94e5be0a9552f952c6d8f0bda430f9bfdab3c397079192588f75a8aba46,2063071df976f1cac9f6aea690c2aef6ea0bdefe943f07ae1c5166c5ad9979e4,10,5,peak_cooling_W,median,3547.7204473809215,3593.0837480026275,100,0.012786605172116964,0.02,True,False,0,2,False,False,0,False
BE_TABULA_13,TABULA_standard_B_proxy,rcp_4_5,central,residential_energy_demand_gate5_v1,4b5b7791539478f9b2562d1b176e235ac7b641e1afdc40c3d5242661d9dbed3d,2ad0e9f7bbdfe12695c931891fd0e8132d060fd7bcbca23623db43d4c7393a5c,561839806dcdb8279ac4e42025bc5a82751f2588a2b2066fa84637918d8e4896,5425e9370287189ca45179f958739e4d1ea29f5439b14d2d1b6a877cf57e26a0,2987a546cb3f48253dcdfdc400036a68d1977eddb1012f753e54eca010acedd8,ad5c87b0e8a93a1c795fbdddcfd91ab13eb4d14c7272af892b123e07e4ef8395,160,a1e4b94e5be0a9552f952c6d8f0bda430f9bfdab3c397079192588f75a8aba46,2063071df976f1cac9f6aea690c2aef6ea0bdefe943f07ae1c5166c5ad9979e4,10,5,peak_cooling_W,p95,4559.121885345603,4602.6729305771778,100,0.0095525073307561759,0.02,True,False,0,2,False,False,0,False
BE_TABULA_13,TABULA_standard_B_proxy,rcp_4_5,central,residential_energy_demand_gate5_v1,4b5b7791539478f9b2562d1b176e235ac7b641e1afdc40c3d5242661d9dbed3d,2ad0e9f7bbdfe12695c931891fd0e8132d060fd7bcbca23623db43d4c7393a5c,561839806dcdb8279ac4e42025bc5a82751f2588a2b2066fa84637918d8e4896,5425e9370287189ca45179f958739e4d1ea29f5439b14d2d1b6a877cf57e26a0,2987a546cb3f48253dcdfdc400036a68d1977eddb1012f753e54eca010acedd8,ad5c87b0e8a93a1c795fbdddcfd91ab13eb4d14c7272af892b123e07e4ef8395,160,a1e4b94e5be0a9552f952c6d8f0bda430f9bfdab3c397079192588f75a8aba46,1f7bdd094d6a8634c38dd67d232f10ebdc75032637483205a54e37449f9f3c93,20,10,heating_intensity_kWh_m2,mean,59.321701927000888,59.392947465525744,1,0.0012010029417653626,0.02,True,False,0,2,False,False,0,False
BE_TABULA_13,TABULA_standard_B_proxy,rcp_4_5,central,residential_energy_demand_gate5_v1,4b5b7791539478f9b2562d1b176e235ac7b641e1afdc40c3d5242661d9dbed3d,2ad0e9f7bbdfe12695c931891fd0e8132d060fd7bcbca23623db43d4c7393a5c,561839806dcdb8279ac4e42025bc5a82751f2588a2b2066fa84637918d8e4896,5425e9370287189ca45179f958739e4d1ea29f5439b14d2d1b6a877cf57e26a0,2987a546cb3f48253dcdfdc400036a68d1977eddb1012f753e54eca010acedd8,ad5c87b0e8a93a1c795fbdddcfd91ab13eb4d14c7272af892b123e07e4ef8395,160,a1e4b94e5be0a9552f952c6d8f0bda430f9bfdab3c397079192588f75a8aba46,1f7bdd094d6a8634c38dd67d232f10ebdc75032637483205a54e37449f9f3c93,20,10,heating_intensity_kWh_m2,median,57.769438484541823,57.769438484541823,1,0,0.02,True,False,0,2,False,False,0,False
BE_TABULA_13,TABULA_standard_B_proxy,rcp_4_5,central,residential_energy_demand_gate5_v1,4b5b7791539478f9b2562d1b176e235ac7b641e1afdc40c3d5242661d9dbed3d,2ad0e9f7bbdfe12695c931891fd0e8132d060fd7bcbca23623db43d4c7393a5c,561839806dcdb8279ac4e42025bc5a82751f2588a2b2066fa84637918d8e4896,5425e9370287189ca45179f958739e4d1ea29f5439b14d2d1b6a877cf57e26a0,2987a546cb3f48253dcdfdc400036a68d1977eddb1012f753e54eca010acedd8,ad5c87b0e8a93a1c795fbdddcfd91ab13eb4d14c7272af892b123e07e4ef8395,160,a1e4b94e5be0a9552f952c6d8f0bda430f9bfdab3c397079192588f75a8aba46,1f7bdd094d6a8634c38dd67d232f10ebdc75032637483205a54e37449f9f3c93,20,10,heating_intensity_kWh_m2,p95,77.983918519399353,77.969341872436104,1,0.00018691862681436067,0.02,True,False,0,2,False,False,0,False
BE_TABULA_13,TABULA_standard_B_proxy,rcp_4_5,central,residential_energy_demand_gate5_v1,4b5b7791539478f9b2562d1b176e235ac7b641e1afdc40c3d5242661d9dbed3d,2ad0e9f7bbdfe12695c931891fd0e8132d060fd7bcbca23623db43d4c7393a5c,561839806dcdb8279ac4e42025bc5a82751f2588a2b2066fa84637918d8e4896,5425e9370287189ca45179f958739e4d1ea29f5439b14d2d1b6a877cf57e26a0,2987a546cb3f48253dcdfdc400036a68d1977eddb1012f753e54eca010acedd8,ad5c87b0e8a93a1c795fbdddcfd91ab13eb4d14c7272af892b123e07e4ef8395,160,a1e4b94e5be0a9552f952c6d8f0bda430f9bfdab3c397079192588f75a8aba46,1f7bdd094d6a8634c38dd67d232f10ebdc75032637483205a54e37449f9f3c93,20,10,cooling_intensity_kWh_m2,mean,1.9927520929905942,2.0001113569521825,1,0.0036930152965208773,0.02,True,False,0,2,False,False,0,False
BE_TABULA_13,TABULA_standard_B_proxy,rcp_4_5,central,residential_energy_demand_gate5_v1,4b5b7791539478f9b2562d1b176e235ac7b641e1afdc40c3d5242661d9dbed3d,2ad0e9f7bbdfe12695c931891fd0e8132d060fd7bcbca23623db43d4c7393a5c,561839806dcdb8279ac4e42025bc5a82751f2588a2b2066fa84637918d8e4896,5425e9370287189ca45179f958739e4d1ea29f5439b14d2d1b6a877cf57e26a0,2987a546cb3f48253dcdfdc400036a68d1977eddb1012f753e54eca010acedd8,ad5c87b0e8a93a1c795fbdddcfd91ab13eb4d14c7272af892b123e07e4ef8395,160,a1e4b94e5be0a9552f952c6d8f0bda430f9bfdab3c397079192588f75a8aba46,1f7bdd094d6a8634c38dd67d232f10ebdc75032637483205a54e37449f9f3c93,20,10,cooling_intensity_kWh_m2,median,1.9122320862235633,1.9315036626211164,1,0.010078053044080118,0.02,True,False,0,2,False,False,0,False
BE_TABULA_13,TABULA_standard_B_proxy,rcp_4_5,central,residential_energy_demand_gate5_v1,4b5b7791539478f9b2562d1b176e235ac7b641e1afdc40c3d5242661d9dbed3d,2ad0e9f7bbdfe12695c931891fd0e8132d060fd7bcbca23623db43d4c7393a5c,561839806dcdb8279ac4e42025bc5a82751f2588a2b2066fa84637918d8e4896,5425e9370287189ca45179f958739e4d1ea29f5439b14d2d1b6a877cf57e26a0,2987a546cb3f48253dcdfdc400036a68d1977eddb1012f753e54eca010acedd8,ad5c87b0e8a93a1c795fbdddcfd91ab13eb4d14c7272af892b123e07e4ef8395,160,a1e4b94e5be0a9552f952c6d8f0bda430f9bfdab3c397079192588f75a8aba46,1f7bdd094d6a8634c38dd67d232f10ebdc75032637483205a54e37449f9f3c93,20,10,cooling_intensity_kWh_m2,p95,4.3934271254730239,4.3708575385795738,1,0.0051371255853071961,0.02,True,False,0,2,False,False,0,False
BE_TABULA_13,TABULA_standard_B_proxy,rcp_4_5,central,residential_energy_demand_gate5_v1,4b5b7791539478f9b2562d1b176e235ac7b641e1afdc40c3d5242661d9dbed3d,2ad0e9f7bbdfe12695c931891fd0e8132d060fd7bcbca23623db43d4c7393a5c,561839806dcdb8279ac4e42025bc5a82751f2588a2b2066fa84637918d8e4896,5425e9370287189ca45179f958739e4d1ea29f5439b14d2d1b6a877cf57e26a0,2987a546cb3f48253dcdfdc400036a68d1977eddb1012f753e54eca010acedd8,ad5c87b0e8a93a1c795fbdddcfd91ab13eb4d14c7272af892b123e07e4ef8395,160,a1e4b94e5be0a9552f952c6d8f0bda430f9bfdab3c397079192588f75a8aba46,1f7bdd094d6a8634c38dd67d232f10ebdc75032637483205a54e37449f9f3c93,20,10,peak_heating_W,mean,7489.2202326631286,7478.8851275139241,100,0.0013799974934812975,0.02,True,False,0,2,False,False,0,False
BE_TABULA_13,TABULA_standard_B_proxy,rcp_4_5,central,residential_energy_demand_gate5_v1,4b5b7791539478f9b2562d1b176e235ac7b641e1afdc40c3d5242661d9dbed3d,2ad0e9f7bbdfe12695c931891fd0e8132d060fd7bcbca23623db43d4c7393a5c,561839806dcdb8279ac4e42025bc5a82751f2588a2b2066fa84637918d8e4896,5425e9370287189ca45179f958739e4d1ea29f5439b14d2d1b6a877cf57e26a0,2987a546cb3f48253dcdfdc400036a68d1977eddb1012f753e54eca010acedd8,ad5c87b0e8a93a1c795fbdddcfd91ab13eb4d14c7272af892b123e07e4ef8395,160,a1e4b94e5be0a9552f952c6d8f0bda430f9bfdab3c397079192588f75a8aba46,1f7bdd094d6a8634c38dd67d232f10ebdc75032637483205a54e37449f9f3c93,20,10,peak_heating_W,median,7340.6143747123842,7319.7842141452138,100,0.0028376590165161181,0.02,True,False,0,2,False,False,0,False
BE_TABULA_13,TABULA_standard_B_proxy,rcp_4_5,central,residential_energy_demand_gate5_v1,4b5b7791539478f9b2562d1b176e235ac7b641e1afdc40c3d5242661d9dbed3d,2ad0e9f7bbdfe12695c931891fd0e8132d060fd7bcbca23623db43d4c7393a5c,561839806dcdb8279ac4e42025bc5a82751f2588a2b2066fa84637918d8e4896,5425e9370287189ca45179f958739e4d1ea29f5439b14d2d1b6a877cf57e26a0,2987a546cb3f48253dcdfdc400036a68d1977eddb1012f753e54eca010acedd8,ad5c87b0e8a93a1c795fbdddcfd91ab13eb4d14c7272af892b123e07e4ef8395,160,a1e4b94e5be0a9552f952c6d8f0bda430f9bfdab3c397079192588f75a8aba46,1f7bdd094d6a8634c38dd67d232f10ebdc75032637483205a54e37449f9f3c93,20,10,peak_heating_W,p95,8596.1221220612224,8559.6948887555009,100,0.0042376356208614239,0.02,True,False,0,2,False,False,0,False
BE_TABULA_13,TABULA_standard_B_proxy,rcp_4_5,central,residential_energy_demand_gate5_v1,4b5b7791539478f9b2562d1b176e235ac7b641e1afdc40c3d5242661d9dbed3d,2ad0e9f7bbdfe12695c931891fd0e8132d060fd7bcbca23623db43d4c7393a5c,561839806dcdb8279ac4e42025bc5a82751f2588a2b2066fa84637918d8e4896,5425e9370287189ca45179f958739e4d1ea29f5439b14d2d1b6a877cf57e26a0,2987a546cb3f48253dcdfdc400036a68d1977eddb1012f753e54eca010acedd8,ad5c87b0e8a93a1c795fbdddcfd91ab13eb4d14c7272af892b123e07e4ef8395,160,a1e4b94e5be0a9552f952c6d8f0bda430f9bfdab3c397079192588f75a8aba46,1f7bdd094d6a8634c38dd67d232f10ebdc75032637483205a54e37449f9f3c93,20,10,peak_cooling_W,mean,3611.7876352964954,3518.6799242098687,100,0.025778844297689014,0.02,False,False,0,2,False,False,0,False
BE_TABULA_13,TABULA_standard_B_proxy,rcp_4_5,central,residential_energy_demand_gate5_v1,4b5b7791539478f9b2562d1b176e235ac7b641e1afdc40c3d5242661d9dbed3d,2ad0e9f7bbdfe12695c931891fd0e8132d060fd7bcbca23623db43d4c7393a5c,561839806dcdb8279ac4e42025bc5a82751f2588a2b2066fa84637918d8e4896,5425e9370287189ca45179f958739e4d1ea29f5439b14d2d1b6a877cf57e26a0,2987a546cb3f48253dcdfdc400036a68d1977eddb1012f753e54eca010acedd8,ad5c87b0e8a93a1c795fbdddcfd91ab13eb4d14c7272af892b123e07e4ef8395,160,a1e4b94e5be0a9552f952c6d8f0bda430f9bfdab3c397079192588f75a8aba46,1f7bdd094d6a8634c38dd67d232f10ebdc75032637483205a54e37449f9f3c93,20,10,peak_cooling_W,median,3625.029038097563,3547.7204473809215,100,0.021326336949072679,0.02,False,False,0,2,False,False,0,False
BE_TABULA_13,TABULA_standard_B_proxy,rcp_4_5,central,residential_energy_demand_gate5_v1,4b5b7791539478f9b2562d1b176e235ac7b641e1afdc40c3d5242661d9dbed3d,2ad0e9f7bbdfe12695c931891fd0e8132d060fd7bcbca23623db43d4c7393a5c,561839806dcdb8279ac4e42025bc5a82751f2588a2b2066fa84637918d8e4896,5425e9370287189ca45179f958739e4d1ea29f5439b14d2d1b6a877cf57e26a0,2987a546cb3f48253dcdfdc400036a68d1977eddb1012f753e54eca010acedd8,ad5c87b0e8a93a1c795fbdddcfd91ab13eb4d14c7272af892b123e07e4ef8395,160,a1e4b94e5be0a9552f952c6d8f0bda430f9bfdab3c397079192588f75a8aba46,1f7bdd094d6a8634c38dd67d232f10ebdc75032637483205a54e37449f9f3c93,20,10,peak_cooling_W,p95,4640.3721535200511,4559.121885345603,100,0.01750942930575386,0.02,True,False,0,2,False,False,0,False
BE_TABULA_13,TABULA_standard_B_proxy,rcp_4_5,central,residential_energy_demand_gate5_v1,4b5b7791539478f9b2562d1b176e235ac7b641e1afdc40c3d5242661d9dbed3d,2ad0e9f7bbdfe12695c931891fd0e8132d060fd7bcbca23623db43d4c7393a5c,561839806dcdb8279ac4e42025bc5a82751f2588a2b2066fa84637918d8e4896,5425e9370287189ca45179f958739e4d1ea29f5439b14d2d1b6a877cf57e26a0,2987a546cb3f48253dcdfdc400036a68d1977eddb1012f753e54eca010acedd8,ad5c87b0e8a93a1c795fbdddcfd91ab13eb4d14c7272af892b123e07e4ef8395,160,a1e4b94e5be0a9552f952c6d8f0bda430f9bfdab3c397079192588f75a8aba46,d9c1d0f471fb97f0efab0c100463285cd55e4de7718f288f7be26835b3adb0fe,40,20,heating_intensity_kWh_m2,mean,59.34932482348102,59.321701927000888,1,0.00046542899287041586,0.02,True,True,1,2,False,False,0,False
BE_TABULA_13,TABULA_standard_B_proxy,rcp_4_5,central,residential_energy_demand_gate5_v1,4b5b7791539478f9b2562d1b176e235ac7b641e1afdc40c3d5242661d9dbed3d,2ad0e9f7bbdfe12695c931891fd0e8132d060fd7bcbca23623db43d4c7393a5c,561839806dcdb8279ac4e42025bc5a82751f2588a2b2066fa84637918d8e4896,5425e9370287189ca45179f958739e4d1ea29f5439b14d2d1b6a877cf57e26a0,2987a546cb3f48253dcdfdc400036a68d1977eddb1012f753e54eca010acedd8,ad5c87b0e8a93a1c795fbdddcfd91ab13eb4d14c7272af892b123e07e4ef8395,160,a1e4b94e5be0a9552f952c6d8f0bda430f9bfdab3c397079192588f75a8aba46,d9c1d0f471fb97f0efab0c100463285cd55e4de7718f288f7be26835b3adb0fe,40,20,heating_intensity_kWh_m2,median,57.769438484541823,57.769438484541823,1,0,0.02,True,True,1,2,False,False,0,False
BE_TABULA_13,TABULA_standard_B_proxy,rcp_4_5,central,residential_energy_demand_gate5_v1,4b5b7791539478f9b2562d1b176e235ac7b641e1afdc40c3d5242661d9dbed3d,2ad0e9f7bbdfe12695c931891fd0e8132d060fd7bcbca23623db43d4c7393a5c,561839806dcdb8279ac4e42025bc5a82751f2588a2b2066fa84637918d8e4896,5425e9370287189ca45179f958739e4d1ea29f5439b14d2d1b6a877cf57e26a0,2987a546cb3f48253dcdfdc400036a68d1977eddb1012f753e54eca010acedd8,ad5c87b0e8a93a1c795fbdddcfd91ab13eb4d14c7272af892b123e07e4ef8395,160,a1e4b94e5be0a9552f952c6d8f0bda430f9bfdab3c397079192588f75a8aba46,d9c1d0f471fb97f0efab0c100463285cd55e4de7718f288f7be26835b3adb0fe,40,20,heating_intensity_kWh_m2,p95,77.995382162786171,77.983918519399353,1,0.00014697848858400903,0.02,True,True,1,2,False,False,0,False
BE_TABULA_13,TABULA_standard_B_proxy,rcp_4_5,central,residential_energy_demand_gate5_v1,4b5b7791539478f9b2562d1b176e235ac7b641e1afdc40c3d5242661d9dbed3d,2ad0e9f7bbdfe12695c931891fd0e8132d060fd7bcbca23623db43d4c7393a5c,561839806dcdb8279ac4e42025bc5a82751f2588a2b2066fa84637918d8e4896,5425e9370287189ca45179f958739e4d1ea29f5439b14d2d1b6a877cf57e26a0,2987a546cb3f48253dcdfdc400036a68d1977eddb1012f753e54eca010acedd8,ad5c87b0e8a93a1c795fbdddcfd91ab13eb4d14c7272af892b123e07e4ef8395,160,a1e4b94e5be0a9552f952c6d8f0bda430f9bfdab3c397079192588f75a8aba46,d9c1d0f471fb97f0efab0c100463285cd55e4de7718f288f7be26835b3adb0fe,40,20,cooling_intensity_kWh_m2,mean,2.0126894362350938,1.9927520929905942,1,0.0099058219741015151,0.02,True,True,1,2,False,False,0,False
BE_TABULA_13,TABULA_standard_B_proxy,rcp_4_5,central,residential_energy_demand_gate5_v1,4b5b7791539478f9b2562d1b176e235ac7b641e1afdc40c3d5242661d9dbed3d,2ad0e9f7bbdfe12695c931891fd0e8132d060fd7bcbca23623db43d4c7393a5c,561839806dcdb8279ac4e42025bc5a82751f2588a2b2066fa84637918d8e4896,5425e9370287189ca45179f958739e4d1ea29f5439b14d2d1b6a877cf57e26a0,2987a546cb3f48253dcdfdc400036a68d1977eddb1012f753e54eca010acedd8,ad5c87b0e8a93a1c795fbdddcfd91ab13eb4d14c7272af892b123e07e4ef8395,160,a1e4b94e5be0a9552f952c6d8f0bda430f9bfdab3c397079192588f75a8aba46,d9c1d0f471fb97f0efab0c100463285cd55e4de7718f288f7be26835b3adb0fe,40,20,cooling_intensity_kWh_m2,median,1.935550549720515,1.9122320862235633,1,0.012047457763538515,0.02,True,True,1,2,False,False,0,False
BE_TABULA_13,TABULA_standard_B_proxy,rcp_4_5,central,residential_energy_demand_gate5_v1,4b5b7791539478f9b2562d1b176e235ac7b641e1afdc40c3d5242661d9dbed3d,2ad0e9f7bbdfe12695c931891fd0e8132d060fd7bcbca23623db43d4c7393a5c,561839806dcdb8279ac4e42025bc5a82751f2588a2b2066fa84637918d8e4896,5425e9370287189ca45179f958739e4d1ea29f5439b14d2d1b6a877cf57e26a0,2987a546cb3f48253dcdfdc400036a68d1977eddb1012f753e54eca010acedd8,ad5c87b0e8a93a1c795fbdddcfd91ab13eb4d14c7272af892b123e07e4ef8395,160,a1e4b94e5be0a9552f952c6d8f0bda430f9bfdab3c397079192588f75a8aba46,d9c1d0f471fb97f0efab0c100463285cd55e4de7718f288f7be26835b3adb0fe,40,20,cooling_intensity_kWh_m2,p95,4.3969151508017648,4.3934271254730239,1,0.00079328920597996678,0.02,True,True,1,2,False,False,0,False
BE_TABULA_13,TABULA_standard_B_proxy,rcp_4_5,central,residential_energy_demand_gate5_v1,4b5b7791539478f9b2562d1b176e235ac7b641e1afdc40c3d5242661d9dbed3d,2ad0e9f7bbdfe12695c931891fd0e8132d060fd7bcbca23623db43d4c7393a5c,561839806dcdb8279ac4e42025bc5a82751f2588a2b2066fa84637918d8e4896,5425e9370287189ca45179f958739e4d1ea29f5439b14d2d1b6a877cf57e26a0,2987a546cb3f48253dcdfdc400036a68d1977eddb1012f753e54eca010acedd8,ad5c87b0e8a93a1c795fbdddcfd91ab13eb4d14c7272af892b123e07e4ef8395,160,a1e4b94e5be0a9552f952c6d8f0bda430f9bfdab3c397079192588f75a8aba46,d9c1d0f471fb97f0efab0c100463285cd55e4de7718f288f7be26835b3adb0fe,40,20,peak_heating_W,mean,7489.159638446652,7489.2202326631286,100,8.0909233347801928e-06,0.02,True,True,1,2,False,False,0,False
BE_TABULA_13,TABULA_standard_B_proxy,rcp_4_5,central,residential_energy_demand_gate5_v1,4b5b7791539478f9b2562d1b176e235ac7b641e1afdc40c3d5242661d9dbed3d,2ad0e9f7bbdfe12695c931891fd0e8132d060fd7bcbca23623db43d4c7393a5c,561839806dcdb8279ac4e42025bc5a82751f2588a2b2066fa84637918d8e4896,5425e9370287189ca45179f958739e4d1ea29f5439b14d2d1b6a877cf57e26a0,2987a546cb3f48253dcdfdc400036a68d1977eddb1012f753e54eca010acedd8,ad5c87b0e8a93a1c795fbdddcfd91ab13eb4d14c7272af892b123e07e4ef8395,160,a1e4b94e5be0a9552f952c6d8f0bda430f9bfdab3c397079192588f75a8aba46,d9c1d0f471fb97f0efab0c100463285cd55e4de7718f288f7be26835b3adb0fe,40,20,peak_heating_W,median,7336.8286754152141,7340.6143747123842,100,0.00051598578413798051,0.02,True,True,1,2,False,False,0,False
BE_TABULA_13,TABULA_standard_B_proxy,rcp_4_5,central,residential_energy_demand_gate5_v1,4b5b7791539478f9b2562d1b176e235ac7b641e1afdc40c3d5242661d9dbed3d,2ad0e9f7bbdfe12695c931891fd0e8132d060fd7bcbca23623db43d4c7393a5c,561839806dcdb8279ac4e42025bc5a82751f2588a2b2066fa84637918d8e4896,5425e9370287189ca45179f958739e4d1ea29f5439b14d2d1b6a877cf57e26a0,2987a546cb3f48253dcdfdc400036a68d1977eddb1012f753e54eca010acedd8,ad5c87b0e8a93a1c795fbdddcfd91ab13eb4d14c7272af892b123e07e4ef8395,160,a1e4b94e5be0a9552f952c6d8f0bda430f9bfdab3c397079192588f75a8aba46,d9c1d0f471fb97f0efab0c100463285cd55e4de7718f288f7be26835b3adb0fe,40,20,peak_heating_W,p95,8574.5650978242829,8596.1221220612224,100,0.002514066193562326,0.02,True,True,1,2,False,False,0,False
BE_TABULA_13,TABULA_standard_B_proxy,rcp_4_5,central,residential_energy_demand_gate5_v1,4b5b7791539478f9b2562d1b176e235ac7b641e1afdc40c3d5242661d9dbed3d,2ad0e9f7bbdfe12695c931891fd0e8132d060fd7bcbca23623db43d4c7393a5c,561839806dcdb8279ac4e42025bc5a82751f2588a2b2066fa84637918d8e4896,5425e9370287189ca45179f958739e4d1ea29f5439b14d2d1b6a877cf57e26a0,2987a546cb3f48253dcdfdc400036a68d1977eddb1012f753e54eca010acedd8,ad5c87b0e8a93a1c795fbdddcfd91ab13eb4d14c7272af892b123e07e4ef8395,160,a1e4b94e5be0a9552f952c6d8f0bda430f9bfdab3c397079192588f75a8aba46,d9c1d0f471fb97f0efab0c100463285cd55e4de7718f288f7be26835b3adb0fe,40,20,peak_cooling_W,mean,3600.1781193668921,3611.7876352964954,100,0.0032247059852818791,0.02,True,True,1,2,False,False,0,False
BE_TABULA_13,TABULA_standard_B_proxy,rcp_4_5,central,residential_energy_demand_gate5_v1,4b5b7791539478f9b2562d1b176e235ac7b641e1afdc40c3d5242661d9dbed3d,2ad0e9f7bbdfe12695c931891fd0e8132d060fd7bcbca23623db43d4c7393a5c,561839806dcdb8279ac4e42025bc5a82751f2588a2b2066fa84637918d8e4896,5425e9370287189ca45179f958739e4d1ea29f5439b14d2d1b6a877cf57e26a0,2987a546cb3f48253dcdfdc400036a68d1977eddb1012f753e54eca010acedd8,ad5c87b0e8a93a1c795fbdddcfd91ab13eb4d14c7272af892b123e07e4ef8395,160,a1e4b94e5be0a9552f952c6d8f0bda430f9bfdab3c397079192588f75a8aba46,d9c1d0f471fb97f0efab0c100463285cd55e4de7718f288f7be26835b3adb0fe,40,20,peak_cooling_W,median,3618.2301156251797,3625.029038097563,100,0.0018790740928893493,0.02,True,True,1,2,False,False,0,False
BE_TABULA_13,TABULA_standard_B_proxy,rcp_4_5,central,residential_energy_demand_gate5_v1,4b5b7791539478f9b2562d1b176e235ac7b641e1afdc40c3d5242661d9dbed3d,2ad0e9f7bbdfe12695c931891fd0e8132d060fd7bcbca23623db43d4c7393a5c,561839806dcdb8279ac4e42025bc5a82751f2588a2b2066fa84637918d8e4896,5425e9370287189ca45179f958739e4d1ea29f5439b14d2d1b6a877cf57e26a0,2987a546cb3f48253dcdfdc400036a68d1977eddb1012f753e54eca010acedd8,ad5c87b0e8a93a1c795fbdddcfd91ab13eb4d14c7272af892b123e07e4ef8395,160,a1e4b94e5be0a9552f952c6d8f0bda430f9bfdab3c397079192588f75a8aba46,d9c1d0f471fb97f0efab0c100463285cd55e4de7718f288f7be26835b3adb0fe,40,20,peak_cooling_W,p95,4592.3626225984908,4640.3721535200511,100,0.010454211669895344,0.02,True,True,1,2,False,False,0,False
BE_TABULA_13,TABULA_standard_B_proxy,rcp_4_5,central,residential_energy_demand_gate5_v1,4b5b7791539478f9b2562d1b176e235ac7b641e1afdc40c3d5242661d9dbed3d,2ad0e9f7bbdfe12695c931891fd0e8132d060fd7bcbca23623db43d4c7393a5c,561839806dcdb8279ac4e42025bc5a82751f2588a2b2066fa84637918d8e4896,5425e9370287189ca45179f958739e4d1ea29f5439b14d2d1b6a877cf57e26a0,2987a546cb3f48253dcdfdc400036a68d1977eddb1012f753e54eca010acedd8,ad5c87b0e8a93a1c795fbdddcfd91ab13eb4d14c7272af892b123e07e4ef8395,160,a1e4b94e5be0a9552f952c6d8f0bda430f9bfdab3c397079192588f75a8aba46,68c77bb6c64b8d83360a050cd3cb41af044e4998f93c5776b9bf72e3b3a2d976,80,40,heating_intensity_kWh_m2,mean,59.361669606967091,59.34932482348102,1,0.00020795883215222769,0.02,True,True,2,2,True,True,1,False
BE_TABULA_13,TABULA_standard_B_proxy,rcp_4_5,central,residential_energy_demand_gate5_v1,4b5b7791539478f9b2562d1b176e235ac7b641e1afdc40c3d5242661d9dbed3d,2ad0e9f7bbdfe12695c931891fd0e8132d060fd7bcbca23623db43d4c7393a5c,561839806dcdb8279ac4e42025bc5a82751f2588a2b2066fa84637918d8e4896,5425e9370287189ca45179f958739e4d1ea29f5439b14d2d1b6a877cf57e26a0,2987a546cb3f48253dcdfdc400036a68d1977eddb1012f753e54eca010acedd8,ad5c87b0e8a93a1c795fbdddcfd91ab13eb4d14c7272af892b123e07e4ef8395,160,a1e4b94e5be0a9552f952c6d8f0bda430f9bfdab3c397079192588f75a8aba46,68c77bb6c64b8d83360a050cd3cb41af044e4998f93c5776b9bf72e3b3a2d976,80,40,heating_intensity_kWh_m2,median,57.769438484541823,57.769438484541823,1,0,0.02,True,True,2,2,True,True,1,False
BE_TABULA_13,TABULA_standard_B_proxy,rcp_4_5,central,residential_energy_demand_gate5_v1,4b5b7791539478f9b2562d1b176e235ac7b641e1afdc40c3d5242661d9dbed3d,2ad0e9f7bbdfe12695c931891fd0e8132d060fd7bcbca23623db43d4c7393a5c,561839806dcdb8279ac4e42025bc5a82751f2588a2b2066fa84637918d8e4896,5425e9370287189ca45179f958739e4d1ea29f5439b14d2d1b6a877cf57e26a0,2987a546cb3f48253dcdfdc400036a68d1977eddb1012f753e54eca010acedd8,ad5c87b0e8a93a1c795fbdddcfd91ab13eb4d14c7272af892b123e07e4ef8395,160,a1e4b94e5be0a9552f952c6d8f0bda430f9bfdab3c397079192588f75a8aba46,68c77bb6c64b8d83360a050cd3cb41af044e4998f93c5776b9bf72e3b3a2d976,80,40,heating_intensity_kWh_m2,p95,78.143625662408695,77.995382162786171,1,0.001897064518902107,0.02,True,True,2,2,True,True,1,False
BE_TABULA_13,TABULA_standard_B_proxy,rcp_4_5,central,residential_energy_demand_gate5_v1,4b5b7791539478f9b2562d1b176e235ac7b641e1afdc40c3d5242661d9dbed3d,2ad0e9f7bbdfe12695c931891fd0e8132d060fd7bcbca23623db43d4c7393a5c,561839806dcdb8279ac4e42025bc5a82751f2588a2b2066fa84637918d8e4896,5425e9370287189ca45179f958739e4d1ea29f5439b14d2d1b6a877cf57e26a0,2987a546cb3f48253dcdfdc400036a68d1977eddb1012f753e54eca010acedd8,ad5c87b0e8a93a1c795fbdddcfd91ab13eb4d14c7272af892b123e07e4ef8395,160,a1e4b94e5be0a9552f952c6d8f0bda430f9bfdab3c397079192588f75a8aba46,68c77bb6c64b8d83360a050cd3cb41af044e4998f93c5776b9bf72e3b3a2d976,80,40,cooling_intensity_kWh_m2,mean,2.0163689322224347,2.0126894362350938,1,0.0018248128745395002,0.02,True,True,2,2,True,True,1,False
BE_TABULA_13,TABULA_standard_B_proxy,rcp_4_5,central,residential_energy_demand_gate5_v1,4b5b7791539478f9b2562d1b176e235ac7b641e1afdc40c3d5242661d9dbed3d,2ad0e9f7bbdfe12695c931891fd0e8132d060fd7bcbca23623db43d4c7393a5c,561839806dcdb8279ac4e42025bc5a82751f2588a2b2066fa84637918d8e4896,5425e9370287189ca45179f958739e4d1ea29f5439b14d2d1b6a877cf57e26a0,2987a546cb3f48253dcdfdc400036a68d1977eddb1012f753e54eca010acedd8,ad5c87b0e8a93a1c795fbdddcfd91ab13eb4d14c7272af892b123e07e4ef8395,160,a1e4b94e5be0a9552f952c6d8f0bda430f9bfdab3c397079192588f75a8aba46,68c77bb6c64b8d83360a050cd3cb41af044e4998f93c5776b9bf72e3b3a2d976,80,40,cooling_intensity_kWh_m2,median,1.9439116562116969,1.935550549720515,1,0.0043011761694335916,0.02,True,True,2,2,True,True,1,False
BE_TABULA_13,TABULA_standard_B_proxy,rcp_4_5,central,residential_energy_demand_gate5_v1,4b5b7791539478f9b2562d1b176e235ac7b641e1afdc40c3d5242661d9dbed3d,2ad0e9f7bbdfe12695c931891fd0e8132d060fd7bcbca23623db43d4c7393a5c,561839806dcdb8279ac4e42025bc5a82751f2588a2b2066fa84637918d8e4896,5425e9370287189ca45179f958739e4d1ea29f5439b14d2d1b6a877cf57e26a0,2987a546cb3f48253dcdfdc400036a68d1977eddb1012f753e54eca010acedd8,ad5c87b0e8a93a1c795fbdddcfd91ab13eb4d14c7272af892b123e07e4ef8395,160,a1e4b94e5be0a9552f952c6d8f0bda430f9bfdab3c397079192588f75a8aba46,68c77bb6c64b8d83360a050cd3cb41af044e4998f93c5776b9bf72e3b3a2d976,80,40,cooling_intensity_kWh_m2,p95,4.40468618555993,4.3969151508017648,1,0.0017642652463281767,0.02,True,True,2,2,True,True,1,False
BE_TABULA_13,TABULA_standard_B_proxy,rcp_4_5,central,residential_energy_demand_gate5_v1,4b5b7791539478f9b2562d1b176e235ac7b641e1afdc40c3d5242661d9dbed3d,2ad0e9f7bbdfe12695c931891fd0e8132d060fd7bcbca23623db43d4c7393a5c,561839806dcdb8279ac4e42025bc5a82751f2588a2b2066fa84637918d8e4896,5425e9370287189ca45179f958739e4d1ea29f5439b14d2d1b6a877cf57e26a0,2987a546cb3f48253dcdfdc400036a68d1977eddb1012f753e54eca010acedd8,ad5c87b0e8a93a1c795fbdddcfd91ab13eb4d14c7272af892b123e07e4ef8395,160,a1e4b94e5be0a9552f952c6d8f0bda430f9bfdab3c397079192588f75a8aba46,68c77bb6c64b8d83360a050cd3cb41af044e4998f93c5776b9bf72e3b3a2d976,80,40,peak_heating_W,mean,7480.4751938505697,7489.159638446652,100,0.0011609482514187773,0.02,True,True,2,2,True,True,1,False
BE_TABULA_13,TABULA_standard_B_proxy,rcp_4_5,central,residential_energy_demand_gate5_v1,4b5b7791539478f9b2562d1b176e235ac7b641e1afdc40c3d5242661d9dbed3d,2ad0e9f7bbdfe12695c931891fd0e8132d060fd7bcbca23623db43d4c7393a5c,561839806dcdb8279ac4e42025bc5a82751f2588a2b2066fa84637918d8e4896,5425e9370287189ca45179f958739e4d1ea29f5439b14d2d1b6a877cf57e26a0,2987a546cb3f48253dcdfdc400036a68d1977eddb1012f753e54eca010acedd8,ad5c87b0e8a93a1c795fbdddcfd91ab13eb4d14c7272af892b123e07e4ef8395,160,a1e4b94e5be0a9552f952c6d8f0bda430f9bfdab3c397079192588f75a8aba46,68c77bb6c64b8d83360a050cd3cb41af044e4998f93c5776b9bf72e3b3a2d976,80,40,peak_heating_W,median,7336.9636168593133,7336.8286754152141,100,1.8392001261824981e-05,0.02,True,True,2,2,True,True,1,False
BE_TABULA_13,TABULA_standard_B_proxy,rcp_4_5,central,residential_energy_demand_gate5_v1,4b5b7791539478f9b2562d1b176e235ac7b641e1afdc40c3d5242661d9dbed3d,2ad0e9f7bbdfe12695c931891fd0e8132d060fd7bcbca23623db43d4c7393a5c,561839806dcdb8279ac4e42025bc5a82751f2588a2b2066fa84637918d8e4896,5425e9370287189ca45179f958739e4d1ea29f5439b14d2d1b6a877cf57e26a0,2987a546cb3f48253dcdfdc400036a68d1977eddb1012f753e54eca010acedd8,ad5c87b0e8a93a1c795fbdddcfd91ab13eb4d14c7272af892b123e07e4ef8395,160,a1e4b94e5be0a9552f952c6d8f0bda430f9bfdab3c397079192588f75a8aba46,68c77bb6c64b8d83360a050cd3cb41af044e4998f93c5776b9bf72e3b3a2d976,80,40,peak_heating_W,p95,8546.900382784972,8574.5650978242829,100,0.0032368126221563077,0.02,True,True,2,2,True,True,1,False
BE_TABULA_13,TABULA_standard_B_proxy,rcp_4_5,central,residential_energy_demand_gate5_v1,4b5b7791539478f9b2562d1b176e235ac7b641e1afdc40c3d5242661d9dbed3d,2ad0e9f7bbdfe12695c931891fd0e8132d060fd7bcbca23623db43d4c7393a5c,561839806dcdb8279ac4e42025bc5a82751f2588a2b2066fa84637918d8e4896,5425e9370287189ca45179f958739e4d1ea29f5439b14d2d1b6a877cf57e26a0,2987a546cb3f48253dcdfdc400036a68d1977eddb1012f753e54eca010acedd8,ad5c87b0e8a93a1c795fbdddcfd91ab13eb4d14c7272af892b123e07e4ef8395,160,a1e4b94e5be0a9552f952c6d8f0bda430f9bfdab3c397079192588f75a8aba46,68c77bb6c64b8d83360a050cd3cb41af044e4998f93c5776b9bf72e3b3a2d976,80,40,peak_cooling_W,mean,3595.4557644592883,3600.1781193668921,100,0.0013134231699591056,0.02,True,True,2,2,True,True,1,False
BE_TABULA_13,TABULA_standard_B_proxy,rcp_4_5,central,residential_energy_demand_gate5_v1,4b5b7791539478f9b2562d1b176e235ac7b641e1afdc40c3d5242661d9dbed3d,2ad0e9f7bbdfe12695c931891fd0e8132d060fd7bcbca23623db43d4c7393a5c,561839806dcdb8279ac4e42025bc5a82751f2588a2b2066fa84637918d8e4896,5425e9370287189ca45179f958739e4d1ea29f5439b14d2d1b6a877cf57e26a0,2987a546cb3f48253dcdfdc400036a68d1977eddb1012f753e54eca010acedd8,ad5c87b0e8a93a1c795fbdddcfd91ab13eb4d14c7272af892b123e07e4ef8395,160,a1e4b94e5be0a9552f952c6d8f0bda430f9bfdab3c397079192588f75a8aba46,68c77bb6c64b8d83360a050cd3cb41af044e4998f93c5776b9bf72e3b3a2d976,80,40,peak_cooling_W,median,3607.109445599177,3618.2301156251797,100,0.0030829865835011959,0.02,True,True,2,2,True,True,1,False
BE_TABULA_13,TABULA_standard_B_proxy,rcp_4_5,central,residential_energy_demand_gate5_v1,4b5b7791539478f9b2562d1b176e235ac7b641e1afdc40c3d5242661d9dbed3d,2ad0e9f7bbdfe12695c931891fd0e8132d060fd7bcbca23623db43d4c7393a5c,561839806dcdb8279ac4e42025bc5a82751f2588a2b2066fa84637918d8e4896,5425e9370287189ca45179f958739e4d1ea29f5439b14d2d1b6a877cf57e26a0,2987a546cb3f48253dcdfdc400036a68d1977eddb1012f753e54eca010acedd8,ad5c87b0e8a93a1c795fbdddcfd91ab13eb4d14c7272af892b123e07e4ef8395,160,a1e4b94e5be0a9552f952c6d8f0bda430f9bfdab3c397079192588f75a8aba46,68c77bb6c64b8d83360a050cd3cb41af044e4998f93c5776b9bf72e3b3a2d976,80,40,peak_cooling_W,p95,4600.8873483536836,4592.3626225984908,100,0.0018528438341884512,0.02,True,True,2,2,True,True,1,False
BE_TABULA_13,TABULA_standard_B_proxy,rcp_4_5,central,residential_energy_demand_gate5_v1,4b5b7791539478f9b2562d1b176e235ac7b641e1afdc40c3d5242661d9dbed3d,2ad0e9f7bbdfe12695c931891fd0e8132d060fd7bcbca23623db43d4c7393a5c,561839806dcdb8279ac4e42025bc5a82751f2588a2b2066fa84637918d8e4896,5425e9370287189ca45179f958739e4d1ea29f5439b14d2d1b6a877cf57e26a0,2987a546cb3f48253dcdfdc400036a68d1977eddb1012f753e54eca010acedd8,ad5c87b0e8a93a1c795fbdddcfd91ab13eb4d14c7272af892b123e07e4ef8395,160,a1e4b94e5be0a9552f952c6d8f0bda430f9bfdab3c397079192588f75a8aba46,a1e4b94e5be0a9552f952c6d8f0bda430f9bfdab3c397079192588f75a8aba46,160,80,heating_intensity_kWh_m2,mean,59.355703511714587,59.361669606967091,1,0.00010051427073602279,0.02,True,True,3,2,True,False,0,False
BE_TABULA_13,TABULA_standard_B_proxy,rcp_4_5,central,residential_energy_demand_gate5_v1,4b5b7791539478f9b2562d1b176e235ac7b641e1afdc40c3d5242661d9dbed3d,2ad0e9f7bbdfe12695c931891fd0e8132d060fd7bcbca23623db43d4c7393a5c,561839806dcdb8279ac4e42025bc5a82751f2588a2b2066fa84637918d8e4896,5425e9370287189ca45179f958739e4d1ea29f5439b14d2d1b6a877cf57e26a0,2987a546cb3f48253dcdfdc400036a68d1977eddb1012f753e54eca010acedd8,ad5c87b0e8a93a1c795fbdddcfd91ab13eb4d14c7272af892b123e07e4ef8395,160,a1e4b94e5be0a9552f952c6d8f0bda430f9bfdab3c397079192588f75a8aba46,a1e4b94e5be0a9552f952c6d8f0bda430f9bfdab3c397079192588f75a8aba46,160,80,heating_intensity_kWh_m2,median,57.829209502481298,57.769438484541823,1,0.0010335783327093662,0.02,True,True,3,2,True,False,0,False
BE_TABULA_13,TABULA_standard_B_proxy,rcp_4_5,central,residential_energy_demand_gate5_v1,4b5b7791539478f9b2562d1b176e235ac7b641e1afdc40c3d5242661d9dbed3d,2ad0e9f7bbdfe12695c931891fd0e8132d060fd7bcbca23623db43d4c7393a5c,561839806dcdb8279ac4e42025bc5a82751f2588a2b2066fa84637918d8e4896,5425e9370287189ca45179f958739e4d1ea29f5439b14d2d1b6a877cf57e26a0,2987a546cb3f48253dcdfdc400036a68d1977eddb1012f753e54eca010acedd8,ad5c87b0e8a93a1c795fbdddcfd91ab13eb4d14c7272af892b123e07e4ef8395,160,a1e4b94e5be0a9552f952c6d8f0bda430f9bfdab3c397079192588f75a8aba46,a1e4b94e5be0a9552f952c6d8f0bda430f9bfdab3c397079192588f75a8aba46,160,80,heating_intensity_kWh_m2,p95,78.151904748302414,78.143625662408695,1,0.00010593581718043238,0.02,True,True,3,2,True,False,0,False
BE_TABULA_13,TABULA_standard_B_proxy,rcp_4_5,central,residential_energy_demand_gate5_v1,4b5b7791539478f9b2562d1b176e235ac7b641e1afdc40c3d5242661d9dbed3d,2ad0e9f7bbdfe12695c931891fd0e8132d060fd7bcbca23623db43d4c7393a5c,561839806dcdb8279ac4e42025bc5a82751f2588a2b2066fa84637918d8e4896,5425e9370287189ca45179f958739e4d1ea29f5439b14d2d1b6a877cf57e26a0,2987a546cb3f48253dcdfdc400036a68d1977eddb1012f753e54eca010acedd8,ad5c87b0e8a93a1c795fbdddcfd91ab13eb4d14c7272af892b123e07e4ef8395,160,a1e4b94e5be0a9552f952c6d8f0bda430f9bfdab3c397079192588f75a8aba46,a1e4b94e5be0a9552f952c6d8f0bda430f9bfdab3c397079192588f75a8aba46,160,80,cooling_intensity_kWh_m2,mean,2.009348951462139,2.0163689322224347,1,0.0034936593542836533,0.02,True,True,3,2,True,False,0,False
BE_TABULA_13,TABULA_standard_B_proxy,rcp_4_5,central,residential_energy_demand_gate5_v1,4b5b7791539478f9b2562d1b176e235ac7b641e1afdc40c3d5242661d9dbed3d,2ad0e9f7bbdfe12695c931891fd0e8132d060fd7bcbca23623db43d4c7393a5c,561839806dcdb8279ac4e42025bc5a82751f2588a2b2066fa84637918d8e4896,5425e9370287189ca45179f958739e4d1ea29f5439b14d2d1b6a877cf57e26a0,2987a546cb3f48253dcdfdc400036a68d1977eddb1012f753e54eca010acedd8,ad5c87b0e8a93a1c795fbdddcfd91ab13eb4d14c7272af892b123e07e4ef8395,160,a1e4b94e5be0a9552f952c6d8f0bda430f9bfdab3c397079192588f75a8aba46,a1e4b94e5be0a9552f952c6d8f0bda430f9bfdab3c397079192588f75a8aba46,160,80,cooling_intensity_kWh_m2,median,1.9307885199882318,1.9439116562116969,1,0.0067967755596273988,0.02,True,True,3,2,True,False,0,False
BE_TABULA_13,TABULA_standard_B_proxy,rcp_4_5,central,residential_energy_demand_gate5_v1,4b5b7791539478f9b2562d1b176e235ac7b641e1afdc40c3d5242661d9dbed3d,2ad0e9f7bbdfe12695c931891fd0e8132d060fd7bcbca23623db43d4c7393a5c,561839806dcdb8279ac4e42025bc5a82751f2588a2b2066fa84637918d8e4896,5425e9370287189ca45179f958739e4d1ea29f5439b14d2d1b6a877cf57e26a0,2987a546cb3f48253dcdfdc400036a68d1977eddb1012f753e54eca010acedd8,ad5c87b0e8a93a1c795fbdddcfd91ab13eb4d14c7272af892b123e07e4ef8395,160,a1e4b94e5be0a9552f952c6d8f0bda430f9bfdab3c397079192588f75a8aba46,a1e4b94e5be0a9552f952c6d8f0bda430f9bfdab3c397079192588f75a8aba46,160,80,cooling_intensity_kWh_m2,p95,4.4019843939778402,4.40468618555993,1,0.00061376673342729705,0.02,True,True,3,2,True,False,0,False
BE_TABULA_13,TABULA_standard_B_proxy,rcp_4_5,central,residential_energy_demand_gate5_v1,4b5b7791539478f9b2562d1b176e235ac7b641e1afdc40c3d5242661d9dbed3d,2ad0e9f7bbdfe12695c931891fd0e8132d060fd7bcbca23623db43d4c7393a5c,561839806dcdb8279ac4e42025bc5a82751f2588a2b2066fa84637918d8e4896,5425e9370287189ca45179f958739e4d1ea29f5439b14d2d1b6a877cf57e26a0,2987a546cb3f48253dcdfdc400036a68d1977eddb1012f753e54eca010acedd8,ad5c87b0e8a93a1c795fbdddcfd91ab13eb4d14c7272af892b123e07e4ef8395,160,a1e4b94e5be0a9552f952c6d8f0bda430f9bfdab3c397079192588f75a8aba46,a1e4b94e5be0a9552f952c6d8f0bda430f9bfdab3c397079192588f75a8aba46,160,80,peak_heating_W,mean,7485.0206334681561,7480.4751938505697,100,0.000607271487971883,0.02,True,True,3,2,True,False,0,False
BE_TABULA_13,TABULA_standard_B_proxy,rcp_4_5,central,residential_energy_demand_gate5_v1,4b5b7791539478f9b2562d1b176e235ac7b641e1afdc40c3d5242661d9dbed3d,2ad0e9f7bbdfe12695c931891fd0e8132d060fd7bcbca23623db43d4c7393a5c,561839806dcdb8279ac4e42025bc5a82751f2588a2b2066fa84637918d8e4896,5425e9370287189ca45179f958739e4d1ea29f5439b14d2d1b6a877cf57e26a0,2987a546cb3f48253dcdfdc400036a68d1977eddb1012f753e54eca010acedd8,ad5c87b0e8a93a1c795fbdddcfd91ab13eb4d14c7272af892b123e07e4ef8395,160,a1e4b94e5be0a9552f952c6d8f0bda430f9bfdab3c397079192588f75a8aba46,a1e4b94e5be0a9552f952c6d8f0bda430f9bfdab3c397079192588f75a8aba46,160,80,peak_heating_W,median,7339.9651107798327,7336.9636168593133,100,0.00040892482119720297,0.02,True,True,3,2,True,False,0,False
BE_TABULA_13,TABULA_standard_B_proxy,rcp_4_5,central,residential_energy_demand_gate5_v1,4b5b7791539478f9b2562d1b176e235ac7b641e1afdc40c3d5242661d9dbed3d,2ad0e9f7bbdfe12695c931891fd0e8132d060fd7bcbca23623db43d4c7393a5c,561839806dcdb8279ac4e42025bc5a82751f2588a2b2066fa84637918d8e4896,5425e9370287189ca45179f958739e4d1ea29f5439b14d2d1b6a877cf57e26a0,2987a546cb3f48253dcdfdc400036a68d1977eddb1012f753e54eca010acedd8,ad5c87b0e8a93a1c795fbdddcfd91ab13eb4d14c7272af892b123e07e4ef8395,160,a1e4b94e5be0a9552f952c6d8f0bda430f9bfdab3c397079192588f75a8aba46,a1e4b94e5be0a9552f952c6d8f0bda430f9bfdab3c397079192588f75a8aba46,160,80,peak_heating_W,p95,8550.0185727493881,8546.900382784972,100,0.00036469978841384659,0.02,True,True,3,2,True,False,0,False
BE_TABULA_13,TABULA_standard_B_proxy,rcp_4_5,central,residential_energy_demand_gate5_v1,4b5b7791539478f9b2562d1b176e235ac7b641e1afdc40c3d5242661d9dbed3d,2ad0e9f7bbdfe12695c931891fd0e8132d060fd7bcbca23623db43d4c7393a5c,561839806dcdb8279ac4e42025bc5a82751f2588a2b2066fa84637918d8e4896,5425e9370287189ca45179f958739e4d1ea29f5439b14d2d1b6a877cf57e26a0,2987a546cb3f48253dcdfdc400036a68d1977eddb1012f753e54eca010acedd8,ad5c87b0e8a93a1c795fbdddcfd91ab13eb4d14c7272af892b123e07e4ef8395,160,a1e4b94e5be0a9552f952c6d8f0bda430f9bfdab3c397079192588f75a8aba46,a1e4b94e5be0a9552f952c6d8f0bda430f9bfdab3c397079192588f75a8aba46,160,80,peak_cooling_W,mean,3583.232039560588,3595.4557644592883,100,0.0034113684974192483,0.02,True,True,3,2,True,False,0,False
BE_TABULA_13,TABULA_standard_B_proxy,rcp_4_5,central,residential_energy_demand_gate5_v1,4b5b7791539478f9b2562d1b176e235ac7b641e1afdc40c3d5242661d9dbed3d,2ad0e9f7bbdfe12695c931891fd0e8132d060fd7bcbca23623db43d4c7393a5c,561839806dcdb8279ac4e42025bc5a82751f2588a2b2066fa84637918d8e4896,5425e9370287189ca45179f958739e4d1ea29f5439b14d2d1b6a877cf57e26a0,2987a546cb3f48253dcdfdc400036a68d1977eddb1012f753e54eca010acedd8,ad5c87b0e8a93a1c795fbdddcfd91ab13eb4d14c7272af892b123e07e4ef8395,160,a1e4b94e5be0a9552f952c6d8f0bda430f9bfdab3c397079192588f75a8aba46,a1e4b94e5be0a9552f952c6d8f0bda430f9bfdab3c397079192588f75a8aba46,160,80,peak_cooling_W,median,3599.8337043174597,3607.109445599177,100,0.0020211326075954884,0.02,True,True,3,2,True,False,0,False
BE_TABULA_13,TABULA_standard_B_proxy,rcp_4_5,central,residential_energy_demand_gate5_v1,4b5b7791539478f9b2562d1b176e235ac7b641e1afdc40c3d5242661d9dbed3d,2ad0e9f7bbdfe12695c931891fd0e8132d060fd7bcbca23623db43d4c7393a5c,561839806dcdb8279ac4e42025bc5a82751f2588a2b2066fa84637918d8e4896,5425e9370287189ca45179f958739e4d1ea29f5439b14d2d1b6a877cf57e26a0,2987a546cb3f48253dcdfdc400036a68d1977eddb1012f753e54eca010acedd8,ad5c87b0e8a93a1c795fbdddcfd91ab13eb4d14c7272af892b123e07e4ef8395,160,a1e4b94e5be0a9552f952c6d8f0bda430f9bfdab3c397079192588f75a8aba46,a1e4b94e5be0a9552f952c6d8f0bda430f9bfdab3c397079192588f75a8aba46,160,80,peak_cooling_W,p95,4588.5441836904438,4600.8873483536836,100,0.0026899958176522399,0.02,True,True,3,2,True,False,0,False
BE_TABULA_13,TABULA_standard_B_proxy,rcp_8_5,central,residential_energy_demand_gate5_v1,4b5b7791539478f9b2562d1b176e235ac7b641e1afdc40c3d5242661d9dbed3d,2ad0e9f7bbdfe12695c931891fd0e8132d060fd7bcbca23623db43d4c7393a5c,561839806dcdb8279ac4e42025bc5a82751f2588a2b2066fa84637918d8e4896,5425e9370287189ca45179f958739e4d1ea29f5439b14d2d1b6a877cf57e26a0,2987a546cb3f48253dcdfdc400036a68d1977eddb1012f753e54eca010acedd8,ca544fcdf9d3c08881eed48e9cdb7452f482c8ae24f7ea49ba420497fa16f10e,160,a1e4b94e5be0a9552f952c6d8f0bda430f9bfdab3c397079192588f75a8aba46,0483fface789f96fbdc35b5911182753a8b4967876fb97c2eefce49e4b3c29ca,5,,heating_intensity_kWh_m2,mean,55.73641809504732,,1,,0.02,False,False,0,2,False,False,0,False
BE_TABULA_13,TABULA_standard_B_proxy,rcp_8_5,central,residential_energy_demand_gate5_v1,4b5b7791539478f9b2562d1b176e235ac7b641e1afdc40c3d5242661d9dbed3d,2ad0e9f7bbdfe12695c931891fd0e8132d060fd7bcbca23623db43d4c7393a5c,561839806dcdb8279ac4e42025bc5a82751f2588a2b2066fa84637918d8e4896,5425e9370287189ca45179f958739e4d1ea29f5439b14d2d1b6a877cf57e26a0,2987a546cb3f48253dcdfdc400036a68d1977eddb1012f753e54eca010acedd8,ca544fcdf9d3c08881eed48e9cdb7452f482c8ae24f7ea49ba420497fa16f10e,160,a1e4b94e5be0a9552f952c6d8f0bda430f9bfdab3c397079192588f75a8aba46,0483fface789f96fbdc35b5911182753a8b4967876fb97c2eefce49e4b3c29ca,5,,heating_intensity_kWh_m2,median,53.756916050600083,,1,,0.02,False,False,0,2,False,False,0,False
BE_TABULA_13,TABULA_standard_B_proxy,rcp_8_5,central,residential_energy_demand_gate5_v1,4b5b7791539478f9b2562d1b176e235ac7b641e1afdc40c3d5242661d9dbed3d,2ad0e9f7bbdfe12695c931891fd0e8132d060fd7bcbca23623db43d4c7393a5c,561839806dcdb8279ac4e42025bc5a82751f2588a2b2066fa84637918d8e4896,5425e9370287189ca45179f958739e4d1ea29f5439b14d2d1b6a877cf57e26a0,2987a546cb3f48253dcdfdc400036a68d1977eddb1012f753e54eca010acedd8,ca544fcdf9d3c08881eed48e9cdb7452f482c8ae24f7ea49ba420497fa16f10e,160,a1e4b94e5be0a9552f952c6d8f0bda430f9bfdab3c397079192588f75a8aba46,0483fface789f96fbdc35b5911182753a8b4967876fb97c2eefce49e4b3c29ca,5,,heating_intensity_kWh_m2,p95,71.992968866390797,,1,,0.02,False,False,0,2,False,False,0,False
BE_TABULA_13,TABULA_standard_B_proxy,rcp_8_5,central,residential_energy_demand_gate5_v1,4b5b7791539478f9b2562d1b176e235ac7b641e1afdc40c3d5242661d9dbed3d,2ad0e9f7bbdfe12695c931891fd0e8132d060fd7bcbca23623db43d4c7393a5c,561839806dcdb8279ac4e42025bc5a82751f2588a2b2066fa84637918d8e4896,5425e9370287189ca45179f958739e4d1ea29f5439b14d2d1b6a877cf57e26a0,2987a546cb3f48253dcdfdc400036a68d1977eddb1012f753e54eca010acedd8,ca544fcdf9d3c08881eed48e9cdb7452f482c8ae24f7ea49ba420497fa16f10e,160,a1e4b94e5be0a9552f952c6d8f0bda430f9bfdab3c397079192588f75a8aba46,0483fface789f96fbdc35b5911182753a8b4967876fb97c2eefce49e4b3c29ca,5,,cooling_intensity_kWh_m2,mean,1.9523652323283816,,1,,0.02,False,False,0,2,False,False,0,False
BE_TABULA_13,TABULA_standard_B_proxy,rcp_8_5,central,residential_energy_demand_gate5_v1,4b5b7791539478f9b2562d1b176e235ac7b641e1afdc40c3d5242661d9dbed3d,2ad0e9f7bbdfe12695c931891fd0e8132d060fd7bcbca23623db43d4c7393a5c,561839806dcdb8279ac4e42025bc5a82751f2588a2b2066fa84637918d8e4896,5425e9370287189ca45179f958739e4d1ea29f5439b14d2d1b6a877cf57e26a0,2987a546cb3f48253dcdfdc400036a68d1977eddb1012f753e54eca010acedd8,ca544fcdf9d3c08881eed48e9cdb7452f482c8ae24f7ea49ba420497fa16f10e,160,a1e4b94e5be0a9552f952c6d8f0bda430f9bfdab3c397079192588f75a8aba46,0483fface789f96fbdc35b5911182753a8b4967876fb97c2eefce49e4b3c29ca,5,,cooling_intensity_kWh_m2,median,1.8442652522339467,,1,,0.02,False,False,0,2,False,False,0,False
BE_TABULA_13,TABULA_standard_B_proxy,rcp_8_5,central,residential_energy_demand_gate5_v1,4b5b7791539478f9b2562d1b176e235ac7b641e1afdc40c3d5242661d9dbed3d,2ad0e9f7bbdfe12695c931891fd0e8132d060fd7bcbca23623db43d4c7393a5c,561839806dcdb8279ac4e42025bc5a82751f2588a2b2066fa84637918d8e4896,5425e9370287189ca45179f958739e4d1ea29f5439b14d2d1b6a877cf57e26a0,2987a546cb3f48253dcdfdc400036a68d1977eddb1012f753e54eca010acedd8,ca544fcdf9d3c08881eed48e9cdb7452f482c8ae24f7ea49ba420497fa16f10e,160,a1e4b94e5be0a9552f952c6d8f0bda430f9bfdab3c397079192588f75a8aba46,0483fface789f96fbdc35b5911182753a8b4967876fb97c2eefce49e4b3c29ca,5,,cooling_intensity_kWh_m2,p95,4.2249459084175323,,1,,0.02,False,False,0,2,False,False,0,False
BE_TABULA_13,TABULA_standard_B_proxy,rcp_8_5,central,residential_energy_demand_gate5_v1,4b5b7791539478f9b2562d1b176e235ac7b641e1afdc40c3d5242661d9dbed3d,2ad0e9f7bbdfe12695c931891fd0e8132d060fd7bcbca23623db43d4c7393a5c,561839806dcdb8279ac4e42025bc5a82751f2588a2b2066fa84637918d8e4896,5425e9370287189ca45179f958739e4d1ea29f5439b14d2d1b6a877cf57e26a0,2987a546cb3f48253dcdfdc400036a68d1977eddb1012f753e54eca010acedd8,ca544fcdf9d3c08881eed48e9cdb7452f482c8ae24f7ea49ba420497fa16f10e,160,a1e4b94e5be0a9552f952c6d8f0bda430f9bfdab3c397079192588f75a8aba46,0483fface789f96fbdc35b5911182753a8b4967876fb97c2eefce49e4b3c29ca,5,,peak_heating_W,mean,7297.0116265308734,,100,,0.02,False,False,0,2,False,False,0,False
BE_TABULA_13,TABULA_standard_B_proxy,rcp_8_5,central,residential_energy_demand_gate5_v1,4b5b7791539478f9b2562d1b176e235ac7b641e1afdc40c3d5242661d9dbed3d,2ad0e9f7bbdfe12695c931891fd0e8132d060fd7bcbca23623db43d4c7393a5c,561839806dcdb8279ac4e42025bc5a82751f2588a2b2066fa84637918d8e4896,5425e9370287189ca45179f958739e4d1ea29f5439b14d2d1b6a877cf57e26a0,2987a546cb3f48253dcdfdc400036a68d1977eddb1012f753e54eca010acedd8,ca544fcdf9d3c08881eed48e9cdb7452f482c8ae24f7ea49ba420497fa16f10e,160,a1e4b94e5be0a9552f952c6d8f0bda430f9bfdab3c397079192588f75a8aba46,0483fface789f96fbdc35b5911182753a8b4967876fb97c2eefce49e4b3c29ca,5,,peak_heating_W,median,7137.2296137066942,,100,,0.02,False,False,0,2,False,False,0,False
BE_TABULA_13,TABULA_standard_B_proxy,rcp_8_5,central,residential_energy_demand_gate5_v1,4b5b7791539478f9b2562d1b176e235ac7b641e1afdc40c3d5242661d9dbed3d,2ad0e9f7bbdfe12695c931891fd0e8132d060fd7bcbca23623db43d4c7393a5c,561839806dcdb8279ac4e42025bc5a82751f2588a2b2066fa84637918d8e4896,5425e9370287189ca45179f958739e4d1ea29f5439b14d2d1b6a877cf57e26a0,2987a546cb3f48253dcdfdc400036a68d1977eddb1012f753e54eca010acedd8,ca544fcdf9d3c08881eed48e9cdb7452f482c8ae24f7ea49ba420497fa16f10e,160,a1e4b94e5be0a9552f952c6d8f0bda430f9bfdab3c397079192588f75a8aba46,0483fface789f96fbdc35b5911182753a8b4967876fb97c2eefce49e4b3c29ca,5,,peak_heating_W,p95,8274.66187874772,,100,,0.02,False,False,0,2,False,False,0,False
BE_TABULA_13,TABULA_standard_B_proxy,rcp_8_5,central,residential_energy_demand_gate5_v1,4b5b7791539478f9b2562d1b176e235ac7b641e1afdc40c3d5242661d9dbed3d,2ad0e9f7bbdfe12695c931891fd0e8132d060fd7bcbca23623db43d4c7393a5c,561839806dcdb8279ac4e42025bc5a82751f2588a2b2066fa84637918d8e4896,5425e9370287189ca45179f958739e4d1ea29f5439b14d2d1b6a877cf57e26a0,2987a546cb3f48253dcdfdc400036a68d1977eddb1012f753e54eca010acedd8,ca544fcdf9d3c08881eed48e9cdb7452f482c8ae24f7ea49ba420497fa16f10e,160,a1e4b94e5be0a9552f952c6d8f0bda430f9bfdab3c397079192588f75a8aba46,0483fface789f96fbdc35b5911182753a8b4967876fb97c2eefce49e4b3c29ca,5,,peak_cooling_W,mean,3567.510195111523,,100,,0.02,False,False,0,2,False,False,0,False
BE_TABULA_13,TABULA_standard_B_proxy,rcp_8_5,central,residential_energy_demand_gate5_v1,4b5b7791539478f9b2562d1b176e235ac7b641e1afdc40c3d5242661d9dbed3d,2ad0e9f7bbdfe12695c931891fd0e8132d060fd7bcbca23623db43d4c7393a5c,561839806dcdb8279ac4e42025bc5a82751f2588a2b2066fa84637918d8e4896,5425e9370287189ca45179f958739e4d1ea29f5439b14d2d1b6a877cf57e26a0,2987a546cb3f48253dcdfdc400036a68d1977eddb1012f753e54eca010acedd8,ca544fcdf9d3c08881eed48e9cdb7452f482c8ae24f7ea49ba420497fa16f10e,160,a1e4b94e5be0a9552f952c6d8f0bda430f9bfdab3c397079192588f75a8aba46,0483fface789f96fbdc35b5911182753a8b4967876fb97c2eefce49e4b3c29ca,5,,peak_cooling_W,median,3618.0985473778064,,100,,0.02,False,False,0,2,False,False,0,False
BE_TABULA_13,TABULA_standard_B_proxy,rcp_8_5,central,residential_energy_demand_gate5_v1,4b5b7791539478f9b2562d1b176e235ac7b641e1afdc40c3d5242661d9dbed3d,2ad0e9f7bbdfe12695c931891fd0e8132d060fd7bcbca23623db43d4c7393a5c,561839806dcdb8279ac4e42025bc5a82751f2588a2b2066fa84637918d8e4896,5425e9370287189ca45179f958739e4d1ea29f5439b14d2d1b6a877cf57e26a0,2987a546cb3f48253dcdfdc400036a68d1977eddb1012f753e54eca010acedd8,ca544fcdf9d3c08881eed48e9cdb7452f482c8ae24f7ea49ba420497fa16f10e,160,a1e4b94e5be0a9552f952c6d8f0bda430f9bfdab3c397079192588f75a8aba46,0483fface789f96fbdc35b5911182753a8b4967876fb97c2eefce49e4b3c29ca,5,,peak_cooling_W,p95,4612.8840542855742,,100,,0.02,False,False,0,2,False,False,0,False
BE_TABULA_13,TABULA_standard_B_proxy,rcp_8_5,central,residential_energy_demand_gate5_v1,4b5b7791539478f9b2562d1b176e235ac7b641e1afdc40c3d5242661d9dbed3d,2ad0e9f7bbdfe12695c931891fd0e8132d060fd7bcbca23623db43d4c7393a5c,561839806dcdb8279ac4e42025bc5a82751f2588a2b2066fa84637918d8e4896,5425e9370287189ca45179f958739e4d1ea29f5439b14d2d1b6a877cf57e26a0,2987a546cb3f48253dcdfdc400036a68d1977eddb1012f753e54eca010acedd8,ca544fcdf9d3c08881eed48e9cdb7452f482c8ae24f7ea49ba420497fa16f10e,160,a1e4b94e5be0a9552f952c6d8f0bda430f9bfdab3c397079192588f75a8aba46,2063071df976f1cac9f6aea690c2aef6ea0bdefe943f07ae1c5166c5ad9979e4,10,5,heating_intensity_kWh_m2,mean,55.760699040766326,55.73641809504732,1,0.00043544909114669883,0.02,True,False,0,2,False,False,0,False
BE_TABULA_13,TABULA_standard_B_proxy,rcp_8_5,central,residential_energy_demand_gate5_v1,4b5b7791539478f9b2562d1b176e235ac7b641e1afdc40c3d5242661d9dbed3d,2ad0e9f7bbdfe12695c931891fd0e8132d060fd7bcbca23623db43d4c7393a5c,561839806dcdb8279ac4e42025bc5a82751f2588a2b2066fa84637918d8e4896,5425e9370287189ca45179f958739e4d1ea29f5439b14d2d1b6a877cf57e26a0,2987a546cb3f48253dcdfdc400036a68d1977eddb1012f753e54eca010acedd8,ca544fcdf9d3c08881eed48e9cdb7452f482c8ae24f7ea49ba420497fa16f10e,160,a1e4b94e5be0a9552f952c6d8f0bda430f9bfdab3c397079192588f75a8aba46,2063071df976f1cac9f6aea690c2aef6ea0bdefe943f07ae1c5166c5ad9979e4,10,5,heating_intensity_kWh_m2,median,53.833688703574097,53.756916050600083,1,0.0014261079785327329,0.02,True,False,0,2,False,False,0,False
BE_TABULA_13,TABULA_standard_B_proxy,rcp_8_5,central,residential_energy_demand_gate5_v1,4b5b7791539478f9b2562d1b176e235ac7b641e1afdc40c3d5242661d9dbed3d,2ad0e9f7bbdfe12695c931891fd0e8132d060fd7bcbca23623db43d4c7393a5c,561839806dcdb8279ac4e42025bc5a82751f2588a2b2066fa84637918d8e4896,5425e9370287189ca45179f958739e4d1ea29f5439b14d2d1b6a877cf57e26a0,2987a546cb3f48253dcdfdc400036a68d1977eddb1012f753e54eca010acedd8,ca544fcdf9d3c08881eed48e9cdb7452f482c8ae24f7ea49ba420497fa16f10e,160,a1e4b94e5be0a9552f952c6d8f0bda430f9bfdab3c397079192588f75a8aba46,2063071df976f1cac9f6aea690c2aef6ea0bdefe943f07ae1c5166c5ad9979e4,10,5,heating_intensity_kWh_m2,p95,74.447432596827937,71.992968866390797,1,0.032969084961322372,0.02,False,False,0,2,False,False,0,False
BE_TABULA_13,TABULA_standard_B_proxy,rcp_8_5,central,residential_energy_demand_gate5_v1,4b5b7791539478f9b2562d1b176e235ac7b641e1afdc40c3d5242661d9dbed3d,2ad0e9f7bbdfe12695c931891fd0e8132d060fd7bcbca23623db43d4c7393a5c,561839806dcdb8279ac4e42025bc5a82751f2588a2b2066fa84637918d8e4896,5425e9370287189ca45179f958739e4d1ea29f5439b14d2d1b6a877cf57e26a0,2987a546cb3f48253dcdfdc400036a68d1977eddb1012f753e54eca010acedd8,ca544fcdf9d3c08881eed48e9cdb7452f482c8ae24f7ea49ba420497fa16f10e,160,a1e4b94e5be0a9552f952c6d8f0bda430f9bfdab3c397079192588f75a8aba46,2063071df976f1cac9f6aea690c2aef6ea0bdefe943f07ae1c5166c5ad9979e4,10,5,cooling_intensity_kWh_m2,mean,1.9182488422358761,1.9523652323283816,1,0.017785174343043001,0.02,True,False,0,2,False,False,0,False
BE_TABULA_13,TABULA_standard_B_proxy,rcp_8_5,central,residential_energy_demand_gate5_v1,4b5b7791539478f9b2562d1b176e235ac7b641e1afdc40c3d5242661d9dbed3d,2ad0e9f7bbdfe12695c931891fd0e8132d060fd7bcbca23623db43d4c7393a5c,561839806dcdb8279ac4e42025bc5a82751f2588a2b2066fa84637918d8e4896,5425e9370287189ca45179f958739e4d1ea29f5439b14d2d1b6a877cf57e26a0,2987a546cb3f48253dcdfdc400036a68d1977eddb1012f753e54eca010acedd8,ca544fcdf9d3c08881eed48e9cdb7452f482c8ae24f7ea49ba420497fa16f10e,160,a1e4b94e5be0a9552f952c6d8f0bda430f9bfdab3c397079192588f75a8aba46,2063071df976f1cac9f6aea690c2aef6ea0bdefe943f07ae1c5166c5ad9979e4,10,5,cooling_intensity_kWh_m2,median,1.801369064209438,1.8442652522339467,1,0.023813103531526679,0.02,False,False,0,2,False,False,0,False
BE_TABULA_13,TABULA_standard_B_proxy,rcp_8_5,central,residential_energy_demand_gate5_v1,4b5b7791539478f9b2562d1b176e235ac7b641e1afdc40c3d5242661d9dbed3d,2ad0e9f7bbdfe12695c931891fd0e8132d060fd7bcbca23623db43d4c7393a5c,561839806dcdb8279ac4e42025bc5a82751f2588a2b2066fa84637918d8e4896,5425e9370287189ca45179f958739e4d1ea29f5439b14d2d1b6a877cf57e26a0,2987a546cb3f48253dcdfdc400036a68d1977eddb1012f753e54eca010acedd8,ca544fcdf9d3c08881eed48e9cdb7452f482c8ae24f7ea49ba420497fa16f10e,160,a1e4b94e5be0a9552f952c6d8f0bda430f9bfdab3c397079192588f75a8aba46,2063071df976f1cac9f6aea690c2aef6ea0bdefe943f07ae1c5166c5ad9979e4,10,5,cooling_intensity_kWh_m2,p95,4.2973725899053559,4.2249459084175323,1,0.01685371234925169,0.02,True,False,0,2,False,False,0,False
BE_TABULA_13,TABULA_standard_B_proxy,rcp_8_5,central,residential_energy_demand_gate5_v1,4b5b7791539478f9b2562d1b176e235ac7b641e1afdc40c3d5242661d9dbed3d,2ad0e9f7bbdfe12695c931891fd0e8132d060fd7bcbca23623db43d4c7393a5c,561839806dcdb8279ac4e42025bc5a82751f2588a2b2066fa84637918d8e4896,5425e9370287189ca45179f958739e4d1ea29f5439b14d2d1b6a877cf57e26a0,2987a546cb3f48253dcdfdc400036a68d1977eddb1012f753e54eca010acedd8,ca544fcdf9d3c08881eed48e9cdb7452f482c8ae24f7ea49ba420497fa16f10e,160,a1e4b94e5be0a9552f952c6d8f0bda430f9bfdab3c397079192588f75a8aba46,2063071df976f1cac9f6aea690c2aef6ea0bdefe943f07ae1c5166c5ad9979e4,10,5,peak_heating_W,mean,7297.039194127643,7297.0116265308734,100,3.777915403246204e-06,0.02,True,False,0,2,False,False,0,False
BE_TABULA_13,TABULA_standard_B_proxy,rcp_8_5,central,residential_energy_demand_gate5_v1,4b5b7791539478f9b2562d1b176e235ac7b641e1afdc40c3d5242661d9dbed3d,2ad0e9f7bbdfe12695c931891fd0e8132d060fd7bcbca23623db43d4c7393a5c,561839806dcdb8279ac4e42025bc5a82751f2588a2b2066fa84637918d8e4896,5425e9370287189ca45179f958739e4d1ea29f5439b14d2d1b6a877cf57e26a0,2987a546cb3f48253dcdfdc400036a68d1977eddb1012f753e54eca010acedd8,ca544fcdf9d3c08881eed48e9cdb7452f482c8ae24f7ea49ba420497fa16f10e,160,a1e4b94e5be0a9552f952c6d8f0bda430f9bfdab3c397079192588f75a8aba46,2063071df976f1cac9f6aea690c2aef6ea0bdefe943f07ae1c5166c5ad9979e4,10,5,peak_heating_W,median,7141.3033706078804,7137.2296137066942,100,0.00057045005509120082,0.02,True,False,0,2,False,False,0,False
BE_TABULA_13,TABULA_standard_B_proxy,rcp_8_5,central,residential_energy_demand_gate5_v1,4b5b7791539478f9b2562d1b176e235ac7b641e1afdc40c3d5242661d9dbed3d,2ad0e9f7bbdfe12695c931891fd0e8132d060fd7bcbca23623db43d4c7393a5c,561839806dcdb8279ac4e42025bc5a82751f2588a2b2066fa84637918d8e4896,5425e9370287189ca45179f958739e4d1ea29f5439b14d2d1b6a877cf57e26a0,2987a546cb3f48253dcdfdc400036a68d1977eddb1012f753e54eca010acedd8,ca544fcdf9d3c08881eed48e9cdb7452f482c8ae24f7ea49ba420497fa16f10e,160,a1e4b94e5be0a9552f952c6d8f0bda430f9bfdab3c397079192588f75a8aba46,2063071df976f1cac9f6aea690c2aef6ea0bdefe943f07ae1c5166c5ad9979e4,10,5,peak_heating_W,p95,8337.8146389056201,8274.66187874772,100,0.0075742581111384799,0.02,True,False,0,2,False,False,0,False
BE_TABULA_13,TABULA_standard_B_proxy,rcp_8_5,central,residential_energy_demand_gate5_v1,4b5b7791539478f9b2562d1b176e235ac7b641e1afdc40c3d5242661d9dbed3d,2ad0e9f7bbdfe12695c931891fd0e8132d060fd7bcbca23623db43d4c7393a5c,561839806dcdb8279ac4e42025bc5a82751f2588a2b2066fa84637918d8e4896,5425e9370287189ca45179f958739e4d1ea29f5439b14d2d1b6a877cf57e26a0,2987a546cb3f48253dcdfdc400036a68d1977eddb1012f753e54eca010acedd8,ca544fcdf9d3c08881eed48e9cdb7452f482c8ae24f7ea49ba420497fa16f10e,160,a1e4b94e5be0a9552f952c6d8f0bda430f9bfdab3c397079192588f75a8aba46,2063071df976f1cac9f6aea690c2aef6ea0bdefe943f07ae1c5166c5ad9979e4,10,5,peak_cooling_W,mean,3516.7724109977976,3567.510195111523,100,0.014427372085568033,0.02,True,False,0,2,False,False,0,False
BE_TABULA_13,TABULA_standard_B_proxy,rcp_8_5,central,residential_energy_demand_gate5_v1,4b5b7791539478f9b2562d1b176e235ac7b641e1afdc40c3d5242661d9dbed3d,2ad0e9f7bbdfe12695c931891fd0e8132d060fd7bcbca23623db43d4c7393a5c,561839806dcdb8279ac4e42025bc5a82751f2588a2b2066fa84637918d8e4896,5425e9370287189ca45179f958739e4d1ea29f5439b14d2d1b6a877cf57e26a0,2987a546cb3f48253dcdfdc400036a68d1977eddb1012f753e54eca010acedd8,ca544fcdf9d3c08881eed48e9cdb7452f482c8ae24f7ea49ba420497fa16f10e,160,a1e4b94e5be0a9552f952c6d8f0bda430f9bfdab3c397079192588f75a8aba46,2063071df976f1cac9f6aea690c2aef6ea0bdefe943f07ae1c5166c5ad9979e4,10,5,peak_cooling_W,median,3600.2129786533069,3618.0985473778064,100,0.0049679196287964605,0.02,True,False,0,2,False,False,0,False
BE_TABULA_13,TABULA_standard_B_proxy,rcp_8_5,central,residential_energy_demand_gate5_v1,4b5b7791539478f9b2562d1b176e235ac7b641e1afdc40c3d5242661d9dbed3d,2ad0e9f7bbdfe12695c931891fd0e8132d060fd7bcbca23623db43d4c7393a5c,561839806dcdb8279ac4e42025bc5a82751f2588a2b2066fa84637918d8e4896,5425e9370287189ca45179f958739e4d1ea29f5439b14d2d1b6a877cf57e26a0,2987a546cb3f48253dcdfdc400036a68d1977eddb1012f753e54eca010acedd8,ca544fcdf9d3c08881eed48e9cdb7452f482c8ae24f7ea49ba420497fa16f10e,160,a1e4b94e5be0a9552f952c6d8f0bda430f9bfdab3c397079192588f75a8aba46,2063071df976f1cac9f6aea690c2aef6ea0bdefe943f07ae1c5166c5ad9979e4,10,5,peak_cooling_W,p95,4610.1548664578813,4612.8840542855742,100,0.00059199482593298562,0.02,True,False,0,2,False,False,0,False
BE_TABULA_13,TABULA_standard_B_proxy,rcp_8_5,central,residential_energy_demand_gate5_v1,4b5b7791539478f9b2562d1b176e235ac7b641e1afdc40c3d5242661d9dbed3d,2ad0e9f7bbdfe12695c931891fd0e8132d060fd7bcbca23623db43d4c7393a5c,561839806dcdb8279ac4e42025bc5a82751f2588a2b2066fa84637918d8e4896,5425e9370287189ca45179f958739e4d1ea29f5439b14d2d1b6a877cf57e26a0,2987a546cb3f48253dcdfdc400036a68d1977eddb1012f753e54eca010acedd8,ca544fcdf9d3c08881eed48e9cdb7452f482c8ae24f7ea49ba420497fa16f10e,160,a1e4b94e5be0a9552f952c6d8f0bda430f9bfdab3c397079192588f75a8aba46,1f7bdd094d6a8634c38dd67d232f10ebdc75032637483205a54e37449f9f3c93,20,10,heating_intensity_kWh_m2,mean,55.691413989684264,55.760699040766326,1,0.0012440885608488168,0.02,True,False,0,2,False,False,0,False
BE_TABULA_13,TABULA_standard_B_proxy,rcp_8_5,central,residential_energy_demand_gate5_v1,4b5b7791539478f9b2562d1b176e235ac7b641e1afdc40c3d5242661d9dbed3d,2ad0e9f7bbdfe12695c931891fd0e8132d060fd7bcbca23623db43d4c7393a5c,561839806dcdb8279ac4e42025bc5a82751f2588a2b2066fa84637918d8e4896,5425e9370287189ca45179f958739e4d1ea29f5439b14d2d1b6a877cf57e26a0,2987a546cb3f48253dcdfdc400036a68d1977eddb1012f753e54eca010acedd8,ca544fcdf9d3c08881eed48e9cdb7452f482c8ae24f7ea49ba420497fa16f10e,160,a1e4b94e5be0a9552f952c6d8f0bda430f9bfdab3c397079192588f75a8aba46,1f7bdd094d6a8634c38dd67d232f10ebdc75032637483205a54e37449f9f3c93,20,10,heating_intensity_kWh_m2,median,53.833688703574097,53.833688703574097,1,0,0.02,True,False,0,2,False,False,0,False
BE_TABULA_13,TABULA_standard_B_proxy,rcp_8_5,central,residential_energy_demand_gate5_v1,4b5b7791539478f9b2562d1b176e235ac7b641e1afdc40c3d5242661d9dbed3d,2ad0e9f7bbdfe12695c931891fd0e8132d060fd7bcbca23623db43d4c7393a5c,561839806dcdb8279ac4e42025bc5a82751f2588a2b2066fa84637918d8e4896,5425e9370287189ca45179f958739e4d1ea29f5439b14d2d1b6a877cf57e26a0,2987a546cb3f48253dcdfdc400036a68d1977eddb1012f753e54eca010acedd8,ca544fcdf9d3c08881eed48e9cdb7452f482c8ae24f7ea49ba420497fa16f10e,160,a1e4b94e5be0a9552f952c6d8f0bda430f9bfdab3c397079192588f75a8aba46,1f7bdd094d6a8634c38dd67d232f10ebdc75032637483205a54e37449f9f3c93,20,10,heating_intensity_kWh_m2,p95,74.429759944147534,74.447432596827937,1,0.00023744067821345705,0.02,True,False,0,2,False,False,0,False
BE_TABULA_13,TABULA_standard_B_proxy,rcp_8_5,central,residential_energy_demand_gate5_v1,4b5b7791539478f9b2562d1b176e235ac7b641e1afdc40c3d5242661d9dbed3d,2ad0e9f7bbdfe12695c931891fd0e8132d060fd7bcbca23623db43d4c7393a5c,561839806dcdb8279ac4e42025bc5a82751f2588a2b2066fa84637918d8e4896,5425e9370287189ca45179f958739e4d1ea29f5439b14d2d1b6a877cf57e26a0,2987a546cb3f48253dcdfdc400036a68d1977eddb1012f753e54eca010acedd8,ca544fcdf9d3c08881eed48e9cdb7452f482c8ae24f7ea49ba420497fa16f10e,160,a1e4b94e5be0a9552f952c6d8f0bda430f9bfdab3c397079192588f75a8aba46,1f7bdd094d6a8634c38dd67d232f10ebdc75032637483205a54e37449f9f3c93,20,10,cooling_intensity_kWh_m2,mean,1.9120095908099324,1.9182488422358761,1,0.0032631904441968633,0.02,True,False,0,2,False,False,0,False
BE_TABULA_13,TABULA_standard_B_proxy,rcp_8_5,central,residential_energy_demand_gate5_v1,4b5b7791539478f9b2562d1b176e235ac7b641e1afdc40c3d5242661d9dbed3d,2ad0e9f7bbdfe12695c931891fd0e8132d060fd7bcbca23623db43d4c7393a5c,561839806dcdb8279ac4e42025bc5a82751f2588a2b2066fa84637918d8e4896,5425e9370287189ca45179f958739e4d1ea29f5439b14d2d1b6a877cf57e26a0,2987a546cb3f48253dcdfdc400036a68d1977eddb1012f753e54eca010acedd8,ca544fcdf9d3c08881eed48e9cdb7452f482c8ae24f7ea49ba420497fa16f10e,160,a1e4b94e5be0a9552f952c6d8f0bda430f9bfdab3c397079192588f75a8aba46,1f7bdd094d6a8634c38dd67d232f10ebdc75032637483205a54e37449f9f3c93,20,10,cooling_intensity_kWh_m2,median,1.7886624565683897,1.801369064209438,1,0.0071039717943352561,0.02,True,False,0,2,False,False,0,False
BE_TABULA_13,TABULA_standard_B_proxy,rcp_8_5,central,residential_energy_demand_gate5_v1,4b5b7791539478f9b2562d1b176e235ac7b641e1afdc40c3d5242661d9dbed3d,2ad0e9f7bbdfe12695c931891fd0e8132d060fd7bcbca23623db43d4c7393a5c,561839806dcdb8279ac4e42025bc5a82751f2588a2b2066fa84637918d8e4896,5425e9370287189ca45179f958739e4d1ea29f5439b14d2d1b6a877cf57e26a0,2987a546cb3f48253dcdfdc400036a68d1977eddb1012f753e54eca010acedd8,ca544fcdf9d3c08881eed48e9cdb7452f482c8ae24f7ea49ba420497fa16f10e,160,a1e4b94e5be0a9552f952c6d8f0bda430f9bfdab3c397079192588f75a8aba46,1f7bdd094d6a8634c38dd67d232f10ebdc75032637483205a54e37449f9f3c93,20,10,cooling_intensity_kWh_m2,p95,4.2651995857933969,4.2973725899053559,1,0.0075431415259256378,0.02,True,False,0,2,False,False,0,False
BE_TABULA_13,TABULA_standard_B_proxy,rcp_8_5,central,residential_energy_demand_gate5_v1,4b5b7791539478f9b2562d1b176e235ac7b641e1afdc40c3d5242661d9dbed3d,2ad0e9f7bbdfe12695c931891fd0e8132d060fd7bcbca23623db43d4c7393a5c,561839806dcdb8279ac4e42025bc5a82751f2588a2b2066fa84637918d8e4896,5425e9370287189ca45179f958739e4d1ea29f5439b14d2d1b6a877cf57e26a0,2987a546cb3f48253dcdfdc400036a68d1977eddb1012f753e54eca010acedd8,ca544fcdf9d3c08881eed48e9cdb7452f482c8ae24f7ea49ba420497fa16f10e,160,a1e4b94e5be0a9552f952c6d8f0bda430f9bfdab3c397079192588f75a8aba46,1f7bdd094d6a8634c38dd67d232f10ebdc75032637483205a54e37449f9f3c93,20,10,peak_heating_W,mean,7309.7125563767586,7297.039194127643,100,0.0017337702613298746,0.02,True,False,0,2,False,False,0,False
BE_TABULA_13,TABULA_standard_B_proxy,rcp_8_5,central,residential_energy_demand_gate5_v1,4b5b7791539478f9b2562d1b176e235ac7b641e1afdc40c3d5242661d9dbed3d,2ad0e9f7bbdfe12695c931891fd0e8132d060fd7bcbca23623db43d4c7393a5c,561839806dcdb8279ac4e42025bc5a82751f2588a2b2066fa84637918d8e4896,5425e9370287189ca45179f958739e4d1ea29f5439b14d2d1b6a877cf57e26a0,2987a546cb3f48253dcdfdc400036a68d1977eddb1012f753e54eca010acedd8,ca544fcdf9d3c08881eed48e9cdb7452f482c8ae24f7ea49ba420497fa16f10e,160,a1e4b94e5be0a9552f952c6d8f0bda430f9bfdab3c397079192588f75a8aba46,1f7bdd094d6a8634c38dd67d232f10ebdc75032637483205a54e37449f9f3c93,20,10,peak_heating_W,median,7177.6168637881601,7141.3033706078804,100,0.0050592688171313691,0.02,True,False,0,2,False,False,0,False
BE_TABULA_13,TABULA_standard_B_proxy,rcp_8_5,central,residential_energy_demand_gate5_v1,4b5b7791539478f9b2562d1b176e235ac7b641e1afdc40c3d5242661d9dbed3d,2ad0e9f7bbdfe12695c931891fd0e8132d060fd7bcbca23623db43d4c7393a5c,561839806dcdb8279ac4e42025bc5a82751f2588a2b2066fa84637918d8e4896,5425e9370287189ca45179f958739e4d1ea29f5439b14d2d1b6a877cf57e26a0,2987a546cb3f48253dcdfdc400036a68d1977eddb1012f753e54eca010acedd8,ca544fcdf9d3c08881eed48e9cdb7452f482c8ae24f7ea49ba420497fa16f10e,160,a1e4b94e5be0a9552f952c6d8f0bda430f9bfdab3c397079192588f75a8aba46,1f7bdd094d6a8634c38dd67d232f10ebdc75032637483205a54e37449f9f3c93,20,10,peak_heating_W,p95,8370.3421995874232,8337.8146389056201,100,0.0038860490892960679,0.02,True,False,0,2,False,False,0,False
BE_TABULA_13,TABULA_standard_B_proxy,rcp_8_5,central,residential_energy_demand_gate5_v1,4b5b7791539478f9b2562d1b176e235ac7b641e1afdc40c3d5242661d9dbed3d,2ad0e9f7bbdfe12695c931891fd0e8132d060fd7bcbca23623db43d4c7393a5c,561839806dcdb8279ac4e42025bc5a82751f2588a2b2066fa84637918d8e4896,5425e9370287189ca45179f958739e4d1ea29f5439b14d2d1b6a877cf57e26a0,2987a546cb3f48253dcdfdc400036a68d1977eddb1012f753e54eca010acedd8,ca544fcdf9d3c08881eed48e9cdb7452f482c8ae24f7ea49ba420497fa16f10e,160,a1e4b94e5be0a9552f952c6d8f0bda430f9bfdab3c397079192588f75a8aba46,1f7bdd094d6a8634c38dd67d232f10ebdc75032637483205a54e37449f9f3c93,20,10,peak_cooling_W,mean,3606.1080537398102,3516.7724109977976,100,0.024773423705195058,0.02,False,False,0,2,False,False,0,False
BE_TABULA_13,TABULA_standard_B_proxy,rcp_8_5,central,residential_energy_demand_gate5_v1,4b5b7791539478f9b2562d1b176e235ac7b641e1afdc40c3d5242661d9dbed3d,2ad0e9f7bbdfe12695c931891fd0e8132d060fd7bcbca23623db43d4c7393a5c,561839806dcdb8279ac4e42025bc5a82751f2588a2b2066fa84637918d8e4896,5425e9370287189ca45179f958739e4d1ea29f5439b14d2d1b6a877cf57e26a0,2987a546cb3f48253dcdfdc400036a68d1977eddb1012f753e54eca010acedd8,ca544fcdf9d3c08881eed48e9cdb7452f482c8ae24f7ea49ba420497fa16f10e,160,a1e4b94e5be0a9552f952c6d8f0bda430f9bfdab3c397079192588f75a8aba46,1f7bdd094d6a8634c38dd67d232f10ebdc75032637483205a54e37449f9f3c93,20,10,peak_cooling_W,median,3658.9849495778863,3600.2129786533069,100,0.016062370229579521,0.02,True,False,0,2,False,False,0,False
BE_TABULA_13,TABULA_standard_B_proxy,rcp_8_5,central,residential_energy_demand_gate5_v1,4b5b7791539478f9b2562d1b176e235ac7b641e1afdc40c3d5242661d9dbed3d,2ad0e9f7bbdfe12695c931891fd0e8132d060fd7bcbca23623db43d4c7393a5c,561839806dcdb8279ac4e42025bc5a82751f2588a2b2066fa84637918d8e4896,5425e9370287189ca45179f958739e4d1ea29f5439b14d2d1b6a877cf57e26a0,2987a546cb3f48253dcdfdc400036a68d1977eddb1012f753e54eca010acedd8,ca544fcdf9d3c08881eed48e9cdb7452f482c8ae24f7ea49ba420497fa16f10e,160,a1e4b94e5be0a9552f952c6d8f0bda430f9bfdab3c397079192588f75a8aba46,1f7bdd094d6a8634c38dd67d232f10ebdc75032637483205a54e37449f9f3c93,20,10,peak_cooling_W,p95,4660.6335694327754,4610.1548664578813,100,0.010830867139172584,0.02,True,False,0,2,False,False,0,False
BE_TABULA_13,TABULA_standard_B_proxy,rcp_8_5,central,residential_energy_demand_gate5_v1,4b5b7791539478f9b2562d1b176e235ac7b641e1afdc40c3d5242661d9dbed3d,2ad0e9f7bbdfe12695c931891fd0e8132d060fd7bcbca23623db43d4c7393a5c,561839806dcdb8279ac4e42025bc5a82751f2588a2b2066fa84637918d8e4896,5425e9370287189ca45179f958739e4d1ea29f5439b14d2d1b6a877cf57e26a0,2987a546cb3f48253dcdfdc400036a68d1977eddb1012f753e54eca010acedd8,ca544fcdf9d3c08881eed48e9cdb7452f482c8ae24f7ea49ba420497fa16f10e,160,a1e4b94e5be0a9552f952c6d8f0bda430f9bfdab3c397079192588f75a8aba46,d9c1d0f471fb97f0efab0c100463285cd55e4de7718f288f7be26835b3adb0fe,40,20,heating_intensity_kWh_m2,mean,55.71868797067188,55.691413989684264,1,0.00048949431476153274,0.02,True,True,1,2,False,False,0,False
BE_TABULA_13,TABULA_standard_B_proxy,rcp_8_5,central,residential_energy_demand_gate5_v1,4b5b7791539478f9b2562d1b176e235ac7b641e1afdc40c3d5242661d9dbed3d,2ad0e9f7bbdfe12695c931891fd0e8132d060fd7bcbca23623db43d4c7393a5c,561839806dcdb8279ac4e42025bc5a82751f2588a2b2066fa84637918d8e4896,5425e9370287189ca45179f958739e4d1ea29f5439b14d2d1b6a877cf57e26a0,2987a546cb3f48253dcdfdc400036a68d1977eddb1012f753e54eca010acedd8,ca544fcdf9d3c08881eed48e9cdb7452f482c8ae24f7ea49ba420497fa16f10e,160,a1e4b94e5be0a9552f952c6d8f0bda430f9bfdab3c397079192588f75a8aba46,d9c1d0f471fb97f0efab0c100463285cd55e4de7718f288f7be26835b3adb0fe,40,20,heating_intensity_kWh_m2,median,53.833688703574097,53.833688703574097,1,0,0.02,True,True,1,2,False,False,0,False
BE_TABULA_13,TABULA_standard_B_proxy,rcp_8_5,central,residential_energy_demand_gate5_v1,4b5b7791539478f9b2562d1b176e235ac7b641e1afdc40c3d5242661d9dbed3d,2ad0e9f7bbdfe12695c931891fd0e8132d060fd7bcbca23623db43d4c7393a5c,561839806dcdb8279ac4e42025bc5a82751f2588a2b2066fa84637918d8e4896,5425e9370287189ca45179f958739e4d1ea29f5439b14d2d1b6a877cf57e26a0,2987a546cb3f48253dcdfdc400036a68d1977eddb1012f753e54eca010acedd8,ca544fcdf9d3c08881eed48e9cdb7452f482c8ae24f7ea49ba420497fa16f10e,160,a1e4b94e5be0a9552f952c6d8f0bda430f9bfdab3c397079192588f75a8aba46,d9c1d0f471fb97f0efab0c100463285cd55e4de7718f288f7be26835b3adb0fe,40,20,heating_intensity_kWh_m2,p95,74.462225367554311,74.429759944147534,1,0.00043599856499753188,0.02,True,True,1,2,False,False,0,False
BE_TABULA_13,TABULA_standard_B_proxy,rcp_8_5,central,residential_energy_demand_gate5_v1,4b5b7791539478f9b2562d1b176e235ac7b641e1afdc40c3d5242661d9dbed3d,2ad0e9f7bbdfe12695c931891fd0e8132d060fd7bcbca23623db43d4c7393a5c,561839806dcdb8279ac4e42025bc5a82751f2588a2b2066fa84637918d8e4896,5425e9370287189ca45179f958739e4d1ea29f5439b14d2d1b6a877cf57e26a0,2987a546cb3f48253dcdfdc400036a68d1977eddb1012f753e54eca010acedd8,ca544fcdf9d3c08881eed48e9cdb7452f482c8ae24f7ea49ba420497fa16f10e,160,a1e4b94e5be0a9552f952c6d8f0bda430f9bfdab3c397079192588f75a8aba46,d9c1d0f471fb97f0efab0c100463285cd55e4de7718f288f7be26835b3adb0fe,40,20,cooling_intensity_kWh_m2,mean,1.9308681401391361,1.9120095908099324,1,0.009766875809471276,0.02,True,True,1,2,False,False,0,False
BE_TABULA_13,TABULA_standard_B_proxy,rcp_8_5,central,residential_energy_demand_gate5_v1,4b5b7791539478f9b2562d1b176e235ac7b641e1afdc40c3d5242661d9dbed3d,2ad0e9f7bbdfe12695c931891fd0e8132d060fd7bcbca23623db43d4c7393a5c,561839806dcdb8279ac4e42025bc5a82751f2588a2b2066fa84637918d8e4896,5425e9370287189ca45179f958739e4d1ea29f5439b14d2d1b6a877cf57e26a0,2987a546cb3f48253dcdfdc400036a68d1977eddb1012f753e54eca010acedd8,ca544fcdf9d3c08881eed48e9cdb7452f482c8ae24f7ea49ba420497fa16f10e,160,a1e4b94e5be0a9552f952c6d8f0bda430f9bfdab3c397079192588f75a8aba46,d9c1d0f471fb97f0efab0c100463285cd55e4de7718f288f7be26835b3adb0fe,40,20,cooling_intensity_kWh_m2,median,1.8102565585347186,1.7886624565683897,1,0.011928752233776083,0.02,True,True,1,2,False,False,0,False
BE_TABULA_13,TABULA_standard_B_proxy,rcp_8_5,central,residential_energy_demand_gate5_v1,4b5b7791539478f9b2562d1b176e235ac7b641e1afdc40c3d5242661d9dbed3d,2ad0e9f7bbdfe12695c931891fd0e8132d060fd7bcbca23623db43d4c7393a5c,561839806dcdb8279ac4e42025bc5a82751f2588a2b2066fa84637918d8e4896,5425e9370287189ca45179f958739e4d1ea29f5439b14d2d1b6a877cf57e26a0,2987a546cb3f48253dcdfdc400036a68d1977eddb1012f753e54eca010acedd8,ca544fcdf9d3c08881eed48e9cdb7452f482c8ae24f7ea49ba420497fa16f10e,160,a1e4b94e5be0a9552f952c6d8f0bda430f9bfdab3c397079192588f75a8aba46,d9c1d0f471fb97f0efab0c100463285cd55e4de7718f288f7be26835b3adb0fe,40,20,cooling_intensity_kWh_m2,p95,4.2664240720047326,4.2651995857933969,1,0.00028700527436326378,0.02,True,True,1,2,False,False,0,False
BE_TABULA_13,TABULA_standard_B_proxy,rcp_8_5,central,residential_energy_demand_gate5_v1,4b5b7791539478f9b2562d1b176e235ac7b641e1afdc40c3d5242661d9dbed3d,2ad0e9f7bbdfe12695c931891fd0e8132d060fd7bcbca23623db43d4c7393a5c,561839806dcdb8279ac4e42025bc5a82751f2588a2b2066fa84637918d8e4896,5425e9370287189ca45179f958739e4d1ea29f5439b14d2d1b6a877cf57e26a0,2987a546cb3f48253dcdfdc400036a68d1977eddb1012f753e54eca010acedd8,ca544fcdf9d3c08881eed48e9cdb7452f482c8ae24f7ea49ba420497fa16f10e,160,a1e4b94e5be0a9552f952c6d8f0bda430f9bfdab3c397079192588f75a8aba46,d9c1d0f471fb97f0efab0c100463285cd55e4de7718f288f7be26835b3adb0fe,40,20,peak_heating_W,mean,7310.4686064976941,7309.7125563767586,100,0.00010342019939234496,0.02,True,True,1,2,False,False,0,False
BE_TABULA_13,TABULA_standard_B_proxy,rcp_8_5,central,residential_energy_demand_gate5_v1,4b5b7791539478f9b2562d1b176e235ac7b641e1afdc40c3d5242661d9dbed3d,2ad0e9f7bbdfe12695c931891fd0e8132d060fd7bcbca23623db43d4c7393a5c,561839806dcdb8279ac4e42025bc5a82751f2588a2b2066fa84637918d8e4896,5425e9370287189ca45179f958739e4d1ea29f5439b14d2d1b6a877cf57e26a0,2987a546cb3f48253dcdfdc400036a68d1977eddb1012f753e54eca010acedd8,ca544fcdf9d3c08881eed48e9cdb7452f482c8ae24f7ea49ba420497fa16f10e,160,a1e4b94e5be0a9552f952c6d8f0bda430f9bfdab3c397079192588f75a8aba46,d9c1d0f471fb97f0efab0c100463285cd55e4de7718f288f7be26835b3adb0fe,40,20,peak_heating_W,median,7176.3010367533943,7177.6168637881601,100,0.00018335727947124661,0.02,True,True,1,2,False,False,0,False
BE_TABULA_13,TABULA_standard_B_proxy,rcp_8_5,central,residential_energy_demand_gate5_v1,4b5b7791539478f9b2562d1b176e235ac7b641e1afdc40c3d5242661d9dbed3d,2ad0e9f7bbdfe12695c931891fd0e8132d060fd7bcbca23623db43d4c7393a5c,561839806dcdb8279ac4e42025bc5a82751f2588a2b2066fa84637918d8e4896,5425e9370287189ca45179f958739e4d1ea29f5439b14d2d1b6a877cf57e26a0,2987a546cb3f48253dcdfdc400036a68d1977eddb1012f753e54eca010acedd8,ca544fcdf9d3c08881eed48e9cdb7452f482c8ae24f7ea49ba420497fa16f10e,160,a1e4b94e5be0a9552f952c6d8f0bda430f9bfdab3c397079192588f75a8aba46,d9c1d0f471fb97f0efab0c100463285cd55e4de7718f288f7be26835b3adb0fe,40,20,peak_heating_W,p95,8372.4007716338983,8370.3421995874232,100,0.0002458759563266052,0.02,True,True,1,2,False,False,0,False
BE_TABULA_13,TABULA_standard_B_proxy,rcp_8_5,central,residential_energy_demand_gate5_v1,4b5b7791539478f9b2562d1b176e235ac7b641e1afdc40c3d5242661d9dbed3d,2ad0e9f7bbdfe12695c931891fd0e8132d060fd7bcbca23623db43d4c7393a5c,561839806dcdb8279ac4e42025bc5a82751f2588a2b2066fa84637918d8e4896,5425e9370287189ca45179f958739e4d1ea29f5439b14d2d1b6a877cf57e26a0,2987a546cb3f48253dcdfdc400036a68d1977eddb1012f753e54eca010acedd8,ca544fcdf9d3c08881eed48e9cdb7452f482c8ae24f7ea49ba420497fa16f10e,160,a1e4b94e5be0a9552f952c6d8f0bda430f9bfdab3c397079192588f75a8aba46,d9c1d0f471fb97f0efab0c100463285cd55e4de7718f288f7be26835b3adb0fe,40,20,peak_cooling_W,mean,3596.1640389654954,3606.1080537398102,100,0.0027651727414457492,0.02,True,True,1,2,False,False,0,False
BE_TABULA_13,TABULA_standard_B_proxy,rcp_8_5,central,residential_energy_demand_gate5_v1,4b5b7791539478f9b2562d1b176e235ac7b641e1afdc40c3d5242661d9dbed3d,2ad0e9f7bbdfe12695c931891fd0e8132d060fd7bcbca23623db43d4c7393a5c,561839806dcdb8279ac4e42025bc5a82751f2588a2b2066fa84637918d8e4896,5425e9370287189ca45179f958739e4d1ea29f5439b14d2d1b6a877cf57e26a0,2987a546cb3f48253dcdfdc400036a68d1977eddb1012f753e54eca010acedd8,ca544fcdf9d3c08881eed48e9cdb7452f482c8ae24f7ea49ba420497fa16f10e,160,a1e4b94e5be0a9552f952c6d8f0bda430f9bfdab3c397079192588f75a8aba46,d9c1d0f471fb97f0efab0c100463285cd55e4de7718f288f7be26835b3adb0fe,40,20,peak_cooling_W,median,3635.662156608395,3658.9849495778863,100,0.0064150055656569697,0.02,True,True,1,2,False,False,0,False
BE_TABULA_13,TABULA_standard_B_proxy,rcp_8_5,central,residential_energy_demand_gate5_v1,4b5b7791539478f9b2562d1b176e235ac7b641e1afdc40c3d5242661d9dbed3d,2ad0e9f7bbdfe12695c931891fd0e8132d060fd7bcbca23623db43d4c7393a5c,561839806dcdb8279ac4e42025bc5a82751f2588a2b2066fa84637918d8e4896,5425e9370287189ca45179f958739e4d1ea29f5439b14d2d1b6a877cf57e26a0,2987a546cb3f48253dcdfdc400036a68d1977eddb1012f753e54eca010acedd8,ca544fcdf9d3c08881eed48e9cdb7452f482c8ae24f7ea49ba420497fa16f10e,160,a1e4b94e5be0a9552f952c6d8f0bda430f9bfdab3c397079192588f75a8aba46,d9c1d0f471fb97f0efab0c100463285cd55e4de7718f288f7be26835b3adb0fe,40,20,peak_cooling_W,p95,4621.7614991161117,4660.6335694327754,100,0.0084106612433587826,0.02,True,True,1,2,False,False,0,False
BE_TABULA_13,TABULA_standard_B_proxy,rcp_8_5,central,residential_energy_demand_gate5_v1,4b5b7791539478f9b2562d1b176e235ac7b641e1afdc40c3d5242661d9dbed3d,2ad0e9f7bbdfe12695c931891fd0e8132d060fd7bcbca23623db43d4c7393a5c,561839806dcdb8279ac4e42025bc5a82751f2588a2b2066fa84637918d8e4896,5425e9370287189ca45179f958739e4d1ea29f5439b14d2d1b6a877cf57e26a0,2987a546cb3f48253dcdfdc400036a68d1977eddb1012f753e54eca010acedd8,ca544fcdf9d3c08881eed48e9cdb7452f482c8ae24f7ea49ba420497fa16f10e,160,a1e4b94e5be0a9552f952c6d8f0bda430f9bfdab3c397079192588f75a8aba46,68c77bb6c64b8d83360a050cd3cb41af044e4998f93c5776b9bf72e3b3a2d976,80,40,heating_intensity_kWh_m2,mean,55.729908937406435,55.71868797067188,1,0.00020134550636280847,0.02,True,True,2,2,True,True,1,False
BE_TABULA_13,TABULA_standard_B_proxy,rcp_8_5,central,residential_energy_demand_gate5_v1,4b5b7791539478f9b2562d1b176e235ac7b641e1afdc40c3d5242661d9dbed3d,2ad0e9f7bbdfe12695c931891fd0e8132d060fd7bcbca23623db43d4c7393a5c,561839806dcdb8279ac4e42025bc5a82751f2588a2b2066fa84637918d8e4896,5425e9370287189ca45179f958739e4d1ea29f5439b14d2d1b6a877cf57e26a0,2987a546cb3f48253dcdfdc400036a68d1977eddb1012f753e54eca010acedd8,ca544fcdf9d3c08881eed48e9cdb7452f482c8ae24f7ea49ba420497fa16f10e,160,a1e4b94e5be0a9552f952c6d8f0bda430f9bfdab3c397079192588f75a8aba46,68c77bb6c64b8d83360a050cd3cb41af044e4998f93c5776b9bf72e3b3a2d976,80,40,heating_intensity_kWh_m2,median,53.824504294788689,53.833688703574097,1,0.00017063619824730521,0.02,True,True,2,2,True,True,1,False
BE_TABULA_13,TABULA_standard_B_proxy,rcp_8_5,central,residential_energy_demand_gate5_v1,4b5b7791539478f9b2562d1b176e235ac7b641e1afdc40c3d5242661d9dbed3d,2ad0e9f7bbdfe12695c931891fd0e8132d060fd7bcbca23623db43d4c7393a5c,561839806dcdb8279ac4e42025bc5a82751f2588a2b2066fa84637918d8e4896,5425e9370287189ca45179f958739e4d1ea29f5439b14d2d1b6a877cf57e26a0,2987a546cb3f48253dcdfdc400036a68d1977eddb1012f753e54eca010acedd8,ca544fcdf9d3c08881eed48e9cdb7452f482c8ae24f7ea49ba420497fa16f10e,160,a1e4b94e5be0a9552f952c6d8f0bda430f9bfdab3c397079192588f75a8aba46,68c77bb6c64b8d83360a050cd3cb41af044e4998f93c5776b9bf72e3b3a2d976,80,40,heating_intensity_kWh_m2,p95,74.611645691155204,74.462225367554311,1,0.0020026407703081371,0.02,True,True,2,2,True,True,1,False
BE_TABULA_13,TABULA_standard_B_proxy,rcp_8_5,central,residential_energy_demand_gate5_v1,4b5b7791539478f9b2562d1b176e235ac7b641e1afdc40c3d5242661d9dbed3d,2ad0e9f7bbdfe12695c931891fd0e8132d060fd7bcbca23623db43d4c7393a5c,561839806dcdb8279ac4e42025bc5a82751f2588a2b2066fa84637918d8e4896,5425e9370287189ca45179f958739e4d1ea29f5439b14d2d1b6a877cf57e26a0,2987a546cb3f48253dcdfdc400036a68d1977eddb1012f753e54eca010acedd8,ca544fcdf9d3c08881eed48e9cdb7452f482c8ae24f7ea49ba420497fa16f10e,160,a1e4b94e5be0a9552f952c6d8f0bda430f9bfdab3c397079192588f75a8aba46,68c77bb6c64b8d83360a050cd3cb41af044e4998f93c5776b9bf72e3b3a2d976,80,40,cooling_intensity_kWh_m2,mean,1.9332077355427082,1.9308681401391361,1,0.0012102141743785746,0.02,True,True,2,2,True,True,1,False
BE_TABULA_13,TABULA_standard_B_proxy,rcp_8_5,central,residential_energy_demand_gate5_v1,4b5b7791539478f9b2562d1b176e235ac7b641e1afdc40c3d5242661d9dbed3d,2ad0e9f7bbdfe12695c931891fd0e8132d060fd7bcbca23623db43d4c7393a5c,561839806dcdb8279ac4e42025bc5a82751f2588a2b2066fa84637918d8e4896,5425e9370287189ca45179f958739e4d1ea29f5439b14d2d1b6a877cf57e26a0,2987a546cb3f48253dcdfdc400036a68d1977eddb1012f753e54eca010acedd8,ca544fcdf9d3c08881eed48e9cdb7452f482c8ae24f7ea49ba420497fa16f10e,160,a1e4b94e5be0a9552f952c6d8f0bda430f9bfdab3c397079192588f75a8aba46,68c77bb6c64b8d83360a050cd3cb41af044e4998f93c5776b9bf72e3b3a2d976,80,40,cooling_intensity_kWh_m2,median,1.8102565585347186,1.8102565585347186,1,0,0.02,True,True,2,2,True,True,1,False
BE_TABULA_13,TABULA_standard_B_proxy,rcp_8_5,central,residential_energy_demand_gate5_v1,4b5b7791539478f9b2562d1b176e235ac7b641e1afdc40c3d5242661d9dbed3d,2ad0e9f7bbdfe12695c931891fd0e8132d060fd7bcbca23623db43d4c7393a5c,561839806dcdb8279ac4e42025bc5a82751f2588a2b2066fa84637918d8e4896,5425e9370287189ca45179f958739e4d1ea29f5439b14d2d1b6a877cf57e26a0,2987a546cb3f48253dcdfdc400036a68d1977eddb1012f753e54eca010acedd8,ca544fcdf9d3c08881eed48e9cdb7452f482c8ae24f7ea49ba420497fa16f10e,160,a1e4b94e5be0a9552f952c6d8f0bda430f9bfdab3c397079192588f75a8aba46,68c77bb6c64b8d83360a050cd3cb41af044e4998f93c5776b9bf72e3b3a2d976,80,40,cooling_intensity_kWh_m2,p95,4.2750534128474111,4.2664240720047326,1,0.0020185340414100058,0.02,True,True,2,2,True,True,1,False
BE_TABULA_13,TABULA_standard_B_proxy,rcp_8_5,central,residential_energy_demand_gate5_v1,4b5b7791539478f9b2562d1b176e235ac7b641e1afdc40c3d5242661d9dbed3d,2ad0e9f7bbdfe12695c931891fd0e8132d060fd7bcbca23623db43d4c7393a5c,561839806dcdb8279ac4e42025bc5a82751f2588a2b2066fa84637918d8e4896,5425e9370287189ca45179f958739e4d1ea29f5439b14d2d1b6a877cf57e26a0,2987a546cb3f48253dcdfdc400036a68d1977eddb1012f753e54eca010acedd8,ca544fcdf9d3c08881eed48e9cdb7452f482c8ae24f7ea49ba420497fa16f10e,160,a1e4b94e5be0a9552f952c6d8f0bda430f9bfdab3c397079192588f75a8aba46,68c77bb6c64b8d83360a050cd3cb41af044e4998f93c5776b9bf72e3b3a2d976,80,40,peak_heating_W,mean,7299.4589355219296,7310.4686064976941,100,0.0015082858980392734,0.02,True,True,2,2,True,True,1,False
BE_TABULA_13,TABULA_standard_B_proxy,rcp_8_5,central,residential_energy_demand_gate5_v1,4b5b7791539478f9b2562d1b176e235ac7b641e1afdc40c3d5242661d9dbed3d,2ad0e9f7bbdfe12695c931891fd0e8132d060fd7bcbca23623db43d4c7393a5c,561839806dcdb8279ac4e42025bc5a82751f2588a2b2066fa84637918d8e4896,5425e9370287189ca45179f958739e4d1ea29f5439b14d2d1b6a877cf57e26a0,2987a546cb3f48253dcdfdc400036a68d1977eddb1012f753e54eca010acedd8,ca544fcdf9d3c08881eed48e9cdb7452f482c8ae24f7ea49ba420497fa16f10e,160,a1e4b94e5be0a9552f952c6d8f0bda430f9bfdab3c397079192588f75a8aba46,68c77bb6c64b8d83360a050cd3cb41af044e4998f93c5776b9bf72e3b3a2d976,80,40,peak_heating_W,median,7170.1061138056248,7176.3010367533943,100,0.00086399320309103788,0.02,True,True,2,2,True,True,1,False
BE_TABULA_13,TABULA_standard_B_proxy,rcp_8_5,central,residential_energy_demand_gate5_v1,4b5b7791539478f9b2562d1b176e235ac7b641e1afdc40c3d5242661d9dbed3d,2ad0e9f7bbdfe12695c931891fd0e8132d060fd7bcbca23623db43d4c7393a5c,561839806dcdb8279ac4e42025bc5a82751f2588a2b2066fa84637918d8e4896,5425e9370287189ca45179f958739e4d1ea29f5439b14d2d1b6a877cf57e26a0,2987a546cb3f48253dcdfdc400036a68d1977eddb1012f753e54eca010acedd8,ca544fcdf9d3c08881eed48e9cdb7452f482c8ae24f7ea49ba420497fa16f10e,160,a1e4b94e5be0a9552f952c6d8f0bda430f9bfdab3c397079192588f75a8aba46,68c77bb6c64b8d83360a050cd3cb41af044e4998f93c5776b9bf72e3b3a2d976,80,40,peak_heating_W,p95,8337.3459808727002,8372.4007716338983,100,0.004204550325921437,0.02,True,True,2,2,True,True,1,False
BE_TABULA_13,TABULA_standard_B_proxy,rcp_8_5,central,residential_energy_demand_gate5_v1,4b5b7791539478f9b2562d1b176e235ac7b641e1afdc40c3d5242661d9dbed3d,2ad0e9f7bbdfe12695c931891fd0e8132d060fd7bcbca23623db43d4c7393a5c,561839806dcdb8279ac4e42025bc5a82751f2588a2b2066fa84637918d8e4896,5425e9370287189ca45179f958739e4d1ea29f5439b14d2d1b6a877cf57e26a0,2987a546cb3f48253dcdfdc400036a68d1977eddb1012f753e54eca010acedd8,ca544fcdf9d3c08881eed48e9cdb7452f482c8ae24f7ea49ba420497fa16f10e,160,a1e4b94e5be0a9552f952c6d8f0bda430f9bfdab3c397079192588f75a8aba46,68c77bb6c64b8d83360a050cd3cb41af044e4998f93c5776b9bf72e3b3a2d976,80,40,peak_cooling_W,mean,3592.2180283273215,3596.1640389654954,100,0.0010984886237574284,0.02,True,True,2,2,True,True,1,False
BE_TABULA_13,TABULA_standard_B_proxy,rcp_8_5,central,residential_energy_demand_gate5_v1,4b5b7791539478f9b2562d1b176e235ac7b641e1afdc40c3d5242661d9dbed3d,2ad0e9f7bbdfe12695c931891fd0e8132d060fd7bcbca23623db43d4c7393a5c,561839806dcdb8279ac4e42025bc5a82751f2588a2b2066fa84637918d8e4896,5425e9370287189ca45179f958739e4d1ea29f5439b14d2d1b6a877cf57e26a0,2987a546cb3f48253dcdfdc400036a68d1977eddb1012f753e54eca010acedd8,ca544fcdf9d3c08881eed48e9cdb7452f482c8ae24f7ea49ba420497fa16f10e,160,a1e4b94e5be0a9552f952c6d8f0bda430f9bfdab3c397079192588f75a8aba46,68c77bb6c64b8d83360a050cd3cb41af044e4998f93c5776b9bf72e3b3a2d976,80,40,peak_cooling_W,median,3612.0008073918607,3635.662156608395,100,0.0065507596698516756,0.02,True,True,2,2,True,True,1,False
BE_TABULA_13,TABULA_standard_B_proxy,rcp_8_5,central,residential_energy_demand_gate5_v1,4b5b7791539478f9b2562d1b176e235ac7b641e1afdc40c3d5242661d9dbed3d,2ad0e9f7bbdfe12695c931891fd0e8132d060fd7bcbca23623db43d4c7393a5c,561839806dcdb8279ac4e42025bc5a82751f2588a2b2066fa84637918d8e4896,5425e9370287189ca45179f958739e4d1ea29f5439b14d2d1b6a877cf57e26a0,2987a546cb3f48253dcdfdc400036a68d1977eddb1012f753e54eca010acedd8,ca544fcdf9d3c08881eed48e9cdb7452f482c8ae24f7ea49ba420497fa16f10e,160,a1e4b94e5be0a9552f952c6d8f0bda430f9bfdab3c397079192588f75a8aba46,68c77bb6c64b8d83360a050cd3cb41af044e4998f93c5776b9bf72e3b3a2d976,80,40,peak_cooling_W,p95,4652.2396619591209,4621.7614991161117,100,0.0065512882090374494,0.02,True,True,2,2,True,True,1,False
BE_TABULA_13,TABULA_standard_B_proxy,rcp_8_5,central,residential_energy_demand_gate5_v1,4b5b7791539478f9b2562d1b176e235ac7b641e1afdc40c3d5242661d9dbed3d,2ad0e9f7bbdfe12695c931891fd0e8132d060fd7bcbca23623db43d4c7393a5c,561839806dcdb8279ac4e42025bc5a82751f2588a2b2066fa84637918d8e4896,5425e9370287189ca45179f958739e4d1ea29f5439b14d2d1b6a877cf57e26a0,2987a546cb3f48253dcdfdc400036a68d1977eddb1012f753e54eca010acedd8,ca544fcdf9d3c08881eed48e9cdb7452f482c8ae24f7ea49ba420497fa16f10e,160,a1e4b94e5be0a9552f952c6d8f0bda430f9bfdab3c397079192588f75a8aba46,a1e4b94e5be0a9552f952c6d8f0bda430f9bfdab3c397079192588f75a8aba46,160,80,heating_intensity_kWh_m2,mean,55.724603691527896,55.729908937406435,1,9.5204730533513692e-05,0.02,True,True,3,2,True,False,0,False
BE_TABULA_13,TABULA_standard_B_proxy,rcp_8_5,central,residential_energy_demand_gate5_v1,4b5b7791539478f9b2562d1b176e235ac7b641e1afdc40c3d5242661d9dbed3d,2ad0e9f7bbdfe12695c931891fd0e8132d060fd7bcbca23623db43d4c7393a5c,561839806dcdb8279ac4e42025bc5a82751f2588a2b2066fa84637918d8e4896,5425e9370287189ca45179f958739e4d1ea29f5439b14d2d1b6a877cf57e26a0,2987a546cb3f48253dcdfdc400036a68d1977eddb1012f753e54eca010acedd8,ca544fcdf9d3c08881eed48e9cdb7452f482c8ae24f7ea49ba420497fa16f10e,160,a1e4b94e5be0a9552f952c6d8f0bda430f9bfdab3c397079192588f75a8aba46,a1e4b94e5be0a9552f952c6d8f0bda430f9bfdab3c397079192588f75a8aba46,160,80,heating_intensity_kWh_m2,median,53.833724296893919,53.824504294788689,1,0.00017126814512000306,0.02,True,True,3,2,True,False,0,False
BE_TABULA_13,TABULA_standard_B_proxy,rcp_8_5,central,residential_energy_demand_gate5_v1,4b5b7791539478f9b2562d1b176e235ac7b641e1afdc40c3d5242661d9dbed3d,2ad0e9f7bbdfe12695c931891fd0e8132d060fd7bcbca23623db43d4c7393a5c,561839806dcdb8279ac4e42025bc5a82751f2588a2b2066fa84637918d8e4896,5425e9370287189ca45179f958739e4d1ea29f5439b14d2d1b6a877cf57e26a0,2987a546cb3f48253dcdfdc400036a68d1977eddb1012f753e54eca010acedd8,ca544fcdf9d3c08881eed48e9cdb7452f482c8ae24f7ea49ba420497fa16f10e,160,a1e4b94e5be0a9552f952c6d8f0bda430f9bfdab3c397079192588f75a8aba46,a1e4b94e5be0a9552f952c6d8f0bda430f9bfdab3c397079192588f75a8aba46,160,80,heating_intensity_kWh_m2,p95,74.611645691155204,74.611645691155204,1,0,0.02,True,True,3,2,True,False,0,False
BE_TABULA_13,TABULA_standard_B_proxy,rcp_8_5,central,residential_energy_demand_gate5_v1,4b5b7791539478f9b2562d1b176e235ac7b641e1afdc40c3d5242661d9dbed3d,2ad0e9f7bbdfe12695c931891fd0e8132d060fd7bcbca23623db43d4c7393a5c,561839806dcdb8279ac4e42025bc5a82751f2588a2b2066fa84637918d8e4896,5425e9370287189ca45179f958739e4d1ea29f5439b14d2d1b6a877cf57e26a0,2987a546cb3f48253dcdfdc400036a68d1977eddb1012f753e54eca010acedd8,ca544fcdf9d3c08881eed48e9cdb7452f482c8ae24f7ea49ba420497fa16f10e,160,a1e4b94e5be0a9552f952c6d8f0bda430f9bfdab3c397079192588f75a8aba46,a1e4b94e5be0a9552f952c6d8f0bda430f9bfdab3c397079192588f75a8aba46,160,80,cooling_intensity_kWh_m2,mean,1.9265141001744317,1.9332077355427082,1,0.0034744803412912664,0.02,True,True,3,2,True,False,0,False
BE_TABULA_13,TABULA_standard_B_proxy,rcp_8_5,central,residential_energy_demand_gate5_v1,4b5b7791539478f9b2562d1b176e235ac7b641e1afdc40c3d5242661d9dbed3d,2ad0e9f7bbdfe12695c931891fd0e8132d060fd7bcbca23623db43d4c7393a5c,561839806dcdb8279ac4e42025bc5a82751f2588a2b2066fa84637918d8e4896,5425e9370287189ca45179f958739e4d1ea29f5439b14d2d1b6a877cf57e26a0,2987a546cb3f48253dcdfdc400036a68d1977eddb1012f753e54eca010acedd8,ca544fcdf9d3c08881eed48e9cdb7452f482c8ae24f7ea49ba420497fa16f10e,160,a1e4b94e5be0a9552f952c6d8f0bda430f9bfdab3c397079192588f75a8aba46,a1e4b94e5be0a9552f952c6d8f0bda430f9bfdab3c397079192588f75a8aba46,160,80,cooling_intensity_kWh_m2,median,1.806523687720313,1.8102565585347186,1,0.0020663281858850817,0.02,True,True,3,2,True,False,0,False
BE_TABULA_13,TABULA_standard_B_proxy,rcp_8_5,central,residential_energy_demand_gate5_v1,4b5b7791539478f9b2562d1b176e235ac7b641e1afdc40c3d5242661d9dbed3d,2ad0e9f7bbdfe12695c931891fd0e8132d060fd7bcbca23623db43d4c7393a5c,561839806dcdb8279ac4e42025bc5a82751f2588a2b2066fa84637918d8e4896,5425e9370287189ca45179f958739e4d1ea29f5439b14d2d1b6a877cf57e26a0,2987a546cb3f48253dcdfdc400036a68d1977eddb1012f753e54eca010acedd8,ca544fcdf9d3c08881eed48e9cdb7452f482c8ae24f7ea49ba420497fa16f10e,160,a1e4b94e5be0a9552f952c6d8f0bda430f9bfdab3c397079192588f75a8aba46,a1e4b94e5be0a9552f952c6d8f0bda430f9bfdab3c397079192588f75a8aba46,160,80,cooling_intensity_kWh_m2,p95,4.2697387532260436,4.2750534128474111,1,0.0012447271199794189,0.02,True,True,3,2,True,False,0,False
BE_TABULA_13,TABULA_standard_B_proxy,rcp_8_5,central,residential_energy_demand_gate5_v1,4b5b7791539478f9b2562d1b176e235ac7b641e1afdc40c3d5242661d9dbed3d,2ad0e9f7bbdfe12695c931891fd0e8132d060fd7bcbca23623db43d4c7393a5c,561839806dcdb8279ac4e42025bc5a82751f2588a2b2066fa84637918d8e4896,5425e9370287189ca45179f958739e4d1ea29f5439b14d2d1b6a877cf57e26a0,2987a546cb3f48253dcdfdc400036a68d1977eddb1012f753e54eca010acedd8,ca544fcdf9d3c08881eed48e9cdb7452f482c8ae24f7ea49ba420497fa16f10e,160,a1e4b94e5be0a9552f952c6d8f0bda430f9bfdab3c397079192588f75a8aba46,a1e4b94e5be0a9552f952c6d8f0bda430f9bfdab3c397079192588f75a8aba46,160,80,peak_heating_W,mean,7304.0851357225483,7299.4589355219296,100,0.00063337161528869931,0.02,True,True,3,2,True,False,0,False
BE_TABULA_13,TABULA_standard_B_proxy,rcp_8_5,central,residential_energy_demand_gate5_v1,4b5b7791539478f9b2562d1b176e235ac7b641e1afdc40c3d5242661d9dbed3d,2ad0e9f7bbdfe12695c931891fd0e8132d060fd7bcbca23623db43d4c7393a5c,561839806dcdb8279ac4e42025bc5a82751f2588a2b2066fa84637918d8e4896,5425e9370287189ca45179f958739e4d1ea29f5439b14d2d1b6a877cf57e26a0,2987a546cb3f48253dcdfdc400036a68d1977eddb1012f753e54eca010acedd8,ca544fcdf9d3c08881eed48e9cdb7452f482c8ae24f7ea49ba420497fa16f10e,160,a1e4b94e5be0a9552f952c6d8f0bda430f9bfdab3c397079192588f75a8aba46,a1e4b94e5be0a9552f952c6d8f0bda430f9bfdab3c397079192588f75a8aba46,160,80,peak_heating_W,median,7177.4698666660788,7170.1061138056248,100,0.0010259538524366515,0.02,True,True,3,2,True,False,0,False
BE_TABULA_13,TABULA_standard_B_proxy,rcp_8_5,central,residential_energy_demand_gate5_v1,4b5b7791539478f9b2562d1b176e235ac7b641e1afdc40c3d5242661d9dbed3d,2ad0e9f7bbdfe12695c931891fd0e8132d060fd7bcbca23623db43d4c7393a5c,561839806dcdb8279ac4e42025bc5a82751f2588a2b2066fa84637918d8e4896,5425e9370287189ca45179f958739e4d1ea29f5439b14d2d1b6a877cf57e26a0,2987a546cb3f48253dcdfdc400036a68d1977eddb1012f753e54eca010acedd8,ca544fcdf9d3c08881eed48e9cdb7452f482c8ae24f7ea49ba420497fa16f10e,160,a1e4b94e5be0a9552f952c6d8f0bda430f9bfdab3c397079192588f75a8aba46,a1e4b94e5be0a9552f952c6d8f0bda430f9bfdab3c397079192588f75a8aba46,160,80,peak_heating_W,p95,8334.8978256608934,8337.3459808727002,100,0.00029372348204072756,0.02,True,True,3,2,True,False,0,False
BE_TABULA_13,TABULA_standard_B_proxy,rcp_8_5,central,residential_energy_demand_gate5_v1,4b5b7791539478f9b2562d1b176e235ac7b641e1afdc40c3d5242661d9dbed3d,2ad0e9f7bbdfe12695c931891fd0e8132d060fd7bcbca23623db43d4c7393a5c,561839806dcdb8279ac4e42025bc5a82751f2588a2b2066fa84637918d8e4896,5425e9370287189ca45179f958739e4d1ea29f5439b14d2d1b6a877cf57e26a0,2987a546cb3f48253dcdfdc400036a68d1977eddb1012f753e54eca010acedd8,ca544fcdf9d3c08881eed48e9cdb7452f482c8ae24f7ea49ba420497fa16f10e,160,a1e4b94e5be0a9552f952c6d8f0bda430f9bfdab3c397079192588f75a8aba46,a1e4b94e5be0a9552f952c6d8f0bda430f9bfdab3c397079192588f75a8aba46,160,80,peak_cooling_W,mean,3579.8798966312802,3592.2180283273215,100,0.0034465211270499987,0.02,True,True,3,2,True,False,0,False
BE_TABULA_13,TABULA_standard_B_proxy,rcp_8_5,central,residential_energy_demand_gate5_v1,4b5b7791539478f9b2562d1b176e235ac7b641e1afdc40c3d5242661d9dbed3d,2ad0e9f7bbdfe12695c931891fd0e8132d060fd7bcbca23623db43d4c7393a5c,561839806dcdb8279ac4e42025bc5a82751f2588a2b2066fa84637918d8e4896,5425e9370287189ca45179f958739e4d1ea29f5439b14d2d1b6a877cf57e26a0,2987a546cb3f48253dcdfdc400036a68d1977eddb1012f753e54eca010acedd8,ca544fcdf9d3c08881eed48e9cdb7452f482c8ae24f7ea49ba420497fa16f10e,160,a1e4b94e5be0a9552f952c6d8f0bda430f9bfdab3c397079192588f75a8aba46,a1e4b94e5be0a9552f952c6d8f0bda430f9bfdab3c397079192588f75a8aba46,160,80,peak_cooling_W,median,3598.5963147305101,3612.0008073918607,100,0.0037249225778619708,0.02,True,True,3,2,True,False,0,False
BE_TABULA_13,TABULA_standard_B_proxy,rcp_8_5,central,residential_energy_demand_gate5_v1,4b5b7791539478f9b2562d1b176e235ac7b641e1afdc40c3d5242661d9dbed3d,2ad0e9f7bbdfe12695c931891fd0e8132d060fd7bcbca23623db43d4c7393a5c,561839806dcdb8279ac4e42025bc5a82751f2588a2b2066fa84637918d8e4896,5425e9370287189ca45179f958739e4d1ea29f5439b14d2d1b6a877cf57e26a0,2987a546cb3f48253dcdfdc400036a68d1977eddb1012f753e54eca010acedd8,ca544fcdf9d3c08881eed48e9cdb7452f482c8ae24f7ea49ba420497fa16f10e,160,a1e4b94e5be0a9552f952c6d8f0bda430f9bfdab3c397079192588f75a8aba46,a1e4b94e5be0a9552f952c6d8f0bda430f9bfdab3c397079192588f75a8aba46,160,80,peak_cooling_W,p95,4645.1933533448655,4652.2396619591209,100,0.0015169031896555087,0.02,True,True,3,2,True,False,0,False
BE_TABULA_14,TABULA_advanced_A_proxy,rcp_2_6,central,residential_energy_demand_gate5_v1,4b5b7791539478f9b2562d1b176e235ac7b641e1afdc40c3d5242661d9dbed3d,2ad0e9f7bbdfe12695c931891fd0e8132d060fd7bcbca23623db43d4c7393a5c,561839806dcdb8279ac4e42025bc5a82751f2588a2b2066fa84637918d8e4896,2851cf077281e480136cab6af02d4720b94564326517124af576ab8634ba52a3,2987a546cb3f48253dcdfdc400036a68d1977eddb1012f753e54eca010acedd8,13fcadcfebce608bffb6d3013f0501bd1916301bc921da206d0884f7638fdfd4,160,a1e4b94e5be0a9552f952c6d8f0bda430f9bfdab3c397079192588f75a8aba46,0483fface789f96fbdc35b5911182753a8b4967876fb97c2eefce49e4b3c29ca,5,,heating_intensity_kWh_m2,mean,4.4155820749702652,,1,,0.02,False,False,0,2,False,False,0,False
BE_TABULA_14,TABULA_advanced_A_proxy,rcp_2_6,central,residential_energy_demand_gate5_v1,4b5b7791539478f9b2562d1b176e235ac7b641e1afdc40c3d5242661d9dbed3d,2ad0e9f7bbdfe12695c931891fd0e8132d060fd7bcbca23623db43d4c7393a5c,561839806dcdb8279ac4e42025bc5a82751f2588a2b2066fa84637918d8e4896,2851cf077281e480136cab6af02d4720b94564326517124af576ab8634ba52a3,2987a546cb3f48253dcdfdc400036a68d1977eddb1012f753e54eca010acedd8,13fcadcfebce608bffb6d3013f0501bd1916301bc921da206d0884f7638fdfd4,160,a1e4b94e5be0a9552f952c6d8f0bda430f9bfdab3c397079192588f75a8aba46,0483fface789f96fbdc35b5911182753a8b4967876fb97c2eefce49e4b3c29ca,5,,heating_intensity_kWh_m2,median,3.7090245221171507,,1,,0.02,False,False,0,2,False,False,0,False
BE_TABULA_14,TABULA_advanced_A_proxy,rcp_2_6,central,residential_energy_demand_gate5_v1,4b5b7791539478f9b2562d1b176e235ac7b641e1afdc40c3d5242661d9dbed3d,2ad0e9f7bbdfe12695c931891fd0e8132d060fd7bcbca23623db43d4c7393a5c,561839806dcdb8279ac4e42025bc5a82751f2588a2b2066fa84637918d8e4896,2851cf077281e480136cab6af02d4720b94564326517124af576ab8634ba52a3,2987a546cb3f48253dcdfdc400036a68d1977eddb1012f753e54eca010acedd8,13fcadcfebce608bffb6d3013f0501bd1916301bc921da206d0884f7638fdfd4,160,a1e4b94e5be0a9552f952c6d8f0bda430f9bfdab3c397079192588f75a8aba46,0483fface789f96fbdc35b5911182753a8b4967876fb97c2eefce49e4b3c29ca,5,,heating_intensity_kWh_m2,p95,8.4933674241346857,,1,,0.02,False,False,0,2,False,False,0,False
BE_TABULA_14,TABULA_advanced_A_proxy,rcp_2_6,central,residential_energy_demand_gate5_v1,4b5b7791539478f9b2562d1b176e235ac7b641e1afdc40c3d5242661d9dbed3d,2ad0e9f7bbdfe12695c931891fd0e8132d060fd7bcbca23623db43d4c7393a5c,561839806dcdb8279ac4e42025bc5a82751f2588a2b2066fa84637918d8e4896,2851cf077281e480136cab6af02d4720b94564326517124af576ab8634ba52a3,2987a546cb3f48253dcdfdc400036a68d1977eddb1012f753e54eca010acedd8,13fcadcfebce608bffb6d3013f0501bd1916301bc921da206d0884f7638fdfd4,160,a1e4b94e5be0a9552f952c6d8f0bda430f9bfdab3c397079192588f75a8aba46,0483fface789f96fbdc35b5911182753a8b4967876fb97c2eefce49e4b3c29ca,5,,cooling_intensity_kWh_m2,mean,19.861878992266572,,1,,0.02,False,False,0,2,False,False,0,False
BE_TABULA_14,TABULA_advanced_A_proxy,rcp_2_6,central,residential_energy_demand_gate5_v1,4b5b7791539478f9b2562d1b176e235ac7b641e1afdc40c3d5242661d9dbed3d,2ad0e9f7bbdfe12695c931891fd0e8132d060fd7bcbca23623db43d4c7393a5c,561839806dcdb8279ac4e42025bc5a82751f2588a2b2066fa84637918d8e4896,2851cf077281e480136cab6af02d4720b94564326517124af576ab8634ba52a3,2987a546cb3f48253dcdfdc400036a68d1977eddb1012f753e54eca010acedd8,13fcadcfebce608bffb6d3013f0501bd1916301bc921da206d0884f7638fdfd4,160,a1e4b94e5be0a9552f952c6d8f0bda430f9bfdab3c397079192588f75a8aba46,0483fface789f96fbdc35b5911182753a8b4967876fb97c2eefce49e4b3c29ca,5,,cooling_intensity_kWh_m2,median,19.297565028206694,,1,,0.02,False,False,0,2,False,False,0,False
BE_TABULA_14,TABULA_advanced_A_proxy,rcp_2_6,central,residential_energy_demand_gate5_v1,4b5b7791539478f9b2562d1b176e235ac7b641e1afdc40c3d5242661d9dbed3d,2ad0e9f7bbdfe12695c931891fd0e8132d060fd7bcbca23623db43d4c7393a5c,561839806dcdb8279ac4e42025bc5a82751f2588a2b2066fa84637918d8e4896,2851cf077281e480136cab6af02d4720b94564326517124af576ab8634ba52a3,2987a546cb3f48253dcdfdc400036a68d1977eddb1012f753e54eca010acedd8,13fcadcfebce608bffb6d3013f0501bd1916301bc921da206d0884f7638fdfd4,160,a1e4b94e5be0a9552f952c6d8f0bda430f9bfdab3c397079192588f75a8aba46,0483fface789f96fbdc35b5911182753a8b4967876fb97c2eefce49e4b3c29ca,5,,cooling_intensity_kWh_m2,p95,25.815080381746526,,1,,0.02,False,False,0,2,False,False,0,False
BE_TABULA_14,TABULA_advanced_A_proxy,rcp_2_6,central,residential_energy_demand_gate5_v1,4b5b7791539478f9b2562d1b176e235ac7b641e1afdc40c3d5242661d9dbed3d,2ad0e9f7bbdfe12695c931891fd0e8132d060fd7bcbca23623db43d4c7393a5c,561839806dcdb8279ac4e42025bc5a82751f2588a2b2066fa84637918d8e4896,2851cf077281e480136cab6af02d4720b94564326517124af576ab8634ba52a3,2987a546cb3f48253dcdfdc400036a68d1977eddb1012f753e54eca010acedd8,13fcadcfebce608bffb6d3013f0501bd1916301bc921da206d0884f7638fdfd4,160,a1e4b94e5be0a9552f952c6d8f0bda430f9bfdab3c397079192588f75a8aba46,0483fface789f96fbdc35b5911182753a8b4967876fb97c2eefce49e4b3c29ca,5,,peak_heating_W,mean,2439.8885346434809,,100,,0.02,False,False,0,2,False,False,0,False
BE_TABULA_14,TABULA_advanced_A_proxy,rcp_2_6,central,residential_energy_demand_gate5_v1,4b5b7791539478f9b2562d1b176e235ac7b641e1afdc40c3d5242661d9dbed3d,2ad0e9f7bbdfe12695c931891fd0e8132d060fd7bcbca23623db43d4c7393a5c,561839806dcdb8279ac4e42025bc5a82751f2588a2b2066fa84637918d8e4896,2851cf077281e480136cab6af02d4720b94564326517124af576ab8634ba52a3,2987a546cb3f48253dcdfdc400036a68d1977eddb1012f753e54eca010acedd8,13fcadcfebce608bffb6d3013f0501bd1916301bc921da206d0884f7638fdfd4,160,a1e4b94e5be0a9552f952c6d8f0bda430f9bfdab3c397079192588f75a8aba46,0483fface789f96fbdc35b5911182753a8b4967876fb97c2eefce49e4b3c29ca,5,,peak_heating_W,median,2430.5499128352176,,100,,0.02,False,False,0,2,False,False,0,False
BE_TABULA_14,TABULA_advanced_A_proxy,rcp_2_6,central,residential_energy_demand_gate5_v1,4b5b7791539478f9b2562d1b176e235ac7b641e1afdc40c3d5242661d9dbed3d,2ad0e9f7bbdfe12695c931891fd0e8132d060fd7bcbca23623db43d4c7393a5c,561839806dcdb8279ac4e42025bc5a82751f2588a2b2066fa84637918d8e4896,2851cf077281e480136cab6af02d4720b94564326517124af576ab8634ba52a3,2987a546cb3f48253dcdfdc400036a68d1977eddb1012f753e54eca010acedd8,13fcadcfebce608bffb6d3013f0501bd1916301bc921da206d0884f7638fdfd4,160,a1e4b94e5be0a9552f952c6d8f0bda430f9bfdab3c397079192588f75a8aba46,0483fface789f96fbdc35b5911182753a8b4967876fb97c2eefce49e4b3c29ca,5,,peak_heating_W,p95,2819.2187500202217,,100,,0.02,False,False,0,2,False,False,0,False
BE_TABULA_14,TABULA_advanced_A_proxy,rcp_2_6,central,residential_energy_demand_gate5_v1,4b5b7791539478f9b2562d1b176e235ac7b641e1afdc40c3d5242661d9dbed3d,2ad0e9f7bbdfe12695c931891fd0e8132d060fd7bcbca23623db43d4c7393a5c,561839806dcdb8279ac4e42025bc5a82751f2588a2b2066fa84637918d8e4896,2851cf077281e480136cab6af02d4720b94564326517124af576ab8634ba52a3,2987a546cb3f48253dcdfdc400036a68d1977eddb1012f753e54eca010acedd8,13fcadcfebce608bffb6d3013f0501bd1916301bc921da206d0884f7638fdfd4,160,a1e4b94e5be0a9552f952c6d8f0bda430f9bfdab3c397079192588f75a8aba46,0483fface789f96fbdc35b5911182753a8b4967876fb97c2eefce49e4b3c29ca,5,,peak_cooling_W,mean,3350.4526605852111,,100,,0.02,False,False,0,2,False,False,0,False
BE_TABULA_14,TABULA_advanced_A_proxy,rcp_2_6,central,residential_energy_demand_gate5_v1,4b5b7791539478f9b2562d1b176e235ac7b641e1afdc40c3d5242661d9dbed3d,2ad0e9f7bbdfe12695c931891fd0e8132d060fd7bcbca23623db43d4c7393a5c,561839806dcdb8279ac4e42025bc5a82751f2588a2b2066fa84637918d8e4896,2851cf077281e480136cab6af02d4720b94564326517124af576ab8634ba52a3,2987a546cb3f48253dcdfdc400036a68d1977eddb1012f753e54eca010acedd8,13fcadcfebce608bffb6d3013f0501bd1916301bc921da206d0884f7638fdfd4,160,a1e4b94e5be0a9552f952c6d8f0bda430f9bfdab3c397079192588f75a8aba46,0483fface789f96fbdc35b5911182753a8b4967876fb97c2eefce49e4b3c29ca,5,,peak_cooling_W,median,3232.1562513454592,,100,,0.02,False,False,0,2,False,False,0,False
BE_TABULA_14,TABULA_advanced_A_proxy,rcp_2_6,central,residential_energy_demand_gate5_v1,4b5b7791539478f9b2562d1b176e235ac7b641e1afdc40c3d5242661d9dbed3d,2ad0e9f7bbdfe12695c931891fd0e8132d060fd7bcbca23623db43d4c7393a5c,561839806dcdb8279ac4e42025bc5a82751f2588a2b2066fa84637918d8e4896,2851cf077281e480136cab6af02d4720b94564326517124af576ab8634ba52a3,2987a546cb3f48253dcdfdc400036a68d1977eddb1012f753e54eca010acedd8,13fcadcfebce608bffb6d3013f0501bd1916301bc921da206d0884f7638fdfd4,160,a1e4b94e5be0a9552f952c6d8f0bda430f9bfdab3c397079192588f75a8aba46,0483fface789f96fbdc35b5911182753a8b4967876fb97c2eefce49e4b3c29ca,5,,peak_cooling_W,p95,4019.5886646345407,,100,,0.02,False,False,0,2,False,False,0,False
BE_TABULA_14,TABULA_advanced_A_proxy,rcp_2_6,central,residential_energy_demand_gate5_v1,4b5b7791539478f9b2562d1b176e235ac7b641e1afdc40c3d5242661d9dbed3d,2ad0e9f7bbdfe12695c931891fd0e8132d060fd7bcbca23623db43d4c7393a5c,561839806dcdb8279ac4e42025bc5a82751f2588a2b2066fa84637918d8e4896,2851cf077281e480136cab6af02d4720b94564326517124af576ab8634ba52a3,2987a546cb3f48253dcdfdc400036a68d1977eddb1012f753e54eca010acedd8,13fcadcfebce608bffb6d3013f0501bd1916301bc921da206d0884f7638fdfd4,160,a1e4b94e5be0a9552f952c6d8f0bda430f9bfdab3c397079192588f75a8aba46,2063071df976f1cac9f6aea690c2aef6ea0bdefe943f07ae1c5166c5ad9979e4,10,5,heating_intensity_kWh_m2,mean,4.5208286824153436,4.4155820749702652,1,0.023280379514148786,0.02,False,False,0,2,False,False,0,False
BE_TABULA_14,TABULA_advanced_A_proxy,rcp_2_6,central,residential_energy_demand_gate5_v1,4b5b7791539478f9b2562d1b176e235ac7b641e1afdc40c3d5242661d9dbed3d,2ad0e9f7bbdfe12695c931891fd0e8132d060fd7bcbca23623db43d4c7393a5c,561839806dcdb8279ac4e42025bc5a82751f2588a2b2066fa84637918d8e4896,2851cf077281e480136cab6af02d4720b94564326517124af576ab8634ba52a3,2987a546cb3f48253dcdfdc400036a68d1977eddb1012f753e54eca010acedd8,13fcadcfebce608bffb6d3013f0501bd1916301bc921da206d0884f7638fdfd4,160,a1e4b94e5be0a9552f952c6d8f0bda430f9bfdab3c397079192588f75a8aba46,2063071df976f1cac9f6aea690c2aef6ea0bdefe943f07ae1c5166c5ad9979e4,10,5,heating_intensity_kWh_m2,median,3.7362101296043706,3.7090245221171507,1,0.0072762522835134475,0.02,True,False,0,2,False,False,0,False
BE_TABULA_14,TABULA_advanced_A_proxy,rcp_2_6,central,residential_energy_demand_gate5_v1,4b5b7791539478f9b2562d1b176e235ac7b641e1afdc40c3d5242661d9dbed3d,2ad0e9f7bbdfe12695c931891fd0e8132d060fd7bcbca23623db43d4c7393a5c,561839806dcdb8279ac4e42025bc5a82751f2588a2b2066fa84637918d8e4896,2851cf077281e480136cab6af02d4720b94564326517124af576ab8634ba52a3,2987a546cb3f48253dcdfdc400036a68d1977eddb1012f753e54eca010acedd8,13fcadcfebce608bffb6d3013f0501bd1916301bc921da206d0884f7638fdfd4,160,a1e4b94e5be0a9552f952c6d8f0bda430f9bfdab3c397079192588f75a8aba46,2063071df976f1cac9f6aea690c2aef6ea0bdefe943f07ae1c5166c5ad9979e4,10,5,heating_intensity_kWh_m2,p95,9.6568618455882955,8.4933674241346857,1,0.12048369750522508,0.02,False,False,0,2,False,False,0,False
BE_TABULA_14,TABULA_advanced_A_proxy,rcp_2_6,central,residential_energy_demand_gate5_v1,4b5b7791539478f9b2562d1b176e235ac7b641e1afdc40c3d5242661d9dbed3d,2ad0e9f7bbdfe12695c931891fd0e8132d060fd7bcbca23623db43d4c7393a5c,561839806dcdb8279ac4e42025bc5a82751f2588a2b2066fa84637918d8e4896,2851cf077281e480136cab6af02d4720b94564326517124af576ab8634ba52a3,2987a546cb3f48253dcdfdc400036a68d1977eddb1012f753e54eca010acedd8,13fcadcfebce608bffb6d3013f0501bd1916301bc921da206d0884f7638fdfd4,160,a1e4b94e5be0a9552f952c6d8f0bda430f9bfdab3c397079192588f75a8aba46,2063071df976f1cac9f6aea690c2aef6ea0bdefe943f07ae1c5166c5ad9979e4,10,5,cooling_intensity_kWh_m2,mean,19.560369322076792,19.861878992266572,1,0.015414313770112806,0.02,True,False,0,2,False,False,0,False
BE_TABULA_14,TABULA_advanced_A_proxy,rcp_2_6,central,residential_energy_demand_gate5_v1,4b5b7791539478f9b2562d1b176e235ac7b641e1afdc40c3d5242661d9dbed3d,2ad0e9f7bbdfe12695c931891fd0e8132d060fd7bcbca23623db43d4c7393a5c,561839806dcdb8279ac4e42025bc5a82751f2588a2b2066fa84637918d8e4896,2851cf077281e480136cab6af02d4720b94564326517124af576ab8634ba52a3,2987a546cb3f48253dcdfdc400036a68d1977eddb1012f753e54eca010acedd8,13fcadcfebce608bffb6d3013f0501bd1916301bc921da206d0884f7638fdfd4,160,a1e4b94e5be0a9552f952c6d8f0bda430f9bfdab3c397079192588f75a8aba46,2063071df976f1cac9f6aea690c2aef6ea0bdefe943f07ae1c5166c5ad9979e4,10,5,cooling_intensity_kWh_m2,median,18.712607248356797,19.297565028206694,1,0.031260089632953979,0.02,False,False,0,2,False,False,0,False
BE_TABULA_14,TABULA_advanced_A_proxy,rcp_2_6,central,residential_energy_demand_gate5_v1,4b5b7791539478f9b2562d1b176e235ac7b641e1afdc40c3d5242661d9dbed3d,2ad0e9f7bbdfe12695c931891fd0e8132d060fd7bcbca23623db43d4c7393a5c,561839806dcdb8279ac4e42025bc5a82751f2588a2b2066fa84637918d8e4896,2851cf077281e480136cab6af02d4720b94564326517124af576ab8634ba52a3,2987a546cb3f48253dcdfdc400036a68d1977eddb1012f753e54eca010acedd8,13fcadcfebce608bffb6d3013f0501bd1916301bc921da206d0884f7638fdfd4,160,a1e4b94e5be0a9552f952c6d8f0bda430f9bfdab3c397079192588f75a8aba46,2063071df976f1cac9f6aea690c2aef6ea0bdefe943f07ae1c5166c5ad9979e4,10,5,cooling_intensity_kWh_m2,p95,25.538390489351656,25.815080381746526,1,0.010834272915916031,0.02,True,False,0,2,False,False,0,False
BE_TABULA_14,TABULA_advanced_A_proxy,rcp_2_6,central,residential_energy_demand_gate5_v1,4b5b7791539478f9b2562d1b176e235ac7b641e1afdc40c3d5242661d9dbed3d,2ad0e9f7bbdfe12695c931891fd0e8132d060fd7bcbca23623db43d4c7393a5c,561839806dcdb8279ac4e42025bc5a82751f2588a2b2066fa84637918d8e4896,2851cf077281e480136cab6af02d4720b94564326517124af576ab8634ba52a3,2987a546cb3f48253dcdfdc400036a68d1977eddb1012f753e54eca010acedd8,13fcadcfebce608bffb6d3013f0501bd1916301bc921da206d0884f7638fdfd4,160,a1e4b94e5be0a9552f952c6d8f0bda430f9bfdab3c397079192588f75a8aba46,2063071df976f1cac9f6aea690c2aef6ea0bdefe943f07ae1c5166c5ad9979e4,10,5,peak_heating_W,mean,2442.4259690119725,2439.8885346434809,100,0.0010388991931321841,0.02,True,False,0,2,False,False,0,False
BE_TABULA_14,TABULA_advanced_A_proxy,rcp_2_6,central,residential_energy_demand_gate5_v1,4b5b7791539478f9b2562d1b176e235ac7b641e1afdc40c3d5242661d9dbed3d,2ad0e9f7bbdfe12695c931891fd0e8132d060fd7bcbca23623db43d4c7393a5c,561839806dcdb8279ac4e42025bc5a82751f2588a2b2066fa84637918d8e4896,2851cf077281e480136cab6af02d4720b94564326517124af576ab8634ba52a3,2987a546cb3f48253dcdfdc400036a68d1977eddb1012f753e54eca010acedd8,13fcadcfebce608bffb6d3013f0501bd1916301bc921da206d0884f7638fdfd4,160,a1e4b94e5be0a9552f952c6d8f0bda430f9bfdab3c397079192588f75a8aba46,2063071df976f1cac9f6aea690c2aef6ea0bdefe943f07ae1c5166c5ad9979e4,10,5,peak_heating_W,median,2422.1748713004649,2430.5499128352176,100,0.0034576535468127025,0.02,True,False,0,2,False,False,0,False
BE_TABULA_14,TABULA_advanced_A_proxy,rcp_2_6,central,residential_energy_demand_gate5_v1,4b5b7791539478f9b2562d1b176e235ac7b641e1afdc40c3d5242661d9dbed3d,2ad0e9f7bbdfe12695c931891fd0e8132d060fd7bcbca23623db43d4c7393a5c,561839806dcdb8279ac4e42025bc5a82751f2588a2b2066fa84637918d8e4896,2851cf077281e480136cab6af02d4720b94564326517124af576ab8634ba52a3,2987a546cb3f48253dcdfdc400036a68d1977eddb1012f753e54eca010acedd8,13fcadcfebce608bffb6d3013f0501bd1916301bc921da206d0884f7638fdfd4,160,a1e4b94e5be0a9552f952c6d8f0bda430f9bfdab3c397079192588f75a8aba46,2063071df976f1cac9f6aea690c2aef6ea0bdefe943f07ae1c5166c5ad9979e4,10,5,peak_heating_W,p95,2831.8895901798564,2819.2187500202217,100,0.0044743411620189605,0.02,True,False,0,2,False,False,0,False
BE_TABULA_14,TABULA_advanced_A_proxy,rcp_2_6,central,residential_energy_demand_gate5_v1,4b5b7791539478f9b2562d1b176e235ac7b641e1afdc40c3d5242661d9dbed3d,2ad0e9f7bbdfe12695c931891fd0e8132d060fd7bcbca23623db43d4c7393a5c,561839806dcdb8279ac4e42025bc5a82751f2588a2b2066fa84637918d8e4896,2851cf077281e480136cab6af02d4720b94564326517124af576ab8634ba52a3,2987a546cb3f48253dcdfdc400036a68d1977eddb1012f753e54eca010acedd8,13fcadcfebce608bffb6d3013f0501bd1916301bc921da206d0884f7638fdfd4,160,a1e4b94e5be0a9552f952c6d8f0bda430f9bfdab3c397079192588f75a8aba46,2063071df976f1cac9f6aea690c2aef6ea0bdefe943f07ae1c5166c5ad9979e4,10,5,peak_cooling_W,mean,3257.5173480460098,3350.4526605852111,100,0.028529491207452087,0.02,False,False,0,2,False,False,0,False
BE_TABULA_14,TABULA_advanced_A_proxy,rcp_2_6,central,residential_energy_demand_gate5_v1,4b5b7791539478f9b2562d1b176e235ac7b641e1afdc40c3d5242661d9dbed3d,2ad0e9f7bbdfe12695c931891fd0e8132d060fd7bcbca23623db43d4c7393a5c,561839806dcdb8279ac4e42025bc5a82751f2588a2b2066fa84637918d8e4896,2851cf077281e480136cab6af02d4720b94564326517124af576ab8634ba52a3,2987a546cb3f48253dcdfdc400036a68d1977eddb1012f753e54eca010acedd8,13fcadcfebce608bffb6d3013f0501bd1916301bc921da206d0884f7638fdfd4,160,a1e4b94e5be0a9552f952c6d8f0bda430f9bfdab3c397079192588f75a8aba46,2063071df976f1cac9f6aea690c2aef6ea0bdefe943f07ae1c5166c5ad9979e4,10,5,peak_cooling_W,median,3195.7557487909044,3232.1562513454592,100,0.01139026428046847,0.02,True,False,0,2,False,False,0,False
BE_TABULA_14,TABULA_advanced_A_proxy,rcp_2_6,central,residential_energy_demand_gate5_v1,4b5b7791539478f9b2562d1b176e235ac7b641e1afdc40c3d5242661d9dbed3d,2ad0e9f7bbdfe12695c931891fd0e8132d060fd7bcbca23623db43d4c7393a5c,561839806dcdb8279ac4e42025bc5a82751f2588a2b2066fa84637918d8e4896,2851cf077281e480136cab6af02d4720b94564326517124af576ab8634ba52a3,2987a546cb3f48253dcdfdc400036a68d1977eddb1012f753e54eca010acedd8,13fcadcfebce608bffb6d3013f0501bd1916301bc921da206d0884f7638fdfd4,160,a1e4b94e5be0a9552f952c6d8f0bda430f9bfdab3c397079192588f75a8aba46,2063071df976f1cac9f6aea690c2aef6ea0bdefe943f07ae1c5166c5ad9979e4,10,5,peak_cooling_W,p95,3926.757137075333,4019.5886646345407,100,0.023640761146829926,0.02,False,False,0,2,False,False,0,False
BE_TABULA_14,TABULA_advanced_A_proxy,rcp_2_6,central,residential_energy_demand_gate5_v1,4b5b7791539478f9b2562d1b176e235ac7b641e1afdc40c3d5242661d9dbed3d,2ad0e9f7bbdfe12695c931891fd0e8132d060fd7bcbca23623db43d4c7393a5c,561839806dcdb8279ac4e42025bc5a82751f2588a2b2066fa84637918d8e4896,2851cf077281e480136cab6af02d4720b94564326517124af576ab8634ba52a3,2987a546cb3f48253dcdfdc400036a68d1977eddb1012f753e54eca010acedd8,13fcadcfebce608bffb6d3013f0501bd1916301bc921da206d0884f7638fdfd4,160,a1e4b94e5be0a9552f952c6d8f0bda430f9bfdab3c397079192588f75a8aba46,1f7bdd094d6a8634c38dd67d232f10ebdc75032637483205a54e37449f9f3c93,20,10,heating_intensity_kWh_m2,mean,4.6413707039511669,4.5208286824153436,1,0.025971211787329695,0.02,False,False,0,2,False,False,0,False
BE_TABULA_14,TABULA_advanced_A_proxy,rcp_2_6,central,residential_energy_demand_gate5_v1,4b5b7791539478f9b2562d1b176e235ac7b641e1afdc40c3d5242661d9dbed3d,2ad0e9f7bbdfe12695c931891fd0e8132d060fd7bcbca23623db43d4c7393a5c,561839806dcdb8279ac4e42025bc5a82751f2588a2b2066fa84637918d8e4896,2851cf077281e480136cab6af02d4720b94564326517124af576ab8634ba52a3,2987a546cb3f48253dcdfdc400036a68d1977eddb1012f753e54eca010acedd8,13fcadcfebce608bffb6d3013f0501bd1916301bc921da206d0884f7638fdfd4,160,a1e4b94e5be0a9552f952c6d8f0bda430f9bfdab3c397079192588f75a8aba46,1f7bdd094d6a8634c38dd67d232f10ebdc75032637483205a54e37449f9f3c93,20,10,heating_intensity_kWh_m2,median,3.9627566594001014,3.7362101296043706,1,0.057168922865434367,0.02,False,False,0,2,False,False,0,False
BE_TABULA_14,TABULA_advanced_A_proxy,rcp_2_6,central,residential_energy_demand_gate5_v1,4b5b7791539478f9b2562d1b176e235ac7b641e1afdc40c3d5242661d9dbed3d,2ad0e9f7bbdfe12695c931891fd0e8132d060fd7bcbca23623db43d4c7393a5c,561839806dcdb8279ac4e42025bc5a82751f2588a2b2066fa84637918d8e4896,2851cf077281e480136cab6af02d4720b94564326517124af576ab8634ba52a3,2987a546cb3f48253dcdfdc400036a68d1977eddb1012f753e54eca010acedd8,13fcadcfebce608bffb6d3013f0501bd1916301bc921da206d0884f7638fdfd4,160,a1e4b94e5be0a9552f952c6d8f0bda430f9bfdab3c397079192588f75a8aba46,1f7bdd094d6a8634c38dd67d232f10ebdc75032637483205a54e37449f9f3c93,20,10,heating_intensity_kWh_m2,p95,9.748537594221462,9.6568618455882955,1,0.0094040514022850144,0.02,True,False,0,2,False,False,0,False
BE_TABULA_14,TABULA_advanced_A_proxy,rcp_2_6,central,residential_energy_demand_gate5_v1,4b5b7791539478f9b2562d1b176e235ac7b641e1afdc40c3d5242661d9dbed3d,2ad0e9f7bbdfe12695c931891fd0e8132d060fd7bcbca23623db43d4c7393a5c,561839806dcdb8279ac4e42025bc5a82751f2588a2b2066fa84637918d8e4896,2851cf077281e480136cab6af02d4720b94564326517124af576ab8634ba52a3,2987a546cb3f48253dcdfdc400036a68d1977eddb1012f753e54eca010acedd8,13fcadcfebce608bffb6d3013f0501bd1916301bc921da206d0884f7638fdfd4,160,a1e4b94e5be0a9552f952c6d8f0bda430f9bfdab3c397079192588f75a8aba46,1f7bdd094d6a8634c38dd67d232f10ebdc75032637483205a54e37449f9f3c93,20,10,cooling_intensity_kWh_m2,mean,19.475886185849635,19.560369322076792,1,0.0043378327137965217,0.02,True,False,0,2,False,False,0,False
BE_TABULA_14,TABULA_advanced_A_proxy,rcp_2_6,central,residential_energy_demand_gate5_v1,4b5b7791539478f9b2562d1b176e235ac7b641e1afdc40c3d5242661d9dbed3d,2ad0e9f7bbdfe12695c931891fd0e8132d060fd7bcbca23623db43d4c7393a5c,561839806dcdb8279ac4e42025bc5a82751f2588a2b2066fa84637918d8e4896,2851cf077281e480136cab6af02d4720b94564326517124af576ab8634ba52a3,2987a546cb3f48253dcdfdc400036a68d1977eddb1012f753e54eca010acedd8,13fcadcfebce608bffb6d3013f0501bd1916301bc921da206d0884f7638fdfd4,160,a1e4b94e5be0a9552f952c6d8f0bda430f9bfdab3c397079192588f75a8aba46,1f7bdd094d6a8634c38dd67d232f10ebdc75032637483205a54e37449f9f3c93,20,10,cooling_intensity_kWh_m2,median,18.55295186163389,18.712607248356797,1,0.0086053900162950479,0.02,True,False,0,2,False,False,0,False
BE_TABULA_14,TABULA_advanced_A_proxy,rcp_2_6,central,residential_energy_demand_gate5_v1,4b5b7791539478f9b2562d1b176e235ac7b641e1afdc40c3d5242661d9dbed3d,2ad0e9f7bbdfe12695c931891fd0e8132d060fd7bcbca23623db43d4c7393a5c,561839806dcdb8279ac4e42025bc5a82751f2588a2b2066fa84637918d8e4896,2851cf077281e480136cab6af02d4720b94564326517124af576ab8634ba52a3,2987a546cb3f48253dcdfdc400036a68d1977eddb1012f753e54eca010acedd8,13fcadcfebce608bffb6d3013f0501bd1916301bc921da206d0884f7638fdfd4,160,a1e4b94e5be0a9552f952c6d8f0bda430f9bfdab3c397079192588f75a8aba46,1f7bdd094d6a8634c38dd67d232f10ebdc75032637483205a54e37449f9f3c93,20,10,cooling_intensity_kWh_m2,p95,25.592567482228731,25.538390489351656,1,0.0021169033905916179,0.02,True,False,0,2,False,False,0,False
BE_TABULA_14,TABULA_advanced_A_proxy,rcp_2_6,central,residential_energy_demand_gate5_v1,4b5b7791539478f9b2562d1b176e235ac7b641e1afdc40c3d5242661d9dbed3d,2ad0e9f7bbdfe12695c931891fd0e8132d060fd7bcbca23623db43d4c7393a5c,561839806dcdb8279ac4e42025bc5a82751f2588a2b2066fa84637918d8e4896,2851cf077281e480136cab6af02d4720b94564326517124af576ab8634ba52a3,2987a546cb3f48253dcdfdc400036a68d1977eddb1012f753e54eca010acedd8,13fcadcfebce608bffb6d3013f0501bd1916301bc921da206d0884f7638fdfd4,160,a1e4b94e5be0a9552f952c6d8f0bda430f9bfdab3c397079192588f75a8aba46,1f7bdd094d6a8634c38dd67d232f10ebdc75032637483205a54e37449f9f3c93,20,10,peak_heating_W,mean,2462.4779211453897,2442.4259690119725,100,0.0081429977346112858,0.02,True,False,0,2,False,False,0,False
BE_TABULA_14,TABULA_advanced_A_proxy,rcp_2_6,central,residential_energy_demand_gate5_v1,4b5b7791539478f9b2562d1b176e235ac7b641e1afdc40c3d5242661d9dbed3d,2ad0e9f7bbdfe12695c931891fd0e8132d060fd7bcbca23623db43d4c7393a5c,561839806dcdb8279ac4e42025bc5a82751f2588a2b2066fa84637918d8e4896,2851cf077281e480136cab6af02d4720b94564326517124af576ab8634ba52a3,2987a546cb3f48253dcdfdc400036a68d1977eddb1012f753e54eca010acedd8,13fcadcfebce608bffb6d3013f0501bd1916301bc921da206d0884f7638fdfd4,160,a1e4b94e5be0a9552f952c6d8f0bda430f9bfdab3c397079192588f75a8aba46,1f7bdd094d6a8634c38dd67d232f10ebdc75032637483205a54e37449f9f3c93,20,10,peak_heating_W,median,2450.599755498748,2422.1748713004649,100,0.011599154098706746,0.02,True,False,0,2,False,False,0,False
BE_TABULA_14,TABULA_advanced_A_proxy,rcp_2_6,central,residential_energy_demand_gate5_v1,4b5b7791539478f9b2562d1b176e235ac7b641e1afdc40c3d5242661d9dbed3d,2ad0e9f7bbdfe12695c931891fd0e8132d060fd7bcbca23623db43d4c7393a5c,561839806dcdb8279ac4e42025bc5a82751f2588a2b2066fa84637918d8e4896,2851cf077281e480136cab6af02d4720b94564326517124af576ab8634ba52a3,2987a546cb3f48253dcdfdc400036a68d1977eddb1012f753e54eca010acedd8,13fcadcfebce608bffb6d3013f0501bd1916301bc921da206d0884f7638fdfd4,160,a1e4b94e5be0a9552f952c6d8f0bda430f9bfdab3c397079192588f75a8aba46,1f7bdd094d6a8634c38dd67d232f10ebdc75032637483205a54e37449f9f3c93,20,10,peak_heating_W,p95,2831.8895901798574,2831.8895901798564,100,3.2116178008026256e-16,0.02,True,False,0,2,False,False,0,False
BE_TABULA_14,TABULA_advanced_A_proxy,rcp_2_6,central,residential_energy_demand_gate5_v1,4b5b7791539478f9b2562d1b176e235ac7b641e1afdc40c3d5242661d9dbed3d,2ad0e9f7bbdfe12695c931891fd0e8132d060fd7bcbca23623db43d4c7393a5c,561839806dcdb8279ac4e42025bc5a82751f2588a2b2066fa84637918d8e4896,2851cf077281e480136cab6af02d4720b94564326517124af576ab8634ba52a3,2987a546cb3f48253dcdfdc400036a68d1977eddb1012f753e54eca010acedd8,13fcadcfebce608bffb6d3013f0501bd1916301bc921da206d0884f7638fdfd4,160,a1e4b94e5be0a9552f952c6d8f0bda430f9bfdab3c397079192588f75a8aba46,1f7bdd094d6a8634c38dd67d232f10ebdc75032637483205a54e37449f9f3c93,20,10,peak_cooling_W,mean,3342.4379336918846,3257.5173480460098,100,0.025406780119945526,0.02,False,False,0,2,False,False,0,False
BE_TABULA_14,TABULA_advanced_A_proxy,rcp_2_6,central,residential_energy_demand_gate5_v1,4b5b7791539478f9b2562d1b176e235ac7b641e1afdc40c3d5242661d9dbed3d,2ad0e9f7bbdfe12695c931891fd0e8132d060fd7bcbca23623db43d4c7393a5c,561839806dcdb8279ac4e42025bc5a82751f2588a2b2066fa84637918d8e4896,2851cf077281e480136cab6af02d4720b94564326517124af576ab8634ba52a3,2987a546cb3f48253dcdfdc400036a68d1977eddb1012f753e54eca010acedd8,13fcadcfebce608bffb6d3013f0501bd1916301bc921da206d0884f7638fdfd4,160,a1e4b94e5be0a9552f952c6d8f0bda430f9bfdab3c397079192588f75a8aba46,1f7bdd094d6a8634c38dd67d232f10ebdc75032637483205a54e37449f9f3c93,20,10,peak_cooling_W,median,3288.6734751742442,3195.7557487909044,100,0.028253861955211835,0.02,False,False,0,2,False,False,0,False
BE_TABULA_14,TABULA_advanced_A_proxy,rcp_2_6,central,residential_energy_demand_gate5_v1,4b5b7791539478f9b2562d1b176e235ac7b641e1afdc40c3d5242661d9dbed3d,2ad0e9f7bbdfe12695c931891fd0e8132d060fd7bcbca23623db43d4c7393a5c,561839806dcdb8279ac4e42025bc5a82751f2588a2b2066fa84637918d8e4896,2851cf077281e480136cab6af02d4720b94564326517124af576ab8634ba52a3,2987a546cb3f48253dcdfdc400036a68d1977eddb1012f753e54eca010acedd8,13fcadcfebce608bffb6d3013f0501bd1916301bc921da206d0884f7638fdfd4,160,a1e4b94e5be0a9552f952c6d8f0bda430f9bfdab3c397079192588f75a8aba46,1f7bdd094d6a8634c38dd67d232f10ebdc75032637483205a54e37449f9f3c93,20,10,peak_cooling_W,p95,3996.3478501479885,3926.757137075333,100,0.017413577516801618,0.02,True,False,0,2,False,False,0,False
BE_TABULA_14,TABULA_advanced_A_proxy,rcp_2_6,central,residential_energy_demand_gate5_v1,4b5b7791539478f9b2562d1b176e235ac7b641e1afdc40c3d5242661d9dbed3d,2ad0e9f7bbdfe12695c931891fd0e8132d060fd7bcbca23623db43d4c7393a5c,561839806dcdb8279ac4e42025bc5a82751f2588a2b2066fa84637918d8e4896,2851cf077281e480136cab6af02d4720b94564326517124af576ab8634ba52a3,2987a546cb3f48253dcdfdc400036a68d1977eddb1012f753e54eca010acedd8,13fcadcfebce608bffb6d3013f0501bd1916301bc921da206d0884f7638fdfd4,160,a1e4b94e5be0a9552f952c6d8f0bda430f9bfdab3c397079192588f75a8aba46,d9c1d0f471fb97f0efab0c100463285cd55e4de7718f288f7be26835b3adb0fe,40,20,heating_intensity_kWh_m2,mean,4.5960922936971222,4.6413707039511669,1,0.0098515015279692,0.02,True,False,0,2,False,False,0,False
BE_TABULA_14,TABULA_advanced_A_proxy,rcp_2_6,central,residential_energy_demand_gate5_v1,4b5b7791539478f9b2562d1b176e235ac7b641e1afdc40c3d5242661d9dbed3d,2ad0e9f7bbdfe12695c931891fd0e8132d060fd7bcbca23623db43d4c7393a5c,561839806dcdb8279ac4e42025bc5a82751f2588a2b2066fa84637918d8e4896,2851cf077281e480136cab6af02d4720b94564326517124af576ab8634ba52a3,2987a546cb3f48253dcdfdc400036a68d1977eddb1012f753e54eca010acedd8,13fcadcfebce608bffb6d3013f0501bd1916301bc921da206d0884f7638fdfd4,160,a1e4b94e5be0a9552f952c6d8f0bda430f9bfdab3c397079192588f75a8aba46,d9c1d0f471fb97f0efab0c100463285cd55e4de7718f288f7be26835b3adb0fe,40,20,heating_intensity_kWh_m2,median,3.8935543982770651,3.9627566594001014,1,0.017773544182061243,0.02,True,False,0,2,False,False,0,False
BE_TABULA_14,TABULA_advanced_A_proxy,rcp_2_6,central,residential_energy_demand_gate5_v1,4b5b7791539478f9b2562d1b176e235ac7b641e1afdc40c3d5242661d9dbed3d,2ad0e9f7bbdfe12695c931891fd0e8132d060fd7bcbca23623db43d4c7393a5c,561839806dcdb8279ac4e42025bc5a82751f2588a2b2066fa84637918d8e4896,2851cf077281e480136cab6af02d4720b94564326517124af576ab8634ba52a3,2987a546cb3f48253dcdfdc400036a68d1977eddb1012f753e54eca010acedd8,13fcadcfebce608bffb6d3013f0501bd1916301bc921da206d0884f7638fdfd4,160,a1e4b94e5be0a9552f952c6d8f0bda430f9bfdab3c397079192588f75a8aba46,d9c1d0f471fb97f0efab0c100463285cd55e4de7718f288f7be26835b3adb0fe,40,20,heating_intensity_kWh_m2,p95,10.030228129037233,9.748537594221462,1,0.028084160319373507,0.02,False,False,0,2,False,False,0,False
BE_TABULA_14,TABULA_advanced_A_proxy,rcp_2_6,central,residential_energy_demand_gate5_v1,4b5b7791539478f9b2562d1b176e235ac7b641e1afdc40c3d5242661d9dbed3d,2ad0e9f7bbdfe12695c931891fd0e8132d060fd7bcbca23623db43d4c7393a5c,561839806dcdb8279ac4e42025bc5a82751f2588a2b2066fa84637918d8e4896,2851cf077281e480136cab6af02d4720b94564326517124af576ab8634ba52a3,2987a546cb3f48253dcdfdc400036a68d1977eddb1012f753e54eca010acedd8,13fcadcfebce608bffb6d3013f0501bd1916301bc921da206d0884f7638fdfd4,160,a1e4b94e5be0a9552f952c6d8f0bda430f9bfdab3c397079192588f75a8aba46,d9c1d0f471fb97f0efab0c100463285cd55e4de7718f288f7be26835b3adb0fe,40,20,cooling_intensity_kWh_m2,mean,19.585768401727567,19.475886185849635,1,0.0056103091604125755,0.02,True,False,0,2,False,False,0,False
BE_TABULA_14,TABULA_advanced_A_proxy,rcp_2_6,central,residential_energy_demand_gate5_v1,4b5b7791539478f9b2562d1b176e235ac7b641e1afdc40c3d5242661d9dbed3d,2ad0e9f7bbdfe12695c931891fd0e8132d060fd7bcbca23623db43d4c7393a5c,561839806dcdb8279ac4e42025bc5a82751f2588a2b2066fa84637918d8e4896,2851cf077281e480136cab6af02d4720b94564326517124af576ab8634ba52a3,2987a546cb3f48253dcdfdc400036a68d1977eddb1012f753e54eca010acedd8,13fcadcfebce608bffb6d3013f0501bd1916301bc921da206d0884f7638fdfd4,160,a1e4b94e5be0a9552f952c6d8f0bda430f9bfdab3c397079192588f75a8aba46,d9c1d0f471fb97f0efab0c100463285cd55e4de7718f288f7be26835b3adb0fe,40,20,cooling_intensity_kWh_m2,median,18.731798345767288,18.55295186163389,1,0.0095477476765497629,0.02,True,False,0,2,False,False,0,False
BE_TABULA_14,TABULA_advanced_A_proxy,rcp_2_6,central,residential_energy_demand_gate5_v1,4b5b7791539478f9b2562d1b176e235ac7b641e1afdc40c3d5242661d9dbed3d,2ad0e9f7bbdfe12695c931891fd0e8132d060fd7bcbca23623db43d4c7393a5c,561839806dcdb8279ac4e42025bc5a82751f2588a2b2066fa84637918d8e4896,2851cf077281e480136cab6af02d4720b94564326517124af576ab8634ba52a3,2987a546cb3f48253dcdfdc400036a68d1977eddb1012f753e54eca010acedd8,13fcadcfebce608bffb6d3013f0501bd1916301bc921da206d0884f7638fdfd4,160,a1e4b94e5be0a9552f952c6d8f0bda430f9bfdab3c397079192588f75a8aba46,d9c1d0f471fb97f0efab0c100463285cd55e4de7718f288f7be26835b3adb0fe,40,20,cooling_intensity_kWh_m2,p95,25.768468006949686,25.592567482228731,1,0.0068261925650184244,0.02,True,False,0,2,False,False,0,False
BE_TABULA_14,TABULA_advanced_A_proxy,rcp_2_6,central,residential_energy_demand_gate5_v1,4b5b7791539478f9b2562d1b176e235ac7b641e1afdc40c3d5242661d9dbed3d,2ad0e9f7bbdfe12695c931891fd0e8132d060fd7bcbca23623db43d4c7393a5c,561839806dcdb8279ac4e42025bc5a82751f2588a2b2066fa84637918d8e4896,2851cf077281e480136cab6af02d4720b94564326517124af576ab8634ba52a3,2987a546cb3f48253dcdfdc400036a68d1977eddb1012f753e54eca010acedd8,13fcadcfebce608bffb6d3013f0501bd1916301bc921da206d0884f7638fdfd4,160,a1e4b94e5be0a9552f952c6d8f0bda430f9bfdab3c397079192588f75a8aba46,d9c1d0f471fb97f0efab0c100463285cd55e4de7718f288f7be26835b3adb0fe,40,20,peak_heating_W,mean,2461.8417203530048,2462.4779211453897,100,0.00025842473426507397,0.02,True,False,0,2,False,False,0,False
BE_TABULA_14,TABULA_advanced_A_proxy,rcp_2_6,central,residential_energy_demand_gate5_v1,4b5b7791539478f9b2562d1b176e235ac7b641e1afdc40c3d5242661d9dbed3d,2ad0e9f7bbdfe12695c931891fd0e8132d060fd7bcbca23623db43d4c7393a5c,561839806dcdb8279ac4e42025bc5a82751f2588a2b2066fa84637918d8e4896,2851cf077281e480136cab6af02d4720b94564326517124af576ab8634ba52a3,2987a546cb3f48253dcdfdc400036a68d1977eddb1012f753e54eca010acedd8,13fcadcfebce608bffb6d3013f0501bd1916301bc921da206d0884f7638fdfd4,160,a1e4b94e5be0a9552f952c6d8f0bda430f9bfdab3c397079192588f75a8aba46,d9c1d0f471fb97f0efab0c100463285cd55e4de7718f288f7be26835b3adb0fe,40,20,peak_heating_W,median,2452.2810708273601,2450.599755498748,100,0.00068561281519203003,0.02,True,False,0,2,False,False,0,False
BE_TABULA_14,TABULA_advanced_A_proxy,rcp_2_6,central,residential_energy_demand_gate5_v1,4b5b7791539478f9b2562d1b176e235ac7b641e1afdc40c3d5242661d9dbed3d,2ad0e9f7bbdfe12695c931891fd0e8132d060fd7bcbca23623db43d4c7393a5c,561839806dcdb8279ac4e42025bc5a82751f2588a2b2066fa84637918d8e4896,2851cf077281e480136cab6af02d4720b94564326517124af576ab8634ba52a3,2987a546cb3f48253dcdfdc400036a68d1977eddb1012f753e54eca010acedd8,13fcadcfebce608bffb6d3013f0501bd1916301bc921da206d0884f7638fdfd4,160,a1e4b94e5be0a9552f952c6d8f0bda430f9bfdab3c397079192588f75a8aba46,d9c1d0f471fb97f0efab0c100463285cd55e4de7718f288f7be26835b3adb0fe,40,20,peak_heating_W,p95,2850.3599320404887,2831.8895901798574,100,0.0064800033332664082,0.02,True,False,0,2,False,False,0,False
BE_TABULA_14,TABULA_advanced_A_proxy,rcp_2_6,central,residential_energy_demand_gate5_v1,4b5b7791539478f9b2562d1b176e235ac7b641e1afdc40c3d5242661d9dbed3d,2ad0e9f7bbdfe12695c931891fd0e8132d060fd7bcbca23623db43d4c7393a5c,561839806dcdb8279ac4e42025bc5a82751f2588a2b2066fa84637918d8e4896,2851cf077281e480136cab6af02d4720b94564326517124af576ab8634ba52a3,2987a546cb3f48253dcdfdc400036a68d1977eddb1012f753e54eca010acedd8,13fcadcfebce608bffb6d3013f0501bd1916301bc921da206d0884f7638fdfd4,160,a1e4b94e5be0a9552f952c6d8f0bda430f9bfdab3c397079192588f75a8aba46,d9c1d0f471fb97f0efab0c100463285cd55e4de7718f288f7be26835b3adb0fe,40,20,peak_cooling_W,mean,3344.0321506625405,3342.4379336918846,100,0.00047673494118172601,0.02,True,False,0,2,False,False,0,False
BE_TABULA_14,TABULA_advanced_A_proxy,rcp_2_6,central,residential_energy_demand_gate5_v1,4b5b7791539478f9b2562d1b176e235ac7b641e1afdc40c3d5242661d9dbed3d,2ad0e9f7bbdfe12695c931891fd0e8132d060fd7bcbca23623db43d4c7393a5c,561839806dcdb8279ac4e42025bc5a82751f2588a2b2066fa84637918d8e4896,2851cf077281e480136cab6af02d4720b94564326517124af576ab8634ba52a3,2987a546cb3f48253dcdfdc400036a68d1977eddb1012f753e54eca010acedd8,13fcadcfebce608bffb6d3013f0501bd1916301bc921da206d0884f7638fdfd4,160,a1e4b94e5be0a9552f952c6d8f0bda430f9bfdab3c397079192588f75a8aba46,d9c1d0f471fb97f0efab0c100463285cd55e4de7718f288f7be26835b3adb0fe,40,20,peak_cooling_W,median,3290.7844127458416,3288.6734751742442,100,0.00064146942091413382,0.02,True,False,0,2,False,False,0,False
BE_TABULA_14,TABULA_advanced_A_proxy,rcp_2_6,central,residential_energy_demand_gate5_v1,4b5b7791539478f9b2562d1b176e235ac7b641e1afdc40c3d5242661d9dbed3d,2ad0e9f7bbdfe12695c931891fd0e8132d060fd7bcbca23623db43d4c7393a5c,561839806dcdb8279ac4e42025bc5a82751f2588a2b2066fa84637918d8e4896,2851cf077281e480136cab6af02d4720b94564326517124af576ab8634ba52a3,2987a546cb3f48253dcdfdc400036a68d1977eddb1012f753e54eca010acedd8,13fcadcfebce608bffb6d3013f0501bd1916301bc921da206d0884f7638fdfd4,160,a1e4b94e5be0a9552f952c6d8f0bda430f9bfdab3c397079192588f75a8aba46,d9c1d0f471fb97f0efab0c100463285cd55e4de7718f288f7be26835b3adb0fe,40,20,peak_cooling_W,p95,3982.1849146863251,3996.3478501479885,100,0.0035565740328708582,0.02,True,False,0,2,False,False,0,False
BE_TABULA_14,TABULA_advanced_A_proxy,rcp_2_6,central,residential_energy_demand_gate5_v1,4b5b7791539478f9b2562d1b176e235ac7b641e1afdc40c3d5242661d9dbed3d,2ad0e9f7bbdfe12695c931891fd0e8132d060fd7bcbca23623db43d4c7393a5c,561839806dcdb8279ac4e42025bc5a82751f2588a2b2066fa84637918d8e4896,2851cf077281e480136cab6af02d4720b94564326517124af576ab8634ba52a3,2987a546cb3f48253dcdfdc400036a68d1977eddb1012f753e54eca010acedd8,13fcadcfebce608bffb6d3013f0501bd1916301bc921da206d0884f7638fdfd4,160,a1e4b94e5be0a9552f952c6d8f0bda430f9bfdab3c397079192588f75a8aba46,68c77bb6c64b8d83360a050cd3cb41af044e4998f93c5776b9bf72e3b3a2d976,80,40,heating_intensity_kWh_m2,mean,4.5829843818133709,4.5960922936971222,1,0.0028601258026903658,0.02,True,True,1,2,False,True,1,False
BE_TABULA_14,TABULA_advanced_A_proxy,rcp_2_6,central,residential_energy_demand_gate5_v1,4b5b7791539478f9b2562d1b176e235ac7b641e1afdc40c3d5242661d9dbed3d,2ad0e9f7bbdfe12695c931891fd0e8132d060fd7bcbca23623db43d4c7393a5c,561839806dcdb8279ac4e42025bc5a82751f2588a2b2066fa84637918d8e4896,2851cf077281e480136cab6af02d4720b94564326517124af576ab8634ba52a3,2987a546cb3f48253dcdfdc400036a68d1977eddb1012f753e54eca010acedd8,13fcadcfebce608bffb6d3013f0501bd1916301bc921da206d0884f7638fdfd4,160,a1e4b94e5be0a9552f952c6d8f0bda430f9bfdab3c397079192588f75a8aba46,68c77bb6c64b8d83360a050cd3cb41af044e4998f93c5776b9bf72e3b3a2d976,80,40,heating_intensity_kWh_m2,median,3.8961449318620609,3.8935543982770651,1,0.0006648966171178231,0.02,True,True,1,2,False,True,1,False
BE_TABULA_14,TABULA_advanced_A_proxy,rcp_2_6,central,residential_energy_demand_gate5_v1,4b5b7791539478f9b2562d1b176e235ac7b641e1afdc40c3d5242661d9dbed3d,2ad0e9f7bbdfe12695c931891fd0e8132d060fd7bcbca23623db43d4c7393a5c,561839806dcdb8279ac4e42025bc5a82751f2588a2b2066fa84637918d8e4896,2851cf077281e480136cab6af02d4720b94564326517124af576ab8634ba52a3,2987a546cb3f48253dcdfdc400036a68d1977eddb1012f753e54eca010acedd8,13fcadcfebce608bffb6d3013f0501bd1916301bc921da206d0884f7638fdfd4,160,a1e4b94e5be0a9552f952c6d8f0bda430f9bfdab3c397079192588f75a8aba46,68c77bb6c64b8d83360a050cd3cb41af044e4998f93c5776b9bf72e3b3a2d976,80,40,heating_intensity_kWh_m2,p95,9.9199307968564643,10.030228129037233,1,0.011118760245355887,0.02,True,True,1,2,False,True,1,False
BE_TABULA_14,TABULA_advanced_A_proxy,rcp_2_6,central,residential_energy_demand_gate5_v1,4b5b7791539478f9b2562d1b176e235ac7b641e1afdc40c3d5242661d9dbed3d,2ad0e9f7bbdfe12695c931891fd0e8132d060fd7bcbca23623db43d4c7393a5c,561839806dcdb8279ac4e42025bc5a82751f2588a2b2066fa84637918d8e4896,2851cf077281e480136cab6af02d4720b94564326517124af576ab8634ba52a3,2987a546cb3f48253dcdfdc400036a68d1977eddb1012f753e54eca010acedd8,13fcadcfebce608bffb6d3013f0501bd1916301bc921da206d0884f7638fdfd4,160,a1e4b94e5be0a9552f952c6d8f0bda430f9bfdab3c397079192588f75a8aba46,68c77bb6c64b8d83360a050cd3cb41af044e4998f93c5776b9bf72e3b3a2d976,80,40,cooling_intensity_kWh_m2,mean,19.528846478103659,19.585768401727567,1,0.0029147611809908864,0.02,True,True,1,2,False,True,1,False
BE_TABULA_14,TABULA_advanced_A_proxy,rcp_2_6,central,residential_energy_demand_gate5_v1,4b5b7791539478f9b2562d1b176e235ac7b641e1afdc40c3d5242661d9dbed3d,2ad0e9f7bbdfe12695c931891fd0e8132d060fd7bcbca23623db43d4c7393a5c,561839806dcdb8279ac4e42025bc5a82751f2588a2b2066fa84637918d8e4896,2851cf077281e480136cab6af02d4720b94564326517124af576ab8634ba52a3,2987a546cb3f48253dcdfdc400036a68d1977eddb1012f753e54eca010acedd8,13fcadcfebce608bffb6d3013f0501bd1916301bc921da206d0884f7638fdfd4,160,a1e4b94e5be0a9552f952c6d8f0bda430f9bfdab3c397079192588f75a8aba46,68c77bb6c64b8d83360a050cd3cb41af044e4998f93c5776b9bf72e3b3a2d976,80,40,cooling_intensity_kWh_m2,median,18.65060504099317,18.731798345767288,1,0.0043533871740706886,0.02,True,True,1,2,False,True,1,False
BE_TABULA_14,TABULA_advanced_A_proxy,rcp_2_6,central,residential_energy_demand_gate5_v1,4b5b7791539478f9b2562d1b176e235ac7b641e1afdc40c3d5242661d9dbed3d,2ad0e9f7bbdfe12695c931891fd0e8132d060fd7bcbca23623db43d4c7393a5c,561839806dcdb8279ac4e42025bc5a82751f2588a2b2066fa84637918d8e4896,2851cf077281e480136cab6af02d4720b94564326517124af576ab8634ba52a3,2987a546cb3f48253dcdfdc400036a68d1977eddb1012f753e54eca010acedd8,13fcadcfebce608bffb6d3013f0501bd1916301bc921da206d0884f7638fdfd4,160,a1e4b94e5be0a9552f952c6d8f0bda430f9bfdab3c397079192588f75a8aba46,68c77bb6c64b8d83360a050cd3cb41af044e4998f93c5776b9bf72e3b3a2d976,80,40,cooling_intensity_kWh_m2,p95,25.68363261058629,25.768468006949686,1,0.0033030918036270284,0.02,True,True,1,2,False,True,1,False
BE_TABULA_14,TABULA_advanced_A_proxy,rcp_2_6,central,residential_energy_demand_gate5_v1,4b5b7791539478f9b2562d1b176e235ac7b641e1afdc40c3d5242661d9dbed3d,2ad0e9f7bbdfe12695c931891fd0e8132d060fd7bcbca23623db43d4c7393a5c,561839806dcdb8279ac4e42025bc5a82751f2588a2b2066fa84637918d8e4896,2851cf077281e480136cab6af02d4720b94564326517124af576ab8634ba52a3,2987a546cb3f48253dcdfdc400036a68d1977eddb1012f753e54eca010acedd8,13fcadcfebce608bffb6d3013f0501bd1916301bc921da206d0884f7638fdfd4,160,a1e4b94e5be0a9552f952c6d8f0bda430f9bfdab3c397079192588f75a8aba46,68c77bb6c64b8d83360a050cd3cb41af044e4998f93c5776b9bf72e3b3a2d976,80,40,peak_heating_W,mean,2467.7890584622414,2461.8417203530048,100,0.0024099864163197979,0.02,True,True,1,2,False,True,1,False
BE_TABULA_14,TABULA_advanced_A_proxy,rcp_2_6,central,residential_energy_demand_gate5_v1,4b5b7791539478f9b2562d1b176e235ac7b641e1afdc40c3d5242661d9dbed3d,2ad0e9f7bbdfe12695c931891fd0e8132d060fd7bcbca23623db43d4c7393a5c,561839806dcdb8279ac4e42025bc5a82751f2588a2b2066fa84637918d8e4896,2851cf077281e480136cab6af02d4720b94564326517124af576ab8634ba52a3,2987a546cb3f48253dcdfdc400036a68d1977eddb1012f753e54eca010acedd8,13fcadcfebce608bffb6d3013f0501bd1916301bc921da206d0884f7638fdfd4,160,a1e4b94e5be0a9552f952c6d8f0bda430f9bfdab3c397079192588f75a8aba46,68c77bb6c64b8d83360a050cd3cb41af044e4998f93c5776b9bf72e3b3a2d976,80,40,peak_heating_W,median,2457.4011220488364,2452.2810708273601,100,0.0020835227816643912,0.02,True,True,1,2,False,True,1,False
BE_TABULA_14,TABULA_advanced_A_proxy,rcp_2_6,central,residential_energy_demand_gate5_v1,4b5b7791539478f9b2562d1b176e235ac7b641e1afdc40c3d5242661d9dbed3d,2ad0e9f7bbdfe12695c931891fd0e8132d060fd7bcbca23623db43d4c7393a5c,561839806dcdb8279ac4e42025bc5a82751f2588a2b2066fa84637918d8e4896,2851cf077281e480136cab6af02d4720b94564326517124af576ab8634ba52a3,2987a546cb3f48253dcdfdc400036a68d1977eddb1012f753e54eca010acedd8,13fcadcfebce608bffb6d3013f0501bd1916301bc921da206d0884f7638fdfd4,160,a1e4b94e5be0a9552f952c6d8f0bda430f9bfdab3c397079192588f75a8aba46,68c77bb6c64b8d83360a050cd3cb41af044e4998f93c5776b9bf72e3b3a2d976,80,40,peak_heating_W,p95,2853.7493299141997,2850.3599320404887,100,0.001187699928014669,0.02,True,True,1,2,False,True,1,False
BE_TABULA_14,TABULA_advanced_A_proxy,rcp_2_6,central,residential_energy_demand_gate5_v1,4b5b7791539478f9b2562d1b176e235ac7b641e1afdc40c3d5242661d9dbed3d,2ad0e9f7bbdfe12695c931891fd0e8132d060fd7bcbca23623db43d4c7393a5c,561839806dcdb8279ac4e42025bc5a82751f2588a2b2066fa84637918d8e4896,2851cf077281e480136cab6af02d4720b94564326517124af576ab8634ba52a3,2987a546cb3f48253dcdfdc400036a68d1977eddb1012f753e54eca010acedd8,13fcadcfebce608bffb6d3013f0501bd1916301bc921da206d0884f7638fdfd4,160,a1e4b94e5be0a9552f952c6d8f0bda430f9bfdab3c397079192588f75a8aba46,68c77bb6c64b8d83360a050cd3cb41af044e4998f93c5776b9bf72e3b3a2d976,80,40,peak_cooling_W,mean,3368.0959357674365,3344.0321506625405,100,0.0071446257956464341,0.02,True,True,1,2,False,True,1,False
BE_TABULA_14,TABULA_advanced_A_proxy,rcp_2_6,central,residential_energy_demand_gate5_v1,4b5b7791539478f9b2562d1b176e235ac7b641e1afdc40c3d5242661d9dbed3d,2ad0e9f7bbdfe12695c931891fd0e8132d060fd7bcbca23623db43d4c7393a5c,561839806dcdb8279ac4e42025bc5a82751f2588a2b2066fa84637918d8e4896,2851cf077281e480136cab6af02d4720b94564326517124af576ab8634ba52a3,2987a546cb3f48253dcdfdc400036a68d1977eddb1012f753e54eca010acedd8,13fcadcfebce608bffb6d3013f0501bd1916301bc921da206d0884f7638fdfd4,160,a1e4b94e5be0a9552f952c6d8f0bda430f9bfdab3c397079192588f75a8aba46,68c77bb6c64b8d83360a050cd3cb41af044e4998f93c5776b9bf72e3b3a2d976,80,40,peak_cooling_W,median,3317.7826431131007,3290.7844127458416,100,0.0081374319150474741,0.02,True,True,1,2,False,True,1,False
BE_TABULA_14,TABULA_advanced_A_proxy,rcp_2_6,central,residential_energy_demand_gate5_v1,4b5b7791539478f9b2562d1b176e235ac7b641e1afdc40c3d5242661d9dbed3d,2ad0e9f7bbdfe12695c931891fd0e8132d060fd7bcbca23623db43d4c7393a5c,561839806dcdb8279ac4e42025bc5a82751f2588a2b2066fa84637918d8e4896,2851cf077281e480136cab6af02d4720b94564326517124af576ab8634ba52a3,2987a546cb3f48253dcdfdc400036a68d1977eddb1012f753e54eca010acedd8,13fcadcfebce608bffb6d3013f0501bd1916301bc921da206d0884f7638fdfd4,160,a1e4b94e5be0a9552f952c6d8f0bda430f9bfdab3c397079192588f75a8aba46,68c77bb6c64b8d83360a050cd3cb41af044e4998f93c5776b9bf72e3b3a2d976,80,40,peak_cooling_W,p95,3993.7902949722729,3982.1849146863251,100,0.0029058561989490743,0.02,True,True,1,2,False,True,1,False
BE_TABULA_14,TABULA_advanced_A_proxy,rcp_2_6,central,residential_energy_demand_gate5_v1,4b5b7791539478f9b2562d1b176e235ac7b641e1afdc40c3d5242661d9dbed3d,2ad0e9f7bbdfe12695c931891fd0e8132d060fd7bcbca23623db43d4c7393a5c,561839806dcdb8279ac4e42025bc5a82751f2588a2b2066fa84637918d8e4896,2851cf077281e480136cab6af02d4720b94564326517124af576ab8634ba52a3,2987a546cb3f48253dcdfdc400036a68d1977eddb1012f753e54eca010acedd8,13fcadcfebce608bffb6d3013f0501bd1916301bc921da206d0884f7638fdfd4,160,a1e4b94e5be0a9552f952c6d8f0bda430f9bfdab3c397079192588f75a8aba46,a1e4b94e5be0a9552f952c6d8f0bda430f9bfdab3c397079192588f75a8aba46,160,80,heating_intensity_kWh_m2,mean,4.6171710501148988,4.5829843818133709,1,0.0074042455716855464,0.02,True,False,0,2,False,False,0,False
BE_TABULA_14,TABULA_advanced_A_proxy,rcp_2_6,central,residential_energy_demand_gate5_v1,4b5b7791539478f9b2562d1b176e235ac7b641e1afdc40c3d5242661d9dbed3d,2ad0e9f7bbdfe12695c931891fd0e8132d060fd7bcbca23623db43d4c7393a5c,561839806dcdb8279ac4e42025bc5a82751f2588a2b2066fa84637918d8e4896,2851cf077281e480136cab6af02d4720b94564326517124af576ab8634ba52a3,2987a546cb3f48253dcdfdc400036a68d1977eddb1012f753e54eca010acedd8,13fcadcfebce608bffb6d3013f0501bd1916301bc921da206d0884f7638fdfd4,160,a1e4b94e5be0a9552f952c6d8f0bda430f9bfdab3c397079192588f75a8aba46,a1e4b94e5be0a9552f952c6d8f0bda430f9bfdab3c397079192588f75a8aba46,160,80,heating_intensity_kWh_m2,median,3.9047573904641473,3.8961449318620609,1,0.0022056321919305291,0.02,True,False,0,2,False,False,0,False
BE_TABULA_14,TABULA_advanced_A_proxy,rcp_2_6,central,residential_energy_demand_gate5_v1,4b5b7791539478f9b2562d1b176e235ac7b641e1afdc40c3d5242661d9dbed3d,2ad0e9f7bbdfe12695c931891fd0e8132d060fd7bcbca23623db43d4c7393a5c,561839806dcdb8279ac4e42025bc5a82751f2588a2b2066fa84637918d8e4896,2851cf077281e480136cab6af02d4720b94564326517124af576ab8634ba52a3,2987a546cb3f48253dcdfdc400036a68d1977eddb1012f753e54eca010acedd8,13fcadcfebce608bffb6d3013f0501bd1916301bc921da206d0884f7638fdfd4,160,a1e4b94e5be0a9552f952c6d8f0bda430f9bfdab3c397079192588f75a8aba46,a1e4b94e5be0a9552f952c6d8f0bda430f9bfdab3c397079192588f75a8aba46,160,80,heating_intensity_kWh_m2,p95,10.122768125367712,9.9199307968564643,1,0.020037733355062811,0.02,False,False,0,2,False,False,0,False
BE_TABULA_14,TABULA_advanced_A_proxy,rcp_2_6,central,residential_energy_demand_gate5_v1,4b5b7791539478f9b2562d1b176e235ac7b641e1afdc40c3d5242661d9dbed3d,2ad0e9f7bbdfe12695c931891fd0e8132d060fd7bcbca23623db43d4c7393a5c,561839806dcdb8279ac4e42025bc5a82751f2588a2b2066fa84637918d8e4896,2851cf077281e480136cab6af02d4720b94564326517124af576ab8634ba52a3,2987a546cb3f48253dcdfdc400036a68d1977eddb1012f753e54eca010acedd8,13fcadcfebce608bffb6d3013f0501bd1916301bc921da206d0884f7638fdfd4,160,a1e4b94e5be0a9552f952c6d8f0bda430f9bfdab3c397079192588f75a8aba46,a1e4b94e5be0a9552f952c6d8f0bda430f9bfdab3c397079192588f75a8aba46,160,80,cooling_intensity_kWh_m2,mean,19.493121902668843,19.528846478103659,1,0.001832675936322196,0.02,True,False,0,2,False,False,0,False
BE_TABULA_14,TABULA_advanced_A_proxy,rcp_2_6,central,residential_energy_demand_gate5_v1,4b5b7791539478f9b2562d1b176e235ac7b641e1afdc40c3d5242661d9dbed3d,2ad0e9f7bbdfe12695c931891fd0e8132d060fd7bcbca23623db43d4c7393a5c,561839806dcdb8279ac4e42025bc5a82751f2588a2b2066fa84637918d8e4896,2851cf077281e480136cab6af02d4720b94564326517124af576ab8634ba52a3,2987a546cb3f48253dcdfdc400036a68d1977eddb1012f753e54eca010acedd8,13fcadcfebce608bffb6d3013f0501bd1916301bc921da206d0884f7638fdfd4,160,a1e4b94e5be0a9552f952c6d8f0bda430f9bfdab3c397079192588f75a8aba46,a1e4b94e5be0a9552f952c6d8f0bda430f9bfdab3c397079192588f75a8aba46,160,80,cooling_intensity_kWh_m2,median,18.600769779076657,18.65060504099317,1,0.002679204275329031,0.02,True,False,0,2,False,False,0,False
BE_TABULA_14,TABULA_advanced_A_proxy,rcp_2_6,central,residential_energy_demand_gate5_v1,4b5b7791539478f9b2562d1b176e235ac7b641e1afdc40c3d5242661d9dbed3d,2ad0e9f7bbdfe12695c931891fd0e8132d060fd7bcbca23623db43d4c7393a5c,561839806dcdb8279ac4e42025bc5a82751f2588a2b2066fa84637918d8e4896,2851cf077281e480136cab6af02d4720b94564326517124af576ab8634ba52a3,2987a546cb3f48253dcdfdc400036a68d1977eddb1012f753e54eca010acedd8,13fcadcfebce608bffb6d3013f0501bd1916301bc921da206d0884f7638fdfd4,160,a1e4b94e5be0a9552f952c6d8f0bda430f9bfdab3c397079192588f75a8aba46,a1e4b94e5be0a9552f952c6d8f0bda430f9bfdab3c397079192588f75a8aba46,160,80,cooling_intensity_kWh_m2,p95,25.627471347718387,25.68363261058629,1,0.0021914476893134032,0.02,True,False,0,2,False,False,0,False
BE_TABULA_14,TABULA_advanced_A_proxy,rcp_2_6,central,residential_energy_demand_gate5_v1,4b5b7791539478f9b2562d1b176e235ac7b641e1afdc40c3d5242661d9dbed3d,2ad0e9f7bbdfe12695c931891fd0e8132d060fd7bcbca23623db43d4c7393a5c,561839806dcdb8279ac4e42025bc5a82751f2588a2b2066fa84637918d8e4896,2851cf077281e480136cab6af02d4720b94564326517124af576ab8634ba52a3,2987a546cb3f48253dcdfdc400036a68d1977eddb1012f753e54eca010acedd8,13fcadcfebce608bffb6d3013f0501bd1916301bc921da206d0884f7638fdfd4,160,a1e4b94e5be0a9552f952c6d8f0bda430f9bfdab3c397079192588f75a8aba46,a1e4b94e5be0a9552f952c6d8f0bda430f9bfdab3c397079192588f75a8aba46,160,80,peak_heating_W,mean,2469.0967752009892,2467.7890584622414,100,0.00052963365060542636,0.02,True,False,0,2,False,False,0,False
BE_TABULA_14,TABULA_advanced_A_proxy,rcp_2_6,central,residential_energy_demand_gate5_v1,4b5b7791539478f9b2562d1b176e235ac7b641e1afdc40c3d5242661d9dbed3d,2ad0e9f7bbdfe12695c931891fd0e8132d060fd7bcbca23623db43d4c7393a5c,561839806dcdb8279ac4e42025bc5a82751f2588a2b2066fa84637918d8e4896,2851cf077281e480136cab6af02d4720b94564326517124af576ab8634ba52a3,2987a546cb3f48253dcdfdc400036a68d1977eddb1012f753e54eca010acedd8,13fcadcfebce608bffb6d3013f0501bd1916301bc921da206d0884f7638fdfd4,160,a1e4b94e5be0a9552f952c6d8f0bda430f9bfdab3c397079192588f75a8aba46,a1e4b94e5be0a9552f952c6d8f0bda430f9bfdab3c397079192588f75a8aba46,160,80,peak_heating_W,median,2452.6190429424487,2457.4011220488364,100,0.0019497847087783407,0.02,True,False,0,2,False,False,0,False
BE_TABULA_14,TABULA_advanced_A_proxy,rcp_2_6,central,residential_energy_demand_gate5_v1,4b5b7791539478f9b2562d1b176e235ac7b641e1afdc40c3d5242661d9dbed3d,2ad0e9f7bbdfe12695c931891fd0e8132d060fd7bcbca23623db43d4c7393a5c,561839806dcdb8279ac4e42025bc5a82751f2588a2b2066fa84637918d8e4896,2851cf077281e480136cab6af02d4720b94564326517124af576ab8634ba52a3,2987a546cb3f48253dcdfdc400036a68d1977eddb1012f753e54eca010acedd8,13fcadcfebce608bffb6d3013f0501bd1916301bc921da206d0884f7638fdfd4,160,a1e4b94e5be0a9552f952c6d8f0bda430f9bfdab3c397079192588f75a8aba46,a1e4b94e5be0a9552f952c6d8f0bda430f9bfdab3c397079192588f75a8aba46,160,80,peak_heating_W,p95,2851.1392780663373,2853.7493299141997,100,0.00091544172111879653,0.02,True,False,0,2,False,False,0,False
BE_TABULA_14,TABULA_advanced_A_proxy,rcp_2_6,central,residential_energy_demand_gate5_v1,4b5b7791539478f9b2562d1b176e235ac7b641e1afdc40c3d5242661d9dbed3d,2ad0e9f7bbdfe12695c931891fd0e8132d060fd7bcbca23623db43d4c7393a5c,561839806dcdb8279ac4e42025bc5a82751f2588a2b2066fa84637918d8e4896,2851cf077281e480136cab6af02d4720b94564326517124af576ab8634ba52a3,2987a546cb3f48253dcdfdc400036a68d1977eddb1012f753e54eca010acedd8,13fcadcfebce608bffb6d3013f0501bd1916301bc921da206d0884f7638fdfd4,160,a1e4b94e5be0a9552f952c6d8f0bda430f9bfdab3c397079192588f75a8aba46,a1e4b94e5be0a9552f952c6d8f0bda430f9bfdab3c397079192588f75a8aba46,160,80,peak_cooling_W,mean,3361.7885216121117,3368.0959357674365,100,0.0018762078919527315,0.02,True,False,0,2,False,False,0,False
BE_TABULA_14,TABULA_advanced_A_proxy,rcp_2_6,central,residential_energy_demand_gate5_v1,4b5b7791539478f9b2562d1b176e235ac7b641e1afdc40c3d5242661d9dbed3d,2ad0e9f7bbdfe12695c931891fd0e8132d060fd7bcbca23623db43d4c7393a5c,561839806dcdb8279ac4e42025bc5a82751f2588a2b2066fa84637918d8e4896,2851cf077281e480136cab6af02d4720b94564326517124af576ab8634ba52a3,2987a546cb3f48253dcdfdc400036a68d1977eddb1012f753e54eca010acedd8,13fcadcfebce608bffb6d3013f0501bd1916301bc921da206d0884f7638fdfd4,160,a1e4b94e5be0a9552f952c6d8f0bda430f9bfdab3c397079192588f75a8aba46,a1e4b94e5be0a9552f952c6d8f0bda430f9bfdab3c397079192588f75a8aba46,160,80,peak_cooling_W,median,3318.3493615396492,3317.7826431131007,100,0.00017078323130074481,0.02,True,False,0,2,False,False,0,False
BE_TABULA_14,TABULA_advanced_A_proxy,rcp_2_6,central,residential_energy_demand_gate5_v1,4b5b7791539478f9b2562d1b176e235ac7b641e1afdc40c3d5242661d9dbed3d,2ad0e9f7bbdfe12695c931891fd0e8132d060fd7bcbca23623db43d4c7393a5c,561839806dcdb8279ac4e42025bc5a82751f2588a2b2066fa84637918d8e4896,2851cf077281e480136cab6af02d4720b94564326517124af576ab8634ba52a3,2987a546cb3f48253dcdfdc400036a68d1977eddb1012f753e54eca010acedd8,13fcadcfebce608bffb6d3013f0501bd1916301bc921da206d0884f7638fdfd4,160,a1e4b94e5be0a9552f952c6d8f0bda430f9bfdab3c397079192588f75a8aba46,a1e4b94e5be0a9552f952c6d8f0bda430f9bfdab3c397079192588f75a8aba46,160,80,peak_cooling_W,p95,3972.9523141592172,3993.7902949722729,100,0.0052449612190891949,0.02,True,False,0,2,False,False,0,False
BE_TABULA_14,TABULA_advanced_A_proxy,rcp_4_5,central,residential_energy_demand_gate5_v1,4b5b7791539478f9b2562d1b176e235ac7b641e1afdc40c3d5242661d9dbed3d,2ad0e9f7bbdfe12695c931891fd0e8132d060fd7bcbca23623db43d4c7393a5c,561839806dcdb8279ac4e42025bc5a82751f2588a2b2066fa84637918d8e4896,2851cf077281e480136cab6af02d4720b94564326517124af576ab8634ba52a3,2987a546cb3f48253dcdfdc400036a68d1977eddb1012f753e54eca010acedd8,ad5c87b0e8a93a1c795fbdddcfd91ab13eb4d14c7272af892b123e07e4ef8395,160,a1e4b94e5be0a9552f952c6d8f0bda430f9bfdab3c397079192588f75a8aba46,0483fface789f96fbdc35b5911182753a8b4967876fb97c2eefce49e4b3c29ca,5,,heating_intensity_kWh_m2,mean,4.1594536284779089,,1,,0.02,False,False,0,2,False,False,0,False
BE_TABULA_14,TABULA_advanced_A_proxy,rcp_4_5,central,residential_energy_demand_gate5_v1,4b5b7791539478f9b2562d1b176e235ac7b641e1afdc40c3d5242661d9dbed3d,2ad0e9f7bbdfe12695c931891fd0e8132d060fd7bcbca23623db43d4c7393a5c,561839806dcdb8279ac4e42025bc5a82751f2588a2b2066fa84637918d8e4896,2851cf077281e480136cab6af02d4720b94564326517124af576ab8634ba52a3,2987a546cb3f48253dcdfdc400036a68d1977eddb1012f753e54eca010acedd8,ad5c87b0e8a93a1c795fbdddcfd91ab13eb4d14c7272af892b123e07e4ef8395,160,a1e4b94e5be0a9552f952c6d8f0bda430f9bfdab3c397079192588f75a8aba46,0483fface789f96fbdc35b5911182753a8b4967876fb97c2eefce49e4b3c29ca,5,,heating_intensity_kWh_m2,median,3.4682284318648406,,1,,0.02,False,False,0,2,False,False,0,False
BE_TABULA_14,TABULA_advanced_A_proxy,rcp_4_5,central,residential_energy_demand_gate5_v1,4b5b7791539478f9b2562d1b176e235ac7b641e1afdc40c3d5242661d9dbed3d,2ad0e9f7bbdfe12695c931891fd0e8132d060fd7bcbca23623db43d4c7393a5c,561839806dcdb8279ac4e42025bc5a82751f2588a2b2066fa84637918d8e4896,2851cf077281e480136cab6af02d4720b94564326517124af576ab8634ba52a3,2987a546cb3f48253dcdfdc400036a68d1977eddb1012f753e54eca010acedd8,ad5c87b0e8a93a1c795fbdddcfd91ab13eb4d14c7272af892b123e07e4ef8395,160,a1e4b94e5be0a9552f952c6d8f0bda430f9bfdab3c397079192588f75a8aba46,0483fface789f96fbdc35b5911182753a8b4967876fb97c2eefce49e4b3c29ca,5,,heating_intensity_kWh_m2,p95,8.2303494468354526,,1,,0.02,False,False,0,2,False,False,0,False
BE_TABULA_14,TABULA_advanced_A_proxy,rcp_4_5,central,residential_energy_demand_gate5_v1,4b5b7791539478f9b2562d1b176e235ac7b641e1afdc40c3d5242661d9dbed3d,2ad0e9f7bbdfe12695c931891fd0e8132d060fd7bcbca23623db43d4c7393a5c,561839806dcdb8279ac4e42025bc5a82751f2588a2b2066fa84637918d8e4896,2851cf077281e480136cab6af02d4720b94564326517124af576ab8634ba52a3,2987a546cb3f48253dcdfdc400036a68d1977eddb1012f753e54eca010acedd8,ad5c87b0e8a93a1c795fbdddcfd91ab13eb4d14c7272af892b123e07e4ef8395,160,a1e4b94e5be0a9552f952c6d8f0bda430f9bfdab3c397079192588f75a8aba46,0483fface789f96fbdc35b5911182753a8b4967876fb97c2eefce49e4b3c29ca,5,,cooling_intensity_kWh_m2,mean,18.706369760250777,,1,,0.02,False,False,0,2,False,False,0,False
BE_TABULA_14,TABULA_advanced_A_proxy,rcp_4_5,central,residential_energy_demand_gate5_v1,4b5b7791539478f9b2562d1b176e235ac7b641e1afdc40c3d5242661d9dbed3d,2ad0e9f7bbdfe12695c931891fd0e8132d060fd7bcbca23623db43d4c7393a5c,561839806dcdb8279ac4e42025bc5a82751f2588a2b2066fa84637918d8e4896,2851cf077281e480136cab6af02d4720b94564326517124af576ab8634ba52a3,2987a546cb3f48253dcdfdc400036a68d1977eddb1012f753e54eca010acedd8,ad5c87b0e8a93a1c795fbdddcfd91ab13eb4d14c7272af892b123e07e4ef8395,160,a1e4b94e5be0a9552f952c6d8f0bda430f9bfdab3c397079192588f75a8aba46,0483fface789f96fbdc35b5911182753a8b4967876fb97c2eefce49e4b3c29ca,5,,cooling_intensity_kWh_m2,median,18.142960757738958,,1,,0.02,False,False,0,2,False,False,0,False
BE_TABULA_14,TABULA_advanced_A_proxy,rcp_4_5,central,residential_energy_demand_gate5_v1,4b5b7791539478f9b2562d1b176e235ac7b641e1afdc40c3d5242661d9dbed3d,2ad0e9f7bbdfe12695c931891fd0e8132d060fd7bcbca23623db43d4c7393a5c,561839806dcdb8279ac4e42025bc5a82751f2588a2b2066fa84637918d8e4896,2851cf077281e480136cab6af02d4720b94564326517124af576ab8634ba52a3,2987a546cb3f48253dcdfdc400036a68d1977eddb1012f753e54eca010acedd8,ad5c87b0e8a93a1c795fbdddcfd91ab13eb4d14c7272af892b123e07e4ef8395,160,a1e4b94e5be0a9552f952c6d8f0bda430f9bfdab3c397079192588f75a8aba46,0483fface789f96fbdc35b5911182753a8b4967876fb97c2eefce49e4b3c29ca,5,,cooling_intensity_kWh_m2,p95,24.649259904994889,,1,,0.02,False,False,0,2,False,False,0,False
BE_TABULA_14,TABULA_advanced_A_proxy,rcp_4_5,central,residential_energy_demand_gate5_v1,4b5b7791539478f9b2562d1b176e235ac7b641e1afdc40c3d5242661d9dbed3d,2ad0e9f7bbdfe12695c931891fd0e8132d060fd7bcbca23623db43d4c7393a5c,561839806dcdb8279ac4e42025bc5a82751f2588a2b2066fa84637918d8e4896,2851cf077281e480136cab6af02d4720b94564326517124af576ab8634ba52a3,2987a546cb3f48253dcdfdc400036a68d1977eddb1012f753e54eca010acedd8,ad5c87b0e8a93a1c795fbdddcfd91ab13eb4d14c7272af892b123e07e4ef8395,160,a1e4b94e5be0a9552f952c6d8f0bda430f9bfdab3c397079192588f75a8aba46,0483fface789f96fbdc35b5911182753a8b4967876fb97c2eefce49e4b3c29ca,5,,peak_heating_W,mean,2427.6322763332041,,100,,0.02,False,False,0,2,False,False,0,False
BE_TABULA_14,TABULA_advanced_A_proxy,rcp_4_5,central,residential_energy_demand_gate5_v1,4b5b7791539478f9b2562d1b176e235ac7b641e1afdc40c3d5242661d9dbed3d,2ad0e9f7bbdfe12695c931891fd0e8132d060fd7bcbca23623db43d4c7393a5c,561839806dcdb8279ac4e42025bc5a82751f2588a2b2066fa84637918d8e4896,2851cf077281e480136cab6af02d4720b94564326517124af576ab8634ba52a3,2987a546cb3f48253dcdfdc400036a68d1977eddb1012f753e54eca010acedd8,ad5c87b0e8a93a1c795fbdddcfd91ab13eb4d14c7272af892b123e07e4ef8395,160,a1e4b94e5be0a9552f952c6d8f0bda430f9bfdab3c397079192588f75a8aba46,0483fface789f96fbdc35b5911182753a8b4967876fb97c2eefce49e4b3c29ca,5,,peak_heating_W,median,2413.9613789031155,,100,,0.02,False,False,0,2,False,False,0,False
BE_TABULA_14,TABULA_advanced_A_proxy,rcp_4_5,central,residential_energy_demand_gate5_v1,4b5b7791539478f9b2562d1b176e235ac7b641e1afdc40c3d5242661d9dbed3d,2ad0e9f7bbdfe12695c931891fd0e8132d060fd7bcbca23623db43d4c7393a5c,561839806dcdb8279ac4e42025bc5a82751f2588a2b2066fa84637918d8e4896,2851cf077281e480136cab6af02d4720b94564326517124af576ab8634ba52a3,2987a546cb3f48253dcdfdc400036a68d1977eddb1012f753e54eca010acedd8,ad5c87b0e8a93a1c795fbdddcfd91ab13eb4d14c7272af892b123e07e4ef8395,160,a1e4b94e5be0a9552f952c6d8f0bda430f9bfdab3c397079192588f75a8aba46,0483fface789f96fbdc35b5911182753a8b4967876fb97c2eefce49e4b3c29ca,5,,peak_heating_W,p95,2817.9262159440937,,100,,0.02,False,False,0,2,False,False,0,False
BE_TABULA_14,TABULA_advanced_A_proxy,rcp_4_5,central,residential_energy_demand_gate5_v1,4b5b7791539478f9b2562d1b176e235ac7b641e1afdc40c3d5242661d9dbed3d,2ad0e9f7bbdfe12695c931891fd0e8132d060fd7bcbca23623db43d4c7393a5c,561839806dcdb8279ac4e42025bc5a82751f2588a2b2066fa84637918d8e4896,2851cf077281e480136cab6af02d4720b94564326517124af576ab8634ba52a3,2987a546cb3f48253dcdfdc400036a68d1977eddb1012f753e54eca010acedd8,ad5c87b0e8a93a1c795fbdddcfd91ab13eb4d14c7272af892b123e07e4ef8395,160,a1e4b94e5be0a9552f952c6d8f0bda430f9bfdab3c397079192588f75a8aba46,0483fface789f96fbdc35b5911182753a8b4967876fb97c2eefce49e4b3c29ca,5,,peak_cooling_W,mean,3263.7916799104237,,100,,0.02,False,False,0,2,False,False,0,False
BE_TABULA_14,TABULA_advanced_A_proxy,rcp_4_5,central,residential_energy_demand_gate5_v1,4b5b7791539478f9b2562d1b176e235ac7b641e1afdc40c3d5242661d9dbed3d,2ad0e9f7bbdfe12695c931891fd0e8132d060fd7bcbca23623db43d4c7393a5c,561839806dcdb8279ac4e42025bc5a82751f2588a2b2066fa84637918d8e4896,2851cf077281e480136cab6af02d4720b94564326517124af576ab8634ba52a3,2987a546cb3f48253dcdfdc400036a68d1977eddb1012f753e54eca010acedd8,ad5c87b0e8a93a1c795fbdddcfd91ab13eb4d14c7272af892b123e07e4ef8395,160,a1e4b94e5be0a9552f952c6d8f0bda430f9bfdab3c397079192588f75a8aba46,0483fface789f96fbdc35b5911182753a8b4967876fb97c2eefce49e4b3c29ca,5,,peak_cooling_W,median,3156.5978912128812,,100,,0.02,False,False,0,2,False,False,0,False
BE_TABULA_14,TABULA_advanced_A_proxy,rcp_4_5,central,residential_energy_demand_gate5_v1,4b5b7791539478f9b2562d1b176e235ac7b641e1afdc40c3d5242661d9dbed3d,2ad0e9f7bbdfe12695c931891fd0e8132d060fd7bcbca23623db43d4c7393a5c,561839806dcdb8279ac4e42025bc5a82751f2588a2b2066fa84637918d8e4896,2851cf077281e480136cab6af02d4720b94564326517124af576ab8634ba52a3,2987a546cb3f48253dcdfdc400036a68d1977eddb1012f753e54eca010acedd8,ad5c87b0e8a93a1c795fbdddcfd91ab13eb4d14c7272af892b123e07e4ef8395,160,a1e4b94e5be0a9552f952c6d8f0bda430f9bfdab3c397079192588f75a8aba46,0483fface789f96fbdc35b5911182753a8b4967876fb97c2eefce49e4b3c29ca,5,,peak_cooling_W,p95,3937.7547681168344,,100,,0.02,False,False,0,2,False,False,0,False
BE_TABULA_14,TABULA_advanced_A_proxy,rcp_4_5,central,residential_energy_demand_gate5_v1,4b5b7791539478f9b2562d1b176e235ac7b641e1afdc40c3d5242661d9dbed3d,2ad0e9f7bbdfe12695c931891fd0e8132d060fd7bcbca23623db43d4c7393a5c,561839806dcdb8279ac4e42025bc5a82751f2588a2b2066fa84637918d8e4896,2851cf077281e480136cab6af02d4720b94564326517124af576ab8634ba52a3,2987a546cb3f48253dcdfdc400036a68d1977eddb1012f753e54eca010acedd8,ad5c87b0e8a93a1c795fbdddcfd91ab13eb4d14c7272af892b123e07e4ef8395,160,a1e4b94e5be0a9552f952c6d8f0bda430f9bfdab3c397079192588f75a8aba46,2063071df976f1cac9f6aea690c2aef6ea0bdefe943f07ae1c5166c5ad9979e4,10,5,heating_intensity_kWh_m2,mean,4.260111466931372,4.1594536284779089,1,0.023627982327412804,0.02,False,False,0,2,False,False,0,False
BE_TABULA_14,TABULA_advanced_A_proxy,rcp_4_5,central,residential_energy_demand_gate5_v1,4b5b7791539478f9b2562d1b176e235ac7b641e1afdc40c3d5242661d9dbed3d,2ad0e9f7bbdfe12695c931891fd0e8132d060fd7bcbca23623db43d4c7393a5c,561839806dcdb8279ac4e42025bc5a82751f2588a2b2066fa84637918d8e4896,2851cf077281e480136cab6af02d4720b94564326517124af576ab8634ba52a3,2987a546cb3f48253dcdfdc400036a68d1977eddb1012f753e54eca010acedd8,ad5c87b0e8a93a1c795fbdddcfd91ab13eb4d14c7272af892b123e07e4ef8395,160,a1e4b94e5be0a9552f952c6d8f0bda430f9bfdab3c397079192588f75a8aba46,2063071df976f1cac9f6aea690c2aef6ea0bdefe943f07ae1c5166c5ad9979e4,10,5,heating_intensity_kWh_m2,median,3.4817397302480817,3.4682284318648406,1,0.0038806169989846844,0.02,True,False,0,2,False,False,0,False
BE_TABULA_14,TABULA_advanced_A_proxy,rcp_4_5,central,residential_energy_demand_gate5_v1,4b5b7791539478f9b2562d1b176e235ac7b641e1afdc40c3d5242661d9dbed3d,2ad0e9f7bbdfe12695c931891fd0e8132d060fd7bcbca23623db43d4c7393a5c,561839806dcdb8279ac4e42025bc5a82751f2588a2b2066fa84637918d8e4896,2851cf077281e480136cab6af02d4720b94564326517124af576ab8634ba52a3,2987a546cb3f48253dcdfdc400036a68d1977eddb1012f753e54eca010acedd8,ad5c87b0e8a93a1c795fbdddcfd91ab13eb4d14c7272af892b123e07e4ef8395,160,a1e4b94e5be0a9552f952c6d8f0bda430f9bfdab3c397079192588f75a8aba46,2063071df976f1cac9f6aea690c2aef6ea0bdefe943f07ae1c5166c5ad9979e4,10,5,heating_intensity_kWh_m2,p95,9.3536988463159894,8.2303494468354526,1,0.12009681067751873,0.02,False,False,0,2,False,False,0,False
BE_TABULA_14,TABULA_advanced_A_proxy,rcp_4_5,central,residential_energy_demand_gate5_v1,4b5b7791539478f9b2562d1b176e235ac7b641e1afdc40c3d5242661d9dbed3d,2ad0e9f7bbdfe12695c931891fd0e8132d060fd7bcbca23623db43d4c7393a5c,561839806dcdb8279ac4e42025bc5a82751f2588a2b2066fa84637918d8e4896,2851cf077281e480136cab6af02d4720b94564326517124af576ab8634ba52a3,2987a546cb3f48253dcdfdc400036a68d1977eddb1012f753e54eca010acedd8,ad5c87b0e8a93a1c795fbdddcfd91ab13eb4d14c7272af892b123e07e4ef8395,160,a1e4b94e5be0a9552f952c6d8f0bda430f9bfdab3c397079192588f75a8aba46,2063071df976f1cac9f6aea690c2aef6ea0bdefe943f07ae1c5166c5ad9979e4,10,5,cooling_intensity_kWh_m2,mean,18.406352525214682,18.706369760250777,1,0.016299657122458316,0.02,True,False,0,2,False,False,0,False
BE_TABULA_14,TABULA_advanced_A_proxy,rcp_4_5,central,residential_energy_demand_gate5_v1,4b5b7791539478f9b2562d1b176e235ac7b641e1afdc40c3d5242661d9dbed3d,2ad0e9f7bbdfe12695c931891fd0e8132d060fd7bcbca23623db43d4c7393a5c,561839806dcdb8279ac4e42025bc5a82751f2588a2b2066fa84637918d8e4896,2851cf077281e480136cab6af02d4720b94564326517124af576ab8634ba52a3,2987a546cb3f48253dcdfdc400036a68d1977eddb1012f753e54eca010acedd8,ad5c87b0e8a93a1c795fbdddcfd91ab13eb4d14c7272af892b123e07e4ef8395,160,a1e4b94e5be0a9552f952c6d8f0bda430f9bfdab3c397079192588f75a8aba46,2063071df976f1cac9f6aea690c2aef6ea0bdefe943f07ae1c5166c5ad9979e4,10,5,cooling_intensity_kWh_m2,median,17.657141826155637,18.142960757738958,1,0.027514018767390434,0.02,False,False,0,2,False,False,0,False
BE_TABULA_14,TABULA_advanced_A_proxy,rcp_4_5,central,residential_energy_demand_gate5_v1,4b5b7791539478f9b2562d1b176e235ac7b641e1afdc40c3d5242661d9dbed3d,2ad0e9f7bbdfe12695c931891fd0e8132d060fd7bcbca23623db43d4c7393a5c,561839806dcdb8279ac4e42025bc5a82751f2588a2b2066fa84637918d8e4896,2851cf077281e480136cab6af02d4720b94564326517124af576ab8634ba52a3,2987a546cb3f48253dcdfdc400036a68d1977eddb1012f753e54eca010acedd8,ad5c87b0e8a93a1c795fbdddcfd91ab13eb4d14c7272af892b123e07e4ef8395,160,a1e4b94e5be0a9552f952c6d8f0bda430f9bfdab3c397079192588f75a8aba46,2063071df976f1cac9f6aea690c2aef6ea0bdefe943f07ae1c5166c5ad9979e4,10,5,cooling_intensity_kWh_m2,p95,24.460445627807712,24.649259904994889,1,0.0077191675106901827,0.02,True,False,0,2,False,False,0,False
BE_TABULA_14,TABULA_advanced_A_proxy,rcp_4_5,central,residential_energy_demand_gate5_v1,4b5b7791539478f9b2562d1b176e235ac7b641e1afdc40c3d5242661d9dbed3d,2ad0e9f7bbdfe12695c931891fd0e8132d060fd7bcbca23623db43d4c7393a5c,561839806dcdb8279ac4e42025bc5a82751f2588a2b2066fa84637918d8e4896,2851cf077281e480136cab6af02d4720b94564326517124af576ab8634ba52a3,2987a546cb3f48253dcdfdc400036a68d1977eddb1012f753e54eca010acedd8,ad5c87b0e8a93a1c795fbdddcfd91ab13eb4d14c7272af892b123e07e4ef8395,160,a1e4b94e5be0a9552f952c6d8f0bda430f9bfdab3c397079192588f75a8aba46,2063071df976f1cac9f6aea690c2aef6ea0bdefe943f07ae1c5166c5ad9979e4,10,5,peak_heating_W,mean,2427.8159156324291,2427.6322763332041,100,7.5639713061664198e-05,0.02,True,False,0,2,False,False,0,False
BE_TABULA_14,TABULA_advanced_A_proxy,rcp_4_5,central,residential_energy_demand_gate5_v1,4b5b7791539478f9b2562d1b176e235ac7b641e1afdc40c3d5242661d9dbed3d,2ad0e9f7bbdfe12695c931891fd0e8132d060fd7bcbca23623db43d4c7393a5c,561839806dcdb8279ac4e42025bc5a82751f2588a2b2066fa84637918d8e4896,2851cf077281e480136cab6af02d4720b94564326517124af576ab8634ba52a3,2987a546cb3f48253dcdfdc400036a68d1977eddb1012f753e54eca010acedd8,ad5c87b0e8a93a1c795fbdddcfd91ab13eb4d14c7272af892b123e07e4ef8395,160,a1e4b94e5be0a9552f952c6d8f0bda430f9bfdab3c397079192588f75a8aba46,2063071df976f1cac9f6aea690c2aef6ea0bdefe943f07ae1c5166c5ad9979e4,10,5,peak_heating_W,median,2399.3547127553456,2413.9613789031155,100,0.0060877477057137497,0.02,True,False,0,2,False,False,0,False
BE_TABULA_14,TABULA_advanced_A_proxy,rcp_4_5,central,residential_energy_demand_gate5_v1,4b5b7791539478f9b2562d1b176e235ac7b641e1afdc40c3d5242661d9dbed3d,2ad0e9f7bbdfe12695c931891fd0e8132d060fd7bcbca23623db43d4c7393a5c,561839806dcdb8279ac4e42025bc5a82751f2588a2b2066fa84637918d8e4896,2851cf077281e480136cab6af02d4720b94564326517124af576ab8634ba52a3,2987a546cb3f48253dcdfdc400036a68d1977eddb1012f753e54eca010acedd8,ad5c87b0e8a93a1c795fbdddcfd91ab13eb4d14c7272af892b123e07e4ef8395,160,a1e4b94e5be0a9552f952c6d8f0bda430f9bfdab3c397079192588f75a8aba46,2063071df976f1cac9f6aea690c2aef6ea0bdefe943f07ae1c5166c5ad9979e4,10,5,peak_heating_W,p95,2823.9004617628807,2817.9262159440937,100,0.0021156007089065342,0.02,True,False,0,2,False,False,0,False
BE_TABULA_14,TABULA_advanced_A_proxy,rcp_4_5,central,residential_energy_demand_gate5_v1,4b5b7791539478f9b2562d1b176e235ac7b641e1afdc40c3d5242661d9dbed3d,2ad0e9f7bbdfe12695c931891fd0e8132d060fd7bcbca23623db43d4c7393a5c,561839806dcdb8279ac4e42025bc5a82751f2588a2b2066fa84637918d8e4896,2851cf077281e480136cab6af02d4720b94564326517124af576ab8634ba52a3,2987a546cb3f48253dcdfdc400036a68d1977eddb1012f753e54eca010acedd8,ad5c87b0e8a93a1c795fbdddcfd91ab13eb4d14c7272af892b123e07e4ef8395,160,a1e4b94e5be0a9552f952c6d8f0bda430f9bfdab3c397079192588f75a8aba46,2063071df976f1cac9f6aea690c2aef6ea0bdefe943f07ae1c5166c5ad9979e4,10,5,peak_cooling_W,mean,3172.7898271433351,3263.7916799104237,100,0.028681966888750205,0.02,False,False,0,2,False,False,0,False
BE_TABULA_14,TABULA_advanced_A_proxy,rcp_4_5,central,residential_energy_demand_gate5_v1,4b5b7791539478f9b2562d1b176e235ac7b641e1afdc40c3d5242661d9dbed3d,2ad0e9f7bbdfe12695c931891fd0e8132d060fd7bcbca23623db43d4c7393a5c,561839806dcdb8279ac4e42025bc5a82751f2588a2b2066fa84637918d8e4896,2851cf077281e480136cab6af02d4720b94564326517124af576ab8634ba52a3,2987a546cb3f48253dcdfdc400036a68d1977eddb1012f753e54eca010acedd8,ad5c87b0e8a93a1c795fbdddcfd91ab13eb4d14c7272af892b123e07e4ef8395,160,a1e4b94e5be0a9552f952c6d8f0bda430f9bfdab3c397079192588f75a8aba46,2063071df976f1cac9f6aea690c2aef6ea0bdefe943f07ae1c5166c5ad9979e4,10,5,peak_cooling_W,median,3124.9595641534379,3156.5978912128812,100,0.010124395663344929,0.02,True,False,0,2,False,False,0,False
BE_TABULA_14,TABULA_advanced_A_proxy,rcp_4_5,central,residential_energy_demand_gate5_v1,4b5b7791539478f9b2562d1b176e235ac7b641e1afdc40c3d5242661d9dbed3d,2ad0e9f7bbdfe12695c931891fd0e8132d060fd7bcbca23623db43d4c7393a5c,561839806dcdb8279ac4e42025bc5a82751f2588a2b2066fa84637918d8e4896,2851cf077281e480136cab6af02d4720b94564326517124af576ab8634ba52a3,2987a546cb3f48253dcdfdc400036a68d1977eddb1012f753e54eca010acedd8,ad5c87b0e8a93a1c795fbdddcfd91ab13eb4d14c7272af892b123e07e4ef8395,160,a1e4b94e5be0a9552f952c6d8f0bda430f9bfdab3c397079192588f75a8aba46,2063071df976f1cac9f6aea690c2aef6ea0bdefe943f07ae1c5166c5ad9979e4,10,5,peak_cooling_W,p95,3848.5236362724845,3937.7547681168344,100,0.023185808449594281,0.02,False,False,0,2,False,False,0,False
BE_TABULA_14,TABULA_advanced_A_proxy,rcp_4_5,central,residential_energy_demand_gate5_v1,4b5b7791539478f9b2562d1b176e235ac7b641e1afdc40c3d5242661d9dbed3d,2ad0e9f7bbdfe12695c931891fd0e8132d060fd7bcbca23623db43d4c7393a5c,561839806dcdb8279ac4e42025bc5a82751f2588a2b2066fa84637918d8e4896,2851cf077281e480136cab6af02d4720b94564326517124af576ab8634ba52a3,2987a546cb3f48253dcdfdc400036a68d1977eddb1012f753e54eca010acedd8,ad5c87b0e8a93a1c795fbdddcfd91ab13eb4d14c7272af892b123e07e4ef8395,160,a1e4b94e5be0a9552f952c6d8f0bda430f9bfdab3c397079192588f75a8aba46,1f7bdd094d6a8634c38dd67d232f10ebdc75032637483205a54e37449f9f3c93,20,10,heating_intensity_kWh_m2,mean,4.3754789357718966,4.260111466931372,1,0.02636682076042772,0.02,False,False,0,2,False,False,0,False
BE_TABULA_14,TABULA_advanced_A_proxy,rcp_4_5,central,residential_energy_demand_gate5_v1,4b5b7791539478f9b2562d1b176e235ac7b641e1afdc40c3d5242661d9dbed3d,2ad0e9f7bbdfe12695c931891fd0e8132d060fd7bcbca23623db43d4c7393a5c,561839806dcdb8279ac4e42025bc5a82751f2588a2b2066fa84637918d8e4896,2851cf077281e480136cab6af02d4720b94564326517124af576ab8634ba52a3,2987a546cb3f48253dcdfdc400036a68d1977eddb1012f753e54eca010acedd8,ad5c87b0e8a93a1c795fbdddcfd91ab13eb4d14c7272af892b123e07e4ef8395,160,a1e4b94e5be0a9552f952c6d8f0bda430f9bfdab3c397079192588f75a8aba46,1f7bdd094d6a8634c38dd67d232f10ebdc75032637483205a54e37449f9f3c93,20,10,heating_intensity_kWh_m2,median,3.6933733014993999,3.4817397302480817,1,0.057300888368202928,0.02,False,False,0,2,False,False,0,False
BE_TABULA_14,TABULA_advanced_A_proxy,rcp_4_5,central,residential_energy_demand_gate5_v1,4b5b7791539478f9b2562d1b176e235ac7b641e1afdc40c3d5242661d9dbed3d,2ad0e9f7bbdfe12695c931891fd0e8132d060fd7bcbca23623db43d4c7393a5c,561839806dcdb8279ac4e42025bc5a82751f2588a2b2066fa84637918d8e4896,2851cf077281e480136cab6af02d4720b94564326517124af576ab8634ba52a3,2987a546cb3f48253dcdfdc400036a68d1977eddb1012f753e54eca010acedd8,ad5c87b0e8a93a1c795fbdddcfd91ab13eb4d14c7272af892b123e07e4ef8395,160,a1e4b94e5be0a9552f952c6d8f0bda430f9bfdab3c397079192588f75a8aba46,1f7bdd094d6a8634c38dd67d232f10ebdc75032637483205a54e37449f9f3c93,20,10,heating_intensity_kWh_m2,p95,9.4379774335773536,9.3536988463159894,1,0.0089297296856768894,0.02,True,False,0,2,False,False,0,False
BE_TABULA_14,TABULA_advanced_A_proxy,rcp_4_5,central,residential_energy_demand_gate5_v1,4b5b7791539478f9b2562d1b176e235ac7b641e1afdc40c3d5242661d9dbed3d,2ad0e9f7bbdfe12695c931891fd0e8132d060fd7bcbca23623db43d4c7393a5c,561839806dcdb8279ac4e42025bc5a82751f2588a2b2066fa84637918d8e4896,2851cf077281e480136cab6af02d4720b94564326517124af576ab8634ba52a3,2987a546cb3f48253dcdfdc400036a68d1977eddb1012f753e54eca010acedd8,ad5c87b0e8a93a1c795fbdddcfd91ab13eb4d14c7272af892b123e07e4ef8395,160,a1e4b94e5be0a9552f952c6d8f0bda430f9bfdab3c397079192588f75a8aba46,1f7bdd094d6a8634c38dd67d232f10ebdc75032637483205a54e37449f9f3c93,20,10,cooling_intensity_kWh_m2,mean,18.323787455962034,18.406352525214682,1,0.0045058953805854384,0.02,True,False,0,2,False,False,0,False
BE_TABULA_14,TABULA_advanced_A_proxy,rcp_4_5,central,residential_energy_demand_gate5_v1,4b5b7791539478f9b2562d1b176e235ac7b641e1afdc40c3d5242661d9dbed3d,2ad0e9f7bbdfe12695c931891fd0e8132d060fd7bcbca23623db43d4c7393a5c,561839806dcdb8279ac4e42025bc5a82751f2588a2b2066fa84637918d8e4896,2851cf077281e480136cab6af02d4720b94564326517124af576ab8634ba52a3,2987a546cb3f48253dcdfdc400036a68d1977eddb1012f753e54eca010acedd8,ad5c87b0e8a93a1c795fbdddcfd91ab13eb4d14c7272af892b123e07e4ef8395,160,a1e4b94e5be0a9552f952c6d8f0bda430f9bfdab3c397079192588f75a8aba46,1f7bdd094d6a8634c38dd67d232f10ebdc75032637483205a54e37449f9f3c93,20,10,cooling_intensity_kWh_m2,median,17.387048961936962,17.657141826155637,1,0.015534140658944014,0.02,True,False,0,2,False,False,0,False
BE_TABULA_14,TABULA_advanced_A_proxy,rcp_4_5,central,residential_energy_demand_gate5_v1,4b5b7791539478f9b2562d1b176e235ac7b641e1afdc40c3d5242661d9dbed3d,2ad0e9f7bbdfe12695c931891fd0e8132d060fd7bcbca23623db43d4c7393a5c,561839806dcdb8279ac4e42025bc5a82751f2588a2b2066fa84637918d8e4896,2851cf077281e480136cab6af02d4720b94564326517124af576ab8634ba52a3,2987a546cb3f48253dcdfdc400036a68d1977eddb1012f753e54eca010acedd8,ad5c87b0e8a93a1c795fbdddcfd91ab13eb4d14c7272af892b123e07e4ef8395,160,a1e4b94e5be0a9552f952c6d8f0bda430f9bfdab3c397079192588f75a8aba46,1f7bdd094d6a8634c38dd67d232f10ebdc75032637483205a54e37449f9f3c93,20,10,cooling_intensity_kWh_m2,p95,24.495463924353206,24.460445627807712,1,0.0014295829078248194,0.02,True,False,0,2,False,False,0,False
BE_TABULA_14,TABULA_advanced_A_proxy,rcp_4_5,central,residential_energy_demand_gate5_v1,4b5b7791539478f9b2562d1b176e235ac7b641e1afdc40c3d5242661d9dbed3d,2ad0e9f7bbdfe12695c931891fd0e8132d060fd7bcbca23623db43d4c7393a5c,561839806dcdb8279ac4e42025bc5a82751f2588a2b2066fa84637918d8e4896,2851cf077281e480136cab6af02d4720b94564326517124af576ab8634ba52a3,2987a546cb3f48253dcdfdc400036a68d1977eddb1012f753e54eca010acedd8,ad5c87b0e8a93a1c795fbdddcfd91ab13eb4d14c7272af892b123e07e4ef8395,160,a1e4b94e5be0a9552f952c6d8f0bda430f9bfdab3c397079192588f75a8aba46,1f7bdd094d6a8634c38dd67d232f10ebdc75032637483205a54e37449f9f3c93,20,10,peak_heating_W,mean,2447.5112203879467,2427.8159156324291,100,0.0080470743469750958,0.02,True,False,0,2,False,False,0,False
BE_TABULA_14,TABULA_advanced_A_proxy,rcp_4_5,central,residential_energy_demand_gate5_v1,4b5b7791539478f9b2562d1b176e235ac7b641e1afdc40c3d5242661d9dbed3d,2ad0e9f7bbdfe12695c931891fd0e8132d060fd7bcbca23623db43d4c7393a5c,561839806dcdb8279ac4e42025bc5a82751f2588a2b2066fa84637918d8e4896,2851cf077281e480136cab6af02d4720b94564326517124af576ab8634ba52a3,2987a546cb3f48253dcdfdc400036a68d1977eddb1012f753e54eca010acedd8,ad5c87b0e8a93a1c795fbdddcfd91ab13eb4d14c7272af892b123e07e4ef8395,160,a1e4b94e5be0a9552f952c6d8f0bda430f9bfdab3c397079192588f75a8aba46,1f7bdd094d6a8634c38dd67d232f10ebdc75032637483205a54e37449f9f3c93,20,10,peak_heating_W,median,2438.848790011094,2399.3547127553456,100,0.016193737560731974,0.02,True,False,0,2,False,False,0,False
BE_TABULA_14,TABULA_advanced_A_proxy,rcp_4_5,central,residential_energy_demand_gate5_v1,4b5b7791539478f9b2562d1b176e235ac7b641e1afdc40c3d5242661d9dbed3d,2ad0e9f7bbdfe12695c931891fd0e8132d060fd7bcbca23623db43d4c7393a5c,561839806dcdb8279ac4e42025bc5a82751f2588a2b2066fa84637918d8e4896,2851cf077281e480136cab6af02d4720b94564326517124af576ab8634ba52a3,2987a546cb3f48253dcdfdc400036a68d1977eddb1012f753e54eca010acedd8,ad5c87b0e8a93a1c795fbdddcfd91ab13eb4d14c7272af892b123e07e4ef8395,160,a1e4b94e5be0a9552f952c6d8f0bda430f9bfdab3c397079192588f75a8aba46,1f7bdd094d6a8634c38dd67d232f10ebdc75032637483205a54e37449f9f3c93,20,10,peak_heating_W,p95,2823.9004617628812,2823.9004617628807,100,1.6103519123424704e-16,0.02,True,False,0,2,False,False,0,False
BE_TABULA_14,TABULA_advanced_A_proxy,rcp_4_5,central,residential_energy_demand_gate5_v1,4b5b7791539478f9b2562d1b176e235ac7b641e1afdc40c3d5242661d9dbed3d,2ad0e9f7bbdfe12695c931891fd0e8132d060fd7bcbca23623db43d4c7393a5c,561839806dcdb8279ac4e42025bc5a82751f2588a2b2066fa84637918d8e4896,2851cf077281e480136cab6af02d4720b94564326517124af576ab8634ba52a3,2987a546cb3f48253dcdfdc400036a68d1977eddb1012f753e54eca010acedd8,ad5c87b0e8a93a1c795fbdddcfd91ab13eb4d14c7272af892b123e07e4ef8395,160,a1e4b94e5be0a9552f952c6d8f0bda430f9bfdab3c397079192588f75a8aba46,1f7bdd094d6a8634c38dd67d232f10ebdc75032637483205a54e37449f9f3c93,20,10,peak_cooling_W,mean,3253.6511740956412,3172.7898271433351,100,0.024852494205922886,0.02,False,False,0,2,False,False,0,False
BE_TABULA_14,TABULA_advanced_A_proxy,rcp_4_5,central,residential_energy_demand_gate5_v1,4b5b7791539478f9b2562d1b176e235ac7b641e1afdc40c3d5242661d9dbed3d,2ad0e9f7bbdfe12695c931891fd0e8132d060fd7bcbca23623db43d4c7393a5c,561839806dcdb8279ac4e42025bc5a82751f2588a2b2066fa84637918d8e4896,2851cf077281e480136cab6af02d4720b94564326517124af576ab8634ba52a3,2987a546cb3f48253dcdfdc400036a68d1977eddb1012f753e54eca010acedd8,ad5c87b0e8a93a1c795fbdddcfd91ab13eb4d14c7272af892b123e07e4ef8395,160,a1e4b94e5be0a9552f952c6d8f0bda430f9bfdab3c397079192588f75a8aba46,1f7bdd094d6a8634c38dd67d232f10ebdc75032637483205a54e37449f9f3c93,20,10,peak_cooling_W,median,3210.2689496312969,3124.9595641534379,100,0.026573906054711358,0.02,False,False,0,2,False,False,0,False
BE_TABULA_14,TABULA_advanced_A_proxy,rcp_4_5,central,residential_energy_demand_gate5_v1,4b5b7791539478f9b2562d1b176e235ac7b641e1afdc40c3d5242661d9dbed3d,2ad0e9f7bbdfe12695c931891fd0e8132d060fd7bcbca23623db43d4c7393a5c,561839806dcdb8279ac4e42025bc5a82751f2588a2b2066fa84637918d8e4896,2851cf077281e480136cab6af02d4720b94564326517124af576ab8634ba52a3,2987a546cb3f48253dcdfdc400036a68d1977eddb1012f753e54eca010acedd8,ad5c87b0e8a93a1c795fbdddcfd91ab13eb4d14c7272af892b123e07e4ef8395,160,a1e4b94e5be0a9552f952c6d8f0bda430f9bfdab3c397079192588f75a8aba46,1f7bdd094d6a8634c38dd67d232f10ebdc75032637483205a54e37449f9f3c93,20,10,peak_cooling_W,p95,3918.9553473855603,3848.5236362724845,100,0.017972062672278903,0.02,True,False,0,2,False,False,0,False
BE_TABULA_14,TABULA_advanced_A_proxy,rcp_4_5,central,residential_energy_demand_gate5_v1,4b5b7791539478f9b2562d1b176e235ac7b641e1afdc40c3d5242661d9dbed3d,2ad0e9f7bbdfe12695c931891fd0e8132d060fd7bcbca23623db43d4c7393a5c,561839806dcdb8279ac4e42025bc5a82751f2588a2b2066fa84637918d8e4896,2851cf077281e480136cab6af02d4720b94564326517124af576ab8634ba52a3,2987a546cb3f48253dcdfdc400036a68d1977eddb1012f753e54eca010acedd8,ad5c87b0e8a93a1c795fbdddcfd91ab13eb4d14c7272af892b123e07e4ef8395,160,a1e4b94e5be0a9552f952c6d8f0bda430f9bfdab3c397079192588f75a8aba46,d9c1d0f471fb97f0efab0c100463285cd55e4de7718f288f7be26835b3adb0fe,40,20,heating_intensity_kWh_m2,mean,4.3314138023866429,4.3754789357718966,1,0.010173383425285646,0.02,True,False,0,2,False,False,0,False
BE_TABULA_14,TABULA_advanced_A_proxy,rcp_4_5,central,residential_energy_demand_gate5_v1,4b5b7791539478f9b2562d1b176e235ac7b641e1afdc40c3d5242661d9dbed3d,2ad0e9f7bbdfe12695c931891fd0e8132d060fd7bcbca23623db43d4c7393a5c,561839806dcdb8279ac4e42025bc5a82751f2588a2b2066fa84637918d8e4896,2851cf077281e480136cab6af02d4720b94564326517124af576ab8634ba52a3,2987a546cb3f48253dcdfdc400036a68d1977eddb1012f753e54eca010acedd8,ad5c87b0e8a93a1c795fbdddcfd91ab13eb4d14c7272af892b123e07e4ef8395,160,a1e4b94e5be0a9552f952c6d8f0bda430f9bfdab3c397079192588f75a8aba46,d9c1d0f471fb97f0efab0c100463285cd55e4de7718f288f7be26835b3adb0fe,40,20,heating_intensity_kWh_m2,median,3.6464567687197409,3.6933733014993999,1,0.012866334569525489,0.02,True,False,0,2,False,False,0,False
BE_TABULA_14,TABULA_advanced_A_proxy,rcp_4_5,central,residential_energy_demand_gate5_v1,4b5b7791539478f9b2562d1b176e235ac7b641e1afdc40c3d5242661d9dbed3d,2ad0e9f7bbdfe12695c931891fd0e8132d060fd7bcbca23623db43d4c7393a5c,561839806dcdb8279ac4e42025bc5a82751f2588a2b2066fa84637918d8e4896,2851cf077281e480136cab6af02d4720b94564326517124af576ab8634ba52a3,2987a546cb3f48253dcdfdc400036a68d1977eddb1012f753e54eca010acedd8,ad5c87b0e8a93a1c795fbdddcfd91ab13eb4d14c7272af892b123e07e4ef8395,160,a1e4b94e5be0a9552f952c6d8f0bda430f9bfdab3c397079192588f75a8aba46,d9c1d0f471fb97f0efab0c100463285cd55e4de7718f288f7be26835b3adb0fe,40,20,heating_intensity_kWh_m2,p95,9.7296030829981284,9.4379774335773536,1,0.029973026333455707,0.02,False,False,0,2,False,False,0,False
BE_TABULA_14,TABULA_advanced_A_proxy,rcp_4_5,central,residential_energy_demand_gate5_v1,4b5b7791539478f9b2562d1b176e235ac7b641e1afdc40c3d5242661d9dbed3d,2ad0e9f7bbdfe12695c931891fd0e8132d060fd7bcbca23623db43d4c7393a5c,561839806dcdb8279ac4e42025bc5a82751f2588a2b2066fa84637918d8e4896,2851cf077281e480136cab6af02d4720b94564326517124af576ab8634ba52a3,2987a546cb3f48253dcdfdc400036a68d1977eddb1012f753e54eca010acedd8,ad5c87b0e8a93a1c795fbdddcfd91ab13eb4d14c7272af892b123e07e4ef8395,160,a1e4b94e5be0a9552f952c6d8f0bda430f9bfdab3c397079192588f75a8aba46,d9c1d0f471fb97f0efab0c100463285cd55e4de7718f288f7be26835b3adb0fe,40,20,cooling_intensity_kWh_m2,mean,18.435985343577315,18.323787455962034,1,0.0060858091132280148,0.02,True,False,0,2,False,False,0,False
BE_TABULA_14,TABULA_advanced_A_proxy,rcp_4_5,central,residential_energy_demand_gate5_v1,4b5b7791539478f9b2562d1b176e235ac7b641e1afdc40c3d5242661d9dbed3d,2ad0e9f7bbdfe12695c931891fd0e8132d060fd7bcbca23623db43d4c7393a5c,561839806dcdb8279ac4e42025bc5a82751f2588a2b2066fa84637918d8e4896,2851cf077281e480136cab6af02d4720b94564326517124af576ab8634ba52a3,2987a546cb3f48253dcdfdc400036a68d1977eddb1012f753e54eca010acedd8,ad5c87b0e8a93a1c795fbdddcfd91ab13eb4d14c7272af892b123e07e4ef8395,160,a1e4b94e5be0a9552f952c6d8f0bda430f9bfdab3c397079192588f75a8aba46,d9c1d0f471fb97f0efab0c100463285cd55e4de7718f288f7be26835b3adb0fe,40,20,cooling_intensity_kWh_m2,median,17.561275998268943,17.387048961936962,1,0.0099210920863128105,0.02,True,False,0,2,False,False,0,False
BE_TABULA_14,TABULA_advanced_A_proxy,rcp_4_5,central,residential_energy_demand_gate5_v1,4b5b7791539478f9b2562d1b176e235ac7b641e1afdc40c3d5242661d9dbed3d,2ad0e9f7bbdfe12695c931891fd0e8132d060fd7bcbca23623db43d4c7393a5c,561839806dcdb8279ac4e42025bc5a82751f2588a2b2066fa84637918d8e4896,2851cf077281e480136cab6af02d4720b94564326517124af576ab8634ba52a3,2987a546cb3f48253dcdfdc400036a68d1977eddb1012f753e54eca010acedd8,ad5c87b0e8a93a1c795fbdddcfd91ab13eb4d14c7272af892b123e07e4ef8395,160,a1e4b94e5be0a9552f952c6d8f0bda430f9bfdab3c397079192588f75a8aba46,d9c1d0f471fb97f0efab0c100463285cd55e4de7718f288f7be26835b3adb0fe,40,20,cooling_intensity_kWh_m2,p95,24.656257903450012,24.495463924353206,1,0.0065214267195958546,0.02,True,False,0,2,False,False,0,False
BE_TABULA_14,TABULA_advanced_A_proxy,rcp_4_5,central,residential_energy_demand_gate5_v1,4b5b7791539478f9b2562d1b176e235ac7b641e1afdc40c3d5242661d9dbed3d,2ad0e9f7bbdfe12695c931891fd0e8132d060fd7bcbca23623db43d4c7393a5c,561839806dcdb8279ac4e42025bc5a82751f2588a2b2066fa84637918d8e4896,2851cf077281e480136cab6af02d4720b94564326517124af576ab8634ba52a3,2987a546cb3f48253dcdfdc400036a68d1977eddb1012f753e54eca010acedd8,ad5c87b0e8a93a1c795fbdddcfd91ab13eb4d14c7272af892b123e07e4ef8395,160,a1e4b94e5be0a9552f952c6d8f0bda430f9bfdab3c397079192588f75a8aba46,d9c1d0f471fb97f0efab0c100463285cd55e4de7718f288f7be26835b3adb0fe,40,20,peak_heating_W,mean,2446.8134902447459,2447.5112203879467,100,0.00028515869557794689,0.02,True,False,0,2,False,False,0,False
BE_TABULA_14,TABULA_advanced_A_proxy,rcp_4_5,central,residential_energy_demand_gate5_v1,4b5b7791539478f9b2562d1b176e235ac7b641e1afdc40c3d5242661d9dbed3d,2ad0e9f7bbdfe12695c931891fd0e8132d060fd7bcbca23623db43d4c7393a5c,561839806dcdb8279ac4e42025bc5a82751f2588a2b2066fa84637918d8e4896,2851cf077281e480136cab6af02d4720b94564326517124af576ab8634ba52a3,2987a546cb3f48253dcdfdc400036a68d1977eddb1012f753e54eca010acedd8,ad5c87b0e8a93a1c795fbdddcfd91ab13eb4d14c7272af892b123e07e4ef8395,160,a1e4b94e5be0a9552f952c6d8f0bda430f9bfdab3c397079192588f75a8aba46,d9c1d0f471fb97f0efab0c100463285cd55e4de7718f288f7be26835b3adb0fe,40,20,peak_heating_W,median,2438.7151851147282,2438.848790011094,100,5.4784952823226253e-05,0.02,True,False,0,2,False,False,0,False
BE_TABULA_14,TABULA_advanced_A_proxy,rcp_4_5,central,residential_energy_demand_gate5_v1,4b5b7791539478f9b2562d1b176e235ac7b641e1afdc40c3d5242661d9dbed3d,2ad0e9f7bbdfe12695c931891fd0e8132d060fd7bcbca23623db43d4c7393a5c,561839806dcdb8279ac4e42025bc5a82751f2588a2b2066fa84637918d8e4896,2851cf077281e480136cab6af02d4720b94564326517124af576ab8634ba52a3,2987a546cb3f48253dcdfdc400036a68d1977eddb1012f753e54eca010acedd8,ad5c87b0e8a93a1c795fbdddcfd91ab13eb4d14c7272af892b123e07e4ef8395,160,a1e4b94e5be0a9552f952c6d8f0bda430f9bfdab3c397079192588f75a8aba46,d9c1d0f471fb97f0efab0c100463285cd55e4de7718f288f7be26835b3adb0fe,40,20,peak_heating_W,p95,2840.8512343269153,2823.9004617628812,100,0.0059667934593732267,0.02,True,False,0,2,False,False,0,False
BE_TABULA_14,TABULA_advanced_A_proxy,rcp_4_5,central,residential_energy_demand_gate5_v1,4b5b7791539478f9b2562d1b176e235ac7b641e1afdc40c3d5242661d9dbed3d,2ad0e9f7bbdfe12695c931891fd0e8132d060fd7bcbca23623db43d4c7393a5c,561839806dcdb8279ac4e42025bc5a82751f2588a2b2066fa84637918d8e4896,2851cf077281e480136cab6af02d4720b94564326517124af576ab8634ba52a3,2987a546cb3f48253dcdfdc400036a68d1977eddb1012f753e54eca010acedd8,ad5c87b0e8a93a1c795fbdddcfd91ab13eb4d14c7272af892b123e07e4ef8395,160,a1e4b94e5be0a9552f952c6d8f0bda430f9bfdab3c397079192588f75a8aba46,d9c1d0f471fb97f0efab0c100463285cd55e4de7718f288f7be26835b3adb0fe,40,20,peak_cooling_W,mean,3252.1135208103792,3253.6511740956412,100,0.00047281660846783935,0.02,True,False,0,2,False,False,0,False
BE_TABULA_14,TABULA_advanced_A_proxy,rcp_4_5,central,residential_energy_demand_gate5_v1,4b5b7791539478f9b2562d1b176e235ac7b641e1afdc40c3d5242661d9dbed3d,2ad0e9f7bbdfe12695c931891fd0e8132d060fd7bcbca23623db43d4c7393a5c,561839806dcdb8279ac4e42025bc5a82751f2588a2b2066fa84637918d8e4896,2851cf077281e480136cab6af02d4720b94564326517124af576ab8634ba52a3,2987a546cb3f48253dcdfdc400036a68d1977eddb1012f753e54eca010acedd8,ad5c87b0e8a93a1c795fbdddcfd91ab13eb4d14c7272af892b123e07e4ef8395,160,a1e4b94e5be0a9552f952c6d8f0bda430f9bfdab3c397079192588f75a8aba46,d9c1d0f471fb97f0efab0c100463285cd55e4de7718f288f7be26835b3adb0fe,40,20,peak_cooling_W,median,3196.2775829475777,3210.2689496312969,100,0.0043773941156939498,0.02,True,False,0,2,False,False,0,False
BE_TABULA_14,TABULA_advanced_A_proxy,rcp_4_5,central,residential_energy_demand_gate5_v1,4b5b7791539478f9b2562d1b176e235ac7b641e1afdc40c3d5242661d9dbed3d,2ad0e9f7bbdfe12695c931891fd0e8132d060fd7bcbca23623db43d4c7393a5c,561839806dcdb8279ac4e42025bc5a82751f2588a2b2066fa84637918d8e4896,2851cf077281e480136cab6af02d4720b94564326517124af576ab8634ba52a3,2987a546cb3f48253dcdfdc400036a68d1977eddb1012f753e54eca010acedd8,ad5c87b0e8a93a1c795fbdddcfd91ab13eb4d14c7272af892b123e07e4ef8395,160,a1e4b94e5be0a9552f952c6d8f0bda430f9bfdab3c397079192588f75a8aba46,d9c1d0f471fb97f0efab0c100463285cd55e4de7718f288f7be26835b3adb0fe,40,20,peak_cooling_W,p95,3897.0084687123135,3918.9553473855603,100,0.0056317246548090579,0.02,True,False,0,2,False,False,0,False
BE_TABULA_14,TABULA_advanced_A_proxy,rcp_4_5,central,residential_energy_demand_gate5_v1,4b5b7791539478f9b2562d1b176e235ac7b641e1afdc40c3d5242661d9dbed3d,2ad0e9f7bbdfe12695c931891fd0e8132d060fd7bcbca23623db43d4c7393a5c,561839806dcdb8279ac4e42025bc5a82751f2588a2b2066fa84637918d8e4896,2851cf077281e480136cab6af02d4720b94564326517124af576ab8634ba52a3,2987a546cb3f48253dcdfdc400036a68d1977eddb1012f753e54eca010acedd8,ad5c87b0e8a93a1c795fbdddcfd91ab13eb4d14c7272af892b123e07e4ef8395,160,a1e4b94e5be0a9552f952c6d8f0bda430f9bfdab3c397079192588f75a8aba46,68c77bb6c64b8d83360a050cd3cb41af044e4998f93c5776b9bf72e3b3a2d976,80,40,heating_intensity_kWh_m2,mean,4.3194268930043807,4.3314138023866429,1,0.0027751156991858957,0.02,True,True,1,2,False,True,1,False
BE_TABULA_14,TABULA_advanced_A_proxy,rcp_4_5,central,residential_energy_demand_gate5_v1,4b5b7791539478f9b2562d1b176e235ac7b641e1afdc40c3d5242661d9dbed3d,2ad0e9f7bbdfe12695c931891fd0e8132d060fd7bcbca23623db43d4c7393a5c,561839806dcdb8279ac4e42025bc5a82751f2588a2b2066fa84637918d8e4896,2851cf077281e480136cab6af02d4720b94564326517124af576ab8634ba52a3,2987a546cb3f48253dcdfdc400036a68d1977eddb1012f753e54eca010acedd8,ad5c87b0e8a93a1c795fbdddcfd91ab13eb4d14c7272af892b123e07e4ef8395,160,a1e4b94e5be0a9552f952c6d8f0bda430f9bfdab3c397079192588f75a8aba46,68c77bb6c64b8d83360a050cd3cb41af044e4998f93c5776b9bf72e3b3a2d976,80,40,heating_intensity_kWh_m2,median,3.6464567687197409,3.6464567687197409,1,0,0.02,True,True,1,2,False,True,1,False
BE_TABULA_14,TABULA_advanced_A_proxy,rcp_4_5,central,residential_energy_demand_gate5_v1,4b5b7791539478f9b2562d1b176e235ac7b641e1afdc40c3d5242661d9dbed3d,2ad0e9f7bbdfe12695c931891fd0e8132d060fd7bcbca23623db43d4c7393a5c,561839806dcdb8279ac4e42025bc5a82751f2588a2b2066fa84637918d8e4896,2851cf077281e480136cab6af02d4720b94564326517124af576ab8634ba52a3,2987a546cb3f48253dcdfdc400036a68d1977eddb1012f753e54eca010acedd8,ad5c87b0e8a93a1c795fbdddcfd91ab13eb4d14c7272af892b123e07e4ef8395,160,a1e4b94e5be0a9552f952c6d8f0bda430f9bfdab3c397079192588f75a8aba46,68c77bb6c64b8d83360a050cd3cb41af044e4998f93c5776b9bf72e3b3a2d976,80,40,heating_intensity_kWh_m2,p95,9.6260740550716939,9.7296030829981284,1,0.010755062482808149,0.02,True,True,1,2,False,True,1,False
BE_TABULA_14,TABULA_advanced_A_proxy,rcp_4_5,central,residential_energy_demand_gate5_v1,4b5b7791539478f9b2562d1b176e235ac7b641e1afdc40c3d5242661d9dbed3d,2ad0e9f7bbdfe12695c931891fd0e8132d060fd7bcbca23623db43d4c7393a5c,561839806dcdb8279ac4e42025bc5a82751f2588a2b2066fa84637918d8e4896,2851cf077281e480136cab6af02d4720b94564326517124af576ab8634ba52a3,2987a546cb3f48253dcdfdc400036a68d1977eddb1012f753e54eca010acedd8,ad5c87b0e8a93a1c795fbdddcfd91ab13eb4d14c7272af892b123e07e4ef8395,160,a1e4b94e5be0a9552f952c6d8f0bda430f9bfdab3c397079192588f75a8aba46,68c77bb6c64b8d83360a050cd3cb41af044e4998f93c5776b9bf72e3b3a2d976,80,40,cooling_intensity_kWh_m2,mean,18.380764337298064,18.435985343577315,1,0.0030042823718269703,0.02,True,True,1,2,False,True,1,False
BE_TABULA_14,TABULA_advanced_A_proxy,rcp_4_5,central,residential_energy_demand_gate5_v1,4b5b7791539478f9b2562d1b176e235ac7b641e1afdc40c3d5242661d9dbed3d,2ad0e9f7bbdfe12695c931891fd0e8132d060fd7bcbca23623db43d4c7393a5c,561839806dcdb8279ac4e42025bc5a82751f2588a2b2066fa84637918d8e4896,2851cf077281e480136cab6af02d4720b94564326517124af576ab8634ba52a3,2987a546cb3f48253dcdfdc400036a68d1977eddb1012f753e54eca010acedd8,ad5c87b0e8a93a1c795fbdddcfd91ab13eb4d14c7272af892b123e07e4ef8395,160,a1e4b94e5be0a9552f952c6d8f0bda430f9bfdab3c397079192588f75a8aba46,68c77bb6c64b8d83360a050cd3cb41af044e4998f93c5776b9bf72e3b3a2d976,80,40,cooling_intensity_kWh_m2,median,17.441872590248789,17.561275998268943,1,0.0068457906341380711,0.02,True,True,1,2,False,True,1,False
BE_TABULA_14,TABULA_advanced_A_proxy,rcp_4_5,central,residential_energy_demand_gate5_v1,4b5b7791539478f9b2562d1b176e235ac7b641e1afdc40c3d5242661d9dbed3d,2ad0e9f7bbdfe12695c931891fd0e8132d060fd7bcbca23623db43d4c7393a5c,561839806dcdb8279ac4e42025bc5a82751f2588a2b2066fa84637918d8e4896,2851cf077281e480136cab6af02d4720b94564326517124af576ab8634ba52a3,2987a546cb3f48253dcdfdc400036a68d1977eddb1012f753e54eca010acedd8,ad5c87b0e8a93a1c795fbdddcfd91ab13eb4d14c7272af892b123e07e4ef8395,160,a1e4b94e5be0a9552f952c6d8f0bda430f9bfdab3c397079192588f75a8aba46,68c77bb6c64b8d83360a050cd3cb41af044e4998f93c5776b9bf72e3b3a2d976,80,40,cooling_intensity_kWh_m2,p95,24.582089078683204,24.656257903450012,1,0.0030171896509448739,0.02,True,True,1,2,False,True,1,False
BE_TABULA_14,TABULA_advanced_A_proxy,rcp_4_5,central,residential_energy_demand_gate5_v1,4b5b7791539478f9b2562d1b176e235ac7b641e1afdc40c3d5242661d9dbed3d,2ad0e9f7bbdfe12695c931891fd0e8132d060fd7bcbca23623db43d4c7393a5c,561839806dcdb8279ac4e42025bc5a82751f2588a2b2066fa84637918d8e4896,2851cf077281e480136cab6af02d4720b94564326517124af576ab8634ba52a3,2987a546cb3f48253dcdfdc400036a68d1977eddb1012f753e54eca010acedd8,ad5c87b0e8a93a1c795fbdddcfd91ab13eb4d14c7272af892b123e07e4ef8395,160,a1e4b94e5be0a9552f952c6d8f0bda430f9bfdab3c397079192588f75a8aba46,68c77bb6c64b8d83360a050cd3cb41af044e4998f93c5776b9bf72e3b3a2d976,80,40,peak_heating_W,mean,2452.2987898398283,2446.8134902447459,100,0.0022367990465960294,0.02,True,True,1,2,False,True,1,False
BE_TABULA_14,TABULA_advanced_A_proxy,rcp_4_5,central,residential_energy_demand_gate5_v1,4b5b7791539478f9b2562d1b176e235ac7b641e1afdc40c3d5242661d9dbed3d,2ad0e9f7bbdfe12695c931891fd0e8132d060fd7bcbca23623db43d4c7393a5c,561839806dcdb8279ac4e42025bc5a82751f2588a2b2066fa84637918d8e4896,2851cf077281e480136cab6af02d4720b94564326517124af576ab8634ba52a3,2987a546cb3f48253dcdfdc400036a68d1977eddb1012f753e54eca010acedd8,ad5c87b0e8a93a1c795fbdddcfd91ab13eb4d14c7272af892b123e07e4ef8395,160,a1e4b94e5be0a9552f952c6d8f0bda430f9bfdab3c397079192588f75a8aba46,68c77bb6c64b8d83360a050cd3cb41af044e4998f93c5776b9bf72e3b3a2d976,80,40,peak_heating_W,median,2440.4934658328184,2438.7151851147282,100,0.00072865620948644268,0.02,True,True,1,2,False,True,1,False
BE_TABULA_14,TABULA_advanced_A_proxy,rcp_4_5,central,residential_energy_demand_gate5_v1,4b5b7791539478f9b2562d1b176e235ac7b641e1afdc40c3d5242661d9dbed3d,2ad0e9f7bbdfe12695c931891fd0e8132d060fd7bcbca23623db43d4c7393a5c,561839806dcdb8279ac4e42025bc5a82751f2588a2b2066fa84637918d8e4896,2851cf077281e480136cab6af02d4720b94564326517124af576ab8634ba52a3,2987a546cb3f48253dcdfdc400036a68d1977eddb1012f753e54eca010acedd8,ad5c87b0e8a93a1c795fbdddcfd91ab13eb4d14c7272af892b123e07e4ef8395,160,a1e4b94e5be0a9552f952c6d8f0bda430f9bfdab3c397079192588f75a8aba46,68c77bb6c64b8d83360a050cd3cb41af044e4998f93c5776b9bf72e3b3a2d976,80,40,peak_heating_W,p95,2843.4543843293632,2840.8512343269153,100,0.00091548857502132201,0.02,True,True,1,2,False,True,1,False
BE_TABULA_14,TABULA_advanced_A_proxy,rcp_4_5,central,residential_energy_demand_gate5_v1,4b5b7791539478f9b2562d1b176e235ac7b641e1afdc40c3d5242661d9dbed3d,2ad0e9f7bbdfe12695c931891fd0e8132d060fd7bcbca23623db43d4c7393a5c,561839806dcdb8279ac4e42025bc5a82751f2588a2b2066fa84637918d8e4896,2851cf077281e480136cab6af02d4720b94564326517124af576ab8634ba52a3,2987a546cb3f48253dcdfdc400036a68d1977eddb1012f753e54eca010acedd8,ad5c87b0e8a93a1c795fbdddcfd91ab13eb4d14c7272af892b123e07e4ef8395,160,a1e4b94e5be0a9552f952c6d8f0bda430f9bfdab3c397079192588f75a8aba46,68c77bb6c64b8d83360a050cd3cb41af044e4998f93c5776b9bf72e3b3a2d976,80,40,peak_cooling_W,mean,3276.0827339433572,3252.1135208103792,100,0.0073164248523500224,0.02,True,True,1,2,False,True,1,False
BE_TABULA_14,TABULA_advanced_A_proxy,rcp_4_5,central,residential_energy_demand_gate5_v1,4b5b7791539478f9b2562d1b176e235ac7b641e1afdc40c3d5242661d9dbed3d,2ad0e9f7bbdfe12695c931891fd0e8132d060fd7bcbca23623db43d4c7393a5c,561839806dcdb8279ac4e42025bc5a82751f2588a2b2066fa84637918d8e4896,2851cf077281e480136cab6af02d4720b94564326517124af576ab8634ba52a3,2987a546cb3f48253dcdfdc400036a68d1977eddb1012f753e54eca010acedd8,ad5c87b0e8a93a1c795fbdddcfd91ab13eb4d14c7272af892b123e07e4ef8395,160,a1e4b94e5be0a9552f952c6d8f0bda430f9bfdab3c397079192588f75a8aba46,68c77bb6c64b8d83360a050cd3cb41af044e4998f93c5776b9bf72e3b3a2d976,80,40,peak_cooling_W,median,3224.4882615661072,3196.2775829475777,100,0.0087488855068208055,0.02,True,True,1,2,False,True,1,False
BE_TABULA_14,TABULA_advanced_A_proxy,rcp_4_5,central,residential_energy_demand_gate5_v1,4b5b7791539478f9b2562d1b176e235ac7b641e1afdc40c3d5242661d9dbed3d,2ad0e9f7bbdfe12695c931891fd0e8132d060fd7bcbca23623db43d4c7393a5c,561839806dcdb8279ac4e42025bc5a82751f2588a2b2066fa84637918d8e4896,2851cf077281e480136cab6af02d4720b94564326517124af576ab8634ba52a3,2987a546cb3f48253dcdfdc400036a68d1977eddb1012f753e54eca010acedd8,ad5c87b0e8a93a1c795fbdddcfd91ab13eb4d14c7272af892b123e07e4ef8395,160,a1e4b94e5be0a9552f952c6d8f0bda430f9bfdab3c397079192588f75a8aba46,68c77bb6c64b8d83360a050cd3cb41af044e4998f93c5776b9bf72e3b3a2d976,80,40,peak_cooling_W,p95,3912.1057083998708,3897.0084687123135,100,0.0038591083198854358,0.02,True,True,1,2,False,True,1,False
BE_TABULA_14,TABULA_advanced_A_proxy,rcp_4_5,central,residential_energy_demand_gate5_v1,4b5b7791539478f9b2562d1b176e235ac7b641e1afdc40c3d5242661d9dbed3d,2ad0e9f7bbdfe12695c931891fd0e8132d060fd7bcbca23623db43d4c7393a5c,561839806dcdb8279ac4e42025bc5a82751f2588a2b2066fa84637918d8e4896,2851cf077281e480136cab6af02d4720b94564326517124af576ab8634ba52a3,2987a546cb3f48253dcdfdc400036a68d1977eddb1012f753e54eca010acedd8,ad5c87b0e8a93a1c795fbdddcfd91ab13eb4d14c7272af892b123e07e4ef8395,160,a1e4b94e5be0a9552f952c6d8f0bda430f9bfdab3c397079192588f75a8aba46,a1e4b94e5be0a9552f952c6d8f0bda430f9bfdab3c397079192588f75a8aba46,160,80,heating_intensity_kWh_m2,mean,4.3521609036004865,4.3194268930043807,1,0.0075213236185788504,0.02,True,True,2,2,True,False,0,False
BE_TABULA_14,TABULA_advanced_A_proxy,rcp_4_5,central,residential_energy_demand_gate5_v1,4b5b7791539478f9b2562d1b176e235ac7b641e1afdc40c3d5242661d9dbed3d,2ad0e9f7bbdfe12695c931891fd0e8132d060fd7bcbca23623db43d4c7393a5c,561839806dcdb8279ac4e42025bc5a82751f2588a2b2066fa84637918d8e4896,2851cf077281e480136cab6af02d4720b94564326517124af576ab8634ba52a3,2987a546cb3f48253dcdfdc400036a68d1977eddb1012f753e54eca010acedd8,ad5c87b0e8a93a1c795fbdddcfd91ab13eb4d14c7272af892b123e07e4ef8395,160,a1e4b94e5be0a9552f952c6d8f0bda430f9bfdab3c397079192588f75a8aba46,a1e4b94e5be0a9552f952c6d8f0bda430f9bfdab3c397079192588f75a8aba46,160,80,heating_intensity_kWh_m2,median,3.6497037818200098,3.6464567687197409,1,0.00088966483155234887,0.02,True,True,2,2,True,False,0,False
BE_TABULA_14,TABULA_advanced_A_proxy,rcp_4_5,central,residential_energy_demand_gate5_v1,4b5b7791539478f9b2562d1b176e235ac7b641e1afdc40c3d5242661d9dbed3d,2ad0e9f7bbdfe12695c931891fd0e8132d060fd7bcbca23623db43d4c7393a5c,561839806dcdb8279ac4e42025bc5a82751f2588a2b2066fa84637918d8e4896,2851cf077281e480136cab6af02d4720b94564326517124af576ab8634ba52a3,2987a546cb3f48253dcdfdc400036a68d1977eddb1012f753e54eca010acedd8,ad5c87b0e8a93a1c795fbdddcfd91ab13eb4d14c7272af892b123e07e4ef8395,160,a1e4b94e5be0a9552f952c6d8f0bda430f9bfdab3c397079192588f75a8aba46,a1e4b94e5be0a9552f952c6d8f0bda430f9bfdab3c397079192588f75a8aba46,160,80,heating_intensity_kWh_m2,p95,9.7932266818729552,9.6260740550716939,1,0.017068187251363956,0.02,True,True,2,2,True,False,0,False
BE_TABULA_14,TABULA_advanced_A_proxy,rcp_4_5,central,residential_energy_demand_gate5_v1,4b5b7791539478f9b2562d1b176e235ac7b641e1afdc40c3d5242661d9dbed3d,2ad0e9f7bbdfe12695c931891fd0e8132d060fd7bcbca23623db43d4c7393a5c,561839806dcdb8279ac4e42025bc5a82751f2588a2b2066fa84637918d8e4896,2851cf077281e480136cab6af02d4720b94564326517124af576ab8634ba52a3,2987a546cb3f48253dcdfdc400036a68d1977eddb1012f753e54eca010acedd8,ad5c87b0e8a93a1c795fbdddcfd91ab13eb4d14c7272af892b123e07e4ef8395,160,a1e4b94e5be0a9552f952c6d8f0bda430f9bfdab3c397079192588f75a8aba46,a1e4b94e5be0a9552f952c6d8f0bda430f9bfdab3c397079192588f75a8aba46,160,80,cooling_intensity_kWh_m2,mean,18.345223195036819,18.380764337298064,1,0.0019373513139300618,0.02,True,True,2,2,True,False,0,False
BE_TABULA_14,TABULA_advanced_A_proxy,rcp_4_5,central,residential_energy_demand_gate5_v1,4b5b7791539478f9b2562d1b176e235ac7b641e1afdc40c3d5242661d9dbed3d,2ad0e9f7bbdfe12695c931891fd0e8132d060fd7bcbca23623db43d4c7393a5c,561839806dcdb8279ac4e42025bc5a82751f2588a2b2066fa84637918d8e4896,2851cf077281e480136cab6af02d4720b94564326517124af576ab8634ba52a3,2987a546cb3f48253dcdfdc400036a68d1977eddb1012f753e54eca010acedd8,ad5c87b0e8a93a1c795fbdddcfd91ab13eb4d14c7272af892b123e07e4ef8395,160,a1e4b94e5be0a9552f952c6d8f0bda430f9bfdab3c397079192588f75a8aba46,a1e4b94e5be0a9552f952c6d8f0bda430f9bfdab3c397079192588f75a8aba46,160,80,cooling_intensity_kWh_m2,median,17.446852428905473,17.441872590248789,1,0.00028542905816258892,0.02,True,True,2,2,True,False,0,False
BE_TABULA_14,TABULA_advanced_A_proxy,rcp_4_5,central,residential_energy_demand_gate5_v1,4b5b7791539478f9b2562d1b176e235ac7b641e1afdc40c3d5242661d9dbed3d,2ad0e9f7bbdfe12695c931891fd0e8132d060fd7bcbca23623db43d4c7393a5c,561839806dcdb8279ac4e42025bc5a82751f2588a2b2066fa84637918d8e4896,2851cf077281e480136cab6af02d4720b94564326517124af576ab8634ba52a3,2987a546cb3f48253dcdfdc400036a68d1977eddb1012f753e54eca010acedd8,ad5c87b0e8a93a1c795fbdddcfd91ab13eb4d14c7272af892b123e07e4ef8395,160,a1e4b94e5be0a9552f952c6d8f0bda430f9bfdab3c397079192588f75a8aba46,a1e4b94e5be0a9552f952c6d8f0bda430f9bfdab3c397079192588f75a8aba46,160,80,cooling_intensity_kWh_m2,p95,24.537341456647233,24.582089078683204,1,0.0018236540464267831,0.02,True,True,2,2,True,False,0,False
BE_TABULA_14,TABULA_advanced_A_proxy,rcp_4_5,central,residential_energy_demand_gate5_v1,4b5b7791539478f9b2562d1b176e235ac7b641e1afdc40c3d5242661d9dbed3d,2ad0e9f7bbdfe12695c931891fd0e8132d060fd7bcbca23623db43d4c7393a5c,561839806dcdb8279ac4e42025bc5a82751f2588a2b2066fa84637918d8e4896,2851cf077281e480136cab6af02d4720b94564326517124af576ab8634ba52a3,2987a546cb3f48253dcdfdc400036a68d1977eddb1012f753e54eca010acedd8,ad5c87b0e8a93a1c795fbdddcfd91ab13eb4d14c7272af892b123e07e4ef8395,160,a1e4b94e5be0a9552f952c6d8f0bda430f9bfdab3c397079192588f75a8aba46,a1e4b94e5be0a9552f952c6d8f0bda430f9bfdab3c397079192588f75a8aba46,160,80,peak_heating_W,mean,2453.1603737889168,2452.2987898398283,100,0.00035121387019545173,0.02,True,True,2,2,True,False,0,False
BE_TABULA_14,TABULA_advanced_A_proxy,rcp_4_5,central,residential_energy_demand_gate5_v1,4b5b7791539478f9b2562d1b176e235ac7b641e1afdc40c3d5242661d9dbed3d,2ad0e9f7bbdfe12695c931891fd0e8132d060fd7bcbca23623db43d4c7393a5c,561839806dcdb8279ac4e42025bc5a82751f2588a2b2066fa84637918d8e4896,2851cf077281e480136cab6af02d4720b94564326517124af576ab8634ba52a3,2987a546cb3f48253dcdfdc400036a68d1977eddb1012f753e54eca010acedd8,ad5c87b0e8a93a1c795fbdddcfd91ab13eb4d14c7272af892b123e07e4ef8395,160,a1e4b94e5be0a9552f952c6d8f0bda430f9bfdab3c397079192588f75a8aba46,a1e4b94e5be0a9552f952c6d8f0bda430f9bfdab3c397079192588f75a8aba46,160,80,peak_heating_W,median,2436.1178180032493,2440.4934658328184,100,0.0017961560796577306,0.02,True,True,2,2,True,False,0,False
BE_TABULA_14,TABULA_advanced_A_proxy,rcp_4_5,central,residential_energy_demand_gate5_v1,4b5b7791539478f9b2562d1b176e235ac7b641e1afdc40c3d5242661d9dbed3d,2ad0e9f7bbdfe12695c931891fd0e8132d060fd7bcbca23623db43d4c7393a5c,561839806dcdb8279ac4e42025bc5a82751f2588a2b2066fa84637918d8e4896,2851cf077281e480136cab6af02d4720b94564326517124af576ab8634ba52a3,2987a546cb3f48253dcdfdc400036a68d1977eddb1012f753e54eca010acedd8,ad5c87b0e8a93a1c795fbdddcfd91ab13eb4d14c7272af892b123e07e4ef8395,160,a1e4b94e5be0a9552f952c6d8f0bda430f9bfdab3c397079192588f75a8aba46,a1e4b94e5be0a9552f952c6d8f0bda430f9bfdab3c397079192588f75a8aba46,160,80,peak_heating_W,p95,2840.8689614423092,2843.4543843293632,100,0.00091008171166800955,0.02,True,True,2,2,True,False,0,False
BE_TABULA_14,TABULA_advanced_A_proxy,rcp_4_5,central,residential_energy_demand_gate5_v1,4b5b7791539478f9b2562d1b176e235ac7b641e1afdc40c3d5242661d9dbed3d,2ad0e9f7bbdfe12695c931891fd0e8132d060fd7bcbca23623db43d4c7393a5c,561839806dcdb8279ac4e42025bc5a82751f2588a2b2066fa84637918d8e4896,2851cf077281e480136cab6af02d4720b94564326517124af576ab8634ba52a3,2987a546cb3f48253dcdfdc400036a68d1977eddb1012f753e54eca010acedd8,ad5c87b0e8a93a1c795fbdddcfd91ab13eb4d14c7272af892b123e07e4ef8395,160,a1e4b94e5be0a9552f952c6d8f0bda430f9bfdab3c397079192588f75a8aba46,a1e4b94e5be0a9552f952c6d8f0bda430f9bfdab3c397079192588f75a8aba46,160,80,peak_cooling_W,mean,3267.7995504216833,3276.0827339433572,100,0.0025347893571394282,0.02,True,True,2,2,True,False,0,False
BE_TABULA_14,TABULA_advanced_A_proxy,rcp_4_5,central,residential_energy_demand_gate5_v1,4b5b7791539478f9b2562d1b176e235ac7b641e1afdc40c3d5242661d9dbed3d,2ad0e9f7bbdfe12695c931891fd0e8132d060fd7bcbca23623db43d4c7393a5c,561839806dcdb8279ac4e42025bc5a82751f2588a2b2066fa84637918d8e4896,2851cf077281e480136cab6af02d4720b94564326517124af576ab8634ba52a3,2987a546cb3f48253dcdfdc400036a68d1977eddb1012f753e54eca010acedd8,ad5c87b0e8a93a1c795fbdddcfd91ab13eb4d14c7272af892b123e07e4ef8395,160,a1e4b94e5be0a9552f952c6d8f0bda430f9bfdab3c397079192588f75a8aba46,a1e4b94e5be0a9552f952c6d8f0bda430f9bfdab3c397079192588f75a8aba46,160,80,peak_cooling_W,median,3228.7675953100425,3224.4882615661072,100,0.0013253768249381593,0.02,True,True,2,2,True,False,0,False
BE_TABULA_14,TABULA_advanced_A_proxy,rcp_4_5,central,residential_energy_demand_gate5_v1,4b5b7791539478f9b2562d1b176e235ac7b641e1afdc40c3d5242661d9dbed3d,2ad0e9f7bbdfe12695c931891fd0e8132d060fd7bcbca23623db43d4c7393a5c,561839806dcdb8279ac4e42025bc5a82751f2588a2b2066fa84637918d8e4896,2851cf077281e480136cab6af02d4720b94564326517124af576ab8634ba52a3,2987a546cb3f48253dcdfdc400036a68d1977eddb1012f753e54eca010acedd8,ad5c87b0e8a93a1c795fbdddcfd91ab13eb4d14c7272af892b123e07e4ef8395,160,a1e4b94e5be0a9552f952c6d8f0bda430f9bfdab3c397079192588f75a8aba46,a1e4b94e5be0a9552f952c6d8f0bda430f9bfdab3c397079192588f75a8aba46,160,80,peak_cooling_W,p95,3865.0664204471686,3912.1057083998708,100,0.012170369881317568,0.02,True,True,2,2,True,False,0,False
BE_TABULA_14,TABULA_advanced_A_proxy,rcp_8_5,central,residential_energy_demand_gate5_v1,4b5b7791539478f9b2562d1b176e235ac7b641e1afdc40c3d5242661d9dbed3d,2ad0e9f7bbdfe12695c931891fd0e8132d060fd7bcbca23623db43d4c7393a5c,561839806dcdb8279ac4e42025bc5a82751f2588a2b2066fa84637918d8e4896,2851cf077281e480136cab6af02d4720b94564326517124af576ab8634ba52a3,2987a546cb3f48253dcdfdc400036a68d1977eddb1012f753e54eca010acedd8,ca544fcdf9d3c08881eed48e9cdb7452f482c8ae24f7ea49ba420497fa16f10e,160,a1e4b94e5be0a9552f952c6d8f0bda430f9bfdab3c397079192588f75a8aba46,0483fface789f96fbdc35b5911182753a8b4967876fb97c2eefce49e4b3c29ca,5,,heating_intensity_kWh_m2,mean,3.519261471268639,,1,,0.02,False,False,0,2,False,False,0,False
BE_TABULA_14,TABULA_advanced_A_proxy,rcp_8_5,central,residential_energy_demand_gate5_v1,4b5b7791539478f9b2562d1b176e235ac7b641e1afdc40c3d5242661d9dbed3d,2ad0e9f7bbdfe12695c931891fd0e8132d060fd7bcbca23623db43d4c7393a5c,561839806dcdb8279ac4e42025bc5a82751f2588a2b2066fa84637918d8e4896,2851cf077281e480136cab6af02d4720b94564326517124af576ab8634ba52a3,2987a546cb3f48253dcdfdc400036a68d1977eddb1012f753e54eca010acedd8,ca544fcdf9d3c08881eed48e9cdb7452f482c8ae24f7ea49ba420497fa16f10e,160,a1e4b94e5be0a9552f952c6d8f0bda430f9bfdab3c397079192588f75a8aba46,0483fface789f96fbdc35b5911182753a8b4967876fb97c2eefce49e4b3c29ca,5,,heating_intensity_kWh_m2,median,2.8816169483708975,,1,,0.02,False,False,0,2,False,False,0,False
BE_TABULA_14,TABULA_advanced_A_proxy,rcp_8_5,central,residential_energy_demand_gate5_v1,4b5b7791539478f9b2562d1b176e235ac7b641e1afdc40c3d5242661d9dbed3d,2ad0e9f7bbdfe12695c931891fd0e8132d060fd7bcbca23623db43d4c7393a5c,561839806dcdb8279ac4e42025bc5a82751f2588a2b2066fa84637918d8e4896,2851cf077281e480136cab6af02d4720b94564326517124af576ab8634ba52a3,2987a546cb3f48253dcdfdc400036a68d1977eddb1012f753e54eca010acedd8,ca544fcdf9d3c08881eed48e9cdb7452f482c8ae24f7ea49ba420497fa16f10e,160,a1e4b94e5be0a9552f952c6d8f0bda430f9bfdab3c397079192588f75a8aba46,0483fface789f96fbdc35b5911182753a8b4967876fb97c2eefce49e4b3c29ca,5,,heating_intensity_kWh_m2,p95,7.3152864770505239,,1,,0.02,False,False,0,2,False,False,0,False
BE_TABULA_14,TABULA_advanced_A_proxy,rcp_8_5,central,residential_energy_demand_gate5_v1,4b5b7791539478f9b2562d1b176e235ac7b641e1afdc40c3d5242661d9dbed3d,2ad0e9f7bbdfe12695c931891fd0e8132d060fd7bcbca23623db43d4c7393a5c,561839806dcdb8279ac4e42025bc5a82751f2588a2b2066fa84637918d8e4896,2851cf077281e480136cab6af02d4720b94564326517124af576ab8634ba52a3,2987a546cb3f48253dcdfdc400036a68d1977eddb1012f753e54eca010acedd8,ca544fcdf9d3c08881eed48e9cdb7452f482c8ae24f7ea49ba420497fa16f10e,160,a1e4b94e5be0a9552f952c6d8f0bda430f9bfdab3c397079192588f75a8aba46,0483fface789f96fbdc35b5911182753a8b4967876fb97c2eefce49e4b3c29ca,5,,cooling_intensity_kWh_m2,mean,18.464433241233401,,1,,0.02,False,False,0,2,False,False,0,False
BE_TABULA_14,TABULA_advanced_A_proxy,rcp_8_5,central,residential_energy_demand_gate5_v1,4b5b7791539478f9b2562d1b176e235ac7b641e1afdc40c3d5242661d9dbed3d,2ad0e9f7bbdfe12695c931891fd0e8132d060fd7bcbca23623db43d4c7393a5c,561839806dcdb8279ac4e42025bc5a82751f2588a2b2066fa84637918d8e4896,2851cf077281e480136cab6af02d4720b94564326517124af576ab8634ba52a3,2987a546cb3f48253dcdfdc400036a68d1977eddb1012f753e54eca010acedd8,ca544fcdf9d3c08881eed48e9cdb7452f482c8ae24f7ea49ba420497fa16f10e,160,a1e4b94e5be0a9552f952c6d8f0bda430f9bfdab3c397079192588f75a8aba46,0483fface789f96fbdc35b5911182753a8b4967876fb97c2eefce49e4b3c29ca,5,,cooling_intensity_kWh_m2,median,17.806811405988121,,1,,0.02,False,False,0,2,False,False,0,False
BE_TABULA_14,TABULA_advanced_A_proxy,rcp_8_5,central,residential_energy_demand_gate5_v1,4b5b7791539478f9b2562d1b176e235ac7b641e1afdc40c3d5242661d9dbed3d,2ad0e9f7bbdfe12695c931891fd0e8132d060fd7bcbca23623db43d4c7393a5c,561839806dcdb8279ac4e42025bc5a82751f2588a2b2066fa84637918d8e4896,2851cf077281e480136cab6af02d4720b94564326517124af576ab8634ba52a3,2987a546cb3f48253dcdfdc400036a68d1977eddb1012f753e54eca010acedd8,ca544fcdf9d3c08881eed48e9cdb7452f482c8ae24f7ea49ba420497fa16f10e,160,a1e4b94e5be0a9552f952c6d8f0bda430f9bfdab3c397079192588f75a8aba46,0483fface789f96fbdc35b5911182753a8b4967876fb97c2eefce49e4b3c29ca,5,,cooling_intensity_kWh_m2,p95,24.349445320517699,,1,,0.02,False,False,0,2,False,False,0,False
BE_TABULA_14,TABULA_advanced_A_proxy,rcp_8_5,central,residential_energy_demand_gate5_v1,4b5b7791539478f9b2562d1b176e235ac7b641e1afdc40c3d5242661d9dbed3d,2ad0e9f7bbdfe12695c931891fd0e8132d060fd7bcbca23623db43d4c7393a5c,561839806dcdb8279ac4e42025bc5a82751f2588a2b2066fa84637918d8e4896,2851cf077281e480136cab6af02d4720b94564326517124af576ab8634ba52a3,2987a546cb3f48253dcdfdc400036a68d1977eddb1012f753e54eca010acedd8,ca544fcdf9d3c08881eed48e9cdb7452f482c8ae24f7ea49ba420497fa16f10e,160,a1e4b94e5be0a9552f952c6d8f0bda430f9bfdab3c397079192588f75a8aba46,0483fface789f96fbdc35b5911182753a8b4967876fb97c2eefce49e4b3c29ca,5,,peak_heating_W,mean,2360.1589120508361,,100,,0.02,False,False,0,2,False,False,0,False
BE_TABULA_14,TABULA_advanced_A_proxy,rcp_8_5,central,residential_energy_demand_gate5_v1,4b5b7791539478f9b2562d1b176e235ac7b641e1afdc40c3d5242661d9dbed3d,2ad0e9f7bbdfe12695c931891fd0e8132d060fd7bcbca23623db43d4c7393a5c,561839806dcdb8279ac4e42025bc5a82751f2588a2b2066fa84637918d8e4896,2851cf077281e480136cab6af02d4720b94564326517124af576ab8634ba52a3,2987a546cb3f48253dcdfdc400036a68d1977eddb1012f753e54eca010acedd8,ca544fcdf9d3c08881eed48e9cdb7452f482c8ae24f7ea49ba420497fa16f10e,160,a1e4b94e5be0a9552f952c6d8f0bda430f9bfdab3c397079192588f75a8aba46,0483fface789f96fbdc35b5911182753a8b4967876fb97c2eefce49e4b3c29ca,5,,peak_heating_W,median,2344.1330173746001,,100,,0.02,False,False,0,2,False,False,0,False
BE_TABULA_14,TABULA_advanced_A_proxy,rcp_8_5,central,residential_energy_demand_gate5_v1,4b5b7791539478f9b2562d1b176e235ac7b641e1afdc40c3d5242661d9dbed3d,2ad0e9f7bbdfe12695c931891fd0e8132d060fd7bcbca23623db43d4c7393a5c,561839806dcdb8279ac4e42025bc5a82751f2588a2b2066fa84637918d8e4896,2851cf077281e480136cab6af02d4720b94564326517124af576ab8634ba52a3,2987a546cb3f48253dcdfdc400036a68d1977eddb1012f753e54eca010acedd8,ca544fcdf9d3c08881eed48e9cdb7452f482c8ae24f7ea49ba420497fa16f10e,160,a1e4b94e5be0a9552f952c6d8f0bda430f9bfdab3c397079192588f75a8aba46,0483fface789f96fbdc35b5911182753a8b4967876fb97c2eefce49e4b3c29ca,5,,peak_heating_W,p95,2766.5503815671705,,100,,0.02,False,False,0,2,False,False,0,False
BE_TABULA_14,TABULA_advanced_A_proxy,rcp_8_5,central,residential_energy_demand_gate5_v1,4b5b7791539478f9b2562d1b176e235ac7b641e1afdc40c3d5242661d9dbed3d,2ad0e9f7bbdfe12695c931891fd0e8132d060fd7bcbca23623db43d4c7393a5c,561839806dcdb8279ac4e42025bc5a82751f2588a2b2066fa84637918d8e4896,2851cf077281e480136cab6af02d4720b94564326517124af576ab8634ba52a3,2987a546cb3f48253dcdfdc400036a68d1977eddb1012f753e54eca010acedd8,ca544fcdf9d3c08881eed48e9cdb7452f482c8ae24f7ea49ba420497fa16f10e,160,a1e4b94e5be0a9552f952c6d8f0bda430f9bfdab3c397079192588f75a8aba46,0483fface789f96fbdc35b5911182753a8b4967876fb97c2eefce49e4b3c29ca,5,,peak_cooling_W,mean,3264.2407394434363,,100,,0.02,False,False,0,2,False,False,0,False
BE_TABULA_14,TABULA_advanced_A_proxy,rcp_8_5,central,residential_energy_demand_gate5_v1,4b5b7791539478f9b2562d1b176e235ac7b641e1afdc40c3d5242661d9dbed3d,2ad0e9f7bbdfe12695c931891fd0e8132d060fd7bcbca23623db43d4c7393a5c,561839806dcdb8279ac4e42025bc5a82751f2588a2b2066fa84637918d8e4896,2851cf077281e480136cab6af02d4720b94564326517124af576ab8634ba52a3,2987a546cb3f48253dcdfdc400036a68d1977eddb1012f753e54eca010acedd8,ca544fcdf9d3c08881eed48e9cdb7452f482c8ae24f7ea49ba420497fa16f10e,160,a1e4b94e5be0a9552f952c6d8f0bda430f9bfdab3c397079192588f75a8aba46,0483fface789f96fbdc35b5911182753a8b4967876fb97c2eefce49e4b3c29ca,5,,peak_cooling_W,median,3153.5895090077865,,100,,0.02,False,False,0,2,False,False,0,False
BE_TABULA_14,TABULA_advanced_A_proxy,rcp_8_5,central,residential_energy_demand_gate5_v1,4b5b7791539478f9b2562d1b176e235ac7b641e1afdc40c3d5242661d9dbed3d,2ad0e9f7bbdfe12695c931891fd0e8132d060fd7bcbca23623db43d4c7393a5c,561839806dcdb8279ac4e42025bc5a82751f2588a2b2066fa84637918d8e4896,2851cf077281e480136cab6af02d4720b94564326517124af576ab8634ba52a3,2987a546cb3f48253dcdfdc400036a68d1977eddb1012f753e54eca010acedd8,ca544fcdf9d3c08881eed48e9cdb7452f482c8ae24f7ea49ba420497fa16f10e,160,a1e4b94e5be0a9552f952c6d8f0bda430f9bfdab3c397079192588f75a8aba46,0483fface789f96fbdc35b5911182753a8b4967876fb97c2eefce49e4b3c29ca,5,,peak_cooling_W,p95,3871.698741933531,,100,,0.02,False,False,0,2,False,False,0,False
BE_TABULA_14,TABULA_advanced_A_proxy,rcp_8_5,central,residential_energy_demand_gate5_v1,4b5b7791539478f9b2562d1b176e235ac7b641e1afdc40c3d5242661d9dbed3d,2ad0e9f7bbdfe12695c931891fd0e8132d060fd7bcbca23623db43d4c7393a5c,561839806dcdb8279ac4e42025bc5a82751f2588a2b2066fa84637918d8e4896,2851cf077281e480136cab6af02d4720b94564326517124af576ab8634ba52a3,2987a546cb3f48253dcdfdc400036a68d1977eddb1012f753e54eca010acedd8,ca544fcdf9d3c08881eed48e9cdb7452f482c8ae24f7ea49ba420497fa16f10e,160,a1e4b94e5be0a9552f952c6d8f0bda430f9bfdab3c397079192588f75a8aba46,2063071df976f1cac9f6aea690c2aef6ea0bdefe943f07ae1c5166c5ad9979e4,10,5,heating_intensity_kWh_m2,mean,3.6103867146001662,3.519261471268639,1,0.025239745915035302,0.02,False,False,0,2,False,False,0,False
BE_TABULA_14,TABULA_advanced_A_proxy,rcp_8_5,central,residential_energy_demand_gate5_v1,4b5b7791539478f9b2562d1b176e235ac7b641e1afdc40c3d5242661d9dbed3d,2ad0e9f7bbdfe12695c931891fd0e8132d060fd7bcbca23623db43d4c7393a5c,561839806dcdb8279ac4e42025bc5a82751f2588a2b2066fa84637918d8e4896,2851cf077281e480136cab6af02d4720b94564326517124af576ab8634ba52a3,2987a546cb3f48253dcdfdc400036a68d1977eddb1012f753e54eca010acedd8,ca544fcdf9d3c08881eed48e9cdb7452f482c8ae24f7ea49ba420497fa16f10e,160,a1e4b94e5be0a9552f952c6d8f0bda430f9bfdab3c397079192588f75a8aba46,2063071df976f1cac9f6aea690c2aef6ea0bdefe943f07ae1c5166c5ad9979e4,10,5,heating_intensity_kWh_m2,median,2.9108866600381402,2.8816169483708975,1,0.010055256382554988,0.02,True,False,0,2,False,False,0,False
BE_TABULA_14,TABULA_advanced_A_proxy,rcp_8_5,central,residential_energy_demand_gate5_v1,4b5b7791539478f9b2562d1b176e235ac7b641e1afdc40c3d5242661d9dbed3d,2ad0e9f7bbdfe12695c931891fd0e8132d060fd7bcbca23623db43d4c7393a5c,561839806dcdb8279ac4e42025bc5a82751f2588a2b2066fa84637918d8e4896,2851cf077281e480136cab6af02d4720b94564326517124af576ab8634ba52a3,2987a546cb3f48253dcdfdc400036a68d1977eddb1012f753e54eca010acedd8,ca544fcdf9d3c08881eed48e9cdb7452f482c8ae24f7ea49ba420497fa16f10e,160,a1e4b94e5be0a9552f952c6d8f0bda430f9bfdab3c397079192588f75a8aba46,2063071df976f1cac9f6aea690c2aef6ea0bdefe943f07ae1c5166c5ad9979e4,10,5,heating_intensity_kWh_m2,p95,8.4774401962305426,7.3152864770505239,1,0.13708781097586101,0.02,False,False,0,2,False,False,0,False
BE_TABULA_14,TABULA_advanced_A_proxy,rcp_8_5,central,residential_energy_demand_gate5_v1,4b5b7791539478f9b2562d1b176e235ac7b641e1afdc40c3d5242661d9dbed3d,2ad0e9f7bbdfe12695c931891fd0e8132d060fd7bcbca23623db43d4c7393a5c,561839806dcdb8279ac4e42025bc5a82751f2588a2b2066fa84637918d8e4896,2851cf077281e480136cab6af02d4720b94564326517124af576ab8634ba52a3,2987a546cb3f48253dcdfdc400036a68d1977eddb1012f753e54eca010acedd8,ca544fcdf9d3c08881eed48e9cdb7452f482c8ae24f7ea49ba420497fa16f10e,160,a1e4b94e5be0a9552f952c6d8f0bda430f9bfdab3c397079192588f75a8aba46,2063071df976f1cac9f6aea690c2aef6ea0bdefe943f07ae1c5166c5ad9979e4,10,5,cooling_intensity_kWh_m2,mean,18.167073844748653,18.464433241233401,1,0.016368040281330262,0.02,True,False,0,2,False,False,0,False
BE_TABULA_14,TABULA_advanced_A_proxy,rcp_8_5,central,residential_energy_demand_gate5_v1,4b5b7791539478f9b2562d1b176e235ac7b641e1afdc40c3d5242661d9dbed3d,2ad0e9f7bbdfe12695c931891fd0e8132d060fd7bcbca23623db43d4c7393a5c,561839806dcdb8279ac4e42025bc5a82751f2588a2b2066fa84637918d8e4896,2851cf077281e480136cab6af02d4720b94564326517124af576ab8634ba52a3,2987a546cb3f48253dcdfdc400036a68d1977eddb1012f753e54eca010acedd8,ca544fcdf9d3c08881eed48e9cdb7452f482c8ae24f7ea49ba420497fa16f10e,160,a1e4b94e5be0a9552f952c6d8f0bda430f9bfdab3c397079192588f75a8aba46,2063071df976f1cac9f6aea690c2aef6ea0bdefe943f07ae1c5166c5ad9979e4,10,5,cooling_intensity_kWh_m2,median,17.412580958681652,17.806811405988121,1,0.022640552152603896,0.02,False,False,0,2,False,False,0,False
BE_TABULA_14,TABULA_advanced_A_proxy,rcp_8_5,central,residential_energy_demand_gate5_v1,4b5b7791539478f9b2562d1b176e235ac7b641e1afdc40c3d5242661d9dbed3d,2ad0e9f7bbdfe12695c931891fd0e8132d060fd7bcbca23623db43d4c7393a5c,561839806dcdb8279ac4e42025bc5a82751f2588a2b2066fa84637918d8e4896,2851cf077281e480136cab6af02d4720b94564326517124af576ab8634ba52a3,2987a546cb3f48253dcdfdc400036a68d1977eddb1012f753e54eca010acedd8,ca544fcdf9d3c08881eed48e9cdb7452f482c8ae24f7ea49ba420497fa16f10e,160,a1e4b94e5be0a9552f952c6d8f0bda430f9bfdab3c397079192588f75a8aba46,2063071df976f1cac9f6aea690c2aef6ea0bdefe943f07ae1c5166c5ad9979e4,10,5,cooling_intensity_kWh_m2,p95,24.060694595131931,24.349445320517699,1,0.012000930573475177,0.02,True,False,0,2,False,False,0,False
BE_TABULA_14,TABULA_advanced_A_proxy,rcp_8_5,central,residential_energy_demand_gate5_v1,4b5b7791539478f9b2562d1b176e235ac7b641e1afdc40c3d5242661d9dbed3d,2ad0e9f7bbdfe12695c931891fd0e8132d060fd7bcbca23623db43d4c7393a5c,561839806dcdb8279ac4e42025bc5a82751f2588a2b2066fa84637918d8e4896,2851cf077281e480136cab6af02d4720b94564326517124af576ab8634ba52a3,2987a546cb3f48253dcdfdc400036a68d1977eddb1012f753e54eca010acedd8,ca544fcdf9d3c08881eed48e9cdb7452f482c8ae24f7ea49ba420497fa16f10e,160,a1e4b94e5be0a9552f952c6d8f0bda430f9bfdab3c397079192588f75a8aba46,2063071df976f1cac9f6aea690c2aef6ea0bdefe943f07ae1c5166c5ad9979e4,10,5,peak_heating_W,mean,2366.9181826998606,2360.1589120508361,100,0.0028557263611513881,0.02,True,False,0,2,False,False,0,False
BE_TABULA_14,TABULA_advanced_A_proxy,rcp_8_5,central,residential_energy_demand_gate5_v1,4b5b7791539478f9b2562d1b176e235ac7b641e1afdc40c3d5242661d9dbed3d,2ad0e9f7bbdfe12695c931891fd0e8132d060fd7bcbca23623db43d4c7393a5c,561839806dcdb8279ac4e42025bc5a82751f2588a2b2066fa84637918d8e4896,2851cf077281e480136cab6af02d4720b94564326517124af576ab8634ba52a3,2987a546cb3f48253dcdfdc400036a68d1977eddb1012f753e54eca010acedd8,ca544fcdf9d3c08881eed48e9cdb7452f482c8ae24f7ea49ba420497fa16f10e,160,a1e4b94e5be0a9552f952c6d8f0bda430f9bfdab3c397079192588f75a8aba46,2063071df976f1cac9f6aea690c2aef6ea0bdefe943f07ae1c5166c5ad9979e4,10,5,peak_heating_W,median,2337.5362717560106,2344.1330173746001,100,0.0028220933716822457,0.02,True,False,0,2,False,False,0,False
BE_TABULA_14,TABULA_advanced_A_proxy,rcp_8_5,central,residential_energy_demand_gate5_v1,4b5b7791539478f9b2562d1b176e235ac7b641e1afdc40c3d5242661d9dbed3d,2ad0e9f7bbdfe12695c931891fd0e8132d060fd7bcbca23623db43d4c7393a5c,561839806dcdb8279ac4e42025bc5a82751f2588a2b2066fa84637918d8e4896,2851cf077281e480136cab6af02d4720b94564326517124af576ab8634ba52a3,2987a546cb3f48253dcdfdc400036a68d1977eddb1012f753e54eca010acedd8,ca544fcdf9d3c08881eed48e9cdb7452f482c8ae24f7ea49ba420497fa16f10e,160,a1e4b94e5be0a9552f952c6d8f0bda430f9bfdab3c397079192588f75a8aba46,2063071df976f1cac9f6aea690c2aef6ea0bdefe943f07ae1c5166c5ad9979e4,10,5,peak_heating_W,p95,2797.1284566755703,2766.5503815671705,100,0.010931952386892646,0.02,True,False,0,2,False,False,0,False
BE_TABULA_14,TABULA_advanced_A_proxy,rcp_8_5,central,residential_energy_demand_gate5_v1,4b5b7791539478f9b2562d1b176e235ac7b641e1afdc40c3d5242661d9dbed3d,2ad0e9f7bbdfe12695c931891fd0e8132d060fd7bcbca23623db43d4c7393a5c,561839806dcdb8279ac4e42025bc5a82751f2588a2b2066fa84637918d8e4896,2851cf077281e480136cab6af02d4720b94564326517124af576ab8634ba52a3,2987a546cb3f48253dcdfdc400036a68d1977eddb1012f753e54eca010acedd8,ca544fcdf9d3c08881eed48e9cdb7452f482c8ae24f7ea49ba420497fa16f10e,160,a1e4b94e5be0a9552f952c6d8f0bda430f9bfdab3c397079192588f75a8aba46,2063071df976f1cac9f6aea690c2aef6ea0bdefe943f07ae1c5166c5ad9979e4,10,5,peak_cooling_W,mean,3176.1305492088381,3264.2407394434363,100,0.027741362916126364,0.02,False,False,0,2,False,False,0,False
BE_TABULA_14,TABULA_advanced_A_proxy,rcp_8_5,central,residential_energy_demand_gate5_v1,4b5b7791539478f9b2562d1b176e235ac7b641e1afdc40c3d5242661d9dbed3d,2ad0e9f7bbdfe12695c931891fd0e8132d060fd7bcbca23623db43d4c7393a5c,561839806dcdb8279ac4e42025bc5a82751f2588a2b2066fa84637918d8e4896,2851cf077281e480136cab6af02d4720b94564326517124af576ab8634ba52a3,2987a546cb3f48253dcdfdc400036a68d1977eddb1012f753e54eca010acedd8,ca544fcdf9d3c08881eed48e9cdb7452f482c8ae24f7ea49ba420497fa16f10e,160,a1e4b94e5be0a9552f952c6d8f0bda430f9bfdab3c397079192588f75a8aba46,2063071df976f1cac9f6aea690c2aef6ea0bdefe943f07ae1c5166c5ad9979e4,10,5,peak_cooling_W,median,3103.5076441066349,3153.5895090077865,100,0.016137181100956518,0.02,True,False,0,2,False,False,0,False
BE_TABULA_14,TABULA_advanced_A_proxy,rcp_8_5,central,residential_energy_demand_gate5_v1,4b5b7791539478f9b2562d1b176e235ac7b641e1afdc40c3d5242661d9dbed3d,2ad0e9f7bbdfe12695c931891fd0e8132d060fd7bcbca23623db43d4c7393a5c,561839806dcdb8279ac4e42025bc5a82751f2588a2b2066fa84637918d8e4896,2851cf077281e480136cab6af02d4720b94564326517124af576ab8634ba52a3,2987a546cb3f48253dcdfdc400036a68d1977eddb1012f753e54eca010acedd8,ca544fcdf9d3c08881eed48e9cdb7452f482c8ae24f7ea49ba420497fa16f10e,160,a1e4b94e5be0a9552f952c6d8f0bda430f9bfdab3c397079192588f75a8aba46,2063071df976f1cac9f6aea690c2aef6ea0bdefe943f07ae1c5166c5ad9979e4,10,5,peak_cooling_W,p95,3824.4731216538826,3871.698741933531,100,0.012348268317604445,0.02,True,False,0,2,False,False,0,False
BE_TABULA_14,TABULA_advanced_A_proxy,rcp_8_5,central,residential_energy_demand_gate5_v1,4b5b7791539478f9b2562d1b176e235ac7b641e1afdc40c3d5242661d9dbed3d,2ad0e9f7bbdfe12695c931891fd0e8132d060fd7bcbca23623db43d4c7393a5c,561839806dcdb8279ac4e42025bc5a82751f2588a2b2066fa84637918d8e4896,2851cf077281e480136cab6af02d4720b94564326517124af576ab8634ba52a3,2987a546cb3f48253dcdfdc400036a68d1977eddb1012f753e54eca010acedd8,ca544fcdf9d3c08881eed48e9cdb7452f482c8ae24f7ea49ba420497fa16f10e,160,a1e4b94e5be0a9552f952c6d8f0bda430f9bfdab3c397079192588f75a8aba46,1f7bdd094d6a8634c38dd67d232f10ebdc75032637483205a54e37449f9f3c93,20,10,heating_intensity_kWh_m2,mean,3.7237408958572127,3.6103867146001662,1,0.030440942167366366,0.02,False,False,0,2,False,False,0,False
BE_TABULA_14,TABULA_advanced_A_proxy,rcp_8_5,central,residential_energy_demand_gate5_v1,4b5b7791539478f9b2562d1b176e235ac7b641e1afdc40c3d5242661d9dbed3d,2ad0e9f7bbdfe12695c931891fd0e8132d060fd7bcbca23623db43d4c7393a5c,561839806dcdb8279ac4e42025bc5a82751f2588a2b2066fa84637918d8e4896,2851cf077281e480136cab6af02d4720b94564326517124af576ab8634ba52a3,2987a546cb3f48253dcdfdc400036a68d1977eddb1012f753e54eca010acedd8,ca544fcdf9d3c08881eed48e9cdb7452f482c8ae24f7ea49ba420497fa16f10e,160,a1e4b94e5be0a9552f952c6d8f0bda430f9bfdab3c397079192588f75a8aba46,1f7bdd094d6a8634c38dd67d232f10ebdc75032637483205a54e37449f9f3c93,20,10,heating_intensity_kWh_m2,median,3.0822329222148137,2.9108866600381402,1,0.0555916007974986,0.02,False,False,0,2,False,False,0,False
BE_TABULA_14,TABULA_advanced_A_proxy,rcp_8_5,central,residential_energy_demand_gate5_v1,4b5b7791539478f9b2562d1b176e235ac7b641e1afdc40c3d5242661d9dbed3d,2ad0e9f7bbdfe12695c931891fd0e8132d060fd7bcbca23623db43d4c7393a5c,561839806dcdb8279ac4e42025bc5a82751f2588a2b2066fa84637918d8e4896,2851cf077281e480136cab6af02d4720b94564326517124af576ab8634ba52a3,2987a546cb3f48253dcdfdc400036a68d1977eddb1012f753e54eca010acedd8,ca544fcdf9d3c08881eed48e9cdb7452f482c8ae24f7ea49ba420497fa16f10e,160,a1e4b94e5be0a9552f952c6d8f0bda430f9bfdab3c397079192588f75a8aba46,1f7bdd094d6a8634c38dd67d232f10ebdc75032637483205a54e37449f9f3c93,20,10,heating_intensity_kWh_m2,p95,8.5834935649977773,8.4774401962305426,1,0.012355501633938974,0.02,True,False,0,2,False,False,0,False
BE_TABULA_14,TABULA_advanced_A_proxy,rcp_8_5,central,residential_energy_demand_gate5_v1,4b5b7791539478f9b2562d1b176e235ac7b641e1afdc40c3d5242661d9dbed3d,2ad0e9f7bbdfe12695c931891fd0e8132d060fd7bcbca23623db43d4c7393a5c,561839806dcdb8279ac4e42025bc5a82751f2588a2b2066fa84637918d8e4896,2851cf077281e480136cab6af02d4720b94564326517124af576ab8634ba52a3,2987a546cb3f48253dcdfdc400036a68d1977eddb1012f753e54eca010acedd8,ca544fcdf9d3c08881eed48e9cdb7452f482c8ae24f7ea49ba420497fa16f10e,160,a1e4b94e5be0a9552f952c6d8f0bda430f9bfdab3c397079192588f75a8aba46,1f7bdd094d6a8634c38dd67d232f10ebdc75032637483205a54e37449f9f3c93,20,10,cooling_intensity_kWh_m2,mean,18.086543093405268,18.167073844748653,1,0.0044525231232688395,0.02,True,False,0,2,False,False,0,False
BE_TABULA_14,TABULA_advanced_A_proxy,rcp_8_5,central,residential_energy_demand_gate5_v1,4b5b7791539478f9b2562d1b176e235ac7b641e1afdc40c3d5242661d9dbed3d,2ad0e9f7bbdfe12695c931891fd0e8132d060fd7bcbca23623db43d4c7393a5c,561839806dcdb8279ac4e42025bc5a82751f2588a2b2066fa84637918d8e4896,2851cf077281e480136cab6af02d4720b94564326517124af576ab8634ba52a3,2987a546cb3f48253dcdfdc400036a68d1977eddb1012f753e54eca010acedd8,ca544fcdf9d3c08881eed48e9cdb7452f482c8ae24f7ea49ba420497fa16f10e,160,a1e4b94e5be0a9552f952c6d8f0bda430f9bfdab3c397079192588f75a8aba46,1f7bdd094d6a8634c38dd67d232f10ebdc75032637483205a54e37449f9f3c93,20,10,cooling_intensity_kWh_m2,median,17.26702580918149,17.412580958681652,1,0.0084296595782444843,0.02,True,False,0,2,False,False,0,False
BE_TABULA_14,TABULA_advanced_A_proxy,rcp_8_5,central,residential_energy_demand_gate5_v1,4b5b7791539478f9b2562d1b176e235ac7b641e1afdc40c3d5242661d9dbed3d,2ad0e9f7bbdfe12695c931891fd0e8132d060fd7bcbca23623db43d4c7393a5c,561839806dcdb8279ac4e42025bc5a82751f2588a2b2066fa84637918d8e4896,2851cf077281e480136cab6af02d4720b94564326517124af576ab8634ba52a3,2987a546cb3f48253dcdfdc400036a68d1977eddb1012f753e54eca010acedd8,ca544fcdf9d3c08881eed48e9cdb7452f482c8ae24f7ea49ba420497fa16f10e,160,a1e4b94e5be0a9552f952c6d8f0bda430f9bfdab3c397079192588f75a8aba46,1f7bdd094d6a8634c38dd67d232f10ebdc75032637483205a54e37449f9f3c93,20,10,cooling_intensity_kWh_m2,p95,24.084175358912756,24.060694595131931,1,0.00097494572394130486,0.02,True,False,0,2,False,False,0,False
BE_TABULA_14,TABULA_advanced_A_proxy,rcp_8_5,central,residential_energy_demand_gate5_v1,4b5b7791539478f9b2562d1b176e235ac7b641e1afdc40c3d5242661d9dbed3d,2ad0e9f7bbdfe12695c931891fd0e8132d060fd7bcbca23623db43d4c7393a5c,561839806dcdb8279ac4e42025bc5a82751f2588a2b2066fa84637918d8e4896,2851cf077281e480136cab6af02d4720b94564326517124af576ab8634ba52a3,2987a546cb3f48253dcdfdc400036a68d1977eddb1012f753e54eca010acedd8,ca544fcdf9d3c08881eed48e9cdb7452f482c8ae24f7ea49ba420497fa16f10e,160,a1e4b94e5be0a9552f952c6d8f0bda430f9bfdab3c397079192588f75a8aba46,1f7bdd094d6a8634c38dd67d232f10ebdc75032637483205a54e37449f9f3c93,20,10,peak_heating_W,mean,2388.3576647179434,2366.9181826998606,100,0.0089766630579657027,0.02,True,False,0,2,False,False,0,False
BE_TABULA_14,TABULA_advanced_A_proxy,rcp_8_5,central,residential_energy_demand_gate5_v1,4b5b7791539478f9b2562d1b176e235ac7b641e1afdc40c3d5242661d9dbed3d,2ad0e9f7bbdfe12695c931891fd0e8132d060fd7bcbca23623db43d4c7393a5c,561839806dcdb8279ac4e42025bc5a82751f2588a2b2066fa84637918d8e4896,2851cf077281e480136cab6af02d4720b94564326517124af576ab8634ba52a3,2987a546cb3f48253dcdfdc400036a68d1977eddb1012f753e54eca010acedd8,ca544fcdf9d3c08881eed48e9cdb7452f482c8ae24f7ea49ba420497fa16f10e,160,a1e4b94e5be0a9552f952c6d8f0bda430f9bfdab3c397079192588f75a8aba46,1f7bdd094d6a8634c38dd67d232f10ebdc75032637483205a54e37449f9f3c93,20,10,peak_heating_W,median,2379.43464110478,2337.5362717560106,100,0.017608539703076624,0.02,True,False,0,2,False,False,0,False
BE_TABULA_14,TABULA_advanced_A_proxy,rcp_8_5,central,residential_energy_demand_gate5_v1,4b5b7791539478f9b2562d1b176e235ac7b641e1afdc40c3d5242661d9dbed3d,2ad0e9f7bbdfe12695c931891fd0e8132d060fd7bcbca23623db43d4c7393a5c,561839806dcdb8279ac4e42025bc5a82751f2588a2b2066fa84637918d8e4896,2851cf077281e480136cab6af02d4720b94564326517124af576ab8634ba52a3,2987a546cb3f48253dcdfdc400036a68d1977eddb1012f753e54eca010acedd8,ca544fcdf9d3c08881eed48e9cdb7452f482c8ae24f7ea49ba420497fa16f10e,160,a1e4b94e5be0a9552f952c6d8f0bda430f9bfdab3c397079192588f75a8aba46,1f7bdd094d6a8634c38dd67d232f10ebdc75032637483205a54e37449f9f3c93,20,10,peak_heating_W,p95,2797.1284566755703,2797.1284566755703,100,0,0.02,True,False,0,2,False,False,0,False
BE_TABULA_14,TABULA_advanced_A_proxy,rcp_8_5,central,residential_energy_demand_gate5_v1,4b5b7791539478f9b2562d1b176e235ac7b641e1afdc40c3d5242661d9dbed3d,2ad0e9f7bbdfe12695c931891fd0e8132d060fd7bcbca23623db43d4c7393a5c,561839806dcdb8279ac4e42025bc5a82751f2588a2b2066fa84637918d8e4896,2851cf077281e480136cab6af02d4720b94564326517124af576ab8634ba52a3,2987a546cb3f48253dcdfdc400036a68d1977eddb1012f753e54eca010acedd8,ca544fcdf9d3c08881eed48e9cdb7452f482c8ae24f7ea49ba420497fa16f10e,160,a1e4b94e5be0a9552f952c6d8f0bda430f9bfdab3c397079192588f75a8aba46,1f7bdd094d6a8634c38dd67d232f10ebdc75032637483205a54e37449f9f3c93,20,10,peak_cooling_W,mean,3256.2158272316833,3176.1305492088381,100,0.024594585332180133,0.02,False,False,0,2,False,False,0,False
BE_TABULA_14,TABULA_advanced_A_proxy,rcp_8_5,central,residential_energy_demand_gate5_v1,4b5b7791539478f9b2562d1b176e235ac7b641e1afdc40c3d5242661d9dbed3d,2ad0e9f7bbdfe12695c931891fd0e8132d060fd7bcbca23623db43d4c7393a5c,561839806dcdb8279ac4e42025bc5a82751f2588a2b2066fa84637918d8e4896,2851cf077281e480136cab6af02d4720b94564326517124af576ab8634ba52a3,2987a546cb3f48253dcdfdc400036a68d1977eddb1012f753e54eca010acedd8,ca544fcdf9d3c08881eed48e9cdb7452f482c8ae24f7ea49ba420497fa16f10e,160,a1e4b94e5be0a9552f952c6d8f0bda430f9bfdab3c397079192588f75a8aba46,1f7bdd094d6a8634c38dd67d232f10ebdc75032637483205a54e37449f9f3c93,20,10,peak_cooling_W,median,3186.9471875014556,3103.5076441066349,100,0.026181652373171809,0.02,False,False,0,2,False,False,0,False
BE_TABULA_14,TABULA_advanced_A_proxy,rcp_8_5,central,residential_energy_demand_gate5_v1,4b5b7791539478f9b2562d1b176e235ac7b641e1afdc40c3d5242661d9dbed3d,2ad0e9f7bbdfe12695c931891fd0e8132d060fd7bcbca23623db43d4c7393a5c,561839806dcdb8279ac4e42025bc5a82751f2588a2b2066fa84637918d8e4896,2851cf077281e480136cab6af02d4720b94564326517124af576ab8634ba52a3,2987a546cb3f48253dcdfdc400036a68d1977eddb1012f753e54eca010acedd8,ca544fcdf9d3c08881eed48e9cdb7452f482c8ae24f7ea49ba420497fa16f10e,160,a1e4b94e5be0a9552f952c6d8f0bda430f9bfdab3c397079192588f75a8aba46,1f7bdd094d6a8634c38dd67d232f10ebdc75032637483205a54e37449f9f3c93,20,10,peak_cooling_W,p95,3900.7406507727051,3824.4731216538826,100,0.01955206355585689,0.02,True,False,0,2,False,False,0,False
BE_TABULA_14,TABULA_advanced_A_proxy,rcp_8_5,central,residential_energy_demand_gate5_v1,4b5b7791539478f9b2562d1b176e235ac7b641e1afdc40c3d5242661d9dbed3d,2ad0e9f7bbdfe12695c931891fd0e8132d060fd7bcbca23623db43d4c7393a5c,561839806dcdb8279ac4e42025bc5a82751f2588a2b2066fa84637918d8e4896,2851cf077281e480136cab6af02d4720b94564326517124af576ab8634ba52a3,2987a546cb3f48253dcdfdc400036a68d1977eddb1012f753e54eca010acedd8,ca544fcdf9d3c08881eed48e9cdb7452f482c8ae24f7ea49ba420497fa16f10e,160,a1e4b94e5be0a9552f952c6d8f0bda430f9bfdab3c397079192588f75a8aba46,d9c1d0f471fb97f0efab0c100463285cd55e4de7718f288f7be26835b3adb0fe,40,20,heating_intensity_kWh_m2,mean,3.6829165016285232,3.7237408958572127,1,0.011084800377808617,0.02,True,False,0,2,False,False,0,False
BE_TABULA_14,TABULA_advanced_A_proxy,rcp_8_5,central,residential_energy_demand_gate5_v1,4b5b7791539478f9b2562d1b176e235ac7b641e1afdc40c3d5242661d9dbed3d,2ad0e9f7bbdfe12695c931891fd0e8132d060fd7bcbca23623db43d4c7393a5c,561839806dcdb8279ac4e42025bc5a82751f2588a2b2066fa84637918d8e4896,2851cf077281e480136cab6af02d4720b94564326517124af576ab8634ba52a3,2987a546cb3f48253dcdfdc400036a68d1977eddb1012f753e54eca010acedd8,ca544fcdf9d3c08881eed48e9cdb7452f482c8ae24f7ea49ba420497fa16f10e,160,a1e4b94e5be0a9552f952c6d8f0bda430f9bfdab3c397079192588f75a8aba46,d9c1d0f471fb97f0efab0c100463285cd55e4de7718f288f7be26835b3adb0fe,40,20,heating_intensity_kWh_m2,median,3.0160834956786027,3.0822329222148137,1,0.021932226555063512,0.02,False,False,0,2,False,False,0,False
BE_TABULA_14,TABULA_advanced_A_proxy,rcp_8_5,central,residential_energy_demand_gate5_v1,4b5b7791539478f9b2562d1b176e235ac7b641e1afdc40c3d5242661d9dbed3d,2ad0e9f7bbdfe12695c931891fd0e8132d060fd7bcbca23623db43d4c7393a5c,561839806dcdb8279ac4e42025bc5a82751f2588a2b2066fa84637918d8e4896,2851cf077281e480136cab6af02d4720b94564326517124af576ab8634ba52a3,2987a546cb3f48253dcdfdc400036a68d1977eddb1012f753e54eca010acedd8,ca544fcdf9d3c08881eed48e9cdb7452f482c8ae24f7ea49ba420497fa16f10e,160,a1e4b94e5be0a9552f952c6d8f0bda430f9bfdab3c397079192588f75a8aba46,d9c1d0f471fb97f0efab0c100463285cd55e4de7718f288f7be26835b3adb0fe,40,20,heating_intensity_kWh_m2,p95,8.8160222841412264,8.5834935649977773,1,0.02637569548363498,0.02,False,False,0,2,False,False,0,False
BE_TABULA_14,TABULA_advanced_A_proxy,rcp_8_5,central,residential_energy_demand_gate5_v1,4b5b7791539478f9b2562d1b176e235ac7b641e1afdc40c3d5242661d9dbed3d,2ad0e9f7bbdfe12695c931891fd0e8132d060fd7bcbca23623db43d4c7393a5c,561839806dcdb8279ac4e42025bc5a82751f2588a2b2066fa84637918d8e4896,2851cf077281e480136cab6af02d4720b94564326517124af576ab8634ba52a3,2987a546cb3f48253dcdfdc400036a68d1977eddb1012f753e54eca010acedd8,ca544fcdf9d3c08881eed48e9cdb7452f482c8ae24f7ea49ba420497fa16f10e,160,a1e4b94e5be0a9552f952c6d8f0bda430f9bfdab3c397079192588f75a8aba46,d9c1d0f471fb97f0efab0c100463285cd55e4de7718f288f7be26835b3adb0fe,40,20,cooling_intensity_kWh_m2,mean,18.194434278065906,18.086543093405268,1,0.0059299004855954442,0.02,True,False,0,2,False,False,0,False
BE_TABULA_14,TABULA_advanced_A_proxy,rcp_8_5,central,residential_energy_demand_gate5_v1,4b5b7791539478f9b2562d1b176e235ac7b641e1afdc40c3d5242661d9dbed3d,2ad0e9f7bbdfe12695c931891fd0e8132d060fd7bcbca23623db43d4c7393a5c,561839806dcdb8279ac4e42025bc5a82751f2588a2b2066fa84637918d8e4896,2851cf077281e480136cab6af02d4720b94564326517124af576ab8634ba52a3,2987a546cb3f48253dcdfdc400036a68d1977eddb1012f753e54eca010acedd8,ca544fcdf9d3c08881eed48e9cdb7452f482c8ae24f7ea49ba420497fa16f10e,160,a1e4b94e5be0a9552f952c6d8f0bda430f9bfdab3c397079192588f75a8aba46,d9c1d0f471fb97f0efab0c100463285cd55e4de7718f288f7be26835b3adb0fe,40,20,cooling_intensity_kWh_m2,median,17.410010975572451,17.26702580918149,1,0.0082128131103179555,0.02,True,False,0,2,False,False,0,False
BE_TABULA_14,TABULA_advanced_A_proxy,rcp_8_5,central,residential_energy_demand_gate5_v1,4b5b7791539478f9b2562d1b176e235ac7b641e1afdc40c3d5242661d9dbed3d,2ad0e9f7bbdfe12695c931891fd0e8132d060fd7bcbca23623db43d4c7393a5c,561839806dcdb8279ac4e42025bc5a82751f2588a2b2066fa84637918d8e4896,2851cf077281e480136cab6af02d4720b94564326517124af576ab8634ba52a3,2987a546cb3f48253dcdfdc400036a68d1977eddb1012f753e54eca010acedd8,ca544fcdf9d3c08881eed48e9cdb7452f482c8ae24f7ea49ba420497fa16f10e,160,a1e4b94e5be0a9552f952c6d8f0bda430f9bfdab3c397079192588f75a8aba46,d9c1d0f471fb97f0efab0c100463285cd55e4de7718f288f7be26835b3adb0fe,40,20,cooling_intensity_kWh_m2,p95,24.240287493399627,24.084175358912756,1,0.0064401931919899607,0.02,True,False,0,2,False,False,0,False
BE_TABULA_14,TABULA_advanced_A_proxy,rcp_8_5,central,residential_energy_demand_gate5_v1,4b5b7791539478f9b2562d1b176e235ac7b641e1afdc40c3d5242661d9dbed3d,2ad0e9f7bbdfe12695c931891fd0e8132d060fd7bcbca23623db43d4c7393a5c,561839806dcdb8279ac4e42025bc5a82751f2588a2b2066fa84637918d8e4896,2851cf077281e480136cab6af02d4720b94564326517124af576ab8634ba52a3,2987a546cb3f48253dcdfdc400036a68d1977eddb1012f753e54eca010acedd8,ca544fcdf9d3c08881eed48e9cdb7452f482c8ae24f7ea49ba420497fa16f10e,160,a1e4b94e5be0a9552f952c6d8f0bda430f9bfdab3c397079192588f75a8aba46,d9c1d0f471fb97f0efab0c100463285cd55e4de7718f288f7be26835b3adb0fe,40,20,peak_heating_W,mean,2388.7350417713824,2388.3576647179434,100,0.00015798196402692298,0.02,True,False,0,2,False,False,0,False
BE_TABULA_14,TABULA_advanced_A_proxy,rcp_8_5,central,residential_energy_demand_gate5_v1,4b5b7791539478f9b2562d1b176e235ac7b641e1afdc40c3d5242661d9dbed3d,2ad0e9f7bbdfe12695c931891fd0e8132d060fd7bcbca23623db43d4c7393a5c,561839806dcdb8279ac4e42025bc5a82751f2588a2b2066fa84637918d8e4896,2851cf077281e480136cab6af02d4720b94564326517124af576ab8634ba52a3,2987a546cb3f48253dcdfdc400036a68d1977eddb1012f753e54eca010acedd8,ca544fcdf9d3c08881eed48e9cdb7452f482c8ae24f7ea49ba420497fa16f10e,160,a1e4b94e5be0a9552f952c6d8f0bda430f9bfdab3c397079192588f75a8aba46,d9c1d0f471fb97f0efab0c100463285cd55e4de7718f288f7be26835b3adb0fe,40,20,peak_heating_W,median,2380.0773129529198,2379.43464110478,100,0.00027002141680114032,0.02,True,False,0,2,False,False,0,False
BE_TABULA_14,TABULA_advanced_A_proxy,rcp_8_5,central,residential_energy_demand_gate5_v1,4b5b7791539478f9b2562d1b176e235ac7b641e1afdc40c3d5242661d9dbed3d,2ad0e9f7bbdfe12695c931891fd0e8132d060fd7bcbca23623db43d4c7393a5c,561839806dcdb8279ac4e42025bc5a82751f2588a2b2066fa84637918d8e4896,2851cf077281e480136cab6af02d4720b94564326517124af576ab8634ba52a3,2987a546cb3f48253dcdfdc400036a68d1977eddb1012f753e54eca010acedd8,ca544fcdf9d3c08881eed48e9cdb7452f482c8ae24f7ea49ba420497fa16f10e,160,a1e4b94e5be0a9552f952c6d8f0bda430f9bfdab3c397079192588f75a8aba46,d9c1d0f471fb97f0efab0c100463285cd55e4de7718f288f7be26835b3adb0fe,40,20,peak_heating_W,p95,2797.6890219128918,2797.1284566755703,100,0.00020036724343945031,0.02,True,False,0,2,False,False,0,False
BE_TABULA_14,TABULA_advanced_A_proxy,rcp_8_5,central,residential_energy_demand_gate5_v1,4b5b7791539478f9b2562d1b176e235ac7b641e1afdc40c3d5242661d9dbed3d,2ad0e9f7bbdfe12695c931891fd0e8132d060fd7bcbca23623db43d4c7393a5c,561839806dcdb8279ac4e42025bc5a82751f2588a2b2066fa84637918d8e4896,2851cf077281e480136cab6af02d4720b94564326517124af576ab8634ba52a3,2987a546cb3f48253dcdfdc400036a68d1977eddb1012f753e54eca010acedd8,ca544fcdf9d3c08881eed48e9cdb7452f482c8ae24f7ea49ba420497fa16f10e,160,a1e4b94e5be0a9552f952c6d8f0bda430f9bfdab3c397079192588f75a8aba46,d9c1d0f471fb97f0efab0c100463285cd55e4de7718f288f7be26835b3adb0fe,40,20,peak_cooling_W,mean,3255.6786395171916,3256.2158272316833,100,0.00016500022697919865,0.02,True,False,0,2,False,False,0,False
BE_TABULA_14,TABULA_advanced_A_proxy,rcp_8_5,central,residential_energy_demand_gate5_v1,4b5b7791539478f9b2562d1b176e235ac7b641e1afdc40c3d5242661d9dbed3d,2ad0e9f7bbdfe12695c931891fd0e8132d060fd7bcbca23623db43d4c7393a5c,561839806dcdb8279ac4e42025bc5a82751f2588a2b2066fa84637918d8e4896,2851cf077281e480136cab6af02d4720b94564326517124af576ab8634ba52a3,2987a546cb3f48253dcdfdc400036a68d1977eddb1012f753e54eca010acedd8,ca544fcdf9d3c08881eed48e9cdb7452f482c8ae24f7ea49ba420497fa16f10e,160,a1e4b94e5be0a9552f952c6d8f0bda430f9bfdab3c397079192588f75a8aba46,d9c1d0f471fb97f0efab0c100463285cd55e4de7718f288f7be26835b3adb0fe,40,20,peak_cooling_W,median,3198.9447026959933,3186.9471875014556,100,0.0037504603266278842,0.02,True,False,0,2,False,False,0,False
BE_TABULA_14,TABULA_advanced_A_proxy,rcp_8_5,central,residential_energy_demand_gate5_v1,4b5b7791539478f9b2562d1b176e235ac7b641e1afdc40c3d5242661d9dbed3d,2ad0e9f7bbdfe12695c931891fd0e8132d060fd7bcbca23623db43d4c7393a5c,561839806dcdb8279ac4e42025bc5a82751f2588a2b2066fa84637918d8e4896,2851cf077281e480136cab6af02d4720b94564326517124af576ab8634ba52a3,2987a546cb3f48253dcdfdc400036a68d1977eddb1012f753e54eca010acedd8,ca544fcdf9d3c08881eed48e9cdb7452f482c8ae24f7ea49ba420497fa16f10e,160,a1e4b94e5be0a9552f952c6d8f0bda430f9bfdab3c397079192588f75a8aba46,d9c1d0f471fb97f0efab0c100463285cd55e4de7718f288f7be26835b3adb0fe,40,20,peak_cooling_W,p95,3868.3246923213933,3900.7406507727051,100,0.008379844255487991,0.02,True,False,0,2,False,False,0,False
BE_TABULA_14,TABULA_advanced_A_proxy,rcp_8_5,central,residential_energy_demand_gate5_v1,4b5b7791539478f9b2562d1b176e235ac7b641e1afdc40c3d5242661d9dbed3d,2ad0e9f7bbdfe12695c931891fd0e8132d060fd7bcbca23623db43d4c7393a5c,561839806dcdb8279ac4e42025bc5a82751f2588a2b2066fa84637918d8e4896,2851cf077281e480136cab6af02d4720b94564326517124af576ab8634ba52a3,2987a546cb3f48253dcdfdc400036a68d1977eddb1012f753e54eca010acedd8,ca544fcdf9d3c08881eed48e9cdb7452f482c8ae24f7ea49ba420497fa16f10e,160,a1e4b94e5be0a9552f952c6d8f0bda430f9bfdab3c397079192588f75a8aba46,68c77bb6c64b8d83360a050cd3cb41af044e4998f93c5776b9bf72e3b3a2d976,80,40,heating_intensity_kWh_m2,mean,3.6718090150837472,3.6829165016285232,1,0.0030250719738272283,0.02,True,True,1,2,False,True,1,False
BE_TABULA_14,TABULA_advanced_A_proxy,rcp_8_5,central,residential_energy_demand_gate5_v1,4b5b7791539478f9b2562d1b176e235ac7b641e1afdc40c3d5242661d9dbed3d,2ad0e9f7bbdfe12695c931891fd0e8132d060fd7bcbca23623db43d4c7393a5c,561839806dcdb8279ac4e42025bc5a82751f2588a2b2066fa84637918d8e4896,2851cf077281e480136cab6af02d4720b94564326517124af576ab8634ba52a3,2987a546cb3f48253dcdfdc400036a68d1977eddb1012f753e54eca010acedd8,ca544fcdf9d3c08881eed48e9cdb7452f482c8ae24f7ea49ba420497fa16f10e,160,a1e4b94e5be0a9552f952c6d8f0bda430f9bfdab3c397079192588f75a8aba46,68c77bb6c64b8d83360a050cd3cb41af044e4998f93c5776b9bf72e3b3a2d976,80,40,heating_intensity_kWh_m2,median,3.0317783309473523,3.0160834956786027,1,0.0051767753296941624,0.02,True,True,1,2,False,True,1,False
BE_TABULA_14,TABULA_advanced_A_proxy,rcp_8_5,central,residential_energy_demand_gate5_v1,4b5b7791539478f9b2562d1b176e235ac7b641e1afdc40c3d5242661d9dbed3d,2ad0e9f7bbdfe12695c931891fd0e8132d060fd7bcbca23623db43d4c7393a5c,561839806dcdb8279ac4e42025bc5a82751f2588a2b2066fa84637918d8e4896,2851cf077281e480136cab6af02d4720b94564326517124af576ab8634ba52a3,2987a546cb3f48253dcdfdc400036a68d1977eddb1012f753e54eca010acedd8,ca544fcdf9d3c08881eed48e9cdb7452f482c8ae24f7ea49ba420497fa16f10e,160,a1e4b94e5be0a9552f952c6d8f0bda430f9bfdab3c397079192588f75a8aba46,68c77bb6c64b8d83360a050cd3cb41af044e4998f93c5776b9bf72e3b3a2d976,80,40,heating_intensity_kWh_m2,p95,8.715620175825963,8.8160222841412264,1,0.011519789331084334,0.02,True,True,1,2,False,True,1,False
BE_TABULA_14,TABULA_advanced_A_proxy,rcp_8_5,central,residential_energy_demand_gate5_v1,4b5b7791539478f9b2562d1b176e235ac7b641e1afdc40c3d5242661d9dbed3d,2ad0e9f7bbdfe12695c931891fd0e8132d060fd7bcbca23623db43d4c7393a5c,561839806dcdb8279ac4e42025bc5a82751f2588a2b2066fa84637918d8e4896,2851cf077281e480136cab6af02d4720b94564326517124af576ab8634ba52a3,2987a546cb3f48253dcdfdc400036a68d1977eddb1012f753e54eca010acedd8,ca544fcdf9d3c08881eed48e9cdb7452f482c8ae24f7ea49ba420497fa16f10e,160,a1e4b94e5be0a9552f952c6d8f0bda430f9bfdab3c397079192588f75a8aba46,68c77bb6c64b8d83360a050cd3cb41af044e4998f93c5776b9bf72e3b3a2d976,80,40,cooling_intensity_kWh_m2,mean,18.139596175886911,18.194434278065906,1,0.0030231159308767293,0.02,True,True,1,2,False,True,1,False
BE_TABULA_14,TABULA_advanced_A_proxy,rcp_8_5,central,residential_energy_demand_gate5_v1,4b5b7791539478f9b2562d1b176e235ac7b641e1afdc40c3d5242661d9dbed3d,2ad0e9f7bbdfe12695c931891fd0e8132d060fd7bcbca23623db43d4c7393a5c,561839806dcdb8279ac4e42025bc5a82751f2588a2b2066fa84637918d8e4896,2851cf077281e480136cab6af02d4720b94564326517124af576ab8634ba52a3,2987a546cb3f48253dcdfdc400036a68d1977eddb1012f753e54eca010acedd8,ca544fcdf9d3c08881eed48e9cdb7452f482c8ae24f7ea49ba420497fa16f10e,160,a1e4b94e5be0a9552f952c6d8f0bda430f9bfdab3c397079192588f75a8aba46,68c77bb6c64b8d83360a050cd3cb41af044e4998f93c5776b9bf72e3b3a2d976,80,40,cooling_intensity_kWh_m2,median,17.288358038377687,17.410010975572451,1,0.0070366970029606922,0.02,True,True,1,2,False,True,1,False
BE_TABULA_14,TABULA_advanced_A_proxy,rcp_8_5,central,residential_energy_demand_gate5_v1,4b5b7791539478f9b2562d1b176e235ac7b641e1afdc40c3d5242661d9dbed3d,2ad0e9f7bbdfe12695c931891fd0e8132d060fd7bcbca23623db43d4c7393a5c,561839806dcdb8279ac4e42025bc5a82751f2588a2b2066fa84637918d8e4896,2851cf077281e480136cab6af02d4720b94564326517124af576ab8634ba52a3,2987a546cb3f48253dcdfdc400036a68d1977eddb1012f753e54eca010acedd8,ca544fcdf9d3c08881eed48e9cdb7452f482c8ae24f7ea49ba420497fa16f10e,160,a1e4b94e5be0a9552f952c6d8f0bda430f9bfdab3c397079192588f75a8aba46,68c77bb6c64b8d83360a050cd3cb41af044e4998f93c5776b9bf72e3b3a2d976,80,40,cooling_intensity_kWh_m2,p95,24.228387918210093,24.240287493399627,1,0.00049114184689898557,0.02,True,True,1,2,False,True,1,False
BE_TABULA_14,TABULA_advanced_A_proxy,rcp_8_5,central,residential_energy_demand_gate5_v1,4b5b7791539478f9b2562d1b176e235ac7b641e1afdc40c3d5242661d9dbed3d,2ad0e9f7bbdfe12695c931891fd0e8132d060fd7bcbca23623db43d4c7393a5c,561839806dcdb8279ac4e42025bc5a82751f2588a2b2066fa84637918d8e4896,2851cf077281e480136cab6af02d4720b94564326517124af576ab8634ba52a3,2987a546cb3f48253dcdfdc400036a68d1977eddb1012f753e54eca010acedd8,ca544fcdf9d3c08881eed48e9cdb7452f482c8ae24f7ea49ba420497fa16f10e,160,a1e4b94e5be0a9552f952c6d8f0bda430f9bfdab3c397079192588f75a8aba46,68c77bb6c64b8d83360a050cd3cb41af044e4998f93c5776b9bf72e3b3a2d976,80,40,peak_heating_W,mean,2394.1600951929777,2388.7350417713824,100,0.002265952653913069,0.02,True,True,1,2,False,True,1,False
BE_TABULA_14,TABULA_advanced_A_proxy,rcp_8_5,central,residential_energy_demand_gate5_v1,4b5b7791539478f9b2562d1b176e235ac7b641e1afdc40c3d5242661d9dbed3d,2ad0e9f7bbdfe12695c931891fd0e8132d060fd7bcbca23623db43d4c7393a5c,561839806dcdb8279ac4e42025bc5a82751f2588a2b2066fa84637918d8e4896,2851cf077281e480136cab6af02d4720b94564326517124af576ab8634ba52a3,2987a546cb3f48253dcdfdc400036a68d1977eddb1012f753e54eca010acedd8,ca544fcdf9d3c08881eed48e9cdb7452f482c8ae24f7ea49ba420497fa16f10e,160,a1e4b94e5be0a9552f952c6d8f0bda430f9bfdab3c397079192588f75a8aba46,68c77bb6c64b8d83360a050cd3cb41af044e4998f93c5776b9bf72e3b3a2d976,80,40,peak_heating_W,median,2382.3071717341913,2380.0773129529198,100,0.00093600808817963742,0.02,True,True,1,2,False,True,1,False
BE_TABULA_14,TABULA_advanced_A_proxy,rcp_8_5,central,residential_energy_demand_gate5_v1,4b5b7791539478f9b2562d1b176e235ac7b641e1afdc40c3d5242661d9dbed3d,2ad0e9f7bbdfe12695c931891fd0e8132d060fd7bcbca23623db43d4c7393a5c,561839806dcdb8279ac4e42025bc5a82751f2588a2b2066fa84637918d8e4896,2851cf077281e480136cab6af02d4720b94564326517124af576ab8634ba52a3,2987a546cb3f48253dcdfdc400036a68d1977eddb1012f753e54eca010acedd8,ca544fcdf9d3c08881eed48e9cdb7452f482c8ae24f7ea49ba420497fa16f10e,160,a1e4b94e5be0a9552f952c6d8f0bda430f9bfdab3c397079192588f75a8aba46,68c77bb6c64b8d83360a050cd3cb41af044e4998f93c5776b9bf72e3b3a2d976,80,40,peak_heating_W,p95,2798.4070713110818,2797.6890219128918,100,0.00025659218973228911,0.02,True,True,1,2,False,True,1,False
BE_TABULA_14,TABULA_advanced_A_proxy,rcp_8_5,central,residential_energy_demand_gate5_v1,4b5b7791539478f9b2562d1b176e235ac7b641e1afdc40c3d5242661d9dbed3d,2ad0e9f7bbdfe12695c931891fd0e8132d060fd7bcbca23623db43d4c7393a5c,561839806dcdb8279ac4e42025bc5a82751f2588a2b2066fa84637918d8e4896,2851cf077281e480136cab6af02d4720b94564326517124af576ab8634ba52a3,2987a546cb3f48253dcdfdc400036a68d1977eddb1012f753e54eca010acedd8,ca544fcdf9d3c08881eed48e9cdb7452f482c8ae24f7ea49ba420497fa16f10e,160,a1e4b94e5be0a9552f952c6d8f0bda430f9bfdab3c397079192588f75a8aba46,68c77bb6c64b8d83360a050cd3cb41af044e4998f93c5776b9bf72e3b3a2d976,80,40,peak_cooling_W,mean,3277.8353840250243,3255.6786395171916,100,0.006759565967167396,0.02,True,True,1,2,False,True,1,False
BE_TABULA_14,TABULA_advanced_A_proxy,rcp_8_5,central,residential_energy_demand_gate5_v1,4b5b7791539478f9b2562d1b176e235ac7b641e1afdc40c3d5242661d9dbed3d,2ad0e9f7bbdfe12695c931891fd0e8132d060fd7bcbca23623db43d4c7393a5c,561839806dcdb8279ac4e42025bc5a82751f2588a2b2066fa84637918d8e4896,2851cf077281e480136cab6af02d4720b94564326517124af576ab8634ba52a3,2987a546cb3f48253dcdfdc400036a68d1977eddb1012f753e54eca010acedd8,ca544fcdf9d3c08881eed48e9cdb7452f482c8ae24f7ea49ba420497fa16f10e,160,a1e4b94e5be0a9552f952c6d8f0bda430f9bfdab3c397079192588f75a8aba46,68c77bb6c64b8d83360a050cd3cb41af044e4998f93c5776b9bf72e3b3a2d976,80,40,peak_cooling_W,median,3231.2752541060208,3198.9447026959933,100,0.010005508310981766,0.02,True,True,1,2,False,True,1,False
BE_TABULA_14,TABULA_advanced_A_proxy,rcp_8_5,central,residential_energy_demand_gate5_v1,4b5b7791539478f9b2562d1b176e235ac7b641e1afdc40c3d5242661d9dbed3d,2ad0e9f7bbdfe12695c931891fd0e8132d060fd7bcbca23623db43d4c7393a5c,561839806dcdb8279ac4e42025bc5a82751f2588a2b2066fa84637918d8e4896,2851cf077281e480136cab6af02d4720b94564326517124af576ab8634ba52a3,2987a546cb3f48253dcdfdc400036a68d1977eddb1012f753e54eca010acedd8,ca544fcdf9d3c08881eed48e9cdb7452f482c8ae24f7ea49ba420497fa16f10e,160,a1e4b94e5be0a9552f952c6d8f0bda430f9bfdab3c397079192588f75a8aba46,68c77bb6c64b8d83360a050cd3cb41af044e4998f93c5776b9bf72e3b3a2d976,80,40,peak_cooling_W,p95,3890.4134214185219,3868.3246923213933,100,0.0056777331107074596,0.02,True,True,1,2,False,True,1,False
BE_TABULA_14,TABULA_advanced_A_proxy,rcp_8_5,central,residential_energy_demand_gate5_v1,4b5b7791539478f9b2562d1b176e235ac7b641e1afdc40c3d5242661d9dbed3d,2ad0e9f7bbdfe12695c931891fd0e8132d060fd7bcbca23623db43d4c7393a5c,561839806dcdb8279ac4e42025bc5a82751f2588a2b2066fa84637918d8e4896,2851cf077281e480136cab6af02d4720b94564326517124af576ab8634ba52a3,2987a546cb3f48253dcdfdc400036a68d1977eddb1012f753e54eca010acedd8,ca544fcdf9d3c08881eed48e9cdb7452f482c8ae24f7ea49ba420497fa16f10e,160,a1e4b94e5be0a9552f952c6d8f0bda430f9bfdab3c397079192588f75a8aba46,a1e4b94e5be0a9552f952c6d8f0bda430f9bfdab3c397079192588f75a8aba46,160,80,heating_intensity_kWh_m2,mean,3.70313623636362,3.6718090150837472,1,0.0084596459002100437,0.02,True,False,0,2,False,False,0,False
BE_TABULA_14,TABULA_advanced_A_proxy,rcp_8_5,central,residential_energy_demand_gate5_v1,4b5b7791539478f9b2562d1b176e235ac7b641e1afdc40c3d5242661d9dbed3d,2ad0e9f7bbdfe12695c931891fd0e8132d060fd7bcbca23623db43d4c7393a5c,561839806dcdb8279ac4e42025bc5a82751f2588a2b2066fa84637918d8e4896,2851cf077281e480136cab6af02d4720b94564326517124af576ab8634ba52a3,2987a546cb3f48253dcdfdc400036a68d1977eddb1012f753e54eca010acedd8,ca544fcdf9d3c08881eed48e9cdb7452f482c8ae24f7ea49ba420497fa16f10e,160,a1e4b94e5be0a9552f952c6d8f0bda430f9bfdab3c397079192588f75a8aba46,a1e4b94e5be0a9552f952c6d8f0bda430f9bfdab3c397079192588f75a8aba46,160,80,heating_intensity_kWh_m2,median,3.0376295774516624,3.0317783309473523,1,0.0019262541251717966,0.02,True,False,0,2,False,False,0,False
BE_TABULA_14,TABULA_advanced_A_proxy,rcp_8_5,central,residential_energy_demand_gate5_v1,4b5b7791539478f9b2562d1b176e235ac7b641e1afdc40c3d5242661d9dbed3d,2ad0e9f7bbdfe12695c931891fd0e8132d060fd7bcbca23623db43d4c7393a5c,561839806dcdb8279ac4e42025bc5a82751f2588a2b2066fa84637918d8e4896,2851cf077281e480136cab6af02d4720b94564326517124af576ab8634ba52a3,2987a546cb3f48253dcdfdc400036a68d1977eddb1012f753e54eca010acedd8,ca544fcdf9d3c08881eed48e9cdb7452f482c8ae24f7ea49ba420497fa16f10e,160,a1e4b94e5be0a9552f952c6d8f0bda430f9bfdab3c397079192588f75a8aba46,a1e4b94e5be0a9552f952c6d8f0bda430f9bfdab3c397079192588f75a8aba46,160,80,heating_intensity_kWh_m2,p95,8.9329888601363567,8.715620175825963,1,0.024333253708666965,0.02,False,False,0,2,False,False,0,False
BE_TABULA_14,TABULA_advanced_A_proxy,rcp_8_5,central,residential_energy_demand_gate5_v1,4b5b7791539478f9b2562d1b176e235ac7b641e1afdc40c3d5242661d9dbed3d,2ad0e9f7bbdfe12695c931891fd0e8132d060fd7bcbca23623db43d4c7393a5c,561839806dcdb8279ac4e42025bc5a82751f2588a2b2066fa84637918d8e4896,2851cf077281e480136cab6af02d4720b94564326517124af576ab8634ba52a3,2987a546cb3f48253dcdfdc400036a68d1977eddb1012f753e54eca010acedd8,ca544fcdf9d3c08881eed48e9cdb7452f482c8ae24f7ea49ba420497fa16f10e,160,a1e4b94e5be0a9552f952c6d8f0bda430f9bfdab3c397079192588f75a8aba46,a1e4b94e5be0a9552f952c6d8f0bda430f9bfdab3c397079192588f75a8aba46,160,80,cooling_intensity_kWh_m2,mean,18.103968351836404,18.139596175886911,1,0.0019679566025585611,0.02,True,False,0,2,False,False,0,False
BE_TABULA_14,TABULA_advanced_A_proxy,rcp_8_5,central,residential_energy_demand_gate5_v1,4b5b7791539478f9b2562d1b176e235ac7b641e1afdc40c3d5242661d9dbed3d,2ad0e9f7bbdfe12695c931891fd0e8132d060fd7bcbca23623db43d4c7393a5c,561839806dcdb8279ac4e42025bc5a82751f2588a2b2066fa84637918d8e4896,2851cf077281e480136cab6af02d4720b94564326517124af576ab8634ba52a3,2987a546cb3f48253dcdfdc400036a68d1977eddb1012f753e54eca010acedd8,ca544fcdf9d3c08881eed48e9cdb7452f482c8ae24f7ea49ba420497fa16f10e,160,a1e4b94e5be0a9552f952c6d8f0bda430f9bfdab3c397079192588f75a8aba46,a1e4b94e5be0a9552f952c6d8f0bda430f9bfdab3c397079192588f75a8aba46,160,80,cooling_intensity_kWh_m2,median,17.269023494403832,17.288358038377687,1,0.0011196084121444707,0.02,True,False,0,2,False,False,0,False
BE_TABULA_14,TABULA_advanced_A_proxy,rcp_8_5,central,residential_energy_demand_gate5_v1,4b5b7791539478f9b2562d1b176e235ac7b641e1afdc40c3d5242661d9dbed3d,2ad0e9f7bbdfe12695c931891fd0e8132d060fd7bcbca23623db43d4c7393a5c,561839806dcdb8279ac4e42025bc5a82751f2588a2b2066fa84637918d8e4896,2851cf077281e480136cab6af02d4720b94564326517124af576ab8634ba52a3,2987a546cb3f48253dcdfdc400036a68d1977eddb1012f753e54eca010acedd8,ca544fcdf9d3c08881eed48e9cdb7452f482c8ae24f7ea49ba420497fa16f10e,160,a1e4b94e5be0a9552f952c6d8f0bda430f9bfdab3c397079192588f75a8aba46,a1e4b94e5be0a9552f952c6d8f0bda430f9bfdab3c397079192588f75a8aba46,160,80,cooling_intensity_kWh_m2,p95,24.172367261100707,24.228387918210093,1,0.0023175494772304235,0.02,True,False,0,2,False,False,0,False
BE_TABULA_14,TABULA_advanced_A_proxy,rcp_8_5,central,residential_energy_demand_gate5_v1,4b5b7791539478f9b2562d1b176e235ac7b641e1afdc40c3d5242661d9dbed3d,2ad0e9f7bbdfe12695c931891fd0e8132d060fd7bcbca23623db43d4c7393a5c,561839806dcdb8279ac4e42025bc5a82751f2588a2b2066fa84637918d8e4896,2851cf077281e480136cab6af02d4720b94564326517124af576ab8634ba52a3,2987a546cb3f48253dcdfdc400036a68d1977eddb1012f753e54eca010acedd8,ca544fcdf9d3c08881eed48e9cdb7452f482c8ae24f7ea49ba420497fa16f10e,160,a1e4b94e5be0a9552f952c6d8f0bda430f9bfdab3c397079192588f75a8aba46,a1e4b94e5be0a9552f952c6d8f0bda430f9bfdab3c397079192588f75a8aba46,160,80,peak_heating_W,mean,2394.8629762791952,2394.1600951929777,100,0.00029349532444213961,0.02,True,False,0,2,False,False,0,False
BE_TABULA_14,TABULA_advanced_A_proxy,rcp_8_5,central,residential_energy_demand_gate5_v1,4b5b7791539478f9b2562d1b176e235ac7b641e1afdc40c3d5242661d9dbed3d,2ad0e9f7bbdfe12695c931891fd0e8132d060fd7bcbca23623db43d4c7393a5c,561839806dcdb8279ac4e42025bc5a82751f2588a2b2066fa84637918d8e4896,2851cf077281e480136cab6af02d4720b94564326517124af576ab8634ba52a3,2987a546cb3f48253dcdfdc400036a68d1977eddb1012f753e54eca010acedd8,ca544fcdf9d3c08881eed48e9cdb7452f482c8ae24f7ea49ba420497fa16f10e,160,a1e4b94e5be0a9552f952c6d8f0bda430f9bfdab3c397079192588f75a8aba46,a1e4b94e5be0a9552f952c6d8f0bda430f9bfdab3c397079192588f75a8aba46,160,80,peak_heating_W,median,2382.0668194520777,2382.3071717341913,100,0.00010090073047110243,0.02,True,False,0,2,False,False,0,False
BE_TABULA_14,TABULA_advanced_A_proxy,rcp_8_5,central,residential_energy_demand_gate5_v1,4b5b7791539478f9b2562d1b176e235ac7b641e1afdc40c3d5242661d9dbed3d,2ad0e9f7bbdfe12695c931891fd0e8132d060fd7bcbca23623db43d4c7393a5c,561839806dcdb8279ac4e42025bc5a82751f2588a2b2066fa84637918d8e4896,2851cf077281e480136cab6af02d4720b94564326517124af576ab8634ba52a3,2987a546cb3f48253dcdfdc400036a68d1977eddb1012f753e54eca010acedd8,ca544fcdf9d3c08881eed48e9cdb7452f482c8ae24f7ea49ba420497fa16f10e,160,a1e4b94e5be0a9552f952c6d8f0bda430f9bfdab3c397079192588f75a8aba46,a1e4b94e5be0a9552f952c6d8f0bda430f9bfdab3c397079192588f75a8aba46,160,80,peak_heating_W,p95,2794.8749364177356,2798.4070713110818,100,0.00126378996330814,0.02,True,False,0,2,False,False,0,False
BE_TABULA_14,TABULA_advanced_A_proxy,rcp_8_5,central,residential_energy_demand_gate5_v1,4b5b7791539478f9b2562d1b176e235ac7b641e1afdc40c3d5242661d9dbed3d,2ad0e9f7bbdfe12695c931891fd0e8132d060fd7bcbca23623db43d4c7393a5c,561839806dcdb8279ac4e42025bc5a82751f2588a2b2066fa84637918d8e4896,2851cf077281e480136cab6af02d4720b94564326517124af576ab8634ba52a3,2987a546cb3f48253dcdfdc400036a68d1977eddb1012f753e54eca010acedd8,ca544fcdf9d3c08881eed48e9cdb7452f482c8ae24f7ea49ba420497fa16f10e,160,a1e4b94e5be0a9552f952c6d8f0bda430f9bfdab3c397079192588f75a8aba46,a1e4b94e5be0a9552f952c6d8f0bda430f9bfdab3c397079192588f75a8aba46,160,80,peak_cooling_W,mean,3270.8434706161984,3277.8353840250243,100,0.0021376484297209977,0.02,True,False,0,2,False,False,0,False
BE_TABULA_14,TABULA_advanced_A_proxy,rcp_8_5,central,residential_energy_demand_gate5_v1,4b5b7791539478f9b2562d1b176e235ac7b641e1afdc40c3d5242661d9dbed3d,2ad0e9f7bbdfe12695c931891fd0e8132d060fd7bcbca23623db43d4c7393a5c,561839806dcdb8279ac4e42025bc5a82751f2588a2b2066fa84637918d8e4896,2851cf077281e480136cab6af02d4720b94564326517124af576ab8634ba52a3,2987a546cb3f48253dcdfdc400036a68d1977eddb1012f753e54eca010acedd8,ca544fcdf9d3c08881eed48e9cdb7452f482c8ae24f7ea49ba420497fa16f10e,160,a1e4b94e5be0a9552f952c6d8f0bda430f9bfdab3c397079192588f75a8aba46,a1e4b94e5be0a9552f952c6d8f0bda430f9bfdab3c397079192588f75a8aba46,160,80,peak_cooling_W,median,3232.0125768747894,3231.2752541060208,100,0.00022813115705183724,0.02,True,False,0,2,False,False,0,False
BE_TABULA_14,TABULA_advanced_A_proxy,rcp_8_5,central,residential_energy_demand_gate5_v1,4b5b7791539478f9b2562d1b176e235ac7b641e1afdc40c3d5242661d9dbed3d,2ad0e9f7bbdfe12695c931891fd0e8132d060fd7bcbca23623db43d4c7393a5c,561839806dcdb8279ac4e42025bc5a82751f2588a2b2066fa84637918d8e4896,2851cf077281e480136cab6af02d4720b94564326517124af576ab8634ba52a3,2987a546cb3f48253dcdfdc400036a68d1977eddb1012f753e54eca010acedd8,ca544fcdf9d3c08881eed48e9cdb7452f482c8ae24f7ea49ba420497fa16f10e,160,a1e4b94e5be0a9552f952c6d8f0bda430f9bfdab3c397079192588f75a8aba46,a1e4b94e5be0a9552f952c6d8f0bda430f9bfdab3c397079192588f75a8aba46,160,80,peak_cooling_W,p95,3863.6344839263247,3890.4134214185219,100,0.0069310224876613473,0.02,True,False,0,2,False,False,0,False
