scenario,base_year,target_year,ARR,ARR_percent_per_year,shallow_share,medium_share,advanced_share,region,archetype_id,dwelling_type,construction_period,state_id,renovation_state,regional_modelled_stock_dwellings,regional_number_of_dwellings,stock_geometry_mapping_assumption,regional_state_share_2025,regional_state_share_2025_lower,regional_state_share_2025_upper,initial_state_dwellings_2025,initial_state_dwellings_2025_lower,initial_state_dwellings_2025_upper,state_outflow_to_standard_2025_2050,state_outflow_to_advanced_2025_2050,state_inflow_from_medium_2025_2050,state_inflow_from_advanced_2025_2050,state_dwellings,state_dwellings_2050,state_share_within_region_2050,advanced_fraction_within_archetype_2025,advanced_fraction_within_archetype_2050,annual_total_renovation_activity_dwellings,annual_shallow_activity_dwellings,annual_medium_renovations_dwellings,annual_advanced_renovations_dwellings,nominal_renovations_to_2050_dwellings,tracked_shallow_activity_to_2050_dwellings,applied_physical_renovations_to_2050_dwellings,unused_medium_quota_to_2050_dwellings,unused_advanced_quota_to_2050_dwellings,priority_metric,U_facade_W_m2K,U_roof_W_m2K,U_floor_W_m2K,U_window_W_m2K,U_door_W_m2K,v50_m3_h_m2,q50_m3_h,n50_h_1,infiltration_n_factor,infiltration_airflow_normal_m3_h,infiltration_ach_normal_h_1,transmission_heat_loss_H_tr_W_K,infiltration_heat_loss_H_inf_W_K,specific_heat_loss_z_W_m2K,ventilation_system,hrv_eta,summer_bypass,target_label_2050,target_energy_score_2050_kWh_m2_year,policy_source,policy_status,current_policy_context_url,current_policy_context_locator,state_evidence_source_url,state_physical_source_url,state_allocation_assumption,ARR_evidence_classification,ARR_source_url,ARR_source_locator,ARR_caveat
central,2025,2050,0.028,2.8,0.4,0.5,0.1,Flemish Region,BE_TABULA_01,Detached house,pre-1946,TABULA_existing,TABULA_existing,3244134,107640.89785,R1-R3 building-age profiles are applied to the matching dwelling totals; each resulting house-category dwelling retains its whole-house TABULA geometry; national absolute heat-demand and capacity results are conditional on this mapping,0.69,0.68,0.7,74272.2195165,73195.810538,75348.628495,65188.6443165,9083.575200000001,0,0,0,0,0,0.09,0.174387768789,90835.75200000001,36334.300800000005,45417.876000000004,9083.575200000001,2270893.8000000003,908357.5200000001,1362536.2800000003,0,0,specific_heat_loss_z_W_m2K_descending_current_state,2.2,1.7,0.85,5,4,18,10785.6,14.0804177546,20,539.28,0.704020887728,1190.195,180.6588,4.91345448029,existing_unspecified,,,label A / 100 kWh/m2.year,100,https://www.vlaanderen.be/veka/energie-en-klimaatbeleid/vlaamse-langetermijnrenovatiestrategie-voor-gebouwen-2050,current regional long-term target,https://energy.ec.europa.eu/topics/energy-efficiency/energy-performance-buildings/national-building-renovation-plans_en,National Building Renovation Plans page; no Flemish draft listed at verification date,https://publicaties.vlaanderen.be/view-file/70827,https://episcope.eu/fileadmin/tabula/public/docs/scientific/BE_TABULA_ScientificReport_VITO.pdf,"independence/null assumption: P(state | region, archetype) = P(state | region)",official national pathway calibration with post-2025 extrapolation,https://climat.be/doc/climate-neutral-belgium-by-2050-report.pdf,Scenarios for a Climate Neutral Belgium by 2050; Appendix 1 Table 1; PDF and printed page 49; CORE-95 Behaviour and Technology residential renovation settings,The report specifies 2.8% per year and a 40% shallow 50% medium 10% deep distribution by 2025. The model applies these values from 2026 through 2050 to the fixed 2025 R1-R4 dwelling stock.
central,2025,2050,0.028,2.8,0.4,0.5,0.1,Flemish Region,BE_TABULA_01,Detached house,pre-1946,TABULA_standard_B_proxy,TABULA_standard_B_proxy,3244134,107640.89785,R1-R3 building-age profiles are applied to the matching dwelling totals; each resulting house-category dwelling retains its whole-house TABULA geometry; national absolute heat-demand and capacity results are conditional on this mapping,0.22,0.215,0.225,23680.997527,23142.7930378,24219.2020163,0,0,65188.6443165,0,88869.6418435,88869.6418435,0.027393949154,0.09,0.174387768789,90835.75200000001,36334.300800000005,45417.876000000004,9083.575200000001,2270893.8000000003,908357.5200000001,1362536.2800000003,0,0,specific_heat_loss_z_W_m2K_descending_current_state,0.4,0.3,0.4,2,2.9,6,3595.2,4.69347258486,20,179.76,0.234673629243,313.51,60.2196,1.33953261649,exhaust_air_ventilation,0,False,label A / 100 kWh/m2.year,100,https://www.vlaanderen.be/veka/energie-en-klimaatbeleid/vlaamse-langetermijnrenovatiestrategie-voor-gebouwen-2050,current regional long-term target,https://energy.ec.europa.eu/topics/energy-efficiency/energy-performance-buildings/national-building-renovation-plans_en,National Building Renovation Plans page; no Flemish draft listed at verification date,https://publicaties.vlaanderen.be/view-file/70827,https://episcope.eu/fileadmin/tabula/public/docs/scientific/BE_TABULA_ScientificReport_VITO.pdf,"independence/null assumption: P(state | region, archetype) = P(state | region)",official national pathway calibration with post-2025 extrapolation,https://climat.be/doc/climate-neutral-belgium-by-2050-report.pdf,Scenarios for a Climate Neutral Belgium by 2050; Appendix 1 Table 1; PDF and printed page 49; CORE-95 Behaviour and Technology residential renovation settings,The report specifies 2.8% per year and a 40% shallow 50% medium 10% deep distribution by 2025. The model applies these values from 2026 through 2050 to the fixed 2025 R1-R4 dwelling stock.
central,2025,2050,0.028,2.8,0.4,0.5,0.1,Flemish Region,BE_TABULA_01,Detached house,pre-1946,TABULA_advanced_A_proxy,TABULA_advanced_A_proxy,3244134,107640.89785,R1-R3 building-age profiles are applied to the matching dwelling totals; each resulting house-category dwelling retains its whole-house TABULA geometry; national absolute heat-demand and capacity results are conditional on this mapping,0.09,0.085,0.095,9687.6808065,9149.47631725,10225.8852958,0,0,0,9083.575200000001,18771.2560065,18771.2560065,0.005786214751,0.09,0.174387768789,90835.75200000001,36334.300800000005,45417.876000000004,9083.575200000001,2270893.8000000003,908357.5200000001,1362536.2800000003,0,0,specific_heat_loss_z_W_m2K_descending_current_state,0.25,0.15,0.25,1.6,1.6,2.5,1498,1.95561357702,20,74.9,0.097780678851,202.405,25.0915,0.815399641577,balanced_mechanical_HRV,0.8,True,label A / 100 kWh/m2.year,100,https://www.vlaanderen.be/veka/energie-en-klimaatbeleid/vlaamse-langetermijnrenovatiestrategie-voor-gebouwen-2050,current regional long-term target,https://energy.ec.europa.eu/topics/energy-efficiency/energy-performance-buildings/national-building-renovation-plans_en,National Building Renovation Plans page; no Flemish draft listed at verification date,https://publicaties.vlaanderen.be/view-file/70827,https://episcope.eu/fileadmin/tabula/public/docs/scientific/BE_TABULA_ScientificReport_VITO.pdf,"independence/null assumption: P(state | region, archetype) = P(state | region)",official national pathway calibration with post-2025 extrapolation,https://climat.be/doc/climate-neutral-belgium-by-2050-report.pdf,Scenarios for a Climate Neutral Belgium by 2050; Appendix 1 Table 1; PDF and printed page 49; CORE-95 Behaviour and Technology residential renovation settings,The report specifies 2.8% per year and a 40% shallow 50% medium 10% deep distribution by 2025. The model applies these values from 2026 through 2050 to the fixed 2025 R1-R4 dwelling stock.
central,2025,2050,0.028,2.8,0.4,0.5,0.1,Flemish Region,BE_TABULA_02,Semi-detached house,pre-1946,TABULA_existing,TABULA_existing,3244134,136409.019717,R1-R3 building-age profiles are applied to the matching dwelling totals; each resulting house-category dwelling retains its whole-house TABULA geometry; national absolute heat-demand and capacity results are conditional on this mapping,0.69,0.68,0.7,94122.2236047,92758.1334076,95486.3138019,85038.64840470001,9083.575200000001,0,0,0,0,0,0.09,0.156590722658,90835.75200000001,36334.300800000005,45417.876000000004,9083.575200000001,2270893.8000000003,908357.5200000001,1362536.2800000003,0,0,specific_heat_loss_z_W_m2K_descending_current_state,2.2,1.7,0.85,5,4,18,8047.8,12.347038969,20,402.39,0.61735194845,885.835,134.80065,4.30647953586,existing_unspecified,,,label A / 100 kWh/m2.year,100,https://www.vlaanderen.be/veka/energie-en-klimaatbeleid/vlaamse-langetermijnrenovatiestrategie-voor-gebouwen-2050,current regional long-term target,https://energy.ec.europa.eu/topics/energy-efficiency/energy-performance-buildings/national-building-renovation-plans_en,National Building Renovation Plans page; no Flemish draft listed at verification date,https://publicaties.vlaanderen.be/view-file/70827,https://episcope.eu/fileadmin/tabula/public/docs/scientific/BE_TABULA_ScientificReport_VITO.pdf,"independence/null assumption: P(state | region, archetype) = P(state | region)",official national pathway calibration with post-2025 extrapolation,https://climat.be/doc/climate-neutral-belgium-by-2050-report.pdf,Scenarios for a Climate Neutral Belgium by 2050; Appendix 1 Table 1; PDF and printed page 49; CORE-95 Behaviour and Technology residential renovation settings,The report specifies 2.8% per year and a 40% shallow 50% medium 10% deep distribution by 2025. The model applies these values from 2026 through 2050 to the fixed 2025 R1-R4 dwelling stock.
central,2025,2050,0.028,2.8,0.4,0.5,0.1,Flemish Region,BE_TABULA_02,Semi-detached house,pre-1946,TABULA_standard_B_proxy,TABULA_standard_B_proxy,3244134,136409.019717,R1-R3 building-age profiles are applied to the matching dwelling totals; each resulting house-category dwelling retains its whole-house TABULA geometry; national absolute heat-demand and capacity results are conditional on this mapping,0.22,0.215,0.225,30009.9843377,29327.9392392,30692.0294363,0,0,85038.64840470001,0,115048.63274239999,115048.63274239999,0.035463588354,0.09,0.156590722658,90835.75200000001,36334.300800000005,45417.876000000004,9083.575200000001,2270893.8000000003,908357.5200000001,1362536.2800000003,0,0,specific_heat_loss_z_W_m2K_descending_current_state,0.4,0.3,0.4,2,2.9,6,2682.6,4.11567965634,20,134.13,0.205783982817,238.28,44.93355,1.19499388186,exhaust_air_ventilation,0,False,label A / 100 kWh/m2.year,100,https://www.vlaanderen.be/veka/energie-en-klimaatbeleid/vlaamse-langetermijnrenovatiestrategie-voor-gebouwen-2050,current regional long-term target,https://energy.ec.europa.eu/topics/energy-efficiency/energy-performance-buildings/national-building-renovation-plans_en,National Building Renovation Plans page; no Flemish draft listed at verification date,https://publicaties.vlaanderen.be/view-file/70827,https://episcope.eu/fileadmin/tabula/public/docs/scientific/BE_TABULA_ScientificReport_VITO.pdf,"independence/null assumption: P(state | region, archetype) = P(state | region)",official national pathway calibration with post-2025 extrapolation,https://climat.be/doc/climate-neutral-belgium-by-2050-report.pdf,Scenarios for a Climate Neutral Belgium by 2050; Appendix 1 Table 1; PDF and printed page 49; CORE-95 Behaviour and Technology residential renovation settings,The report specifies 2.8% per year and a 40% shallow 50% medium 10% deep distribution by 2025. The model applies these values from 2026 through 2050 to the fixed 2025 R1-R4 dwelling stock.
central,2025,2050,0.028,2.8,0.4,0.5,0.1,Flemish Region,BE_TABULA_02,Semi-detached house,pre-1946,TABULA_advanced_A_proxy,TABULA_advanced_A_proxy,3244134,136409.019717,R1-R3 building-age profiles are applied to the matching dwelling totals; each resulting house-category dwelling retains its whole-house TABULA geometry; national absolute heat-demand and capacity results are conditional on this mapping,0.09,0.085,0.095,12276.8117745,11594.7666759,12958.8568731,0,0,0,9083.575200000001,21360.3869745,21360.3869745,0.006584310936,0.09,0.156590722658,90835.75200000001,36334.300800000005,45417.876000000004,9083.575200000001,2270893.8000000003,908357.5200000001,1362536.2800000003,0,0,specific_heat_loss_z_W_m2K_descending_current_state,0.25,0.15,0.25,1.6,1.6,2.5,1117.75,1.71486652347,20,55.8875,0.085743326174,152.84,18.7223125,0.723891613924,balanced_mechanical_HRV,0.8,True,label A / 100 kWh/m2.year,100,https://www.vlaanderen.be/veka/energie-en-klimaatbeleid/vlaamse-langetermijnrenovatiestrategie-voor-gebouwen-2050,current regional long-term target,https://energy.ec.europa.eu/topics/energy-efficiency/energy-performance-buildings/national-building-renovation-plans_en,National Building Renovation Plans page; no Flemish draft listed at verification date,https://publicaties.vlaanderen.be/view-file/70827,https://episcope.eu/fileadmin/tabula/public/docs/scientific/BE_TABULA_ScientificReport_VITO.pdf,"independence/null assumption: P(state | region, archetype) = P(state | region)",official national pathway calibration with post-2025 extrapolation,https://climat.be/doc/climate-neutral-belgium-by-2050-report.pdf,Scenarios for a Climate Neutral Belgium by 2050; Appendix 1 Table 1; PDF and printed page 49; CORE-95 Behaviour and Technology residential renovation settings,The report specifies 2.8% per year and a 40% shallow 50% medium 10% deep distribution by 2025. The model applies these values from 2026 through 2050 to the fixed 2025 R1-R4 dwelling stock.
central,2025,2050,0.028,2.8,0.4,0.5,0.1,Flemish Region,BE_TABULA_03,Terraced house,pre-1946,TABULA_existing,TABULA_existing,3244134,370184.618778,R1-R3 building-age profiles are applied to the matching dwelling totals; each resulting house-category dwelling retains its whole-house TABULA geometry; national absolute heat-demand and capacity results are conditional on this mapping,0.69,0.68,0.7,255427.386957,251725.540769,259129.233145,211360.47357980005,44066.91337719996,0,0,0,0,0,0.09,0.209040368351,90835.75200000001,36334.300800000005,45417.876000000004,9083.575200000001,2270893.8000000003,908357.5200000001,1362536.2800000003,0,0,specific_heat_loss_z_W_m2K_descending_current_state,2.2,1.7,0.85,5,4,14.9,4812.7,7.74617737003,20,240.635,0.387308868502,668.705,80.612725,3.31703286853,existing_unspecified,,,label A / 100 kWh/m2.year,100,https://www.vlaanderen.be/veka/energie-en-klimaatbeleid/vlaamse-langetermijnrenovatiestrategie-voor-gebouwen-2050,current regional long-term target,https://energy.ec.europa.eu/topics/energy-efficiency/energy-performance-buildings/national-building-renovation-plans_en,National Building Renovation Plans page; no Flemish draft listed at verification date,https://publicaties.vlaanderen.be/view-file/70827,https://episcope.eu/fileadmin/tabula/public/docs/scientific/BE_TABULA_ScientificReport_VITO.pdf,"independence/null assumption: P(state | region, archetype) = P(state | region)",official national pathway calibration with post-2025 extrapolation,https://climat.be/doc/climate-neutral-belgium-by-2050-report.pdf,Scenarios for a Climate Neutral Belgium by 2050; Appendix 1 Table 1; PDF and printed page 49; CORE-95 Behaviour and Technology residential renovation settings,The report specifies 2.8% per year and a 40% shallow 50% medium 10% deep distribution by 2025. The model applies these values from 2026 through 2050 to the fixed 2025 R1-R4 dwelling stock.
central,2025,2050,0.028,2.8,0.4,0.5,0.1,Flemish Region,BE_TABULA_03,Terraced house,pre-1946,TABULA_standard_B_proxy,TABULA_standard_B_proxy,3244134,370184.618778,R1-R3 building-age profiles are applied to the matching dwelling totals; each resulting house-category dwelling retains its whole-house TABULA geometry; national absolute heat-demand and capacity results are conditional on this mapping,0.22,0.215,0.225,81440.6161312,79589.6930373,83291.5392251,0,0,211360.47357980005,0,292801.089711,292801.089711,0.090255547308,0.09,0.209040368351,90835.75200000001,36334.300800000005,45417.876000000004,9083.575200000001,2270893.8000000003,908357.5200000001,1362536.2800000003,0,0,specific_heat_loss_z_W_m2K_descending_current_state,0.4,0.3,0.4,2,2.9,6,1938,3.11926605505,20,96.9,0.155963302752,194.35,32.4615,1.00403497123,exhaust_air_ventilation,0,False,label A / 100 kWh/m2.year,100,https://www.vlaanderen.be/veka/energie-en-klimaatbeleid/vlaamse-langetermijnrenovatiestrategie-voor-gebouwen-2050,current regional long-term target,https://energy.ec.europa.eu/topics/energy-efficiency/energy-performance-buildings/national-building-renovation-plans_en,National Building Renovation Plans page; no Flemish draft listed at verification date,https://publicaties.vlaanderen.be/view-file/70827,https://episcope.eu/fileadmin/tabula/public/docs/scientific/BE_TABULA_ScientificReport_VITO.pdf,"independence/null assumption: P(state | region, archetype) = P(state | region)",official national pathway calibration with post-2025 extrapolation,https://climat.be/doc/climate-neutral-belgium-by-2050-report.pdf,Scenarios for a Climate Neutral Belgium by 2050; Appendix 1 Table 1; PDF and printed page 49; CORE-95 Behaviour and Technology residential renovation settings,The report specifies 2.8% per year and a 40% shallow 50% medium 10% deep distribution by 2025. The model applies these values from 2026 through 2050 to the fixed 2025 R1-R4 dwelling stock.
central,2025,2050,0.028,2.8,0.4,0.5,0.1,Flemish Region,BE_TABULA_03,Terraced house,pre-1946,TABULA_advanced_A_proxy,TABULA_advanced_A_proxy,3244134,370184.618778,R1-R3 building-age profiles are applied to the matching dwelling totals; each resulting house-category dwelling retains its whole-house TABULA geometry; national absolute heat-demand and capacity results are conditional on this mapping,0.09,0.085,0.095,33316.6156901,31465.6925962,35167.5387839,0,0,0,44066.91337719996,77383.52906729997,77383.52906729997,0.023853370134,0.09,0.209040368351,90835.75200000001,36334.300800000005,45417.876000000004,9083.575200000001,2270893.8000000003,908357.5200000001,1362536.2800000003,0,0,specific_heat_loss_z_W_m2K_descending_current_state,0.25,0.15,0.25,1.6,1.6,2.5,807.5,1.2996941896,20,40.375,0.06498470948,127.1,13.525625,0.62251272687,balanced_mechanical_HRV,0.8,True,label A / 100 kWh/m2.year,100,https://www.vlaanderen.be/veka/energie-en-klimaatbeleid/vlaamse-langetermijnrenovatiestrategie-voor-gebouwen-2050,current regional long-term target,https://energy.ec.europa.eu/topics/energy-efficiency/energy-performance-buildings/national-building-renovation-plans_en,National Building Renovation Plans page; no Flemish draft listed at verification date,https://publicaties.vlaanderen.be/view-file/70827,https://episcope.eu/fileadmin/tabula/public/docs/scientific/BE_TABULA_ScientificReport_VITO.pdf,"independence/null assumption: P(state | region, archetype) = P(state | region)",official national pathway calibration with post-2025 extrapolation,https://climat.be/doc/climate-neutral-belgium-by-2050-report.pdf,Scenarios for a Climate Neutral Belgium by 2050; Appendix 1 Table 1; PDF and printed page 49; CORE-95 Behaviour and Technology residential renovation settings,The report specifies 2.8% per year and a 40% shallow 50% medium 10% deep distribution by 2025. The model applies these values from 2026 through 2050 to the fixed 2025 R1-R4 dwelling stock.
central,2025,2050,0.028,2.8,0.4,0.5,0.1,Flemish Region,BE_TABULA_04,"Apartment, enclosed",pre-1946,TABULA_existing,TABULA_existing,3244134,78021.9490881,R1-R3 building-age profiles are applied to the matching dwelling totals; each resulting house-category dwelling retains its whole-house TABULA geometry; national absolute heat-demand and capacity results are conditional on this mapping,0.69,0.68,0.7,53835.1448708,53054.9253799,54615.3643617,0,0,0,0,53835.1448708,53835.1448708,0.016594611958,0.09,0.09,90835.75200000001,36334.300800000005,45417.876000000004,9083.575200000001,2270893.8000000003,908357.5200000001,1362536.2800000003,0,0,specific_heat_loss_z_W_m2K_descending_current_state,2.2,1.7,0.85,5,4,14.9,667.52,2.08404620668,20,33.376,0.104202310334,173.38,11.18096,1.84376583417,existing_unspecified,,,label A / 100 kWh/m2.year,100,https://www.vlaanderen.be/veka/energie-en-klimaatbeleid/vlaamse-langetermijnrenovatiestrategie-voor-gebouwen-2050,current regional long-term target,https://energy.ec.europa.eu/topics/energy-efficiency/energy-performance-buildings/national-building-renovation-plans_en,National Building Renovation Plans page; no Flemish draft listed at verification date,https://publicaties.vlaanderen.be/view-file/70827,https://episcope.eu/fileadmin/tabula/public/docs/scientific/BE_TABULA_ScientificReport_VITO.pdf,"independence/null assumption: P(state | region, archetype) = P(state | region)",official national pathway calibration with post-2025 extrapolation,https://climat.be/doc/climate-neutral-belgium-by-2050-report.pdf,Scenarios for a Climate Neutral Belgium by 2050; Appendix 1 Table 1; PDF and printed page 49; CORE-95 Behaviour and Technology residential renovation settings,The report specifies 2.8% per year and a 40% shallow 50% medium 10% deep distribution by 2025. The model applies these values from 2026 through 2050 to the fixed 2025 R1-R4 dwelling stock.
central,2025,2050,0.028,2.8,0.4,0.5,0.1,Flemish Region,BE_TABULA_04,"Apartment, enclosed",pre-1946,TABULA_standard_B_proxy,TABULA_standard_B_proxy,3244134,78021.9490881,R1-R3 building-age profiles are applied to the matching dwelling totals; each resulting house-category dwelling retains its whole-house TABULA geometry; national absolute heat-demand and capacity results are conditional on this mapping,0.22,0.215,0.225,17164.8287994,16774.7190539,17554.9385448,0,0,0,0,17164.8287994,17164.8287994,0.005291035697,0.09,0.09,90835.75200000001,36334.300800000005,45417.876000000004,9083.575200000001,2270893.8000000003,908357.5200000001,1362536.2800000003,0,0,specific_heat_loss_z_W_m2K_descending_current_state,0.4,0.3,0.4,2,2.9,6,268.8,0.83921323759,20,13.44,0.04196066188,60.76,4.5024,0.651972027972,exhaust_air_ventilation,0,False,label A / 100 kWh/m2.year,100,https://www.vlaanderen.be/veka/energie-en-klimaatbeleid/vlaamse-langetermijnrenovatiestrategie-voor-gebouwen-2050,current regional long-term target,https://energy.ec.europa.eu/topics/energy-efficiency/energy-performance-buildings/national-building-renovation-plans_en,National Building Renovation Plans page; no Flemish draft listed at verification date,https://publicaties.vlaanderen.be/view-file/70827,https://episcope.eu/fileadmin/tabula/public/docs/scientific/BE_TABULA_ScientificReport_VITO.pdf,"independence/null assumption: P(state | region, archetype) = P(state | region)",official national pathway calibration with post-2025 extrapolation,https://climat.be/doc/climate-neutral-belgium-by-2050-report.pdf,Scenarios for a Climate Neutral Belgium by 2050; Appendix 1 Table 1; PDF and printed page 49; CORE-95 Behaviour and Technology residential renovation settings,The report specifies 2.8% per year and a 40% shallow 50% medium 10% deep distribution by 2025. The model applies these values from 2026 through 2050 to the fixed 2025 R1-R4 dwelling stock.
central,2025,2050,0.028,2.8,0.4,0.5,0.1,Flemish Region,BE_TABULA_04,"Apartment, enclosed",pre-1946,TABULA_advanced_A_proxy,TABULA_advanced_A_proxy,3244134,78021.9490881,R1-R3 building-age profiles are applied to the matching dwelling totals; each resulting house-category dwelling retains its whole-house TABULA geometry; national absolute heat-demand and capacity results are conditional on this mapping,0.09,0.085,0.095,7021.97541793,6631.86567249,7412.08516337,0,0,0,0,7021.97541793,7021.97541793,0.002164514603,0.09,0.09,90835.75200000001,36334.300800000005,45417.876000000004,9083.575200000001,2270893.8000000003,908357.5200000001,1362536.2800000003,0,0,specific_heat_loss_z_W_m2K_descending_current_state,0.25,0.15,0.25,1.6,1.6,2.5,112,0.349672182329,20,5.6,0.017483609117,47.355,1.876,0.491818181818,balanced_mechanical_HRV,0.8,True,label A / 100 kWh/m2.year,100,https://www.vlaanderen.be/veka/energie-en-klimaatbeleid/vlaamse-langetermijnrenovatiestrategie-voor-gebouwen-2050,current regional long-term target,https://energy.ec.europa.eu/topics/energy-efficiency/energy-performance-buildings/national-building-renovation-plans_en,National Building Renovation Plans page; no Flemish draft listed at verification date,https://publicaties.vlaanderen.be/view-file/70827,https://episcope.eu/fileadmin/tabula/public/docs/scientific/BE_TABULA_ScientificReport_VITO.pdf,"independence/null assumption: P(state | region, archetype) = P(state | region)",official national pathway calibration with post-2025 extrapolation,https://climat.be/doc/climate-neutral-belgium-by-2050-report.pdf,Scenarios for a Climate Neutral Belgium by 2050; Appendix 1 Table 1; PDF and printed page 49; CORE-95 Behaviour and Technology residential renovation settings,The report specifies 2.8% per year and a 40% shallow 50% medium 10% deep distribution by 2025. The model applies these values from 2026 through 2050 to the fixed 2025 R1-R4 dwelling stock.
central,2025,2050,0.028,2.8,0.4,0.5,0.1,Flemish Region,BE_TABULA_05,"Apartment, exposed",pre-1946,TABULA_existing,TABULA_existing,3244134,78021.9490881,R1-R3 building-age profiles are applied to the matching dwelling totals; each resulting house-category dwelling retains its whole-house TABULA geometry; national absolute heat-demand and capacity results are conditional on this mapping,0.69,0.68,0.7,53835.1448708,53054.9253799,54615.3643617,44751.5696708,9083.575200000001,0,0,0,0,0,0.09,0.206423330949,90835.75200000001,36334.300800000005,45417.876000000004,9083.575200000001,2270893.8000000003,908357.5200000001,1362536.2800000003,0,0,specific_heat_loss_z_W_m2K_descending_current_state,2.2,1.7,0.85,5,4,14.9,2841.43,8.87115204496,20,142.0715,0.443557602248,444.31,47.5939525,4.9141253996,existing_unspecified,,,label A / 100 kWh/m2.year,100,https://www.vlaanderen.be/veka/energie-en-klimaatbeleid/vlaamse-langetermijnrenovatiestrategie-voor-gebouwen-2050,current regional long-term target,https://energy.ec.europa.eu/topics/energy-efficiency/energy-performance-buildings/national-building-renovation-plans_en,National Building Renovation Plans page; no Flemish draft listed at verification date,https://publicaties.vlaanderen.be/view-file/70827,https://episcope.eu/fileadmin/tabula/public/docs/scientific/BE_TABULA_ScientificReport_VITO.pdf,"independence/null assumption: P(state | region, archetype) = P(state | region)",official national pathway calibration with post-2025 extrapolation,https://climat.be/doc/climate-neutral-belgium-by-2050-report.pdf,Scenarios for a Climate Neutral Belgium by 2050; Appendix 1 Table 1; PDF and printed page 49; CORE-95 Behaviour and Technology residential renovation settings,The report specifies 2.8% per year and a 40% shallow 50% medium 10% deep distribution by 2025. The model applies these values from 2026 through 2050 to the fixed 2025 R1-R4 dwelling stock.
central,2025,2050,0.028,2.8,0.4,0.5,0.1,Flemish Region,BE_TABULA_05,"Apartment, exposed",pre-1946,TABULA_standard_B_proxy,TABULA_standard_B_proxy,3244134,78021.9490881,R1-R3 building-age profiles are applied to the matching dwelling totals; each resulting house-category dwelling retains its whole-house TABULA geometry; national absolute heat-demand and capacity results are conditional on this mapping,0.22,0.215,0.225,17164.8287994,16774.7190539,17554.9385448,0,0,44751.5696708,0,61916.3984702,61916.3984702,0.019085647655,0.09,0.206423330949,90835.75200000001,36334.300800000005,45417.876000000004,9083.575200000001,2270893.8000000003,908357.5200000001,1362536.2800000003,0,0,specific_heat_loss_z_W_m2K_descending_current_state,0.4,0.3,0.4,2,2.9,6,1144.2,3.57227599126,20,57.21,0.178613799563,109.11,19.16535,1.28147202797,exhaust_air_ventilation,0,False,label A / 100 kWh/m2.year,100,https://www.vlaanderen.be/veka/energie-en-klimaatbeleid/vlaamse-langetermijnrenovatiestrategie-voor-gebouwen-2050,current regional long-term target,https://energy.ec.europa.eu/topics/energy-efficiency/energy-performance-buildings/national-building-renovation-plans_en,National Building Renovation Plans page; no Flemish draft listed at verification date,https://publicaties.vlaanderen.be/view-file/70827,https://episcope.eu/fileadmin/tabula/public/docs/scientific/BE_TABULA_ScientificReport_VITO.pdf,"independence/null assumption: P(state | region, archetype) = P(state | region)",official national pathway calibration with post-2025 extrapolation,https://climat.be/doc/climate-neutral-belgium-by-2050-report.pdf,Scenarios for a Climate Neutral Belgium by 2050; Appendix 1 Table 1; PDF and printed page 49; CORE-95 Behaviour and Technology residential renovation settings,The report specifies 2.8% per year and a 40% shallow 50% medium 10% deep distribution by 2025. The model applies these values from 2026 through 2050 to the fixed 2025 R1-R4 dwelling stock.
central,2025,2050,0.028,2.8,0.4,0.5,0.1,Flemish Region,BE_TABULA_05,"Apartment, exposed",pre-1946,TABULA_advanced_A_proxy,TABULA_advanced_A_proxy,3244134,78021.9490881,R1-R3 building-age profiles are applied to the matching dwelling totals; each resulting house-category dwelling retains its whole-house TABULA geometry; national absolute heat-demand and capacity results are conditional on this mapping,0.09,0.085,0.095,7021.97541793,6631.86567249,7412.08516337,0,0,0,9083.575200000001,16105.550617930001,16105.550617930001,0.004964514603,0.09,0.206423330949,90835.75200000001,36334.300800000005,45417.876000000004,9083.575200000001,2270893.8000000003,908357.5200000001,1362536.2800000003,0,0,specific_heat_loss_z_W_m2K_descending_current_state,0.25,0.15,0.25,1.6,1.6,2.5,476.75,1.48844832969,20,23.8375,0.074422416485,73.82,7.9855625,0.817238386613,balanced_mechanical_HRV,0.8,True,label A / 100 kWh/m2.year,100,https://www.vlaanderen.be/veka/energie-en-klimaatbeleid/vlaamse-langetermijnrenovatiestrategie-voor-gebouwen-2050,current regional long-term target,https://energy.ec.europa.eu/topics/energy-efficiency/energy-performance-buildings/national-building-renovation-plans_en,National Building Renovation Plans page; no Flemish draft listed at verification date,https://publicaties.vlaanderen.be/view-file/70827,https://episcope.eu/fileadmin/tabula/public/docs/scientific/BE_TABULA_ScientificReport_VITO.pdf,"independence/null assumption: P(state | region, archetype) = P(state | region)",official national pathway calibration with post-2025 extrapolation,https://climat.be/doc/climate-neutral-belgium-by-2050-report.pdf,Scenarios for a Climate Neutral Belgium by 2050; Appendix 1 Table 1; PDF and printed page 49; CORE-95 Behaviour and Technology residential renovation settings,The report specifies 2.8% per year and a 40% shallow 50% medium 10% deep distribution by 2025. The model applies these values from 2026 through 2050 to the fixed 2025 R1-R4 dwelling stock.
central,2025,2050,0.028,2.8,0.4,0.5,0.1,Flemish Region,BE_TABULA_06,Detached house,1946-1970,TABULA_existing,TABULA_existing,3244134,204202.581272,R1-R3 building-age profiles are applied to the matching dwelling totals; each resulting house-category dwelling retains its whole-house TABULA geometry; national absolute heat-demand and capacity results are conditional on this mapping,0.69,0.68,0.7,140899.781078,138857.755265,142941.806891,113649.055478,27250.725600000005,0,0,0,0,0,0.09,0.223449466849,90835.75200000001,36334.300800000005,45417.876000000004,9083.575200000001,2270893.8000000003,908357.5200000001,1362536.2800000003,0,0,specific_heat_loss_z_W_m2K_descending_current_state,1.7,1.9,0.85,5,4,18,9698.4,14.9551272167,20,484.92,0.747756360833,999.205,162.4482,4.92643426633,existing_unspecified,,,label A / 100 kWh/m2.year,100,https://www.vlaanderen.be/veka/energie-en-klimaatbeleid/vlaamse-langetermijnrenovatiestrategie-voor-gebouwen-2050,current regional long-term target,https://energy.ec.europa.eu/topics/energy-efficiency/energy-performance-buildings/national-building-renovation-plans_en,National Building Renovation Plans page; no Flemish draft listed at verification date,https://publicaties.vlaanderen.be/view-file/70827,https://episcope.eu/fileadmin/tabula/public/docs/scientific/BE_TABULA_ScientificReport_VITO.pdf,"independence/null assumption: P(state | region, archetype) = P(state | region)",official national pathway calibration with post-2025 extrapolation,https://climat.be/doc/climate-neutral-belgium-by-2050-report.pdf,Scenarios for a Climate Neutral Belgium by 2050; Appendix 1 Table 1; PDF and printed page 49; CORE-95 Behaviour and Technology residential renovation settings,The report specifies 2.8% per year and a 40% shallow 50% medium 10% deep distribution by 2025. The model applies these values from 2026 through 2050 to the fixed 2025 R1-R4 dwelling stock.
central,2025,2050,0.028,2.8,0.4,0.5,0.1,Flemish Region,BE_TABULA_06,Detached house,1946-1970,TABULA_standard_B_proxy,TABULA_standard_B_proxy,3244134,204202.581272,R1-R3 building-age profiles are applied to the matching dwelling totals; each resulting house-category dwelling retains its whole-house TABULA geometry; national absolute heat-demand and capacity results are conditional on this mapping,0.22,0.215,0.225,44924.5678799,43903.5549735,45945.5807863,0,0,113649.055478,0,158573.6233579,158573.6233579,0.048880108947,0.09,0.223449466849,90835.75200000001,36334.300800000005,45417.876000000004,9083.575200000001,2270893.8000000003,908357.5200000001,1362536.2800000003,0,0,specific_heat_loss_z_W_m2K_descending_current_state,0.4,0.3,0.4,2,2.9,6,3232.8,4.98504240555,20,161.64,0.249252120278,290.05,54.1494,1.45970907549,exhaust_air_ventilation,0,False,label A / 100 kWh/m2.year,100,https://www.vlaanderen.be/veka/energie-en-klimaatbeleid/vlaamse-langetermijnrenovatiestrategie-voor-gebouwen-2050,current regional long-term target,https://energy.ec.europa.eu/topics/energy-efficiency/energy-performance-buildings/national-building-renovation-plans_en,National Building Renovation Plans page; no Flemish draft listed at verification date,https://publicaties.vlaanderen.be/view-file/70827,https://episcope.eu/fileadmin/tabula/public/docs/scientific/BE_TABULA_ScientificReport_VITO.pdf,"independence/null assumption: P(state | region, archetype) = P(state | region)",official national pathway calibration with post-2025 extrapolation,https://climat.be/doc/climate-neutral-belgium-by-2050-report.pdf,Scenarios for a Climate Neutral Belgium by 2050; Appendix 1 Table 1; PDF and printed page 49; CORE-95 Behaviour and Technology residential renovation settings,The report specifies 2.8% per year and a 40% shallow 50% medium 10% deep distribution by 2025. The model applies these values from 2026 through 2050 to the fixed 2025 R1-R4 dwelling stock.
central,2025,2050,0.028,2.8,0.4,0.5,0.1,Flemish Region,BE_TABULA_06,Detached house,1946-1970,TABULA_advanced_A_proxy,TABULA_advanced_A_proxy,3244134,204202.581272,R1-R3 building-age profiles are applied to the matching dwelling totals; each resulting house-category dwelling retains its whole-house TABULA geometry; national absolute heat-demand and capacity results are conditional on this mapping,0.09,0.085,0.095,18378.2323145,17357.2194081,19399.2452209,0,0,0,27250.725600000005,45628.9579145,45628.9579145,0.01406506572,0.09,0.223449466849,90835.75200000001,36334.300800000005,45417.876000000004,9083.575200000001,2270893.8000000003,908357.5200000001,1362536.2800000003,0,0,specific_heat_loss_z_W_m2K_descending_current_state,0.25,0.15,0.25,1.6,1.6,2.5,1347,2.07710100231,20,67.35,0.103855050116,187.89,22.56225,0.892503180662,balanced_mechanical_HRV,0.8,True,label A / 100 kWh/m2.year,100,https://www.vlaanderen.be/veka/energie-en-klimaatbeleid/vlaamse-langetermijnrenovatiestrategie-voor-gebouwen-2050,current regional long-term target,https://energy.ec.europa.eu/topics/energy-efficiency/energy-performance-buildings/national-building-renovation-plans_en,National Building Renovation Plans page; no Flemish draft listed at verification date,https://publicaties.vlaanderen.be/view-file/70827,https://episcope.eu/fileadmin/tabula/public/docs/scientific/BE_TABULA_ScientificReport_VITO.pdf,"independence/null assumption: P(state | region, archetype) = P(state | region)",official national pathway calibration with post-2025 extrapolation,https://climat.be/doc/climate-neutral-belgium-by-2050-report.pdf,Scenarios for a Climate Neutral Belgium by 2050; Appendix 1 Table 1; PDF and printed page 49; CORE-95 Behaviour and Technology residential renovation settings,The report specifies 2.8% per year and a 40% shallow 50% medium 10% deep distribution by 2025. The model applies these values from 2026 through 2050 to the fixed 2025 R1-R4 dwelling stock.
central,2025,2050,0.028,2.8,0.4,0.5,0.1,Flemish Region,BE_TABULA_07,Semi-detached house,1946-1970,TABULA_existing,TABULA_existing,3244134,194455.991009,R1-R3 building-age profiles are applied to the matching dwelling totals; each resulting house-category dwelling retains its whole-house TABULA geometry; national absolute heat-demand and capacity results are conditional on this mapping,0.69,0.68,0.7,134174.633796,132230.073886,136119.193706,106923.90819599999,27250.725600000005,0,0,0,0,0,0.09,0.230138267063,90835.75200000001,36334.300800000005,45417.876000000004,9083.575200000001,2270893.8000000003,908357.5200000001,1362536.2800000003,0,0,specific_heat_loss_z_W_m2K_descending_current_state,1.7,1.9,0.85,5,4,18,6865.2,12.9117923641,20,343.26,0.645589618206,716.01,114.9921,4.29680506722,existing_unspecified,,,label A / 100 kWh/m2.year,100,https://www.vlaanderen.be/veka/energie-en-klimaatbeleid/vlaamse-langetermijnrenovatiestrategie-voor-gebouwen-2050,current regional long-term target,https://energy.ec.europa.eu/topics/energy-efficiency/energy-performance-buildings/national-building-renovation-plans_en,National Building Renovation Plans page; no Flemish draft listed at verification date,https://publicaties.vlaanderen.be/view-file/70827,https://episcope.eu/fileadmin/tabula/public/docs/scientific/BE_TABULA_ScientificReport_VITO.pdf,"independence/null assumption: P(state | region, archetype) = P(state | region)",official national pathway calibration with post-2025 extrapolation,https://climat.be/doc/climate-neutral-belgium-by-2050-report.pdf,Scenarios for a Climate Neutral Belgium by 2050; Appendix 1 Table 1; PDF and printed page 49; CORE-95 Behaviour and Technology residential renovation settings,The report specifies 2.8% per year and a 40% shallow 50% medium 10% deep distribution by 2025. The model applies these values from 2026 through 2050 to the fixed 2025 R1-R4 dwelling stock.
central,2025,2050,0.028,2.8,0.4,0.5,0.1,Flemish Region,BE_TABULA_07,Semi-detached house,1946-1970,TABULA_standard_B_proxy,TABULA_standard_B_proxy,3244134,194455.991009,R1-R3 building-age profiles are applied to the matching dwelling totals; each resulting house-category dwelling retains its whole-house TABULA geometry; national absolute heat-demand and capacity results are conditional on this mapping,0.22,0.215,0.225,42780.3180219,41808.0380668,43752.5979769,0,0,106923.90819599999,0,149704.22621790002,149704.22621790002,0.04614612905,0.09,0.230138267063,90835.75200000001,36334.300800000005,45417.876000000004,9083.575200000001,2270893.8000000003,908357.5200000001,1362536.2800000003,0,0,specific_heat_loss_z_W_m2K_descending_current_state,0.4,0.3,0.4,2,2.9,6,2288.4,4.30393078804,20,114.42,0.215196539402,215.13,38.3307,1.31055170631,exhaust_air_ventilation,0,False,label A / 100 kWh/m2.year,100,https://www.vlaanderen.be/veka/energie-en-klimaatbeleid/vlaamse-langetermijnrenovatiestrategie-voor-gebouwen-2050,current regional long-term target,https://energy.ec.europa.eu/topics/energy-efficiency/energy-performance-buildings/national-building-renovation-plans_en,National Building Renovation Plans page; no Flemish draft listed at verification date,https://publicaties.vlaanderen.be/view-file/70827,https://episcope.eu/fileadmin/tabula/public/docs/scientific/BE_TABULA_ScientificReport_VITO.pdf,"independence/null assumption: P(state | region, archetype) = P(state | region)",official national pathway calibration with post-2025 extrapolation,https://climat.be/doc/climate-neutral-belgium-by-2050-report.pdf,Scenarios for a Climate Neutral Belgium by 2050; Appendix 1 Table 1; PDF and printed page 49; CORE-95 Behaviour and Technology residential renovation settings,The report specifies 2.8% per year and a 40% shallow 50% medium 10% deep distribution by 2025. The model applies these values from 2026 through 2050 to the fixed 2025 R1-R4 dwelling stock.
central,2025,2050,0.028,2.8,0.4,0.5,0.1,Flemish Region,BE_TABULA_07,Semi-detached house,1946-1970,TABULA_advanced_A_proxy,TABULA_advanced_A_proxy,3244134,194455.991009,R1-R3 building-age profiles are applied to the matching dwelling totals; each resulting house-category dwelling retains its whole-house TABULA geometry; national absolute heat-demand and capacity results are conditional on this mapping,0.09,0.085,0.095,17501.0391908,16528.7592357,18473.3191458,0,0,0,27250.725600000005,44751.7647908,44751.7647908,0.013794672104,0.09,0.230138267063,90835.75200000001,36334.300800000005,45417.876000000004,9083.575200000001,2270893.8000000003,908357.5200000001,1362536.2800000003,0,0,specific_heat_loss_z_W_m2K_descending_current_state,0.25,0.15,0.25,1.6,1.6,2.5,953.5,1.79330449502,20,47.675,0.089665224751,139.345,15.971125,0.803082342296,balanced_mechanical_HRV,0.8,True,label A / 100 kWh/m2.year,100,https://www.vlaanderen.be/veka/energie-en-klimaatbeleid/vlaamse-langetermijnrenovatiestrategie-voor-gebouwen-2050,current regional long-term target,https://energy.ec.europa.eu/topics/energy-efficiency/energy-performance-buildings/national-building-renovation-plans_en,National Building Renovation Plans page; no Flemish draft listed at verification date,https://publicaties.vlaanderen.be/view-file/70827,https://episcope.eu/fileadmin/tabula/public/docs/scientific/BE_TABULA_ScientificReport_VITO.pdf,"independence/null assumption: P(state | region, archetype) = P(state | region)",official national pathway calibration with post-2025 extrapolation,https://climat.be/doc/climate-neutral-belgium-by-2050-report.pdf,Scenarios for a Climate Neutral Belgium by 2050; Appendix 1 Table 1; PDF and printed page 49; CORE-95 Behaviour and Technology residential renovation settings,The report specifies 2.8% per year and a 40% shallow 50% medium 10% deep distribution by 2025. The model applies these values from 2026 through 2050 to the fixed 2025 R1-R4 dwelling stock.
central,2025,2050,0.028,2.8,0.4,0.5,0.1,Flemish Region,BE_TABULA_08,Terraced house,1946-1970,TABULA_existing,TABULA_existing,3244134,166778.212124,R1-R3 building-age profiles are applied to the matching dwelling totals; each resulting house-category dwelling retains its whole-house TABULA geometry; national absolute heat-demand and capacity results are conditional on this mapping,0.69,0.68,0.7,115076.966366,113409.184244,116744.748487,92765.85174480005,22311.114621199926,0,0,0,0,0,0.09,0.223777154324,90835.75200000001,36334.300800000005,45417.876000000004,9083.575200000001,2270893.8000000003,908357.5200000001,1362536.2800000003,0,0,specific_heat_loss_z_W_m2K_descending_current_state,1.7,1.9,0.85,5,4,14.9,4422.32,8.0905964142,20,221.116,0.40452982071,579.585,74.07386,3.28802243461,existing_unspecified,,,label A / 100 kWh/m2.year,100,https://www.vlaanderen.be/veka/energie-en-klimaatbeleid/vlaamse-langetermijnrenovatiestrategie-voor-gebouwen-2050,current regional long-term target,https://energy.ec.europa.eu/topics/energy-efficiency/energy-performance-buildings/national-building-renovation-plans_en,National Building Renovation Plans page; no Flemish draft listed at verification date,https://publicaties.vlaanderen.be/view-file/70827,https://episcope.eu/fileadmin/tabula/public/docs/scientific/BE_TABULA_ScientificReport_VITO.pdf,"independence/null assumption: P(state | region, archetype) = P(state | region)",official national pathway calibration with post-2025 extrapolation,https://climat.be/doc/climate-neutral-belgium-by-2050-report.pdf,Scenarios for a Climate Neutral Belgium by 2050; Appendix 1 Table 1; PDF and printed page 49; CORE-95 Behaviour and Technology residential renovation settings,The report specifies 2.8% per year and a 40% shallow 50% medium 10% deep distribution by 2025. The model applies these values from 2026 through 2050 to the fixed 2025 R1-R4 dwelling stock.
central,2025,2050,0.028,2.8,0.4,0.5,0.1,Flemish Region,BE_TABULA_08,Terraced house,1946-1970,TABULA_standard_B_proxy,TABULA_standard_B_proxy,3244134,166778.212124,R1-R3 building-age profiles are applied to the matching dwelling totals; each resulting house-category dwelling retains its whole-house TABULA geometry; national absolute heat-demand and capacity results are conditional on this mapping,0.22,0.215,0.225,36691.2066673,35857.3156066,37525.0977279,0,0,92765.85174480005,0,129457.05841210006,129457.05841210006,0.039904966445,0.09,0.223777154324,90835.75200000001,36334.300800000005,45417.876000000004,9083.575200000001,2270893.8000000003,908357.5200000001,1362536.2800000003,0,0,specific_heat_loss_z_W_m2K_descending_current_state,0.4,0.3,0.4,2,2.9,6,1780.8,3.2579582876,20,89.04,0.16289791438,181.07,29.8284,1.06085714286,exhaust_air_ventilation,0,False,label A / 100 kWh/m2.year,100,https://www.vlaanderen.be/veka/energie-en-klimaatbeleid/vlaamse-langetermijnrenovatiestrategie-voor-gebouwen-2050,current regional long-term target,https://energy.ec.europa.eu/topics/energy-efficiency/energy-performance-buildings/national-building-renovation-plans_en,National Building Renovation Plans page; no Flemish draft listed at verification date,https://publicaties.vlaanderen.be/view-file/70827,https://episcope.eu/fileadmin/tabula/public/docs/scientific/BE_TABULA_ScientificReport_VITO.pdf,"independence/null assumption: P(state | region, archetype) = P(state | region)",official national pathway calibration with post-2025 extrapolation,https://climat.be/doc/climate-neutral-belgium-by-2050-report.pdf,Scenarios for a Climate Neutral Belgium by 2050; Appendix 1 Table 1; PDF and printed page 49; CORE-95 Behaviour and Technology residential renovation settings,The report specifies 2.8% per year and a 40% shallow 50% medium 10% deep distribution by 2025. The model applies these values from 2026 through 2050 to the fixed 2025 R1-R4 dwelling stock.
central,2025,2050,0.028,2.8,0.4,0.5,0.1,Flemish Region,BE_TABULA_08,Terraced house,1946-1970,TABULA_advanced_A_proxy,TABULA_advanced_A_proxy,3244134,166778.212124,R1-R3 building-age profiles are applied to the matching dwelling totals; each resulting house-category dwelling retains its whole-house TABULA geometry; national absolute heat-demand and capacity results are conditional on this mapping,0.09,0.085,0.095,15010.0390912,14176.1480305,15843.9301518,0,0,0,22311.114621199926,37321.15371239992,37321.15371239992,0.011504196101,0.09,0.223777154324,90835.75200000001,36334.300800000005,45417.876000000004,9083.575200000001,2270893.8000000003,908357.5200000001,1362536.2800000003,0,0,specific_heat_loss_z_W_m2K_descending_current_state,0.25,0.15,0.25,1.6,1.6,2.5,742,1.35748261983,20,37.1,0.067874130992,118.175,12.4285,0.656959255533,balanced_mechanical_HRV,0.8,True,label A / 100 kWh/m2.year,100,https://www.vlaanderen.be/veka/energie-en-klimaatbeleid/vlaamse-langetermijnrenovatiestrategie-voor-gebouwen-2050,current regional long-term target,https://energy.ec.europa.eu/topics/energy-efficiency/energy-performance-buildings/national-building-renovation-plans_en,National Building Renovation Plans page; no Flemish draft listed at verification date,https://publicaties.vlaanderen.be/view-file/70827,https://episcope.eu/fileadmin/tabula/public/docs/scientific/BE_TABULA_ScientificReport_VITO.pdf,"independence/null assumption: P(state | region, archetype) = P(state | region)",official national pathway calibration with post-2025 extrapolation,https://climat.be/doc/climate-neutral-belgium-by-2050-report.pdf,Scenarios for a Climate Neutral Belgium by 2050; Appendix 1 Table 1; PDF and printed page 49; CORE-95 Behaviour and Technology residential renovation settings,The report specifies 2.8% per year and a 40% shallow 50% medium 10% deep distribution by 2025. The model applies these values from 2026 through 2050 to the fixed 2025 R1-R4 dwelling stock.
central,2025,2050,0.028,2.8,0.4,0.5,0.1,Flemish Region,BE_TABULA_09,"Apartment, enclosed",1946-1970,TABULA_existing,TABULA_existing,3244134,105105.783702,R1-R3 building-age profiles are applied to the matching dwelling totals; each resulting house-category dwelling retains its whole-house TABULA geometry; national absolute heat-demand and capacity results are conditional on this mapping,0.69,0.68,0.7,72522.9907542,71471.9329172,73574.0485912,0,0,0,0,72522.9907542,72522.9907542,0.02235511565,0.09,0.09,90835.75200000001,36334.300800000005,45417.876000000004,9083.575200000001,2270893.8000000003,908357.5200000001,1362536.2800000003,0,0,specific_heat_loss_z_W_m2K_descending_current_state,1.7,1.9,0.85,5,4,14.9,667.52,2.08404620668,20,33.376,0.104202310334,164.43,11.18096,1.75435524476,existing_unspecified,,,label A / 100 kWh/m2.year,100,https://www.vlaanderen.be/veka/energie-en-klimaatbeleid/vlaamse-langetermijnrenovatiestrategie-voor-gebouwen-2050,current regional long-term target,https://energy.ec.europa.eu/topics/energy-efficiency/energy-performance-buildings/national-building-renovation-plans_en,National Building Renovation Plans page; no Flemish draft listed at verification date,https://publicaties.vlaanderen.be/view-file/70827,https://episcope.eu/fileadmin/tabula/public/docs/scientific/BE_TABULA_ScientificReport_VITO.pdf,"independence/null assumption: P(state | region, archetype) = P(state | region)",official national pathway calibration with post-2025 extrapolation,https://climat.be/doc/climate-neutral-belgium-by-2050-report.pdf,Scenarios for a Climate Neutral Belgium by 2050; Appendix 1 Table 1; PDF and printed page 49; CORE-95 Behaviour and Technology residential renovation settings,The report specifies 2.8% per year and a 40% shallow 50% medium 10% deep distribution by 2025. The model applies these values from 2026 through 2050 to the fixed 2025 R1-R4 dwelling stock.
central,2025,2050,0.028,2.8,0.4,0.5,0.1,Flemish Region,BE_TABULA_09,"Apartment, enclosed",1946-1970,TABULA_standard_B_proxy,TABULA_standard_B_proxy,3244134,105105.783702,R1-R3 building-age profiles are applied to the matching dwelling totals; each resulting house-category dwelling retains its whole-house TABULA geometry; national absolute heat-demand and capacity results are conditional on this mapping,0.22,0.215,0.225,23123.2724144,22597.7434959,23648.8013329,0,0,0,0,23123.2724144,23123.2724144,0.007127718033,0.09,0.09,90835.75200000001,36334.300800000005,45417.876000000004,9083.575200000001,2270893.8000000003,908357.5200000001,1362536.2800000003,0,0,specific_heat_loss_z_W_m2K_descending_current_state,0.4,0.3,0.4,2,2.9,6,268.8,0.83921323759,20,13.44,0.04196066188,60.76,4.5024,0.651972027972,exhaust_air_ventilation,0,False,label A / 100 kWh/m2.year,100,https://www.vlaanderen.be/veka/energie-en-klimaatbeleid/vlaamse-langetermijnrenovatiestrategie-voor-gebouwen-2050,current regional long-term target,https://energy.ec.europa.eu/topics/energy-efficiency/energy-performance-buildings/national-building-renovation-plans_en,National Building Renovation Plans page; no Flemish draft listed at verification date,https://publicaties.vlaanderen.be/view-file/70827,https://episcope.eu/fileadmin/tabula/public/docs/scientific/BE_TABULA_ScientificReport_VITO.pdf,"independence/null assumption: P(state | region, archetype) = P(state | region)",official national pathway calibration with post-2025 extrapolation,https://climat.be/doc/climate-neutral-belgium-by-2050-report.pdf,Scenarios for a Climate Neutral Belgium by 2050; Appendix 1 Table 1; PDF and printed page 49; CORE-95 Behaviour and Technology residential renovation settings,The report specifies 2.8% per year and a 40% shallow 50% medium 10% deep distribution by 2025. The model applies these values from 2026 through 2050 to the fixed 2025 R1-R4 dwelling stock.
central,2025,2050,0.028,2.8,0.4,0.5,0.1,Flemish Region,BE_TABULA_09,"Apartment, enclosed",1946-1970,TABULA_advanced_A_proxy,TABULA_advanced_A_proxy,3244134,105105.783702,R1-R3 building-age profiles are applied to the matching dwelling totals; each resulting house-category dwelling retains its whole-house TABULA geometry; national absolute heat-demand and capacity results are conditional on this mapping,0.09,0.085,0.095,9459.52053315,8933.99161464,9985.04945166,0,0,0,0,9459.52053315,9459.52053315,0.00291588465,0.09,0.09,90835.75200000001,36334.300800000005,45417.876000000004,9083.575200000001,2270893.8000000003,908357.5200000001,1362536.2800000003,0,0,specific_heat_loss_z_W_m2K_descending_current_state,0.25,0.15,0.25,1.6,1.6,2.5,112,0.349672182329,20,5.6,0.017483609117,47.355,1.876,0.491818181818,balanced_mechanical_HRV,0.8,True,label A / 100 kWh/m2.year,100,https://www.vlaanderen.be/veka/energie-en-klimaatbeleid/vlaamse-langetermijnrenovatiestrategie-voor-gebouwen-2050,current regional long-term target,https://energy.ec.europa.eu/topics/energy-efficiency/energy-performance-buildings/national-building-renovation-plans_en,National Building Renovation Plans page; no Flemish draft listed at verification date,https://publicaties.vlaanderen.be/view-file/70827,https://episcope.eu/fileadmin/tabula/public/docs/scientific/BE_TABULA_ScientificReport_VITO.pdf,"independence/null assumption: P(state | region, archetype) = P(state | region)",official national pathway calibration with post-2025 extrapolation,https://climat.be/doc/climate-neutral-belgium-by-2050-report.pdf,Scenarios for a Climate Neutral Belgium by 2050; Appendix 1 Table 1; PDF and printed page 49; CORE-95 Behaviour and Technology residential renovation settings,The report specifies 2.8% per year and a 40% shallow 50% medium 10% deep distribution by 2025. The model applies these values from 2026 through 2050 to the fixed 2025 R1-R4 dwelling stock.
central,2025,2050,0.028,2.8,0.4,0.5,0.1,Flemish Region,BE_TABULA_10,"Apartment, exposed",1946-1970,TABULA_existing,TABULA_existing,3244134,105105.783702,R1-R3 building-age profiles are applied to the matching dwelling totals; each resulting house-category dwelling retains its whole-house TABULA geometry; national absolute heat-demand and capacity results are conditional on this mapping,0.69,0.68,0.7,72522.9907542,71471.9329172,73574.0485912,54355.8403542,18167.150400000002,0,0,0,0,0,0.09,0.262846343561,90835.75200000001,36334.300800000005,45417.876000000004,9083.575200000001,2270893.8000000003,908357.5200000001,1362536.2800000003,0,0,specific_heat_loss_z_W_m2K_descending_current_state,1.7,1.9,0.85,5,4,14.9,2841.43,8.87115204496,20,142.0715,0.443557602248,432.48,47.5939525,4.79594358142,existing_unspecified,,,label A / 100 kWh/m2.year,100,https://www.vlaanderen.be/veka/energie-en-klimaatbeleid/vlaamse-langetermijnrenovatiestrategie-voor-gebouwen-2050,current regional long-term target,https://energy.ec.europa.eu/topics/energy-efficiency/energy-performance-buildings/national-building-renovation-plans_en,National Building Renovation Plans page; no Flemish draft listed at verification date,https://publicaties.vlaanderen.be/view-file/70827,https://episcope.eu/fileadmin/tabula/public/docs/scientific/BE_TABULA_ScientificReport_VITO.pdf,"independence/null assumption: P(state | region, archetype) = P(state | region)",official national pathway calibration with post-2025 extrapolation,https://climat.be/doc/climate-neutral-belgium-by-2050-report.pdf,Scenarios for a Climate Neutral Belgium by 2050; Appendix 1 Table 1; PDF and printed page 49; CORE-95 Behaviour and Technology residential renovation settings,The report specifies 2.8% per year and a 40% shallow 50% medium 10% deep distribution by 2025. The model applies these values from 2026 through 2050 to the fixed 2025 R1-R4 dwelling stock.
central,2025,2050,0.028,2.8,0.4,0.5,0.1,Flemish Region,BE_TABULA_10,"Apartment, exposed",1946-1970,TABULA_standard_B_proxy,TABULA_standard_B_proxy,3244134,105105.783702,R1-R3 building-age profiles are applied to the matching dwelling totals; each resulting house-category dwelling retains its whole-house TABULA geometry; national absolute heat-demand and capacity results are conditional on this mapping,0.22,0.215,0.225,23123.2724144,22597.7434959,23648.8013329,0,0,54355.8403542,0,77479.1127686,77479.1127686,0.023882833683,0.09,0.262846343561,90835.75200000001,36334.300800000005,45417.876000000004,9083.575200000001,2270893.8000000003,908357.5200000001,1362536.2800000003,0,0,specific_heat_loss_z_W_m2K_descending_current_state,0.4,0.3,0.4,2,2.9,6,1144.2,3.57227599126,20,57.21,0.178613799563,109.11,19.16535,1.28147202797,exhaust_air_ventilation,0,False,label A / 100 kWh/m2.year,100,https://www.vlaanderen.be/veka/energie-en-klimaatbeleid/vlaamse-langetermijnrenovatiestrategie-voor-gebouwen-2050,current regional long-term target,https://energy.ec.europa.eu/topics/energy-efficiency/energy-performance-buildings/national-building-renovation-plans_en,National Building Renovation Plans page; no Flemish draft listed at verification date,https://publicaties.vlaanderen.be/view-file/70827,https://episcope.eu/fileadmin/tabula/public/docs/scientific/BE_TABULA_ScientificReport_VITO.pdf,"independence/null assumption: P(state | region, archetype) = P(state | region)",official national pathway calibration with post-2025 extrapolation,https://climat.be/doc/climate-neutral-belgium-by-2050-report.pdf,Scenarios for a Climate Neutral Belgium by 2050; Appendix 1 Table 1; PDF and printed page 49; CORE-95 Behaviour and Technology residential renovation settings,The report specifies 2.8% per year and a 40% shallow 50% medium 10% deep distribution by 2025. The model applies these values from 2026 through 2050 to the fixed 2025 R1-R4 dwelling stock.
central,2025,2050,0.028,2.8,0.4,0.5,0.1,Flemish Region,BE_TABULA_10,"Apartment, exposed",1946-1970,TABULA_advanced_A_proxy,TABULA_advanced_A_proxy,3244134,105105.783702,R1-R3 building-age profiles are applied to the matching dwelling totals; each resulting house-category dwelling retains its whole-house TABULA geometry; national absolute heat-demand and capacity results are conditional on this mapping,0.09,0.085,0.095,9459.52053315,8933.99161464,9985.04945166,0,0,0,18167.150400000002,27626.670933150002,27626.670933150002,0.00851588465,0.09,0.262846343561,90835.75200000001,36334.300800000005,45417.876000000004,9083.575200000001,2270893.8000000003,908357.5200000001,1362536.2800000003,0,0,specific_heat_loss_z_W_m2K_descending_current_state,0.25,0.15,0.25,1.6,1.6,2.5,476.75,1.48844832969,20,23.8375,0.074422416485,73.82,7.9855625,0.817238386613,balanced_mechanical_HRV,0.8,True,label A / 100 kWh/m2.year,100,https://www.vlaanderen.be/veka/energie-en-klimaatbeleid/vlaamse-langetermijnrenovatiestrategie-voor-gebouwen-2050,current regional long-term target,https://energy.ec.europa.eu/topics/energy-efficiency/energy-performance-buildings/national-building-renovation-plans_en,National Building Renovation Plans page; no Flemish draft listed at verification date,https://publicaties.vlaanderen.be/view-file/70827,https://episcope.eu/fileadmin/tabula/public/docs/scientific/BE_TABULA_ScientificReport_VITO.pdf,"independence/null assumption: P(state | region, archetype) = P(state | region)",official national pathway calibration with post-2025 extrapolation,https://climat.be/doc/climate-neutral-belgium-by-2050-report.pdf,Scenarios for a Climate Neutral Belgium by 2050; Appendix 1 Table 1; PDF and printed page 49; CORE-95 Behaviour and Technology residential renovation settings,The report specifies 2.8% per year and a 40% shallow 50% medium 10% deep distribution by 2025. The model applies these values from 2026 through 2050 to the fixed 2025 R1-R4 dwelling stock.
central,2025,2050,0.028,2.8,0.4,0.5,0.1,Flemish Region,BE_TABULA_11,Detached house,1971-1990,TABULA_existing,TABULA_existing,3244134,301946.510837,R1-R3 building-age profiles are applied to the matching dwelling totals; each resulting house-category dwelling retains its whole-house TABULA geometry; national absolute heat-demand and capacity results are conditional on this mapping,0.69,0.68,0.7,208343.092478,205323.627369,211362.557586,179741.40425519997,28601.688222800047,0,0,0,0,0,0.09,0.184724354137,90835.75200000001,36334.300800000005,45417.876000000004,9083.575200000001,2270893.8000000003,908357.5200000001,1362536.2800000003,0,0,specific_heat_loss_z_W_m2K_descending_current_state,1,0.85,0.85,3.5,4,17.1,9384.48,14.3121549489,20,469.224,0.715607747445,630.54,157.19004,3.30423674497,existing_unspecified,,,label A / 100 kWh/m2.year,100,https://www.vlaanderen.be/veka/energie-en-klimaatbeleid/vlaamse-langetermijnrenovatiestrategie-voor-gebouwen-2050,current regional long-term target,https://energy.ec.europa.eu/topics/energy-efficiency/energy-performance-buildings/national-building-renovation-plans_en,National Building Renovation Plans page; no Flemish draft listed at verification date,https://publicaties.vlaanderen.be/view-file/70827,https://episcope.eu/fileadmin/tabula/public/docs/scientific/BE_TABULA_ScientificReport_VITO.pdf,"independence/null assumption: P(state | region, archetype) = P(state | region)",official national pathway calibration with post-2025 extrapolation,https://climat.be/doc/climate-neutral-belgium-by-2050-report.pdf,Scenarios for a Climate Neutral Belgium by 2050; Appendix 1 Table 1; PDF and printed page 49; CORE-95 Behaviour and Technology residential renovation settings,The report specifies 2.8% per year and a 40% shallow 50% medium 10% deep distribution by 2025. The model applies these values from 2026 through 2050 to the fixed 2025 R1-R4 dwelling stock.
central,2025,2050,0.028,2.8,0.4,0.5,0.1,Flemish Region,BE_TABULA_11,Detached house,1971-1990,TABULA_standard_B_proxy,TABULA_standard_B_proxy,3244134,301946.510837,R1-R3 building-age profiles are applied to the matching dwelling totals; each resulting house-category dwelling retains its whole-house TABULA geometry; national absolute heat-demand and capacity results are conditional on this mapping,0.22,0.215,0.225,66428.2323842,64918.49983,67937.9649384,0,0,179741.40425519997,0,246169.63663939995,246169.63663939995,0.075881463786,0.09,0.184724354137,90835.75200000001,36334.300800000005,45417.876000000004,9083.575200000001,2270893.8000000003,908357.5200000001,1362536.2800000003,0,0,specific_heat_loss_z_W_m2K_descending_current_state,0.4,0.3,0.4,2,2.9,6,3292.8,5.021808754,20,164.64,0.2510904377,290.67,55.1544,1.4506057047,exhaust_air_ventilation,0,False,label A / 100 kWh/m2.year,100,https://www.vlaanderen.be/veka/energie-en-klimaatbeleid/vlaamse-langetermijnrenovatiestrategie-voor-gebouwen-2050,current regional long-term target,https://energy.ec.europa.eu/topics/energy-efficiency/energy-performance-buildings/national-building-renovation-plans_en,National Building Renovation Plans page; no Flemish draft listed at verification date,https://publicaties.vlaanderen.be/view-file/70827,https://episcope.eu/fileadmin/tabula/public/docs/scientific/BE_TABULA_ScientificReport_VITO.pdf,"independence/null assumption: P(state | region, archetype) = P(state | region)",official national pathway calibration with post-2025 extrapolation,https://climat.be/doc/climate-neutral-belgium-by-2050-report.pdf,Scenarios for a Climate Neutral Belgium by 2050; Appendix 1 Table 1; PDF and printed page 49; CORE-95 Behaviour and Technology residential renovation settings,The report specifies 2.8% per year and a 40% shallow 50% medium 10% deep distribution by 2025. The model applies these values from 2026 through 2050 to the fixed 2025 R1-R4 dwelling stock.
central,2025,2050,0.028,2.8,0.4,0.5,0.1,Flemish Region,BE_TABULA_11,Detached house,1971-1990,TABULA_advanced_A_proxy,TABULA_advanced_A_proxy,3244134,301946.510837,R1-R3 building-age profiles are applied to the matching dwelling totals; each resulting house-category dwelling retains its whole-house TABULA geometry; national absolute heat-demand and capacity results are conditional on this mapping,0.09,0.085,0.095,27175.1859754,25665.4534212,28684.9185296,0,0,0,28601.688222800047,55776.87419820004,55776.87419820004,0.017193147446,0.09,0.184724354137,90835.75200000001,36334.300800000005,45417.876000000004,9083.575200000001,2270893.8000000003,908357.5200000001,1362536.2800000003,0,0,specific_heat_loss_z_W_m2K_descending_current_state,0.25,0.15,0.25,1.6,1.6,2.5,1372,2.09242031417,20,68.6,0.104621015708,187.345,22.981,0.882239932886,balanced_mechanical_HRV,0.8,True,label A / 100 kWh/m2.year,100,https://www.vlaanderen.be/veka/energie-en-klimaatbeleid/vlaamse-langetermijnrenovatiestrategie-voor-gebouwen-2050,current regional long-term target,https://energy.ec.europa.eu/topics/energy-efficiency/energy-performance-buildings/national-building-renovation-plans_en,National Building Renovation Plans page; no Flemish draft listed at verification date,https://publicaties.vlaanderen.be/view-file/70827,https://episcope.eu/fileadmin/tabula/public/docs/scientific/BE_TABULA_ScientificReport_VITO.pdf,"independence/null assumption: P(state | region, archetype) = P(state | region)",official national pathway calibration with post-2025 extrapolation,https://climat.be/doc/climate-neutral-belgium-by-2050-report.pdf,Scenarios for a Climate Neutral Belgium by 2050; Appendix 1 Table 1; PDF and printed page 49; CORE-95 Behaviour and Technology residential renovation settings,The report specifies 2.8% per year and a 40% shallow 50% medium 10% deep distribution by 2025. The model applies these values from 2026 through 2050 to the fixed 2025 R1-R4 dwelling stock.
central,2025,2050,0.028,2.8,0.4,0.5,0.1,Flemish Region,BE_TABULA_12,Semi-detached house,1971-1990,TABULA_existing,TABULA_existing,3244134,120021.079985,R1-R3 building-age profiles are applied to the matching dwelling totals; each resulting house-category dwelling retains its whole-house TABULA geometry; national absolute heat-demand and capacity results are conditional on this mapping,0.69,0.68,0.7,82814.5451894,81614.3343895,84014.7559892,68791.35901059993,14023.186178800079,0,0,0,0,0,0.09,0.206839360057,90835.75200000001,36334.300800000005,45417.876000000004,9083.575200000001,2270893.8000000003,908357.5200000001,1362536.2800000003,0,0,specific_heat_loss_z_W_m2K_descending_current_state,1,0.85,0.85,3.5,4,16.3,6350.48,12.4616954474,20,317.524,0.62308477237,468.075,106.37054,3.100083864,existing_unspecified,,,label A / 100 kWh/m2.year,100,https://www.vlaanderen.be/veka/energie-en-klimaatbeleid/vlaamse-langetermijnrenovatiestrategie-voor-gebouwen-2050,current regional long-term target,https://energy.ec.europa.eu/topics/energy-efficiency/energy-performance-buildings/national-building-renovation-plans_en,National Building Renovation Plans page; no Flemish draft listed at verification date,https://publicaties.vlaanderen.be/view-file/70827,https://episcope.eu/fileadmin/tabula/public/docs/scientific/BE_TABULA_ScientificReport_VITO.pdf,"independence/null assumption: P(state | region, archetype) = P(state | region)",official national pathway calibration with post-2025 extrapolation,https://climat.be/doc/climate-neutral-belgium-by-2050-report.pdf,Scenarios for a Climate Neutral Belgium by 2050; Appendix 1 Table 1; PDF and printed page 49; CORE-95 Behaviour and Technology residential renovation settings,The report specifies 2.8% per year and a 40% shallow 50% medium 10% deep distribution by 2025. The model applies these values from 2026 through 2050 to the fixed 2025 R1-R4 dwelling stock.
central,2025,2050,0.028,2.8,0.4,0.5,0.1,Flemish Region,BE_TABULA_12,Semi-detached house,1971-1990,TABULA_standard_B_proxy,TABULA_standard_B_proxy,3244134,120021.079985,R1-R3 building-age profiles are applied to the matching dwelling totals; each resulting house-category dwelling retains its whole-house TABULA geometry; national absolute heat-demand and capacity results are conditional on this mapping,0.22,0.215,0.225,26404.6375966,25804.5321967,27004.7429965,0,0,68791.35901059993,0,95195.99660719992,95195.99660719992,0.029344039613,0.09,0.206839360057,90835.75200000001,36334.300800000005,45417.876000000004,9083.575200000001,2270893.8000000003,908357.5200000001,1362536.2800000003,0,0,specific_heat_loss_z_W_m2K_descending_current_state,0.4,0.3,0.4,2,2.9,6,2337.6,4.58712715856,20,116.88,0.229356357928,220.38,39.1548,1.40061953589,exhaust_air_ventilation,0,False,label A / 100 kWh/m2.year,100,https://www.vlaanderen.be/veka/energie-en-klimaatbeleid/vlaamse-langetermijnrenovatiestrategie-voor-gebouwen-2050,current regional long-term target,https://energy.ec.europa.eu/topics/energy-efficiency/energy-performance-buildings/national-building-renovation-plans_en,National Building Renovation Plans page; no Flemish draft listed at verification date,https://publicaties.vlaanderen.be/view-file/70827,https://episcope.eu/fileadmin/tabula/public/docs/scientific/BE_TABULA_ScientificReport_VITO.pdf,"independence/null assumption: P(state | region, archetype) = P(state | region)",official national pathway calibration with post-2025 extrapolation,https://climat.be/doc/climate-neutral-belgium-by-2050-report.pdf,Scenarios for a Climate Neutral Belgium by 2050; Appendix 1 Table 1; PDF and printed page 49; CORE-95 Behaviour and Technology residential renovation settings,The report specifies 2.8% per year and a 40% shallow 50% medium 10% deep distribution by 2025. The model applies these values from 2026 through 2050 to the fixed 2025 R1-R4 dwelling stock.
central,2025,2050,0.028,2.8,0.4,0.5,0.1,Flemish Region,BE_TABULA_12,Semi-detached house,1971-1990,TABULA_advanced_A_proxy,TABULA_advanced_A_proxy,3244134,120021.079985,R1-R3 building-age profiles are applied to the matching dwelling totals; each resulting house-category dwelling retains its whole-house TABULA geometry; national absolute heat-demand and capacity results are conditional on this mapping,0.09,0.085,0.095,10801.8971986,10201.7917987,11402.0025985,0,0,0,14023.186178800079,24825.08337740008,24825.08337740008,0.007652299004,0.09,0.206839360057,90835.75200000001,36334.300800000005,45417.876000000004,9083.575200000001,2270893.8000000003,908357.5200000001,1362536.2800000003,0,0,specific_heat_loss_z_W_m2K_descending_current_state,0.25,0.15,0.25,1.6,1.6,2.5,974,1.91130298273,20,48.7,0.095565149137,142.955,16.3145,0.859522396114,balanced_mechanical_HRV,0.8,True,label A / 100 kWh/m2.year,100,https://www.vlaanderen.be/veka/energie-en-klimaatbeleid/vlaamse-langetermijnrenovatiestrategie-voor-gebouwen-2050,current regional long-term target,https://energy.ec.europa.eu/topics/energy-efficiency/energy-performance-buildings/national-building-renovation-plans_en,National Building Renovation Plans page; no Flemish draft listed at verification date,https://publicaties.vlaanderen.be/view-file/70827,https://episcope.eu/fileadmin/tabula/public/docs/scientific/BE_TABULA_ScientificReport_VITO.pdf,"independence/null assumption: P(state | region, archetype) = P(state | region)",official national pathway calibration with post-2025 extrapolation,https://climat.be/doc/climate-neutral-belgium-by-2050-report.pdf,Scenarios for a Climate Neutral Belgium by 2050; Appendix 1 Table 1; PDF and printed page 49; CORE-95 Behaviour and Technology residential renovation settings,The report specifies 2.8% per year and a 40% shallow 50% medium 10% deep distribution by 2025. The model applies these values from 2026 through 2050 to the fixed 2025 R1-R4 dwelling stock.
central,2025,2050,0.028,2.8,0.4,0.5,0.1,Flemish Region,BE_TABULA_13,Terraced house,1971-1990,TABULA_existing,TABULA_existing,3244134,78094.153296,R1-R3 building-age profiles are applied to the matching dwelling totals; each resulting house-category dwelling retains its whole-house TABULA geometry; national absolute heat-demand and capacity results are conditional on this mapping,0.69,0.68,0.7,53884.9657742,53104.0242413,54665.9073072,0,0,0,0,53884.9657742,53884.9657742,0.016609969186,0.09,0.09,90835.75200000001,36334.300800000005,45417.876000000004,9083.575200000001,2270893.8000000003,908357.5200000001,1362536.2800000003,0,0,specific_heat_loss_z_W_m2K_descending_current_state,1,0.85,0.85,3.5,4,14.1,3622.29,7.82690146932,20,181.1145,0.391345073466,325.51,60.6733575,2.29461293821,existing_unspecified,,,label A / 100 kWh/m2.year,100,https://www.vlaanderen.be/veka/energie-en-klimaatbeleid/vlaamse-langetermijnrenovatiestrategie-voor-gebouwen-2050,current regional long-term target,https://energy.ec.europa.eu/topics/energy-efficiency/energy-performance-buildings/national-building-renovation-plans_en,National Building Renovation Plans page; no Flemish draft listed at verification date,https://publicaties.vlaanderen.be/view-file/70827,https://episcope.eu/fileadmin/tabula/public/docs/scientific/BE_TABULA_ScientificReport_VITO.pdf,"independence/null assumption: P(state | region, archetype) = P(state | region)",official national pathway calibration with post-2025 extrapolation,https://climat.be/doc/climate-neutral-belgium-by-2050-report.pdf,Scenarios for a Climate Neutral Belgium by 2050; Appendix 1 Table 1; PDF and printed page 49; CORE-95 Behaviour and Technology residential renovation settings,The report specifies 2.8% per year and a 40% shallow 50% medium 10% deep distribution by 2025. The model applies these values from 2026 through 2050 to the fixed 2025 R1-R4 dwelling stock.
central,2025,2050,0.028,2.8,0.4,0.5,0.1,Flemish Region,BE_TABULA_13,Terraced house,1971-1990,TABULA_standard_B_proxy,TABULA_standard_B_proxy,3244134,78094.153296,R1-R3 building-age profiles are applied to the matching dwelling totals; each resulting house-category dwelling retains its whole-house TABULA geometry; national absolute heat-demand and capacity results are conditional on this mapping,0.22,0.215,0.225,17180.7137251,16790.2429586,17571.1844916,0,0,0,0,17180.7137251,17180.7137251,0.005295932204,0.09,0.09,90835.75200000001,36334.300800000005,45417.876000000004,9083.575200000001,2270893.8000000003,908357.5200000001,1362536.2800000003,0,0,specific_heat_loss_z_W_m2K_descending_current_state,0.4,0.3,0.4,2,2.9,6,1541.4,3.33059636992,20,77.07,0.166529818496,157.77,25.81845,1.09084046346,exhaust_air_ventilation,0,False,label A / 100 kWh/m2.year,100,https://www.vlaanderen.be/veka/energie-en-klimaatbeleid/vlaamse-langetermijnrenovatiestrategie-voor-gebouwen-2050,current regional long-term target,https://energy.ec.europa.eu/topics/energy-efficiency/energy-performance-buildings/national-building-renovation-plans_en,National Building Renovation Plans page; no Flemish draft listed at verification date,https://publicaties.vlaanderen.be/view-file/70827,https://episcope.eu/fileadmin/tabula/public/docs/scientific/BE_TABULA_ScientificReport_VITO.pdf,"independence/null assumption: P(state | region, archetype) = P(state | region)",official national pathway calibration with post-2025 extrapolation,https://climat.be/doc/climate-neutral-belgium-by-2050-report.pdf,Scenarios for a Climate Neutral Belgium by 2050; Appendix 1 Table 1; PDF and printed page 49; CORE-95 Behaviour and Technology residential renovation settings,The report specifies 2.8% per year and a 40% shallow 50% medium 10% deep distribution by 2025. The model applies these values from 2026 through 2050 to the fixed 2025 R1-R4 dwelling stock.
central,2025,2050,0.028,2.8,0.4,0.5,0.1,Flemish Region,BE_TABULA_13,Terraced house,1971-1990,TABULA_advanced_A_proxy,TABULA_advanced_A_proxy,3244134,78094.153296,R1-R3 building-age profiles are applied to the matching dwelling totals; each resulting house-category dwelling retains its whole-house TABULA geometry; national absolute heat-demand and capacity results are conditional on this mapping,0.09,0.085,0.095,7028.47379664,6638.00303016,7418.94456312,0,0,0,0,7028.47379664,7028.47379664,0.00216651772,0.09,0.09,90835.75200000001,36334.300800000005,45417.876000000004,9083.575200000001,2270893.8000000003,908357.5200000001,1362536.2800000003,0,0,specific_heat_loss_z_W_m2K_descending_current_state,0.25,0.15,0.25,1.6,1.6,2.5,642.25,1.38774848747,20,32.1125,0.069387424373,102.18,10.7576875,0.671049836601,balanced_mechanical_HRV,0.8,True,label A / 100 kWh/m2.year,100,https://www.vlaanderen.be/veka/energie-en-klimaatbeleid/vlaamse-langetermijnrenovatiestrategie-voor-gebouwen-2050,current regional long-term target,https://energy.ec.europa.eu/topics/energy-efficiency/energy-performance-buildings/national-building-renovation-plans_en,National Building Renovation Plans page; no Flemish draft listed at verification date,https://publicaties.vlaanderen.be/view-file/70827,https://episcope.eu/fileadmin/tabula/public/docs/scientific/BE_TABULA_ScientificReport_VITO.pdf,"independence/null assumption: P(state | region, archetype) = P(state | region)",official national pathway calibration with post-2025 extrapolation,https://climat.be/doc/climate-neutral-belgium-by-2050-report.pdf,Scenarios for a Climate Neutral Belgium by 2050; Appendix 1 Table 1; PDF and printed page 49; CORE-95 Behaviour and Technology residential renovation settings,The report specifies 2.8% per year and a 40% shallow 50% medium 10% deep distribution by 2025. The model applies these values from 2026 through 2050 to the fixed 2025 R1-R4 dwelling stock.
central,2025,2050,0.028,2.8,0.4,0.5,0.1,Flemish Region,BE_TABULA_14,"Apartment, enclosed",1971-1990,TABULA_existing,TABULA_existing,3244134,107385.793367,R1-R3 building-age profiles are applied to the matching dwelling totals; each resulting house-category dwelling retains its whole-house TABULA geometry; national absolute heat-demand and capacity results are conditional on this mapping,0.69,0.68,0.7,74096.1974229,73022.3394892,75170.0553566,0,0,0,0,74096.1974229,74096.1974229,0.022840054518,0.09,0.09,90835.75200000001,36334.300800000005,45417.876000000004,9083.575200000001,2270893.8000000003,908357.5200000001,1362536.2800000003,0,0,specific_heat_loss_z_W_m2K_descending_current_state,1,0.85,0.85,3.5,4,14.1,631.68,1.97215110834,20,31.584,0.098607555417,111.7,10.58064,1.22158481518,existing_unspecified,,,label A / 100 kWh/m2.year,100,https://www.vlaanderen.be/veka/energie-en-klimaatbeleid/vlaamse-langetermijnrenovatiestrategie-voor-gebouwen-2050,current regional long-term target,https://energy.ec.europa.eu/topics/energy-efficiency/energy-performance-buildings/national-building-renovation-plans_en,National Building Renovation Plans page; no Flemish draft listed at verification date,https://publicaties.vlaanderen.be/view-file/70827,https://episcope.eu/fileadmin/tabula/public/docs/scientific/BE_TABULA_ScientificReport_VITO.pdf,"independence/null assumption: P(state | region, archetype) = P(state | region)",official national pathway calibration with post-2025 extrapolation,https://climat.be/doc/climate-neutral-belgium-by-2050-report.pdf,Scenarios for a Climate Neutral Belgium by 2050; Appendix 1 Table 1; PDF and printed page 49; CORE-95 Behaviour and Technology residential renovation settings,The report specifies 2.8% per year and a 40% shallow 50% medium 10% deep distribution by 2025. The model applies these values from 2026 through 2050 to the fixed 2025 R1-R4 dwelling stock.
central,2025,2050,0.028,2.8,0.4,0.5,0.1,Flemish Region,BE_TABULA_14,"Apartment, enclosed",1971-1990,TABULA_standard_B_proxy,TABULA_standard_B_proxy,3244134,107385.793367,R1-R3 building-age profiles are applied to the matching dwelling totals; each resulting house-category dwelling retains its whole-house TABULA geometry; national absolute heat-demand and capacity results are conditional on this mapping,0.22,0.215,0.225,23624.8745406,23087.9455738,24161.8035075,0,0,0,0,23624.8745406,23624.8745406,0.007282336223,0.09,0.09,90835.75200000001,36334.300800000005,45417.876000000004,9083.575200000001,2270893.8000000003,908357.5200000001,1362536.2800000003,0,0,specific_heat_loss_z_W_m2K_descending_current_state,0.4,0.3,0.4,2,2.9,6,268.8,0.83921323759,20,13.44,0.04196066188,60.76,4.5024,0.651972027972,exhaust_air_ventilation,0,False,label A / 100 kWh/m2.year,100,https://www.vlaanderen.be/veka/energie-en-klimaatbeleid/vlaamse-langetermijnrenovatiestrategie-voor-gebouwen-2050,current regional long-term target,https://energy.ec.europa.eu/topics/energy-efficiency/energy-performance-buildings/national-building-renovation-plans_en,National Building Renovation Plans page; no Flemish draft listed at verification date,https://publicaties.vlaanderen.be/view-file/70827,https://episcope.eu/fileadmin/tabula/public/docs/scientific/BE_TABULA_ScientificReport_VITO.pdf,"independence/null assumption: P(state | region, archetype) = P(state | region)",official national pathway calibration with post-2025 extrapolation,https://climat.be/doc/climate-neutral-belgium-by-2050-report.pdf,Scenarios for a Climate Neutral Belgium by 2050; Appendix 1 Table 1; PDF and printed page 49; CORE-95 Behaviour and Technology residential renovation settings,The report specifies 2.8% per year and a 40% shallow 50% medium 10% deep distribution by 2025. The model applies these values from 2026 through 2050 to the fixed 2025 R1-R4 dwelling stock.
central,2025,2050,0.028,2.8,0.4,0.5,0.1,Flemish Region,BE_TABULA_14,"Apartment, enclosed",1971-1990,TABULA_advanced_A_proxy,TABULA_advanced_A_proxy,3244134,107385.793367,R1-R3 building-age profiles are applied to the matching dwelling totals; each resulting house-category dwelling retains its whole-house TABULA geometry; national absolute heat-demand and capacity results are conditional on this mapping,0.09,0.085,0.095,9664.72140299,9127.79243615,10201.6503698,0,0,0,0,9664.72140299,9664.72140299,0.002979137546,0.09,0.09,90835.75200000001,36334.300800000005,45417.876000000004,9083.575200000001,2270893.8000000003,908357.5200000001,1362536.2800000003,0,0,specific_heat_loss_z_W_m2K_descending_current_state,0.25,0.15,0.25,1.6,1.6,2.5,112,0.349672182329,20,5.6,0.017483609117,47.355,1.876,0.491818181818,balanced_mechanical_HRV,0.8,True,label A / 100 kWh/m2.year,100,https://www.vlaanderen.be/veka/energie-en-klimaatbeleid/vlaamse-langetermijnrenovatiestrategie-voor-gebouwen-2050,current regional long-term target,https://energy.ec.europa.eu/topics/energy-efficiency/energy-performance-buildings/national-building-renovation-plans_en,National Building Renovation Plans page; no Flemish draft listed at verification date,https://publicaties.vlaanderen.be/view-file/70827,https://episcope.eu/fileadmin/tabula/public/docs/scientific/BE_TABULA_ScientificReport_VITO.pdf,"independence/null assumption: P(state | region, archetype) = P(state | region)",official national pathway calibration with post-2025 extrapolation,https://climat.be/doc/climate-neutral-belgium-by-2050-report.pdf,Scenarios for a Climate Neutral Belgium by 2050; Appendix 1 Table 1; PDF and printed page 49; CORE-95 Behaviour and Technology residential renovation settings,The report specifies 2.8% per year and a 40% shallow 50% medium 10% deep distribution by 2025. The model applies these values from 2026 through 2050 to the fixed 2025 R1-R4 dwelling stock.
central,2025,2050,0.028,2.8,0.4,0.5,0.1,Flemish Region,BE_TABULA_15,"Apartment, exposed",1971-1990,TABULA_existing,TABULA_existing,3244134,107385.793367,R1-R3 building-age profiles are applied to the matching dwelling totals; each resulting house-category dwelling retains its whole-house TABULA geometry; national absolute heat-demand and capacity results are conditional on this mapping,0.69,0.68,0.7,74096.1974229,73022.3394892,75170.0553566,65012.622222900005,9083.575200000001,0,0,0,0,0,0.09,0.174588239423,90835.75200000001,36334.300800000005,45417.876000000004,9083.575200000001,2270893.8000000003,908357.5200000001,1362536.2800000003,0,0,specific_heat_loss_z_W_m2K_descending_current_state,1,0.85,0.85,3.5,4,14.1,2688.87,8.39484857946,20,134.4435,0.419742428973,242.585,45.0385725,2.87336236264,existing_unspecified,,,label A / 100 kWh/m2.year,100,https://www.vlaanderen.be/veka/energie-en-klimaatbeleid/vlaamse-langetermijnrenovatiestrategie-voor-gebouwen-2050,current regional long-term target,https://energy.ec.europa.eu/topics/energy-efficiency/energy-performance-buildings/national-building-renovation-plans_en,National Building Renovation Plans page; no Flemish draft listed at verification date,https://publicaties.vlaanderen.be/view-file/70827,https://episcope.eu/fileadmin/tabula/public/docs/scientific/BE_TABULA_ScientificReport_VITO.pdf,"independence/null assumption: P(state | region, archetype) = P(state | region)",official national pathway calibration with post-2025 extrapolation,https://climat.be/doc/climate-neutral-belgium-by-2050-report.pdf,Scenarios for a Climate Neutral Belgium by 2050; Appendix 1 Table 1; PDF and printed page 49; CORE-95 Behaviour and Technology residential renovation settings,The report specifies 2.8% per year and a 40% shallow 50% medium 10% deep distribution by 2025. The model applies these values from 2026 through 2050 to the fixed 2025 R1-R4 dwelling stock.
central,2025,2050,0.028,2.8,0.4,0.5,0.1,Flemish Region,BE_TABULA_15,"Apartment, exposed",1971-1990,TABULA_standard_B_proxy,TABULA_standard_B_proxy,3244134,107385.793367,R1-R3 building-age profiles are applied to the matching dwelling totals; each resulting house-category dwelling retains its whole-house TABULA geometry; national absolute heat-demand and capacity results are conditional on this mapping,0.22,0.215,0.225,23624.8745406,23087.9455738,24161.8035075,0,0,65012.622222900005,0,88637.4967635,88637.4967635,0.027322390741,0.09,0.174588239423,90835.75200000001,36334.300800000005,45417.876000000004,9083.575200000001,2270893.8000000003,908357.5200000001,1362536.2800000003,0,0,specific_heat_loss_z_W_m2K_descending_current_state,0.4,0.3,0.4,2,2.9,6,1144.2,3.57227599126,20,57.21,0.178613799563,109.11,19.16535,1.28147202797,exhaust_air_ventilation,0,False,label A / 100 kWh/m2.year,100,https://www.vlaanderen.be/veka/energie-en-klimaatbeleid/vlaamse-langetermijnrenovatiestrategie-voor-gebouwen-2050,current regional long-term target,https://energy.ec.europa.eu/topics/energy-efficiency/energy-performance-buildings/national-building-renovation-plans_en,National Building Renovation Plans page; no Flemish draft listed at verification date,https://publicaties.vlaanderen.be/view-file/70827,https://episcope.eu/fileadmin/tabula/public/docs/scientific/BE_TABULA_ScientificReport_VITO.pdf,"independence/null assumption: P(state | region, archetype) = P(state | region)",official national pathway calibration with post-2025 extrapolation,https://climat.be/doc/climate-neutral-belgium-by-2050-report.pdf,Scenarios for a Climate Neutral Belgium by 2050; Appendix 1 Table 1; PDF and printed page 49; CORE-95 Behaviour and Technology residential renovation settings,The report specifies 2.8% per year and a 40% shallow 50% medium 10% deep distribution by 2025. The model applies these values from 2026 through 2050 to the fixed 2025 R1-R4 dwelling stock.
central,2025,2050,0.028,2.8,0.4,0.5,0.1,Flemish Region,BE_TABULA_15,"Apartment, exposed",1971-1990,TABULA_advanced_A_proxy,TABULA_advanced_A_proxy,3244134,107385.793367,R1-R3 building-age profiles are applied to the matching dwelling totals; each resulting house-category dwelling retains its whole-house TABULA geometry; national absolute heat-demand and capacity results are conditional on this mapping,0.09,0.085,0.095,9664.72140299,9127.79243615,10201.6503698,0,0,0,9083.575200000001,18748.29660299,18748.29660299,0.005779137546,0.09,0.174588239423,90835.75200000001,36334.300800000005,45417.876000000004,9083.575200000001,2270893.8000000003,908357.5200000001,1362536.2800000003,0,0,specific_heat_loss_z_W_m2K_descending_current_state,0.25,0.15,0.25,1.6,1.6,2.5,476.75,1.48844832969,20,23.8375,0.074422416485,73.82,7.9855625,0.817238386613,balanced_mechanical_HRV,0.8,True,label A / 100 kWh/m2.year,100,https://www.vlaanderen.be/veka/energie-en-klimaatbeleid/vlaamse-langetermijnrenovatiestrategie-voor-gebouwen-2050,current regional long-term target,https://energy.ec.europa.eu/topics/energy-efficiency/energy-performance-buildings/national-building-renovation-plans_en,National Building Renovation Plans page; no Flemish draft listed at verification date,https://publicaties.vlaanderen.be/view-file/70827,https://episcope.eu/fileadmin/tabula/public/docs/scientific/BE_TABULA_ScientificReport_VITO.pdf,"independence/null assumption: P(state | region, archetype) = P(state | region)",official national pathway calibration with post-2025 extrapolation,https://climat.be/doc/climate-neutral-belgium-by-2050-report.pdf,Scenarios for a Climate Neutral Belgium by 2050; Appendix 1 Table 1; PDF and printed page 49; CORE-95 Behaviour and Technology residential renovation settings,The report specifies 2.8% per year and a 40% shallow 50% medium 10% deep distribution by 2025. The model applies these values from 2026 through 2050 to the fixed 2025 R1-R4 dwelling stock.
central,2025,2050,0.028,2.8,0.4,0.5,0.1,Flemish Region,BE_TABULA_16,Detached house,1991-2005,TABULA_existing,TABULA_existing,3244134,190549.093597,R1-R3 building-age profiles are applied to the matching dwelling totals; each resulting house-category dwelling retains its whole-house TABULA geometry; national absolute heat-demand and capacity results are conditional on this mapping,0.69,0.68,0.7,131478.874582,129573.383646,133384.365518,47867.522766500086,9083.575200000001,0,0,74527.7766154999,74527.7766154999,0.022973088231,0.09,0.137670524317,90835.75200000001,36334.300800000005,45417.876000000004,9083.575200000001,2270893.8000000003,908357.5200000001,1362536.2800000003,0,0,specific_heat_loss_z_W_m2K_descending_current_state,0.6,0.6,0.7,3.5,3.5,12,6697.2,9.42603800141,20,334.86,0.47130190007,513.87,112.1781,2.42278676471,existing_unspecified,,,label A / 100 kWh/m2.year,100,https://www.vlaanderen.be/veka/energie-en-klimaatbeleid/vlaamse-langetermijnrenovatiestrategie-voor-gebouwen-2050,current regional long-term target,https://energy.ec.europa.eu/topics/energy-efficiency/energy-performance-buildings/national-building-renovation-plans_en,National Building Renovation Plans page; no Flemish draft listed at verification date,https://publicaties.vlaanderen.be/view-file/70827,https://episcope.eu/fileadmin/tabula/public/docs/scientific/BE_TABULA_ScientificReport_VITO.pdf,"independence/null assumption: P(state | region, archetype) = P(state | region)",official national pathway calibration with post-2025 extrapolation,https://climat.be/doc/climate-neutral-belgium-by-2050-report.pdf,Scenarios for a Climate Neutral Belgium by 2050; Appendix 1 Table 1; PDF and printed page 49; CORE-95 Behaviour and Technology residential renovation settings,The report specifies 2.8% per year and a 40% shallow 50% medium 10% deep distribution by 2025. The model applies these values from 2026 through 2050 to the fixed 2025 R1-R4 dwelling stock.
central,2025,2050,0.028,2.8,0.4,0.5,0.1,Flemish Region,BE_TABULA_16,Detached house,1991-2005,TABULA_standard_B_proxy,TABULA_standard_B_proxy,3244134,190549.093597,R1-R3 building-age profiles are applied to the matching dwelling totals; each resulting house-category dwelling retains its whole-house TABULA geometry; national absolute heat-demand and capacity results are conditional on this mapping,0.22,0.215,0.225,41920.8005913,40968.0551233,42873.5460593,0,0,47867.522766500086,0,89788.32335780008,89788.32335780008,0.027677131511,0.09,0.137670524317,90835.75200000001,36334.300800000005,45417.876000000004,9083.575200000001,2270893.8000000003,908357.5200000001,1362536.2800000003,0,0,specific_heat_loss_z_W_m2K_descending_current_state,0.4,0.3,0.4,2,2.9,6,3348.6,4.7130190007,20,167.43,0.235650950035,308.55,56.08905,1.41114183437,exhaust_air_ventilation,0,False,label A / 100 kWh/m2.year,100,https://www.vlaanderen.be/veka/energie-en-klimaatbeleid/vlaamse-langetermijnrenovatiestrategie-voor-gebouwen-2050,current regional long-term target,https://energy.ec.europa.eu/topics/energy-efficiency/energy-performance-buildings/national-building-renovation-plans_en,National Building Renovation Plans page; no Flemish draft listed at verification date,https://publicaties.vlaanderen.be/view-file/70827,https://episcope.eu/fileadmin/tabula/public/docs/scientific/BE_TABULA_ScientificReport_VITO.pdf,"independence/null assumption: P(state | region, archetype) = P(state | region)",official national pathway calibration with post-2025 extrapolation,https://climat.be/doc/climate-neutral-belgium-by-2050-report.pdf,Scenarios for a Climate Neutral Belgium by 2050; Appendix 1 Table 1; PDF and printed page 49; CORE-95 Behaviour and Technology residential renovation settings,The report specifies 2.8% per year and a 40% shallow 50% medium 10% deep distribution by 2025. The model applies these values from 2026 through 2050 to the fixed 2025 R1-R4 dwelling stock.
central,2025,2050,0.028,2.8,0.4,0.5,0.1,Flemish Region,BE_TABULA_16,Detached house,1991-2005,TABULA_advanced_A_proxy,TABULA_advanced_A_proxy,3244134,190549.093597,R1-R3 building-age profiles are applied to the matching dwelling totals; each resulting house-category dwelling retains its whole-house TABULA geometry; national absolute heat-demand and capacity results are conditional on this mapping,0.09,0.085,0.095,17149.4184237,16196.6729557,18102.1638917,0,0,0,9083.575200000001,26232.9936237,26232.9936237,0.008086285469,0.09,0.137670524317,90835.75200000001,36334.300800000005,45417.876000000004,9083.575200000001,2270893.8000000003,908357.5200000001,1362536.2800000003,0,0,specific_heat_loss_z_W_m2K_descending_current_state,0.25,0.15,0.25,1.6,1.6,2.5,1395.25,1.96375791696,20,69.7625,0.098187895848,200.23,23.3704375,0.865326770511,balanced_mechanical_HRV,0.8,True,label A / 100 kWh/m2.year,100,https://www.vlaanderen.be/veka/energie-en-klimaatbeleid/vlaamse-langetermijnrenovatiestrategie-voor-gebouwen-2050,current regional long-term target,https://energy.ec.europa.eu/topics/energy-efficiency/energy-performance-buildings/national-building-renovation-plans_en,National Building Renovation Plans page; no Flemish draft listed at verification date,https://publicaties.vlaanderen.be/view-file/70827,https://episcope.eu/fileadmin/tabula/public/docs/scientific/BE_TABULA_ScientificReport_VITO.pdf,"independence/null assumption: P(state | region, archetype) = P(state | region)",official national pathway calibration with post-2025 extrapolation,https://climat.be/doc/climate-neutral-belgium-by-2050-report.pdf,Scenarios for a Climate Neutral Belgium by 2050; Appendix 1 Table 1; PDF and printed page 49; CORE-95 Behaviour and Technology residential renovation settings,The report specifies 2.8% per year and a 40% shallow 50% medium 10% deep distribution by 2025. The model applies these values from 2026 through 2050 to the fixed 2025 R1-R4 dwelling stock.
central,2025,2050,0.028,2.8,0.4,0.5,0.1,Flemish Region,BE_TABULA_17,Semi-detached house,1991-2005,TABULA_existing,TABULA_existing,3244134,65700.9622888,R1-R3 building-age profiles are applied to the matching dwelling totals; each resulting house-category dwelling retains its whole-house TABULA geometry; national absolute heat-demand and capacity results are conditional on this mapping,0.69,0.68,0.7,45333.6639793,44676.6543564,45990.6736022,0,0,0,0,45333.6639793,45333.6639793,0.013974041756,0.09,0.09,90835.75200000001,36334.300800000005,45417.876000000004,9083.575200000001,2270893.8000000003,908357.5200000001,1362536.2800000003,0,0,specific_heat_loss_z_W_m2K_descending_current_state,0.6,0.6,0.7,3.5,3.5,12,4920,7.98830979055,20,246,0.399415489528,382.84,82.41,2.07700892857,existing_unspecified,,,label A / 100 kWh/m2.year,100,https://www.vlaanderen.be/veka/energie-en-klimaatbeleid/vlaamse-langetermijnrenovatiestrategie-voor-gebouwen-2050,current regional long-term target,https://energy.ec.europa.eu/topics/energy-efficiency/energy-performance-buildings/national-building-renovation-plans_en,National Building Renovation Plans page; no Flemish draft listed at verification date,https://publicaties.vlaanderen.be/view-file/70827,https://episcope.eu/fileadmin/tabula/public/docs/scientific/BE_TABULA_ScientificReport_VITO.pdf,"independence/null assumption: P(state | region, archetype) = P(state | region)",official national pathway calibration with post-2025 extrapolation,https://climat.be/doc/climate-neutral-belgium-by-2050-report.pdf,Scenarios for a Climate Neutral Belgium by 2050; Appendix 1 Table 1; PDF and printed page 49; CORE-95 Behaviour and Technology residential renovation settings,The report specifies 2.8% per year and a 40% shallow 50% medium 10% deep distribution by 2025. The model applies these values from 2026 through 2050 to the fixed 2025 R1-R4 dwelling stock.
central,2025,2050,0.028,2.8,0.4,0.5,0.1,Flemish Region,BE_TABULA_17,Semi-detached house,1991-2005,TABULA_standard_B_proxy,TABULA_standard_B_proxy,3244134,65700.9622888,R1-R3 building-age profiles are applied to the matching dwelling totals; each resulting house-category dwelling retains its whole-house TABULA geometry; national absolute heat-demand and capacity results are conditional on this mapping,0.22,0.215,0.225,14454.2117035,14125.7068921,14782.716515,0,0,0,0,14454.2117035,14454.2117035,0.004455491574,0.09,0.09,90835.75200000001,36334.300800000005,45417.876000000004,9083.575200000001,2270893.8000000003,908357.5200000001,1362536.2800000003,0,0,specific_heat_loss_z_W_m2K_descending_current_state,0.4,0.3,0.4,2,2.9,6,2460,3.99415489528,20,123,0.199707744764,229.83,41.205,1.20997767857,exhaust_air_ventilation,0,False,label A / 100 kWh/m2.year,100,https://www.vlaanderen.be/veka/energie-en-klimaatbeleid/vlaamse-langetermijnrenovatiestrategie-voor-gebouwen-2050,current regional long-term target,https://energy.ec.europa.eu/topics/energy-efficiency/energy-performance-buildings/national-building-renovation-plans_en,National Building Renovation Plans page; no Flemish draft listed at verification date,https://publicaties.vlaanderen.be/view-file/70827,https://episcope.eu/fileadmin/tabula/public/docs/scientific/BE_TABULA_ScientificReport_VITO.pdf,"independence/null assumption: P(state | region, archetype) = P(state | region)",official national pathway calibration with post-2025 extrapolation,https://climat.be/doc/climate-neutral-belgium-by-2050-report.pdf,Scenarios for a Climate Neutral Belgium by 2050; Appendix 1 Table 1; PDF and printed page 49; CORE-95 Behaviour and Technology residential renovation settings,The report specifies 2.8% per year and a 40% shallow 50% medium 10% deep distribution by 2025. The model applies these values from 2026 through 2050 to the fixed 2025 R1-R4 dwelling stock.
central,2025,2050,0.028,2.8,0.4,0.5,0.1,Flemish Region,BE_TABULA_17,Semi-detached house,1991-2005,TABULA_advanced_A_proxy,TABULA_advanced_A_proxy,3244134,65700.9622888,R1-R3 building-age profiles are applied to the matching dwelling totals; each resulting house-category dwelling retains its whole-house TABULA geometry; national absolute heat-demand and capacity results are conditional on this mapping,0.09,0.085,0.095,5913.086606,5584.58179455,6241.59141744,0,0,0,0,5913.086606,5913.086606,0.001822701099,0.09,0.09,90835.75200000001,36334.300800000005,45417.876000000004,9083.575200000001,2270893.8000000003,908357.5200000001,1362536.2800000003,0,0,specific_heat_loss_z_W_m2K_descending_current_state,0.25,0.15,0.25,1.6,1.6,2.5,1025,1.66423120636,20,51.25,0.083211560318,148.865,17.16875,0.741222098214,balanced_mechanical_HRV,0.8,True,label A / 100 kWh/m2.year,100,https://www.vlaanderen.be/veka/energie-en-klimaatbeleid/vlaamse-langetermijnrenovatiestrategie-voor-gebouwen-2050,current regional long-term target,https://energy.ec.europa.eu/topics/energy-efficiency/energy-performance-buildings/national-building-renovation-plans_en,National Building Renovation Plans page; no Flemish draft listed at verification date,https://publicaties.vlaanderen.be/view-file/70827,https://episcope.eu/fileadmin/tabula/public/docs/scientific/BE_TABULA_ScientificReport_VITO.pdf,"independence/null assumption: P(state | region, archetype) = P(state | region)",official national pathway calibration with post-2025 extrapolation,https://climat.be/doc/climate-neutral-belgium-by-2050-report.pdf,Scenarios for a Climate Neutral Belgium by 2050; Appendix 1 Table 1; PDF and printed page 49; CORE-95 Behaviour and Technology residential renovation settings,The report specifies 2.8% per year and a 40% shallow 50% medium 10% deep distribution by 2025. The model applies these values from 2026 through 2050 to the fixed 2025 R1-R4 dwelling stock.
central,2025,2050,0.028,2.8,0.4,0.5,0.1,Flemish Region,BE_TABULA_18,Terraced house,1991-2005,TABULA_existing,TABULA_existing,3244134,32787.6621564,R1-R3 building-age profiles are applied to the matching dwelling totals; each resulting house-category dwelling retains its whole-house TABULA geometry; national absolute heat-demand and capacity results are conditional on this mapping,0.69,0.68,0.7,22623.4868879,22295.6102663,22951.3635095,0,0,0,0,22623.4868879,22623.4868879,0.006973659808,0.09,0.09,90835.75200000001,36334.300800000005,45417.876000000004,9083.575200000001,2270893.8000000003,908357.5200000001,1362536.2800000003,0,0,specific_heat_loss_z_W_m2K_descending_current_state,0.6,0.6,0.7,3.5,3.5,10,2645,5.01992788005,20,132.25,0.250996394003,270,44.30375,1.64041623173,existing_unspecified,,,label A / 100 kWh/m2.year,100,https://www.vlaanderen.be/veka/energie-en-klimaatbeleid/vlaamse-langetermijnrenovatiestrategie-voor-gebouwen-2050,current regional long-term target,https://energy.ec.europa.eu/topics/energy-efficiency/energy-performance-buildings/national-building-renovation-plans_en,National Building Renovation Plans page; no Flemish draft listed at verification date,https://publicaties.vlaanderen.be/view-file/70827,https://episcope.eu/fileadmin/tabula/public/docs/scientific/BE_TABULA_ScientificReport_VITO.pdf,"independence/null assumption: P(state | region, archetype) = P(state | region)",official national pathway calibration with post-2025 extrapolation,https://climat.be/doc/climate-neutral-belgium-by-2050-report.pdf,Scenarios for a Climate Neutral Belgium by 2050; Appendix 1 Table 1; PDF and printed page 49; CORE-95 Behaviour and Technology residential renovation settings,The report specifies 2.8% per year and a 40% shallow 50% medium 10% deep distribution by 2025. The model applies these values from 2026 through 2050 to the fixed 2025 R1-R4 dwelling stock.
central,2025,2050,0.028,2.8,0.4,0.5,0.1,Flemish Region,BE_TABULA_18,Terraced house,1991-2005,TABULA_standard_B_proxy,TABULA_standard_B_proxy,3244134,32787.6621564,R1-R3 building-age profiles are applied to the matching dwelling totals; each resulting house-category dwelling retains its whole-house TABULA geometry; national absolute heat-demand and capacity results are conditional on this mapping,0.22,0.215,0.225,7213.2856744,7049.34736362,7377.22398518,0,0,0,0,7213.2856744,7213.2856744,0.002223485736,0.09,0.09,90835.75200000001,36334.300800000005,45417.876000000004,9083.575200000001,2270893.8000000003,908357.5200000001,1362536.2800000003,0,0,specific_heat_loss_z_W_m2K_descending_current_state,0.4,0.3,0.4,2,2.9,6,1587,3.01195672803,20,79.35,0.150597836402,164.18,26.58225,0.995627609603,exhaust_air_ventilation,0,False,label A / 100 kWh/m2.year,100,https://www.vlaanderen.be/veka/energie-en-klimaatbeleid/vlaamse-langetermijnrenovatiestrategie-voor-gebouwen-2050,current regional long-term target,https://energy.ec.europa.eu/topics/energy-efficiency/energy-performance-buildings/national-building-renovation-plans_en,National Building Renovation Plans page; no Flemish draft listed at verification date,https://publicaties.vlaanderen.be/view-file/70827,https://episcope.eu/fileadmin/tabula/public/docs/scientific/BE_TABULA_ScientificReport_VITO.pdf,"independence/null assumption: P(state | region, archetype) = P(state | region)",official national pathway calibration with post-2025 extrapolation,https://climat.be/doc/climate-neutral-belgium-by-2050-report.pdf,Scenarios for a Climate Neutral Belgium by 2050; Appendix 1 Table 1; PDF and printed page 49; CORE-95 Behaviour and Technology residential renovation settings,The report specifies 2.8% per year and a 40% shallow 50% medium 10% deep distribution by 2025. The model applies these values from 2026 through 2050 to the fixed 2025 R1-R4 dwelling stock.
central,2025,2050,0.028,2.8,0.4,0.5,0.1,Flemish Region,BE_TABULA_18,Terraced house,1991-2005,TABULA_advanced_A_proxy,TABULA_advanced_A_proxy,3244134,32787.6621564,R1-R3 building-age profiles are applied to the matching dwelling totals; each resulting house-category dwelling retains its whole-house TABULA geometry; national absolute heat-demand and capacity results are conditional on this mapping,0.09,0.085,0.095,2950.88959407,2786.95128329,3114.82790486,0,0,0,0,2950.88959407,2950.88959407,0.000909607801,0.09,0.09,90835.75200000001,36334.300800000005,45417.876000000004,9083.575200000001,2270893.8000000003,908357.5200000001,1362536.2800000003,0,0,specific_heat_loss_z_W_m2K_descending_current_state,0.25,0.15,0.25,1.6,1.6,2.5,661.25,1.25498197001,20,33.0625,0.062749098501,106.905,11.0759375,0.615766897182,balanced_mechanical_HRV,0.8,True,label A / 100 kWh/m2.year,100,https://www.vlaanderen.be/veka/energie-en-klimaatbeleid/vlaamse-langetermijnrenovatiestrategie-voor-gebouwen-2050,current regional long-term target,https://energy.ec.europa.eu/topics/energy-efficiency/energy-performance-buildings/national-building-renovation-plans_en,National Building Renovation Plans page; no Flemish draft listed at verification date,https://publicaties.vlaanderen.be/view-file/70827,https://episcope.eu/fileadmin/tabula/public/docs/scientific/BE_TABULA_ScientificReport_VITO.pdf,"independence/null assumption: P(state | region, archetype) = P(state | region)",official national pathway calibration with post-2025 extrapolation,https://climat.be/doc/climate-neutral-belgium-by-2050-report.pdf,Scenarios for a Climate Neutral Belgium by 2050; Appendix 1 Table 1; PDF and printed page 49; CORE-95 Behaviour and Technology residential renovation settings,The report specifies 2.8% per year and a 40% shallow 50% medium 10% deep distribution by 2025. The model applies these values from 2026 through 2050 to the fixed 2025 R1-R4 dwelling stock.
central,2025,2050,0.028,2.8,0.4,0.5,0.1,Flemish Region,BE_TABULA_19,"Apartment, enclosed",1991-2005,TABULA_existing,TABULA_existing,3244134,84769.7313148,R1-R3 building-age profiles are applied to the matching dwelling totals; each resulting house-category dwelling retains its whole-house TABULA geometry; national absolute heat-demand and capacity results are conditional on this mapping,0.69,0.68,0.7,58491.1146072,57643.417294,59338.8119203,0,0,0,0,58491.1146072,58491.1146072,0.01802980845,0.09,0.09,90835.75200000001,36334.300800000005,45417.876000000004,9083.575200000001,2270893.8000000003,908357.5200000001,1362536.2800000003,0,0,specific_heat_loss_z_W_m2K_descending_current_state,0.6,0.6,0.7,3.5,3.5,10,448,1.39868872932,20,22.4,0.069934436466,104.54,7.504,1.11932067932,existing_unspecified,,,label A / 100 kWh/m2.year,100,https://www.vlaanderen.be/veka/energie-en-klimaatbeleid/vlaamse-langetermijnrenovatiestrategie-voor-gebouwen-2050,current regional long-term target,https://energy.ec.europa.eu/topics/energy-efficiency/energy-performance-buildings/national-building-renovation-plans_en,National Building Renovation Plans page; no Flemish draft listed at verification date,https://publicaties.vlaanderen.be/view-file/70827,https://episcope.eu/fileadmin/tabula/public/docs/scientific/BE_TABULA_ScientificReport_VITO.pdf,"independence/null assumption: P(state | region, archetype) = P(state | region)",official national pathway calibration with post-2025 extrapolation,https://climat.be/doc/climate-neutral-belgium-by-2050-report.pdf,Scenarios for a Climate Neutral Belgium by 2050; Appendix 1 Table 1; PDF and printed page 49; CORE-95 Behaviour and Technology residential renovation settings,The report specifies 2.8% per year and a 40% shallow 50% medium 10% deep distribution by 2025. The model applies these values from 2026 through 2050 to the fixed 2025 R1-R4 dwelling stock.
central,2025,2050,0.028,2.8,0.4,0.5,0.1,Flemish Region,BE_TABULA_19,"Apartment, enclosed",1991-2005,TABULA_standard_B_proxy,TABULA_standard_B_proxy,3244134,84769.7313148,R1-R3 building-age profiles are applied to the matching dwelling totals; each resulting house-category dwelling retains its whole-house TABULA geometry; national absolute heat-demand and capacity results are conditional on this mapping,0.22,0.215,0.225,18649.3408892,18225.4922327,19073.1895458,0,0,0,0,18649.3408892,18649.3408892,0.005748634578,0.09,0.09,90835.75200000001,36334.300800000005,45417.876000000004,9083.575200000001,2270893.8000000003,908357.5200000001,1362536.2800000003,0,0,specific_heat_loss_z_W_m2K_descending_current_state,0.4,0.3,0.4,2,2.9,6,268.8,0.83921323759,20,13.44,0.04196066188,60.76,4.5024,0.651972027972,exhaust_air_ventilation,0,False,label A / 100 kWh/m2.year,100,https://www.vlaanderen.be/veka/energie-en-klimaatbeleid/vlaamse-langetermijnrenovatiestrategie-voor-gebouwen-2050,current regional long-term target,https://energy.ec.europa.eu/topics/energy-efficiency/energy-performance-buildings/national-building-renovation-plans_en,National Building Renovation Plans page; no Flemish draft listed at verification date,https://publicaties.vlaanderen.be/view-file/70827,https://episcope.eu/fileadmin/tabula/public/docs/scientific/BE_TABULA_ScientificReport_VITO.pdf,"independence/null assumption: P(state | region, archetype) = P(state | region)",official national pathway calibration with post-2025 extrapolation,https://climat.be/doc/climate-neutral-belgium-by-2050-report.pdf,Scenarios for a Climate Neutral Belgium by 2050; Appendix 1 Table 1; PDF and printed page 49; CORE-95 Behaviour and Technology residential renovation settings,The report specifies 2.8% per year and a 40% shallow 50% medium 10% deep distribution by 2025. The model applies these values from 2026 through 2050 to the fixed 2025 R1-R4 dwelling stock.
central,2025,2050,0.028,2.8,0.4,0.5,0.1,Flemish Region,BE_TABULA_19,"Apartment, enclosed",1991-2005,TABULA_advanced_A_proxy,TABULA_advanced_A_proxy,3244134,84769.7313148,R1-R3 building-age profiles are applied to the matching dwelling totals; each resulting house-category dwelling retains its whole-house TABULA geometry; national absolute heat-demand and capacity results are conditional on this mapping,0.09,0.085,0.095,7629.27581833,7205.42716175,8053.1244749,0,0,0,0,7629.27581833,7629.27581833,0.002351714146,0.09,0.09,90835.75200000001,36334.300800000005,45417.876000000004,9083.575200000001,2270893.8000000003,908357.5200000001,1362536.2800000003,0,0,specific_heat_loss_z_W_m2K_descending_current_state,0.25,0.15,0.25,1.6,1.6,2.5,112,0.349672182329,20,5.6,0.017483609117,47.355,1.876,0.491818181818,balanced_mechanical_HRV,0.8,True,label A / 100 kWh/m2.year,100,https://www.vlaanderen.be/veka/energie-en-klimaatbeleid/vlaamse-langetermijnrenovatiestrategie-voor-gebouwen-2050,current regional long-term target,https://energy.ec.europa.eu/topics/energy-efficiency/energy-performance-buildings/national-building-renovation-plans_en,National Building Renovation Plans page; no Flemish draft listed at verification date,https://publicaties.vlaanderen.be/view-file/70827,https://episcope.eu/fileadmin/tabula/public/docs/scientific/BE_TABULA_ScientificReport_VITO.pdf,"independence/null assumption: P(state | region, archetype) = P(state | region)",official national pathway calibration with post-2025 extrapolation,https://climat.be/doc/climate-neutral-belgium-by-2050-report.pdf,Scenarios for a Climate Neutral Belgium by 2050; Appendix 1 Table 1; PDF and printed page 49; CORE-95 Behaviour and Technology residential renovation settings,The report specifies 2.8% per year and a 40% shallow 50% medium 10% deep distribution by 2025. The model applies these values from 2026 through 2050 to the fixed 2025 R1-R4 dwelling stock.
central,2025,2050,0.028,2.8,0.4,0.5,0.1,Flemish Region,BE_TABULA_20,"Apartment, exposed",1991-2005,TABULA_existing,TABULA_existing,3244134,84769.7313148,R1-R3 building-age profiles are applied to the matching dwelling totals; each resulting house-category dwelling retains its whole-house TABULA geometry; national absolute heat-demand and capacity results are conditional on this mapping,0.69,0.68,0.7,58491.1146072,57643.417294,59338.8119203,0,0,0,0,58491.1146072,58491.1146072,0.01802980845,0.09,0.09,90835.75200000001,36334.300800000005,45417.876000000004,9083.575200000001,2270893.8000000003,908357.5200000001,1362536.2800000003,0,0,specific_heat_loss_z_W_m2K_descending_current_state,0.6,0.6,0.7,3.5,3.5,10,1907,5.95379331876,20,95.35,0.297689665938,192.08,31.94225,2.23798451548,existing_unspecified,,,label A / 100 kWh/m2.year,100,https://www.vlaanderen.be/veka/energie-en-klimaatbeleid/vlaamse-langetermijnrenovatiestrategie-voor-gebouwen-2050,current regional long-term target,https://energy.ec.europa.eu/topics/energy-efficiency/energy-performance-buildings/national-building-renovation-plans_en,National Building Renovation Plans page; no Flemish draft listed at verification date,https://publicaties.vlaanderen.be/view-file/70827,https://episcope.eu/fileadmin/tabula/public/docs/scientific/BE_TABULA_ScientificReport_VITO.pdf,"independence/null assumption: P(state | region, archetype) = P(state | region)",official national pathway calibration with post-2025 extrapolation,https://climat.be/doc/climate-neutral-belgium-by-2050-report.pdf,Scenarios for a Climate Neutral Belgium by 2050; Appendix 1 Table 1; PDF and printed page 49; CORE-95 Behaviour and Technology residential renovation settings,The report specifies 2.8% per year and a 40% shallow 50% medium 10% deep distribution by 2025. The model applies these values from 2026 through 2050 to the fixed 2025 R1-R4 dwelling stock.
central,2025,2050,0.028,2.8,0.4,0.5,0.1,Flemish Region,BE_TABULA_20,"Apartment, exposed",1991-2005,TABULA_standard_B_proxy,TABULA_standard_B_proxy,3244134,84769.7313148,R1-R3 building-age profiles are applied to the matching dwelling totals; each resulting house-category dwelling retains its whole-house TABULA geometry; national absolute heat-demand and capacity results are conditional on this mapping,0.22,0.215,0.225,18649.3408892,18225.4922327,19073.1895458,0,0,0,0,18649.3408892,18649.3408892,0.005748634578,0.09,0.09,90835.75200000001,36334.300800000005,45417.876000000004,9083.575200000001,2270893.8000000003,908357.5200000001,1362536.2800000003,0,0,specific_heat_loss_z_W_m2K_descending_current_state,0.4,0.3,0.4,2,2.9,6,1144.2,3.57227599126,20,57.21,0.178613799563,109.11,19.16535,1.28147202797,exhaust_air_ventilation,0,False,label A / 100 kWh/m2.year,100,https://www.vlaanderen.be/veka/energie-en-klimaatbeleid/vlaamse-langetermijnrenovatiestrategie-voor-gebouwen-2050,current regional long-term target,https://energy.ec.europa.eu/topics/energy-efficiency/energy-performance-buildings/national-building-renovation-plans_en,National Building Renovation Plans page; no Flemish draft listed at verification date,https://publicaties.vlaanderen.be/view-file/70827,https://episcope.eu/fileadmin/tabula/public/docs/scientific/BE_TABULA_ScientificReport_VITO.pdf,"independence/null assumption: P(state | region, archetype) = P(state | region)",official national pathway calibration with post-2025 extrapolation,https://climat.be/doc/climate-neutral-belgium-by-2050-report.pdf,Scenarios for a Climate Neutral Belgium by 2050; Appendix 1 Table 1; PDF and printed page 49; CORE-95 Behaviour and Technology residential renovation settings,The report specifies 2.8% per year and a 40% shallow 50% medium 10% deep distribution by 2025. The model applies these values from 2026 through 2050 to the fixed 2025 R1-R4 dwelling stock.
central,2025,2050,0.028,2.8,0.4,0.5,0.1,Flemish Region,BE_TABULA_20,"Apartment, exposed",1991-2005,TABULA_advanced_A_proxy,TABULA_advanced_A_proxy,3244134,84769.7313148,R1-R3 building-age profiles are applied to the matching dwelling totals; each resulting house-category dwelling retains its whole-house TABULA geometry; national absolute heat-demand and capacity results are conditional on this mapping,0.09,0.085,0.095,7629.27581833,7205.42716175,8053.1244749,0,0,0,0,7629.27581833,7629.27581833,0.002351714146,0.09,0.09,90835.75200000001,36334.300800000005,45417.876000000004,9083.575200000001,2270893.8000000003,908357.5200000001,1362536.2800000003,0,0,specific_heat_loss_z_W_m2K_descending_current_state,0.25,0.15,0.25,1.6,1.6,2.5,476.75,1.48844832969,20,23.8375,0.074422416485,73.82,7.9855625,0.817238386613,balanced_mechanical_HRV,0.8,True,label A / 100 kWh/m2.year,100,https://www.vlaanderen.be/veka/energie-en-klimaatbeleid/vlaamse-langetermijnrenovatiestrategie-voor-gebouwen-2050,current regional long-term target,https://energy.ec.europa.eu/topics/energy-efficiency/energy-performance-buildings/national-building-renovation-plans_en,National Building Renovation Plans page; no Flemish draft listed at verification date,https://publicaties.vlaanderen.be/view-file/70827,https://episcope.eu/fileadmin/tabula/public/docs/scientific/BE_TABULA_ScientificReport_VITO.pdf,"independence/null assumption: P(state | region, archetype) = P(state | region)",official national pathway calibration with post-2025 extrapolation,https://climat.be/doc/climate-neutral-belgium-by-2050-report.pdf,Scenarios for a Climate Neutral Belgium by 2050; Appendix 1 Table 1; PDF and printed page 49; CORE-95 Behaviour and Technology residential renovation settings,The report specifies 2.8% per year and a 40% shallow 50% medium 10% deep distribution by 2025. The model applies these values from 2026 through 2050 to the fixed 2025 R1-R4 dwelling stock.
central,2025,2050,0.028,2.8,0.4,0.5,0.1,Flemish Region,BE_TABULA_21,Detached house,post-2005,TABULA_existing,TABULA_existing,3244134,116680.916443,R1-R3 building-age profiles are applied to the matching dwelling totals; each resulting house-category dwelling retains its whole-house TABULA geometry; national absolute heat-demand and capacity results are conditional on this mapping,0.69,0.68,0.7,80509.832346,79343.0231815,81676.6415104,0,0,0,0,80509.832346,80509.832346,0.024817048971,0.09,0.09,90835.75200000001,36334.300800000005,45417.876000000004,9083.575200000001,2270893.8000000003,908357.5200000001,1362536.2800000003,0,0,specific_heat_loss_z_W_m2K_descending_current_state,0.4,0.3,0.4,2,2.9,6.1,3403.19,4.59022120313,20,170.1595,0.229511060156,332.28,57.0034325,1.44392964577,existing_unspecified,,,label A / 100 kWh/m2.year,100,https://www.vlaanderen.be/veka/energie-en-klimaatbeleid/vlaamse-langetermijnrenovatiestrategie-voor-gebouwen-2050,current regional long-term target,https://energy.ec.europa.eu/topics/energy-efficiency/energy-performance-buildings/national-building-renovation-plans_en,National Building Renovation Plans page; no Flemish draft listed at verification date,https://publicaties.vlaanderen.be/view-file/70827,https://episcope.eu/fileadmin/tabula/public/docs/scientific/BE_TABULA_ScientificReport_VITO.pdf,"independence/null assumption: P(state | region, archetype) = P(state | region)",official national pathway calibration with post-2025 extrapolation,https://climat.be/doc/climate-neutral-belgium-by-2050-report.pdf,Scenarios for a Climate Neutral Belgium by 2050; Appendix 1 Table 1; PDF and printed page 49; CORE-95 Behaviour and Technology residential renovation settings,The report specifies 2.8% per year and a 40% shallow 50% medium 10% deep distribution by 2025. The model applies these values from 2026 through 2050 to the fixed 2025 R1-R4 dwelling stock.
central,2025,2050,0.028,2.8,0.4,0.5,0.1,Flemish Region,BE_TABULA_21,Detached house,post-2005,TABULA_standard_B_proxy,TABULA_standard_B_proxy,3244134,116680.916443,R1-R3 building-age profiles are applied to the matching dwelling totals; each resulting house-category dwelling retains its whole-house TABULA geometry; national absolute heat-demand and capacity results are conditional on this mapping,0.22,0.215,0.225,25669.8016176,25086.3970353,26253.2061998,0,0,0,0,25669.8016176,25669.8016176,0.007912682281,0.09,0.09,90835.75200000001,36334.300800000005,45417.876000000004,9083.575200000001,2270893.8000000003,908357.5200000001,1362536.2800000003,0,0,specific_heat_loss_z_W_m2K_descending_current_state,0.4,0.3,0.4,2,2.9,6,3347.4,4.51497167521,20,167.37,0.22574858376,332.28,56.06895,1.44046346439,exhaust_air_ventilation,0,False,label A / 100 kWh/m2.year,100,https://www.vlaanderen.be/veka/energie-en-klimaatbeleid/vlaamse-langetermijnrenovatiestrategie-voor-gebouwen-2050,current regional long-term target,https://energy.ec.europa.eu/topics/energy-efficiency/energy-performance-buildings/national-building-renovation-plans_en,National Building Renovation Plans page; no Flemish draft listed at verification date,https://publicaties.vlaanderen.be/view-file/70827,https://episcope.eu/fileadmin/tabula/public/docs/scientific/BE_TABULA_ScientificReport_VITO.pdf,"independence/null assumption: P(state | region, archetype) = P(state | region)",official national pathway calibration with post-2025 extrapolation,https://climat.be/doc/climate-neutral-belgium-by-2050-report.pdf,Scenarios for a Climate Neutral Belgium by 2050; Appendix 1 Table 1; PDF and printed page 49; CORE-95 Behaviour and Technology residential renovation settings,The report specifies 2.8% per year and a 40% shallow 50% medium 10% deep distribution by 2025. The model applies these values from 2026 through 2050 to the fixed 2025 R1-R4 dwelling stock.
central,2025,2050,0.028,2.8,0.4,0.5,0.1,Flemish Region,BE_TABULA_21,Detached house,post-2005,TABULA_advanced_A_proxy,TABULA_advanced_A_proxy,3244134,116680.916443,R1-R3 building-age profiles are applied to the matching dwelling totals; each resulting house-category dwelling retains its whole-house TABULA geometry; national absolute heat-demand and capacity results are conditional on this mapping,0.09,0.085,0.095,10501.2824799,9917.87789769,11084.6870621,0,0,0,0,10501.2824799,10501.2824799,0.003237006387,0.09,0.09,90835.75200000001,36334.300800000005,45417.876000000004,9083.575200000001,2270893.8000000003,908357.5200000001,1362536.2800000003,0,0,specific_heat_loss_z_W_m2K_descending_current_state,0.25,0.15,0.25,1.6,1.6,2.5,1394.75,1.881238198,20,69.7375,0.0940619099,221.96,23.3620625,0.909948303042,balanced_mechanical_HRV,0.8,True,label A / 100 kWh/m2.year,100,https://www.vlaanderen.be/veka/energie-en-klimaatbeleid/vlaamse-langetermijnrenovatiestrategie-voor-gebouwen-2050,current regional long-term target,https://energy.ec.europa.eu/topics/energy-efficiency/energy-performance-buildings/national-building-renovation-plans_en,National Building Renovation Plans page; no Flemish draft listed at verification date,https://publicaties.vlaanderen.be/view-file/70827,https://episcope.eu/fileadmin/tabula/public/docs/scientific/BE_TABULA_ScientificReport_VITO.pdf,"independence/null assumption: P(state | region, archetype) = P(state | region)",official national pathway calibration with post-2025 extrapolation,https://climat.be/doc/climate-neutral-belgium-by-2050-report.pdf,Scenarios for a Climate Neutral Belgium by 2050; Appendix 1 Table 1; PDF and printed page 49; CORE-95 Behaviour and Technology residential renovation settings,The report specifies 2.8% per year and a 40% shallow 50% medium 10% deep distribution by 2025. The model applies these values from 2026 through 2050 to the fixed 2025 R1-R4 dwelling stock.
central,2025,2050,0.028,2.8,0.4,0.5,0.1,Flemish Region,BE_TABULA_22,Semi-detached house,post-2005,TABULA_existing,TABULA_existing,3244134,106865.947001,R1-R3 building-age profiles are applied to the matching dwelling totals; each resulting house-category dwelling retains its whole-house TABULA geometry; national absolute heat-demand and capacity results are conditional on this mapping,0.69,0.68,0.7,73737.5034307,72668.8439607,74806.1629007,0,0,0,0,73737.5034307,73737.5034307,0.022729487571,0.09,0.09,90835.75200000001,36334.300800000005,45417.876000000004,9083.575200000001,2270893.8000000003,908357.5200000001,1362536.2800000003,0,0,specific_heat_loss_z_W_m2K_descending_current_state,0.4,0.3,0.4,2,2.9,6.3,2569.77,3.99839738603,20,128.4885,0.199919869301,250.43,43.0436475,1.25577084938,existing_unspecified,,,label A / 100 kWh/m2.year,100,https://www.vlaanderen.be/veka/energie-en-klimaatbeleid/vlaamse-langetermijnrenovatiestrategie-voor-gebouwen-2050,current regional long-term target,https://energy.ec.europa.eu/topics/energy-efficiency/energy-performance-buildings/national-building-renovation-plans_en,National Building Renovation Plans page; no Flemish draft listed at verification date,https://publicaties.vlaanderen.be/view-file/70827,https://episcope.eu/fileadmin/tabula/public/docs/scientific/BE_TABULA_ScientificReport_VITO.pdf,"independence/null assumption: P(state | region, archetype) = P(state | region)",official national pathway calibration with post-2025 extrapolation,https://climat.be/doc/climate-neutral-belgium-by-2050-report.pdf,Scenarios for a Climate Neutral Belgium by 2050; Appendix 1 Table 1; PDF and printed page 49; CORE-95 Behaviour and Technology residential renovation settings,The report specifies 2.8% per year and a 40% shallow 50% medium 10% deep distribution by 2025. The model applies these values from 2026 through 2050 to the fixed 2025 R1-R4 dwelling stock.
central,2025,2050,0.028,2.8,0.4,0.5,0.1,Flemish Region,BE_TABULA_22,Semi-detached house,post-2005,TABULA_standard_B_proxy,TABULA_standard_B_proxy,3244134,106865.947001,R1-R3 building-age profiles are applied to the matching dwelling totals; each resulting house-category dwelling retains its whole-house TABULA geometry; national absolute heat-demand and capacity results are conditional on this mapping,0.22,0.215,0.225,23510.5083402,22976.1786052,24044.8380752,0,0,0,0,23510.5083402,23510.5083402,0.007247082994,0.09,0.09,90835.75200000001,36334.300800000005,45417.876000000004,9083.575200000001,2270893.8000000003,908357.5200000001,1362536.2800000003,0,0,specific_heat_loss_z_W_m2K_descending_current_state,0.4,0.3,0.4,2,2.9,6,2447.4,3.8079975105,20,122.37,0.190399875525,250.43,40.99395,1.24700021395,exhaust_air_ventilation,0,False,label A / 100 kWh/m2.year,100,https://www.vlaanderen.be/veka/energie-en-klimaatbeleid/vlaamse-langetermijnrenovatiestrategie-voor-gebouwen-2050,current regional long-term target,https://energy.ec.europa.eu/topics/energy-efficiency/energy-performance-buildings/national-building-renovation-plans_en,National Building Renovation Plans page; no Flemish draft listed at verification date,https://publicaties.vlaanderen.be/view-file/70827,https://episcope.eu/fileadmin/tabula/public/docs/scientific/BE_TABULA_ScientificReport_VITO.pdf,"independence/null assumption: P(state | region, archetype) = P(state | region)",official national pathway calibration with post-2025 extrapolation,https://climat.be/doc/climate-neutral-belgium-by-2050-report.pdf,Scenarios for a Climate Neutral Belgium by 2050; Appendix 1 Table 1; PDF and printed page 49; CORE-95 Behaviour and Technology residential renovation settings,The report specifies 2.8% per year and a 40% shallow 50% medium 10% deep distribution by 2025. The model applies these values from 2026 through 2050 to the fixed 2025 R1-R4 dwelling stock.
central,2025,2050,0.028,2.8,0.4,0.5,0.1,Flemish Region,BE_TABULA_22,Semi-detached house,post-2005,TABULA_advanced_A_proxy,TABULA_advanced_A_proxy,3244134,106865.947001,R1-R3 building-age profiles are applied to the matching dwelling totals; each resulting house-category dwelling retains its whole-house TABULA geometry; national absolute heat-demand and capacity results are conditional on this mapping,0.09,0.085,0.095,9617.93523009,9083.60549508,10152.2649651,0,0,0,0,9617.93523009,9617.93523009,0.00296471577,0.09,0.09,90835.75200000001,36334.300800000005,45417.876000000004,9083.575200000001,2270893.8000000003,908357.5200000001,1362536.2800000003,0,0,specific_heat_loss_z_W_m2K_descending_current_state,0.25,0.15,0.25,1.6,1.6,2.5,1019.75,1.58666562938,20,50.9875,0.079333281469,166.56,17.0808125,0.785797229354,balanced_mechanical_HRV,0.8,True,label A / 100 kWh/m2.year,100,https://www.vlaanderen.be/veka/energie-en-klimaatbeleid/vlaamse-langetermijnrenovatiestrategie-voor-gebouwen-2050,current regional long-term target,https://energy.ec.europa.eu/topics/energy-efficiency/energy-performance-buildings/national-building-renovation-plans_en,National Building Renovation Plans page; no Flemish draft listed at verification date,https://publicaties.vlaanderen.be/view-file/70827,https://episcope.eu/fileadmin/tabula/public/docs/scientific/BE_TABULA_ScientificReport_VITO.pdf,"independence/null assumption: P(state | region, archetype) = P(state | region)",official national pathway calibration with post-2025 extrapolation,https://climat.be/doc/climate-neutral-belgium-by-2050-report.pdf,Scenarios for a Climate Neutral Belgium by 2050; Appendix 1 Table 1; PDF and printed page 49; CORE-95 Behaviour and Technology residential renovation settings,The report specifies 2.8% per year and a 40% shallow 50% medium 10% deep distribution by 2025. The model applies these values from 2026 through 2050 to the fixed 2025 R1-R4 dwelling stock.
central,2025,2050,0.028,2.8,0.4,0.5,0.1,Flemish Region,BE_TABULA_23,Terraced house,post-2005,TABULA_existing,TABULA_existing,3244134,51202.3536453,R1-R3 building-age profiles are applied to the matching dwelling totals; each resulting house-category dwelling retains its whole-house TABULA geometry; national absolute heat-demand and capacity results are conditional on this mapping,0.69,0.68,0.7,35329.6240153,34817.6004788,35841.6475517,0,0,0,0,35329.6240153,35329.6240153,0.010890309714,0.09,0.09,90835.75200000001,36334.300800000005,45417.876000000004,9083.575200000001,2270893.8000000003,908357.5200000001,1362536.2800000003,0,0,specific_heat_loss_z_W_m2K_descending_current_state,0.4,0.3,0.4,2,2.9,6,1606.2,2.92142597308,20,80.31,0.146071298654,181.76,26.90385,1.04384117059,existing_unspecified,,,label A / 100 kWh/m2.year,100,https://www.vlaanderen.be/veka/energie-en-klimaatbeleid/vlaamse-langetermijnrenovatiestrategie-voor-gebouwen-2050,current regional long-term target,https://energy.ec.europa.eu/topics/energy-efficiency/energy-performance-buildings/national-building-renovation-plans_en,National Building Renovation Plans page; no Flemish draft listed at verification date,https://publicaties.vlaanderen.be/view-file/70827,https://episcope.eu/fileadmin/tabula/public/docs/scientific/BE_TABULA_ScientificReport_VITO.pdf,"independence/null assumption: P(state | region, archetype) = P(state | region)",official national pathway calibration with post-2025 extrapolation,https://climat.be/doc/climate-neutral-belgium-by-2050-report.pdf,Scenarios for a Climate Neutral Belgium by 2050; Appendix 1 Table 1; PDF and printed page 49; CORE-95 Behaviour and Technology residential renovation settings,The report specifies 2.8% per year and a 40% shallow 50% medium 10% deep distribution by 2025. The model applies these values from 2026 through 2050 to the fixed 2025 R1-R4 dwelling stock.
central,2025,2050,0.028,2.8,0.4,0.5,0.1,Flemish Region,BE_TABULA_23,Terraced house,post-2005,TABULA_standard_B_proxy,TABULA_standard_B_proxy,3244134,51202.3536453,R1-R3 building-age profiles are applied to the matching dwelling totals; each resulting house-category dwelling retains its whole-house TABULA geometry; national absolute heat-demand and capacity results are conditional on this mapping,0.22,0.215,0.225,11264.517802,11008.5060337,11520.5295702,0,0,0,0,11264.517802,11264.517802,0.003472272663,0.09,0.09,90835.75200000001,36334.300800000005,45417.876000000004,9083.575200000001,2270893.8000000003,908357.5200000001,1362536.2800000003,0,0,specific_heat_loss_z_W_m2K_descending_current_state,0.4,0.3,0.4,2,2.9,6,1606.2,2.92142597308,20,80.31,0.146071298654,181.76,26.90385,1.04384117059,exhaust_air_ventilation,0,False,label A / 100 kWh/m2.year,100,https://www.vlaanderen.be/veka/energie-en-klimaatbeleid/vlaamse-langetermijnrenovatiestrategie-voor-gebouwen-2050,current regional long-term target,https://energy.ec.europa.eu/topics/energy-efficiency/energy-performance-buildings/national-building-renovation-plans_en,National Building Renovation Plans page; no Flemish draft listed at verification date,https://publicaties.vlaanderen.be/view-file/70827,https://episcope.eu/fileadmin/tabula/public/docs/scientific/BE_TABULA_ScientificReport_VITO.pdf,"independence/null assumption: P(state | region, archetype) = P(state | region)",official national pathway calibration with post-2025 extrapolation,https://climat.be/doc/climate-neutral-belgium-by-2050-report.pdf,Scenarios for a Climate Neutral Belgium by 2050; Appendix 1 Table 1; PDF and printed page 49; CORE-95 Behaviour and Technology residential renovation settings,The report specifies 2.8% per year and a 40% shallow 50% medium 10% deep distribution by 2025. The model applies these values from 2026 through 2050 to the fixed 2025 R1-R4 dwelling stock.
central,2025,2050,0.028,2.8,0.4,0.5,0.1,Flemish Region,BE_TABULA_23,Terraced house,post-2005,TABULA_advanced_A_proxy,TABULA_advanced_A_proxy,3244134,51202.3536453,R1-R3 building-age profiles are applied to the matching dwelling totals; each resulting house-category dwelling retains its whole-house TABULA geometry; national absolute heat-demand and capacity results are conditional on this mapping,0.09,0.085,0.095,4608.21182808,4352.20005985,4864.22359631,0,0,0,0,4608.21182808,4608.21182808,0.00142047518,0.09,0.09,90835.75200000001,36334.300800000005,45417.876000000004,9083.575200000001,2270893.8000000003,908357.5200000001,1362536.2800000003,0,0,specific_heat_loss_z_W_m2K_descending_current_state,0.25,0.15,0.25,1.6,1.6,2.5,669.25,1.21726082212,20,33.4625,0.060863041106,121.53,11.2099375,0.664031703352,balanced_mechanical_HRV,0.8,True,label A / 100 kWh/m2.year,100,https://www.vlaanderen.be/veka/energie-en-klimaatbeleid/vlaamse-langetermijnrenovatiestrategie-voor-gebouwen-2050,current regional long-term target,https://energy.ec.europa.eu/topics/energy-efficiency/energy-performance-buildings/national-building-renovation-plans_en,National Building Renovation Plans page; no Flemish draft listed at verification date,https://publicaties.vlaanderen.be/view-file/70827,https://episcope.eu/fileadmin/tabula/public/docs/scientific/BE_TABULA_ScientificReport_VITO.pdf,"independence/null assumption: P(state | region, archetype) = P(state | region)",official national pathway calibration with post-2025 extrapolation,https://climat.be/doc/climate-neutral-belgium-by-2050-report.pdf,Scenarios for a Climate Neutral Belgium by 2050; Appendix 1 Table 1; PDF and printed page 49; CORE-95 Behaviour and Technology residential renovation settings,The report specifies 2.8% per year and a 40% shallow 50% medium 10% deep distribution by 2025. The model applies these values from 2026 through 2050 to the fixed 2025 R1-R4 dwelling stock.
central,2025,2050,0.028,2.8,0.4,0.5,0.1,Flemish Region,BE_TABULA_24,"Apartment, enclosed",post-2005,TABULA_existing,TABULA_existing,3244134,125023.742529,R1-R3 building-age profiles are applied to the matching dwelling totals; each resulting house-category dwelling retains its whole-house TABULA geometry; national absolute heat-demand and capacity results are conditional on this mapping,0.69,0.68,0.7,86266.382345,85016.1449197,87516.6197702,0,0,0,0,86266.382345,86266.382345,0.026591497868,0.09,0.09,90835.75200000001,36334.300800000005,45417.876000000004,9083.575200000001,2270893.8000000003,908357.5200000001,1362536.2800000003,0,0,specific_heat_loss_z_W_m2K_descending_current_state,0.4,0.3,0.4,2,2.9,6,268.8,0.83921323759,20,13.44,0.04196066188,60.76,4.5024,0.651972027972,existing_unspecified,,,label A / 100 kWh/m2.year,100,https://www.vlaanderen.be/veka/energie-en-klimaatbeleid/vlaamse-langetermijnrenovatiestrategie-voor-gebouwen-2050,current regional long-term target,https://energy.ec.europa.eu/topics/energy-efficiency/energy-performance-buildings/national-building-renovation-plans_en,National Building Renovation Plans page; no Flemish draft listed at verification date,https://publicaties.vlaanderen.be/view-file/70827,https://episcope.eu/fileadmin/tabula/public/docs/scientific/BE_TABULA_ScientificReport_VITO.pdf,"independence/null assumption: P(state | region, archetype) = P(state | region)",official national pathway calibration with post-2025 extrapolation,https://climat.be/doc/climate-neutral-belgium-by-2050-report.pdf,Scenarios for a Climate Neutral Belgium by 2050; Appendix 1 Table 1; PDF and printed page 49; CORE-95 Behaviour and Technology residential renovation settings,The report specifies 2.8% per year and a 40% shallow 50% medium 10% deep distribution by 2025. The model applies these values from 2026 through 2050 to the fixed 2025 R1-R4 dwelling stock.
central,2025,2050,0.028,2.8,0.4,0.5,0.1,Flemish Region,BE_TABULA_24,"Apartment, enclosed",post-2005,TABULA_standard_B_proxy,TABULA_standard_B_proxy,3244134,125023.742529,R1-R3 building-age profiles are applied to the matching dwelling totals; each resulting house-category dwelling retains its whole-house TABULA geometry; national absolute heat-demand and capacity results are conditional on this mapping,0.22,0.215,0.225,27505.2233564,26880.1046437,28130.342069,0,0,0,0,27505.2233564,27505.2233564,0.008478448596,0.09,0.09,90835.75200000001,36334.300800000005,45417.876000000004,9083.575200000001,2270893.8000000003,908357.5200000001,1362536.2800000003,0,0,specific_heat_loss_z_W_m2K_descending_current_state,0.4,0.3,0.4,2,2.9,6,268.8,0.83921323759,20,13.44,0.04196066188,60.76,4.5024,0.651972027972,exhaust_air_ventilation,0,False,label A / 100 kWh/m2.year,100,https://www.vlaanderen.be/veka/energie-en-klimaatbeleid/vlaamse-langetermijnrenovatiestrategie-voor-gebouwen-2050,current regional long-term target,https://energy.ec.europa.eu/topics/energy-efficiency/energy-performance-buildings/national-building-renovation-plans_en,National Building Renovation Plans page; no Flemish draft listed at verification date,https://publicaties.vlaanderen.be/view-file/70827,https://episcope.eu/fileadmin/tabula/public/docs/scientific/BE_TABULA_ScientificReport_VITO.pdf,"independence/null assumption: P(state | region, archetype) = P(state | region)",official national pathway calibration with post-2025 extrapolation,https://climat.be/doc/climate-neutral-belgium-by-2050-report.pdf,Scenarios for a Climate Neutral Belgium by 2050; Appendix 1 Table 1; PDF and printed page 49; CORE-95 Behaviour and Technology residential renovation settings,The report specifies 2.8% per year and a 40% shallow 50% medium 10% deep distribution by 2025. The model applies these values from 2026 through 2050 to the fixed 2025 R1-R4 dwelling stock.
central,2025,2050,0.028,2.8,0.4,0.5,0.1,Flemish Region,BE_TABULA_24,"Apartment, enclosed",post-2005,TABULA_advanced_A_proxy,TABULA_advanced_A_proxy,3244134,125023.742529,R1-R3 building-age profiles are applied to the matching dwelling totals; each resulting house-category dwelling retains its whole-house TABULA geometry; national absolute heat-demand and capacity results are conditional on this mapping,0.09,0.085,0.095,11252.1368276,10627.018115,11877.2555402,0,0,0,0,11252.1368276,11252.1368276,0.003468456244,0.09,0.09,90835.75200000001,36334.300800000005,45417.876000000004,9083.575200000001,2270893.8000000003,908357.5200000001,1362536.2800000003,0,0,specific_heat_loss_z_W_m2K_descending_current_state,0.25,0.15,0.25,1.6,1.6,2.5,112,0.349672182329,20,5.6,0.017483609117,47.355,1.876,0.491818181818,balanced_mechanical_HRV,0.8,True,label A / 100 kWh/m2.year,100,https://www.vlaanderen.be/veka/energie-en-klimaatbeleid/vlaamse-langetermijnrenovatiestrategie-voor-gebouwen-2050,current regional long-term target,https://energy.ec.europa.eu/topics/energy-efficiency/energy-performance-buildings/national-building-renovation-plans_en,National Building Renovation Plans page; no Flemish draft listed at verification date,https://publicaties.vlaanderen.be/view-file/70827,https://episcope.eu/fileadmin/tabula/public/docs/scientific/BE_TABULA_ScientificReport_VITO.pdf,"independence/null assumption: P(state | region, archetype) = P(state | region)",official national pathway calibration with post-2025 extrapolation,https://climat.be/doc/climate-neutral-belgium-by-2050-report.pdf,Scenarios for a Climate Neutral Belgium by 2050; Appendix 1 Table 1; PDF and printed page 49; CORE-95 Behaviour and Technology residential renovation settings,The report specifies 2.8% per year and a 40% shallow 50% medium 10% deep distribution by 2025. The model applies these values from 2026 through 2050 to the fixed 2025 R1-R4 dwelling stock.
central,2025,2050,0.028,2.8,0.4,0.5,0.1,Flemish Region,BE_TABULA_25,"Apartment, exposed",post-2005,TABULA_existing,TABULA_existing,3244134,125023.742529,R1-R3 building-age profiles are applied to the matching dwelling totals; each resulting house-category dwelling retains its whole-house TABULA geometry; national absolute heat-demand and capacity results are conditional on this mapping,0.69,0.68,0.7,86266.382345,85016.1449197,87516.6197702,0,0,0,0,86266.382345,86266.382345,0.026591497868,0.09,0.09,90835.75200000001,36334.300800000005,45417.876000000004,9083.575200000001,2270893.8000000003,908357.5200000001,1362536.2800000003,0,0,specific_heat_loss_z_W_m2K_descending_current_state,0.4,0.3,0.4,2,2.9,6,1144.2,3.57227599126,20,57.21,0.178613799563,109.11,19.16535,1.28147202797,existing_unspecified,,,label A / 100 kWh/m2.year,100,https://www.vlaanderen.be/veka/energie-en-klimaatbeleid/vlaamse-langetermijnrenovatiestrategie-voor-gebouwen-2050,current regional long-term target,https://energy.ec.europa.eu/topics/energy-efficiency/energy-performance-buildings/national-building-renovation-plans_en,National Building Renovation Plans page; no Flemish draft listed at verification date,https://publicaties.vlaanderen.be/view-file/70827,https://episcope.eu/fileadmin/tabula/public/docs/scientific/BE_TABULA_ScientificReport_VITO.pdf,"independence/null assumption: P(state | region, archetype) = P(state | region)",official national pathway calibration with post-2025 extrapolation,https://climat.be/doc/climate-neutral-belgium-by-2050-report.pdf,Scenarios for a Climate Neutral Belgium by 2050; Appendix 1 Table 1; PDF and printed page 49; CORE-95 Behaviour and Technology residential renovation settings,The report specifies 2.8% per year and a 40% shallow 50% medium 10% deep distribution by 2025. The model applies these values from 2026 through 2050 to the fixed 2025 R1-R4 dwelling stock.
central,2025,2050,0.028,2.8,0.4,0.5,0.1,Flemish Region,BE_TABULA_25,"Apartment, exposed",post-2005,TABULA_standard_B_proxy,TABULA_standard_B_proxy,3244134,125023.742529,R1-R3 building-age profiles are applied to the matching dwelling totals; each resulting house-category dwelling retains its whole-house TABULA geometry; national absolute heat-demand and capacity results are conditional on this mapping,0.22,0.215,0.225,27505.2233564,26880.1046437,28130.342069,0,0,0,0,27505.2233564,27505.2233564,0.008478448596,0.09,0.09,90835.75200000001,36334.300800000005,45417.876000000004,9083.575200000001,2270893.8000000003,908357.5200000001,1362536.2800000003,0,0,specific_heat_loss_z_W_m2K_descending_current_state,0.4,0.3,0.4,2,2.9,6,1144.2,3.57227599126,20,57.21,0.178613799563,109.11,19.16535,1.28147202797,exhaust_air_ventilation,0,False,label A / 100 kWh/m2.year,100,https://www.vlaanderen.be/veka/energie-en-klimaatbeleid/vlaamse-langetermijnrenovatiestrategie-voor-gebouwen-2050,current regional long-term target,https://energy.ec.europa.eu/topics/energy-efficiency/energy-performance-buildings/national-building-renovation-plans_en,National Building Renovation Plans page; no Flemish draft listed at verification date,https://publicaties.vlaanderen.be/view-file/70827,https://episcope.eu/fileadmin/tabula/public/docs/scientific/BE_TABULA_ScientificReport_VITO.pdf,"independence/null assumption: P(state | region, archetype) = P(state | region)",official national pathway calibration with post-2025 extrapolation,https://climat.be/doc/climate-neutral-belgium-by-2050-report.pdf,Scenarios for a Climate Neutral Belgium by 2050; Appendix 1 Table 1; PDF and printed page 49; CORE-95 Behaviour and Technology residential renovation settings,The report specifies 2.8% per year and a 40% shallow 50% medium 10% deep distribution by 2025. The model applies these values from 2026 through 2050 to the fixed 2025 R1-R4 dwelling stock.
central,2025,2050,0.028,2.8,0.4,0.5,0.1,Flemish Region,BE_TABULA_25,"Apartment, exposed",post-2005,TABULA_advanced_A_proxy,TABULA_advanced_A_proxy,3244134,125023.742529,R1-R3 building-age profiles are applied to the matching dwelling totals; each resulting house-category dwelling retains its whole-house TABULA geometry; national absolute heat-demand and capacity results are conditional on this mapping,0.09,0.085,0.095,11252.1368276,10627.018115,11877.2555402,0,0,0,0,11252.1368276,11252.1368276,0.003468456244,0.09,0.09,90835.75200000001,36334.300800000005,45417.876000000004,9083.575200000001,2270893.8000000003,908357.5200000001,1362536.2800000003,0,0,specific_heat_loss_z_W_m2K_descending_current_state,0.25,0.15,0.25,1.6,1.6,2.5,476.75,1.48844832969,20,23.8375,0.074422416485,73.82,7.9855625,0.817238386613,balanced_mechanical_HRV,0.8,True,label A / 100 kWh/m2.year,100,https://www.vlaanderen.be/veka/energie-en-klimaatbeleid/vlaamse-langetermijnrenovatiestrategie-voor-gebouwen-2050,current regional long-term target,https://energy.ec.europa.eu/topics/energy-efficiency/energy-performance-buildings/national-building-renovation-plans_en,National Building Renovation Plans page; no Flemish draft listed at verification date,https://publicaties.vlaanderen.be/view-file/70827,https://episcope.eu/fileadmin/tabula/public/docs/scientific/BE_TABULA_ScientificReport_VITO.pdf,"independence/null assumption: P(state | region, archetype) = P(state | region)",official national pathway calibration with post-2025 extrapolation,https://climat.be/doc/climate-neutral-belgium-by-2050-report.pdf,Scenarios for a Climate Neutral Belgium by 2050; Appendix 1 Table 1; PDF and printed page 49; CORE-95 Behaviour and Technology residential renovation settings,The report specifies 2.8% per year and a 40% shallow 50% medium 10% deep distribution by 2025. The model applies these values from 2026 through 2050 to the fixed 2025 R1-R4 dwelling stock.
central,2025,2050,0.028,2.8,0.4,0.5,0.1,Walloon Region,BE_TABULA_01,Detached house,pre-1946,TABULA_existing,TABULA_existing,1727209,136572.489411,R1-R3 building-age profiles are applied to the matching dwelling totals; each resulting house-category dwelling retains its whole-house TABULA geometry; national absolute heat-demand and capacity results are conditional on this mapping,0.878,0.877,0.879,119910.645703,119774.073213,120047.218192,98039.95549240001,21870.690210599987,0,0,0,0,0,0.012,0.172139793196,48361.852,19344.740800000003,24180.926,4836.185200000001,1209046.3,483618.5200000001,725427.7799999999,0,0,specific_heat_loss_z_W_m2K_descending_current_state,2.2,1.7,0.85,5,4,18,10785.6,14.0804177546,20,539.28,0.704020887728,1190.195,180.6588,4.91345448029,existing_unspecified,,,average decarbonised label A,85,https://energie.wallonie.be/files/PEB/B%C3%A2timents%20non%20r%C3%A9sidentiels/Obligation/SRLT/gw-201112-strategie-renovation-2020-rapport-complet-final.pdf,legacy 2020 target retained alongside draft NBRP context,https://energy.ec.europa.eu/topics/energy-efficiency/energy-performance-buildings/national-building-renovation-plans_en,Draft Walloon NBRP submitted 23 December 2025; Commission feedback published 14 July 2026; final plan due 31 December 2026,https://etat.environnement.wallonie.be/contents/indicatorsheets/MEN%2010.html,https://episcope.eu/fileadmin/tabula/public/docs/scientific/BE_TABULA_ScientificReport_VITO.pdf,"independence/null assumption: P(state | region, archetype) = P(state | region)",official national pathway calibration with post-2025 extrapolation,https://climat.be/doc/climate-neutral-belgium-by-2050-report.pdf,Scenarios for a Climate Neutral Belgium by 2050; Appendix 1 Table 1; PDF and printed page 49; CORE-95 Behaviour and Technology residential renovation settings,The report specifies 2.8% per year and a 40% shallow 50% medium 10% deep distribution by 2025. The model applies these values from 2026 through 2050 to the fixed 2025 R1-R4 dwelling stock.
central,2025,2050,0.028,2.8,0.4,0.5,0.1,Walloon Region,BE_TABULA_01,Detached house,pre-1946,TABULA_standard_B_proxy,TABULA_standard_B_proxy,1727209,136572.489411,R1-R3 building-age profiles are applied to the matching dwelling totals; each resulting house-category dwelling retains its whole-house TABULA geometry; national absolute heat-demand and capacity results are conditional on this mapping,0.11,0.1095,0.1105,15022.9738352,14954.6875905,15091.2600799,0,0,98039.95549240001,0,113062.9293276,113062.9293276,0.065459900526,0.012,0.172139793196,48361.852,19344.740800000003,24180.926,4836.185200000001,1209046.3,483618.5200000001,725427.7799999999,0,0,specific_heat_loss_z_W_m2K_descending_current_state,0.4,0.3,0.4,2,2.9,6,3595.2,4.69347258486,20,179.76,0.234673629243,313.51,60.2196,1.33953261649,exhaust_air_ventilation,0,False,average decarbonised label A,85,https://energie.wallonie.be/files/PEB/B%C3%A2timents%20non%20r%C3%A9sidentiels/Obligation/SRLT/gw-201112-strategie-renovation-2020-rapport-complet-final.pdf,legacy 2020 target retained alongside draft NBRP context,https://energy.ec.europa.eu/topics/energy-efficiency/energy-performance-buildings/national-building-renovation-plans_en,Draft Walloon NBRP submitted 23 December 2025; Commission feedback published 14 July 2026; final plan due 31 December 2026,https://etat.environnement.wallonie.be/contents/indicatorsheets/MEN%2010.html,https://episcope.eu/fileadmin/tabula/public/docs/scientific/BE_TABULA_ScientificReport_VITO.pdf,"independence/null assumption: P(state | region, archetype) = P(state | region)",official national pathway calibration with post-2025 extrapolation,https://climat.be/doc/climate-neutral-belgium-by-2050-report.pdf,Scenarios for a Climate Neutral Belgium by 2050; Appendix 1 Table 1; PDF and printed page 49; CORE-95 Behaviour and Technology residential renovation settings,The report specifies 2.8% per year and a 40% shallow 50% medium 10% deep distribution by 2025. The model applies these values from 2026 through 2050 to the fixed 2025 R1-R4 dwelling stock.
central,2025,2050,0.028,2.8,0.4,0.5,0.1,Walloon Region,BE_TABULA_01,Detached house,pre-1946,TABULA_advanced_A_proxy,TABULA_advanced_A_proxy,1727209,136572.489411,R1-R3 building-age profiles are applied to the matching dwelling totals; each resulting house-category dwelling retains its whole-house TABULA geometry; national absolute heat-demand and capacity results are conditional on this mapping,0.012,0.0115,0.0125,1638.86987293,1570.58362822,1707.15611763,0,0,0,21870.690210599987,23509.560083529985,23509.560083529985,0.013611300128,0.012,0.172139793196,48361.852,19344.740800000003,24180.926,4836.185200000001,1209046.3,483618.5200000001,725427.7799999999,0,0,specific_heat_loss_z_W_m2K_descending_current_state,0.25,0.15,0.25,1.6,1.6,2.5,1498,1.95561357702,20,74.9,0.097780678851,202.405,25.0915,0.815399641577,balanced_mechanical_HRV,0.8,True,average decarbonised label A,85,https://energie.wallonie.be/files/PEB/B%C3%A2timents%20non%20r%C3%A9sidentiels/Obligation/SRLT/gw-201112-strategie-renovation-2020-rapport-complet-final.pdf,legacy 2020 target retained alongside draft NBRP context,https://energy.ec.europa.eu/topics/energy-efficiency/energy-performance-buildings/national-building-renovation-plans_en,Draft Walloon NBRP submitted 23 December 2025; Commission feedback published 14 July 2026; final plan due 31 December 2026,https://etat.environnement.wallonie.be/contents/indicatorsheets/MEN%2010.html,https://episcope.eu/fileadmin/tabula/public/docs/scientific/BE_TABULA_ScientificReport_VITO.pdf,"independence/null assumption: P(state | region, archetype) = P(state | region)",official national pathway calibration with post-2025 extrapolation,https://climat.be/doc/climate-neutral-belgium-by-2050-report.pdf,Scenarios for a Climate Neutral Belgium by 2050; Appendix 1 Table 1; PDF and printed page 49; CORE-95 Behaviour and Technology residential renovation settings,The report specifies 2.8% per year and a 40% shallow 50% medium 10% deep distribution by 2025. The model applies these values from 2026 through 2050 to the fixed 2025 R1-R4 dwelling stock.
central,2025,2050,0.028,2.8,0.4,0.5,0.1,Walloon Region,BE_TABULA_02,Semi-detached house,pre-1946,TABULA_existing,TABULA_existing,1727209,231520.471367,R1-R3 building-age profiles are applied to the matching dwelling totals; each resulting house-category dwelling retains its whole-house TABULA geometry; national absolute heat-demand and capacity results are conditional on this mapping,0.878,0.877,0.879,203274.97386,203043.453389,203506.494331,169421.67745999995,33853.29640000001,0,0,0,0,0,0.012,0.15822161142,48361.852,19344.740800000003,24180.926,4836.185200000001,1209046.3,483618.5200000001,725427.7799999999,0,0,specific_heat_loss_z_W_m2K_descending_current_state,2.2,1.7,0.85,5,4,18,8047.8,12.347038969,20,402.39,0.61735194845,885.835,134.80065,4.30647953586,existing_unspecified,,,average decarbonised label A,85,https://energie.wallonie.be/files/PEB/B%C3%A2timents%20non%20r%C3%A9sidentiels/Obligation/SRLT/gw-201112-strategie-renovation-2020-rapport-complet-final.pdf,legacy 2020 target retained alongside draft NBRP context,https://energy.ec.europa.eu/topics/energy-efficiency/energy-performance-buildings/national-building-renovation-plans_en,Draft Walloon NBRP submitted 23 December 2025; Commission feedback published 14 July 2026; final plan due 31 December 2026,https://etat.environnement.wallonie.be/contents/indicatorsheets/MEN%2010.html,https://episcope.eu/fileadmin/tabula/public/docs/scientific/BE_TABULA_ScientificReport_VITO.pdf,"independence/null assumption: P(state | region, archetype) = P(state | region)",official national pathway calibration with post-2025 extrapolation,https://climat.be/doc/climate-neutral-belgium-by-2050-report.pdf,Scenarios for a Climate Neutral Belgium by 2050; Appendix 1 Table 1; PDF and printed page 49; CORE-95 Behaviour and Technology residential renovation settings,The report specifies 2.8% per year and a 40% shallow 50% medium 10% deep distribution by 2025. The model applies these values from 2026 through 2050 to the fixed 2025 R1-R4 dwelling stock.
central,2025,2050,0.028,2.8,0.4,0.5,0.1,Walloon Region,BE_TABULA_02,Semi-detached house,pre-1946,TABULA_standard_B_proxy,TABULA_standard_B_proxy,1727209,231520.471367,R1-R3 building-age profiles are applied to the matching dwelling totals; each resulting house-category dwelling retains its whole-house TABULA geometry; national absolute heat-demand and capacity results are conditional on this mapping,0.11,0.1095,0.1105,25467.2518503,25351.4916146,25583.012086,0,0,169421.67745999995,0,194888.92931029995,194888.92931029995,0.112834595761,0.012,0.15822161142,48361.852,19344.740800000003,24180.926,4836.185200000001,1209046.3,483618.5200000001,725427.7799999999,0,0,specific_heat_loss_z_W_m2K_descending_current_state,0.4,0.3,0.4,2,2.9,6,2682.6,4.11567965634,20,134.13,0.205783982817,238.28,44.93355,1.19499388186,exhaust_air_ventilation,0,False,average decarbonised label A,85,https://energie.wallonie.be/files/PEB/B%C3%A2timents%20non%20r%C3%A9sidentiels/Obligation/SRLT/gw-201112-strategie-renovation-2020-rapport-complet-final.pdf,legacy 2020 target retained alongside draft NBRP context,https://energy.ec.europa.eu/topics/energy-efficiency/energy-performance-buildings/national-building-renovation-plans_en,Draft Walloon NBRP submitted 23 December 2025; Commission feedback published 14 July 2026; final plan due 31 December 2026,https://etat.environnement.wallonie.be/contents/indicatorsheets/MEN%2010.html,https://episcope.eu/fileadmin/tabula/public/docs/scientific/BE_TABULA_ScientificReport_VITO.pdf,"independence/null assumption: P(state | region, archetype) = P(state | region)",official national pathway calibration with post-2025 extrapolation,https://climat.be/doc/climate-neutral-belgium-by-2050-report.pdf,Scenarios for a Climate Neutral Belgium by 2050; Appendix 1 Table 1; PDF and printed page 49; CORE-95 Behaviour and Technology residential renovation settings,The report specifies 2.8% per year and a 40% shallow 50% medium 10% deep distribution by 2025. The model applies these values from 2026 through 2050 to the fixed 2025 R1-R4 dwelling stock.
central,2025,2050,0.028,2.8,0.4,0.5,0.1,Walloon Region,BE_TABULA_02,Semi-detached house,pre-1946,TABULA_advanced_A_proxy,TABULA_advanced_A_proxy,1727209,231520.471367,R1-R3 building-age profiles are applied to the matching dwelling totals; each resulting house-category dwelling retains its whole-house TABULA geometry; national absolute heat-demand and capacity results are conditional on this mapping,0.012,0.0115,0.0125,2778.2456564,2662.48542072,2894.00589208,0,0,0,33853.29640000001,36631.5420564,36631.5420564,0.021208517357,0.012,0.15822161142,48361.852,19344.740800000003,24180.926,4836.185200000001,1209046.3,483618.5200000001,725427.7799999999,0,0,specific_heat_loss_z_W_m2K_descending_current_state,0.25,0.15,0.25,1.6,1.6,2.5,1117.75,1.71486652347,20,55.8875,0.085743326174,152.84,18.7223125,0.723891613924,balanced_mechanical_HRV,0.8,True,average decarbonised label A,85,https://energie.wallonie.be/files/PEB/B%C3%A2timents%20non%20r%C3%A9sidentiels/Obligation/SRLT/gw-201112-strategie-renovation-2020-rapport-complet-final.pdf,legacy 2020 target retained alongside draft NBRP context,https://energy.ec.europa.eu/topics/energy-efficiency/energy-performance-buildings/national-building-renovation-plans_en,Draft Walloon NBRP submitted 23 December 2025; Commission feedback published 14 July 2026; final plan due 31 December 2026,https://etat.environnement.wallonie.be/contents/indicatorsheets/MEN%2010.html,https://episcope.eu/fileadmin/tabula/public/docs/scientific/BE_TABULA_ScientificReport_VITO.pdf,"independence/null assumption: P(state | region, archetype) = P(state | region)",official national pathway calibration with post-2025 extrapolation,https://climat.be/doc/climate-neutral-belgium-by-2050-report.pdf,Scenarios for a Climate Neutral Belgium by 2050; Appendix 1 Table 1; PDF and printed page 49; CORE-95 Behaviour and Technology residential renovation settings,The report specifies 2.8% per year and a 40% shallow 50% medium 10% deep distribution by 2025. The model applies these values from 2026 through 2050 to the fixed 2025 R1-R4 dwelling stock.
central,2025,2050,0.028,2.8,0.4,0.5,0.1,Walloon Region,BE_TABULA_03,Terraced house,pre-1946,TABULA_existing,TABULA_existing,1727209,340253.447503,R1-R3 building-age profiles are applied to the matching dwelling totals; each resulting house-category dwelling retains its whole-house TABULA geometry; national absolute heat-demand and capacity results are conditional on this mapping,0.878,0.877,0.879,298742.526908,298402.273461,299082.780356,145085.556,25518.55072290009,0,0,128138.42018509985,128138.42018509985,0.074188138312,0.012,0.086998654415,48361.852,19344.740800000003,24180.926,4836.185200000001,1209046.3,483618.5200000001,725427.7799999999,0,0,specific_heat_loss_z_W_m2K_descending_current_state,2.2,1.7,0.85,5,4,14.9,4812.7,7.74617737003,20,240.635,0.387308868502,668.705,80.612725,3.31703286853,existing_unspecified,,,average decarbonised label A,85,https://energie.wallonie.be/files/PEB/B%C3%A2timents%20non%20r%C3%A9sidentiels/Obligation/SRLT/gw-201112-strategie-renovation-2020-rapport-complet-final.pdf,legacy 2020 target retained alongside draft NBRP context,https://energy.ec.europa.eu/topics/energy-efficiency/energy-performance-buildings/national-building-renovation-plans_en,Draft Walloon NBRP submitted 23 December 2025; Commission feedback published 14 July 2026; final plan due 31 December 2026,https://etat.environnement.wallonie.be/contents/indicatorsheets/MEN%2010.html,https://episcope.eu/fileadmin/tabula/public/docs/scientific/BE_TABULA_ScientificReport_VITO.pdf,"independence/null assumption: P(state | region, archetype) = P(state | region)",official national pathway calibration with post-2025 extrapolation,https://climat.be/doc/climate-neutral-belgium-by-2050-report.pdf,Scenarios for a Climate Neutral Belgium by 2050; Appendix 1 Table 1; PDF and printed page 49; CORE-95 Behaviour and Technology residential renovation settings,The report specifies 2.8% per year and a 40% shallow 50% medium 10% deep distribution by 2025. The model applies these values from 2026 through 2050 to the fixed 2025 R1-R4 dwelling stock.
central,2025,2050,0.028,2.8,0.4,0.5,0.1,Walloon Region,BE_TABULA_03,Terraced house,pre-1946,TABULA_standard_B_proxy,TABULA_standard_B_proxy,1727209,340253.447503,R1-R3 building-age profiles are applied to the matching dwelling totals; each resulting house-category dwelling retains its whole-house TABULA geometry; national absolute heat-demand and capacity results are conditional on this mapping,0.11,0.1095,0.1105,37427.8792254,37257.7525016,37598.0059491,0,0,145085.556,0,182513.43522540003,182513.43522540003,0.105669571676,0.012,0.086998654415,48361.852,19344.740800000003,24180.926,4836.185200000001,1209046.3,483618.5200000001,725427.7799999999,0,0,specific_heat_loss_z_W_m2K_descending_current_state,0.4,0.3,0.4,2,2.9,6,1938,3.11926605505,20,96.9,0.155963302752,194.35,32.4615,1.00403497123,exhaust_air_ventilation,0,False,average decarbonised label A,85,https://energie.wallonie.be/files/PEB/B%C3%A2timents%20non%20r%C3%A9sidentiels/Obligation/SRLT/gw-201112-strategie-renovation-2020-rapport-complet-final.pdf,legacy 2020 target retained alongside draft NBRP context,https://energy.ec.europa.eu/topics/energy-efficiency/energy-performance-buildings/national-building-renovation-plans_en,Draft Walloon NBRP submitted 23 December 2025; Commission feedback published 14 July 2026; final plan due 31 December 2026,https://etat.environnement.wallonie.be/contents/indicatorsheets/MEN%2010.html,https://episcope.eu/fileadmin/tabula/public/docs/scientific/BE_TABULA_ScientificReport_VITO.pdf,"independence/null assumption: P(state | region, archetype) = P(state | region)",official national pathway calibration with post-2025 extrapolation,https://climat.be/doc/climate-neutral-belgium-by-2050-report.pdf,Scenarios for a Climate Neutral Belgium by 2050; Appendix 1 Table 1; PDF and printed page 49; CORE-95 Behaviour and Technology residential renovation settings,The report specifies 2.8% per year and a 40% shallow 50% medium 10% deep distribution by 2025. The model applies these values from 2026 through 2050 to the fixed 2025 R1-R4 dwelling stock.
central,2025,2050,0.028,2.8,0.4,0.5,0.1,Walloon Region,BE_TABULA_03,Terraced house,pre-1946,TABULA_advanced_A_proxy,TABULA_advanced_A_proxy,1727209,340253.447503,R1-R3 building-age profiles are applied to the matching dwelling totals; each resulting house-category dwelling retains its whole-house TABULA geometry; national absolute heat-demand and capacity results are conditional on this mapping,0.012,0.0115,0.0125,4083.04137004,3912.91464629,4253.16809379,0,0,0,25518.55072290009,29601.59209294009,29601.59209294009,0.01713839616,0.012,0.086998654415,48361.852,19344.740800000003,24180.926,4836.185200000001,1209046.3,483618.5200000001,725427.7799999999,0,0,specific_heat_loss_z_W_m2K_descending_current_state,0.25,0.15,0.25,1.6,1.6,2.5,807.5,1.2996941896,20,40.375,0.06498470948,127.1,13.525625,0.62251272687,balanced_mechanical_HRV,0.8,True,average decarbonised label A,85,https://energie.wallonie.be/files/PEB/B%C3%A2timents%20non%20r%C3%A9sidentiels/Obligation/SRLT/gw-201112-strategie-renovation-2020-rapport-complet-final.pdf,legacy 2020 target retained alongside draft NBRP context,https://energy.ec.europa.eu/topics/energy-efficiency/energy-performance-buildings/national-building-renovation-plans_en,Draft Walloon NBRP submitted 23 December 2025; Commission feedback published 14 July 2026; final plan due 31 December 2026,https://etat.environnement.wallonie.be/contents/indicatorsheets/MEN%2010.html,https://episcope.eu/fileadmin/tabula/public/docs/scientific/BE_TABULA_ScientificReport_VITO.pdf,"independence/null assumption: P(state | region, archetype) = P(state | region)",official national pathway calibration with post-2025 extrapolation,https://climat.be/doc/climate-neutral-belgium-by-2050-report.pdf,Scenarios for a Climate Neutral Belgium by 2050; Appendix 1 Table 1; PDF and printed page 49; CORE-95 Behaviour and Technology residential renovation settings,The report specifies 2.8% per year and a 40% shallow 50% medium 10% deep distribution by 2025. The model applies these values from 2026 through 2050 to the fixed 2025 R1-R4 dwelling stock.
central,2025,2050,0.028,2.8,0.4,0.5,0.1,Walloon Region,BE_TABULA_04,"Apartment, enclosed",pre-1946,TABULA_existing,TABULA_existing,1727209,73423.1900587,R1-R3 building-age profiles are applied to the matching dwelling totals; each resulting house-category dwelling retains its whole-house TABULA geometry; national absolute heat-demand and capacity results are conditional on this mapping,0.878,0.877,0.879,64465.5608716,64392.1376815,64538.9840616,0,0,0,0,64465.5608716,64465.5608716,0.037323543863,0.012,0.012,48361.852,19344.740800000003,24180.926,4836.185200000001,1209046.3,483618.5200000001,725427.7799999999,0,0,specific_heat_loss_z_W_m2K_descending_current_state,2.2,1.7,0.85,5,4,14.9,667.52,2.08404620668,20,33.376,0.104202310334,173.38,11.18096,1.84376583417,existing_unspecified,,,average decarbonised label A,85,https://energie.wallonie.be/files/PEB/B%C3%A2timents%20non%20r%C3%A9sidentiels/Obligation/SRLT/gw-201112-strategie-renovation-2020-rapport-complet-final.pdf,legacy 2020 target retained alongside draft NBRP context,https://energy.ec.europa.eu/topics/energy-efficiency/energy-performance-buildings/national-building-renovation-plans_en,Draft Walloon NBRP submitted 23 December 2025; Commission feedback published 14 July 2026; final plan due 31 December 2026,https://etat.environnement.wallonie.be/contents/indicatorsheets/MEN%2010.html,https://episcope.eu/fileadmin/tabula/public/docs/scientific/BE_TABULA_ScientificReport_VITO.pdf,"independence/null assumption: P(state | region, archetype) = P(state | region)",official national pathway calibration with post-2025 extrapolation,https://climat.be/doc/climate-neutral-belgium-by-2050-report.pdf,Scenarios for a Climate Neutral Belgium by 2050; Appendix 1 Table 1; PDF and printed page 49; CORE-95 Behaviour and Technology residential renovation settings,The report specifies 2.8% per year and a 40% shallow 50% medium 10% deep distribution by 2025. The model applies these values from 2026 through 2050 to the fixed 2025 R1-R4 dwelling stock.
central,2025,2050,0.028,2.8,0.4,0.5,0.1,Walloon Region,BE_TABULA_04,"Apartment, enclosed",pre-1946,TABULA_standard_B_proxy,TABULA_standard_B_proxy,1727209,73423.1900587,R1-R3 building-age profiles are applied to the matching dwelling totals; each resulting house-category dwelling retains its whole-house TABULA geometry; national absolute heat-demand and capacity results are conditional on this mapping,0.11,0.1095,0.1105,8076.55090646,8039.83931143,8113.26250149,0,0,0,0,8076.55090646,8076.55090646,0.004676070416,0.012,0.012,48361.852,19344.740800000003,24180.926,4836.185200000001,1209046.3,483618.5200000001,725427.7799999999,0,0,specific_heat_loss_z_W_m2K_descending_current_state,0.4,0.3,0.4,2,2.9,6,268.8,0.83921323759,20,13.44,0.04196066188,60.76,4.5024,0.651972027972,exhaust_air_ventilation,0,False,average decarbonised label A,85,https://energie.wallonie.be/files/PEB/B%C3%A2timents%20non%20r%C3%A9sidentiels/Obligation/SRLT/gw-201112-strategie-renovation-2020-rapport-complet-final.pdf,legacy 2020 target retained alongside draft NBRP context,https://energy.ec.europa.eu/topics/energy-efficiency/energy-performance-buildings/national-building-renovation-plans_en,Draft Walloon NBRP submitted 23 December 2025; Commission feedback published 14 July 2026; final plan due 31 December 2026,https://etat.environnement.wallonie.be/contents/indicatorsheets/MEN%2010.html,https://episcope.eu/fileadmin/tabula/public/docs/scientific/BE_TABULA_ScientificReport_VITO.pdf,"independence/null assumption: P(state | region, archetype) = P(state | region)",official national pathway calibration with post-2025 extrapolation,https://climat.be/doc/climate-neutral-belgium-by-2050-report.pdf,Scenarios for a Climate Neutral Belgium by 2050; Appendix 1 Table 1; PDF and printed page 49; CORE-95 Behaviour and Technology residential renovation settings,The report specifies 2.8% per year and a 40% shallow 50% medium 10% deep distribution by 2025. The model applies these values from 2026 through 2050 to the fixed 2025 R1-R4 dwelling stock.
central,2025,2050,0.028,2.8,0.4,0.5,0.1,Walloon Region,BE_TABULA_04,"Apartment, enclosed",pre-1946,TABULA_advanced_A_proxy,TABULA_advanced_A_proxy,1727209,73423.1900587,R1-R3 building-age profiles are applied to the matching dwelling totals; each resulting house-category dwelling retains its whole-house TABULA geometry; national absolute heat-demand and capacity results are conditional on this mapping,0.012,0.0115,0.0125,881.078280705,844.366685675,917.789875734,0,0,0,0,881.078280705,881.078280705,0.000510116773,0.012,0.012,48361.852,19344.740800000003,24180.926,4836.185200000001,1209046.3,483618.5200000001,725427.7799999999,0,0,specific_heat_loss_z_W_m2K_descending_current_state,0.25,0.15,0.25,1.6,1.6,2.5,112,0.349672182329,20,5.6,0.017483609117,47.355,1.876,0.491818181818,balanced_mechanical_HRV,0.8,True,average decarbonised label A,85,https://energie.wallonie.be/files/PEB/B%C3%A2timents%20non%20r%C3%A9sidentiels/Obligation/SRLT/gw-201112-strategie-renovation-2020-rapport-complet-final.pdf,legacy 2020 target retained alongside draft NBRP context,https://energy.ec.europa.eu/topics/energy-efficiency/energy-performance-buildings/national-building-renovation-plans_en,Draft Walloon NBRP submitted 23 December 2025; Commission feedback published 14 July 2026; final plan due 31 December 2026,https://etat.environnement.wallonie.be/contents/indicatorsheets/MEN%2010.html,https://episcope.eu/fileadmin/tabula/public/docs/scientific/BE_TABULA_ScientificReport_VITO.pdf,"independence/null assumption: P(state | region, archetype) = P(state | region)",official national pathway calibration with post-2025 extrapolation,https://climat.be/doc/climate-neutral-belgium-by-2050-report.pdf,Scenarios for a Climate Neutral Belgium by 2050; Appendix 1 Table 1; PDF and printed page 49; CORE-95 Behaviour and Technology residential renovation settings,The report specifies 2.8% per year and a 40% shallow 50% medium 10% deep distribution by 2025. The model applies these values from 2026 through 2050 to the fixed 2025 R1-R4 dwelling stock.
central,2025,2050,0.028,2.8,0.4,0.5,0.1,Walloon Region,BE_TABULA_05,"Apartment, exposed",pre-1946,TABULA_existing,TABULA_existing,1727209,73423.1900587,R1-R3 building-age profiles are applied to the matching dwelling totals; each resulting house-category dwelling retains its whole-house TABULA geometry; national absolute heat-demand and capacity results are conditional on this mapping,0.878,0.877,0.879,64465.5608716,64392.1376815,64538.9840616,54793.1904716,9672.370400000002,0,0,0,0,0,0.012,0.143734543164,48361.852,19344.740800000003,24180.926,4836.185200000001,1209046.3,483618.5200000001,725427.7799999999,0,0,specific_heat_loss_z_W_m2K_descending_current_state,2.2,1.7,0.85,5,4,14.9,2841.43,8.87115204496,20,142.0715,0.443557602248,444.31,47.5939525,4.9141253996,existing_unspecified,,,average decarbonised label A,85,https://energie.wallonie.be/files/PEB/B%C3%A2timents%20non%20r%C3%A9sidentiels/Obligation/SRLT/gw-201112-strategie-renovation-2020-rapport-complet-final.pdf,legacy 2020 target retained alongside draft NBRP context,https://energy.ec.europa.eu/topics/energy-efficiency/energy-performance-buildings/national-building-renovation-plans_en,Draft Walloon NBRP submitted 23 December 2025; Commission feedback published 14 July 2026; final plan due 31 December 2026,https://etat.environnement.wallonie.be/contents/indicatorsheets/MEN%2010.html,https://episcope.eu/fileadmin/tabula/public/docs/scientific/BE_TABULA_ScientificReport_VITO.pdf,"independence/null assumption: P(state | region, archetype) = P(state | region)",official national pathway calibration with post-2025 extrapolation,https://climat.be/doc/climate-neutral-belgium-by-2050-report.pdf,Scenarios for a Climate Neutral Belgium by 2050; Appendix 1 Table 1; PDF and printed page 49; CORE-95 Behaviour and Technology residential renovation settings,The report specifies 2.8% per year and a 40% shallow 50% medium 10% deep distribution by 2025. The model applies these values from 2026 through 2050 to the fixed 2025 R1-R4 dwelling stock.
central,2025,2050,0.028,2.8,0.4,0.5,0.1,Walloon Region,BE_TABULA_05,"Apartment, exposed",pre-1946,TABULA_standard_B_proxy,TABULA_standard_B_proxy,1727209,73423.1900587,R1-R3 building-age profiles are applied to the matching dwelling totals; each resulting house-category dwelling retains its whole-house TABULA geometry; national absolute heat-demand and capacity results are conditional on this mapping,0.11,0.1095,0.1105,8076.55090646,8039.83931143,8113.26250149,0,0,54793.1904716,0,62869.74137806,62869.74137806,0.036399614278,0.012,0.143734543164,48361.852,19344.740800000003,24180.926,4836.185200000001,1209046.3,483618.5200000001,725427.7799999999,0,0,specific_heat_loss_z_W_m2K_descending_current_state,0.4,0.3,0.4,2,2.9,6,1144.2,3.57227599126,20,57.21,0.178613799563,109.11,19.16535,1.28147202797,exhaust_air_ventilation,0,False,average decarbonised label A,85,https://energie.wallonie.be/files/PEB/B%C3%A2timents%20non%20r%C3%A9sidentiels/Obligation/SRLT/gw-201112-strategie-renovation-2020-rapport-complet-final.pdf,legacy 2020 target retained alongside draft NBRP context,https://energy.ec.europa.eu/topics/energy-efficiency/energy-performance-buildings/national-building-renovation-plans_en,Draft Walloon NBRP submitted 23 December 2025; Commission feedback published 14 July 2026; final plan due 31 December 2026,https://etat.environnement.wallonie.be/contents/indicatorsheets/MEN%2010.html,https://episcope.eu/fileadmin/tabula/public/docs/scientific/BE_TABULA_ScientificReport_VITO.pdf,"independence/null assumption: P(state | region, archetype) = P(state | region)",official national pathway calibration with post-2025 extrapolation,https://climat.be/doc/climate-neutral-belgium-by-2050-report.pdf,Scenarios for a Climate Neutral Belgium by 2050; Appendix 1 Table 1; PDF and printed page 49; CORE-95 Behaviour and Technology residential renovation settings,The report specifies 2.8% per year and a 40% shallow 50% medium 10% deep distribution by 2025. The model applies these values from 2026 through 2050 to the fixed 2025 R1-R4 dwelling stock.
central,2025,2050,0.028,2.8,0.4,0.5,0.1,Walloon Region,BE_TABULA_05,"Apartment, exposed",pre-1946,TABULA_advanced_A_proxy,TABULA_advanced_A_proxy,1727209,73423.1900587,R1-R3 building-age profiles are applied to the matching dwelling totals; each resulting house-category dwelling retains its whole-house TABULA geometry; national absolute heat-demand and capacity results are conditional on this mapping,0.012,0.0115,0.0125,881.078280705,844.366685675,917.789875734,0,0,0,9672.370400000002,10553.448680705002,10553.448680705002,0.006110116773,0.012,0.143734543164,48361.852,19344.740800000003,24180.926,4836.185200000001,1209046.3,483618.5200000001,725427.7799999999,0,0,specific_heat_loss_z_W_m2K_descending_current_state,0.25,0.15,0.25,1.6,1.6,2.5,476.75,1.48844832969,20,23.8375,0.074422416485,73.82,7.9855625,0.817238386613,balanced_mechanical_HRV,0.8,True,average decarbonised label A,85,https://energie.wallonie.be/files/PEB/B%C3%A2timents%20non%20r%C3%A9sidentiels/Obligation/SRLT/gw-201112-strategie-renovation-2020-rapport-complet-final.pdf,legacy 2020 target retained alongside draft NBRP context,https://energy.ec.europa.eu/topics/energy-efficiency/energy-performance-buildings/national-building-renovation-plans_en,Draft Walloon NBRP submitted 23 December 2025; Commission feedback published 14 July 2026; final plan due 31 December 2026,https://etat.environnement.wallonie.be/contents/indicatorsheets/MEN%2010.html,https://episcope.eu/fileadmin/tabula/public/docs/scientific/BE_TABULA_ScientificReport_VITO.pdf,"independence/null assumption: P(state | region, archetype) = P(state | region)",official national pathway calibration with post-2025 extrapolation,https://climat.be/doc/climate-neutral-belgium-by-2050-report.pdf,Scenarios for a Climate Neutral Belgium by 2050; Appendix 1 Table 1; PDF and printed page 49; CORE-95 Behaviour and Technology residential renovation settings,The report specifies 2.8% per year and a 40% shallow 50% medium 10% deep distribution by 2025. The model applies these values from 2026 through 2050 to the fixed 2025 R1-R4 dwelling stock.
central,2025,2050,0.028,2.8,0.4,0.5,0.1,Walloon Region,BE_TABULA_06,Detached house,1946-1970,TABULA_existing,TABULA_existing,1727209,90323.1704282,R1-R3 building-age profiles are applied to the matching dwelling totals; each resulting house-category dwelling retains its whole-house TABULA geometry; national absolute heat-demand and capacity results are conditional on this mapping,0.878,0.877,0.879,79303.743636,79213.4204656,79394.0668064,64795.18803599999,14508.555600000003,0,0,0,0,0,0.012,0.172629388132,48361.852,19344.740800000003,24180.926,4836.185200000001,1209046.3,483618.5200000001,725427.7799999999,0,0,specific_heat_loss_z_W_m2K_descending_current_state,1.7,1.9,0.85,5,4,18,9698.4,14.9551272167,20,484.92,0.747756360833,999.205,162.4482,4.92643426633,existing_unspecified,,,average decarbonised label A,85,https://energie.wallonie.be/files/PEB/B%C3%A2timents%20non%20r%C3%A9sidentiels/Obligation/SRLT/gw-201112-strategie-renovation-2020-rapport-complet-final.pdf,legacy 2020 target retained alongside draft NBRP context,https://energy.ec.europa.eu/topics/energy-efficiency/energy-performance-buildings/national-building-renovation-plans_en,Draft Walloon NBRP submitted 23 December 2025; Commission feedback published 14 July 2026; final plan due 31 December 2026,https://etat.environnement.wallonie.be/contents/indicatorsheets/MEN%2010.html,https://episcope.eu/fileadmin/tabula/public/docs/scientific/BE_TABULA_ScientificReport_VITO.pdf,"independence/null assumption: P(state | region, archetype) = P(state | region)",official national pathway calibration with post-2025 extrapolation,https://climat.be/doc/climate-neutral-belgium-by-2050-report.pdf,Scenarios for a Climate Neutral Belgium by 2050; Appendix 1 Table 1; PDF and printed page 49; CORE-95 Behaviour and Technology residential renovation settings,The report specifies 2.8% per year and a 40% shallow 50% medium 10% deep distribution by 2025. The model applies these values from 2026 through 2050 to the fixed 2025 R1-R4 dwelling stock.
central,2025,2050,0.028,2.8,0.4,0.5,0.1,Walloon Region,BE_TABULA_06,Detached house,1946-1970,TABULA_standard_B_proxy,TABULA_standard_B_proxy,1727209,90323.1704282,R1-R3 building-age profiles are applied to the matching dwelling totals; each resulting house-category dwelling retains its whole-house TABULA geometry; national absolute heat-demand and capacity results are conditional on this mapping,0.11,0.1095,0.1105,9935.5487471,9890.38716189,9980.71033232,0,0,64795.18803599999,0,74730.7367831,74730.7367831,0.043266759716,0.012,0.172629388132,48361.852,19344.740800000003,24180.926,4836.185200000001,1209046.3,483618.5200000001,725427.7799999999,0,0,specific_heat_loss_z_W_m2K_descending_current_state,0.4,0.3,0.4,2,2.9,6,3232.8,4.98504240555,20,161.64,0.249252120278,290.05,54.1494,1.45970907549,exhaust_air_ventilation,0,False,average decarbonised label A,85,https://energie.wallonie.be/files/PEB/B%C3%A2timents%20non%20r%C3%A9sidentiels/Obligation/SRLT/gw-201112-strategie-renovation-2020-rapport-complet-final.pdf,legacy 2020 target retained alongside draft NBRP context,https://energy.ec.europa.eu/topics/energy-efficiency/energy-performance-buildings/national-building-renovation-plans_en,Draft Walloon NBRP submitted 23 December 2025; Commission feedback published 14 July 2026; final plan due 31 December 2026,https://etat.environnement.wallonie.be/contents/indicatorsheets/MEN%2010.html,https://episcope.eu/fileadmin/tabula/public/docs/scientific/BE_TABULA_ScientificReport_VITO.pdf,"independence/null assumption: P(state | region, archetype) = P(state | region)",official national pathway calibration with post-2025 extrapolation,https://climat.be/doc/climate-neutral-belgium-by-2050-report.pdf,Scenarios for a Climate Neutral Belgium by 2050; Appendix 1 Table 1; PDF and printed page 49; CORE-95 Behaviour and Technology residential renovation settings,The report specifies 2.8% per year and a 40% shallow 50% medium 10% deep distribution by 2025. The model applies these values from 2026 through 2050 to the fixed 2025 R1-R4 dwelling stock.
central,2025,2050,0.028,2.8,0.4,0.5,0.1,Walloon Region,BE_TABULA_06,Detached house,1946-1970,TABULA_advanced_A_proxy,TABULA_advanced_A_proxy,1727209,90323.1704282,R1-R3 building-age profiles are applied to the matching dwelling totals; each resulting house-category dwelling retains its whole-house TABULA geometry; national absolute heat-demand and capacity results are conditional on this mapping,0.012,0.0115,0.0125,1083.87804514,1038.71645992,1129.03963035,0,0,0,14508.555600000003,15592.433645140001,15592.433645140001,0.009027531495,0.012,0.172629388132,48361.852,19344.740800000003,24180.926,4836.185200000001,1209046.3,483618.5200000001,725427.7799999999,0,0,specific_heat_loss_z_W_m2K_descending_current_state,0.25,0.15,0.25,1.6,1.6,2.5,1347,2.07710100231,20,67.35,0.103855050116,187.89,22.56225,0.892503180662,balanced_mechanical_HRV,0.8,True,average decarbonised label A,85,https://energie.wallonie.be/files/PEB/B%C3%A2timents%20non%20r%C3%A9sidentiels/Obligation/SRLT/gw-201112-strategie-renovation-2020-rapport-complet-final.pdf,legacy 2020 target retained alongside draft NBRP context,https://energy.ec.europa.eu/topics/energy-efficiency/energy-performance-buildings/national-building-renovation-plans_en,Draft Walloon NBRP submitted 23 December 2025; Commission feedback published 14 July 2026; final plan due 31 December 2026,https://etat.environnement.wallonie.be/contents/indicatorsheets/MEN%2010.html,https://episcope.eu/fileadmin/tabula/public/docs/scientific/BE_TABULA_ScientificReport_VITO.pdf,"independence/null assumption: P(state | region, archetype) = P(state | region)",official national pathway calibration with post-2025 extrapolation,https://climat.be/doc/climate-neutral-belgium-by-2050-report.pdf,Scenarios for a Climate Neutral Belgium by 2050; Appendix 1 Table 1; PDF and printed page 49; CORE-95 Behaviour and Technology residential renovation settings,The report specifies 2.8% per year and a 40% shallow 50% medium 10% deep distribution by 2025. The model applies these values from 2026 through 2050 to the fixed 2025 R1-R4 dwelling stock.
central,2025,2050,0.028,2.8,0.4,0.5,0.1,Walloon Region,BE_TABULA_07,Semi-detached house,1946-1970,TABULA_existing,TABULA_existing,1727209,71506.6544067,R1-R3 building-age profiles are applied to the matching dwelling totals; each resulting house-category dwelling retains its whole-house TABULA geometry; national absolute heat-demand and capacity results are conditional on this mapping,0.878,0.877,0.879,62782.8425691,62711.3359147,62854.3492235,49611.91169200009,13170.930877099914,0,0,0,0,0,0.012,0.196191680989,48361.852,19344.740800000003,24180.926,4836.185200000001,1209046.3,483618.5200000001,725427.7799999999,0,0,specific_heat_loss_z_W_m2K_descending_current_state,1.7,1.9,0.85,5,4,18,6865.2,12.9117923641,20,343.26,0.645589618206,716.01,114.9921,4.29680506722,existing_unspecified,,,average decarbonised label A,85,https://energie.wallonie.be/files/PEB/B%C3%A2timents%20non%20r%C3%A9sidentiels/Obligation/SRLT/gw-201112-strategie-renovation-2020-rapport-complet-final.pdf,legacy 2020 target retained alongside draft NBRP context,https://energy.ec.europa.eu/topics/energy-efficiency/energy-performance-buildings/national-building-renovation-plans_en,Draft Walloon NBRP submitted 23 December 2025; Commission feedback published 14 July 2026; final plan due 31 December 2026,https://etat.environnement.wallonie.be/contents/indicatorsheets/MEN%2010.html,https://episcope.eu/fileadmin/tabula/public/docs/scientific/BE_TABULA_ScientificReport_VITO.pdf,"independence/null assumption: P(state | region, archetype) = P(state | region)",official national pathway calibration with post-2025 extrapolation,https://climat.be/doc/climate-neutral-belgium-by-2050-report.pdf,Scenarios for a Climate Neutral Belgium by 2050; Appendix 1 Table 1; PDF and printed page 49; CORE-95 Behaviour and Technology residential renovation settings,The report specifies 2.8% per year and a 40% shallow 50% medium 10% deep distribution by 2025. The model applies these values from 2026 through 2050 to the fixed 2025 R1-R4 dwelling stock.
central,2025,2050,0.028,2.8,0.4,0.5,0.1,Walloon Region,BE_TABULA_07,Semi-detached house,1946-1970,TABULA_standard_B_proxy,TABULA_standard_B_proxy,1727209,71506.6544067,R1-R3 building-age profiles are applied to the matching dwelling totals; each resulting house-category dwelling retains its whole-house TABULA geometry; national absolute heat-demand and capacity results are conditional on this mapping,0.11,0.1095,0.1105,7865.73198474,7829.97865754,7901.48531194,0,0,49611.91169200009,0,57477.64367674009,57477.64367674009,0.033277758324,0.012,0.196191680989,48361.852,19344.740800000003,24180.926,4836.185200000001,1209046.3,483618.5200000001,725427.7799999999,0,0,specific_heat_loss_z_W_m2K_descending_current_state,0.4,0.3,0.4,2,2.9,6,2288.4,4.30393078804,20,114.42,0.215196539402,215.13,38.3307,1.31055170631,exhaust_air_ventilation,0,False,average decarbonised label A,85,https://energie.wallonie.be/files/PEB/B%C3%A2timents%20non%20r%C3%A9sidentiels/Obligation/SRLT/gw-201112-strategie-renovation-2020-rapport-complet-final.pdf,legacy 2020 target retained alongside draft NBRP context,https://energy.ec.europa.eu/topics/energy-efficiency/energy-performance-buildings/national-building-renovation-plans_en,Draft Walloon NBRP submitted 23 December 2025; Commission feedback published 14 July 2026; final plan due 31 December 2026,https://etat.environnement.wallonie.be/contents/indicatorsheets/MEN%2010.html,https://episcope.eu/fileadmin/tabula/public/docs/scientific/BE_TABULA_ScientificReport_VITO.pdf,"independence/null assumption: P(state | region, archetype) = P(state | region)",official national pathway calibration with post-2025 extrapolation,https://climat.be/doc/climate-neutral-belgium-by-2050-report.pdf,Scenarios for a Climate Neutral Belgium by 2050; Appendix 1 Table 1; PDF and printed page 49; CORE-95 Behaviour and Technology residential renovation settings,The report specifies 2.8% per year and a 40% shallow 50% medium 10% deep distribution by 2025. The model applies these values from 2026 through 2050 to the fixed 2025 R1-R4 dwelling stock.
central,2025,2050,0.028,2.8,0.4,0.5,0.1,Walloon Region,BE_TABULA_07,Semi-detached house,1946-1970,TABULA_advanced_A_proxy,TABULA_advanced_A_proxy,1727209,71506.6544067,R1-R3 building-age profiles are applied to the matching dwelling totals; each resulting house-category dwelling retains its whole-house TABULA geometry; national absolute heat-demand and capacity results are conditional on this mapping,0.012,0.0115,0.0125,858.079852881,822.326525678,893.833180084,0,0,0,13170.930877099914,14029.010729980913,14029.010729980913,0.008122358516,0.012,0.196191680989,48361.852,19344.740800000003,24180.926,4836.185200000001,1209046.3,483618.5200000001,725427.7799999999,0,0,specific_heat_loss_z_W_m2K_descending_current_state,0.25,0.15,0.25,1.6,1.6,2.5,953.5,1.79330449502,20,47.675,0.089665224751,139.345,15.971125,0.803082342296,balanced_mechanical_HRV,0.8,True,average decarbonised label A,85,https://energie.wallonie.be/files/PEB/B%C3%A2timents%20non%20r%C3%A9sidentiels/Obligation/SRLT/gw-201112-strategie-renovation-2020-rapport-complet-final.pdf,legacy 2020 target retained alongside draft NBRP context,https://energy.ec.europa.eu/topics/energy-efficiency/energy-performance-buildings/national-building-renovation-plans_en,Draft Walloon NBRP submitted 23 December 2025; Commission feedback published 14 July 2026; final plan due 31 December 2026,https://etat.environnement.wallonie.be/contents/indicatorsheets/MEN%2010.html,https://episcope.eu/fileadmin/tabula/public/docs/scientific/BE_TABULA_ScientificReport_VITO.pdf,"independence/null assumption: P(state | region, archetype) = P(state | region)",official national pathway calibration with post-2025 extrapolation,https://climat.be/doc/climate-neutral-belgium-by-2050-report.pdf,Scenarios for a Climate Neutral Belgium by 2050; Appendix 1 Table 1; PDF and printed page 49; CORE-95 Behaviour and Technology residential renovation settings,The report specifies 2.8% per year and a 40% shallow 50% medium 10% deep distribution by 2025. The model applies these values from 2026 through 2050 to the fixed 2025 R1-R4 dwelling stock.
central,2025,2050,0.028,2.8,0.4,0.5,0.1,Walloon Region,BE_TABULA_08,Terraced house,1946-1970,TABULA_existing,TABULA_existing,1727209,63985.171319,R1-R3 building-age profiles are applied to the matching dwelling totals; each resulting house-category dwelling retains its whole-house TABULA geometry; national absolute heat-demand and capacity results are conditional on this mapping,0.878,0.877,0.879,56178.9804181,56114.9952467,56242.9655894,0,0,0,0,56178.9804181,56178.9804181,0.032525872907,0.012,0.012,48361.852,19344.740800000003,24180.926,4836.185200000001,1209046.3,483618.5200000001,725427.7799999999,0,0,specific_heat_loss_z_W_m2K_descending_current_state,1.7,1.9,0.85,5,4,14.9,4422.32,8.0905964142,20,221.116,0.40452982071,579.585,74.07386,3.28802243461,existing_unspecified,,,average decarbonised label A,85,https://energie.wallonie.be/files/PEB/B%C3%A2timents%20non%20r%C3%A9sidentiels/Obligation/SRLT/gw-201112-strategie-renovation-2020-rapport-complet-final.pdf,legacy 2020 target retained alongside draft NBRP context,https://energy.ec.europa.eu/topics/energy-efficiency/energy-performance-buildings/national-building-renovation-plans_en,Draft Walloon NBRP submitted 23 December 2025; Commission feedback published 14 July 2026; final plan due 31 December 2026,https://etat.environnement.wallonie.be/contents/indicatorsheets/MEN%2010.html,https://episcope.eu/fileadmin/tabula/public/docs/scientific/BE_TABULA_ScientificReport_VITO.pdf,"independence/null assumption: P(state | region, archetype) = P(state | region)",official national pathway calibration with post-2025 extrapolation,https://climat.be/doc/climate-neutral-belgium-by-2050-report.pdf,Scenarios for a Climate Neutral Belgium by 2050; Appendix 1 Table 1; PDF and printed page 49; CORE-95 Behaviour and Technology residential renovation settings,The report specifies 2.8% per year and a 40% shallow 50% medium 10% deep distribution by 2025. The model applies these values from 2026 through 2050 to the fixed 2025 R1-R4 dwelling stock.
central,2025,2050,0.028,2.8,0.4,0.5,0.1,Walloon Region,BE_TABULA_08,Terraced house,1946-1970,TABULA_standard_B_proxy,TABULA_standard_B_proxy,1727209,63985.171319,R1-R3 building-age profiles are applied to the matching dwelling totals; each resulting house-category dwelling retains its whole-house TABULA geometry; national absolute heat-demand and capacity results are conditional on this mapping,0.11,0.1095,0.1105,7038.36884509,7006.37625943,7070.36143075,0,0,0,0,7038.36884509,7038.36884509,0.004074995467,0.012,0.012,48361.852,19344.740800000003,24180.926,4836.185200000001,1209046.3,483618.5200000001,725427.7799999999,0,0,specific_heat_loss_z_W_m2K_descending_current_state,0.4,0.3,0.4,2,2.9,6,1780.8,3.2579582876,20,89.04,0.16289791438,181.07,29.8284,1.06085714286,exhaust_air_ventilation,0,False,average decarbonised label A,85,https://energie.wallonie.be/files/PEB/B%C3%A2timents%20non%20r%C3%A9sidentiels/Obligation/SRLT/gw-201112-strategie-renovation-2020-rapport-complet-final.pdf,legacy 2020 target retained alongside draft NBRP context,https://energy.ec.europa.eu/topics/energy-efficiency/energy-performance-buildings/national-building-renovation-plans_en,Draft Walloon NBRP submitted 23 December 2025; Commission feedback published 14 July 2026; final plan due 31 December 2026,https://etat.environnement.wallonie.be/contents/indicatorsheets/MEN%2010.html,https://episcope.eu/fileadmin/tabula/public/docs/scientific/BE_TABULA_ScientificReport_VITO.pdf,"independence/null assumption: P(state | region, archetype) = P(state | region)",official national pathway calibration with post-2025 extrapolation,https://climat.be/doc/climate-neutral-belgium-by-2050-report.pdf,Scenarios for a Climate Neutral Belgium by 2050; Appendix 1 Table 1; PDF and printed page 49; CORE-95 Behaviour and Technology residential renovation settings,The report specifies 2.8% per year and a 40% shallow 50% medium 10% deep distribution by 2025. The model applies these values from 2026 through 2050 to the fixed 2025 R1-R4 dwelling stock.
central,2025,2050,0.028,2.8,0.4,0.5,0.1,Walloon Region,BE_TABULA_08,Terraced house,1946-1970,TABULA_advanced_A_proxy,TABULA_advanced_A_proxy,1727209,63985.171319,R1-R3 building-age profiles are applied to the matching dwelling totals; each resulting house-category dwelling retains its whole-house TABULA geometry; national absolute heat-demand and capacity results are conditional on this mapping,0.012,0.0115,0.0125,767.822055828,735.829470168,799.814641487,0,0,0,0,767.822055828,767.822055828,0.00044454496,0.012,0.012,48361.852,19344.740800000003,24180.926,4836.185200000001,1209046.3,483618.5200000001,725427.7799999999,0,0,specific_heat_loss_z_W_m2K_descending_current_state,0.25,0.15,0.25,1.6,1.6,2.5,742,1.35748261983,20,37.1,0.067874130992,118.175,12.4285,0.656959255533,balanced_mechanical_HRV,0.8,True,average decarbonised label A,85,https://energie.wallonie.be/files/PEB/B%C3%A2timents%20non%20r%C3%A9sidentiels/Obligation/SRLT/gw-201112-strategie-renovation-2020-rapport-complet-final.pdf,legacy 2020 target retained alongside draft NBRP context,https://energy.ec.europa.eu/topics/energy-efficiency/energy-performance-buildings/national-building-renovation-plans_en,Draft Walloon NBRP submitted 23 December 2025; Commission feedback published 14 July 2026; final plan due 31 December 2026,https://etat.environnement.wallonie.be/contents/indicatorsheets/MEN%2010.html,https://episcope.eu/fileadmin/tabula/public/docs/scientific/BE_TABULA_ScientificReport_VITO.pdf,"independence/null assumption: P(state | region, archetype) = P(state | region)",official national pathway calibration with post-2025 extrapolation,https://climat.be/doc/climate-neutral-belgium-by-2050-report.pdf,Scenarios for a Climate Neutral Belgium by 2050; Appendix 1 Table 1; PDF and printed page 49; CORE-95 Behaviour and Technology residential renovation settings,The report specifies 2.8% per year and a 40% shallow 50% medium 10% deep distribution by 2025. The model applies these values from 2026 through 2050 to the fixed 2025 R1-R4 dwelling stock.
central,2025,2050,0.028,2.8,0.4,0.5,0.1,Walloon Region,BE_TABULA_09,"Apartment, enclosed",1946-1970,TABULA_existing,TABULA_existing,1727209,28571.6476508,R1-R3 building-age profiles are applied to the matching dwelling totals; each resulting house-category dwelling retains its whole-house TABULA geometry; national absolute heat-demand and capacity results are conditional on this mapping,0.878,0.877,0.879,25085.9066374,25057.3349898,25114.4782851,0,0,0,0,25085.9066374,25085.9066374,0.01452395549,0.012,0.012,48361.852,19344.740800000003,24180.926,4836.185200000001,1209046.3,483618.5200000001,725427.7799999999,0,0,specific_heat_loss_z_W_m2K_descending_current_state,1.7,1.9,0.85,5,4,14.9,667.52,2.08404620668,20,33.376,0.104202310334,164.43,11.18096,1.75435524476,existing_unspecified,,,average decarbonised label A,85,https://energie.wallonie.be/files/PEB/B%C3%A2timents%20non%20r%C3%A9sidentiels/Obligation/SRLT/gw-201112-strategie-renovation-2020-rapport-complet-final.pdf,legacy 2020 target retained alongside draft NBRP context,https://energy.ec.europa.eu/topics/energy-efficiency/energy-performance-buildings/national-building-renovation-plans_en,Draft Walloon NBRP submitted 23 December 2025; Commission feedback published 14 July 2026; final plan due 31 December 2026,https://etat.environnement.wallonie.be/contents/indicatorsheets/MEN%2010.html,https://episcope.eu/fileadmin/tabula/public/docs/scientific/BE_TABULA_ScientificReport_VITO.pdf,"independence/null assumption: P(state | region, archetype) = P(state | region)",official national pathway calibration with post-2025 extrapolation,https://climat.be/doc/climate-neutral-belgium-by-2050-report.pdf,Scenarios for a Climate Neutral Belgium by 2050; Appendix 1 Table 1; PDF and printed page 49; CORE-95 Behaviour and Technology residential renovation settings,The report specifies 2.8% per year and a 40% shallow 50% medium 10% deep distribution by 2025. The model applies these values from 2026 through 2050 to the fixed 2025 R1-R4 dwelling stock.
central,2025,2050,0.028,2.8,0.4,0.5,0.1,Walloon Region,BE_TABULA_09,"Apartment, enclosed",1946-1970,TABULA_standard_B_proxy,TABULA_standard_B_proxy,1727209,28571.6476508,R1-R3 building-age profiles are applied to the matching dwelling totals; each resulting house-category dwelling retains its whole-house TABULA geometry; national absolute heat-demand and capacity results are conditional on this mapping,0.11,0.1095,0.1105,3142.88124159,3128.59541776,3157.16706542,0,0,0,0,3142.88124159,3142.88124159,0.001819629959,0.012,0.012,48361.852,19344.740800000003,24180.926,4836.185200000001,1209046.3,483618.5200000001,725427.7799999999,0,0,specific_heat_loss_z_W_m2K_descending_current_state,0.4,0.3,0.4,2,2.9,6,268.8,0.83921323759,20,13.44,0.04196066188,60.76,4.5024,0.651972027972,exhaust_air_ventilation,0,False,average decarbonised label A,85,https://energie.wallonie.be/files/PEB/B%C3%A2timents%20non%20r%C3%A9sidentiels/Obligation/SRLT/gw-201112-strategie-renovation-2020-rapport-complet-final.pdf,legacy 2020 target retained alongside draft NBRP context,https://energy.ec.europa.eu/topics/energy-efficiency/energy-performance-buildings/national-building-renovation-plans_en,Draft Walloon NBRP submitted 23 December 2025; Commission feedback published 14 July 2026; final plan due 31 December 2026,https://etat.environnement.wallonie.be/contents/indicatorsheets/MEN%2010.html,https://episcope.eu/fileadmin/tabula/public/docs/scientific/BE_TABULA_ScientificReport_VITO.pdf,"independence/null assumption: P(state | region, archetype) = P(state | region)",official national pathway calibration with post-2025 extrapolation,https://climat.be/doc/climate-neutral-belgium-by-2050-report.pdf,Scenarios for a Climate Neutral Belgium by 2050; Appendix 1 Table 1; PDF and printed page 49; CORE-95 Behaviour and Technology residential renovation settings,The report specifies 2.8% per year and a 40% shallow 50% medium 10% deep distribution by 2025. The model applies these values from 2026 through 2050 to the fixed 2025 R1-R4 dwelling stock.
central,2025,2050,0.028,2.8,0.4,0.5,0.1,Walloon Region,BE_TABULA_09,"Apartment, enclosed",1946-1970,TABULA_advanced_A_proxy,TABULA_advanced_A_proxy,1727209,28571.6476508,R1-R3 building-age profiles are applied to the matching dwelling totals; each resulting house-category dwelling retains its whole-house TABULA geometry; national absolute heat-demand and capacity results are conditional on this mapping,0.012,0.0115,0.0125,342.85977181,328.573947984,357.145595635,0,0,0,0,342.85977181,342.85977181,0.000198505086,0.012,0.012,48361.852,19344.740800000003,24180.926,4836.185200000001,1209046.3,483618.5200000001,725427.7799999999,0,0,specific_heat_loss_z_W_m2K_descending_current_state,0.25,0.15,0.25,1.6,1.6,2.5,112,0.349672182329,20,5.6,0.017483609117,47.355,1.876,0.491818181818,balanced_mechanical_HRV,0.8,True,average decarbonised label A,85,https://energie.wallonie.be/files/PEB/B%C3%A2timents%20non%20r%C3%A9sidentiels/Obligation/SRLT/gw-201112-strategie-renovation-2020-rapport-complet-final.pdf,legacy 2020 target retained alongside draft NBRP context,https://energy.ec.europa.eu/topics/energy-efficiency/energy-performance-buildings/national-building-renovation-plans_en,Draft Walloon NBRP submitted 23 December 2025; Commission feedback published 14 July 2026; final plan due 31 December 2026,https://etat.environnement.wallonie.be/contents/indicatorsheets/MEN%2010.html,https://episcope.eu/fileadmin/tabula/public/docs/scientific/BE_TABULA_ScientificReport_VITO.pdf,"independence/null assumption: P(state | region, archetype) = P(state | region)",official national pathway calibration with post-2025 extrapolation,https://climat.be/doc/climate-neutral-belgium-by-2050-report.pdf,Scenarios for a Climate Neutral Belgium by 2050; Appendix 1 Table 1; PDF and printed page 49; CORE-95 Behaviour and Technology residential renovation settings,The report specifies 2.8% per year and a 40% shallow 50% medium 10% deep distribution by 2025. The model applies these values from 2026 through 2050 to the fixed 2025 R1-R4 dwelling stock.
central,2025,2050,0.028,2.8,0.4,0.5,0.1,Walloon Region,BE_TABULA_10,"Apartment, exposed",1946-1970,TABULA_existing,TABULA_existing,1727209,28571.6476508,R1-R3 building-age profiles are applied to the matching dwelling totals; each resulting house-category dwelling retains its whole-house TABULA geometry; national absolute heat-demand and capacity results are conditional on this mapping,0.878,0.877,0.879,25085.9066374,25057.3349898,25114.4782851,22775.670847999983,2310.235789400017,0,0,0,0,0,0.012,0.092857632631,48361.852,19344.740800000003,24180.926,4836.185200000001,1209046.3,483618.5200000001,725427.7799999999,0,0,specific_heat_loss_z_W_m2K_descending_current_state,1.7,1.9,0.85,5,4,14.9,2841.43,8.87115204496,20,142.0715,0.443557602248,432.48,47.5939525,4.79594358142,existing_unspecified,,,average decarbonised label A,85,https://energie.wallonie.be/files/PEB/B%C3%A2timents%20non%20r%C3%A9sidentiels/Obligation/SRLT/gw-201112-strategie-renovation-2020-rapport-complet-final.pdf,legacy 2020 target retained alongside draft NBRP context,https://energy.ec.europa.eu/topics/energy-efficiency/energy-performance-buildings/national-building-renovation-plans_en,Draft Walloon NBRP submitted 23 December 2025; Commission feedback published 14 July 2026; final plan due 31 December 2026,https://etat.environnement.wallonie.be/contents/indicatorsheets/MEN%2010.html,https://episcope.eu/fileadmin/tabula/public/docs/scientific/BE_TABULA_ScientificReport_VITO.pdf,"independence/null assumption: P(state | region, archetype) = P(state | region)",official national pathway calibration with post-2025 extrapolation,https://climat.be/doc/climate-neutral-belgium-by-2050-report.pdf,Scenarios for a Climate Neutral Belgium by 2050; Appendix 1 Table 1; PDF and printed page 49; CORE-95 Behaviour and Technology residential renovation settings,The report specifies 2.8% per year and a 40% shallow 50% medium 10% deep distribution by 2025. The model applies these values from 2026 through 2050 to the fixed 2025 R1-R4 dwelling stock.
central,2025,2050,0.028,2.8,0.4,0.5,0.1,Walloon Region,BE_TABULA_10,"Apartment, exposed",1946-1970,TABULA_standard_B_proxy,TABULA_standard_B_proxy,1727209,28571.6476508,R1-R3 building-age profiles are applied to the matching dwelling totals; each resulting house-category dwelling retains its whole-house TABULA geometry; national absolute heat-demand and capacity results are conditional on this mapping,0.11,0.1095,0.1105,3142.88124159,3128.59541776,3157.16706542,0,0,22775.670847999983,0,25918.552089589983,25918.552089589983,0.015006031169,0.012,0.092857632631,48361.852,19344.740800000003,24180.926,4836.185200000001,1209046.3,483618.5200000001,725427.7799999999,0,0,specific_heat_loss_z_W_m2K_descending_current_state,0.4,0.3,0.4,2,2.9,6,1144.2,3.57227599126,20,57.21,0.178613799563,109.11,19.16535,1.28147202797,exhaust_air_ventilation,0,False,average decarbonised label A,85,https://energie.wallonie.be/files/PEB/B%C3%A2timents%20non%20r%C3%A9sidentiels/Obligation/SRLT/gw-201112-strategie-renovation-2020-rapport-complet-final.pdf,legacy 2020 target retained alongside draft NBRP context,https://energy.ec.europa.eu/topics/energy-efficiency/energy-performance-buildings/national-building-renovation-plans_en,Draft Walloon NBRP submitted 23 December 2025; Commission feedback published 14 July 2026; final plan due 31 December 2026,https://etat.environnement.wallonie.be/contents/indicatorsheets/MEN%2010.html,https://episcope.eu/fileadmin/tabula/public/docs/scientific/BE_TABULA_ScientificReport_VITO.pdf,"independence/null assumption: P(state | region, archetype) = P(state | region)",official national pathway calibration with post-2025 extrapolation,https://climat.be/doc/climate-neutral-belgium-by-2050-report.pdf,Scenarios for a Climate Neutral Belgium by 2050; Appendix 1 Table 1; PDF and printed page 49; CORE-95 Behaviour and Technology residential renovation settings,The report specifies 2.8% per year and a 40% shallow 50% medium 10% deep distribution by 2025. The model applies these values from 2026 through 2050 to the fixed 2025 R1-R4 dwelling stock.
central,2025,2050,0.028,2.8,0.4,0.5,0.1,Walloon Region,BE_TABULA_10,"Apartment, exposed",1946-1970,TABULA_advanced_A_proxy,TABULA_advanced_A_proxy,1727209,28571.6476508,R1-R3 building-age profiles are applied to the matching dwelling totals; each resulting house-category dwelling retains its whole-house TABULA geometry; national absolute heat-demand and capacity results are conditional on this mapping,0.012,0.0115,0.0125,342.85977181,328.573947984,357.145595635,0,0,0,2310.235789400017,2653.095561210017,2653.095561210017,0.001536059366,0.012,0.092857632631,48361.852,19344.740800000003,24180.926,4836.185200000001,1209046.3,483618.5200000001,725427.7799999999,0,0,specific_heat_loss_z_W_m2K_descending_current_state,0.25,0.15,0.25,1.6,1.6,2.5,476.75,1.48844832969,20,23.8375,0.074422416485,73.82,7.9855625,0.817238386613,balanced_mechanical_HRV,0.8,True,average decarbonised label A,85,https://energie.wallonie.be/files/PEB/B%C3%A2timents%20non%20r%C3%A9sidentiels/Obligation/SRLT/gw-201112-strategie-renovation-2020-rapport-complet-final.pdf,legacy 2020 target retained alongside draft NBRP context,https://energy.ec.europa.eu/topics/energy-efficiency/energy-performance-buildings/national-building-renovation-plans_en,Draft Walloon NBRP submitted 23 December 2025; Commission feedback published 14 July 2026; final plan due 31 December 2026,https://etat.environnement.wallonie.be/contents/indicatorsheets/MEN%2010.html,https://episcope.eu/fileadmin/tabula/public/docs/scientific/BE_TABULA_ScientificReport_VITO.pdf,"independence/null assumption: P(state | region, archetype) = P(state | region)",official national pathway calibration with post-2025 extrapolation,https://climat.be/doc/climate-neutral-belgium-by-2050-report.pdf,Scenarios for a Climate Neutral Belgium by 2050; Appendix 1 Table 1; PDF and printed page 49; CORE-95 Behaviour and Technology residential renovation settings,The report specifies 2.8% per year and a 40% shallow 50% medium 10% deep distribution by 2025. The model applies these values from 2026 through 2050 to the fixed 2025 R1-R4 dwelling stock.
central,2025,2050,0.028,2.8,0.4,0.5,0.1,Walloon Region,BE_TABULA_11,Detached house,1971-1990,TABULA_existing,TABULA_existing,1727209,136856.370093,R1-R3 building-age profiles are applied to the matching dwelling totals; each resulting house-category dwelling retains its whole-house TABULA geometry; national absolute heat-demand and capacity results are conditional on this mapping,0.878,0.877,0.879,120159.892941,120023.036571,120296.749311,0,0,0,0,120159.892941,120159.892941,0.069568820531,0.012,0.012,48361.852,19344.740800000003,24180.926,4836.185200000001,1209046.3,483618.5200000001,725427.7799999999,0,0,specific_heat_loss_z_W_m2K_descending_current_state,1,0.85,0.85,3.5,4,17.1,9384.48,14.3121549489,20,469.224,0.715607747445,630.54,157.19004,3.30423674497,existing_unspecified,,,average decarbonised label A,85,https://energie.wallonie.be/files/PEB/B%C3%A2timents%20non%20r%C3%A9sidentiels/Obligation/SRLT/gw-201112-strategie-renovation-2020-rapport-complet-final.pdf,legacy 2020 target retained alongside draft NBRP context,https://energy.ec.europa.eu/topics/energy-efficiency/energy-performance-buildings/national-building-renovation-plans_en,Draft Walloon NBRP submitted 23 December 2025; Commission feedback published 14 July 2026; final plan due 31 December 2026,https://etat.environnement.wallonie.be/contents/indicatorsheets/MEN%2010.html,https://episcope.eu/fileadmin/tabula/public/docs/scientific/BE_TABULA_ScientificReport_VITO.pdf,"independence/null assumption: P(state | region, archetype) = P(state | region)",official national pathway calibration with post-2025 extrapolation,https://climat.be/doc/climate-neutral-belgium-by-2050-report.pdf,Scenarios for a Climate Neutral Belgium by 2050; Appendix 1 Table 1; PDF and printed page 49; CORE-95 Behaviour and Technology residential renovation settings,The report specifies 2.8% per year and a 40% shallow 50% medium 10% deep distribution by 2025. The model applies these values from 2026 through 2050 to the fixed 2025 R1-R4 dwelling stock.
central,2025,2050,0.028,2.8,0.4,0.5,0.1,Walloon Region,BE_TABULA_11,Detached house,1971-1990,TABULA_standard_B_proxy,TABULA_standard_B_proxy,1727209,136856.370093,R1-R3 building-age profiles are applied to the matching dwelling totals; each resulting house-category dwelling retains its whole-house TABULA geometry; national absolute heat-demand and capacity results are conditional on this mapping,0.11,0.1095,0.1105,15054.2007102,14985.7725251,15122.6288952,0,0,0,0,15054.2007102,15054.2007102,0.008715911456,0.012,0.012,48361.852,19344.740800000003,24180.926,4836.185200000001,1209046.3,483618.5200000001,725427.7799999999,0,0,specific_heat_loss_z_W_m2K_descending_current_state,0.4,0.3,0.4,2,2.9,6,3292.8,5.021808754,20,164.64,0.2510904377,290.67,55.1544,1.4506057047,exhaust_air_ventilation,0,False,average decarbonised label A,85,https://energie.wallonie.be/files/PEB/B%C3%A2timents%20non%20r%C3%A9sidentiels/Obligation/SRLT/gw-201112-strategie-renovation-2020-rapport-complet-final.pdf,legacy 2020 target retained alongside draft NBRP context,https://energy.ec.europa.eu/topics/energy-efficiency/energy-performance-buildings/national-building-renovation-plans_en,Draft Walloon NBRP submitted 23 December 2025; Commission feedback published 14 July 2026; final plan due 31 December 2026,https://etat.environnement.wallonie.be/contents/indicatorsheets/MEN%2010.html,https://episcope.eu/fileadmin/tabula/public/docs/scientific/BE_TABULA_ScientificReport_VITO.pdf,"independence/null assumption: P(state | region, archetype) = P(state | region)",official national pathway calibration with post-2025 extrapolation,https://climat.be/doc/climate-neutral-belgium-by-2050-report.pdf,Scenarios for a Climate Neutral Belgium by 2050; Appendix 1 Table 1; PDF and printed page 49; CORE-95 Behaviour and Technology residential renovation settings,The report specifies 2.8% per year and a 40% shallow 50% medium 10% deep distribution by 2025. The model applies these values from 2026 through 2050 to the fixed 2025 R1-R4 dwelling stock.
central,2025,2050,0.028,2.8,0.4,0.5,0.1,Walloon Region,BE_TABULA_11,Detached house,1971-1990,TABULA_advanced_A_proxy,TABULA_advanced_A_proxy,1727209,136856.370093,R1-R3 building-age profiles are applied to the matching dwelling totals; each resulting house-category dwelling retains its whole-house TABULA geometry; national absolute heat-demand and capacity results are conditional on this mapping,0.012,0.0115,0.0125,1642.27644111,1573.84825606,1710.70462616,0,0,0,0,1642.27644111,1642.27644111,0.000950826704,0.012,0.012,48361.852,19344.740800000003,24180.926,4836.185200000001,1209046.3,483618.5200000001,725427.7799999999,0,0,specific_heat_loss_z_W_m2K_descending_current_state,0.25,0.15,0.25,1.6,1.6,2.5,1372,2.09242031417,20,68.6,0.104621015708,187.345,22.981,0.882239932886,balanced_mechanical_HRV,0.8,True,average decarbonised label A,85,https://energie.wallonie.be/files/PEB/B%C3%A2timents%20non%20r%C3%A9sidentiels/Obligation/SRLT/gw-201112-strategie-renovation-2020-rapport-complet-final.pdf,legacy 2020 target retained alongside draft NBRP context,https://energy.ec.europa.eu/topics/energy-efficiency/energy-performance-buildings/national-building-renovation-plans_en,Draft Walloon NBRP submitted 23 December 2025; Commission feedback published 14 July 2026; final plan due 31 December 2026,https://etat.environnement.wallonie.be/contents/indicatorsheets/MEN%2010.html,https://episcope.eu/fileadmin/tabula/public/docs/scientific/BE_TABULA_ScientificReport_VITO.pdf,"independence/null assumption: P(state | region, archetype) = P(state | region)",official national pathway calibration with post-2025 extrapolation,https://climat.be/doc/climate-neutral-belgium-by-2050-report.pdf,Scenarios for a Climate Neutral Belgium by 2050; Appendix 1 Table 1; PDF and printed page 49; CORE-95 Behaviour and Technology residential renovation settings,The report specifies 2.8% per year and a 40% shallow 50% medium 10% deep distribution by 2025. The model applies these values from 2026 through 2050 to the fixed 2025 R1-R4 dwelling stock.
central,2025,2050,0.028,2.8,0.4,0.5,0.1,Walloon Region,BE_TABULA_12,Semi-detached house,1971-1990,TABULA_existing,TABULA_existing,1727209,42513.4334652,R1-R3 building-age profiles are applied to the matching dwelling totals; each resulting house-category dwelling retains its whole-house TABULA geometry; national absolute heat-demand and capacity results are conditional on this mapping,0.878,0.877,0.879,37326.7945824,37284.281149,37369.3080159,0,0,0,0,37326.7945824,37326.7945824,0.021611046829,0.012,0.012,48361.852,19344.740800000003,24180.926,4836.185200000001,1209046.3,483618.5200000001,725427.7799999999,0,0,specific_heat_loss_z_W_m2K_descending_current_state,1,0.85,0.85,3.5,4,16.3,6350.48,12.4616954474,20,317.524,0.62308477237,468.075,106.37054,3.100083864,existing_unspecified,,,average decarbonised label A,85,https://energie.wallonie.be/files/PEB/B%C3%A2timents%20non%20r%C3%A9sidentiels/Obligation/SRLT/gw-201112-strategie-renovation-2020-rapport-complet-final.pdf,legacy 2020 target retained alongside draft NBRP context,https://energy.ec.europa.eu/topics/energy-efficiency/energy-performance-buildings/national-building-renovation-plans_en,Draft Walloon NBRP submitted 23 December 2025; Commission feedback published 14 July 2026; final plan due 31 December 2026,https://etat.environnement.wallonie.be/contents/indicatorsheets/MEN%2010.html,https://episcope.eu/fileadmin/tabula/public/docs/scientific/BE_TABULA_ScientificReport_VITO.pdf,"independence/null assumption: P(state | region, archetype) = P(state | region)",official national pathway calibration with post-2025 extrapolation,https://climat.be/doc/climate-neutral-belgium-by-2050-report.pdf,Scenarios for a Climate Neutral Belgium by 2050; Appendix 1 Table 1; PDF and printed page 49; CORE-95 Behaviour and Technology residential renovation settings,The report specifies 2.8% per year and a 40% shallow 50% medium 10% deep distribution by 2025. The model applies these values from 2026 through 2050 to the fixed 2025 R1-R4 dwelling stock.
central,2025,2050,0.028,2.8,0.4,0.5,0.1,Walloon Region,BE_TABULA_12,Semi-detached house,1971-1990,TABULA_standard_B_proxy,TABULA_standard_B_proxy,1727209,42513.4334652,R1-R3 building-age profiles are applied to the matching dwelling totals; each resulting house-category dwelling retains its whole-house TABULA geometry; national absolute heat-demand and capacity results are conditional on this mapping,0.11,0.1095,0.1105,4676.47768117,4655.22096444,4697.7343979,0,0,0,0,4676.47768117,4676.47768117,0.002707534341,0.012,0.012,48361.852,19344.740800000003,24180.926,4836.185200000001,1209046.3,483618.5200000001,725427.7799999999,0,0,specific_heat_loss_z_W_m2K_descending_current_state,0.4,0.3,0.4,2,2.9,6,2337.6,4.58712715856,20,116.88,0.229356357928,220.38,39.1548,1.40061953589,exhaust_air_ventilation,0,False,average decarbonised label A,85,https://energie.wallonie.be/files/PEB/B%C3%A2timents%20non%20r%C3%A9sidentiels/Obligation/SRLT/gw-201112-strategie-renovation-2020-rapport-complet-final.pdf,legacy 2020 target retained alongside draft NBRP context,https://energy.ec.europa.eu/topics/energy-efficiency/energy-performance-buildings/national-building-renovation-plans_en,Draft Walloon NBRP submitted 23 December 2025; Commission feedback published 14 July 2026; final plan due 31 December 2026,https://etat.environnement.wallonie.be/contents/indicatorsheets/MEN%2010.html,https://episcope.eu/fileadmin/tabula/public/docs/scientific/BE_TABULA_ScientificReport_VITO.pdf,"independence/null assumption: P(state | region, archetype) = P(state | region)",official national pathway calibration with post-2025 extrapolation,https://climat.be/doc/climate-neutral-belgium-by-2050-report.pdf,Scenarios for a Climate Neutral Belgium by 2050; Appendix 1 Table 1; PDF and printed page 49; CORE-95 Behaviour and Technology residential renovation settings,The report specifies 2.8% per year and a 40% shallow 50% medium 10% deep distribution by 2025. The model applies these values from 2026 through 2050 to the fixed 2025 R1-R4 dwelling stock.
central,2025,2050,0.028,2.8,0.4,0.5,0.1,Walloon Region,BE_TABULA_12,Semi-detached house,1971-1990,TABULA_advanced_A_proxy,TABULA_advanced_A_proxy,1727209,42513.4334652,R1-R3 building-age profiles are applied to the matching dwelling totals; each resulting house-category dwelling retains its whole-house TABULA geometry; national absolute heat-demand and capacity results are conditional on this mapping,0.012,0.0115,0.0125,510.161201582,488.90448485,531.417918315,0,0,0,0,510.161201582,510.161201582,0.000295367383,0.012,0.012,48361.852,19344.740800000003,24180.926,4836.185200000001,1209046.3,483618.5200000001,725427.7799999999,0,0,specific_heat_loss_z_W_m2K_descending_current_state,0.25,0.15,0.25,1.6,1.6,2.5,974,1.91130298273,20,48.7,0.095565149137,142.955,16.3145,0.859522396114,balanced_mechanical_HRV,0.8,True,average decarbonised label A,85,https://energie.wallonie.be/files/PEB/B%C3%A2timents%20non%20r%C3%A9sidentiels/Obligation/SRLT/gw-201112-strategie-renovation-2020-rapport-complet-final.pdf,legacy 2020 target retained alongside draft NBRP context,https://energy.ec.europa.eu/topics/energy-efficiency/energy-performance-buildings/national-building-renovation-plans_en,Draft Walloon NBRP submitted 23 December 2025; Commission feedback published 14 July 2026; final plan due 31 December 2026,https://etat.environnement.wallonie.be/contents/indicatorsheets/MEN%2010.html,https://episcope.eu/fileadmin/tabula/public/docs/scientific/BE_TABULA_ScientificReport_VITO.pdf,"independence/null assumption: P(state | region, archetype) = P(state | region)",official national pathway calibration with post-2025 extrapolation,https://climat.be/doc/climate-neutral-belgium-by-2050-report.pdf,Scenarios for a Climate Neutral Belgium by 2050; Appendix 1 Table 1; PDF and printed page 49; CORE-95 Behaviour and Technology residential renovation settings,The report specifies 2.8% per year and a 40% shallow 50% medium 10% deep distribution by 2025. The model applies these values from 2026 through 2050 to the fixed 2025 R1-R4 dwelling stock.
central,2025,2050,0.028,2.8,0.4,0.5,0.1,Walloon Region,BE_TABULA_13,Terraced house,1971-1990,TABULA_existing,TABULA_existing,1727209,30613.9707811,R1-R3 building-age profiles are applied to the matching dwelling totals; each resulting house-category dwelling retains its whole-house TABULA geometry; national absolute heat-demand and capacity results are conditional on this mapping,0.878,0.877,0.879,26879.0663458,26848.452375,26909.6803166,0,0,0,0,26879.0663458,26879.0663458,0.015562138888,0.012,0.012,48361.852,19344.740800000003,24180.926,4836.185200000001,1209046.3,483618.5200000001,725427.7799999999,0,0,specific_heat_loss_z_W_m2K_descending_current_state,1,0.85,0.85,3.5,4,14.1,3622.29,7.82690146932,20,181.1145,0.391345073466,325.51,60.6733575,2.29461293821,existing_unspecified,,,average decarbonised label A,85,https://energie.wallonie.be/files/PEB/B%C3%A2timents%20non%20r%C3%A9sidentiels/Obligation/SRLT/gw-201112-strategie-renovation-2020-rapport-complet-final.pdf,legacy 2020 target retained alongside draft NBRP context,https://energy.ec.europa.eu/topics/energy-efficiency/energy-performance-buildings/national-building-renovation-plans_en,Draft Walloon NBRP submitted 23 December 2025; Commission feedback published 14 July 2026; final plan due 31 December 2026,https://etat.environnement.wallonie.be/contents/indicatorsheets/MEN%2010.html,https://episcope.eu/fileadmin/tabula/public/docs/scientific/BE_TABULA_ScientificReport_VITO.pdf,"independence/null assumption: P(state | region, archetype) = P(state | region)",official national pathway calibration with post-2025 extrapolation,https://climat.be/doc/climate-neutral-belgium-by-2050-report.pdf,Scenarios for a Climate Neutral Belgium by 2050; Appendix 1 Table 1; PDF and printed page 49; CORE-95 Behaviour and Technology residential renovation settings,The report specifies 2.8% per year and a 40% shallow 50% medium 10% deep distribution by 2025. The model applies these values from 2026 through 2050 to the fixed 2025 R1-R4 dwelling stock.
central,2025,2050,0.028,2.8,0.4,0.5,0.1,Walloon Region,BE_TABULA_13,Terraced house,1971-1990,TABULA_standard_B_proxy,TABULA_standard_B_proxy,1727209,30613.9707811,R1-R3 building-age profiles are applied to the matching dwelling totals; each resulting house-category dwelling retains its whole-house TABULA geometry; national absolute heat-demand and capacity results are conditional on this mapping,0.11,0.1095,0.1105,3367.53678592,3352.22980053,3382.84377131,0,0,0,0,3367.53678592,3367.53678592,0.001949698494,0.012,0.012,48361.852,19344.740800000003,24180.926,4836.185200000001,1209046.3,483618.5200000001,725427.7799999999,0,0,specific_heat_loss_z_W_m2K_descending_current_state,0.4,0.3,0.4,2,2.9,6,1541.4,3.33059636992,20,77.07,0.166529818496,157.77,25.81845,1.09084046346,exhaust_air_ventilation,0,False,average decarbonised label A,85,https://energie.wallonie.be/files/PEB/B%C3%A2timents%20non%20r%C3%A9sidentiels/Obligation/SRLT/gw-201112-strategie-renovation-2020-rapport-complet-final.pdf,legacy 2020 target retained alongside draft NBRP context,https://energy.ec.europa.eu/topics/energy-efficiency/energy-performance-buildings/national-building-renovation-plans_en,Draft Walloon NBRP submitted 23 December 2025; Commission feedback published 14 July 2026; final plan due 31 December 2026,https://etat.environnement.wallonie.be/contents/indicatorsheets/MEN%2010.html,https://episcope.eu/fileadmin/tabula/public/docs/scientific/BE_TABULA_ScientificReport_VITO.pdf,"independence/null assumption: P(state | region, archetype) = P(state | region)",official national pathway calibration with post-2025 extrapolation,https://climat.be/doc/climate-neutral-belgium-by-2050-report.pdf,Scenarios for a Climate Neutral Belgium by 2050; Appendix 1 Table 1; PDF and printed page 49; CORE-95 Behaviour and Technology residential renovation settings,The report specifies 2.8% per year and a 40% shallow 50% medium 10% deep distribution by 2025. The model applies these values from 2026 through 2050 to the fixed 2025 R1-R4 dwelling stock.
central,2025,2050,0.028,2.8,0.4,0.5,0.1,Walloon Region,BE_TABULA_13,Terraced house,1971-1990,TABULA_advanced_A_proxy,TABULA_advanced_A_proxy,1727209,30613.9707811,R1-R3 building-age profiles are applied to the matching dwelling totals; each resulting house-category dwelling retains its whole-house TABULA geometry; national absolute heat-demand and capacity results are conditional on this mapping,0.012,0.0115,0.0125,367.367649373,352.060663982,382.674634763,0,0,0,0,367.367649373,367.367649373,0.000212694381,0.012,0.012,48361.852,19344.740800000003,24180.926,4836.185200000001,1209046.3,483618.5200000001,725427.7799999999,0,0,specific_heat_loss_z_W_m2K_descending_current_state,0.25,0.15,0.25,1.6,1.6,2.5,642.25,1.38774848747,20,32.1125,0.069387424373,102.18,10.7576875,0.671049836601,balanced_mechanical_HRV,0.8,True,average decarbonised label A,85,https://energie.wallonie.be/files/PEB/B%C3%A2timents%20non%20r%C3%A9sidentiels/Obligation/SRLT/gw-201112-strategie-renovation-2020-rapport-complet-final.pdf,legacy 2020 target retained alongside draft NBRP context,https://energy.ec.europa.eu/topics/energy-efficiency/energy-performance-buildings/national-building-renovation-plans_en,Draft Walloon NBRP submitted 23 December 2025; Commission feedback published 14 July 2026; final plan due 31 December 2026,https://etat.environnement.wallonie.be/contents/indicatorsheets/MEN%2010.html,https://episcope.eu/fileadmin/tabula/public/docs/scientific/BE_TABULA_ScientificReport_VITO.pdf,"independence/null assumption: P(state | region, archetype) = P(state | region)",official national pathway calibration with post-2025 extrapolation,https://climat.be/doc/climate-neutral-belgium-by-2050-report.pdf,Scenarios for a Climate Neutral Belgium by 2050; Appendix 1 Table 1; PDF and printed page 49; CORE-95 Behaviour and Technology residential renovation settings,The report specifies 2.8% per year and a 40% shallow 50% medium 10% deep distribution by 2025. The model applies these values from 2026 through 2050 to the fixed 2025 R1-R4 dwelling stock.
central,2025,2050,0.028,2.8,0.4,0.5,0.1,Walloon Region,BE_TABULA_14,"Apartment, enclosed",1971-1990,TABULA_existing,TABULA_existing,1727209,27319.7519957,R1-R3 building-age profiles are applied to the matching dwelling totals; each resulting house-category dwelling retains its whole-house TABULA geometry; national absolute heat-demand and capacity results are conditional on this mapping,0.878,0.877,0.879,23986.7422522,23959.4225002,24014.0620042,0,0,0,0,23986.7422522,23986.7422522,0.013887573682,0.012,0.012,48361.852,19344.740800000003,24180.926,4836.185200000001,1209046.3,483618.5200000001,725427.7799999999,0,0,specific_heat_loss_z_W_m2K_descending_current_state,1,0.85,0.85,3.5,4,14.1,631.68,1.97215110834,20,31.584,0.098607555417,111.7,10.58064,1.22158481518,existing_unspecified,,,average decarbonised label A,85,https://energie.wallonie.be/files/PEB/B%C3%A2timents%20non%20r%C3%A9sidentiels/Obligation/SRLT/gw-201112-strategie-renovation-2020-rapport-complet-final.pdf,legacy 2020 target retained alongside draft NBRP context,https://energy.ec.europa.eu/topics/energy-efficiency/energy-performance-buildings/national-building-renovation-plans_en,Draft Walloon NBRP submitted 23 December 2025; Commission feedback published 14 July 2026; final plan due 31 December 2026,https://etat.environnement.wallonie.be/contents/indicatorsheets/MEN%2010.html,https://episcope.eu/fileadmin/tabula/public/docs/scientific/BE_TABULA_ScientificReport_VITO.pdf,"independence/null assumption: P(state | region, archetype) = P(state | region)",official national pathway calibration with post-2025 extrapolation,https://climat.be/doc/climate-neutral-belgium-by-2050-report.pdf,Scenarios for a Climate Neutral Belgium by 2050; Appendix 1 Table 1; PDF and printed page 49; CORE-95 Behaviour and Technology residential renovation settings,The report specifies 2.8% per year and a 40% shallow 50% medium 10% deep distribution by 2025. The model applies these values from 2026 through 2050 to the fixed 2025 R1-R4 dwelling stock.
central,2025,2050,0.028,2.8,0.4,0.5,0.1,Walloon Region,BE_TABULA_14,"Apartment, enclosed",1971-1990,TABULA_standard_B_proxy,TABULA_standard_B_proxy,1727209,27319.7519957,R1-R3 building-age profiles are applied to the matching dwelling totals; each resulting house-category dwelling retains its whole-house TABULA geometry; national absolute heat-demand and capacity results are conditional on this mapping,0.11,0.1095,0.1105,3005.17271952,2991.51284353,3018.83259552,0,0,0,0,3005.17271952,3005.17271952,0.001739901031,0.012,0.012,48361.852,19344.740800000003,24180.926,4836.185200000001,1209046.3,483618.5200000001,725427.7799999999,0,0,specific_heat_loss_z_W_m2K_descending_current_state,0.4,0.3,0.4,2,2.9,6,268.8,0.83921323759,20,13.44,0.04196066188,60.76,4.5024,0.651972027972,exhaust_air_ventilation,0,False,average decarbonised label A,85,https://energie.wallonie.be/files/PEB/B%C3%A2timents%20non%20r%C3%A9sidentiels/Obligation/SRLT/gw-201112-strategie-renovation-2020-rapport-complet-final.pdf,legacy 2020 target retained alongside draft NBRP context,https://energy.ec.europa.eu/topics/energy-efficiency/energy-performance-buildings/national-building-renovation-plans_en,Draft Walloon NBRP submitted 23 December 2025; Commission feedback published 14 July 2026; final plan due 31 December 2026,https://etat.environnement.wallonie.be/contents/indicatorsheets/MEN%2010.html,https://episcope.eu/fileadmin/tabula/public/docs/scientific/BE_TABULA_ScientificReport_VITO.pdf,"independence/null assumption: P(state | region, archetype) = P(state | region)",official national pathway calibration with post-2025 extrapolation,https://climat.be/doc/climate-neutral-belgium-by-2050-report.pdf,Scenarios for a Climate Neutral Belgium by 2050; Appendix 1 Table 1; PDF and printed page 49; CORE-95 Behaviour and Technology residential renovation settings,The report specifies 2.8% per year and a 40% shallow 50% medium 10% deep distribution by 2025. The model applies these values from 2026 through 2050 to the fixed 2025 R1-R4 dwelling stock.
central,2025,2050,0.028,2.8,0.4,0.5,0.1,Walloon Region,BE_TABULA_14,"Apartment, enclosed",1971-1990,TABULA_advanced_A_proxy,TABULA_advanced_A_proxy,1727209,27319.7519957,R1-R3 building-age profiles are applied to the matching dwelling totals; each resulting house-category dwelling retains its whole-house TABULA geometry; national absolute heat-demand and capacity results are conditional on this mapping,0.012,0.0115,0.0125,327.837023948,314.17714795,341.496899946,0,0,0,0,327.837023948,327.837023948,0.000189807385,0.012,0.012,48361.852,19344.740800000003,24180.926,4836.185200000001,1209046.3,483618.5200000001,725427.7799999999,0,0,specific_heat_loss_z_W_m2K_descending_current_state,0.25,0.15,0.25,1.6,1.6,2.5,112,0.349672182329,20,5.6,0.017483609117,47.355,1.876,0.491818181818,balanced_mechanical_HRV,0.8,True,average decarbonised label A,85,https://energie.wallonie.be/files/PEB/B%C3%A2timents%20non%20r%C3%A9sidentiels/Obligation/SRLT/gw-201112-strategie-renovation-2020-rapport-complet-final.pdf,legacy 2020 target retained alongside draft NBRP context,https://energy.ec.europa.eu/topics/energy-efficiency/energy-performance-buildings/national-building-renovation-plans_en,Draft Walloon NBRP submitted 23 December 2025; Commission feedback published 14 July 2026; final plan due 31 December 2026,https://etat.environnement.wallonie.be/contents/indicatorsheets/MEN%2010.html,https://episcope.eu/fileadmin/tabula/public/docs/scientific/BE_TABULA_ScientificReport_VITO.pdf,"independence/null assumption: P(state | region, archetype) = P(state | region)",official national pathway calibration with post-2025 extrapolation,https://climat.be/doc/climate-neutral-belgium-by-2050-report.pdf,Scenarios for a Climate Neutral Belgium by 2050; Appendix 1 Table 1; PDF and printed page 49; CORE-95 Behaviour and Technology residential renovation settings,The report specifies 2.8% per year and a 40% shallow 50% medium 10% deep distribution by 2025. The model applies these values from 2026 through 2050 to the fixed 2025 R1-R4 dwelling stock.
central,2025,2050,0.028,2.8,0.4,0.5,0.1,Walloon Region,BE_TABULA_15,"Apartment, exposed",1971-1990,TABULA_existing,TABULA_existing,1727209,27319.7519957,R1-R3 building-age profiles are applied to the matching dwelling totals; each resulting house-category dwelling retains its whole-house TABULA geometry; national absolute heat-demand and capacity results are conditional on this mapping,0.878,0.877,0.879,23986.7422522,23959.4225002,24014.0620042,0,0,0,0,23986.7422522,23986.7422522,0.013887573682,0.012,0.012,48361.852,19344.740800000003,24180.926,4836.185200000001,1209046.3,483618.5200000001,725427.7799999999,0,0,specific_heat_loss_z_W_m2K_descending_current_state,1,0.85,0.85,3.5,4,14.1,2688.87,8.39484857946,20,134.4435,0.419742428973,242.585,45.0385725,2.87336236264,existing_unspecified,,,average decarbonised label A,85,https://energie.wallonie.be/files/PEB/B%C3%A2timents%20non%20r%C3%A9sidentiels/Obligation/SRLT/gw-201112-strategie-renovation-2020-rapport-complet-final.pdf,legacy 2020 target retained alongside draft NBRP context,https://energy.ec.europa.eu/topics/energy-efficiency/energy-performance-buildings/national-building-renovation-plans_en,Draft Walloon NBRP submitted 23 December 2025; Commission feedback published 14 July 2026; final plan due 31 December 2026,https://etat.environnement.wallonie.be/contents/indicatorsheets/MEN%2010.html,https://episcope.eu/fileadmin/tabula/public/docs/scientific/BE_TABULA_ScientificReport_VITO.pdf,"independence/null assumption: P(state | region, archetype) = P(state | region)",official national pathway calibration with post-2025 extrapolation,https://climat.be/doc/climate-neutral-belgium-by-2050-report.pdf,Scenarios for a Climate Neutral Belgium by 2050; Appendix 1 Table 1; PDF and printed page 49; CORE-95 Behaviour and Technology residential renovation settings,The report specifies 2.8% per year and a 40% shallow 50% medium 10% deep distribution by 2025. The model applies these values from 2026 through 2050 to the fixed 2025 R1-R4 dwelling stock.
central,2025,2050,0.028,2.8,0.4,0.5,0.1,Walloon Region,BE_TABULA_15,"Apartment, exposed",1971-1990,TABULA_standard_B_proxy,TABULA_standard_B_proxy,1727209,27319.7519957,R1-R3 building-age profiles are applied to the matching dwelling totals; each resulting house-category dwelling retains its whole-house TABULA geometry; national absolute heat-demand and capacity results are conditional on this mapping,0.11,0.1095,0.1105,3005.17271952,2991.51284353,3018.83259552,0,0,0,0,3005.17271952,3005.17271952,0.001739901031,0.012,0.012,48361.852,19344.740800000003,24180.926,4836.185200000001,1209046.3,483618.5200000001,725427.7799999999,0,0,specific_heat_loss_z_W_m2K_descending_current_state,0.4,0.3,0.4,2,2.9,6,1144.2,3.57227599126,20,57.21,0.178613799563,109.11,19.16535,1.28147202797,exhaust_air_ventilation,0,False,average decarbonised label A,85,https://energie.wallonie.be/files/PEB/B%C3%A2timents%20non%20r%C3%A9sidentiels/Obligation/SRLT/gw-201112-strategie-renovation-2020-rapport-complet-final.pdf,legacy 2020 target retained alongside draft NBRP context,https://energy.ec.europa.eu/topics/energy-efficiency/energy-performance-buildings/national-building-renovation-plans_en,Draft Walloon NBRP submitted 23 December 2025; Commission feedback published 14 July 2026; final plan due 31 December 2026,https://etat.environnement.wallonie.be/contents/indicatorsheets/MEN%2010.html,https://episcope.eu/fileadmin/tabula/public/docs/scientific/BE_TABULA_ScientificReport_VITO.pdf,"independence/null assumption: P(state | region, archetype) = P(state | region)",official national pathway calibration with post-2025 extrapolation,https://climat.be/doc/climate-neutral-belgium-by-2050-report.pdf,Scenarios for a Climate Neutral Belgium by 2050; Appendix 1 Table 1; PDF and printed page 49; CORE-95 Behaviour and Technology residential renovation settings,The report specifies 2.8% per year and a 40% shallow 50% medium 10% deep distribution by 2025. The model applies these values from 2026 through 2050 to the fixed 2025 R1-R4 dwelling stock.
central,2025,2050,0.028,2.8,0.4,0.5,0.1,Walloon Region,BE_TABULA_15,"Apartment, exposed",1971-1990,TABULA_advanced_A_proxy,TABULA_advanced_A_proxy,1727209,27319.7519957,R1-R3 building-age profiles are applied to the matching dwelling totals; each resulting house-category dwelling retains its whole-house TABULA geometry; national absolute heat-demand and capacity results are conditional on this mapping,0.012,0.0115,0.0125,327.837023948,314.17714795,341.496899946,0,0,0,0,327.837023948,327.837023948,0.000189807385,0.012,0.012,48361.852,19344.740800000003,24180.926,4836.185200000001,1209046.3,483618.5200000001,725427.7799999999,0,0,specific_heat_loss_z_W_m2K_descending_current_state,0.25,0.15,0.25,1.6,1.6,2.5,476.75,1.48844832969,20,23.8375,0.074422416485,73.82,7.9855625,0.817238386613,balanced_mechanical_HRV,0.8,True,average decarbonised label A,85,https://energie.wallonie.be/files/PEB/B%C3%A2timents%20non%20r%C3%A9sidentiels/Obligation/SRLT/gw-201112-strategie-renovation-2020-rapport-complet-final.pdf,legacy 2020 target retained alongside draft NBRP context,https://energy.ec.europa.eu/topics/energy-efficiency/energy-performance-buildings/national-building-renovation-plans_en,Draft Walloon NBRP submitted 23 December 2025; Commission feedback published 14 July 2026; final plan due 31 December 2026,https://etat.environnement.wallonie.be/contents/indicatorsheets/MEN%2010.html,https://episcope.eu/fileadmin/tabula/public/docs/scientific/BE_TABULA_ScientificReport_VITO.pdf,"independence/null assumption: P(state | region, archetype) = P(state | region)",official national pathway calibration with post-2025 extrapolation,https://climat.be/doc/climate-neutral-belgium-by-2050-report.pdf,Scenarios for a Climate Neutral Belgium by 2050; Appendix 1 Table 1; PDF and printed page 49; CORE-95 Behaviour and Technology residential renovation settings,The report specifies 2.8% per year and a 40% shallow 50% medium 10% deep distribution by 2025. The model applies these values from 2026 through 2050 to the fixed 2025 R1-R4 dwelling stock.
central,2025,2050,0.028,2.8,0.4,0.5,0.1,Walloon Region,BE_TABULA_16,Detached house,1991-2005,TABULA_existing,TABULA_existing,1727209,94300.3530463,R1-R3 building-age profiles are applied to the matching dwelling totals; each resulting house-category dwelling retains its whole-house TABULA geometry; national absolute heat-demand and capacity results are conditional on this mapping,0.878,0.877,0.879,82795.7099747,82701.4096216,82890.0103277,0,0,0,0,82795.7099747,82795.7099747,0.047936126997,0.012,0.012,48361.852,19344.740800000003,24180.926,4836.185200000001,1209046.3,483618.5200000001,725427.7799999999,0,0,specific_heat_loss_z_W_m2K_descending_current_state,0.6,0.6,0.7,3.5,3.5,12,6697.2,9.42603800141,20,334.86,0.47130190007,513.87,112.1781,2.42278676471,existing_unspecified,,,average decarbonised label A,85,https://energie.wallonie.be/files/PEB/B%C3%A2timents%20non%20r%C3%A9sidentiels/Obligation/SRLT/gw-201112-strategie-renovation-2020-rapport-complet-final.pdf,legacy 2020 target retained alongside draft NBRP context,https://energy.ec.europa.eu/topics/energy-efficiency/energy-performance-buildings/national-building-renovation-plans_en,Draft Walloon NBRP submitted 23 December 2025; Commission feedback published 14 July 2026; final plan due 31 December 2026,https://etat.environnement.wallonie.be/contents/indicatorsheets/MEN%2010.html,https://episcope.eu/fileadmin/tabula/public/docs/scientific/BE_TABULA_ScientificReport_VITO.pdf,"independence/null assumption: P(state | region, archetype) = P(state | region)",official national pathway calibration with post-2025 extrapolation,https://climat.be/doc/climate-neutral-belgium-by-2050-report.pdf,Scenarios for a Climate Neutral Belgium by 2050; Appendix 1 Table 1; PDF and printed page 49; CORE-95 Behaviour and Technology residential renovation settings,The report specifies 2.8% per year and a 40% shallow 50% medium 10% deep distribution by 2025. The model applies these values from 2026 through 2050 to the fixed 2025 R1-R4 dwelling stock.
central,2025,2050,0.028,2.8,0.4,0.5,0.1,Walloon Region,BE_TABULA_16,Detached house,1991-2005,TABULA_standard_B_proxy,TABULA_standard_B_proxy,1727209,94300.3530463,R1-R3 building-age profiles are applied to the matching dwelling totals; each resulting house-category dwelling retains its whole-house TABULA geometry; national absolute heat-demand and capacity results are conditional on this mapping,0.11,0.1095,0.1105,10373.0388351,10325.8886586,10420.1890116,0,0,0,0,10373.0388351,10373.0388351,0.006005665114,0.012,0.012,48361.852,19344.740800000003,24180.926,4836.185200000001,1209046.3,483618.5200000001,725427.7799999999,0,0,specific_heat_loss_z_W_m2K_descending_current_state,0.4,0.3,0.4,2,2.9,6,3348.6,4.7130190007,20,167.43,0.235650950035,308.55,56.08905,1.41114183437,exhaust_air_ventilation,0,False,average decarbonised label A,85,https://energie.wallonie.be/files/PEB/B%C3%A2timents%20non%20r%C3%A9sidentiels/Obligation/SRLT/gw-201112-strategie-renovation-2020-rapport-complet-final.pdf,legacy 2020 target retained alongside draft NBRP context,https://energy.ec.europa.eu/topics/energy-efficiency/energy-performance-buildings/national-building-renovation-plans_en,Draft Walloon NBRP submitted 23 December 2025; Commission feedback published 14 July 2026; final plan due 31 December 2026,https://etat.environnement.wallonie.be/contents/indicatorsheets/MEN%2010.html,https://episcope.eu/fileadmin/tabula/public/docs/scientific/BE_TABULA_ScientificReport_VITO.pdf,"independence/null assumption: P(state | region, archetype) = P(state | region)",official national pathway calibration with post-2025 extrapolation,https://climat.be/doc/climate-neutral-belgium-by-2050-report.pdf,Scenarios for a Climate Neutral Belgium by 2050; Appendix 1 Table 1; PDF and printed page 49; CORE-95 Behaviour and Technology residential renovation settings,The report specifies 2.8% per year and a 40% shallow 50% medium 10% deep distribution by 2025. The model applies these values from 2026 through 2050 to the fixed 2025 R1-R4 dwelling stock.
central,2025,2050,0.028,2.8,0.4,0.5,0.1,Walloon Region,BE_TABULA_16,Detached house,1991-2005,TABULA_advanced_A_proxy,TABULA_advanced_A_proxy,1727209,94300.3530463,R1-R3 building-age profiles are applied to the matching dwelling totals; each resulting house-category dwelling retains its whole-house TABULA geometry; national absolute heat-demand and capacity results are conditional on this mapping,0.012,0.0115,0.0125,1131.60423656,1084.45406003,1178.75441308,0,0,0,0,1131.60423656,1131.60423656,0.000655163467,0.012,0.012,48361.852,19344.740800000003,24180.926,4836.185200000001,1209046.3,483618.5200000001,725427.7799999999,0,0,specific_heat_loss_z_W_m2K_descending_current_state,0.25,0.15,0.25,1.6,1.6,2.5,1395.25,1.96375791696,20,69.7625,0.098187895848,200.23,23.3704375,0.865326770511,balanced_mechanical_HRV,0.8,True,average decarbonised label A,85,https://energie.wallonie.be/files/PEB/B%C3%A2timents%20non%20r%C3%A9sidentiels/Obligation/SRLT/gw-201112-strategie-renovation-2020-rapport-complet-final.pdf,legacy 2020 target retained alongside draft NBRP context,https://energy.ec.europa.eu/topics/energy-efficiency/energy-performance-buildings/national-building-renovation-plans_en,Draft Walloon NBRP submitted 23 December 2025; Commission feedback published 14 July 2026; final plan due 31 December 2026,https://etat.environnement.wallonie.be/contents/indicatorsheets/MEN%2010.html,https://episcope.eu/fileadmin/tabula/public/docs/scientific/BE_TABULA_ScientificReport_VITO.pdf,"independence/null assumption: P(state | region, archetype) = P(state | region)",official national pathway calibration with post-2025 extrapolation,https://climat.be/doc/climate-neutral-belgium-by-2050-report.pdf,Scenarios for a Climate Neutral Belgium by 2050; Appendix 1 Table 1; PDF and printed page 49; CORE-95 Behaviour and Technology residential renovation settings,The report specifies 2.8% per year and a 40% shallow 50% medium 10% deep distribution by 2025. The model applies these values from 2026 through 2050 to the fixed 2025 R1-R4 dwelling stock.
central,2025,2050,0.028,2.8,0.4,0.5,0.1,Walloon Region,BE_TABULA_17,Semi-detached house,1991-2005,TABULA_existing,TABULA_existing,1727209,15286.2326902,R1-R3 building-age profiles are applied to the matching dwelling totals; each resulting house-category dwelling retains its whole-house TABULA geometry; national absolute heat-demand and capacity results are conditional on this mapping,0.878,0.877,0.879,13421.312302,13406.0260693,13436.5985347,0,0,0,0,13421.312302,13421.312302,0.007770520129,0.012,0.012,48361.852,19344.740800000003,24180.926,4836.185200000001,1209046.3,483618.5200000001,725427.7799999999,0,0,specific_heat_loss_z_W_m2K_descending_current_state,0.6,0.6,0.7,3.5,3.5,12,4920,7.98830979055,20,246,0.399415489528,382.84,82.41,2.07700892857,existing_unspecified,,,average decarbonised label A,85,https://energie.wallonie.be/files/PEB/B%C3%A2timents%20non%20r%C3%A9sidentiels/Obligation/SRLT/gw-201112-strategie-renovation-2020-rapport-complet-final.pdf,legacy 2020 target retained alongside draft NBRP context,https://energy.ec.europa.eu/topics/energy-efficiency/energy-performance-buildings/national-building-renovation-plans_en,Draft Walloon NBRP submitted 23 December 2025; Commission feedback published 14 July 2026; final plan due 31 December 2026,https://etat.environnement.wallonie.be/contents/indicatorsheets/MEN%2010.html,https://episcope.eu/fileadmin/tabula/public/docs/scientific/BE_TABULA_ScientificReport_VITO.pdf,"independence/null assumption: P(state | region, archetype) = P(state | region)",official national pathway calibration with post-2025 extrapolation,https://climat.be/doc/climate-neutral-belgium-by-2050-report.pdf,Scenarios for a Climate Neutral Belgium by 2050; Appendix 1 Table 1; PDF and printed page 49; CORE-95 Behaviour and Technology residential renovation settings,The report specifies 2.8% per year and a 40% shallow 50% medium 10% deep distribution by 2025. The model applies these values from 2026 through 2050 to the fixed 2025 R1-R4 dwelling stock.
central,2025,2050,0.028,2.8,0.4,0.5,0.1,Walloon Region,BE_TABULA_17,Semi-detached house,1991-2005,TABULA_standard_B_proxy,TABULA_standard_B_proxy,1727209,15286.2326902,R1-R3 building-age profiles are applied to the matching dwelling totals; each resulting house-category dwelling retains its whole-house TABULA geometry; national absolute heat-demand and capacity results are conditional on this mapping,0.11,0.1095,0.1105,1681.48559593,1673.84247958,1689.12871227,0,0,0,0,1681.48559593,1681.48559593,0.000973527579,0.012,0.012,48361.852,19344.740800000003,24180.926,4836.185200000001,1209046.3,483618.5200000001,725427.7799999999,0,0,specific_heat_loss_z_W_m2K_descending_current_state,0.4,0.3,0.4,2,2.9,6,2460,3.99415489528,20,123,0.199707744764,229.83,41.205,1.20997767857,exhaust_air_ventilation,0,False,average decarbonised label A,85,https://energie.wallonie.be/files/PEB/B%C3%A2timents%20non%20r%C3%A9sidentiels/Obligation/SRLT/gw-201112-strategie-renovation-2020-rapport-complet-final.pdf,legacy 2020 target retained alongside draft NBRP context,https://energy.ec.europa.eu/topics/energy-efficiency/energy-performance-buildings/national-building-renovation-plans_en,Draft Walloon NBRP submitted 23 December 2025; Commission feedback published 14 July 2026; final plan due 31 December 2026,https://etat.environnement.wallonie.be/contents/indicatorsheets/MEN%2010.html,https://episcope.eu/fileadmin/tabula/public/docs/scientific/BE_TABULA_ScientificReport_VITO.pdf,"independence/null assumption: P(state | region, archetype) = P(state | region)",official national pathway calibration with post-2025 extrapolation,https://climat.be/doc/climate-neutral-belgium-by-2050-report.pdf,Scenarios for a Climate Neutral Belgium by 2050; Appendix 1 Table 1; PDF and printed page 49; CORE-95 Behaviour and Technology residential renovation settings,The report specifies 2.8% per year and a 40% shallow 50% medium 10% deep distribution by 2025. The model applies these values from 2026 through 2050 to the fixed 2025 R1-R4 dwelling stock.
central,2025,2050,0.028,2.8,0.4,0.5,0.1,Walloon Region,BE_TABULA_17,Semi-detached house,1991-2005,TABULA_advanced_A_proxy,TABULA_advanced_A_proxy,1727209,15286.2326902,R1-R3 building-age profiles are applied to the matching dwelling totals; each resulting house-category dwelling retains its whole-house TABULA geometry; national absolute heat-demand and capacity results are conditional on this mapping,0.012,0.0115,0.0125,183.434792283,175.791675938,191.077908628,0,0,0,0,183.434792283,183.434792283,0.000106203009,0.012,0.012,48361.852,19344.740800000003,24180.926,4836.185200000001,1209046.3,483618.5200000001,725427.7799999999,0,0,specific_heat_loss_z_W_m2K_descending_current_state,0.25,0.15,0.25,1.6,1.6,2.5,1025,1.66423120636,20,51.25,0.083211560318,148.865,17.16875,0.741222098214,balanced_mechanical_HRV,0.8,True,average decarbonised label A,85,https://energie.wallonie.be/files/PEB/B%C3%A2timents%20non%20r%C3%A9sidentiels/Obligation/SRLT/gw-201112-strategie-renovation-2020-rapport-complet-final.pdf,legacy 2020 target retained alongside draft NBRP context,https://energy.ec.europa.eu/topics/energy-efficiency/energy-performance-buildings/national-building-renovation-plans_en,Draft Walloon NBRP submitted 23 December 2025; Commission feedback published 14 July 2026; final plan due 31 December 2026,https://etat.environnement.wallonie.be/contents/indicatorsheets/MEN%2010.html,https://episcope.eu/fileadmin/tabula/public/docs/scientific/BE_TABULA_ScientificReport_VITO.pdf,"independence/null assumption: P(state | region, archetype) = P(state | region)",official national pathway calibration with post-2025 extrapolation,https://climat.be/doc/climate-neutral-belgium-by-2050-report.pdf,Scenarios for a Climate Neutral Belgium by 2050; Appendix 1 Table 1; PDF and printed page 49; CORE-95 Behaviour and Technology residential renovation settings,The report specifies 2.8% per year and a 40% shallow 50% medium 10% deep distribution by 2025. The model applies these values from 2026 through 2050 to the fixed 2025 R1-R4 dwelling stock.
central,2025,2050,0.028,2.8,0.4,0.5,0.1,Walloon Region,BE_TABULA_18,Terraced house,1991-2005,TABULA_existing,TABULA_existing,1727209,8403.36203043,R1-R3 building-age profiles are applied to the matching dwelling totals; each resulting house-category dwelling retains its whole-house TABULA geometry; national absolute heat-demand and capacity results are conditional on this mapping,0.878,0.877,0.879,7378.15186271,7369.74850068,7386.55522474,0,0,0,0,7378.15186271,7378.15186271,0.004271719209,0.012,0.012,48361.852,19344.740800000003,24180.926,4836.185200000001,1209046.3,483618.5200000001,725427.7799999999,0,0,specific_heat_loss_z_W_m2K_descending_current_state,0.6,0.6,0.7,3.5,3.5,10,2645,5.01992788005,20,132.25,0.250996394003,270,44.30375,1.64041623173,existing_unspecified,,,average decarbonised label A,85,https://energie.wallonie.be/files/PEB/B%C3%A2timents%20non%20r%C3%A9sidentiels/Obligation/SRLT/gw-201112-strategie-renovation-2020-rapport-complet-final.pdf,legacy 2020 target retained alongside draft NBRP context,https://energy.ec.europa.eu/topics/energy-efficiency/energy-performance-buildings/national-building-renovation-plans_en,Draft Walloon NBRP submitted 23 December 2025; Commission feedback published 14 July 2026; final plan due 31 December 2026,https://etat.environnement.wallonie.be/contents/indicatorsheets/MEN%2010.html,https://episcope.eu/fileadmin/tabula/public/docs/scientific/BE_TABULA_ScientificReport_VITO.pdf,"independence/null assumption: P(state | region, archetype) = P(state | region)",official national pathway calibration with post-2025 extrapolation,https://climat.be/doc/climate-neutral-belgium-by-2050-report.pdf,Scenarios for a Climate Neutral Belgium by 2050; Appendix 1 Table 1; PDF and printed page 49; CORE-95 Behaviour and Technology residential renovation settings,The report specifies 2.8% per year and a 40% shallow 50% medium 10% deep distribution by 2025. The model applies these values from 2026 through 2050 to the fixed 2025 R1-R4 dwelling stock.
central,2025,2050,0.028,2.8,0.4,0.5,0.1,Walloon Region,BE_TABULA_18,Terraced house,1991-2005,TABULA_standard_B_proxy,TABULA_standard_B_proxy,1727209,8403.36203043,R1-R3 building-age profiles are applied to the matching dwelling totals; each resulting house-category dwelling retains its whole-house TABULA geometry; national absolute heat-demand and capacity results are conditional on this mapping,0.11,0.1095,0.1105,924.369823347,920.168142332,928.571504362,0,0,0,0,924.369823347,924.369823347,0.000535181222,0.012,0.012,48361.852,19344.740800000003,24180.926,4836.185200000001,1209046.3,483618.5200000001,725427.7799999999,0,0,specific_heat_loss_z_W_m2K_descending_current_state,0.4,0.3,0.4,2,2.9,6,1587,3.01195672803,20,79.35,0.150597836402,164.18,26.58225,0.995627609603,exhaust_air_ventilation,0,False,average decarbonised label A,85,https://energie.wallonie.be/files/PEB/B%C3%A2timents%20non%20r%C3%A9sidentiels/Obligation/SRLT/gw-201112-strategie-renovation-2020-rapport-complet-final.pdf,legacy 2020 target retained alongside draft NBRP context,https://energy.ec.europa.eu/topics/energy-efficiency/energy-performance-buildings/national-building-renovation-plans_en,Draft Walloon NBRP submitted 23 December 2025; Commission feedback published 14 July 2026; final plan due 31 December 2026,https://etat.environnement.wallonie.be/contents/indicatorsheets/MEN%2010.html,https://episcope.eu/fileadmin/tabula/public/docs/scientific/BE_TABULA_ScientificReport_VITO.pdf,"independence/null assumption: P(state | region, archetype) = P(state | region)",official national pathway calibration with post-2025 extrapolation,https://climat.be/doc/climate-neutral-belgium-by-2050-report.pdf,Scenarios for a Climate Neutral Belgium by 2050; Appendix 1 Table 1; PDF and printed page 49; CORE-95 Behaviour and Technology residential renovation settings,The report specifies 2.8% per year and a 40% shallow 50% medium 10% deep distribution by 2025. The model applies these values from 2026 through 2050 to the fixed 2025 R1-R4 dwelling stock.
central,2025,2050,0.028,2.8,0.4,0.5,0.1,Walloon Region,BE_TABULA_18,Terraced house,1991-2005,TABULA_advanced_A_proxy,TABULA_advanced_A_proxy,1727209,8403.36203043,R1-R3 building-age profiles are applied to the matching dwelling totals; each resulting house-category dwelling retains its whole-house TABULA geometry; national absolute heat-demand and capacity results are conditional on this mapping,0.012,0.0115,0.0125,100.840344365,96.6386633499,105.04202538,0,0,0,0,100.840344365,100.840344365,0.000058383406,0.012,0.012,48361.852,19344.740800000003,24180.926,4836.185200000001,1209046.3,483618.5200000001,725427.7799999999,0,0,specific_heat_loss_z_W_m2K_descending_current_state,0.25,0.15,0.25,1.6,1.6,2.5,661.25,1.25498197001,20,33.0625,0.062749098501,106.905,11.0759375,0.615766897182,balanced_mechanical_HRV,0.8,True,average decarbonised label A,85,https://energie.wallonie.be/files/PEB/B%C3%A2timents%20non%20r%C3%A9sidentiels/Obligation/SRLT/gw-201112-strategie-renovation-2020-rapport-complet-final.pdf,legacy 2020 target retained alongside draft NBRP context,https://energy.ec.europa.eu/topics/energy-efficiency/energy-performance-buildings/national-building-renovation-plans_en,Draft Walloon NBRP submitted 23 December 2025; Commission feedback published 14 July 2026; final plan due 31 December 2026,https://etat.environnement.wallonie.be/contents/indicatorsheets/MEN%2010.html,https://episcope.eu/fileadmin/tabula/public/docs/scientific/BE_TABULA_ScientificReport_VITO.pdf,"independence/null assumption: P(state | region, archetype) = P(state | region)",official national pathway calibration with post-2025 extrapolation,https://climat.be/doc/climate-neutral-belgium-by-2050-report.pdf,Scenarios for a Climate Neutral Belgium by 2050; Appendix 1 Table 1; PDF and printed page 49; CORE-95 Behaviour and Technology residential renovation settings,The report specifies 2.8% per year and a 40% shallow 50% medium 10% deep distribution by 2025. The model applies these values from 2026 through 2050 to the fixed 2025 R1-R4 dwelling stock.
central,2025,2050,0.028,2.8,0.4,0.5,0.1,Walloon Region,BE_TABULA_19,"Apartment, enclosed",1991-2005,TABULA_existing,TABULA_existing,1727209,15515.3141892,R1-R3 building-age profiles are applied to the matching dwelling totals; each resulting house-category dwelling retains its whole-house TABULA geometry; national absolute heat-demand and capacity results are conditional on this mapping,0.878,0.877,0.879,13622.4458581,13606.9305439,13637.9611723,0,0,0,0,13622.4458581,13622.4458581,0.007886970169,0.012,0.012,48361.852,19344.740800000003,24180.926,4836.185200000001,1209046.3,483618.5200000001,725427.7799999999,0,0,specific_heat_loss_z_W_m2K_descending_current_state,0.6,0.6,0.7,3.5,3.5,10,448,1.39868872932,20,22.4,0.069934436466,104.54,7.504,1.11932067932,existing_unspecified,,,average decarbonised label A,85,https://energie.wallonie.be/files/PEB/B%C3%A2timents%20non%20r%C3%A9sidentiels/Obligation/SRLT/gw-201112-strategie-renovation-2020-rapport-complet-final.pdf,legacy 2020 target retained alongside draft NBRP context,https://energy.ec.europa.eu/topics/energy-efficiency/energy-performance-buildings/national-building-renovation-plans_en,Draft Walloon NBRP submitted 23 December 2025; Commission feedback published 14 July 2026; final plan due 31 December 2026,https://etat.environnement.wallonie.be/contents/indicatorsheets/MEN%2010.html,https://episcope.eu/fileadmin/tabula/public/docs/scientific/BE_TABULA_ScientificReport_VITO.pdf,"independence/null assumption: P(state | region, archetype) = P(state | region)",official national pathway calibration with post-2025 extrapolation,https://climat.be/doc/climate-neutral-belgium-by-2050-report.pdf,Scenarios for a Climate Neutral Belgium by 2050; Appendix 1 Table 1; PDF and printed page 49; CORE-95 Behaviour and Technology residential renovation settings,The report specifies 2.8% per year and a 40% shallow 50% medium 10% deep distribution by 2025. The model applies these values from 2026 through 2050 to the fixed 2025 R1-R4 dwelling stock.
central,2025,2050,0.028,2.8,0.4,0.5,0.1,Walloon Region,BE_TABULA_19,"Apartment, enclosed",1991-2005,TABULA_standard_B_proxy,TABULA_standard_B_proxy,1727209,15515.3141892,R1-R3 building-age profiles are applied to the matching dwelling totals; each resulting house-category dwelling retains its whole-house TABULA geometry; national absolute heat-demand and capacity results are conditional on this mapping,0.11,0.1095,0.1105,1706.68456081,1698.92690372,1714.44221791,0,0,0,0,1706.68456081,1706.68456081,0.000988116992,0.012,0.012,48361.852,19344.740800000003,24180.926,4836.185200000001,1209046.3,483618.5200000001,725427.7799999999,0,0,specific_heat_loss_z_W_m2K_descending_current_state,0.4,0.3,0.4,2,2.9,6,268.8,0.83921323759,20,13.44,0.04196066188,60.76,4.5024,0.651972027972,exhaust_air_ventilation,0,False,average decarbonised label A,85,https://energie.wallonie.be/files/PEB/B%C3%A2timents%20non%20r%C3%A9sidentiels/Obligation/SRLT/gw-201112-strategie-renovation-2020-rapport-complet-final.pdf,legacy 2020 target retained alongside draft NBRP context,https://energy.ec.europa.eu/topics/energy-efficiency/energy-performance-buildings/national-building-renovation-plans_en,Draft Walloon NBRP submitted 23 December 2025; Commission feedback published 14 July 2026; final plan due 31 December 2026,https://etat.environnement.wallonie.be/contents/indicatorsheets/MEN%2010.html,https://episcope.eu/fileadmin/tabula/public/docs/scientific/BE_TABULA_ScientificReport_VITO.pdf,"independence/null assumption: P(state | region, archetype) = P(state | region)",official national pathway calibration with post-2025 extrapolation,https://climat.be/doc/climate-neutral-belgium-by-2050-report.pdf,Scenarios for a Climate Neutral Belgium by 2050; Appendix 1 Table 1; PDF and printed page 49; CORE-95 Behaviour and Technology residential renovation settings,The report specifies 2.8% per year and a 40% shallow 50% medium 10% deep distribution by 2025. The model applies these values from 2026 through 2050 to the fixed 2025 R1-R4 dwelling stock.
central,2025,2050,0.028,2.8,0.4,0.5,0.1,Walloon Region,BE_TABULA_19,"Apartment, enclosed",1991-2005,TABULA_advanced_A_proxy,TABULA_advanced_A_proxy,1727209,15515.3141892,R1-R3 building-age profiles are applied to the matching dwelling totals; each resulting house-category dwelling retains its whole-house TABULA geometry; national absolute heat-demand and capacity results are conditional on this mapping,0.012,0.0115,0.0125,186.18377027,178.426113176,193.941427365,0,0,0,0,186.18377027,186.18377027,0.000107794581,0.012,0.012,48361.852,19344.740800000003,24180.926,4836.185200000001,1209046.3,483618.5200000001,725427.7799999999,0,0,specific_heat_loss_z_W_m2K_descending_current_state,0.25,0.15,0.25,1.6,1.6,2.5,112,0.349672182329,20,5.6,0.017483609117,47.355,1.876,0.491818181818,balanced_mechanical_HRV,0.8,True,average decarbonised label A,85,https://energie.wallonie.be/files/PEB/B%C3%A2timents%20non%20r%C3%A9sidentiels/Obligation/SRLT/gw-201112-strategie-renovation-2020-rapport-complet-final.pdf,legacy 2020 target retained alongside draft NBRP context,https://energy.ec.europa.eu/topics/energy-efficiency/energy-performance-buildings/national-building-renovation-plans_en,Draft Walloon NBRP submitted 23 December 2025; Commission feedback published 14 July 2026; final plan due 31 December 2026,https://etat.environnement.wallonie.be/contents/indicatorsheets/MEN%2010.html,https://episcope.eu/fileadmin/tabula/public/docs/scientific/BE_TABULA_ScientificReport_VITO.pdf,"independence/null assumption: P(state | region, archetype) = P(state | region)",official national pathway calibration with post-2025 extrapolation,https://climat.be/doc/climate-neutral-belgium-by-2050-report.pdf,Scenarios for a Climate Neutral Belgium by 2050; Appendix 1 Table 1; PDF and printed page 49; CORE-95 Behaviour and Technology residential renovation settings,The report specifies 2.8% per year and a 40% shallow 50% medium 10% deep distribution by 2025. The model applies these values from 2026 through 2050 to the fixed 2025 R1-R4 dwelling stock.
central,2025,2050,0.028,2.8,0.4,0.5,0.1,Walloon Region,BE_TABULA_20,"Apartment, exposed",1991-2005,TABULA_existing,TABULA_existing,1727209,15515.3141892,R1-R3 building-age profiles are applied to the matching dwelling totals; each resulting house-category dwelling retains its whole-house TABULA geometry; national absolute heat-demand and capacity results are conditional on this mapping,0.878,0.877,0.879,13622.4458581,13606.9305439,13637.9611723,0,0,0,0,13622.4458581,13622.4458581,0.007886970169,0.012,0.012,48361.852,19344.740800000003,24180.926,4836.185200000001,1209046.3,483618.5200000001,725427.7799999999,0,0,specific_heat_loss_z_W_m2K_descending_current_state,0.6,0.6,0.7,3.5,3.5,10,1907,5.95379331876,20,95.35,0.297689665938,192.08,31.94225,2.23798451548,existing_unspecified,,,average decarbonised label A,85,https://energie.wallonie.be/files/PEB/B%C3%A2timents%20non%20r%C3%A9sidentiels/Obligation/SRLT/gw-201112-strategie-renovation-2020-rapport-complet-final.pdf,legacy 2020 target retained alongside draft NBRP context,https://energy.ec.europa.eu/topics/energy-efficiency/energy-performance-buildings/national-building-renovation-plans_en,Draft Walloon NBRP submitted 23 December 2025; Commission feedback published 14 July 2026; final plan due 31 December 2026,https://etat.environnement.wallonie.be/contents/indicatorsheets/MEN%2010.html,https://episcope.eu/fileadmin/tabula/public/docs/scientific/BE_TABULA_ScientificReport_VITO.pdf,"independence/null assumption: P(state | region, archetype) = P(state | region)",official national pathway calibration with post-2025 extrapolation,https://climat.be/doc/climate-neutral-belgium-by-2050-report.pdf,Scenarios for a Climate Neutral Belgium by 2050; Appendix 1 Table 1; PDF and printed page 49; CORE-95 Behaviour and Technology residential renovation settings,The report specifies 2.8% per year and a 40% shallow 50% medium 10% deep distribution by 2025. The model applies these values from 2026 through 2050 to the fixed 2025 R1-R4 dwelling stock.
central,2025,2050,0.028,2.8,0.4,0.5,0.1,Walloon Region,BE_TABULA_20,"Apartment, exposed",1991-2005,TABULA_standard_B_proxy,TABULA_standard_B_proxy,1727209,15515.3141892,R1-R3 building-age profiles are applied to the matching dwelling totals; each resulting house-category dwelling retains its whole-house TABULA geometry; national absolute heat-demand and capacity results are conditional on this mapping,0.11,0.1095,0.1105,1706.68456081,1698.92690372,1714.44221791,0,0,0,0,1706.68456081,1706.68456081,0.000988116992,0.012,0.012,48361.852,19344.740800000003,24180.926,4836.185200000001,1209046.3,483618.5200000001,725427.7799999999,0,0,specific_heat_loss_z_W_m2K_descending_current_state,0.4,0.3,0.4,2,2.9,6,1144.2,3.57227599126,20,57.21,0.178613799563,109.11,19.16535,1.28147202797,exhaust_air_ventilation,0,False,average decarbonised label A,85,https://energie.wallonie.be/files/PEB/B%C3%A2timents%20non%20r%C3%A9sidentiels/Obligation/SRLT/gw-201112-strategie-renovation-2020-rapport-complet-final.pdf,legacy 2020 target retained alongside draft NBRP context,https://energy.ec.europa.eu/topics/energy-efficiency/energy-performance-buildings/national-building-renovation-plans_en,Draft Walloon NBRP submitted 23 December 2025; Commission feedback published 14 July 2026; final plan due 31 December 2026,https://etat.environnement.wallonie.be/contents/indicatorsheets/MEN%2010.html,https://episcope.eu/fileadmin/tabula/public/docs/scientific/BE_TABULA_ScientificReport_VITO.pdf,"independence/null assumption: P(state | region, archetype) = P(state | region)",official national pathway calibration with post-2025 extrapolation,https://climat.be/doc/climate-neutral-belgium-by-2050-report.pdf,Scenarios for a Climate Neutral Belgium by 2050; Appendix 1 Table 1; PDF and printed page 49; CORE-95 Behaviour and Technology residential renovation settings,The report specifies 2.8% per year and a 40% shallow 50% medium 10% deep distribution by 2025. The model applies these values from 2026 through 2050 to the fixed 2025 R1-R4 dwelling stock.
central,2025,2050,0.028,2.8,0.4,0.5,0.1,Walloon Region,BE_TABULA_20,"Apartment, exposed",1991-2005,TABULA_advanced_A_proxy,TABULA_advanced_A_proxy,1727209,15515.3141892,R1-R3 building-age profiles are applied to the matching dwelling totals; each resulting house-category dwelling retains its whole-house TABULA geometry; national absolute heat-demand and capacity results are conditional on this mapping,0.012,0.0115,0.0125,186.18377027,178.426113176,193.941427365,0,0,0,0,186.18377027,186.18377027,0.000107794581,0.012,0.012,48361.852,19344.740800000003,24180.926,4836.185200000001,1209046.3,483618.5200000001,725427.7799999999,0,0,specific_heat_loss_z_W_m2K_descending_current_state,0.25,0.15,0.25,1.6,1.6,2.5,476.75,1.48844832969,20,23.8375,0.074422416485,73.82,7.9855625,0.817238386613,balanced_mechanical_HRV,0.8,True,average decarbonised label A,85,https://energie.wallonie.be/files/PEB/B%C3%A2timents%20non%20r%C3%A9sidentiels/Obligation/SRLT/gw-201112-strategie-renovation-2020-rapport-complet-final.pdf,legacy 2020 target retained alongside draft NBRP context,https://energy.ec.europa.eu/topics/energy-efficiency/energy-performance-buildings/national-building-renovation-plans_en,Draft Walloon NBRP submitted 23 December 2025; Commission feedback published 14 July 2026; final plan due 31 December 2026,https://etat.environnement.wallonie.be/contents/indicatorsheets/MEN%2010.html,https://episcope.eu/fileadmin/tabula/public/docs/scientific/BE_TABULA_ScientificReport_VITO.pdf,"independence/null assumption: P(state | region, archetype) = P(state | region)",official national pathway calibration with post-2025 extrapolation,https://climat.be/doc/climate-neutral-belgium-by-2050-report.pdf,Scenarios for a Climate Neutral Belgium by 2050; Appendix 1 Table 1; PDF and printed page 49; CORE-95 Behaviour and Technology residential renovation settings,The report specifies 2.8% per year and a 40% shallow 50% medium 10% deep distribution by 2025. The model applies these values from 2026 through 2050 to the fixed 2025 R1-R4 dwelling stock.
central,2025,2050,0.028,2.8,0.4,0.5,0.1,Walloon Region,BE_TABULA_21,Detached house,post-2005,TABULA_existing,TABULA_existing,1727209,73832.6170221,R1-R3 building-age profiles are applied to the matching dwelling totals; each resulting house-category dwelling retains its whole-house TABULA geometry; national absolute heat-demand and capacity results are conditional on this mapping,0.878,0.877,0.879,64825.0377454,64751.2051284,64898.8703625,0,0,0,0,64825.0377454,64825.0377454,0.037531669732,0.012,0.012,48361.852,19344.740800000003,24180.926,4836.185200000001,1209046.3,483618.5200000001,725427.7799999999,0,0,specific_heat_loss_z_W_m2K_descending_current_state,0.4,0.3,0.4,2,2.9,6.1,3403.19,4.59022120313,20,170.1595,0.229511060156,332.28,57.0034325,1.44392964577,existing_unspecified,,,average decarbonised label A,85,https://energie.wallonie.be/files/PEB/B%C3%A2timents%20non%20r%C3%A9sidentiels/Obligation/SRLT/gw-201112-strategie-renovation-2020-rapport-complet-final.pdf,legacy 2020 target retained alongside draft NBRP context,https://energy.ec.europa.eu/topics/energy-efficiency/energy-performance-buildings/national-building-renovation-plans_en,Draft Walloon NBRP submitted 23 December 2025; Commission feedback published 14 July 2026; final plan due 31 December 2026,https://etat.environnement.wallonie.be/contents/indicatorsheets/MEN%2010.html,https://episcope.eu/fileadmin/tabula/public/docs/scientific/BE_TABULA_ScientificReport_VITO.pdf,"independence/null assumption: P(state | region, archetype) = P(state | region)",official national pathway calibration with post-2025 extrapolation,https://climat.be/doc/climate-neutral-belgium-by-2050-report.pdf,Scenarios for a Climate Neutral Belgium by 2050; Appendix 1 Table 1; PDF and printed page 49; CORE-95 Behaviour and Technology residential renovation settings,The report specifies 2.8% per year and a 40% shallow 50% medium 10% deep distribution by 2025. The model applies these values from 2026 through 2050 to the fixed 2025 R1-R4 dwelling stock.
central,2025,2050,0.028,2.8,0.4,0.5,0.1,Walloon Region,BE_TABULA_21,Detached house,post-2005,TABULA_standard_B_proxy,TABULA_standard_B_proxy,1727209,73832.6170221,R1-R3 building-age profiles are applied to the matching dwelling totals; each resulting house-category dwelling retains its whole-house TABULA geometry; national absolute heat-demand and capacity results are conditional on this mapping,0.11,0.1095,0.1105,8121.58787243,8084.67156392,8158.50418095,0,0,0,0,8121.58787243,8121.58787243,0.004702145411,0.012,0.012,48361.852,19344.740800000003,24180.926,4836.185200000001,1209046.3,483618.5200000001,725427.7799999999,0,0,specific_heat_loss_z_W_m2K_descending_current_state,0.4,0.3,0.4,2,2.9,6,3347.4,4.51497167521,20,167.37,0.22574858376,332.28,56.06895,1.44046346439,exhaust_air_ventilation,0,False,average decarbonised label A,85,https://energie.wallonie.be/files/PEB/B%C3%A2timents%20non%20r%C3%A9sidentiels/Obligation/SRLT/gw-201112-strategie-renovation-2020-rapport-complet-final.pdf,legacy 2020 target retained alongside draft NBRP context,https://energy.ec.europa.eu/topics/energy-efficiency/energy-performance-buildings/national-building-renovation-plans_en,Draft Walloon NBRP submitted 23 December 2025; Commission feedback published 14 July 2026; final plan due 31 December 2026,https://etat.environnement.wallonie.be/contents/indicatorsheets/MEN%2010.html,https://episcope.eu/fileadmin/tabula/public/docs/scientific/BE_TABULA_ScientificReport_VITO.pdf,"independence/null assumption: P(state | region, archetype) = P(state | region)",official national pathway calibration with post-2025 extrapolation,https://climat.be/doc/climate-neutral-belgium-by-2050-report.pdf,Scenarios for a Climate Neutral Belgium by 2050; Appendix 1 Table 1; PDF and printed page 49; CORE-95 Behaviour and Technology residential renovation settings,The report specifies 2.8% per year and a 40% shallow 50% medium 10% deep distribution by 2025. The model applies these values from 2026 through 2050 to the fixed 2025 R1-R4 dwelling stock.
central,2025,2050,0.028,2.8,0.4,0.5,0.1,Walloon Region,BE_TABULA_21,Detached house,post-2005,TABULA_advanced_A_proxy,TABULA_advanced_A_proxy,1727209,73832.6170221,R1-R3 building-age profiles are applied to the matching dwelling totals; each resulting house-category dwelling retains its whole-house TABULA geometry; national absolute heat-demand and capacity results are conditional on this mapping,0.012,0.0115,0.0125,885.991404266,849.075095755,922.907712777,0,0,0,0,885.991404266,885.991404266,0.000512961318,0.012,0.012,48361.852,19344.740800000003,24180.926,4836.185200000001,1209046.3,483618.5200000001,725427.7799999999,0,0,specific_heat_loss_z_W_m2K_descending_current_state,0.25,0.15,0.25,1.6,1.6,2.5,1394.75,1.881238198,20,69.7375,0.0940619099,221.96,23.3620625,0.909948303042,balanced_mechanical_HRV,0.8,True,average decarbonised label A,85,https://energie.wallonie.be/files/PEB/B%C3%A2timents%20non%20r%C3%A9sidentiels/Obligation/SRLT/gw-201112-strategie-renovation-2020-rapport-complet-final.pdf,legacy 2020 target retained alongside draft NBRP context,https://energy.ec.europa.eu/topics/energy-efficiency/energy-performance-buildings/national-building-renovation-plans_en,Draft Walloon NBRP submitted 23 December 2025; Commission feedback published 14 July 2026; final plan due 31 December 2026,https://etat.environnement.wallonie.be/contents/indicatorsheets/MEN%2010.html,https://episcope.eu/fileadmin/tabula/public/docs/scientific/BE_TABULA_ScientificReport_VITO.pdf,"independence/null assumption: P(state | region, archetype) = P(state | region)",official national pathway calibration with post-2025 extrapolation,https://climat.be/doc/climate-neutral-belgium-by-2050-report.pdf,Scenarios for a Climate Neutral Belgium by 2050; Appendix 1 Table 1; PDF and printed page 49; CORE-95 Behaviour and Technology residential renovation settings,The report specifies 2.8% per year and a 40% shallow 50% medium 10% deep distribution by 2025. The model applies these values from 2026 through 2050 to the fixed 2025 R1-R4 dwelling stock.
central,2025,2050,0.028,2.8,0.4,0.5,0.1,Walloon Region,BE_TABULA_22,Semi-detached house,post-2005,TABULA_existing,TABULA_existing,1727209,32875.2080712,R1-R3 building-age profiles are applied to the matching dwelling totals; each resulting house-category dwelling retains its whole-house TABULA geometry; national absolute heat-demand and capacity results are conditional on this mapping,0.878,0.877,0.879,28864.4326865,28831.5574785,28897.3078946,0,0,0,0,28864.4326865,28864.4326865,0.016711603915,0.012,0.012,48361.852,19344.740800000003,24180.926,4836.185200000001,1209046.3,483618.5200000001,725427.7799999999,0,0,specific_heat_loss_z_W_m2K_descending_current_state,0.4,0.3,0.4,2,2.9,6.3,2569.77,3.99839738603,20,128.4885,0.199919869301,250.43,43.0436475,1.25577084938,existing_unspecified,,,average decarbonised label A,85,https://energie.wallonie.be/files/PEB/B%C3%A2timents%20non%20r%C3%A9sidentiels/Obligation/SRLT/gw-201112-strategie-renovation-2020-rapport-complet-final.pdf,legacy 2020 target retained alongside draft NBRP context,https://energy.ec.europa.eu/topics/energy-efficiency/energy-performance-buildings/national-building-renovation-plans_en,Draft Walloon NBRP submitted 23 December 2025; Commission feedback published 14 July 2026; final plan due 31 December 2026,https://etat.environnement.wallonie.be/contents/indicatorsheets/MEN%2010.html,https://episcope.eu/fileadmin/tabula/public/docs/scientific/BE_TABULA_ScientificReport_VITO.pdf,"independence/null assumption: P(state | region, archetype) = P(state | region)",official national pathway calibration with post-2025 extrapolation,https://climat.be/doc/climate-neutral-belgium-by-2050-report.pdf,Scenarios for a Climate Neutral Belgium by 2050; Appendix 1 Table 1; PDF and printed page 49; CORE-95 Behaviour and Technology residential renovation settings,The report specifies 2.8% per year and a 40% shallow 50% medium 10% deep distribution by 2025. The model applies these values from 2026 through 2050 to the fixed 2025 R1-R4 dwelling stock.
central,2025,2050,0.028,2.8,0.4,0.5,0.1,Walloon Region,BE_TABULA_22,Semi-detached house,post-2005,TABULA_standard_B_proxy,TABULA_standard_B_proxy,1727209,32875.2080712,R1-R3 building-age profiles are applied to the matching dwelling totals; each resulting house-category dwelling retains its whole-house TABULA geometry; national absolute heat-demand and capacity results are conditional on this mapping,0.11,0.1095,0.1105,3616.27288784,3599.8352838,3632.71049187,0,0,0,0,3616.27288784,3616.27288784,0.002093708919,0.012,0.012,48361.852,19344.740800000003,24180.926,4836.185200000001,1209046.3,483618.5200000001,725427.7799999999,0,0,specific_heat_loss_z_W_m2K_descending_current_state,0.4,0.3,0.4,2,2.9,6,2447.4,3.8079975105,20,122.37,0.190399875525,250.43,40.99395,1.24700021395,exhaust_air_ventilation,0,False,average decarbonised label A,85,https://energie.wallonie.be/files/PEB/B%C3%A2timents%20non%20r%C3%A9sidentiels/Obligation/SRLT/gw-201112-strategie-renovation-2020-rapport-complet-final.pdf,legacy 2020 target retained alongside draft NBRP context,https://energy.ec.europa.eu/topics/energy-efficiency/energy-performance-buildings/national-building-renovation-plans_en,Draft Walloon NBRP submitted 23 December 2025; Commission feedback published 14 July 2026; final plan due 31 December 2026,https://etat.environnement.wallonie.be/contents/indicatorsheets/MEN%2010.html,https://episcope.eu/fileadmin/tabula/public/docs/scientific/BE_TABULA_ScientificReport_VITO.pdf,"independence/null assumption: P(state | region, archetype) = P(state | region)",official national pathway calibration with post-2025 extrapolation,https://climat.be/doc/climate-neutral-belgium-by-2050-report.pdf,Scenarios for a Climate Neutral Belgium by 2050; Appendix 1 Table 1; PDF and printed page 49; CORE-95 Behaviour and Technology residential renovation settings,The report specifies 2.8% per year and a 40% shallow 50% medium 10% deep distribution by 2025. The model applies these values from 2026 through 2050 to the fixed 2025 R1-R4 dwelling stock.
central,2025,2050,0.028,2.8,0.4,0.5,0.1,Walloon Region,BE_TABULA_22,Semi-detached house,post-2005,TABULA_advanced_A_proxy,TABULA_advanced_A_proxy,1727209,32875.2080712,R1-R3 building-age profiles are applied to the matching dwelling totals; each resulting house-category dwelling retains its whole-house TABULA geometry; national absolute heat-demand and capacity results are conditional on this mapping,0.012,0.0115,0.0125,394.502496855,378.064892819,410.94010089,0,0,0,0,394.502496855,394.502496855,0.000228404609,0.012,0.012,48361.852,19344.740800000003,24180.926,4836.185200000001,1209046.3,483618.5200000001,725427.7799999999,0,0,specific_heat_loss_z_W_m2K_descending_current_state,0.25,0.15,0.25,1.6,1.6,2.5,1019.75,1.58666562938,20,50.9875,0.079333281469,166.56,17.0808125,0.785797229354,balanced_mechanical_HRV,0.8,True,average decarbonised label A,85,https://energie.wallonie.be/files/PEB/B%C3%A2timents%20non%20r%C3%A9sidentiels/Obligation/SRLT/gw-201112-strategie-renovation-2020-rapport-complet-final.pdf,legacy 2020 target retained alongside draft NBRP context,https://energy.ec.europa.eu/topics/energy-efficiency/energy-performance-buildings/national-building-renovation-plans_en,Draft Walloon NBRP submitted 23 December 2025; Commission feedback published 14 July 2026; final plan due 31 December 2026,https://etat.environnement.wallonie.be/contents/indicatorsheets/MEN%2010.html,https://episcope.eu/fileadmin/tabula/public/docs/scientific/BE_TABULA_ScientificReport_VITO.pdf,"independence/null assumption: P(state | region, archetype) = P(state | region)",official national pathway calibration with post-2025 extrapolation,https://climat.be/doc/climate-neutral-belgium-by-2050-report.pdf,Scenarios for a Climate Neutral Belgium by 2050; Appendix 1 Table 1; PDF and printed page 49; CORE-95 Behaviour and Technology residential renovation settings,The report specifies 2.8% per year and a 40% shallow 50% medium 10% deep distribution by 2025. The model applies these values from 2026 through 2050 to the fixed 2025 R1-R4 dwelling stock.
central,2025,2050,0.028,2.8,0.4,0.5,0.1,Walloon Region,BE_TABULA_23,Terraced house,post-2005,TABULA_existing,TABULA_existing,1727209,14540.0483661,R1-R3 building-age profiles are applied to the matching dwelling totals; each resulting house-category dwelling retains its whole-house TABULA geometry; national absolute heat-demand and capacity results are conditional on this mapping,0.878,0.877,0.879,12766.1624654,12751.6224171,12780.7025138,0,0,0,0,12766.1624654,12766.1624654,0.007391208861,0.012,0.012,48361.852,19344.740800000003,24180.926,4836.185200000001,1209046.3,483618.5200000001,725427.7799999999,0,0,specific_heat_loss_z_W_m2K_descending_current_state,0.4,0.3,0.4,2,2.9,6,1606.2,2.92142597308,20,80.31,0.146071298654,181.76,26.90385,1.04384117059,existing_unspecified,,,average decarbonised label A,85,https://energie.wallonie.be/files/PEB/B%C3%A2timents%20non%20r%C3%A9sidentiels/Obligation/SRLT/gw-201112-strategie-renovation-2020-rapport-complet-final.pdf,legacy 2020 target retained alongside draft NBRP context,https://energy.ec.europa.eu/topics/energy-efficiency/energy-performance-buildings/national-building-renovation-plans_en,Draft Walloon NBRP submitted 23 December 2025; Commission feedback published 14 July 2026; final plan due 31 December 2026,https://etat.environnement.wallonie.be/contents/indicatorsheets/MEN%2010.html,https://episcope.eu/fileadmin/tabula/public/docs/scientific/BE_TABULA_ScientificReport_VITO.pdf,"independence/null assumption: P(state | region, archetype) = P(state | region)",official national pathway calibration with post-2025 extrapolation,https://climat.be/doc/climate-neutral-belgium-by-2050-report.pdf,Scenarios for a Climate Neutral Belgium by 2050; Appendix 1 Table 1; PDF and printed page 49; CORE-95 Behaviour and Technology residential renovation settings,The report specifies 2.8% per year and a 40% shallow 50% medium 10% deep distribution by 2025. The model applies these values from 2026 through 2050 to the fixed 2025 R1-R4 dwelling stock.
central,2025,2050,0.028,2.8,0.4,0.5,0.1,Walloon Region,BE_TABULA_23,Terraced house,post-2005,TABULA_standard_B_proxy,TABULA_standard_B_proxy,1727209,14540.0483661,R1-R3 building-age profiles are applied to the matching dwelling totals; each resulting house-category dwelling retains its whole-house TABULA geometry; national absolute heat-demand and capacity results are conditional on this mapping,0.11,0.1095,0.1105,1599.40532027,1592.13529609,1606.67534445,0,0,0,0,1599.40532027,1599.40532027,0.000926005666,0.012,0.012,48361.852,19344.740800000003,24180.926,4836.185200000001,1209046.3,483618.5200000001,725427.7799999999,0,0,specific_heat_loss_z_W_m2K_descending_current_state,0.4,0.3,0.4,2,2.9,6,1606.2,2.92142597308,20,80.31,0.146071298654,181.76,26.90385,1.04384117059,exhaust_air_ventilation,0,False,average decarbonised label A,85,https://energie.wallonie.be/files/PEB/B%C3%A2timents%20non%20r%C3%A9sidentiels/Obligation/SRLT/gw-201112-strategie-renovation-2020-rapport-complet-final.pdf,legacy 2020 target retained alongside draft NBRP context,https://energy.ec.europa.eu/topics/energy-efficiency/energy-performance-buildings/national-building-renovation-plans_en,Draft Walloon NBRP submitted 23 December 2025; Commission feedback published 14 July 2026; final plan due 31 December 2026,https://etat.environnement.wallonie.be/contents/indicatorsheets/MEN%2010.html,https://episcope.eu/fileadmin/tabula/public/docs/scientific/BE_TABULA_ScientificReport_VITO.pdf,"independence/null assumption: P(state | region, archetype) = P(state | region)",official national pathway calibration with post-2025 extrapolation,https://climat.be/doc/climate-neutral-belgium-by-2050-report.pdf,Scenarios for a Climate Neutral Belgium by 2050; Appendix 1 Table 1; PDF and printed page 49; CORE-95 Behaviour and Technology residential renovation settings,The report specifies 2.8% per year and a 40% shallow 50% medium 10% deep distribution by 2025. The model applies these values from 2026 through 2050 to the fixed 2025 R1-R4 dwelling stock.
central,2025,2050,0.028,2.8,0.4,0.5,0.1,Walloon Region,BE_TABULA_23,Terraced house,post-2005,TABULA_advanced_A_proxy,TABULA_advanced_A_proxy,1727209,14540.0483661,R1-R3 building-age profiles are applied to the matching dwelling totals; each resulting house-category dwelling retains its whole-house TABULA geometry; national absolute heat-demand and capacity results are conditional on this mapping,0.012,0.0115,0.0125,174.480580393,167.21055621,181.750604576,0,0,0,0,174.480580393,174.480580393,0.0001010188,0.012,0.012,48361.852,19344.740800000003,24180.926,4836.185200000001,1209046.3,483618.5200000001,725427.7799999999,0,0,specific_heat_loss_z_W_m2K_descending_current_state,0.25,0.15,0.25,1.6,1.6,2.5,669.25,1.21726082212,20,33.4625,0.060863041106,121.53,11.2099375,0.664031703352,balanced_mechanical_HRV,0.8,True,average decarbonised label A,85,https://energie.wallonie.be/files/PEB/B%C3%A2timents%20non%20r%C3%A9sidentiels/Obligation/SRLT/gw-201112-strategie-renovation-2020-rapport-complet-final.pdf,legacy 2020 target retained alongside draft NBRP context,https://energy.ec.europa.eu/topics/energy-efficiency/energy-performance-buildings/national-building-renovation-plans_en,Draft Walloon NBRP submitted 23 December 2025; Commission feedback published 14 July 2026; final plan due 31 December 2026,https://etat.environnement.wallonie.be/contents/indicatorsheets/MEN%2010.html,https://episcope.eu/fileadmin/tabula/public/docs/scientific/BE_TABULA_ScientificReport_VITO.pdf,"independence/null assumption: P(state | region, archetype) = P(state | region)",official national pathway calibration with post-2025 extrapolation,https://climat.be/doc/climate-neutral-belgium-by-2050-report.pdf,Scenarios for a Climate Neutral Belgium by 2050; Appendix 1 Table 1; PDF and printed page 49; CORE-95 Behaviour and Technology residential renovation settings,The report specifies 2.8% per year and a 40% shallow 50% medium 10% deep distribution by 2025. The model applies these values from 2026 through 2050 to the fixed 2025 R1-R4 dwelling stock.
central,2025,2050,0.028,2.8,0.4,0.5,0.1,Walloon Region,BE_TABULA_24,"Apartment, enclosed",post-2005,TABULA_existing,TABULA_existing,1727209,27083.0961056,R1-R3 building-age profiles are applied to the matching dwelling totals; each resulting house-category dwelling retains its whole-house TABULA geometry; national absolute heat-demand and capacity results are conditional on this mapping,0.878,0.877,0.879,23778.9583807,23751.8752846,23806.0414768,0,0,0,0,23778.9583807,23778.9583807,0.013767273318,0.012,0.012,48361.852,19344.740800000003,24180.926,4836.185200000001,1209046.3,483618.5200000001,725427.7799999999,0,0,specific_heat_loss_z_W_m2K_descending_current_state,0.4,0.3,0.4,2,2.9,6,268.8,0.83921323759,20,13.44,0.04196066188,60.76,4.5024,0.651972027972,existing_unspecified,,,average decarbonised label A,85,https://energie.wallonie.be/files/PEB/B%C3%A2timents%20non%20r%C3%A9sidentiels/Obligation/SRLT/gw-201112-strategie-renovation-2020-rapport-complet-final.pdf,legacy 2020 target retained alongside draft NBRP context,https://energy.ec.europa.eu/topics/energy-efficiency/energy-performance-buildings/national-building-renovation-plans_en,Draft Walloon NBRP submitted 23 December 2025; Commission feedback published 14 July 2026; final plan due 31 December 2026,https://etat.environnement.wallonie.be/contents/indicatorsheets/MEN%2010.html,https://episcope.eu/fileadmin/tabula/public/docs/scientific/BE_TABULA_ScientificReport_VITO.pdf,"independence/null assumption: P(state | region, archetype) = P(state | region)",official national pathway calibration with post-2025 extrapolation,https://climat.be/doc/climate-neutral-belgium-by-2050-report.pdf,Scenarios for a Climate Neutral Belgium by 2050; Appendix 1 Table 1; PDF and printed page 49; CORE-95 Behaviour and Technology residential renovation settings,The report specifies 2.8% per year and a 40% shallow 50% medium 10% deep distribution by 2025. The model applies these values from 2026 through 2050 to the fixed 2025 R1-R4 dwelling stock.
central,2025,2050,0.028,2.8,0.4,0.5,0.1,Walloon Region,BE_TABULA_24,"Apartment, enclosed",post-2005,TABULA_standard_B_proxy,TABULA_standard_B_proxy,1727209,27083.0961056,R1-R3 building-age profiles are applied to the matching dwelling totals; each resulting house-category dwelling retains its whole-house TABULA geometry; national absolute heat-demand and capacity results are conditional on this mapping,0.11,0.1095,0.1105,2979.14057162,2965.59902356,2992.68211967,0,0,0,0,2979.14057162,2979.14057162,0.001724829231,0.012,0.012,48361.852,19344.740800000003,24180.926,4836.185200000001,1209046.3,483618.5200000001,725427.7799999999,0,0,specific_heat_loss_z_W_m2K_descending_current_state,0.4,0.3,0.4,2,2.9,6,268.8,0.83921323759,20,13.44,0.04196066188,60.76,4.5024,0.651972027972,exhaust_air_ventilation,0,False,average decarbonised label A,85,https://energie.wallonie.be/files/PEB/B%C3%A2timents%20non%20r%C3%A9sidentiels/Obligation/SRLT/gw-201112-strategie-renovation-2020-rapport-complet-final.pdf,legacy 2020 target retained alongside draft NBRP context,https://energy.ec.europa.eu/topics/energy-efficiency/energy-performance-buildings/national-building-renovation-plans_en,Draft Walloon NBRP submitted 23 December 2025; Commission feedback published 14 July 2026; final plan due 31 December 2026,https://etat.environnement.wallonie.be/contents/indicatorsheets/MEN%2010.html,https://episcope.eu/fileadmin/tabula/public/docs/scientific/BE_TABULA_ScientificReport_VITO.pdf,"independence/null assumption: P(state | region, archetype) = P(state | region)",official national pathway calibration with post-2025 extrapolation,https://climat.be/doc/climate-neutral-belgium-by-2050-report.pdf,Scenarios for a Climate Neutral Belgium by 2050; Appendix 1 Table 1; PDF and printed page 49; CORE-95 Behaviour and Technology residential renovation settings,The report specifies 2.8% per year and a 40% shallow 50% medium 10% deep distribution by 2025. The model applies these values from 2026 through 2050 to the fixed 2025 R1-R4 dwelling stock.
central,2025,2050,0.028,2.8,0.4,0.5,0.1,Walloon Region,BE_TABULA_24,"Apartment, enclosed",post-2005,TABULA_advanced_A_proxy,TABULA_advanced_A_proxy,1727209,27083.0961056,R1-R3 building-age profiles are applied to the matching dwelling totals; each resulting house-category dwelling retains its whole-house TABULA geometry; national absolute heat-demand and capacity results are conditional on this mapping,0.012,0.0115,0.0125,324.997153267,311.455605214,338.53870132,0,0,0,0,324.997153267,324.997153267,0.000188163189,0.012,0.012,48361.852,19344.740800000003,24180.926,4836.185200000001,1209046.3,483618.5200000001,725427.7799999999,0,0,specific_heat_loss_z_W_m2K_descending_current_state,0.25,0.15,0.25,1.6,1.6,2.5,112,0.349672182329,20,5.6,0.017483609117,47.355,1.876,0.491818181818,balanced_mechanical_HRV,0.8,True,average decarbonised label A,85,https://energie.wallonie.be/files/PEB/B%C3%A2timents%20non%20r%C3%A9sidentiels/Obligation/SRLT/gw-201112-strategie-renovation-2020-rapport-complet-final.pdf,legacy 2020 target retained alongside draft NBRP context,https://energy.ec.europa.eu/topics/energy-efficiency/energy-performance-buildings/national-building-renovation-plans_en,Draft Walloon NBRP submitted 23 December 2025; Commission feedback published 14 July 2026; final plan due 31 December 2026,https://etat.environnement.wallonie.be/contents/indicatorsheets/MEN%2010.html,https://episcope.eu/fileadmin/tabula/public/docs/scientific/BE_TABULA_ScientificReport_VITO.pdf,"independence/null assumption: P(state | region, archetype) = P(state | region)",official national pathway calibration with post-2025 extrapolation,https://climat.be/doc/climate-neutral-belgium-by-2050-report.pdf,Scenarios for a Climate Neutral Belgium by 2050; Appendix 1 Table 1; PDF and printed page 49; CORE-95 Behaviour and Technology residential renovation settings,The report specifies 2.8% per year and a 40% shallow 50% medium 10% deep distribution by 2025. The model applies these values from 2026 through 2050 to the fixed 2025 R1-R4 dwelling stock.
central,2025,2050,0.028,2.8,0.4,0.5,0.1,Walloon Region,BE_TABULA_25,"Apartment, exposed",post-2005,TABULA_existing,TABULA_existing,1727209,27083.0961056,R1-R3 building-age profiles are applied to the matching dwelling totals; each resulting house-category dwelling retains its whole-house TABULA geometry; national absolute heat-demand and capacity results are conditional on this mapping,0.878,0.877,0.879,23778.9583807,23751.8752846,23806.0414768,0,0,0,0,23778.9583807,23778.9583807,0.013767273318,0.012,0.012,48361.852,19344.740800000003,24180.926,4836.185200000001,1209046.3,483618.5200000001,725427.7799999999,0,0,specific_heat_loss_z_W_m2K_descending_current_state,0.4,0.3,0.4,2,2.9,6,1144.2,3.57227599126,20,57.21,0.178613799563,109.11,19.16535,1.28147202797,existing_unspecified,,,average decarbonised label A,85,https://energie.wallonie.be/files/PEB/B%C3%A2timents%20non%20r%C3%A9sidentiels/Obligation/SRLT/gw-201112-strategie-renovation-2020-rapport-complet-final.pdf,legacy 2020 target retained alongside draft NBRP context,https://energy.ec.europa.eu/topics/energy-efficiency/energy-performance-buildings/national-building-renovation-plans_en,Draft Walloon NBRP submitted 23 December 2025; Commission feedback published 14 July 2026; final plan due 31 December 2026,https://etat.environnement.wallonie.be/contents/indicatorsheets/MEN%2010.html,https://episcope.eu/fileadmin/tabula/public/docs/scientific/BE_TABULA_ScientificReport_VITO.pdf,"independence/null assumption: P(state | region, archetype) = P(state | region)",official national pathway calibration with post-2025 extrapolation,https://climat.be/doc/climate-neutral-belgium-by-2050-report.pdf,Scenarios for a Climate Neutral Belgium by 2050; Appendix 1 Table 1; PDF and printed page 49; CORE-95 Behaviour and Technology residential renovation settings,The report specifies 2.8% per year and a 40% shallow 50% medium 10% deep distribution by 2025. The model applies these values from 2026 through 2050 to the fixed 2025 R1-R4 dwelling stock.
central,2025,2050,0.028,2.8,0.4,0.5,0.1,Walloon Region,BE_TABULA_25,"Apartment, exposed",post-2005,TABULA_standard_B_proxy,TABULA_standard_B_proxy,1727209,27083.0961056,R1-R3 building-age profiles are applied to the matching dwelling totals; each resulting house-category dwelling retains its whole-house TABULA geometry; national absolute heat-demand and capacity results are conditional on this mapping,0.11,0.1095,0.1105,2979.14057162,2965.59902356,2992.68211967,0,0,0,0,2979.14057162,2979.14057162,0.001724829231,0.012,0.012,48361.852,19344.740800000003,24180.926,4836.185200000001,1209046.3,483618.5200000001,725427.7799999999,0,0,specific_heat_loss_z_W_m2K_descending_current_state,0.4,0.3,0.4,2,2.9,6,1144.2,3.57227599126,20,57.21,0.178613799563,109.11,19.16535,1.28147202797,exhaust_air_ventilation,0,False,average decarbonised label A,85,https://energie.wallonie.be/files/PEB/B%C3%A2timents%20non%20r%C3%A9sidentiels/Obligation/SRLT/gw-201112-strategie-renovation-2020-rapport-complet-final.pdf,legacy 2020 target retained alongside draft NBRP context,https://energy.ec.europa.eu/topics/energy-efficiency/energy-performance-buildings/national-building-renovation-plans_en,Draft Walloon NBRP submitted 23 December 2025; Commission feedback published 14 July 2026; final plan due 31 December 2026,https://etat.environnement.wallonie.be/contents/indicatorsheets/MEN%2010.html,https://episcope.eu/fileadmin/tabula/public/docs/scientific/BE_TABULA_ScientificReport_VITO.pdf,"independence/null assumption: P(state | region, archetype) = P(state | region)",official national pathway calibration with post-2025 extrapolation,https://climat.be/doc/climate-neutral-belgium-by-2050-report.pdf,Scenarios for a Climate Neutral Belgium by 2050; Appendix 1 Table 1; PDF and printed page 49; CORE-95 Behaviour and Technology residential renovation settings,The report specifies 2.8% per year and a 40% shallow 50% medium 10% deep distribution by 2025. The model applies these values from 2026 through 2050 to the fixed 2025 R1-R4 dwelling stock.
central,2025,2050,0.028,2.8,0.4,0.5,0.1,Walloon Region,BE_TABULA_25,"Apartment, exposed",post-2005,TABULA_advanced_A_proxy,TABULA_advanced_A_proxy,1727209,27083.0961056,R1-R3 building-age profiles are applied to the matching dwelling totals; each resulting house-category dwelling retains its whole-house TABULA geometry; national absolute heat-demand and capacity results are conditional on this mapping,0.012,0.0115,0.0125,324.997153267,311.455605214,338.53870132,0,0,0,0,324.997153267,324.997153267,0.000188163189,0.012,0.012,48361.852,19344.740800000003,24180.926,4836.185200000001,1209046.3,483618.5200000001,725427.7799999999,0,0,specific_heat_loss_z_W_m2K_descending_current_state,0.25,0.15,0.25,1.6,1.6,2.5,476.75,1.48844832969,20,23.8375,0.074422416485,73.82,7.9855625,0.817238386613,balanced_mechanical_HRV,0.8,True,average decarbonised label A,85,https://energie.wallonie.be/files/PEB/B%C3%A2timents%20non%20r%C3%A9sidentiels/Obligation/SRLT/gw-201112-strategie-renovation-2020-rapport-complet-final.pdf,legacy 2020 target retained alongside draft NBRP context,https://energy.ec.europa.eu/topics/energy-efficiency/energy-performance-buildings/national-building-renovation-plans_en,Draft Walloon NBRP submitted 23 December 2025; Commission feedback published 14 July 2026; final plan due 31 December 2026,https://etat.environnement.wallonie.be/contents/indicatorsheets/MEN%2010.html,https://episcope.eu/fileadmin/tabula/public/docs/scientific/BE_TABULA_ScientificReport_VITO.pdf,"independence/null assumption: P(state | region, archetype) = P(state | region)",official national pathway calibration with post-2025 extrapolation,https://climat.be/doc/climate-neutral-belgium-by-2050-report.pdf,Scenarios for a Climate Neutral Belgium by 2050; Appendix 1 Table 1; PDF and printed page 49; CORE-95 Behaviour and Technology residential renovation settings,The report specifies 2.8% per year and a 40% shallow 50% medium 10% deep distribution by 2025. The model applies these values from 2026 through 2050 to the fixed 2025 R1-R4 dwelling stock.
central,2025,2050,0.028,2.8,0.4,0.5,0.1,Brussels-Capital Region,BE_TABULA_01,Detached house,pre-1946,TABULA_existing,TABULA_existing,566042,1978.26849315,R1-R3 building-age profiles are applied to the matching dwelling totals; each resulting house-category dwelling retains its whole-house TABULA geometry; national absolute heat-demand and capacity results are conditional on this mapping,0.9283,0.9282,0.9284,1836.42664219,1836.22881534,1836.62446904,1836.42664219,0,0,0,0,0,0,0.0155,0.0155,15849.176,6339.670400000001,7924.588,1584.9176,396229.39999999997,158491.76,237737.63999999996,0,0,specific_heat_loss_z_W_m2K_descending_current_state,2.2,1.7,0.85,5,4,18,10785.6,14.0804177546,20,539.28,0.704020887728,1190.195,180.6588,4.91345448029,existing_unspecified,,,average C+ / 100 kWh/m2.year,100,https://environnement.brussels/citoyen/politique-regionale/plans-strategiques-regionaux/renolution-une-strategie-pour-renover-le-bati-bruxellois,current regional renovation target,https://energy.ec.europa.eu/topics/energy-efficiency/energy-performance-buildings/national-building-renovation-plans_en,National Building Renovation Plans page; no Brussels draft listed at verification date,https://document.environnement.brussels/opac_css/elecfile/Statistiques_certificatsPEB_residentiel_donnees_2024.pdf,https://episcope.eu/fileadmin/tabula/public/docs/scientific/BE_TABULA_ScientificReport_VITO.pdf,"independence/null assumption: P(state | region, archetype) = P(state | region)",official national pathway calibration with post-2025 extrapolation,https://climat.be/doc/climate-neutral-belgium-by-2050-report.pdf,Scenarios for a Climate Neutral Belgium by 2050; Appendix 1 Table 1; PDF and printed page 49; CORE-95 Behaviour and Technology residential renovation settings,The report specifies 2.8% per year and a 40% shallow 50% medium 10% deep distribution by 2025. The model applies these values from 2026 through 2050 to the fixed 2025 R1-R4 dwelling stock.
central,2025,2050,0.028,2.8,0.4,0.5,0.1,Brussels-Capital Region,BE_TABULA_01,Detached house,pre-1946,TABULA_standard_B_proxy,TABULA_standard_B_proxy,566042,1978.26849315,R1-R3 building-age profiles are applied to the matching dwelling totals; each resulting house-category dwelling retains its whole-house TABULA geometry; national absolute heat-demand and capacity results are conditional on this mapping,0.0562,0.05615,0.05625,111.178689315,111.07977589,111.27760274,0,0,1836.42664219,0,1947.605331505,1947.605331505,0.003440743499,0.0155,0.0155,15849.176,6339.670400000001,7924.588,1584.9176,396229.39999999997,158491.76,237737.63999999996,0,0,specific_heat_loss_z_W_m2K_descending_current_state,0.4,0.3,0.4,2,2.9,6,3595.2,4.69347258486,20,179.76,0.234673629243,313.51,60.2196,1.33953261649,exhaust_air_ventilation,0,False,average C+ / 100 kWh/m2.year,100,https://environnement.brussels/citoyen/politique-regionale/plans-strategiques-regionaux/renolution-une-strategie-pour-renover-le-bati-bruxellois,current regional renovation target,https://energy.ec.europa.eu/topics/energy-efficiency/energy-performance-buildings/national-building-renovation-plans_en,National Building Renovation Plans page; no Brussels draft listed at verification date,https://document.environnement.brussels/opac_css/elecfile/Statistiques_certificatsPEB_residentiel_donnees_2024.pdf,https://episcope.eu/fileadmin/tabula/public/docs/scientific/BE_TABULA_ScientificReport_VITO.pdf,"independence/null assumption: P(state | region, archetype) = P(state | region)",official national pathway calibration with post-2025 extrapolation,https://climat.be/doc/climate-neutral-belgium-by-2050-report.pdf,Scenarios for a Climate Neutral Belgium by 2050; Appendix 1 Table 1; PDF and printed page 49; CORE-95 Behaviour and Technology residential renovation settings,The report specifies 2.8% per year and a 40% shallow 50% medium 10% deep distribution by 2025. The model applies these values from 2026 through 2050 to the fixed 2025 R1-R4 dwelling stock.
central,2025,2050,0.028,2.8,0.4,0.5,0.1,Brussels-Capital Region,BE_TABULA_01,Detached house,pre-1946,TABULA_advanced_A_proxy,TABULA_advanced_A_proxy,566042,1978.26849315,R1-R3 building-age profiles are applied to the matching dwelling totals; each resulting house-category dwelling retains its whole-house TABULA geometry; national absolute heat-demand and capacity results are conditional on this mapping,0.0155,0.01545,0.01555,30.6631616438,30.5642482192,30.7620750685,0,0,0,0,30.6631616438,30.6631616438,0.000054171177,0.0155,0.0155,15849.176,6339.670400000001,7924.588,1584.9176,396229.39999999997,158491.76,237737.63999999996,0,0,specific_heat_loss_z_W_m2K_descending_current_state,0.25,0.15,0.25,1.6,1.6,2.5,1498,1.95561357702,20,74.9,0.097780678851,202.405,25.0915,0.815399641577,balanced_mechanical_HRV,0.8,True,average C+ / 100 kWh/m2.year,100,https://environnement.brussels/citoyen/politique-regionale/plans-strategiques-regionaux/renolution-une-strategie-pour-renover-le-bati-bruxellois,current regional renovation target,https://energy.ec.europa.eu/topics/energy-efficiency/energy-performance-buildings/national-building-renovation-plans_en,National Building Renovation Plans page; no Brussels draft listed at verification date,https://document.environnement.brussels/opac_css/elecfile/Statistiques_certificatsPEB_residentiel_donnees_2024.pdf,https://episcope.eu/fileadmin/tabula/public/docs/scientific/BE_TABULA_ScientificReport_VITO.pdf,"independence/null assumption: P(state | region, archetype) = P(state | region)",official national pathway calibration with post-2025 extrapolation,https://climat.be/doc/climate-neutral-belgium-by-2050-report.pdf,Scenarios for a Climate Neutral Belgium by 2050; Appendix 1 Table 1; PDF and printed page 49; CORE-95 Behaviour and Technology residential renovation settings,The report specifies 2.8% per year and a 40% shallow 50% medium 10% deep distribution by 2025. The model applies these values from 2026 through 2050 to the fixed 2025 R1-R4 dwelling stock.
central,2025,2050,0.028,2.8,0.4,0.5,0.1,Brussels-Capital Region,BE_TABULA_02,Semi-detached house,pre-1946,TABULA_existing,TABULA_existing,566042,6649.21196526,R1-R3 building-age profiles are applied to the matching dwelling totals; each resulting house-category dwelling retains its whole-house TABULA geometry; national absolute heat-demand and capacity results are conditional on this mapping,0.9283,0.9282,0.9284,6172.46346735,6171.79854616,6173.12838855,6172.46346735,0,0,0,0,0,0,0.0155,0.0155,15849.176,6339.670400000001,7924.588,1584.9176,396229.39999999997,158491.76,237737.63999999996,0,0,specific_heat_loss_z_W_m2K_descending_current_state,2.2,1.7,0.85,5,4,18,8047.8,12.347038969,20,402.39,0.61735194845,885.835,134.80065,4.30647953586,existing_unspecified,,,average C+ / 100 kWh/m2.year,100,https://environnement.brussels/citoyen/politique-regionale/plans-strategiques-regionaux/renolution-une-strategie-pour-renover-le-bati-bruxellois,current regional renovation target,https://energy.ec.europa.eu/topics/energy-efficiency/energy-performance-buildings/national-building-renovation-plans_en,National Building Renovation Plans page; no Brussels draft listed at verification date,https://document.environnement.brussels/opac_css/elecfile/Statistiques_certificatsPEB_residentiel_donnees_2024.pdf,https://episcope.eu/fileadmin/tabula/public/docs/scientific/BE_TABULA_ScientificReport_VITO.pdf,"independence/null assumption: P(state | region, archetype) = P(state | region)",official national pathway calibration with post-2025 extrapolation,https://climat.be/doc/climate-neutral-belgium-by-2050-report.pdf,Scenarios for a Climate Neutral Belgium by 2050; Appendix 1 Table 1; PDF and printed page 49; CORE-95 Behaviour and Technology residential renovation settings,The report specifies 2.8% per year and a 40% shallow 50% medium 10% deep distribution by 2025. The model applies these values from 2026 through 2050 to the fixed 2025 R1-R4 dwelling stock.
central,2025,2050,0.028,2.8,0.4,0.5,0.1,Brussels-Capital Region,BE_TABULA_02,Semi-detached house,pre-1946,TABULA_standard_B_proxy,TABULA_standard_B_proxy,566042,6649.21196526,R1-R3 building-age profiles are applied to the matching dwelling totals; each resulting house-category dwelling retains its whole-house TABULA geometry; national absolute heat-demand and capacity results are conditional on this mapping,0.0562,0.05615,0.05625,373.685712448,373.353251849,374.018173046,0,0,6172.46346735,0,6546.149179798001,6546.149179798001,0.01156477643,0.0155,0.0155,15849.176,6339.670400000001,7924.588,1584.9176,396229.39999999997,158491.76,237737.63999999996,0,0,specific_heat_loss_z_W_m2K_descending_current_state,0.4,0.3,0.4,2,2.9,6,2682.6,4.11567965634,20,134.13,0.205783982817,238.28,44.93355,1.19499388186,exhaust_air_ventilation,0,False,average C+ / 100 kWh/m2.year,100,https://environnement.brussels/citoyen/politique-regionale/plans-strategiques-regionaux/renolution-une-strategie-pour-renover-le-bati-bruxellois,current regional renovation target,https://energy.ec.europa.eu/topics/energy-efficiency/energy-performance-buildings/national-building-renovation-plans_en,National Building Renovation Plans page; no Brussels draft listed at verification date,https://document.environnement.brussels/opac_css/elecfile/Statistiques_certificatsPEB_residentiel_donnees_2024.pdf,https://episcope.eu/fileadmin/tabula/public/docs/scientific/BE_TABULA_ScientificReport_VITO.pdf,"independence/null assumption: P(state | region, archetype) = P(state | region)",official national pathway calibration with post-2025 extrapolation,https://climat.be/doc/climate-neutral-belgium-by-2050-report.pdf,Scenarios for a Climate Neutral Belgium by 2050; Appendix 1 Table 1; PDF and printed page 49; CORE-95 Behaviour and Technology residential renovation settings,The report specifies 2.8% per year and a 40% shallow 50% medium 10% deep distribution by 2025. The model applies these values from 2026 through 2050 to the fixed 2025 R1-R4 dwelling stock.
central,2025,2050,0.028,2.8,0.4,0.5,0.1,Brussels-Capital Region,BE_TABULA_02,Semi-detached house,pre-1946,TABULA_advanced_A_proxy,TABULA_advanced_A_proxy,566042,6649.21196526,R1-R3 building-age profiles are applied to the matching dwelling totals; each resulting house-category dwelling retains its whole-house TABULA geometry; national absolute heat-demand and capacity results are conditional on this mapping,0.0155,0.01545,0.01555,103.062785462,102.730324863,103.39524606,0,0,0,0,103.062785462,103.062785462,0.000182076216,0.0155,0.0155,15849.176,6339.670400000001,7924.588,1584.9176,396229.39999999997,158491.76,237737.63999999996,0,0,specific_heat_loss_z_W_m2K_descending_current_state,0.25,0.15,0.25,1.6,1.6,2.5,1117.75,1.71486652347,20,55.8875,0.085743326174,152.84,18.7223125,0.723891613924,balanced_mechanical_HRV,0.8,True,average C+ / 100 kWh/m2.year,100,https://environnement.brussels/citoyen/politique-regionale/plans-strategiques-regionaux/renolution-une-strategie-pour-renover-le-bati-bruxellois,current regional renovation target,https://energy.ec.europa.eu/topics/energy-efficiency/energy-performance-buildings/national-building-renovation-plans_en,National Building Renovation Plans page; no Brussels draft listed at verification date,https://document.environnement.brussels/opac_css/elecfile/Statistiques_certificatsPEB_residentiel_donnees_2024.pdf,https://episcope.eu/fileadmin/tabula/public/docs/scientific/BE_TABULA_ScientificReport_VITO.pdf,"independence/null assumption: P(state | region, archetype) = P(state | region)",official national pathway calibration with post-2025 extrapolation,https://climat.be/doc/climate-neutral-belgium-by-2050-report.pdf,Scenarios for a Climate Neutral Belgium by 2050; Appendix 1 Table 1; PDF and printed page 49; CORE-95 Behaviour and Technology residential renovation settings,The report specifies 2.8% per year and a 40% shallow 50% medium 10% deep distribution by 2025. The model applies these values from 2026 through 2050 to the fixed 2025 R1-R4 dwelling stock.
central,2025,2050,0.028,2.8,0.4,0.5,0.1,Brussels-Capital Region,BE_TABULA_03,Terraced house,pre-1946,TABULA_existing,TABULA_existing,566042,134676.343171,R1-R3 building-age profiles are applied to the matching dwelling totals; each resulting house-category dwelling retains its whole-house TABULA geometry; national absolute heat-demand and capacity results are conditional on this mapping,0.9283,0.9282,0.9284,125020.049366,125006.581732,125033.517,82208.36058168004,15849.176000000005,0,0,26962.512784319948,26962.512784319948,0.047633413747,0.0155,0.133183444819,15849.176,6339.670400000001,7924.588,1584.9176,396229.39999999997,158491.76,237737.63999999996,0,0,specific_heat_loss_z_W_m2K_descending_current_state,2.2,1.7,0.85,5,4,14.9,4812.7,7.74617737003,20,240.635,0.387308868502,668.705,80.612725,3.31703286853,existing_unspecified,,,average C+ / 100 kWh/m2.year,100,https://environnement.brussels/citoyen/politique-regionale/plans-strategiques-regionaux/renolution-une-strategie-pour-renover-le-bati-bruxellois,current regional renovation target,https://energy.ec.europa.eu/topics/energy-efficiency/energy-performance-buildings/national-building-renovation-plans_en,National Building Renovation Plans page; no Brussels draft listed at verification date,https://document.environnement.brussels/opac_css/elecfile/Statistiques_certificatsPEB_residentiel_donnees_2024.pdf,https://episcope.eu/fileadmin/tabula/public/docs/scientific/BE_TABULA_ScientificReport_VITO.pdf,"independence/null assumption: P(state | region, archetype) = P(state | region)",official national pathway calibration with post-2025 extrapolation,https://climat.be/doc/climate-neutral-belgium-by-2050-report.pdf,Scenarios for a Climate Neutral Belgium by 2050; Appendix 1 Table 1; PDF and printed page 49; CORE-95 Behaviour and Technology residential renovation settings,The report specifies 2.8% per year and a 40% shallow 50% medium 10% deep distribution by 2025. The model applies these values from 2026 through 2050 to the fixed 2025 R1-R4 dwelling stock.
central,2025,2050,0.028,2.8,0.4,0.5,0.1,Brussels-Capital Region,BE_TABULA_03,Terraced house,pre-1946,TABULA_standard_B_proxy,TABULA_standard_B_proxy,566042,134676.343171,R1-R3 building-age profiles are applied to the matching dwelling totals; each resulting house-category dwelling retains its whole-house TABULA geometry; national absolute heat-demand and capacity results are conditional on this mapping,0.0562,0.05615,0.05625,7568.81048622,7562.07666907,7575.54430338,0,0,82208.36058168004,0,89777.17106790004,89777.17106790004,0.158605140728,0.0155,0.133183444819,15849.176,6339.670400000001,7924.588,1584.9176,396229.39999999997,158491.76,237737.63999999996,0,0,specific_heat_loss_z_W_m2K_descending_current_state,0.4,0.3,0.4,2,2.9,6,1938,3.11926605505,20,96.9,0.155963302752,194.35,32.4615,1.00403497123,exhaust_air_ventilation,0,False,average C+ / 100 kWh/m2.year,100,https://environnement.brussels/citoyen/politique-regionale/plans-strategiques-regionaux/renolution-une-strategie-pour-renover-le-bati-bruxellois,current regional renovation target,https://energy.ec.europa.eu/topics/energy-efficiency/energy-performance-buildings/national-building-renovation-plans_en,National Building Renovation Plans page; no Brussels draft listed at verification date,https://document.environnement.brussels/opac_css/elecfile/Statistiques_certificatsPEB_residentiel_donnees_2024.pdf,https://episcope.eu/fileadmin/tabula/public/docs/scientific/BE_TABULA_ScientificReport_VITO.pdf,"independence/null assumption: P(state | region, archetype) = P(state | region)",official national pathway calibration with post-2025 extrapolation,https://climat.be/doc/climate-neutral-belgium-by-2050-report.pdf,Scenarios for a Climate Neutral Belgium by 2050; Appendix 1 Table 1; PDF and printed page 49; CORE-95 Behaviour and Technology residential renovation settings,The report specifies 2.8% per year and a 40% shallow 50% medium 10% deep distribution by 2025. The model applies these values from 2026 through 2050 to the fixed 2025 R1-R4 dwelling stock.
central,2025,2050,0.028,2.8,0.4,0.5,0.1,Brussels-Capital Region,BE_TABULA_03,Terraced house,pre-1946,TABULA_advanced_A_proxy,TABULA_advanced_A_proxy,566042,134676.343171,R1-R3 building-age profiles are applied to the matching dwelling totals; each resulting house-category dwelling retains its whole-house TABULA geometry; national absolute heat-demand and capacity results are conditional on this mapping,0.0155,0.01545,0.01555,2087.48331915,2080.749502,2094.21713631,0,0,0,15849.176000000005,17936.659319150003,17936.659319150003,0.031687859415,0.0155,0.133183444819,15849.176,6339.670400000001,7924.588,1584.9176,396229.39999999997,158491.76,237737.63999999996,0,0,specific_heat_loss_z_W_m2K_descending_current_state,0.25,0.15,0.25,1.6,1.6,2.5,807.5,1.2996941896,20,40.375,0.06498470948,127.1,13.525625,0.62251272687,balanced_mechanical_HRV,0.8,True,average C+ / 100 kWh/m2.year,100,https://environnement.brussels/citoyen/politique-regionale/plans-strategiques-regionaux/renolution-une-strategie-pour-renover-le-bati-bruxellois,current regional renovation target,https://energy.ec.europa.eu/topics/energy-efficiency/energy-performance-buildings/national-building-renovation-plans_en,National Building Renovation Plans page; no Brussels draft listed at verification date,https://document.environnement.brussels/opac_css/elecfile/Statistiques_certificatsPEB_residentiel_donnees_2024.pdf,https://episcope.eu/fileadmin/tabula/public/docs/scientific/BE_TABULA_ScientificReport_VITO.pdf,"independence/null assumption: P(state | region, archetype) = P(state | region)",official national pathway calibration with post-2025 extrapolation,https://climat.be/doc/climate-neutral-belgium-by-2050-report.pdf,Scenarios for a Climate Neutral Belgium by 2050; Appendix 1 Table 1; PDF and printed page 49; CORE-95 Behaviour and Technology residential renovation settings,The report specifies 2.8% per year and a 40% shallow 50% medium 10% deep distribution by 2025. The model applies these values from 2026 through 2050 to the fixed 2025 R1-R4 dwelling stock.
central,2025,2050,0.028,2.8,0.4,0.5,0.1,Brussels-Capital Region,BE_TABULA_04,"Apartment, enclosed",pre-1946,TABULA_existing,TABULA_existing,566042,87116.8197657,R1-R3 building-age profiles are applied to the matching dwelling totals; each resulting house-category dwelling retains its whole-house TABULA geometry; national absolute heat-demand and capacity results are conditional on this mapping,0.9283,0.9282,0.9284,80870.5437885,80861.8321065,80879.2554704,0,0,0,0,80870.5437885,80870.5437885,0.142870217737,0.0155,0.0155,15849.176,6339.670400000001,7924.588,1584.9176,396229.39999999997,158491.76,237737.63999999996,0,0,specific_heat_loss_z_W_m2K_descending_current_state,2.2,1.7,0.85,5,4,14.9,667.52,2.08404620668,20,33.376,0.104202310334,173.38,11.18096,1.84376583417,existing_unspecified,,,average C+ / 100 kWh/m2.year,100,https://environnement.brussels/citoyen/politique-regionale/plans-strategiques-regionaux/renolution-une-strategie-pour-renover-le-bati-bruxellois,current regional renovation target,https://energy.ec.europa.eu/topics/energy-efficiency/energy-performance-buildings/national-building-renovation-plans_en,National Building Renovation Plans page; no Brussels draft listed at verification date,https://document.environnement.brussels/opac_css/elecfile/Statistiques_certificatsPEB_residentiel_donnees_2024.pdf,https://episcope.eu/fileadmin/tabula/public/docs/scientific/BE_TABULA_ScientificReport_VITO.pdf,"independence/null assumption: P(state | region, archetype) = P(state | region)",official national pathway calibration with post-2025 extrapolation,https://climat.be/doc/climate-neutral-belgium-by-2050-report.pdf,Scenarios for a Climate Neutral Belgium by 2050; Appendix 1 Table 1; PDF and printed page 49; CORE-95 Behaviour and Technology residential renovation settings,The report specifies 2.8% per year and a 40% shallow 50% medium 10% deep distribution by 2025. The model applies these values from 2026 through 2050 to the fixed 2025 R1-R4 dwelling stock.
central,2025,2050,0.028,2.8,0.4,0.5,0.1,Brussels-Capital Region,BE_TABULA_04,"Apartment, enclosed",pre-1946,TABULA_standard_B_proxy,TABULA_standard_B_proxy,566042,87116.8197657,R1-R3 building-age profiles are applied to the matching dwelling totals; each resulting house-category dwelling retains its whole-house TABULA geometry; national absolute heat-demand and capacity results are conditional on this mapping,0.0562,0.05615,0.05625,4895.96527083,4891.60942984,4900.32111182,0,0,0,0,4895.96527083,4895.96527083,0.008649473486,0.0155,0.0155,15849.176,6339.670400000001,7924.588,1584.9176,396229.39999999997,158491.76,237737.63999999996,0,0,specific_heat_loss_z_W_m2K_descending_current_state,0.4,0.3,0.4,2,2.9,6,268.8,0.83921323759,20,13.44,0.04196066188,60.76,4.5024,0.651972027972,exhaust_air_ventilation,0,False,average C+ / 100 kWh/m2.year,100,https://environnement.brussels/citoyen/politique-regionale/plans-strategiques-regionaux/renolution-une-strategie-pour-renover-le-bati-bruxellois,current regional renovation target,https://energy.ec.europa.eu/topics/energy-efficiency/energy-performance-buildings/national-building-renovation-plans_en,National Building Renovation Plans page; no Brussels draft listed at verification date,https://document.environnement.brussels/opac_css/elecfile/Statistiques_certificatsPEB_residentiel_donnees_2024.pdf,https://episcope.eu/fileadmin/tabula/public/docs/scientific/BE_TABULA_ScientificReport_VITO.pdf,"independence/null assumption: P(state | region, archetype) = P(state | region)",official national pathway calibration with post-2025 extrapolation,https://climat.be/doc/climate-neutral-belgium-by-2050-report.pdf,Scenarios for a Climate Neutral Belgium by 2050; Appendix 1 Table 1; PDF and printed page 49; CORE-95 Behaviour and Technology residential renovation settings,The report specifies 2.8% per year and a 40% shallow 50% medium 10% deep distribution by 2025. The model applies these values from 2026 through 2050 to the fixed 2025 R1-R4 dwelling stock.
central,2025,2050,0.028,2.8,0.4,0.5,0.1,Brussels-Capital Region,BE_TABULA_04,"Apartment, enclosed",pre-1946,TABULA_advanced_A_proxy,TABULA_advanced_A_proxy,566042,87116.8197657,R1-R3 building-age profiles are applied to the matching dwelling totals; each resulting house-category dwelling retains its whole-house TABULA geometry; national absolute heat-demand and capacity results are conditional on this mapping,0.0155,0.01545,0.01555,1350.31070637,1345.95486538,1354.66654736,0,0,0,0,1350.31070637,1350.31070637,0.002385530944,0.0155,0.0155,15849.176,6339.670400000001,7924.588,1584.9176,396229.39999999997,158491.76,237737.63999999996,0,0,specific_heat_loss_z_W_m2K_descending_current_state,0.25,0.15,0.25,1.6,1.6,2.5,112,0.349672182329,20,5.6,0.017483609117,47.355,1.876,0.491818181818,balanced_mechanical_HRV,0.8,True,average C+ / 100 kWh/m2.year,100,https://environnement.brussels/citoyen/politique-regionale/plans-strategiques-regionaux/renolution-une-strategie-pour-renover-le-bati-bruxellois,current regional renovation target,https://energy.ec.europa.eu/topics/energy-efficiency/energy-performance-buildings/national-building-renovation-plans_en,National Building Renovation Plans page; no Brussels draft listed at verification date,https://document.environnement.brussels/opac_css/elecfile/Statistiques_certificatsPEB_residentiel_donnees_2024.pdf,https://episcope.eu/fileadmin/tabula/public/docs/scientific/BE_TABULA_ScientificReport_VITO.pdf,"independence/null assumption: P(state | region, archetype) = P(state | region)",official national pathway calibration with post-2025 extrapolation,https://climat.be/doc/climate-neutral-belgium-by-2050-report.pdf,Scenarios for a Climate Neutral Belgium by 2050; Appendix 1 Table 1; PDF and printed page 49; CORE-95 Behaviour and Technology residential renovation settings,The report specifies 2.8% per year and a 40% shallow 50% medium 10% deep distribution by 2025. The model applies these values from 2026 through 2050 to the fixed 2025 R1-R4 dwelling stock.
central,2025,2050,0.028,2.8,0.4,0.5,0.1,Brussels-Capital Region,BE_TABULA_05,"Apartment, exposed",pre-1946,TABULA_existing,TABULA_existing,566042,87116.8197657,R1-R3 building-age profiles are applied to the matching dwelling totals; each resulting house-category dwelling retains its whole-house TABULA geometry; national absolute heat-demand and capacity results are conditional on this mapping,0.9283,0.9282,0.9284,80870.5437885,80861.8321065,80879.2554704,68191.2029885,12679.340800000004,0,0,0,0,0,0.0155,0.161044119197,15849.176,6339.670400000001,7924.588,1584.9176,396229.39999999997,158491.76,237737.63999999996,0,0,specific_heat_loss_z_W_m2K_descending_current_state,2.2,1.7,0.85,5,4,14.9,2841.43,8.87115204496,20,142.0715,0.443557602248,444.31,47.5939525,4.9141253996,existing_unspecified,,,average C+ / 100 kWh/m2.year,100,https://environnement.brussels/citoyen/politique-regionale/plans-strategiques-regionaux/renolution-une-strategie-pour-renover-le-bati-bruxellois,current regional renovation target,https://energy.ec.europa.eu/topics/energy-efficiency/energy-performance-buildings/national-building-renovation-plans_en,National Building Renovation Plans page; no Brussels draft listed at verification date,https://document.environnement.brussels/opac_css/elecfile/Statistiques_certificatsPEB_residentiel_donnees_2024.pdf,https://episcope.eu/fileadmin/tabula/public/docs/scientific/BE_TABULA_ScientificReport_VITO.pdf,"independence/null assumption: P(state | region, archetype) = P(state | region)",official national pathway calibration with post-2025 extrapolation,https://climat.be/doc/climate-neutral-belgium-by-2050-report.pdf,Scenarios for a Climate Neutral Belgium by 2050; Appendix 1 Table 1; PDF and printed page 49; CORE-95 Behaviour and Technology residential renovation settings,The report specifies 2.8% per year and a 40% shallow 50% medium 10% deep distribution by 2025. The model applies these values from 2026 through 2050 to the fixed 2025 R1-R4 dwelling stock.
central,2025,2050,0.028,2.8,0.4,0.5,0.1,Brussels-Capital Region,BE_TABULA_05,"Apartment, exposed",pre-1946,TABULA_standard_B_proxy,TABULA_standard_B_proxy,566042,87116.8197657,R1-R3 building-age profiles are applied to the matching dwelling totals; each resulting house-category dwelling retains its whole-house TABULA geometry; national absolute heat-demand and capacity results are conditional on this mapping,0.0562,0.05615,0.05625,4895.96527083,4891.60942984,4900.32111182,0,0,68191.2029885,0,73087.16825932999,73087.16825932999,0.129119691223,0.0155,0.161044119197,15849.176,6339.670400000001,7924.588,1584.9176,396229.39999999997,158491.76,237737.63999999996,0,0,specific_heat_loss_z_W_m2K_descending_current_state,0.4,0.3,0.4,2,2.9,6,1144.2,3.57227599126,20,57.21,0.178613799563,109.11,19.16535,1.28147202797,exhaust_air_ventilation,0,False,average C+ / 100 kWh/m2.year,100,https://environnement.brussels/citoyen/politique-regionale/plans-strategiques-regionaux/renolution-une-strategie-pour-renover-le-bati-bruxellois,current regional renovation target,https://energy.ec.europa.eu/topics/energy-efficiency/energy-performance-buildings/national-building-renovation-plans_en,National Building Renovation Plans page; no Brussels draft listed at verification date,https://document.environnement.brussels/opac_css/elecfile/Statistiques_certificatsPEB_residentiel_donnees_2024.pdf,https://episcope.eu/fileadmin/tabula/public/docs/scientific/BE_TABULA_ScientificReport_VITO.pdf,"independence/null assumption: P(state | region, archetype) = P(state | region)",official national pathway calibration with post-2025 extrapolation,https://climat.be/doc/climate-neutral-belgium-by-2050-report.pdf,Scenarios for a Climate Neutral Belgium by 2050; Appendix 1 Table 1; PDF and printed page 49; CORE-95 Behaviour and Technology residential renovation settings,The report specifies 2.8% per year and a 40% shallow 50% medium 10% deep distribution by 2025. The model applies these values from 2026 through 2050 to the fixed 2025 R1-R4 dwelling stock.
central,2025,2050,0.028,2.8,0.4,0.5,0.1,Brussels-Capital Region,BE_TABULA_05,"Apartment, exposed",pre-1946,TABULA_advanced_A_proxy,TABULA_advanced_A_proxy,566042,87116.8197657,R1-R3 building-age profiles are applied to the matching dwelling totals; each resulting house-category dwelling retains its whole-house TABULA geometry; national absolute heat-demand and capacity results are conditional on this mapping,0.0155,0.01545,0.01555,1350.31070637,1345.95486538,1354.66654736,0,0,0,12679.340800000004,14029.651506370004,14029.651506370004,0.024785530944,0.0155,0.161044119197,15849.176,6339.670400000001,7924.588,1584.9176,396229.39999999997,158491.76,237737.63999999996,0,0,specific_heat_loss_z_W_m2K_descending_current_state,0.25,0.15,0.25,1.6,1.6,2.5,476.75,1.48844832969,20,23.8375,0.074422416485,73.82,7.9855625,0.817238386613,balanced_mechanical_HRV,0.8,True,average C+ / 100 kWh/m2.year,100,https://environnement.brussels/citoyen/politique-regionale/plans-strategiques-regionaux/renolution-une-strategie-pour-renover-le-bati-bruxellois,current regional renovation target,https://energy.ec.europa.eu/topics/energy-efficiency/energy-performance-buildings/national-building-renovation-plans_en,National Building Renovation Plans page; no Brussels draft listed at verification date,https://document.environnement.brussels/opac_css/elecfile/Statistiques_certificatsPEB_residentiel_donnees_2024.pdf,https://episcope.eu/fileadmin/tabula/public/docs/scientific/BE_TABULA_ScientificReport_VITO.pdf,"independence/null assumption: P(state | region, archetype) = P(state | region)",official national pathway calibration with post-2025 extrapolation,https://climat.be/doc/climate-neutral-belgium-by-2050-report.pdf,Scenarios for a Climate Neutral Belgium by 2050; Appendix 1 Table 1; PDF and printed page 49; CORE-95 Behaviour and Technology residential renovation settings,The report specifies 2.8% per year and a 40% shallow 50% medium 10% deep distribution by 2025. The model applies these values from 2026 through 2050 to the fixed 2025 R1-R4 dwelling stock.
central,2025,2050,0.028,2.8,0.4,0.5,0.1,Brussels-Capital Region,BE_TABULA_06,Detached house,1946-1970,TABULA_existing,TABULA_existing,566042,2666.03835616,R1-R3 building-age profiles are applied to the matching dwelling totals; each resulting house-category dwelling retains its whole-house TABULA geometry; national absolute heat-demand and capacity results are conditional on this mapping,0.9283,0.9282,0.9284,2474.88340603,2474.61680219,2475.15000986,889.96580603,1584.9176,0,0,0,0,0,0.0155,0.609984170244,15849.176,6339.670400000001,7924.588,1584.9176,396229.39999999997,158491.76,237737.63999999996,0,0,specific_heat_loss_z_W_m2K_descending_current_state,1.7,1.9,0.85,5,4,18,9698.4,14.9551272167,20,484.92,0.747756360833,999.205,162.4482,4.92643426633,existing_unspecified,,,average C+ / 100 kWh/m2.year,100,https://environnement.brussels/citoyen/politique-regionale/plans-strategiques-regionaux/renolution-une-strategie-pour-renover-le-bati-bruxellois,current regional renovation target,https://energy.ec.europa.eu/topics/energy-efficiency/energy-performance-buildings/national-building-renovation-plans_en,National Building Renovation Plans page; no Brussels draft listed at verification date,https://document.environnement.brussels/opac_css/elecfile/Statistiques_certificatsPEB_residentiel_donnees_2024.pdf,https://episcope.eu/fileadmin/tabula/public/docs/scientific/BE_TABULA_ScientificReport_VITO.pdf,"independence/null assumption: P(state | region, archetype) = P(state | region)",official national pathway calibration with post-2025 extrapolation,https://climat.be/doc/climate-neutral-belgium-by-2050-report.pdf,Scenarios for a Climate Neutral Belgium by 2050; Appendix 1 Table 1; PDF and printed page 49; CORE-95 Behaviour and Technology residential renovation settings,The report specifies 2.8% per year and a 40% shallow 50% medium 10% deep distribution by 2025. The model applies these values from 2026 through 2050 to the fixed 2025 R1-R4 dwelling stock.
central,2025,2050,0.028,2.8,0.4,0.5,0.1,Brussels-Capital Region,BE_TABULA_06,Detached house,1946-1970,TABULA_standard_B_proxy,TABULA_standard_B_proxy,566042,2666.03835616,R1-R3 building-age profiles are applied to the matching dwelling totals; each resulting house-category dwelling retains its whole-house TABULA geometry; national absolute heat-demand and capacity results are conditional on this mapping,0.0562,0.05615,0.05625,149.831355616,149.698053699,149.964657534,0,0,889.96580603,0,1039.797161646,1039.797161646,0.001836961147,0.0155,0.609984170244,15849.176,6339.670400000001,7924.588,1584.9176,396229.39999999997,158491.76,237737.63999999996,0,0,specific_heat_loss_z_W_m2K_descending_current_state,0.4,0.3,0.4,2,2.9,6,3232.8,4.98504240555,20,161.64,0.249252120278,290.05,54.1494,1.45970907549,exhaust_air_ventilation,0,False,average C+ / 100 kWh/m2.year,100,https://environnement.brussels/citoyen/politique-regionale/plans-strategiques-regionaux/renolution-une-strategie-pour-renover-le-bati-bruxellois,current regional renovation target,https://energy.ec.europa.eu/topics/energy-efficiency/energy-performance-buildings/national-building-renovation-plans_en,National Building Renovation Plans page; no Brussels draft listed at verification date,https://document.environnement.brussels/opac_css/elecfile/Statistiques_certificatsPEB_residentiel_donnees_2024.pdf,https://episcope.eu/fileadmin/tabula/public/docs/scientific/BE_TABULA_ScientificReport_VITO.pdf,"independence/null assumption: P(state | region, archetype) = P(state | region)",official national pathway calibration with post-2025 extrapolation,https://climat.be/doc/climate-neutral-belgium-by-2050-report.pdf,Scenarios for a Climate Neutral Belgium by 2050; Appendix 1 Table 1; PDF and printed page 49; CORE-95 Behaviour and Technology residential renovation settings,The report specifies 2.8% per year and a 40% shallow 50% medium 10% deep distribution by 2025. The model applies these values from 2026 through 2050 to the fixed 2025 R1-R4 dwelling stock.
central,2025,2050,0.028,2.8,0.4,0.5,0.1,Brussels-Capital Region,BE_TABULA_06,Detached house,1946-1970,TABULA_advanced_A_proxy,TABULA_advanced_A_proxy,566042,2666.03835616,R1-R3 building-age profiles are applied to the matching dwelling totals; each resulting house-category dwelling retains its whole-house TABULA geometry; national absolute heat-demand and capacity results are conditional on this mapping,0.0155,0.01545,0.01555,41.3235945205,41.1902926027,41.4568964384,0,0,0,1584.9176,1626.2411945205,1626.2411945205,0.002873004467,0.0155,0.609984170244,15849.176,6339.670400000001,7924.588,1584.9176,396229.39999999997,158491.76,237737.63999999996,0,0,specific_heat_loss_z_W_m2K_descending_current_state,0.25,0.15,0.25,1.6,1.6,2.5,1347,2.07710100231,20,67.35,0.103855050116,187.89,22.56225,0.892503180662,balanced_mechanical_HRV,0.8,True,average C+ / 100 kWh/m2.year,100,https://environnement.brussels/citoyen/politique-regionale/plans-strategiques-regionaux/renolution-une-strategie-pour-renover-le-bati-bruxellois,current regional renovation target,https://energy.ec.europa.eu/topics/energy-efficiency/energy-performance-buildings/national-building-renovation-plans_en,National Building Renovation Plans page; no Brussels draft listed at verification date,https://document.environnement.brussels/opac_css/elecfile/Statistiques_certificatsPEB_residentiel_donnees_2024.pdf,https://episcope.eu/fileadmin/tabula/public/docs/scientific/BE_TABULA_ScientificReport_VITO.pdf,"independence/null assumption: P(state | region, archetype) = P(state | region)",official national pathway calibration with post-2025 extrapolation,https://climat.be/doc/climate-neutral-belgium-by-2050-report.pdf,Scenarios for a Climate Neutral Belgium by 2050; Appendix 1 Table 1; PDF and printed page 49; CORE-95 Behaviour and Technology residential renovation settings,The report specifies 2.8% per year and a 40% shallow 50% medium 10% deep distribution by 2025. The model applies these values from 2026 through 2050 to the fixed 2025 R1-R4 dwelling stock.
central,2025,2050,0.028,2.8,0.4,0.5,0.1,Brussels-Capital Region,BE_TABULA_07,Semi-detached house,1946-1970,TABULA_existing,TABULA_existing,566042,7784.01080733,R1-R3 building-age profiles are applied to the matching dwelling totals; each resulting house-category dwelling retains its whole-house TABULA geometry; national absolute heat-demand and capacity results are conditional on this mapping,0.9283,0.9282,0.9284,7225.89723245,7225.11883137,7226.67563353,5640.97963245,1584.9176,0,0,0,0,0,0.0155,0.21911194752,15849.176,6339.670400000001,7924.588,1584.9176,396229.39999999997,158491.76,237737.63999999996,0,0,specific_heat_loss_z_W_m2K_descending_current_state,1.7,1.9,0.85,5,4,18,6865.2,12.9117923641,20,343.26,0.645589618206,716.01,114.9921,4.29680506722,existing_unspecified,,,average C+ / 100 kWh/m2.year,100,https://environnement.brussels/citoyen/politique-regionale/plans-strategiques-regionaux/renolution-une-strategie-pour-renover-le-bati-bruxellois,current regional renovation target,https://energy.ec.europa.eu/topics/energy-efficiency/energy-performance-buildings/national-building-renovation-plans_en,National Building Renovation Plans page; no Brussels draft listed at verification date,https://document.environnement.brussels/opac_css/elecfile/Statistiques_certificatsPEB_residentiel_donnees_2024.pdf,https://episcope.eu/fileadmin/tabula/public/docs/scientific/BE_TABULA_ScientificReport_VITO.pdf,"independence/null assumption: P(state | region, archetype) = P(state | region)",official national pathway calibration with post-2025 extrapolation,https://climat.be/doc/climate-neutral-belgium-by-2050-report.pdf,Scenarios for a Climate Neutral Belgium by 2050; Appendix 1 Table 1; PDF and printed page 49; CORE-95 Behaviour and Technology residential renovation settings,The report specifies 2.8% per year and a 40% shallow 50% medium 10% deep distribution by 2025. The model applies these values from 2026 through 2050 to the fixed 2025 R1-R4 dwelling stock.
central,2025,2050,0.028,2.8,0.4,0.5,0.1,Brussels-Capital Region,BE_TABULA_07,Semi-detached house,1946-1970,TABULA_standard_B_proxy,TABULA_standard_B_proxy,566042,7784.01080733,R1-R3 building-age profiles are applied to the matching dwelling totals; each resulting house-category dwelling retains its whole-house TABULA geometry; national absolute heat-demand and capacity results are conditional on this mapping,0.0562,0.05615,0.05625,437.461407372,437.072206832,437.850607913,0,0,5640.97963245,0,6078.441039822001,6078.441039822001,0.010738498274,0.0155,0.21911194752,15849.176,6339.670400000001,7924.588,1584.9176,396229.39999999997,158491.76,237737.63999999996,0,0,specific_heat_loss_z_W_m2K_descending_current_state,0.4,0.3,0.4,2,2.9,6,2288.4,4.30393078804,20,114.42,0.215196539402,215.13,38.3307,1.31055170631,exhaust_air_ventilation,0,False,average C+ / 100 kWh/m2.year,100,https://environnement.brussels/citoyen/politique-regionale/plans-strategiques-regionaux/renolution-une-strategie-pour-renover-le-bati-bruxellois,current regional renovation target,https://energy.ec.europa.eu/topics/energy-efficiency/energy-performance-buildings/national-building-renovation-plans_en,National Building Renovation Plans page; no Brussels draft listed at verification date,https://document.environnement.brussels/opac_css/elecfile/Statistiques_certificatsPEB_residentiel_donnees_2024.pdf,https://episcope.eu/fileadmin/tabula/public/docs/scientific/BE_TABULA_ScientificReport_VITO.pdf,"independence/null assumption: P(state | region, archetype) = P(state | region)",official national pathway calibration with post-2025 extrapolation,https://climat.be/doc/climate-neutral-belgium-by-2050-report.pdf,Scenarios for a Climate Neutral Belgium by 2050; Appendix 1 Table 1; PDF and printed page 49; CORE-95 Behaviour and Technology residential renovation settings,The report specifies 2.8% per year and a 40% shallow 50% medium 10% deep distribution by 2025. The model applies these values from 2026 through 2050 to the fixed 2025 R1-R4 dwelling stock.
central,2025,2050,0.028,2.8,0.4,0.5,0.1,Brussels-Capital Region,BE_TABULA_07,Semi-detached house,1946-1970,TABULA_advanced_A_proxy,TABULA_advanced_A_proxy,566042,7784.01080733,R1-R3 building-age profiles are applied to the matching dwelling totals; each resulting house-category dwelling retains its whole-house TABULA geometry; national absolute heat-demand and capacity results are conditional on this mapping,0.0155,0.01545,0.01555,120.652167514,120.262966973,121.041368054,0,0,0,1584.9176,1705.569767514,1705.569767514,0.003013150557,0.0155,0.21911194752,15849.176,6339.670400000001,7924.588,1584.9176,396229.39999999997,158491.76,237737.63999999996,0,0,specific_heat_loss_z_W_m2K_descending_current_state,0.25,0.15,0.25,1.6,1.6,2.5,953.5,1.79330449502,20,47.675,0.089665224751,139.345,15.971125,0.803082342296,balanced_mechanical_HRV,0.8,True,average C+ / 100 kWh/m2.year,100,https://environnement.brussels/citoyen/politique-regionale/plans-strategiques-regionaux/renolution-une-strategie-pour-renover-le-bati-bruxellois,current regional renovation target,https://energy.ec.europa.eu/topics/energy-efficiency/energy-performance-buildings/national-building-renovation-plans_en,National Building Renovation Plans page; no Brussels draft listed at verification date,https://document.environnement.brussels/opac_css/elecfile/Statistiques_certificatsPEB_residentiel_donnees_2024.pdf,https://episcope.eu/fileadmin/tabula/public/docs/scientific/BE_TABULA_ScientificReport_VITO.pdf,"independence/null assumption: P(state | region, archetype) = P(state | region)",official national pathway calibration with post-2025 extrapolation,https://climat.be/doc/climate-neutral-belgium-by-2050-report.pdf,Scenarios for a Climate Neutral Belgium by 2050; Appendix 1 Table 1; PDF and printed page 49; CORE-95 Behaviour and Technology residential renovation settings,The report specifies 2.8% per year and a 40% shallow 50% medium 10% deep distribution by 2025. The model applies these values from 2026 through 2050 to the fixed 2025 R1-R4 dwelling stock.
central,2025,2050,0.028,2.8,0.4,0.5,0.1,Brussels-Capital Region,BE_TABULA_08,Terraced house,1946-1970,TABULA_existing,TABULA_existing,566042,33533.6959667,R1-R3 building-age profiles are applied to the matching dwelling totals; each resulting house-category dwelling retains its whole-house TABULA geometry; national absolute heat-demand and capacity results are conditional on this mapping,0.9283,0.9282,0.9284,31129.3299659,31125.9765963,31132.6833355,0,0,0,0,31129.3299659,31129.3299659,0.054994735313,0.0155,0.0155,15849.176,6339.670400000001,7924.588,1584.9176,396229.39999999997,158491.76,237737.63999999996,0,0,specific_heat_loss_z_W_m2K_descending_current_state,1.7,1.9,0.85,5,4,14.9,4422.32,8.0905964142,20,221.116,0.40452982071,579.585,74.07386,3.28802243461,existing_unspecified,,,average C+ / 100 kWh/m2.year,100,https://environnement.brussels/citoyen/politique-regionale/plans-strategiques-regionaux/renolution-une-strategie-pour-renover-le-bati-bruxellois,current regional renovation target,https://energy.ec.europa.eu/topics/energy-efficiency/energy-performance-buildings/national-building-renovation-plans_en,National Building Renovation Plans page; no Brussels draft listed at verification date,https://document.environnement.brussels/opac_css/elecfile/Statistiques_certificatsPEB_residentiel_donnees_2024.pdf,https://episcope.eu/fileadmin/tabula/public/docs/scientific/BE_TABULA_ScientificReport_VITO.pdf,"independence/null assumption: P(state | region, archetype) = P(state | region)",official national pathway calibration with post-2025 extrapolation,https://climat.be/doc/climate-neutral-belgium-by-2050-report.pdf,Scenarios for a Climate Neutral Belgium by 2050; Appendix 1 Table 1; PDF and printed page 49; CORE-95 Behaviour and Technology residential renovation settings,The report specifies 2.8% per year and a 40% shallow 50% medium 10% deep distribution by 2025. The model applies these values from 2026 through 2050 to the fixed 2025 R1-R4 dwelling stock.
central,2025,2050,0.028,2.8,0.4,0.5,0.1,Brussels-Capital Region,BE_TABULA_08,Terraced house,1946-1970,TABULA_standard_B_proxy,TABULA_standard_B_proxy,566042,33533.6959667,R1-R3 building-age profiles are applied to the matching dwelling totals; each resulting house-category dwelling retains its whole-house TABULA geometry; national absolute heat-demand and capacity results are conditional on this mapping,0.0562,0.05615,0.05625,1884.59371333,1882.91702853,1886.27039813,0,0,0,0,1884.59371333,1884.59371333,0.003329423812,0.0155,0.0155,15849.176,6339.670400000001,7924.588,1584.9176,396229.39999999997,158491.76,237737.63999999996,0,0,specific_heat_loss_z_W_m2K_descending_current_state,0.4,0.3,0.4,2,2.9,6,1780.8,3.2579582876,20,89.04,0.16289791438,181.07,29.8284,1.06085714286,exhaust_air_ventilation,0,False,average C+ / 100 kWh/m2.year,100,https://environnement.brussels/citoyen/politique-regionale/plans-strategiques-regionaux/renolution-une-strategie-pour-renover-le-bati-bruxellois,current regional renovation target,https://energy.ec.europa.eu/topics/energy-efficiency/energy-performance-buildings/national-building-renovation-plans_en,National Building Renovation Plans page; no Brussels draft listed at verification date,https://document.environnement.brussels/opac_css/elecfile/Statistiques_certificatsPEB_residentiel_donnees_2024.pdf,https://episcope.eu/fileadmin/tabula/public/docs/scientific/BE_TABULA_ScientificReport_VITO.pdf,"independence/null assumption: P(state | region, archetype) = P(state | region)",official national pathway calibration with post-2025 extrapolation,https://climat.be/doc/climate-neutral-belgium-by-2050-report.pdf,Scenarios for a Climate Neutral Belgium by 2050; Appendix 1 Table 1; PDF and printed page 49; CORE-95 Behaviour and Technology residential renovation settings,The report specifies 2.8% per year and a 40% shallow 50% medium 10% deep distribution by 2025. The model applies these values from 2026 through 2050 to the fixed 2025 R1-R4 dwelling stock.
central,2025,2050,0.028,2.8,0.4,0.5,0.1,Brussels-Capital Region,BE_TABULA_08,Terraced house,1946-1970,TABULA_advanced_A_proxy,TABULA_advanced_A_proxy,566042,33533.6959667,R1-R3 building-age profiles are applied to the matching dwelling totals; each resulting house-category dwelling retains its whole-house TABULA geometry; national absolute heat-demand and capacity results are conditional on this mapping,0.0155,0.01545,0.01555,519.772287485,518.095602686,521.448972283,0,0,0,0,519.772287485,519.772287485,0.000918257457,0.0155,0.0155,15849.176,6339.670400000001,7924.588,1584.9176,396229.39999999997,158491.76,237737.63999999996,0,0,specific_heat_loss_z_W_m2K_descending_current_state,0.25,0.15,0.25,1.6,1.6,2.5,742,1.35748261983,20,37.1,0.067874130992,118.175,12.4285,0.656959255533,balanced_mechanical_HRV,0.8,True,average C+ / 100 kWh/m2.year,100,https://environnement.brussels/citoyen/politique-regionale/plans-strategiques-regionaux/renolution-une-strategie-pour-renover-le-bati-bruxellois,current regional renovation target,https://energy.ec.europa.eu/topics/energy-efficiency/energy-performance-buildings/national-building-renovation-plans_en,National Building Renovation Plans page; no Brussels draft listed at verification date,https://document.environnement.brussels/opac_css/elecfile/Statistiques_certificatsPEB_residentiel_donnees_2024.pdf,https://episcope.eu/fileadmin/tabula/public/docs/scientific/BE_TABULA_ScientificReport_VITO.pdf,"independence/null assumption: P(state | region, archetype) = P(state | region)",official national pathway calibration with post-2025 extrapolation,https://climat.be/doc/climate-neutral-belgium-by-2050-report.pdf,Scenarios for a Climate Neutral Belgium by 2050; Appendix 1 Table 1; PDF and printed page 49; CORE-95 Behaviour and Technology residential renovation settings,The report specifies 2.8% per year and a 40% shallow 50% medium 10% deep distribution by 2025. The model applies these values from 2026 through 2050 to the fixed 2025 R1-R4 dwelling stock.
central,2025,2050,0.028,2.8,0.4,0.5,0.1,Brussels-Capital Region,BE_TABULA_09,"Apartment, enclosed",1946-1970,TABULA_existing,TABULA_existing,566042,44274.3605319,R1-R3 building-age profiles are applied to the matching dwelling totals; each resulting house-category dwelling retains its whole-house TABULA geometry; national absolute heat-demand and capacity results are conditional on this mapping,0.9283,0.9282,0.9284,41099.8888818,41095.4614458,41104.3163179,0,0,0,0,41099.8888818,41099.8888818,0.072609256701,0.0155,0.0155,15849.176,6339.670400000001,7924.588,1584.9176,396229.39999999997,158491.76,237737.63999999996,0,0,specific_heat_loss_z_W_m2K_descending_current_state,1.7,1.9,0.85,5,4,14.9,667.52,2.08404620668,20,33.376,0.104202310334,164.43,11.18096,1.75435524476,existing_unspecified,,,average C+ / 100 kWh/m2.year,100,https://environnement.brussels/citoyen/politique-regionale/plans-strategiques-regionaux/renolution-une-strategie-pour-renover-le-bati-bruxellois,current regional renovation target,https://energy.ec.europa.eu/topics/energy-efficiency/energy-performance-buildings/national-building-renovation-plans_en,National Building Renovation Plans page; no Brussels draft listed at verification date,https://document.environnement.brussels/opac_css/elecfile/Statistiques_certificatsPEB_residentiel_donnees_2024.pdf,https://episcope.eu/fileadmin/tabula/public/docs/scientific/BE_TABULA_ScientificReport_VITO.pdf,"independence/null assumption: P(state | region, archetype) = P(state | region)",official national pathway calibration with post-2025 extrapolation,https://climat.be/doc/climate-neutral-belgium-by-2050-report.pdf,Scenarios for a Climate Neutral Belgium by 2050; Appendix 1 Table 1; PDF and printed page 49; CORE-95 Behaviour and Technology residential renovation settings,The report specifies 2.8% per year and a 40% shallow 50% medium 10% deep distribution by 2025. The model applies these values from 2026 through 2050 to the fixed 2025 R1-R4 dwelling stock.
central,2025,2050,0.028,2.8,0.4,0.5,0.1,Brussels-Capital Region,BE_TABULA_09,"Apartment, enclosed",1946-1970,TABULA_standard_B_proxy,TABULA_standard_B_proxy,566042,44274.3605319,R1-R3 building-age profiles are applied to the matching dwelling totals; each resulting house-category dwelling retains its whole-house TABULA geometry; national absolute heat-demand and capacity results are conditional on this mapping,0.0562,0.05615,0.05625,2488.2190619,2486.00534387,2490.43277992,0,0,0,0,2488.2190619,2488.2190619,0.004395820561,0.0155,0.0155,15849.176,6339.670400000001,7924.588,1584.9176,396229.39999999997,158491.76,237737.63999999996,0,0,specific_heat_loss_z_W_m2K_descending_current_state,0.4,0.3,0.4,2,2.9,6,268.8,0.83921323759,20,13.44,0.04196066188,60.76,4.5024,0.651972027972,exhaust_air_ventilation,0,False,average C+ / 100 kWh/m2.year,100,https://environnement.brussels/citoyen/politique-regionale/plans-strategiques-regionaux/renolution-une-strategie-pour-renover-le-bati-bruxellois,current regional renovation target,https://energy.ec.europa.eu/topics/energy-efficiency/energy-performance-buildings/national-building-renovation-plans_en,National Building Renovation Plans page; no Brussels draft listed at verification date,https://document.environnement.brussels/opac_css/elecfile/Statistiques_certificatsPEB_residentiel_donnees_2024.pdf,https://episcope.eu/fileadmin/tabula/public/docs/scientific/BE_TABULA_ScientificReport_VITO.pdf,"independence/null assumption: P(state | region, archetype) = P(state | region)",official national pathway calibration with post-2025 extrapolation,https://climat.be/doc/climate-neutral-belgium-by-2050-report.pdf,Scenarios for a Climate Neutral Belgium by 2050; Appendix 1 Table 1; PDF and printed page 49; CORE-95 Behaviour and Technology residential renovation settings,The report specifies 2.8% per year and a 40% shallow 50% medium 10% deep distribution by 2025. The model applies these values from 2026 through 2050 to the fixed 2025 R1-R4 dwelling stock.
central,2025,2050,0.028,2.8,0.4,0.5,0.1,Brussels-Capital Region,BE_TABULA_09,"Apartment, enclosed",1946-1970,TABULA_advanced_A_proxy,TABULA_advanced_A_proxy,566042,44274.3605319,R1-R3 building-age profiles are applied to the matching dwelling totals; each resulting house-category dwelling retains its whole-house TABULA geometry; national absolute heat-demand and capacity results are conditional on this mapping,0.0155,0.01545,0.01555,686.252588245,684.038870219,688.466306272,0,0,0,0,686.252588245,686.252588245,0.001212370439,0.0155,0.0155,15849.176,6339.670400000001,7924.588,1584.9176,396229.39999999997,158491.76,237737.63999999996,0,0,specific_heat_loss_z_W_m2K_descending_current_state,0.25,0.15,0.25,1.6,1.6,2.5,112,0.349672182329,20,5.6,0.017483609117,47.355,1.876,0.491818181818,balanced_mechanical_HRV,0.8,True,average C+ / 100 kWh/m2.year,100,https://environnement.brussels/citoyen/politique-regionale/plans-strategiques-regionaux/renolution-une-strategie-pour-renover-le-bati-bruxellois,current regional renovation target,https://energy.ec.europa.eu/topics/energy-efficiency/energy-performance-buildings/national-building-renovation-plans_en,National Building Renovation Plans page; no Brussels draft listed at verification date,https://document.environnement.brussels/opac_css/elecfile/Statistiques_certificatsPEB_residentiel_donnees_2024.pdf,https://episcope.eu/fileadmin/tabula/public/docs/scientific/BE_TABULA_ScientificReport_VITO.pdf,"independence/null assumption: P(state | region, archetype) = P(state | region)",official national pathway calibration with post-2025 extrapolation,https://climat.be/doc/climate-neutral-belgium-by-2050-report.pdf,Scenarios for a Climate Neutral Belgium by 2050; Appendix 1 Table 1; PDF and printed page 49; CORE-95 Behaviour and Technology residential renovation settings,The report specifies 2.8% per year and a 40% shallow 50% medium 10% deep distribution by 2025. The model applies these values from 2026 through 2050 to the fixed 2025 R1-R4 dwelling stock.
central,2025,2050,0.028,2.8,0.4,0.5,0.1,Brussels-Capital Region,BE_TABULA_10,"Apartment, exposed",1946-1970,TABULA_existing,TABULA_existing,566042,44274.3605319,R1-R3 building-age profiles are applied to the matching dwelling totals; each resulting house-category dwelling retains its whole-house TABULA geometry; national absolute heat-demand and capacity results are conditional on this mapping,0.9283,0.9282,0.9284,41099.8888818,41095.4614458,41104.3163179,33175.3008818,7924.588000000002,0,0,0,0,0,0.0155,0.194488197792,15849.176,6339.670400000001,7924.588,1584.9176,396229.39999999997,158491.76,237737.63999999996,0,0,specific_heat_loss_z_W_m2K_descending_current_state,1.7,1.9,0.85,5,4,14.9,2841.43,8.87115204496,20,142.0715,0.443557602248,432.48,47.5939525,4.79594358142,existing_unspecified,,,average C+ / 100 kWh/m2.year,100,https://environnement.brussels/citoyen/politique-regionale/plans-strategiques-regionaux/renolution-une-strategie-pour-renover-le-bati-bruxellois,current regional renovation target,https://energy.ec.europa.eu/topics/energy-efficiency/energy-performance-buildings/national-building-renovation-plans_en,National Building Renovation Plans page; no Brussels draft listed at verification date,https://document.environnement.brussels/opac_css/elecfile/Statistiques_certificatsPEB_residentiel_donnees_2024.pdf,https://episcope.eu/fileadmin/tabula/public/docs/scientific/BE_TABULA_ScientificReport_VITO.pdf,"independence/null assumption: P(state | region, archetype) = P(state | region)",official national pathway calibration with post-2025 extrapolation,https://climat.be/doc/climate-neutral-belgium-by-2050-report.pdf,Scenarios for a Climate Neutral Belgium by 2050; Appendix 1 Table 1; PDF and printed page 49; CORE-95 Behaviour and Technology residential renovation settings,The report specifies 2.8% per year and a 40% shallow 50% medium 10% deep distribution by 2025. The model applies these values from 2026 through 2050 to the fixed 2025 R1-R4 dwelling stock.
central,2025,2050,0.028,2.8,0.4,0.5,0.1,Brussels-Capital Region,BE_TABULA_10,"Apartment, exposed",1946-1970,TABULA_standard_B_proxy,TABULA_standard_B_proxy,566042,44274.3605319,R1-R3 building-age profiles are applied to the matching dwelling totals; each resulting house-category dwelling retains its whole-house TABULA geometry; national absolute heat-demand and capacity results are conditional on this mapping,0.0562,0.05615,0.05625,2488.2190619,2486.00534387,2490.43277992,0,0,33175.3008818,0,35663.5199437,35663.5199437,0.063005077262,0.0155,0.194488197792,15849.176,6339.670400000001,7924.588,1584.9176,396229.39999999997,158491.76,237737.63999999996,0,0,specific_heat_loss_z_W_m2K_descending_current_state,0.4,0.3,0.4,2,2.9,6,1144.2,3.57227599126,20,57.21,0.178613799563,109.11,19.16535,1.28147202797,exhaust_air_ventilation,0,False,average C+ / 100 kWh/m2.year,100,https://environnement.brussels/citoyen/politique-regionale/plans-strategiques-regionaux/renolution-une-strategie-pour-renover-le-bati-bruxellois,current regional renovation target,https://energy.ec.europa.eu/topics/energy-efficiency/energy-performance-buildings/national-building-renovation-plans_en,National Building Renovation Plans page; no Brussels draft listed at verification date,https://document.environnement.brussels/opac_css/elecfile/Statistiques_certificatsPEB_residentiel_donnees_2024.pdf,https://episcope.eu/fileadmin/tabula/public/docs/scientific/BE_TABULA_ScientificReport_VITO.pdf,"independence/null assumption: P(state | region, archetype) = P(state | region)",official national pathway calibration with post-2025 extrapolation,https://climat.be/doc/climate-neutral-belgium-by-2050-report.pdf,Scenarios for a Climate Neutral Belgium by 2050; Appendix 1 Table 1; PDF and printed page 49; CORE-95 Behaviour and Technology residential renovation settings,The report specifies 2.8% per year and a 40% shallow 50% medium 10% deep distribution by 2025. The model applies these values from 2026 through 2050 to the fixed 2025 R1-R4 dwelling stock.
central,2025,2050,0.028,2.8,0.4,0.5,0.1,Brussels-Capital Region,BE_TABULA_10,"Apartment, exposed",1946-1970,TABULA_advanced_A_proxy,TABULA_advanced_A_proxy,566042,44274.3605319,R1-R3 building-age profiles are applied to the matching dwelling totals; each resulting house-category dwelling retains its whole-house TABULA geometry; national absolute heat-demand and capacity results are conditional on this mapping,0.0155,0.01545,0.01555,686.252588245,684.038870219,688.466306272,0,0,0,7924.588000000002,8610.840588245002,8610.840588245002,0.015212370439,0.0155,0.194488197792,15849.176,6339.670400000001,7924.588,1584.9176,396229.39999999997,158491.76,237737.63999999996,0,0,specific_heat_loss_z_W_m2K_descending_current_state,0.25,0.15,0.25,1.6,1.6,2.5,476.75,1.48844832969,20,23.8375,0.074422416485,73.82,7.9855625,0.817238386613,balanced_mechanical_HRV,0.8,True,average C+ / 100 kWh/m2.year,100,https://environnement.brussels/citoyen/politique-regionale/plans-strategiques-regionaux/renolution-une-strategie-pour-renover-le-bati-bruxellois,current regional renovation target,https://energy.ec.europa.eu/topics/energy-efficiency/energy-performance-buildings/national-building-renovation-plans_en,National Building Renovation Plans page; no Brussels draft listed at verification date,https://document.environnement.brussels/opac_css/elecfile/Statistiques_certificatsPEB_residentiel_donnees_2024.pdf,https://episcope.eu/fileadmin/tabula/public/docs/scientific/BE_TABULA_ScientificReport_VITO.pdf,"independence/null assumption: P(state | region, archetype) = P(state | region)",official national pathway calibration with post-2025 extrapolation,https://climat.be/doc/climate-neutral-belgium-by-2050-report.pdf,Scenarios for a Climate Neutral Belgium by 2050; Appendix 1 Table 1; PDF and printed page 49; CORE-95 Behaviour and Technology residential renovation settings,The report specifies 2.8% per year and a 40% shallow 50% medium 10% deep distribution by 2025. The model applies these values from 2026 through 2050 to the fixed 2025 R1-R4 dwelling stock.
central,2025,2050,0.028,2.8,0.4,0.5,0.1,Brussels-Capital Region,BE_TABULA_11,Detached house,1971-1990,TABULA_existing,TABULA_existing,566042,862.635616438,R1-R3 building-age profiles are applied to the matching dwelling totals; each resulting house-category dwelling retains its whole-house TABULA geometry; national absolute heat-demand and capacity results are conditional on this mapping,0.9283,0.9282,0.9284,800.78464274,800.698379178,800.870906301,0,0,0,0,800.78464274,800.78464274,0.001414708878,0.0155,0.0155,15849.176,6339.670400000001,7924.588,1584.9176,396229.39999999997,158491.76,237737.63999999996,0,0,specific_heat_loss_z_W_m2K_descending_current_state,1,0.85,0.85,3.5,4,17.1,9384.48,14.3121549489,20,469.224,0.715607747445,630.54,157.19004,3.30423674497,existing_unspecified,,,average C+ / 100 kWh/m2.year,100,https://environnement.brussels/citoyen/politique-regionale/plans-strategiques-regionaux/renolution-une-strategie-pour-renover-le-bati-bruxellois,current regional renovation target,https://energy.ec.europa.eu/topics/energy-efficiency/energy-performance-buildings/national-building-renovation-plans_en,National Building Renovation Plans page; no Brussels draft listed at verification date,https://document.environnement.brussels/opac_css/elecfile/Statistiques_certificatsPEB_residentiel_donnees_2024.pdf,https://episcope.eu/fileadmin/tabula/public/docs/scientific/BE_TABULA_ScientificReport_VITO.pdf,"independence/null assumption: P(state | region, archetype) = P(state | region)",official national pathway calibration with post-2025 extrapolation,https://climat.be/doc/climate-neutral-belgium-by-2050-report.pdf,Scenarios for a Climate Neutral Belgium by 2050; Appendix 1 Table 1; PDF and printed page 49; CORE-95 Behaviour and Technology residential renovation settings,The report specifies 2.8% per year and a 40% shallow 50% medium 10% deep distribution by 2025. The model applies these values from 2026 through 2050 to the fixed 2025 R1-R4 dwelling stock.
central,2025,2050,0.028,2.8,0.4,0.5,0.1,Brussels-Capital Region,BE_TABULA_11,Detached house,1971-1990,TABULA_standard_B_proxy,TABULA_standard_B_proxy,566042,862.635616438,R1-R3 building-age profiles are applied to the matching dwelling totals; each resulting house-category dwelling retains its whole-house TABULA geometry; national absolute heat-demand and capacity results are conditional on this mapping,0.0562,0.05615,0.05625,48.4801216438,48.436989863,48.5232534247,0,0,0,0,48.4801216438,48.4801216438,0.00008564757,0.0155,0.0155,15849.176,6339.670400000001,7924.588,1584.9176,396229.39999999997,158491.76,237737.63999999996,0,0,specific_heat_loss_z_W_m2K_descending_current_state,0.4,0.3,0.4,2,2.9,6,3292.8,5.021808754,20,164.64,0.2510904377,290.67,55.1544,1.4506057047,exhaust_air_ventilation,0,False,average C+ / 100 kWh/m2.year,100,https://environnement.brussels/citoyen/politique-regionale/plans-strategiques-regionaux/renolution-une-strategie-pour-renover-le-bati-bruxellois,current regional renovation target,https://energy.ec.europa.eu/topics/energy-efficiency/energy-performance-buildings/national-building-renovation-plans_en,National Building Renovation Plans page; no Brussels draft listed at verification date,https://document.environnement.brussels/opac_css/elecfile/Statistiques_certificatsPEB_residentiel_donnees_2024.pdf,https://episcope.eu/fileadmin/tabula/public/docs/scientific/BE_TABULA_ScientificReport_VITO.pdf,"independence/null assumption: P(state | region, archetype) = P(state | region)",official national pathway calibration with post-2025 extrapolation,https://climat.be/doc/climate-neutral-belgium-by-2050-report.pdf,Scenarios for a Climate Neutral Belgium by 2050; Appendix 1 Table 1; PDF and printed page 49; CORE-95 Behaviour and Technology residential renovation settings,The report specifies 2.8% per year and a 40% shallow 50% medium 10% deep distribution by 2025. The model applies these values from 2026 through 2050 to the fixed 2025 R1-R4 dwelling stock.
central,2025,2050,0.028,2.8,0.4,0.5,0.1,Brussels-Capital Region,BE_TABULA_11,Detached house,1971-1990,TABULA_advanced_A_proxy,TABULA_advanced_A_proxy,566042,862.635616438,R1-R3 building-age profiles are applied to the matching dwelling totals; each resulting house-category dwelling retains its whole-house TABULA geometry; national absolute heat-demand and capacity results are conditional on this mapping,0.0155,0.01545,0.01555,13.3708520548,13.327720274,13.4139838356,0,0,0,0,13.3708520548,13.3708520548,0.000023621661,0.0155,0.0155,15849.176,6339.670400000001,7924.588,1584.9176,396229.39999999997,158491.76,237737.63999999996,0,0,specific_heat_loss_z_W_m2K_descending_current_state,0.25,0.15,0.25,1.6,1.6,2.5,1372,2.09242031417,20,68.6,0.104621015708,187.345,22.981,0.882239932886,balanced_mechanical_HRV,0.8,True,average C+ / 100 kWh/m2.year,100,https://environnement.brussels/citoyen/politique-regionale/plans-strategiques-regionaux/renolution-une-strategie-pour-renover-le-bati-bruxellois,current regional renovation target,https://energy.ec.europa.eu/topics/energy-efficiency/energy-performance-buildings/national-building-renovation-plans_en,National Building Renovation Plans page; no Brussels draft listed at verification date,https://document.environnement.brussels/opac_css/elecfile/Statistiques_certificatsPEB_residentiel_donnees_2024.pdf,https://episcope.eu/fileadmin/tabula/public/docs/scientific/BE_TABULA_ScientificReport_VITO.pdf,"independence/null assumption: P(state | region, archetype) = P(state | region)",official national pathway calibration with post-2025 extrapolation,https://climat.be/doc/climate-neutral-belgium-by-2050-report.pdf,Scenarios for a Climate Neutral Belgium by 2050; Appendix 1 Table 1; PDF and printed page 49; CORE-95 Behaviour and Technology residential renovation settings,The report specifies 2.8% per year and a 40% shallow 50% medium 10% deep distribution by 2025. The model applies these values from 2026 through 2050 to the fixed 2025 R1-R4 dwelling stock.
central,2025,2050,0.028,2.8,0.4,0.5,0.1,Brussels-Capital Region,BE_TABULA_12,Semi-detached house,1971-1990,TABULA_existing,TABULA_existing,566042,1264.56929559,R1-R3 building-age profiles are applied to the matching dwelling totals; each resulting house-category dwelling retains its whole-house TABULA geometry; national absolute heat-demand and capacity results are conditional on this mapping,0.9283,0.9282,0.9284,1173.8996771,1173.77322017,1174.02613403,0,0,0,0,1173.8996771,1173.8996771,0.002073873806,0.0155,0.0155,15849.176,6339.670400000001,7924.588,1584.9176,396229.39999999997,158491.76,237737.63999999996,0,0,specific_heat_loss_z_W_m2K_descending_current_state,1,0.85,0.85,3.5,4,16.3,6350.48,12.4616954474,20,317.524,0.62308477237,468.075,106.37054,3.100083864,existing_unspecified,,,average C+ / 100 kWh/m2.year,100,https://environnement.brussels/citoyen/politique-regionale/plans-strategiques-regionaux/renolution-une-strategie-pour-renover-le-bati-bruxellois,current regional renovation target,https://energy.ec.europa.eu/topics/energy-efficiency/energy-performance-buildings/national-building-renovation-plans_en,National Building Renovation Plans page; no Brussels draft listed at verification date,https://document.environnement.brussels/opac_css/elecfile/Statistiques_certificatsPEB_residentiel_donnees_2024.pdf,https://episcope.eu/fileadmin/tabula/public/docs/scientific/BE_TABULA_ScientificReport_VITO.pdf,"independence/null assumption: P(state | region, archetype) = P(state | region)",official national pathway calibration with post-2025 extrapolation,https://climat.be/doc/climate-neutral-belgium-by-2050-report.pdf,Scenarios for a Climate Neutral Belgium by 2050; Appendix 1 Table 1; PDF and printed page 49; CORE-95 Behaviour and Technology residential renovation settings,The report specifies 2.8% per year and a 40% shallow 50% medium 10% deep distribution by 2025. The model applies these values from 2026 through 2050 to the fixed 2025 R1-R4 dwelling stock.
central,2025,2050,0.028,2.8,0.4,0.5,0.1,Brussels-Capital Region,BE_TABULA_12,Semi-detached house,1971-1990,TABULA_standard_B_proxy,TABULA_standard_B_proxy,566042,1264.56929559,R1-R3 building-age profiles are applied to the matching dwelling totals; each resulting house-category dwelling retains its whole-house TABULA geometry; national absolute heat-demand and capacity results are conditional on this mapping,0.0562,0.05615,0.05625,71.0687944124,71.0055659476,71.1320228771,0,0,0,0,71.0687944124,71.0687944124,0.000125553924,0.0155,0.0155,15849.176,6339.670400000001,7924.588,1584.9176,396229.39999999997,158491.76,237737.63999999996,0,0,specific_heat_loss_z_W_m2K_descending_current_state,0.4,0.3,0.4,2,2.9,6,2337.6,4.58712715856,20,116.88,0.229356357928,220.38,39.1548,1.40061953589,exhaust_air_ventilation,0,False,average C+ / 100 kWh/m2.year,100,https://environnement.brussels/citoyen/politique-regionale/plans-strategiques-regionaux/renolution-une-strategie-pour-renover-le-bati-bruxellois,current regional renovation target,https://energy.ec.europa.eu/topics/energy-efficiency/energy-performance-buildings/national-building-renovation-plans_en,National Building Renovation Plans page; no Brussels draft listed at verification date,https://document.environnement.brussels/opac_css/elecfile/Statistiques_certificatsPEB_residentiel_donnees_2024.pdf,https://episcope.eu/fileadmin/tabula/public/docs/scientific/BE_TABULA_ScientificReport_VITO.pdf,"independence/null assumption: P(state | region, archetype) = P(state | region)",official national pathway calibration with post-2025 extrapolation,https://climat.be/doc/climate-neutral-belgium-by-2050-report.pdf,Scenarios for a Climate Neutral Belgium by 2050; Appendix 1 Table 1; PDF and printed page 49; CORE-95 Behaviour and Technology residential renovation settings,The report specifies 2.8% per year and a 40% shallow 50% medium 10% deep distribution by 2025. The model applies these values from 2026 through 2050 to the fixed 2025 R1-R4 dwelling stock.
central,2025,2050,0.028,2.8,0.4,0.5,0.1,Brussels-Capital Region,BE_TABULA_12,Semi-detached house,1971-1990,TABULA_advanced_A_proxy,TABULA_advanced_A_proxy,566042,1264.56929559,R1-R3 building-age profiles are applied to the matching dwelling totals; each resulting house-category dwelling retains its whole-house TABULA geometry; national absolute heat-demand and capacity results are conditional on this mapping,0.0155,0.01545,0.01555,19.6008240817,19.5375956169,19.6640525465,0,0,0,0,19.6008240817,19.6008240817,0.000034627862,0.0155,0.0155,15849.176,6339.670400000001,7924.588,1584.9176,396229.39999999997,158491.76,237737.63999999996,0,0,specific_heat_loss_z_W_m2K_descending_current_state,0.25,0.15,0.25,1.6,1.6,2.5,974,1.91130298273,20,48.7,0.095565149137,142.955,16.3145,0.859522396114,balanced_mechanical_HRV,0.8,True,average C+ / 100 kWh/m2.year,100,https://environnement.brussels/citoyen/politique-regionale/plans-strategiques-regionaux/renolution-une-strategie-pour-renover-le-bati-bruxellois,current regional renovation target,https://energy.ec.europa.eu/topics/energy-efficiency/energy-performance-buildings/national-building-renovation-plans_en,National Building Renovation Plans page; no Brussels draft listed at verification date,https://document.environnement.brussels/opac_css/elecfile/Statistiques_certificatsPEB_residentiel_donnees_2024.pdf,https://episcope.eu/fileadmin/tabula/public/docs/scientific/BE_TABULA_ScientificReport_VITO.pdf,"independence/null assumption: P(state | region, archetype) = P(state | region)",official national pathway calibration with post-2025 extrapolation,https://climat.be/doc/climate-neutral-belgium-by-2050-report.pdf,Scenarios for a Climate Neutral Belgium by 2050; Appendix 1 Table 1; PDF and printed page 49; CORE-95 Behaviour and Technology residential renovation settings,The report specifies 2.8% per year and a 40% shallow 50% medium 10% deep distribution by 2025. The model applies these values from 2026 through 2050 to the fixed 2025 R1-R4 dwelling stock.
central,2025,2050,0.028,2.8,0.4,0.5,0.1,Brussels-Capital Region,BE_TABULA_13,Terraced house,1971-1990,TABULA_existing,TABULA_existing,566042,3893.20966504,R1-R3 building-age profiles are applied to the matching dwelling totals; each resulting house-category dwelling retains its whole-house TABULA geometry; national absolute heat-demand and capacity results are conditional on this mapping,0.9283,0.9282,0.9284,3614.06653206,3613.67721109,3614.45585303,0,0,0,0,3614.06653206,3614.06653206,0.006384802774,0.0155,0.0155,15849.176,6339.670400000001,7924.588,1584.9176,396229.39999999997,158491.76,237737.63999999996,0,0,specific_heat_loss_z_W_m2K_descending_current_state,1,0.85,0.85,3.5,4,14.1,3622.29,7.82690146932,20,181.1145,0.391345073466,325.51,60.6733575,2.29461293821,existing_unspecified,,,average C+ / 100 kWh/m2.year,100,https://environnement.brussels/citoyen/politique-regionale/plans-strategiques-regionaux/renolution-une-strategie-pour-renover-le-bati-bruxellois,current regional renovation target,https://energy.ec.europa.eu/topics/energy-efficiency/energy-performance-buildings/national-building-renovation-plans_en,National Building Renovation Plans page; no Brussels draft listed at verification date,https://document.environnement.brussels/opac_css/elecfile/Statistiques_certificatsPEB_residentiel_donnees_2024.pdf,https://episcope.eu/fileadmin/tabula/public/docs/scientific/BE_TABULA_ScientificReport_VITO.pdf,"independence/null assumption: P(state | region, archetype) = P(state | region)",official national pathway calibration with post-2025 extrapolation,https://climat.be/doc/climate-neutral-belgium-by-2050-report.pdf,Scenarios for a Climate Neutral Belgium by 2050; Appendix 1 Table 1; PDF and printed page 49; CORE-95 Behaviour and Technology residential renovation settings,The report specifies 2.8% per year and a 40% shallow 50% medium 10% deep distribution by 2025. The model applies these values from 2026 through 2050 to the fixed 2025 R1-R4 dwelling stock.
central,2025,2050,0.028,2.8,0.4,0.5,0.1,Brussels-Capital Region,BE_TABULA_13,Terraced house,1971-1990,TABULA_standard_B_proxy,TABULA_standard_B_proxy,566042,3893.20966504,R1-R3 building-age profiles are applied to the matching dwelling totals; each resulting house-category dwelling retains its whole-house TABULA geometry; national absolute heat-demand and capacity results are conditional on this mapping,0.0562,0.05615,0.05625,218.798383176,218.603722692,218.993043659,0,0,0,0,218.798383176,218.798383176,0.000386540898,0.0155,0.0155,15849.176,6339.670400000001,7924.588,1584.9176,396229.39999999997,158491.76,237737.63999999996,0,0,specific_heat_loss_z_W_m2K_descending_current_state,0.4,0.3,0.4,2,2.9,6,1541.4,3.33059636992,20,77.07,0.166529818496,157.77,25.81845,1.09084046346,exhaust_air_ventilation,0,False,average C+ / 100 kWh/m2.year,100,https://environnement.brussels/citoyen/politique-regionale/plans-strategiques-regionaux/renolution-une-strategie-pour-renover-le-bati-bruxellois,current regional renovation target,https://energy.ec.europa.eu/topics/energy-efficiency/energy-performance-buildings/national-building-renovation-plans_en,National Building Renovation Plans page; no Brussels draft listed at verification date,https://document.environnement.brussels/opac_css/elecfile/Statistiques_certificatsPEB_residentiel_donnees_2024.pdf,https://episcope.eu/fileadmin/tabula/public/docs/scientific/BE_TABULA_ScientificReport_VITO.pdf,"independence/null assumption: P(state | region, archetype) = P(state | region)",official national pathway calibration with post-2025 extrapolation,https://climat.be/doc/climate-neutral-belgium-by-2050-report.pdf,Scenarios for a Climate Neutral Belgium by 2050; Appendix 1 Table 1; PDF and printed page 49; CORE-95 Behaviour and Technology residential renovation settings,The report specifies 2.8% per year and a 40% shallow 50% medium 10% deep distribution by 2025. The model applies these values from 2026 through 2050 to the fixed 2025 R1-R4 dwelling stock.
central,2025,2050,0.028,2.8,0.4,0.5,0.1,Brussels-Capital Region,BE_TABULA_13,Terraced house,1971-1990,TABULA_advanced_A_proxy,TABULA_advanced_A_proxy,566042,3893.20966504,R1-R3 building-age profiles are applied to the matching dwelling totals; each resulting house-category dwelling retains its whole-house TABULA geometry; national absolute heat-demand and capacity results are conditional on this mapping,0.0155,0.01545,0.01555,60.3447498082,60.1500893249,60.5394102914,0,0,0,0,60.3447498082,60.3447498082,0.000106608255,0.0155,0.0155,15849.176,6339.670400000001,7924.588,1584.9176,396229.39999999997,158491.76,237737.63999999996,0,0,specific_heat_loss_z_W_m2K_descending_current_state,0.25,0.15,0.25,1.6,1.6,2.5,642.25,1.38774848747,20,32.1125,0.069387424373,102.18,10.7576875,0.671049836601,balanced_mechanical_HRV,0.8,True,average C+ / 100 kWh/m2.year,100,https://environnement.brussels/citoyen/politique-regionale/plans-strategiques-regionaux/renolution-une-strategie-pour-renover-le-bati-bruxellois,current regional renovation target,https://energy.ec.europa.eu/topics/energy-efficiency/energy-performance-buildings/national-building-renovation-plans_en,National Building Renovation Plans page; no Brussels draft listed at verification date,https://document.environnement.brussels/opac_css/elecfile/Statistiques_certificatsPEB_residentiel_donnees_2024.pdf,https://episcope.eu/fileadmin/tabula/public/docs/scientific/BE_TABULA_ScientificReport_VITO.pdf,"independence/null assumption: P(state | region, archetype) = P(state | region)",official national pathway calibration with post-2025 extrapolation,https://climat.be/doc/climate-neutral-belgium-by-2050-report.pdf,Scenarios for a Climate Neutral Belgium by 2050; Appendix 1 Table 1; PDF and printed page 49; CORE-95 Behaviour and Technology residential renovation settings,The report specifies 2.8% per year and a 40% shallow 50% medium 10% deep distribution by 2025. The model applies these values from 2026 through 2050 to the fixed 2025 R1-R4 dwelling stock.
central,2025,2050,0.028,2.8,0.4,0.5,0.1,Brussels-Capital Region,BE_TABULA_14,"Apartment, enclosed",1971-1990,TABULA_existing,TABULA_existing,566042,24607.3739373,R1-R3 building-age profiles are applied to the matching dwelling totals; each resulting house-category dwelling retains its whole-house TABULA geometry; national absolute heat-demand and capacity results are conditional on this mapping,0.9283,0.9282,0.9284,22843.025226,22840.5644886,22845.4859633,0,0,0,0,22843.025226,22843.025226,0.04035570722,0.0155,0.0155,15849.176,6339.670400000001,7924.588,1584.9176,396229.39999999997,158491.76,237737.63999999996,0,0,specific_heat_loss_z_W_m2K_descending_current_state,1,0.85,0.85,3.5,4,14.1,631.68,1.97215110834,20,31.584,0.098607555417,111.7,10.58064,1.22158481518,existing_unspecified,,,average C+ / 100 kWh/m2.year,100,https://environnement.brussels/citoyen/politique-regionale/plans-strategiques-regionaux/renolution-une-strategie-pour-renover-le-bati-bruxellois,current regional renovation target,https://energy.ec.europa.eu/topics/energy-efficiency/energy-performance-buildings/national-building-renovation-plans_en,National Building Renovation Plans page; no Brussels draft listed at verification date,https://document.environnement.brussels/opac_css/elecfile/Statistiques_certificatsPEB_residentiel_donnees_2024.pdf,https://episcope.eu/fileadmin/tabula/public/docs/scientific/BE_TABULA_ScientificReport_VITO.pdf,"independence/null assumption: P(state | region, archetype) = P(state | region)",official national pathway calibration with post-2025 extrapolation,https://climat.be/doc/climate-neutral-belgium-by-2050-report.pdf,Scenarios for a Climate Neutral Belgium by 2050; Appendix 1 Table 1; PDF and printed page 49; CORE-95 Behaviour and Technology residential renovation settings,The report specifies 2.8% per year and a 40% shallow 50% medium 10% deep distribution by 2025. The model applies these values from 2026 through 2050 to the fixed 2025 R1-R4 dwelling stock.
central,2025,2050,0.028,2.8,0.4,0.5,0.1,Brussels-Capital Region,BE_TABULA_14,"Apartment, enclosed",1971-1990,TABULA_standard_B_proxy,TABULA_standard_B_proxy,566042,24607.3739373,R1-R3 building-age profiles are applied to the matching dwelling totals; each resulting house-category dwelling retains its whole-house TABULA geometry; national absolute heat-demand and capacity results are conditional on this mapping,0.0562,0.05615,0.05625,1382.93441527,1381.70404658,1384.16478397,0,0,0,0,1382.93441527,1382.93441527,0.002443165728,0.0155,0.0155,15849.176,6339.670400000001,7924.588,1584.9176,396229.39999999997,158491.76,237737.63999999996,0,0,specific_heat_loss_z_W_m2K_descending_current_state,0.4,0.3,0.4,2,2.9,6,268.8,0.83921323759,20,13.44,0.04196066188,60.76,4.5024,0.651972027972,exhaust_air_ventilation,0,False,average C+ / 100 kWh/m2.year,100,https://environnement.brussels/citoyen/politique-regionale/plans-strategiques-regionaux/renolution-une-strategie-pour-renover-le-bati-bruxellois,current regional renovation target,https://energy.ec.europa.eu/topics/energy-efficiency/energy-performance-buildings/national-building-renovation-plans_en,National Building Renovation Plans page; no Brussels draft listed at verification date,https://document.environnement.brussels/opac_css/elecfile/Statistiques_certificatsPEB_residentiel_donnees_2024.pdf,https://episcope.eu/fileadmin/tabula/public/docs/scientific/BE_TABULA_ScientificReport_VITO.pdf,"independence/null assumption: P(state | region, archetype) = P(state | region)",official national pathway calibration with post-2025 extrapolation,https://climat.be/doc/climate-neutral-belgium-by-2050-report.pdf,Scenarios for a Climate Neutral Belgium by 2050; Appendix 1 Table 1; PDF and printed page 49; CORE-95 Behaviour and Technology residential renovation settings,The report specifies 2.8% per year and a 40% shallow 50% medium 10% deep distribution by 2025. The model applies these values from 2026 through 2050 to the fixed 2025 R1-R4 dwelling stock.
central,2025,2050,0.028,2.8,0.4,0.5,0.1,Brussels-Capital Region,BE_TABULA_14,"Apartment, enclosed",1971-1990,TABULA_advanced_A_proxy,TABULA_advanced_A_proxy,566042,24607.3739373,R1-R3 building-age profiles are applied to the matching dwelling totals; each resulting house-category dwelling retains its whole-house TABULA geometry; national absolute heat-demand and capacity results are conditional on this mapping,0.0155,0.01545,0.01555,381.414296027,380.183927331,382.644664724,0,0,0,0,381.414296027,381.414296027,0.000673826847,0.0155,0.0155,15849.176,6339.670400000001,7924.588,1584.9176,396229.39999999997,158491.76,237737.63999999996,0,0,specific_heat_loss_z_W_m2K_descending_current_state,0.25,0.15,0.25,1.6,1.6,2.5,112,0.349672182329,20,5.6,0.017483609117,47.355,1.876,0.491818181818,balanced_mechanical_HRV,0.8,True,average C+ / 100 kWh/m2.year,100,https://environnement.brussels/citoyen/politique-regionale/plans-strategiques-regionaux/renolution-une-strategie-pour-renover-le-bati-bruxellois,current regional renovation target,https://energy.ec.europa.eu/topics/energy-efficiency/energy-performance-buildings/national-building-renovation-plans_en,National Building Renovation Plans page; no Brussels draft listed at verification date,https://document.environnement.brussels/opac_css/elecfile/Statistiques_certificatsPEB_residentiel_donnees_2024.pdf,https://episcope.eu/fileadmin/tabula/public/docs/scientific/BE_TABULA_ScientificReport_VITO.pdf,"independence/null assumption: P(state | region, archetype) = P(state | region)",official national pathway calibration with post-2025 extrapolation,https://climat.be/doc/climate-neutral-belgium-by-2050-report.pdf,Scenarios for a Climate Neutral Belgium by 2050; Appendix 1 Table 1; PDF and printed page 49; CORE-95 Behaviour and Technology residential renovation settings,The report specifies 2.8% per year and a 40% shallow 50% medium 10% deep distribution by 2025. The model applies these values from 2026 through 2050 to the fixed 2025 R1-R4 dwelling stock.
central,2025,2050,0.028,2.8,0.4,0.5,0.1,Brussels-Capital Region,BE_TABULA_15,"Apartment, exposed",1971-1990,TABULA_existing,TABULA_existing,566042,24607.3739373,R1-R3 building-age profiles are applied to the matching dwelling totals; each resulting house-category dwelling retains its whole-house TABULA geometry; national absolute heat-demand and capacity results are conditional on this mapping,0.9283,0.9282,0.9284,22843.025226,22840.5644886,22845.4859633,0,0,0,0,22843.025226,22843.025226,0.04035570722,0.0155,0.0155,15849.176,6339.670400000001,7924.588,1584.9176,396229.39999999997,158491.76,237737.63999999996,0,0,specific_heat_loss_z_W_m2K_descending_current_state,1,0.85,0.85,3.5,4,14.1,2688.87,8.39484857946,20,134.4435,0.419742428973,242.585,45.0385725,2.87336236264,existing_unspecified,,,average C+ / 100 kWh/m2.year,100,https://environnement.brussels/citoyen/politique-regionale/plans-strategiques-regionaux/renolution-une-strategie-pour-renover-le-bati-bruxellois,current regional renovation target,https://energy.ec.europa.eu/topics/energy-efficiency/energy-performance-buildings/national-building-renovation-plans_en,National Building Renovation Plans page; no Brussels draft listed at verification date,https://document.environnement.brussels/opac_css/elecfile/Statistiques_certificatsPEB_residentiel_donnees_2024.pdf,https://episcope.eu/fileadmin/tabula/public/docs/scientific/BE_TABULA_ScientificReport_VITO.pdf,"independence/null assumption: P(state | region, archetype) = P(state | region)",official national pathway calibration with post-2025 extrapolation,https://climat.be/doc/climate-neutral-belgium-by-2050-report.pdf,Scenarios for a Climate Neutral Belgium by 2050; Appendix 1 Table 1; PDF and printed page 49; CORE-95 Behaviour and Technology residential renovation settings,The report specifies 2.8% per year and a 40% shallow 50% medium 10% deep distribution by 2025. The model applies these values from 2026 through 2050 to the fixed 2025 R1-R4 dwelling stock.
central,2025,2050,0.028,2.8,0.4,0.5,0.1,Brussels-Capital Region,BE_TABULA_15,"Apartment, exposed",1971-1990,TABULA_standard_B_proxy,TABULA_standard_B_proxy,566042,24607.3739373,R1-R3 building-age profiles are applied to the matching dwelling totals; each resulting house-category dwelling retains its whole-house TABULA geometry; national absolute heat-demand and capacity results are conditional on this mapping,0.0562,0.05615,0.05625,1382.93441527,1381.70404658,1384.16478397,0,0,0,0,1382.93441527,1382.93441527,0.002443165728,0.0155,0.0155,15849.176,6339.670400000001,7924.588,1584.9176,396229.39999999997,158491.76,237737.63999999996,0,0,specific_heat_loss_z_W_m2K_descending_current_state,0.4,0.3,0.4,2,2.9,6,1144.2,3.57227599126,20,57.21,0.178613799563,109.11,19.16535,1.28147202797,exhaust_air_ventilation,0,False,average C+ / 100 kWh/m2.year,100,https://environnement.brussels/citoyen/politique-regionale/plans-strategiques-regionaux/renolution-une-strategie-pour-renover-le-bati-bruxellois,current regional renovation target,https://energy.ec.europa.eu/topics/energy-efficiency/energy-performance-buildings/national-building-renovation-plans_en,National Building Renovation Plans page; no Brussels draft listed at verification date,https://document.environnement.brussels/opac_css/elecfile/Statistiques_certificatsPEB_residentiel_donnees_2024.pdf,https://episcope.eu/fileadmin/tabula/public/docs/scientific/BE_TABULA_ScientificReport_VITO.pdf,"independence/null assumption: P(state | region, archetype) = P(state | region)",official national pathway calibration with post-2025 extrapolation,https://climat.be/doc/climate-neutral-belgium-by-2050-report.pdf,Scenarios for a Climate Neutral Belgium by 2050; Appendix 1 Table 1; PDF and printed page 49; CORE-95 Behaviour and Technology residential renovation settings,The report specifies 2.8% per year and a 40% shallow 50% medium 10% deep distribution by 2025. The model applies these values from 2026 through 2050 to the fixed 2025 R1-R4 dwelling stock.
central,2025,2050,0.028,2.8,0.4,0.5,0.1,Brussels-Capital Region,BE_TABULA_15,"Apartment, exposed",1971-1990,TABULA_advanced_A_proxy,TABULA_advanced_A_proxy,566042,24607.3739373,R1-R3 building-age profiles are applied to the matching dwelling totals; each resulting house-category dwelling retains its whole-house TABULA geometry; national absolute heat-demand and capacity results are conditional on this mapping,0.0155,0.01545,0.01555,381.414296027,380.183927331,382.644664724,0,0,0,0,381.414296027,381.414296027,0.000673826847,0.0155,0.0155,15849.176,6339.670400000001,7924.588,1584.9176,396229.39999999997,158491.76,237737.63999999996,0,0,specific_heat_loss_z_W_m2K_descending_current_state,0.25,0.15,0.25,1.6,1.6,2.5,476.75,1.48844832969,20,23.8375,0.074422416485,73.82,7.9855625,0.817238386613,balanced_mechanical_HRV,0.8,True,average C+ / 100 kWh/m2.year,100,https://environnement.brussels/citoyen/politique-regionale/plans-strategiques-regionaux/renolution-une-strategie-pour-renover-le-bati-bruxellois,current regional renovation target,https://energy.ec.europa.eu/topics/energy-efficiency/energy-performance-buildings/national-building-renovation-plans_en,National Building Renovation Plans page; no Brussels draft listed at verification date,https://document.environnement.brussels/opac_css/elecfile/Statistiques_certificatsPEB_residentiel_donnees_2024.pdf,https://episcope.eu/fileadmin/tabula/public/docs/scientific/BE_TABULA_ScientificReport_VITO.pdf,"independence/null assumption: P(state | region, archetype) = P(state | region)",official national pathway calibration with post-2025 extrapolation,https://climat.be/doc/climate-neutral-belgium-by-2050-report.pdf,Scenarios for a Climate Neutral Belgium by 2050; Appendix 1 Table 1; PDF and printed page 49; CORE-95 Behaviour and Technology residential renovation settings,The report specifies 2.8% per year and a 40% shallow 50% medium 10% deep distribution by 2025. The model applies these values from 2026 through 2050 to the fixed 2025 R1-R4 dwelling stock.
central,2025,2050,0.028,2.8,0.4,0.5,0.1,Brussels-Capital Region,BE_TABULA_16,Detached house,1991-2005,TABULA_existing,TABULA_existing,566042,383.641643836,R1-R3 building-age profiles are applied to the matching dwelling totals; each resulting house-category dwelling retains its whole-house TABULA geometry; national absolute heat-demand and capacity results are conditional on this mapping,0.9283,0.9282,0.9284,356.134537973,356.096173808,356.172902137,0,0,0,0,356.134537973,356.134537973,0.000629166277,0.0155,0.0155,15849.176,6339.670400000001,7924.588,1584.9176,396229.39999999997,158491.76,237737.63999999996,0,0,specific_heat_loss_z_W_m2K_descending_current_state,0.6,0.6,0.7,3.5,3.5,12,6697.2,9.42603800141,20,334.86,0.47130190007,513.87,112.1781,2.42278676471,existing_unspecified,,,average C+ / 100 kWh/m2.year,100,https://environnement.brussels/citoyen/politique-regionale/plans-strategiques-regionaux/renolution-une-strategie-pour-renover-le-bati-bruxellois,current regional renovation target,https://energy.ec.europa.eu/topics/energy-efficiency/energy-performance-buildings/national-building-renovation-plans_en,National Building Renovation Plans page; no Brussels draft listed at verification date,https://document.environnement.brussels/opac_css/elecfile/Statistiques_certificatsPEB_residentiel_donnees_2024.pdf,https://episcope.eu/fileadmin/tabula/public/docs/scientific/BE_TABULA_ScientificReport_VITO.pdf,"independence/null assumption: P(state | region, archetype) = P(state | region)",official national pathway calibration with post-2025 extrapolation,https://climat.be/doc/climate-neutral-belgium-by-2050-report.pdf,Scenarios for a Climate Neutral Belgium by 2050; Appendix 1 Table 1; PDF and printed page 49; CORE-95 Behaviour and Technology residential renovation settings,The report specifies 2.8% per year and a 40% shallow 50% medium 10% deep distribution by 2025. The model applies these values from 2026 through 2050 to the fixed 2025 R1-R4 dwelling stock.
central,2025,2050,0.028,2.8,0.4,0.5,0.1,Brussels-Capital Region,BE_TABULA_16,Detached house,1991-2005,TABULA_standard_B_proxy,TABULA_standard_B_proxy,566042,383.641643836,R1-R3 building-age profiles are applied to the matching dwelling totals; each resulting house-category dwelling retains its whole-house TABULA geometry; national absolute heat-demand and capacity results are conditional on this mapping,0.0562,0.05615,0.05625,21.5606603836,21.5414783014,21.5798424658,0,0,0,0,21.5606603836,21.5606603836,0.000038090213,0.0155,0.0155,15849.176,6339.670400000001,7924.588,1584.9176,396229.39999999997,158491.76,237737.63999999996,0,0,specific_heat_loss_z_W_m2K_descending_current_state,0.4,0.3,0.4,2,2.9,6,3348.6,4.7130190007,20,167.43,0.235650950035,308.55,56.08905,1.41114183437,exhaust_air_ventilation,0,False,average C+ / 100 kWh/m2.year,100,https://environnement.brussels/citoyen/politique-regionale/plans-strategiques-regionaux/renolution-une-strategie-pour-renover-le-bati-bruxellois,current regional renovation target,https://energy.ec.europa.eu/topics/energy-efficiency/energy-performance-buildings/national-building-renovation-plans_en,National Building Renovation Plans page; no Brussels draft listed at verification date,https://document.environnement.brussels/opac_css/elecfile/Statistiques_certificatsPEB_residentiel_donnees_2024.pdf,https://episcope.eu/fileadmin/tabula/public/docs/scientific/BE_TABULA_ScientificReport_VITO.pdf,"independence/null assumption: P(state | region, archetype) = P(state | region)",official national pathway calibration with post-2025 extrapolation,https://climat.be/doc/climate-neutral-belgium-by-2050-report.pdf,Scenarios for a Climate Neutral Belgium by 2050; Appendix 1 Table 1; PDF and printed page 49; CORE-95 Behaviour and Technology residential renovation settings,The report specifies 2.8% per year and a 40% shallow 50% medium 10% deep distribution by 2025. The model applies these values from 2026 through 2050 to the fixed 2025 R1-R4 dwelling stock.
central,2025,2050,0.028,2.8,0.4,0.5,0.1,Brussels-Capital Region,BE_TABULA_16,Detached house,1991-2005,TABULA_advanced_A_proxy,TABULA_advanced_A_proxy,566042,383.641643836,R1-R3 building-age profiles are applied to the matching dwelling totals; each resulting house-category dwelling retains its whole-house TABULA geometry; national absolute heat-demand and capacity results are conditional on this mapping,0.0155,0.01545,0.01555,5.94644547945,5.92726339726,5.96562756164,0,0,0,0,5.94644547945,5.94644547945,0.000010505308,0.0155,0.0155,15849.176,6339.670400000001,7924.588,1584.9176,396229.39999999997,158491.76,237737.63999999996,0,0,specific_heat_loss_z_W_m2K_descending_current_state,0.25,0.15,0.25,1.6,1.6,2.5,1395.25,1.96375791696,20,69.7625,0.098187895848,200.23,23.3704375,0.865326770511,balanced_mechanical_HRV,0.8,True,average C+ / 100 kWh/m2.year,100,https://environnement.brussels/citoyen/politique-regionale/plans-strategiques-regionaux/renolution-une-strategie-pour-renover-le-bati-bruxellois,current regional renovation target,https://energy.ec.europa.eu/topics/energy-efficiency/energy-performance-buildings/national-building-renovation-plans_en,National Building Renovation Plans page; no Brussels draft listed at verification date,https://document.environnement.brussels/opac_css/elecfile/Statistiques_certificatsPEB_residentiel_donnees_2024.pdf,https://episcope.eu/fileadmin/tabula/public/docs/scientific/BE_TABULA_ScientificReport_VITO.pdf,"independence/null assumption: P(state | region, archetype) = P(state | region)",official national pathway calibration with post-2025 extrapolation,https://climat.be/doc/climate-neutral-belgium-by-2050-report.pdf,Scenarios for a Climate Neutral Belgium by 2050; Appendix 1 Table 1; PDF and printed page 49; CORE-95 Behaviour and Technology residential renovation settings,The report specifies 2.8% per year and a 40% shallow 50% medium 10% deep distribution by 2025. The model applies these values from 2026 through 2050 to the fixed 2025 R1-R4 dwelling stock.
central,2025,2050,0.028,2.8,0.4,0.5,0.1,Brussels-Capital Region,BE_TABULA_17,Semi-detached house,1991-2005,TABULA_existing,TABULA_existing,566042,837.689887424,R1-R3 building-age profiles are applied to the matching dwelling totals; each resulting house-category dwelling retains its whole-house TABULA geometry; national absolute heat-demand and capacity results are conditional on this mapping,0.9283,0.9282,0.9284,777.627522495,777.543753507,777.711291484,0,0,0,0,777.627522495,777.627522495,0.001373798274,0.0155,0.0155,15849.176,6339.670400000001,7924.588,1584.9176,396229.39999999997,158491.76,237737.63999999996,0,0,specific_heat_loss_z_W_m2K_descending_current_state,0.6,0.6,0.7,3.5,3.5,12,4920,7.98830979055,20,246,0.399415489528,382.84,82.41,2.07700892857,existing_unspecified,,,average C+ / 100 kWh/m2.year,100,https://environnement.brussels/citoyen/politique-regionale/plans-strategiques-regionaux/renolution-une-strategie-pour-renover-le-bati-bruxellois,current regional renovation target,https://energy.ec.europa.eu/topics/energy-efficiency/energy-performance-buildings/national-building-renovation-plans_en,National Building Renovation Plans page; no Brussels draft listed at verification date,https://document.environnement.brussels/opac_css/elecfile/Statistiques_certificatsPEB_residentiel_donnees_2024.pdf,https://episcope.eu/fileadmin/tabula/public/docs/scientific/BE_TABULA_ScientificReport_VITO.pdf,"independence/null assumption: P(state | region, archetype) = P(state | region)",official national pathway calibration with post-2025 extrapolation,https://climat.be/doc/climate-neutral-belgium-by-2050-report.pdf,Scenarios for a Climate Neutral Belgium by 2050; Appendix 1 Table 1; PDF and printed page 49; CORE-95 Behaviour and Technology residential renovation settings,The report specifies 2.8% per year and a 40% shallow 50% medium 10% deep distribution by 2025. The model applies these values from 2026 through 2050 to the fixed 2025 R1-R4 dwelling stock.
central,2025,2050,0.028,2.8,0.4,0.5,0.1,Brussels-Capital Region,BE_TABULA_17,Semi-detached house,1991-2005,TABULA_standard_B_proxy,TABULA_standard_B_proxy,566042,837.689887424,R1-R3 building-age profiles are applied to the matching dwelling totals; each resulting house-category dwelling retains its whole-house TABULA geometry; national absolute heat-demand and capacity results are conditional on this mapping,0.0562,0.05615,0.05625,47.0781716732,47.0362871788,47.1200561676,0,0,0,0,47.0781716732,47.0781716732,0.00008317081,0.0155,0.0155,15849.176,6339.670400000001,7924.588,1584.9176,396229.39999999997,158491.76,237737.63999999996,0,0,specific_heat_loss_z_W_m2K_descending_current_state,0.4,0.3,0.4,2,2.9,6,2460,3.99415489528,20,123,0.199707744764,229.83,41.205,1.20997767857,exhaust_air_ventilation,0,False,average C+ / 100 kWh/m2.year,100,https://environnement.brussels/citoyen/politique-regionale/plans-strategiques-regionaux/renolution-une-strategie-pour-renover-le-bati-bruxellois,current regional renovation target,https://energy.ec.europa.eu/topics/energy-efficiency/energy-performance-buildings/national-building-renovation-plans_en,National Building Renovation Plans page; no Brussels draft listed at verification date,https://document.environnement.brussels/opac_css/elecfile/Statistiques_certificatsPEB_residentiel_donnees_2024.pdf,https://episcope.eu/fileadmin/tabula/public/docs/scientific/BE_TABULA_ScientificReport_VITO.pdf,"independence/null assumption: P(state | region, archetype) = P(state | region)",official national pathway calibration with post-2025 extrapolation,https://climat.be/doc/climate-neutral-belgium-by-2050-report.pdf,Scenarios for a Climate Neutral Belgium by 2050; Appendix 1 Table 1; PDF and printed page 49; CORE-95 Behaviour and Technology residential renovation settings,The report specifies 2.8% per year and a 40% shallow 50% medium 10% deep distribution by 2025. The model applies these values from 2026 through 2050 to the fixed 2025 R1-R4 dwelling stock.
central,2025,2050,0.028,2.8,0.4,0.5,0.1,Brussels-Capital Region,BE_TABULA_17,Semi-detached house,1991-2005,TABULA_advanced_A_proxy,TABULA_advanced_A_proxy,566042,837.689887424,R1-R3 building-age profiles are applied to the matching dwelling totals; each resulting house-category dwelling retains its whole-house TABULA geometry; national absolute heat-demand and capacity results are conditional on this mapping,0.0155,0.01545,0.01555,12.9841932551,12.9423087607,13.0260777494,0,0,0,0,12.9841932551,12.9841932551,0.000022938569,0.0155,0.0155,15849.176,6339.670400000001,7924.588,1584.9176,396229.39999999997,158491.76,237737.63999999996,0,0,specific_heat_loss_z_W_m2K_descending_current_state,0.25,0.15,0.25,1.6,1.6,2.5,1025,1.66423120636,20,51.25,0.083211560318,148.865,17.16875,0.741222098214,balanced_mechanical_HRV,0.8,True,average C+ / 100 kWh/m2.year,100,https://environnement.brussels/citoyen/politique-regionale/plans-strategiques-regionaux/renolution-une-strategie-pour-renover-le-bati-bruxellois,current regional renovation target,https://energy.ec.europa.eu/topics/energy-efficiency/energy-performance-buildings/national-building-renovation-plans_en,National Building Renovation Plans page; no Brussels draft listed at verification date,https://document.environnement.brussels/opac_css/elecfile/Statistiques_certificatsPEB_residentiel_donnees_2024.pdf,https://episcope.eu/fileadmin/tabula/public/docs/scientific/BE_TABULA_ScientificReport_VITO.pdf,"independence/null assumption: P(state | region, archetype) = P(state | region)",official national pathway calibration with post-2025 extrapolation,https://climat.be/doc/climate-neutral-belgium-by-2050-report.pdf,Scenarios for a Climate Neutral Belgium by 2050; Appendix 1 Table 1; PDF and printed page 49; CORE-95 Behaviour and Technology residential renovation settings,The report specifies 2.8% per year and a 40% shallow 50% medium 10% deep distribution by 2025. The model applies these values from 2026 through 2050 to the fixed 2025 R1-R4 dwelling stock.
central,2025,2050,0.028,2.8,0.4,0.5,0.1,Brussels-Capital Region,BE_TABULA_18,Terraced house,1991-2005,TABULA_existing,TABULA_existing,566042,2605.15813886,R1-R3 building-age profiles are applied to the matching dwelling totals; each resulting house-category dwelling retains its whole-house TABULA geometry; national absolute heat-demand and capacity results are conditional on this mapping,0.9283,0.9282,0.9284,2418.3683003,2418.10778449,2418.62881612,0,0,0,0,2418.3683003,2418.3683003,0.004272418478,0.0155,0.0155,15849.176,6339.670400000001,7924.588,1584.9176,396229.39999999997,158491.76,237737.63999999996,0,0,specific_heat_loss_z_W_m2K_descending_current_state,0.6,0.6,0.7,3.5,3.5,10,2645,5.01992788005,20,132.25,0.250996394003,270,44.30375,1.64041623173,existing_unspecified,,,average C+ / 100 kWh/m2.year,100,https://environnement.brussels/citoyen/politique-regionale/plans-strategiques-regionaux/renolution-une-strategie-pour-renover-le-bati-bruxellois,current regional renovation target,https://energy.ec.europa.eu/topics/energy-efficiency/energy-performance-buildings/national-building-renovation-plans_en,National Building Renovation Plans page; no Brussels draft listed at verification date,https://document.environnement.brussels/opac_css/elecfile/Statistiques_certificatsPEB_residentiel_donnees_2024.pdf,https://episcope.eu/fileadmin/tabula/public/docs/scientific/BE_TABULA_ScientificReport_VITO.pdf,"independence/null assumption: P(state | region, archetype) = P(state | region)",official national pathway calibration with post-2025 extrapolation,https://climat.be/doc/climate-neutral-belgium-by-2050-report.pdf,Scenarios for a Climate Neutral Belgium by 2050; Appendix 1 Table 1; PDF and printed page 49; CORE-95 Behaviour and Technology residential renovation settings,The report specifies 2.8% per year and a 40% shallow 50% medium 10% deep distribution by 2025. The model applies these values from 2026 through 2050 to the fixed 2025 R1-R4 dwelling stock.
central,2025,2050,0.028,2.8,0.4,0.5,0.1,Brussels-Capital Region,BE_TABULA_18,Terraced house,1991-2005,TABULA_standard_B_proxy,TABULA_standard_B_proxy,566042,2605.15813886,R1-R3 building-age profiles are applied to the matching dwelling totals; each resulting house-category dwelling retains its whole-house TABULA geometry; national absolute heat-demand and capacity results are conditional on this mapping,0.0562,0.05615,0.05625,146.409887404,146.279629497,146.540145311,0,0,0,0,146.409887404,146.409887404,0.000258655519,0.0155,0.0155,15849.176,6339.670400000001,7924.588,1584.9176,396229.39999999997,158491.76,237737.63999999996,0,0,specific_heat_loss_z_W_m2K_descending_current_state,0.4,0.3,0.4,2,2.9,6,1587,3.01195672803,20,79.35,0.150597836402,164.18,26.58225,0.995627609603,exhaust_air_ventilation,0,False,average C+ / 100 kWh/m2.year,100,https://environnement.brussels/citoyen/politique-regionale/plans-strategiques-regionaux/renolution-une-strategie-pour-renover-le-bati-bruxellois,current regional renovation target,https://energy.ec.europa.eu/topics/energy-efficiency/energy-performance-buildings/national-building-renovation-plans_en,National Building Renovation Plans page; no Brussels draft listed at verification date,https://document.environnement.brussels/opac_css/elecfile/Statistiques_certificatsPEB_residentiel_donnees_2024.pdf,https://episcope.eu/fileadmin/tabula/public/docs/scientific/BE_TABULA_ScientificReport_VITO.pdf,"independence/null assumption: P(state | region, archetype) = P(state | region)",official national pathway calibration with post-2025 extrapolation,https://climat.be/doc/climate-neutral-belgium-by-2050-report.pdf,Scenarios for a Climate Neutral Belgium by 2050; Appendix 1 Table 1; PDF and printed page 49; CORE-95 Behaviour and Technology residential renovation settings,The report specifies 2.8% per year and a 40% shallow 50% medium 10% deep distribution by 2025. The model applies these values from 2026 through 2050 to the fixed 2025 R1-R4 dwelling stock.
central,2025,2050,0.028,2.8,0.4,0.5,0.1,Brussels-Capital Region,BE_TABULA_18,Terraced house,1991-2005,TABULA_advanced_A_proxy,TABULA_advanced_A_proxy,566042,2605.15813886,R1-R3 building-age profiles are applied to the matching dwelling totals; each resulting house-category dwelling retains its whole-house TABULA geometry; national absolute heat-demand and capacity results are conditional on this mapping,0.0155,0.01545,0.01555,40.3799511523,40.2496932453,40.5102090592,0,0,0,0,40.3799511523,40.3799511523,0.000071337376,0.0155,0.0155,15849.176,6339.670400000001,7924.588,1584.9176,396229.39999999997,158491.76,237737.63999999996,0,0,specific_heat_loss_z_W_m2K_descending_current_state,0.25,0.15,0.25,1.6,1.6,2.5,661.25,1.25498197001,20,33.0625,0.062749098501,106.905,11.0759375,0.615766897182,balanced_mechanical_HRV,0.8,True,average C+ / 100 kWh/m2.year,100,https://environnement.brussels/citoyen/politique-regionale/plans-strategiques-regionaux/renolution-une-strategie-pour-renover-le-bati-bruxellois,current regional renovation target,https://energy.ec.europa.eu/topics/energy-efficiency/energy-performance-buildings/national-building-renovation-plans_en,National Building Renovation Plans page; no Brussels draft listed at verification date,https://document.environnement.brussels/opac_css/elecfile/Statistiques_certificatsPEB_residentiel_donnees_2024.pdf,https://episcope.eu/fileadmin/tabula/public/docs/scientific/BE_TABULA_ScientificReport_VITO.pdf,"independence/null assumption: P(state | region, archetype) = P(state | region)",official national pathway calibration with post-2025 extrapolation,https://climat.be/doc/climate-neutral-belgium-by-2050-report.pdf,Scenarios for a Climate Neutral Belgium by 2050; Appendix 1 Table 1; PDF and printed page 49; CORE-95 Behaviour and Technology residential renovation settings,The report specifies 2.8% per year and a 40% shallow 50% medium 10% deep distribution by 2025. The model applies these values from 2026 through 2050 to the fixed 2025 R1-R4 dwelling stock.
central,2025,2050,0.028,2.8,0.4,0.5,0.1,Brussels-Capital Region,BE_TABULA_19,"Apartment, enclosed",1991-2005,TABULA_existing,TABULA_existing,566042,11601.1959846,R1-R3 building-age profiles are applied to the matching dwelling totals; each resulting house-category dwelling retains its whole-house TABULA geometry; national absolute heat-demand and capacity results are conditional on this mapping,0.9283,0.9282,0.9284,10769.3902325,10768.2301129,10770.5503521,0,0,0,0,10769.3902325,10769.3902325,0.019025779417,0.0155,0.0155,15849.176,6339.670400000001,7924.588,1584.9176,396229.39999999997,158491.76,237737.63999999996,0,0,specific_heat_loss_z_W_m2K_descending_current_state,0.6,0.6,0.7,3.5,3.5,10,448,1.39868872932,20,22.4,0.069934436466,104.54,7.504,1.11932067932,existing_unspecified,,,average C+ / 100 kWh/m2.year,100,https://environnement.brussels/citoyen/politique-regionale/plans-strategiques-regionaux/renolution-une-strategie-pour-renover-le-bati-bruxellois,current regional renovation target,https://energy.ec.europa.eu/topics/energy-efficiency/energy-performance-buildings/national-building-renovation-plans_en,National Building Renovation Plans page; no Brussels draft listed at verification date,https://document.environnement.brussels/opac_css/elecfile/Statistiques_certificatsPEB_residentiel_donnees_2024.pdf,https://episcope.eu/fileadmin/tabula/public/docs/scientific/BE_TABULA_ScientificReport_VITO.pdf,"independence/null assumption: P(state | region, archetype) = P(state | region)",official national pathway calibration with post-2025 extrapolation,https://climat.be/doc/climate-neutral-belgium-by-2050-report.pdf,Scenarios for a Climate Neutral Belgium by 2050; Appendix 1 Table 1; PDF and printed page 49; CORE-95 Behaviour and Technology residential renovation settings,The report specifies 2.8% per year and a 40% shallow 50% medium 10% deep distribution by 2025. The model applies these values from 2026 through 2050 to the fixed 2025 R1-R4 dwelling stock.
central,2025,2050,0.028,2.8,0.4,0.5,0.1,Brussels-Capital Region,BE_TABULA_19,"Apartment, enclosed",1991-2005,TABULA_standard_B_proxy,TABULA_standard_B_proxy,566042,11601.1959846,R1-R3 building-age profiles are applied to the matching dwelling totals; each resulting house-category dwelling retains its whole-house TABULA geometry; national absolute heat-demand and capacity results are conditional on this mapping,0.0562,0.05615,0.05625,651.987214337,651.407154537,652.567274136,0,0,0,0,651.987214337,651.987214337,0.001151835402,0.0155,0.0155,15849.176,6339.670400000001,7924.588,1584.9176,396229.39999999997,158491.76,237737.63999999996,0,0,specific_heat_loss_z_W_m2K_descending_current_state,0.4,0.3,0.4,2,2.9,6,268.8,0.83921323759,20,13.44,0.04196066188,60.76,4.5024,0.651972027972,exhaust_air_ventilation,0,False,average C+ / 100 kWh/m2.year,100,https://environnement.brussels/citoyen/politique-regionale/plans-strategiques-regionaux/renolution-une-strategie-pour-renover-le-bati-bruxellois,current regional renovation target,https://energy.ec.europa.eu/topics/energy-efficiency/energy-performance-buildings/national-building-renovation-plans_en,National Building Renovation Plans page; no Brussels draft listed at verification date,https://document.environnement.brussels/opac_css/elecfile/Statistiques_certificatsPEB_residentiel_donnees_2024.pdf,https://episcope.eu/fileadmin/tabula/public/docs/scientific/BE_TABULA_ScientificReport_VITO.pdf,"independence/null assumption: P(state | region, archetype) = P(state | region)",official national pathway calibration with post-2025 extrapolation,https://climat.be/doc/climate-neutral-belgium-by-2050-report.pdf,Scenarios for a Climate Neutral Belgium by 2050; Appendix 1 Table 1; PDF and printed page 49; CORE-95 Behaviour and Technology residential renovation settings,The report specifies 2.8% per year and a 40% shallow 50% medium 10% deep distribution by 2025. The model applies these values from 2026 through 2050 to the fixed 2025 R1-R4 dwelling stock.
central,2025,2050,0.028,2.8,0.4,0.5,0.1,Brussels-Capital Region,BE_TABULA_19,"Apartment, enclosed",1991-2005,TABULA_advanced_A_proxy,TABULA_advanced_A_proxy,566042,11601.1959846,R1-R3 building-age profiles are applied to the matching dwelling totals; each resulting house-category dwelling retains its whole-house TABULA geometry; national absolute heat-demand and capacity results are conditional on this mapping,0.0155,0.01545,0.01555,179.818537762,179.238477963,180.398597561,0,0,0,0,179.818537762,179.818537762,0.000317677024,0.0155,0.0155,15849.176,6339.670400000001,7924.588,1584.9176,396229.39999999997,158491.76,237737.63999999996,0,0,specific_heat_loss_z_W_m2K_descending_current_state,0.25,0.15,0.25,1.6,1.6,2.5,112,0.349672182329,20,5.6,0.017483609117,47.355,1.876,0.491818181818,balanced_mechanical_HRV,0.8,True,average C+ / 100 kWh/m2.year,100,https://environnement.brussels/citoyen/politique-regionale/plans-strategiques-regionaux/renolution-une-strategie-pour-renover-le-bati-bruxellois,current regional renovation target,https://energy.ec.europa.eu/topics/energy-efficiency/energy-performance-buildings/national-building-renovation-plans_en,National Building Renovation Plans page; no Brussels draft listed at verification date,https://document.environnement.brussels/opac_css/elecfile/Statistiques_certificatsPEB_residentiel_donnees_2024.pdf,https://episcope.eu/fileadmin/tabula/public/docs/scientific/BE_TABULA_ScientificReport_VITO.pdf,"independence/null assumption: P(state | region, archetype) = P(state | region)",official national pathway calibration with post-2025 extrapolation,https://climat.be/doc/climate-neutral-belgium-by-2050-report.pdf,Scenarios for a Climate Neutral Belgium by 2050; Appendix 1 Table 1; PDF and printed page 49; CORE-95 Behaviour and Technology residential renovation settings,The report specifies 2.8% per year and a 40% shallow 50% medium 10% deep distribution by 2025. The model applies these values from 2026 through 2050 to the fixed 2025 R1-R4 dwelling stock.
central,2025,2050,0.028,2.8,0.4,0.5,0.1,Brussels-Capital Region,BE_TABULA_20,"Apartment, exposed",1991-2005,TABULA_existing,TABULA_existing,566042,11601.1959846,R1-R3 building-age profiles are applied to the matching dwelling totals; each resulting house-category dwelling retains its whole-house TABULA geometry; national absolute heat-demand and capacity results are conditional on this mapping,0.9283,0.9282,0.9284,10769.3902325,10768.2301129,10770.5503521,0,0,0,0,10769.3902325,10769.3902325,0.019025779417,0.0155,0.0155,15849.176,6339.670400000001,7924.588,1584.9176,396229.39999999997,158491.76,237737.63999999996,0,0,specific_heat_loss_z_W_m2K_descending_current_state,0.6,0.6,0.7,3.5,3.5,10,1907,5.95379331876,20,95.35,0.297689665938,192.08,31.94225,2.23798451548,existing_unspecified,,,average C+ / 100 kWh/m2.year,100,https://environnement.brussels/citoyen/politique-regionale/plans-strategiques-regionaux/renolution-une-strategie-pour-renover-le-bati-bruxellois,current regional renovation target,https://energy.ec.europa.eu/topics/energy-efficiency/energy-performance-buildings/national-building-renovation-plans_en,National Building Renovation Plans page; no Brussels draft listed at verification date,https://document.environnement.brussels/opac_css/elecfile/Statistiques_certificatsPEB_residentiel_donnees_2024.pdf,https://episcope.eu/fileadmin/tabula/public/docs/scientific/BE_TABULA_ScientificReport_VITO.pdf,"independence/null assumption: P(state | region, archetype) = P(state | region)",official national pathway calibration with post-2025 extrapolation,https://climat.be/doc/climate-neutral-belgium-by-2050-report.pdf,Scenarios for a Climate Neutral Belgium by 2050; Appendix 1 Table 1; PDF and printed page 49; CORE-95 Behaviour and Technology residential renovation settings,The report specifies 2.8% per year and a 40% shallow 50% medium 10% deep distribution by 2025. The model applies these values from 2026 through 2050 to the fixed 2025 R1-R4 dwelling stock.
central,2025,2050,0.028,2.8,0.4,0.5,0.1,Brussels-Capital Region,BE_TABULA_20,"Apartment, exposed",1991-2005,TABULA_standard_B_proxy,TABULA_standard_B_proxy,566042,11601.1959846,R1-R3 building-age profiles are applied to the matching dwelling totals; each resulting house-category dwelling retains its whole-house TABULA geometry; national absolute heat-demand and capacity results are conditional on this mapping,0.0562,0.05615,0.05625,651.987214337,651.407154537,652.567274136,0,0,0,0,651.987214337,651.987214337,0.001151835402,0.0155,0.0155,15849.176,6339.670400000001,7924.588,1584.9176,396229.39999999997,158491.76,237737.63999999996,0,0,specific_heat_loss_z_W_m2K_descending_current_state,0.4,0.3,0.4,2,2.9,6,1144.2,3.57227599126,20,57.21,0.178613799563,109.11,19.16535,1.28147202797,exhaust_air_ventilation,0,False,average C+ / 100 kWh/m2.year,100,https://environnement.brussels/citoyen/politique-regionale/plans-strategiques-regionaux/renolution-une-strategie-pour-renover-le-bati-bruxellois,current regional renovation target,https://energy.ec.europa.eu/topics/energy-efficiency/energy-performance-buildings/national-building-renovation-plans_en,National Building Renovation Plans page; no Brussels draft listed at verification date,https://document.environnement.brussels/opac_css/elecfile/Statistiques_certificatsPEB_residentiel_donnees_2024.pdf,https://episcope.eu/fileadmin/tabula/public/docs/scientific/BE_TABULA_ScientificReport_VITO.pdf,"independence/null assumption: P(state | region, archetype) = P(state | region)",official national pathway calibration with post-2025 extrapolation,https://climat.be/doc/climate-neutral-belgium-by-2050-report.pdf,Scenarios for a Climate Neutral Belgium by 2050; Appendix 1 Table 1; PDF and printed page 49; CORE-95 Behaviour and Technology residential renovation settings,The report specifies 2.8% per year and a 40% shallow 50% medium 10% deep distribution by 2025. The model applies these values from 2026 through 2050 to the fixed 2025 R1-R4 dwelling stock.
central,2025,2050,0.028,2.8,0.4,0.5,0.1,Brussels-Capital Region,BE_TABULA_20,"Apartment, exposed",1991-2005,TABULA_advanced_A_proxy,TABULA_advanced_A_proxy,566042,11601.1959846,R1-R3 building-age profiles are applied to the matching dwelling totals; each resulting house-category dwelling retains its whole-house TABULA geometry; national absolute heat-demand and capacity results are conditional on this mapping,0.0155,0.01545,0.01555,179.818537762,179.238477963,180.398597561,0,0,0,0,179.818537762,179.818537762,0.000317677024,0.0155,0.0155,15849.176,6339.670400000001,7924.588,1584.9176,396229.39999999997,158491.76,237737.63999999996,0,0,specific_heat_loss_z_W_m2K_descending_current_state,0.25,0.15,0.25,1.6,1.6,2.5,476.75,1.48844832969,20,23.8375,0.074422416485,73.82,7.9855625,0.817238386613,balanced_mechanical_HRV,0.8,True,average C+ / 100 kWh/m2.year,100,https://environnement.brussels/citoyen/politique-regionale/plans-strategiques-regionaux/renolution-une-strategie-pour-renover-le-bati-bruxellois,current regional renovation target,https://energy.ec.europa.eu/topics/energy-efficiency/energy-performance-buildings/national-building-renovation-plans_en,National Building Renovation Plans page; no Brussels draft listed at verification date,https://document.environnement.brussels/opac_css/elecfile/Statistiques_certificatsPEB_residentiel_donnees_2024.pdf,https://episcope.eu/fileadmin/tabula/public/docs/scientific/BE_TABULA_ScientificReport_VITO.pdf,"independence/null assumption: P(state | region, archetype) = P(state | region)",official national pathway calibration with post-2025 extrapolation,https://climat.be/doc/climate-neutral-belgium-by-2050-report.pdf,Scenarios for a Climate Neutral Belgium by 2050; Appendix 1 Table 1; PDF and printed page 49; CORE-95 Behaviour and Technology residential renovation settings,The report specifies 2.8% per year and a 40% shallow 50% medium 10% deep distribution by 2025. The model applies these values from 2026 through 2050 to the fixed 2025 R1-R4 dwelling stock.
central,2025,2050,0.028,2.8,0.4,0.5,0.1,Brussels-Capital Region,BE_TABULA_21,Detached house,post-2005,TABULA_existing,TABULA_existing,566042,317.415890411,R1-R3 building-age profiles are applied to the matching dwelling totals; each resulting house-category dwelling retains its whole-house TABULA geometry; national absolute heat-demand and capacity results are conditional on this mapping,0.9283,0.9282,0.9284,294.657171068,294.625429479,294.688912658,0,0,0,0,294.657171068,294.657171068,0.000520557081,0.0155,0.0155,15849.176,6339.670400000001,7924.588,1584.9176,396229.39999999997,158491.76,237737.63999999996,0,0,specific_heat_loss_z_W_m2K_descending_current_state,0.4,0.3,0.4,2,2.9,6.1,3403.19,4.59022120313,20,170.1595,0.229511060156,332.28,57.0034325,1.44392964577,existing_unspecified,,,average C+ / 100 kWh/m2.year,100,https://environnement.brussels/citoyen/politique-regionale/plans-strategiques-regionaux/renolution-une-strategie-pour-renover-le-bati-bruxellois,current regional renovation target,https://energy.ec.europa.eu/topics/energy-efficiency/energy-performance-buildings/national-building-renovation-plans_en,National Building Renovation Plans page; no Brussels draft listed at verification date,https://document.environnement.brussels/opac_css/elecfile/Statistiques_certificatsPEB_residentiel_donnees_2024.pdf,https://episcope.eu/fileadmin/tabula/public/docs/scientific/BE_TABULA_ScientificReport_VITO.pdf,"independence/null assumption: P(state | region, archetype) = P(state | region)",official national pathway calibration with post-2025 extrapolation,https://climat.be/doc/climate-neutral-belgium-by-2050-report.pdf,Scenarios for a Climate Neutral Belgium by 2050; Appendix 1 Table 1; PDF and printed page 49; CORE-95 Behaviour and Technology residential renovation settings,The report specifies 2.8% per year and a 40% shallow 50% medium 10% deep distribution by 2025. The model applies these values from 2026 through 2050 to the fixed 2025 R1-R4 dwelling stock.
central,2025,2050,0.028,2.8,0.4,0.5,0.1,Brussels-Capital Region,BE_TABULA_21,Detached house,post-2005,TABULA_standard_B_proxy,TABULA_standard_B_proxy,566042,317.415890411,R1-R3 building-age profiles are applied to the matching dwelling totals; each resulting house-category dwelling retains its whole-house TABULA geometry; national absolute heat-demand and capacity results are conditional on this mapping,0.0562,0.05615,0.05625,17.8387730411,17.8229022466,17.8546438356,0,0,0,0,17.8387730411,17.8387730411,0.000031514928,0.0155,0.0155,15849.176,6339.670400000001,7924.588,1584.9176,396229.39999999997,158491.76,237737.63999999996,0,0,specific_heat_loss_z_W_m2K_descending_current_state,0.4,0.3,0.4,2,2.9,6,3347.4,4.51497167521,20,167.37,0.22574858376,332.28,56.06895,1.44046346439,exhaust_air_ventilation,0,False,average C+ / 100 kWh/m2.year,100,https://environnement.brussels/citoyen/politique-regionale/plans-strategiques-regionaux/renolution-une-strategie-pour-renover-le-bati-bruxellois,current regional renovation target,https://energy.ec.europa.eu/topics/energy-efficiency/energy-performance-buildings/national-building-renovation-plans_en,National Building Renovation Plans page; no Brussels draft listed at verification date,https://document.environnement.brussels/opac_css/elecfile/Statistiques_certificatsPEB_residentiel_donnees_2024.pdf,https://episcope.eu/fileadmin/tabula/public/docs/scientific/BE_TABULA_ScientificReport_VITO.pdf,"independence/null assumption: P(state | region, archetype) = P(state | region)",official national pathway calibration with post-2025 extrapolation,https://climat.be/doc/climate-neutral-belgium-by-2050-report.pdf,Scenarios for a Climate Neutral Belgium by 2050; Appendix 1 Table 1; PDF and printed page 49; CORE-95 Behaviour and Technology residential renovation settings,The report specifies 2.8% per year and a 40% shallow 50% medium 10% deep distribution by 2025. The model applies these values from 2026 through 2050 to the fixed 2025 R1-R4 dwelling stock.
central,2025,2050,0.028,2.8,0.4,0.5,0.1,Brussels-Capital Region,BE_TABULA_21,Detached house,post-2005,TABULA_advanced_A_proxy,TABULA_advanced_A_proxy,566042,317.415890411,R1-R3 building-age profiles are applied to the matching dwelling totals; each resulting house-category dwelling retains its whole-house TABULA geometry; national absolute heat-demand and capacity results are conditional on this mapping,0.0155,0.01545,0.01555,4.91994630137,4.90407550685,4.93581709589,0,0,0,0,4.91994630137,4.91994630137,0.00000869184,0.0155,0.0155,15849.176,6339.670400000001,7924.588,1584.9176,396229.39999999997,158491.76,237737.63999999996,0,0,specific_heat_loss_z_W_m2K_descending_current_state,0.25,0.15,0.25,1.6,1.6,2.5,1394.75,1.881238198,20,69.7375,0.0940619099,221.96,23.3620625,0.909948303042,balanced_mechanical_HRV,0.8,True,average C+ / 100 kWh/m2.year,100,https://environnement.brussels/citoyen/politique-regionale/plans-strategiques-regionaux/renolution-une-strategie-pour-renover-le-bati-bruxellois,current regional renovation target,https://energy.ec.europa.eu/topics/energy-efficiency/energy-performance-buildings/national-building-renovation-plans_en,National Building Renovation Plans page; no Brussels draft listed at verification date,https://document.environnement.brussels/opac_css/elecfile/Statistiques_certificatsPEB_residentiel_donnees_2024.pdf,https://episcope.eu/fileadmin/tabula/public/docs/scientific/BE_TABULA_ScientificReport_VITO.pdf,"independence/null assumption: P(state | region, archetype) = P(state | region)",official national pathway calibration with post-2025 extrapolation,https://climat.be/doc/climate-neutral-belgium-by-2050-report.pdf,Scenarios for a Climate Neutral Belgium by 2050; Appendix 1 Table 1; PDF and printed page 49; CORE-95 Behaviour and Technology residential renovation settings,The report specifies 2.8% per year and a 40% shallow 50% medium 10% deep distribution by 2025. The model applies these values from 2026 through 2050 to the fixed 2025 R1-R4 dwelling stock.
central,2025,2050,0.028,2.8,0.4,0.5,0.1,Brussels-Capital Region,BE_TABULA_22,Semi-detached house,post-2005,TABULA_existing,TABULA_existing,566042,691.518044387,R1-R3 building-age profiles are applied to the matching dwelling totals; each resulting house-category dwelling retains its whole-house TABULA geometry; national absolute heat-demand and capacity results are conditional on this mapping,0.9283,0.9282,0.9284,641.936200605,641.8670488,642.005352409,0,0,0,0,641.936200605,641.936200605,0.001134078744,0.0155,0.0155,15849.176,6339.670400000001,7924.588,1584.9176,396229.39999999997,158491.76,237737.63999999996,0,0,specific_heat_loss_z_W_m2K_descending_current_state,0.4,0.3,0.4,2,2.9,6.3,2569.77,3.99839738603,20,128.4885,0.199919869301,250.43,43.0436475,1.25577084938,existing_unspecified,,,average C+ / 100 kWh/m2.year,100,https://environnement.brussels/citoyen/politique-regionale/plans-strategiques-regionaux/renolution-une-strategie-pour-renover-le-bati-bruxellois,current regional renovation target,https://energy.ec.europa.eu/topics/energy-efficiency/energy-performance-buildings/national-building-renovation-plans_en,National Building Renovation Plans page; no Brussels draft listed at verification date,https://document.environnement.brussels/opac_css/elecfile/Statistiques_certificatsPEB_residentiel_donnees_2024.pdf,https://episcope.eu/fileadmin/tabula/public/docs/scientific/BE_TABULA_ScientificReport_VITO.pdf,"independence/null assumption: P(state | region, archetype) = P(state | region)",official national pathway calibration with post-2025 extrapolation,https://climat.be/doc/climate-neutral-belgium-by-2050-report.pdf,Scenarios for a Climate Neutral Belgium by 2050; Appendix 1 Table 1; PDF and printed page 49; CORE-95 Behaviour and Technology residential renovation settings,The report specifies 2.8% per year and a 40% shallow 50% medium 10% deep distribution by 2025. The model applies these values from 2026 through 2050 to the fixed 2025 R1-R4 dwelling stock.
central,2025,2050,0.028,2.8,0.4,0.5,0.1,Brussels-Capital Region,BE_TABULA_22,Semi-detached house,post-2005,TABULA_standard_B_proxy,TABULA_standard_B_proxy,566042,691.518044387,R1-R3 building-age profiles are applied to the matching dwelling totals; each resulting house-category dwelling retains its whole-house TABULA geometry; national absolute heat-demand and capacity results are conditional on this mapping,0.0562,0.05615,0.05625,38.8633140946,38.8287381923,38.8978899968,0,0,0,0,38.8633140946,38.8633140946,0.000068658004,0.0155,0.0155,15849.176,6339.670400000001,7924.588,1584.9176,396229.39999999997,158491.76,237737.63999999996,0,0,specific_heat_loss_z_W_m2K_descending_current_state,0.4,0.3,0.4,2,2.9,6,2447.4,3.8079975105,20,122.37,0.190399875525,250.43,40.99395,1.24700021395,exhaust_air_ventilation,0,False,average C+ / 100 kWh/m2.year,100,https://environnement.brussels/citoyen/politique-regionale/plans-strategiques-regionaux/renolution-une-strategie-pour-renover-le-bati-bruxellois,current regional renovation target,https://energy.ec.europa.eu/topics/energy-efficiency/energy-performance-buildings/national-building-renovation-plans_en,National Building Renovation Plans page; no Brussels draft listed at verification date,https://document.environnement.brussels/opac_css/elecfile/Statistiques_certificatsPEB_residentiel_donnees_2024.pdf,https://episcope.eu/fileadmin/tabula/public/docs/scientific/BE_TABULA_ScientificReport_VITO.pdf,"independence/null assumption: P(state | region, archetype) = P(state | region)",official national pathway calibration with post-2025 extrapolation,https://climat.be/doc/climate-neutral-belgium-by-2050-report.pdf,Scenarios for a Climate Neutral Belgium by 2050; Appendix 1 Table 1; PDF and printed page 49; CORE-95 Behaviour and Technology residential renovation settings,The report specifies 2.8% per year and a 40% shallow 50% medium 10% deep distribution by 2025. The model applies these values from 2026 through 2050 to the fixed 2025 R1-R4 dwelling stock.
central,2025,2050,0.028,2.8,0.4,0.5,0.1,Brussels-Capital Region,BE_TABULA_22,Semi-detached house,post-2005,TABULA_advanced_A_proxy,TABULA_advanced_A_proxy,566042,691.518044387,R1-R3 building-age profiles are applied to the matching dwelling totals; each resulting house-category dwelling retains its whole-house TABULA geometry; national absolute heat-demand and capacity results are conditional on this mapping,0.0155,0.01545,0.01555,10.718529688,10.6839537858,10.7531055902,0,0,0,0,10.718529688,10.718529688,0.000018935926,0.0155,0.0155,15849.176,6339.670400000001,7924.588,1584.9176,396229.39999999997,158491.76,237737.63999999996,0,0,specific_heat_loss_z_W_m2K_descending_current_state,0.25,0.15,0.25,1.6,1.6,2.5,1019.75,1.58666562938,20,50.9875,0.079333281469,166.56,17.0808125,0.785797229354,balanced_mechanical_HRV,0.8,True,average C+ / 100 kWh/m2.year,100,https://environnement.brussels/citoyen/politique-regionale/plans-strategiques-regionaux/renolution-une-strategie-pour-renover-le-bati-bruxellois,current regional renovation target,https://energy.ec.europa.eu/topics/energy-efficiency/energy-performance-buildings/national-building-renovation-plans_en,National Building Renovation Plans page; no Brussels draft listed at verification date,https://document.environnement.brussels/opac_css/elecfile/Statistiques_certificatsPEB_residentiel_donnees_2024.pdf,https://episcope.eu/fileadmin/tabula/public/docs/scientific/BE_TABULA_ScientificReport_VITO.pdf,"independence/null assumption: P(state | region, archetype) = P(state | region)",official national pathway calibration with post-2025 extrapolation,https://climat.be/doc/climate-neutral-belgium-by-2050-report.pdf,Scenarios for a Climate Neutral Belgium by 2050; Appendix 1 Table 1; PDF and printed page 49; CORE-95 Behaviour and Technology residential renovation settings,The report specifies 2.8% per year and a 40% shallow 50% medium 10% deep distribution by 2025. The model applies these values from 2026 through 2050 to the fixed 2025 R1-R4 dwelling stock.
central,2025,2050,0.028,2.8,0.4,0.5,0.1,Brussels-Capital Region,BE_TABULA_23,Terraced house,post-2005,TABULA_existing,TABULA_existing,566042,2319.5930581,R1-R3 building-age profiles are applied to the matching dwelling totals; each resulting house-category dwelling retains its whole-house TABULA geometry; national absolute heat-demand and capacity results are conditional on this mapping,0.9283,0.9282,0.9284,2153.27823584,2153.04627653,2153.51019514,0,0,0,0,2153.27823584,2153.27823584,0.003804096226,0.0155,0.0155,15849.176,6339.670400000001,7924.588,1584.9176,396229.39999999997,158491.76,237737.63999999996,0,0,specific_heat_loss_z_W_m2K_descending_current_state,0.4,0.3,0.4,2,2.9,6,1606.2,2.92142597308,20,80.31,0.146071298654,181.76,26.90385,1.04384117059,existing_unspecified,,,average C+ / 100 kWh/m2.year,100,https://environnement.brussels/citoyen/politique-regionale/plans-strategiques-regionaux/renolution-une-strategie-pour-renover-le-bati-bruxellois,current regional renovation target,https://energy.ec.europa.eu/topics/energy-efficiency/energy-performance-buildings/national-building-renovation-plans_en,National Building Renovation Plans page; no Brussels draft listed at verification date,https://document.environnement.brussels/opac_css/elecfile/Statistiques_certificatsPEB_residentiel_donnees_2024.pdf,https://episcope.eu/fileadmin/tabula/public/docs/scientific/BE_TABULA_ScientificReport_VITO.pdf,"independence/null assumption: P(state | region, archetype) = P(state | region)",official national pathway calibration with post-2025 extrapolation,https://climat.be/doc/climate-neutral-belgium-by-2050-report.pdf,Scenarios for a Climate Neutral Belgium by 2050; Appendix 1 Table 1; PDF and printed page 49; CORE-95 Behaviour and Technology residential renovation settings,The report specifies 2.8% per year and a 40% shallow 50% medium 10% deep distribution by 2025. The model applies these values from 2026 through 2050 to the fixed 2025 R1-R4 dwelling stock.
central,2025,2050,0.028,2.8,0.4,0.5,0.1,Brussels-Capital Region,BE_TABULA_23,Terraced house,post-2005,TABULA_standard_B_proxy,TABULA_standard_B_proxy,566042,2319.5930581,R1-R3 building-age profiles are applied to the matching dwelling totals; each resulting house-category dwelling retains its whole-house TABULA geometry; national absolute heat-demand and capacity results are conditional on this mapping,0.0562,0.05615,0.05625,130.361129865,130.245150213,130.477109518,0,0,0,0,130.361129865,130.361129865,0.000230302928,0.0155,0.0155,15849.176,6339.670400000001,7924.588,1584.9176,396229.39999999997,158491.76,237737.63999999996,0,0,specific_heat_loss_z_W_m2K_descending_current_state,0.4,0.3,0.4,2,2.9,6,1606.2,2.92142597308,20,80.31,0.146071298654,181.76,26.90385,1.04384117059,exhaust_air_ventilation,0,False,average C+ / 100 kWh/m2.year,100,https://environnement.brussels/citoyen/politique-regionale/plans-strategiques-regionaux/renolution-une-strategie-pour-renover-le-bati-bruxellois,current regional renovation target,https://energy.ec.europa.eu/topics/energy-efficiency/energy-performance-buildings/national-building-renovation-plans_en,National Building Renovation Plans page; no Brussels draft listed at verification date,https://document.environnement.brussels/opac_css/elecfile/Statistiques_certificatsPEB_residentiel_donnees_2024.pdf,https://episcope.eu/fileadmin/tabula/public/docs/scientific/BE_TABULA_ScientificReport_VITO.pdf,"independence/null assumption: P(state | region, archetype) = P(state | region)",official national pathway calibration with post-2025 extrapolation,https://climat.be/doc/climate-neutral-belgium-by-2050-report.pdf,Scenarios for a Climate Neutral Belgium by 2050; Appendix 1 Table 1; PDF and printed page 49; CORE-95 Behaviour and Technology residential renovation settings,The report specifies 2.8% per year and a 40% shallow 50% medium 10% deep distribution by 2025. The model applies these values from 2026 through 2050 to the fixed 2025 R1-R4 dwelling stock.
central,2025,2050,0.028,2.8,0.4,0.5,0.1,Brussels-Capital Region,BE_TABULA_23,Terraced house,post-2005,TABULA_advanced_A_proxy,TABULA_advanced_A_proxy,566042,2319.5930581,R1-R3 building-age profiles are applied to the matching dwelling totals; each resulting house-category dwelling retains its whole-house TABULA geometry; national absolute heat-demand and capacity results are conditional on this mapping,0.0155,0.01545,0.01555,35.9536924006,35.8377127477,36.0696720535,0,0,0,0,35.9536924006,35.9536924006,0.000063517711,0.0155,0.0155,15849.176,6339.670400000001,7924.588,1584.9176,396229.39999999997,158491.76,237737.63999999996,0,0,specific_heat_loss_z_W_m2K_descending_current_state,0.25,0.15,0.25,1.6,1.6,2.5,669.25,1.21726082212,20,33.4625,0.060863041106,121.53,11.2099375,0.664031703352,balanced_mechanical_HRV,0.8,True,average C+ / 100 kWh/m2.year,100,https://environnement.brussels/citoyen/politique-regionale/plans-strategiques-regionaux/renolution-une-strategie-pour-renover-le-bati-bruxellois,current regional renovation target,https://energy.ec.europa.eu/topics/energy-efficiency/energy-performance-buildings/national-building-renovation-plans_en,National Building Renovation Plans page; no Brussels draft listed at verification date,https://document.environnement.brussels/opac_css/elecfile/Statistiques_certificatsPEB_residentiel_donnees_2024.pdf,https://episcope.eu/fileadmin/tabula/public/docs/scientific/BE_TABULA_ScientificReport_VITO.pdf,"independence/null assumption: P(state | region, archetype) = P(state | region)",official national pathway calibration with post-2025 extrapolation,https://climat.be/doc/climate-neutral-belgium-by-2050-report.pdf,Scenarios for a Climate Neutral Belgium by 2050; Appendix 1 Table 1; PDF and printed page 49; CORE-95 Behaviour and Technology residential renovation settings,The report specifies 2.8% per year and a 40% shallow 50% medium 10% deep distribution by 2025. The model applies these values from 2026 through 2050 to the fixed 2025 R1-R4 dwelling stock.
central,2025,2050,0.028,2.8,0.4,0.5,0.1,Brussels-Capital Region,BE_TABULA_24,"Apartment, enclosed",post-2005,TABULA_existing,TABULA_existing,566042,15189.7497805,R1-R3 building-age profiles are applied to the matching dwelling totals; each resulting house-category dwelling retains its whole-house TABULA geometry; national absolute heat-demand and capacity results are conditional on this mapping,0.9283,0.9282,0.9284,14100.6447212,14099.1257463,14102.1636962,0,0,0,0,14100.6447212,14100.6447212,0.024910951345,0.0155,0.0155,15849.176,6339.670400000001,7924.588,1584.9176,396229.39999999997,158491.76,237737.63999999996,0,0,specific_heat_loss_z_W_m2K_descending_current_state,0.4,0.3,0.4,2,2.9,6,268.8,0.83921323759,20,13.44,0.04196066188,60.76,4.5024,0.651972027972,existing_unspecified,,,average C+ / 100 kWh/m2.year,100,https://environnement.brussels/citoyen/politique-regionale/plans-strategiques-regionaux/renolution-une-strategie-pour-renover-le-bati-bruxellois,current regional renovation target,https://energy.ec.europa.eu/topics/energy-efficiency/energy-performance-buildings/national-building-renovation-plans_en,National Building Renovation Plans page; no Brussels draft listed at verification date,https://document.environnement.brussels/opac_css/elecfile/Statistiques_certificatsPEB_residentiel_donnees_2024.pdf,https://episcope.eu/fileadmin/tabula/public/docs/scientific/BE_TABULA_ScientificReport_VITO.pdf,"independence/null assumption: P(state | region, archetype) = P(state | region)",official national pathway calibration with post-2025 extrapolation,https://climat.be/doc/climate-neutral-belgium-by-2050-report.pdf,Scenarios for a Climate Neutral Belgium by 2050; Appendix 1 Table 1; PDF and printed page 49; CORE-95 Behaviour and Technology residential renovation settings,The report specifies 2.8% per year and a 40% shallow 50% medium 10% deep distribution by 2025. The model applies these values from 2026 through 2050 to the fixed 2025 R1-R4 dwelling stock.
central,2025,2050,0.028,2.8,0.4,0.5,0.1,Brussels-Capital Region,BE_TABULA_24,"Apartment, enclosed",post-2005,TABULA_standard_B_proxy,TABULA_standard_B_proxy,566042,15189.7497805,R1-R3 building-age profiles are applied to the matching dwelling totals; each resulting house-category dwelling retains its whole-house TABULA geometry; national absolute heat-demand and capacity results are conditional on this mapping,0.0562,0.05615,0.05625,853.663937665,852.904450176,854.423425154,0,0,0,0,853.663937665,853.663937665,0.001508128262,0.0155,0.0155,15849.176,6339.670400000001,7924.588,1584.9176,396229.39999999997,158491.76,237737.63999999996,0,0,specific_heat_loss_z_W_m2K_descending_current_state,0.4,0.3,0.4,2,2.9,6,268.8,0.83921323759,20,13.44,0.04196066188,60.76,4.5024,0.651972027972,exhaust_air_ventilation,0,False,average C+ / 100 kWh/m2.year,100,https://environnement.brussels/citoyen/politique-regionale/plans-strategiques-regionaux/renolution-une-strategie-pour-renover-le-bati-bruxellois,current regional renovation target,https://energy.ec.europa.eu/topics/energy-efficiency/energy-performance-buildings/national-building-renovation-plans_en,National Building Renovation Plans page; no Brussels draft listed at verification date,https://document.environnement.brussels/opac_css/elecfile/Statistiques_certificatsPEB_residentiel_donnees_2024.pdf,https://episcope.eu/fileadmin/tabula/public/docs/scientific/BE_TABULA_ScientificReport_VITO.pdf,"independence/null assumption: P(state | region, archetype) = P(state | region)",official national pathway calibration with post-2025 extrapolation,https://climat.be/doc/climate-neutral-belgium-by-2050-report.pdf,Scenarios for a Climate Neutral Belgium by 2050; Appendix 1 Table 1; PDF and printed page 49; CORE-95 Behaviour and Technology residential renovation settings,The report specifies 2.8% per year and a 40% shallow 50% medium 10% deep distribution by 2025. The model applies these values from 2026 through 2050 to the fixed 2025 R1-R4 dwelling stock.
central,2025,2050,0.028,2.8,0.4,0.5,0.1,Brussels-Capital Region,BE_TABULA_24,"Apartment, enclosed",post-2005,TABULA_advanced_A_proxy,TABULA_advanced_A_proxy,566042,15189.7497805,R1-R3 building-age profiles are applied to the matching dwelling totals; each resulting house-category dwelling retains its whole-house TABULA geometry; national absolute heat-demand and capacity results are conditional on this mapping,0.0155,0.01545,0.01555,235.441121598,234.681634109,236.200609087,0,0,0,0,235.441121598,235.441121598,0.000415942848,0.0155,0.0155,15849.176,6339.670400000001,7924.588,1584.9176,396229.39999999997,158491.76,237737.63999999996,0,0,specific_heat_loss_z_W_m2K_descending_current_state,0.25,0.15,0.25,1.6,1.6,2.5,112,0.349672182329,20,5.6,0.017483609117,47.355,1.876,0.491818181818,balanced_mechanical_HRV,0.8,True,average C+ / 100 kWh/m2.year,100,https://environnement.brussels/citoyen/politique-regionale/plans-strategiques-regionaux/renolution-une-strategie-pour-renover-le-bati-bruxellois,current regional renovation target,https://energy.ec.europa.eu/topics/energy-efficiency/energy-performance-buildings/national-building-renovation-plans_en,National Building Renovation Plans page; no Brussels draft listed at verification date,https://document.environnement.brussels/opac_css/elecfile/Statistiques_certificatsPEB_residentiel_donnees_2024.pdf,https://episcope.eu/fileadmin/tabula/public/docs/scientific/BE_TABULA_ScientificReport_VITO.pdf,"independence/null assumption: P(state | region, archetype) = P(state | region)",official national pathway calibration with post-2025 extrapolation,https://climat.be/doc/climate-neutral-belgium-by-2050-report.pdf,Scenarios for a Climate Neutral Belgium by 2050; Appendix 1 Table 1; PDF and printed page 49; CORE-95 Behaviour and Technology residential renovation settings,The report specifies 2.8% per year and a 40% shallow 50% medium 10% deep distribution by 2025. The model applies these values from 2026 through 2050 to the fixed 2025 R1-R4 dwelling stock.
central,2025,2050,0.028,2.8,0.4,0.5,0.1,Brussels-Capital Region,BE_TABULA_25,"Apartment, exposed",post-2005,TABULA_existing,TABULA_existing,566042,15189.7497805,R1-R3 building-age profiles are applied to the matching dwelling totals; each resulting house-category dwelling retains its whole-house TABULA geometry; national absolute heat-demand and capacity results are conditional on this mapping,0.9283,0.9282,0.9284,14100.6447212,14099.1257463,14102.1636962,0,0,0,0,14100.6447212,14100.6447212,0.024910951345,0.0155,0.0155,15849.176,6339.670400000001,7924.588,1584.9176,396229.39999999997,158491.76,237737.63999999996,0,0,specific_heat_loss_z_W_m2K_descending_current_state,0.4,0.3,0.4,2,2.9,6,1144.2,3.57227599126,20,57.21,0.178613799563,109.11,19.16535,1.28147202797,existing_unspecified,,,average C+ / 100 kWh/m2.year,100,https://environnement.brussels/citoyen/politique-regionale/plans-strategiques-regionaux/renolution-une-strategie-pour-renover-le-bati-bruxellois,current regional renovation target,https://energy.ec.europa.eu/topics/energy-efficiency/energy-performance-buildings/national-building-renovation-plans_en,National Building Renovation Plans page; no Brussels draft listed at verification date,https://document.environnement.brussels/opac_css/elecfile/Statistiques_certificatsPEB_residentiel_donnees_2024.pdf,https://episcope.eu/fileadmin/tabula/public/docs/scientific/BE_TABULA_ScientificReport_VITO.pdf,"independence/null assumption: P(state | region, archetype) = P(state | region)",official national pathway calibration with post-2025 extrapolation,https://climat.be/doc/climate-neutral-belgium-by-2050-report.pdf,Scenarios for a Climate Neutral Belgium by 2050; Appendix 1 Table 1; PDF and printed page 49; CORE-95 Behaviour and Technology residential renovation settings,The report specifies 2.8% per year and a 40% shallow 50% medium 10% deep distribution by 2025. The model applies these values from 2026 through 2050 to the fixed 2025 R1-R4 dwelling stock.
central,2025,2050,0.028,2.8,0.4,0.5,0.1,Brussels-Capital Region,BE_TABULA_25,"Apartment, exposed",post-2005,TABULA_standard_B_proxy,TABULA_standard_B_proxy,566042,15189.7497805,R1-R3 building-age profiles are applied to the matching dwelling totals; each resulting house-category dwelling retains its whole-house TABULA geometry; national absolute heat-demand and capacity results are conditional on this mapping,0.0562,0.05615,0.05625,853.663937665,852.904450176,854.423425154,0,0,0,0,853.663937665,853.663937665,0.001508128262,0.0155,0.0155,15849.176,6339.670400000001,7924.588,1584.9176,396229.39999999997,158491.76,237737.63999999996,0,0,specific_heat_loss_z_W_m2K_descending_current_state,0.4,0.3,0.4,2,2.9,6,1144.2,3.57227599126,20,57.21,0.178613799563,109.11,19.16535,1.28147202797,exhaust_air_ventilation,0,False,average C+ / 100 kWh/m2.year,100,https://environnement.brussels/citoyen/politique-regionale/plans-strategiques-regionaux/renolution-une-strategie-pour-renover-le-bati-bruxellois,current regional renovation target,https://energy.ec.europa.eu/topics/energy-efficiency/energy-performance-buildings/national-building-renovation-plans_en,National Building Renovation Plans page; no Brussels draft listed at verification date,https://document.environnement.brussels/opac_css/elecfile/Statistiques_certificatsPEB_residentiel_donnees_2024.pdf,https://episcope.eu/fileadmin/tabula/public/docs/scientific/BE_TABULA_ScientificReport_VITO.pdf,"independence/null assumption: P(state | region, archetype) = P(state | region)",official national pathway calibration with post-2025 extrapolation,https://climat.be/doc/climate-neutral-belgium-by-2050-report.pdf,Scenarios for a Climate Neutral Belgium by 2050; Appendix 1 Table 1; PDF and printed page 49; CORE-95 Behaviour and Technology residential renovation settings,The report specifies 2.8% per year and a 40% shallow 50% medium 10% deep distribution by 2025. The model applies these values from 2026 through 2050 to the fixed 2025 R1-R4 dwelling stock.
central,2025,2050,0.028,2.8,0.4,0.5,0.1,Brussels-Capital Region,BE_TABULA_25,"Apartment, exposed",post-2005,TABULA_advanced_A_proxy,TABULA_advanced_A_proxy,566042,15189.7497805,R1-R3 building-age profiles are applied to the matching dwelling totals; each resulting house-category dwelling retains its whole-house TABULA geometry; national absolute heat-demand and capacity results are conditional on this mapping,0.0155,0.01545,0.01555,235.441121598,234.681634109,236.200609087,0,0,0,0,235.441121598,235.441121598,0.000415942848,0.0155,0.0155,15849.176,6339.670400000001,7924.588,1584.9176,396229.39999999997,158491.76,237737.63999999996,0,0,specific_heat_loss_z_W_m2K_descending_current_state,0.25,0.15,0.25,1.6,1.6,2.5,476.75,1.48844832969,20,23.8375,0.074422416485,73.82,7.9855625,0.817238386613,balanced_mechanical_HRV,0.8,True,average C+ / 100 kWh/m2.year,100,https://environnement.brussels/citoyen/politique-regionale/plans-strategiques-regionaux/renolution-une-strategie-pour-renover-le-bati-bruxellois,current regional renovation target,https://energy.ec.europa.eu/topics/energy-efficiency/energy-performance-buildings/national-building-renovation-plans_en,National Building Renovation Plans page; no Brussels draft listed at verification date,https://document.environnement.brussels/opac_css/elecfile/Statistiques_certificatsPEB_residentiel_donnees_2024.pdf,https://episcope.eu/fileadmin/tabula/public/docs/scientific/BE_TABULA_ScientificReport_VITO.pdf,"independence/null assumption: P(state | region, archetype) = P(state | region)",official national pathway calibration with post-2025 extrapolation,https://climat.be/doc/climate-neutral-belgium-by-2050-report.pdf,Scenarios for a Climate Neutral Belgium by 2050; Appendix 1 Table 1; PDF and printed page 49; CORE-95 Behaviour and Technology residential renovation settings,The report specifies 2.8% per year and a 40% shallow 50% medium 10% deep distribution by 2025. The model applies these values from 2026 through 2050 to the fixed 2025 R1-R4 dwelling stock.
