region,archetype_id,dwelling_type,construction_period,TABULA_type_number,regional_modelled_stock_dwellings,regional_archetype_share_within_region,regional_share_within_belgium,regional_number_of_dwellings,dwelling_type_share_source,construction_period_share_source,stock_geometry_mapping_assumption,source_profile_measure,source_profile_value,source_profile_share_within_type,joint_distribution_method_detail,regionalisation_method,apartment_position_split_assumption,excluded_residual_R5_R6_dwellings,excluded_residual_R5_R6_share,floor_surface_area_m2,protected_volume_m3,total_building_envelope_area_m2,roof_area_m2,exterior_wall_area_m2,exterior_wall_bordering_unheated_neighboring_spaces_m2,floor_on_soil_m2,floor_bordering_unheated_neighboring_spaces_m2,doors_area_m2,windows_north_m2,windows_east_m2,windows_south_m2,windows_west_m2,windows_total_m2,state_id,regional_state_share,regional_state_percent,regional_state_share_lower,regional_state_share_upper,regional_state_percent_lower,regional_state_percent_upper,rounding_half_width_pp,share_value_role,interval_method,regional_evidence_anchor,reference_date,evidence_population,evidence_limitation,tabula_stage,physical_parameter_mode,ventilation_system,hrv_eta,summer_bypass,applicability_note,baseline_year,regional_state_dwellings_2025,regional_state_dwellings_2025_lower,regional_state_dwellings_2025_upper,state_allocation_assumption,state_allocation_evidence_status,eligible_for_standard_transition,eligible_for_advanced_transition,transition_eligibility_basis,U_facade_W_m2K,U_roof_W_m2K,U_floor_W_m2K,U_window_W_m2K,U_door_W_m2K,v50_m3_h_m2,state_evidence_source_url,state_evidence_source_locator,state_evidence_accessed_on,state_physical_source_url,state_physical_source_locator,state_physical_accessed_on,q50_m3_h,n50_h_1,infiltration_n_factor,infiltration_airflow_normal_m3_h,infiltration_ach_normal_h_1,transmission_heat_loss_H_tr_W_K,infiltration_heat_loss_H_inf_W_K,specific_heat_loss_z_W_m2K
Flemish Region,BE_TABULA_01,Detached house,pre-1946,1,3244134,0.0331801639051,0.0194389405559,107640.89785,Statbel 2025 regional T8 dwelling counts by R1-R4 type; R5/R6 retained as an excluded residual; R4 split equally between apartment archetypes,Statbel 2025 cadastral T3.* building counts jointly classified by R1-R3 building type and construction period,R1-R3 building-age profiles are applied to the matching dwelling totals; each resulting house-category dwelling retains its whole-house TABULA geometry; national absolute heat-demand and capacity results are conditional on this mapping,2025 cadastral buildings,106881,0.11687140111,Known-period T3.* building counts are rebinned to TABULA periods; the 1982-1991 and 2002-2011 source bins are allocated uniformly across years at the 1990 and 2005 TABULA cut-offs. The resulting age profile is scaled to the region/type 2025 T8 dwelling total.,official_Statbel_type_by_age_profiles_scaled_to_2025_type_totals,,162267,0.0476359066358,279,766,599.2,158.4,228.9,26.9,87.3,47,9.5,10.8,9.3,12.2,8.9,41.2,TABULA_existing,0.69,69,0.68,0.7,68,70,1,derived_residual,Existing=1-B-A; lower=1-B_upper-A_upper; upper=1-B_lower-A_lower,residual below EPC B,2024-01-01,Flemish houses and apartments in the weighted EPC label distribution,The weighted regional label distribution is referenced to 1 January 2024; EPC labels include standardised system and energy-performance effects; the whole-percentage A and B shares each have a 0.5 percentage-point rounding interval.,Existing State,age_and_type_specific,existing_unspecified,,,Physical parameters are read from each base archetype row.,2025,74272.2195165,73195.810538,75348.628495,"independence/null assumption: P(state | region, archetype) = P(state | region)",regional marginal calibrated; archetype-state joint distribution unavailable,True,True,VITO EPB2010 standard measures apply through 1991-2005; post-2005 existing cells retain the complete standard calibration state and remain eligible for advanced renovation,2.2,1.7,0.85,5,4,18,https://publicaties.vlaanderen.be/view-file/70827,Flemish Housing and Energy Policy Note 2024-2029 PDF page 21 / printed page 20 and footnote 3,2026-07-27,https://episcope.eu/fileadmin/tabula/public/docs/scientific/BE_TABULA_ScientificReport_VITO.pdf,Tables 9 and 10 on printed pages 45-48 / PDF pages 56-59; Table 19 on printed pages 85-86 / PDF pages 96-97,2026-07-27,10785.6,14.0804177546,20,539.28,0.704020887728,1190.195,180.6588,4.91345448029
Flemish Region,BE_TABULA_01,Detached house,pre-1946,1,3244134,0.0331801639051,0.0194389405559,107640.89785,Statbel 2025 regional T8 dwelling counts by R1-R4 type; R5/R6 retained as an excluded residual; R4 split equally between apartment archetypes,Statbel 2025 cadastral T3.* building counts jointly classified by R1-R3 building type and construction period,R1-R3 building-age profiles are applied to the matching dwelling totals; each resulting house-category dwelling retains its whole-house TABULA geometry; national absolute heat-demand and capacity results are conditional on this mapping,2025 cadastral buildings,106881,0.11687140111,Known-period T3.* building counts are rebinned to TABULA periods; the 1982-1991 and 2002-2011 source bins are allocated uniformly across years at the 1990 and 2005 TABULA cut-offs. The resulting age profile is scaled to the region/type 2025 T8 dwelling total.,official_Statbel_type_by_age_profiles_scaled_to_2025_type_totals,,162267,0.0476359066358,279,766,599.2,158.4,228.9,26.9,87.3,47,9.5,10.8,9.3,12.2,8.9,41.2,TABULA_standard_B_proxy,0.22,22,0.215,0.225,21.5,22.5,0.5,reported_share,reported value plus or minus half the printed unit,EPC B,2024-01-01,Flemish houses and apartments in the weighted EPC label distribution,The weighted regional label distribution is referenced to 1 January 2024; EPC B supplies a calibration anchor for the TABULA standard physical proxy; the source reports whole percentages.,Standard Measures,fixed_TABULA_EPB2010_package,exhaust_air_ventilation,0,False,TABULA states that the EPB2010 upgrade measures are already achieved by the post-2005 class; the same physical values preserve a complete state matrix while post-2005 existing cells are ineligible for medium transitions.,2025,23680.997527,23142.7930378,24219.2020163,"independence/null assumption: P(state | region, archetype) = P(state | region)",regional marginal calibrated; archetype-state joint distribution unavailable,False,True,VITO EPB2010 standard measures apply through 1991-2005; post-2005 existing cells retain the complete standard calibration state and remain eligible for advanced renovation,0.4,0.3,0.4,2,2.9,6,https://publicaties.vlaanderen.be/view-file/70827,Flemish Housing and Energy Policy Note 2024-2029 PDF page 21 / printed page 20 and footnote 3,2026-07-27,https://episcope.eu/fileadmin/tabula/public/docs/scientific/BE_TABULA_ScientificReport_VITO.pdf,Section 4.2.3 on printed pages 44-46 / PDF pages 55-57; post-2005 applicability on printed page 54 / PDF page 65; service measures on printed pages 49-50 / PDF pages 60-61,2026-07-27,3595.2,4.69347258486,20,179.76,0.234673629243,313.51,60.2196,1.33953261649
Flemish Region,BE_TABULA_01,Detached house,pre-1946,1,3244134,0.0331801639051,0.0194389405559,107640.89785,Statbel 2025 regional T8 dwelling counts by R1-R4 type; R5/R6 retained as an excluded residual; R4 split equally between apartment archetypes,Statbel 2025 cadastral T3.* building counts jointly classified by R1-R3 building type and construction period,R1-R3 building-age profiles are applied to the matching dwelling totals; each resulting house-category dwelling retains its whole-house TABULA geometry; national absolute heat-demand and capacity results are conditional on this mapping,2025 cadastral buildings,106881,0.11687140111,Known-period T3.* building counts are rebinned to TABULA periods; the 1982-1991 and 2002-2011 source bins are allocated uniformly across years at the 1990 and 2005 TABULA cut-offs. The resulting age profile is scaled to the region/type 2025 T8 dwelling total.,official_Statbel_type_by_age_profiles_scaled_to_2025_type_totals,,162267,0.0476359066358,279,766,599.2,158.4,228.9,26.9,87.3,47,9.5,10.8,9.3,12.2,8.9,41.2,TABULA_advanced_A_proxy,0.09,9,0.085,0.095,8.5,9.5,0.5,reported_share,reported value plus or minus half the printed unit,EPC A target family including A+,2024-01-01,Flemish houses and apartments in the weighted EPC label distribution,The weighted regional label distribution is referenced to 1 January 2024; EPC A supplies a calibration anchor for the TABULA advanced physical proxy; the source reports whole percentages.,Advanced Measures,fixed_TABULA_low_energy_package,balanced_mechanical_HRV,0.8,True,TABULA applies the Low Energy package to every dwelling type.,2025,9687.6808065,9149.47631725,10225.8852958,"independence/null assumption: P(state | region, archetype) = P(state | region)",regional marginal calibrated; archetype-state joint distribution unavailable,False,False,VITO EPB2010 standard measures apply through 1991-2005; post-2005 existing cells retain the complete standard calibration state and remain eligible for advanced renovation,0.25,0.15,0.25,1.6,1.6,2.5,https://publicaties.vlaanderen.be/view-file/70827,Flemish Housing and Energy Policy Note 2024-2029 PDF page 21 / printed page 20 and footnote 3,2026-07-27,https://episcope.eu/fileadmin/tabula/public/docs/scientific/BE_TABULA_ScientificReport_VITO.pdf,Section 4.2.3 on printed pages 44-46 / PDF pages 55-57; service measures on printed pages 49-50 / PDF pages 60-61,2026-07-27,1498,1.95561357702,20,74.9,0.0977806788512,202.405,25.0915,0.815399641577
Flemish Region,BE_TABULA_02,Semi-detached house,pre-1946,2,3244134,0.0420478992905,0.0246341946094,136409.019717,Statbel 2025 regional T8 dwelling counts by R1-R4 type; R5/R6 retained as an excluded residual; R4 split equally between apartment archetypes,Statbel 2025 cadastral T3.* building counts jointly classified by R1-R3 building type and construction period,R1-R3 building-age profiles are applied to the matching dwelling totals; each resulting house-category dwelling retains its whole-house TABULA geometry; national absolute heat-demand and capacity results are conditional on this mapping,2025 cadastral buildings,135126,0.218795995395,Known-period T3.* building counts are rebinned to TABULA periods; the 1982-1991 and 2002-2011 source bins are allocated uniformly across years at the 1990 and 2005 TABULA cut-offs. The resulting age profile is scaled to the region/type 2025 T8 dwelling total.,official_Statbel_type_by_age_profiles_scaled_to_2025_type_totals,,162267,0.0476359066358,237,651.8,447.1,119.9,158.2,27.2,61.9,40.6,9.5,7.5,7.3,7.6,7.4,29.8,TABULA_existing,0.69,69,0.68,0.7,68,70,1,derived_residual,Existing=1-B-A; lower=1-B_upper-A_upper; upper=1-B_lower-A_lower,residual below EPC B,2024-01-01,Flemish houses and apartments in the weighted EPC label distribution,The weighted regional label distribution is referenced to 1 January 2024; EPC labels include standardised system and energy-performance effects; the whole-percentage A and B shares each have a 0.5 percentage-point rounding interval.,Existing State,age_and_type_specific,existing_unspecified,,,Physical parameters are read from each base archetype row.,2025,94122.2236047,92758.1334076,95486.3138019,"independence/null assumption: P(state | region, archetype) = P(state | region)",regional marginal calibrated; archetype-state joint distribution unavailable,True,True,VITO EPB2010 standard measures apply through 1991-2005; post-2005 existing cells retain the complete standard calibration state and remain eligible for advanced renovation,2.2,1.7,0.85,5,4,18,https://publicaties.vlaanderen.be/view-file/70827,Flemish Housing and Energy Policy Note 2024-2029 PDF page 21 / printed page 20 and footnote 3,2026-07-27,https://episcope.eu/fileadmin/tabula/public/docs/scientific/BE_TABULA_ScientificReport_VITO.pdf,Tables 9 and 10 on printed pages 45-48 / PDF pages 56-59; Table 19 on printed pages 85-86 / PDF pages 96-97,2026-07-27,8047.8,12.347038969,20,402.39,0.61735194845,885.835,134.80065,4.30647953586
Flemish Region,BE_TABULA_02,Semi-detached house,pre-1946,2,3244134,0.0420478992905,0.0246341946094,136409.019717,Statbel 2025 regional T8 dwelling counts by R1-R4 type; R5/R6 retained as an excluded residual; R4 split equally between apartment archetypes,Statbel 2025 cadastral T3.* building counts jointly classified by R1-R3 building type and construction period,R1-R3 building-age profiles are applied to the matching dwelling totals; each resulting house-category dwelling retains its whole-house TABULA geometry; national absolute heat-demand and capacity results are conditional on this mapping,2025 cadastral buildings,135126,0.218795995395,Known-period T3.* building counts are rebinned to TABULA periods; the 1982-1991 and 2002-2011 source bins are allocated uniformly across years at the 1990 and 2005 TABULA cut-offs. The resulting age profile is scaled to the region/type 2025 T8 dwelling total.,official_Statbel_type_by_age_profiles_scaled_to_2025_type_totals,,162267,0.0476359066358,237,651.8,447.1,119.9,158.2,27.2,61.9,40.6,9.5,7.5,7.3,7.6,7.4,29.8,TABULA_standard_B_proxy,0.22,22,0.215,0.225,21.5,22.5,0.5,reported_share,reported value plus or minus half the printed unit,EPC B,2024-01-01,Flemish houses and apartments in the weighted EPC label distribution,The weighted regional label distribution is referenced to 1 January 2024; EPC B supplies a calibration anchor for the TABULA standard physical proxy; the source reports whole percentages.,Standard Measures,fixed_TABULA_EPB2010_package,exhaust_air_ventilation,0,False,TABULA states that the EPB2010 upgrade measures are already achieved by the post-2005 class; the same physical values preserve a complete state matrix while post-2005 existing cells are ineligible for medium transitions.,2025,30009.9843377,29327.9392392,30692.0294363,"independence/null assumption: P(state | region, archetype) = P(state | region)",regional marginal calibrated; archetype-state joint distribution unavailable,False,True,VITO EPB2010 standard measures apply through 1991-2005; post-2005 existing cells retain the complete standard calibration state and remain eligible for advanced renovation,0.4,0.3,0.4,2,2.9,6,https://publicaties.vlaanderen.be/view-file/70827,Flemish Housing and Energy Policy Note 2024-2029 PDF page 21 / printed page 20 and footnote 3,2026-07-27,https://episcope.eu/fileadmin/tabula/public/docs/scientific/BE_TABULA_ScientificReport_VITO.pdf,Section 4.2.3 on printed pages 44-46 / PDF pages 55-57; post-2005 applicability on printed page 54 / PDF page 65; service measures on printed pages 49-50 / PDF pages 60-61,2026-07-27,2682.6,4.11567965634,20,134.13,0.205783982817,238.28,44.93355,1.19499388186
Flemish Region,BE_TABULA_02,Semi-detached house,pre-1946,2,3244134,0.0420478992905,0.0246341946094,136409.019717,Statbel 2025 regional T8 dwelling counts by R1-R4 type; R5/R6 retained as an excluded residual; R4 split equally between apartment archetypes,Statbel 2025 cadastral T3.* building counts jointly classified by R1-R3 building type and construction period,R1-R3 building-age profiles are applied to the matching dwelling totals; each resulting house-category dwelling retains its whole-house TABULA geometry; national absolute heat-demand and capacity results are conditional on this mapping,2025 cadastral buildings,135126,0.218795995395,Known-period T3.* building counts are rebinned to TABULA periods; the 1982-1991 and 2002-2011 source bins are allocated uniformly across years at the 1990 and 2005 TABULA cut-offs. The resulting age profile is scaled to the region/type 2025 T8 dwelling total.,official_Statbel_type_by_age_profiles_scaled_to_2025_type_totals,,162267,0.0476359066358,237,651.8,447.1,119.9,158.2,27.2,61.9,40.6,9.5,7.5,7.3,7.6,7.4,29.8,TABULA_advanced_A_proxy,0.09,9,0.085,0.095,8.5,9.5,0.5,reported_share,reported value plus or minus half the printed unit,EPC A target family including A+,2024-01-01,Flemish houses and apartments in the weighted EPC label distribution,The weighted regional label distribution is referenced to 1 January 2024; EPC A supplies a calibration anchor for the TABULA advanced physical proxy; the source reports whole percentages.,Advanced Measures,fixed_TABULA_low_energy_package,balanced_mechanical_HRV,0.8,True,TABULA applies the Low Energy package to every dwelling type.,2025,12276.8117745,11594.7666759,12958.8568731,"independence/null assumption: P(state | region, archetype) = P(state | region)",regional marginal calibrated; archetype-state joint distribution unavailable,False,False,VITO EPB2010 standard measures apply through 1991-2005; post-2005 existing cells retain the complete standard calibration state and remain eligible for advanced renovation,0.25,0.15,0.25,1.6,1.6,2.5,https://publicaties.vlaanderen.be/view-file/70827,Flemish Housing and Energy Policy Note 2024-2029 PDF page 21 / printed page 20 and footnote 3,2026-07-27,https://episcope.eu/fileadmin/tabula/public/docs/scientific/BE_TABULA_ScientificReport_VITO.pdf,Section 4.2.3 on printed pages 44-46 / PDF pages 55-57; service measures on printed pages 49-50 / PDF pages 60-61,2026-07-27,1117.75,1.71486652347,20,55.8875,0.0857433261737,152.84,18.7223125,0.723891613924
Flemish Region,BE_TABULA_03,Terraced house,pre-1946,3,3244134,0.114108917442,0.0668518838366,370184.618778,Statbel 2025 regional T8 dwelling counts by R1-R4 type; R5/R6 retained as an excluded residual; R4 split equally between apartment archetypes,Statbel 2025 cadastral T3.* building counts jointly classified by R1-R3 building type and construction period,R1-R3 building-age profiles are applied to the matching dwelling totals; each resulting house-category dwelling retains its whole-house TABULA geometry; national absolute heat-demand and capacity results are conditional on this mapping,2025 cadastral buildings,348494,0.529556122519,Known-period T3.* building counts are rebinned to TABULA periods; the 1982-1991 and 2002-2011 source bins are allocated uniformly across years at the 1990 and 2005 TABULA cut-offs. The resulting age profile is scaled to the region/type 2025 T8 dwelling total.,official_Statbel_type_by_age_profiles_scaled_to_2025_type_totals,,162267,0.0476359066358,225.9,621.3,323,90,92,24.3,41.4,34.3,9.5,8.4,7.9,8.1,7.1,31.5,TABULA_existing,0.69,69,0.68,0.7,68,70,1,derived_residual,Existing=1-B-A; lower=1-B_upper-A_upper; upper=1-B_lower-A_lower,residual below EPC B,2024-01-01,Flemish houses and apartments in the weighted EPC label distribution,The weighted regional label distribution is referenced to 1 January 2024; EPC labels include standardised system and energy-performance effects; the whole-percentage A and B shares each have a 0.5 percentage-point rounding interval.,Existing State,age_and_type_specific,existing_unspecified,,,Physical parameters are read from each base archetype row.,2025,255427.386957,251725.540769,259129.233145,"independence/null assumption: P(state | region, archetype) = P(state | region)",regional marginal calibrated; archetype-state joint distribution unavailable,True,True,VITO EPB2010 standard measures apply through 1991-2005; post-2005 existing cells retain the complete standard calibration state and remain eligible for advanced renovation,2.2,1.7,0.85,5,4,14.9,https://publicaties.vlaanderen.be/view-file/70827,Flemish Housing and Energy Policy Note 2024-2029 PDF page 21 / printed page 20 and footnote 3,2026-07-27,https://episcope.eu/fileadmin/tabula/public/docs/scientific/BE_TABULA_ScientificReport_VITO.pdf,Tables 9 and 10 on printed pages 45-48 / PDF pages 56-59; Table 19 on printed pages 85-86 / PDF pages 96-97,2026-07-27,4812.7,7.74617737003,20,240.635,0.387308868502,668.705,80.612725,3.31703286853
Flemish Region,BE_TABULA_03,Terraced house,pre-1946,3,3244134,0.114108917442,0.0668518838366,370184.618778,Statbel 2025 regional T8 dwelling counts by R1-R4 type; R5/R6 retained as an excluded residual; R4 split equally between apartment archetypes,Statbel 2025 cadastral T3.* building counts jointly classified by R1-R3 building type and construction period,R1-R3 building-age profiles are applied to the matching dwelling totals; each resulting house-category dwelling retains its whole-house TABULA geometry; national absolute heat-demand and capacity results are conditional on this mapping,2025 cadastral buildings,348494,0.529556122519,Known-period T3.* building counts are rebinned to TABULA periods; the 1982-1991 and 2002-2011 source bins are allocated uniformly across years at the 1990 and 2005 TABULA cut-offs. The resulting age profile is scaled to the region/type 2025 T8 dwelling total.,official_Statbel_type_by_age_profiles_scaled_to_2025_type_totals,,162267,0.0476359066358,225.9,621.3,323,90,92,24.3,41.4,34.3,9.5,8.4,7.9,8.1,7.1,31.5,TABULA_standard_B_proxy,0.22,22,0.215,0.225,21.5,22.5,0.5,reported_share,reported value plus or minus half the printed unit,EPC B,2024-01-01,Flemish houses and apartments in the weighted EPC label distribution,The weighted regional label distribution is referenced to 1 January 2024; EPC B supplies a calibration anchor for the TABULA standard physical proxy; the source reports whole percentages.,Standard Measures,fixed_TABULA_EPB2010_package,exhaust_air_ventilation,0,False,TABULA states that the EPB2010 upgrade measures are already achieved by the post-2005 class; the same physical values preserve a complete state matrix while post-2005 existing cells are ineligible for medium transitions.,2025,81440.6161312,79589.6930373,83291.5392251,"independence/null assumption: P(state | region, archetype) = P(state | region)",regional marginal calibrated; archetype-state joint distribution unavailable,False,True,VITO EPB2010 standard measures apply through 1991-2005; post-2005 existing cells retain the complete standard calibration state and remain eligible for advanced renovation,0.4,0.3,0.4,2,2.9,6,https://publicaties.vlaanderen.be/view-file/70827,Flemish Housing and Energy Policy Note 2024-2029 PDF page 21 / printed page 20 and footnote 3,2026-07-27,https://episcope.eu/fileadmin/tabula/public/docs/scientific/BE_TABULA_ScientificReport_VITO.pdf,Section 4.2.3 on printed pages 44-46 / PDF pages 55-57; post-2005 applicability on printed page 54 / PDF page 65; service measures on printed pages 49-50 / PDF pages 60-61,2026-07-27,1938,3.11926605505,20,96.9,0.155963302752,194.35,32.4615,1.00403497123
Flemish Region,BE_TABULA_03,Terraced house,pre-1946,3,3244134,0.114108917442,0.0668518838366,370184.618778,Statbel 2025 regional T8 dwelling counts by R1-R4 type; R5/R6 retained as an excluded residual; R4 split equally between apartment archetypes,Statbel 2025 cadastral T3.* building counts jointly classified by R1-R3 building type and construction period,R1-R3 building-age profiles are applied to the matching dwelling totals; each resulting house-category dwelling retains its whole-house TABULA geometry; national absolute heat-demand and capacity results are conditional on this mapping,2025 cadastral buildings,348494,0.529556122519,Known-period T3.* building counts are rebinned to TABULA periods; the 1982-1991 and 2002-2011 source bins are allocated uniformly across years at the 1990 and 2005 TABULA cut-offs. The resulting age profile is scaled to the region/type 2025 T8 dwelling total.,official_Statbel_type_by_age_profiles_scaled_to_2025_type_totals,,162267,0.0476359066358,225.9,621.3,323,90,92,24.3,41.4,34.3,9.5,8.4,7.9,8.1,7.1,31.5,TABULA_advanced_A_proxy,0.09,9,0.085,0.095,8.5,9.5,0.5,reported_share,reported value plus or minus half the printed unit,EPC A target family including A+,2024-01-01,Flemish houses and apartments in the weighted EPC label distribution,The weighted regional label distribution is referenced to 1 January 2024; EPC A supplies a calibration anchor for the TABULA advanced physical proxy; the source reports whole percentages.,Advanced Measures,fixed_TABULA_low_energy_package,balanced_mechanical_HRV,0.8,True,TABULA applies the Low Energy package to every dwelling type.,2025,33316.6156901,31465.6925962,35167.5387839,"independence/null assumption: P(state | region, archetype) = P(state | region)",regional marginal calibrated; archetype-state joint distribution unavailable,False,False,VITO EPB2010 standard measures apply through 1991-2005; post-2005 existing cells retain the complete standard calibration state and remain eligible for advanced renovation,0.25,0.15,0.25,1.6,1.6,2.5,https://publicaties.vlaanderen.be/view-file/70827,Flemish Housing and Energy Policy Note 2024-2029 PDF page 21 / printed page 20 and footnote 3,2026-07-27,https://episcope.eu/fileadmin/tabula/public/docs/scientific/BE_TABULA_ScientificReport_VITO.pdf,Section 4.2.3 on printed pages 44-46 / PDF pages 55-57; service measures on printed pages 49-50 / PDF pages 60-61,2026-07-27,807.5,1.2996941896,20,40.375,0.0649847094801,127.1,13.525625,0.62251272687
Flemish Region,BE_TABULA_04,"Apartment, enclosed",pre-1946,4,3244134,0.0240501622584,0.0140900351137,78021.9490881,Statbel 2025 regional T8 dwelling counts by R1-R4 type; R5/R6 retained as an excluded residual; R4 split equally between apartment archetypes,"Statbel Census 2021 HC37 conventional dwellings in residential buildings with 2 or 3+ dwellings, jointly classified by building size and construction period",R1-R3 building-age profiles are applied to the matching dwelling totals; each resulting house-category dwelling retains its whole-house TABULA geometry; national absolute heat-demand and capacity results are conditional on this mapping,2021 conventional dwellings in RES2+RES3+,85002.5,0.155948146015,"Occupied and unoccupied HC37 conventional dwellings in RES2 and RES3+ are summed, unknown construction periods are excluded, and the exact HC37 2001-2005/2006-2010 split is retained. The resulting age profile is scaled to the regional 2025 T8 R4 dwelling total and then split 50/50 by apartment position.",official_Statbel_type_by_age_profiles_scaled_to_2025_type_totals,"Statbel R4 apartment dwellings are split 50/50 between Apartment, enclosed and Apartment, exposed because apartment position is not identified.",162267,0.0476359066358,100.1,320.3,44.8,0,17.9,0,0,0,0,13.4,0,13.4,0,26.8,TABULA_existing,0.69,69,0.68,0.7,68,70,1,derived_residual,Existing=1-B-A; lower=1-B_upper-A_upper; upper=1-B_lower-A_lower,residual below EPC B,2024-01-01,Flemish houses and apartments in the weighted EPC label distribution,The weighted regional label distribution is referenced to 1 January 2024; EPC labels include standardised system and energy-performance effects; the whole-percentage A and B shares each have a 0.5 percentage-point rounding interval.,Existing State,age_and_type_specific,existing_unspecified,,,Physical parameters are read from each base archetype row.,2025,53835.1448708,53054.9253799,54615.3643617,"independence/null assumption: P(state | region, archetype) = P(state | region)",regional marginal calibrated; archetype-state joint distribution unavailable,True,True,VITO EPB2010 standard measures apply through 1991-2005; post-2005 existing cells retain the complete standard calibration state and remain eligible for advanced renovation,2.2,1.7,0.85,5,4,14.9,https://publicaties.vlaanderen.be/view-file/70827,Flemish Housing and Energy Policy Note 2024-2029 PDF page 21 / printed page 20 and footnote 3,2026-07-27,https://episcope.eu/fileadmin/tabula/public/docs/scientific/BE_TABULA_ScientificReport_VITO.pdf,Tables 9 and 10 on printed pages 45-48 / PDF pages 56-59; Table 19 on printed pages 85-86 / PDF pages 96-97,2026-07-27,667.52,2.08404620668,20,33.376,0.104202310334,173.38,11.18096,1.84376583417
Flemish Region,BE_TABULA_04,"Apartment, enclosed",pre-1946,4,3244134,0.0240501622584,0.0140900351137,78021.9490881,Statbel 2025 regional T8 dwelling counts by R1-R4 type; R5/R6 retained as an excluded residual; R4 split equally between apartment archetypes,"Statbel Census 2021 HC37 conventional dwellings in residential buildings with 2 or 3+ dwellings, jointly classified by building size and construction period",R1-R3 building-age profiles are applied to the matching dwelling totals; each resulting house-category dwelling retains its whole-house TABULA geometry; national absolute heat-demand and capacity results are conditional on this mapping,2021 conventional dwellings in RES2+RES3+,85002.5,0.155948146015,"Occupied and unoccupied HC37 conventional dwellings in RES2 and RES3+ are summed, unknown construction periods are excluded, and the exact HC37 2001-2005/2006-2010 split is retained. The resulting age profile is scaled to the regional 2025 T8 R4 dwelling total and then split 50/50 by apartment position.",official_Statbel_type_by_age_profiles_scaled_to_2025_type_totals,"Statbel R4 apartment dwellings are split 50/50 between Apartment, enclosed and Apartment, exposed because apartment position is not identified.",162267,0.0476359066358,100.1,320.3,44.8,0,17.9,0,0,0,0,13.4,0,13.4,0,26.8,TABULA_standard_B_proxy,0.22,22,0.215,0.225,21.5,22.5,0.5,reported_share,reported value plus or minus half the printed unit,EPC B,2024-01-01,Flemish houses and apartments in the weighted EPC label distribution,The weighted regional label distribution is referenced to 1 January 2024; EPC B supplies a calibration anchor for the TABULA standard physical proxy; the source reports whole percentages.,Standard Measures,fixed_TABULA_EPB2010_package,exhaust_air_ventilation,0,False,TABULA states that the EPB2010 upgrade measures are already achieved by the post-2005 class; the same physical values preserve a complete state matrix while post-2005 existing cells are ineligible for medium transitions.,2025,17164.8287994,16774.7190539,17554.9385448,"independence/null assumption: P(state | region, archetype) = P(state | region)",regional marginal calibrated; archetype-state joint distribution unavailable,False,True,VITO EPB2010 standard measures apply through 1991-2005; post-2005 existing cells retain the complete standard calibration state and remain eligible for advanced renovation,0.4,0.3,0.4,2,2.9,6,https://publicaties.vlaanderen.be/view-file/70827,Flemish Housing and Energy Policy Note 2024-2029 PDF page 21 / printed page 20 and footnote 3,2026-07-27,https://episcope.eu/fileadmin/tabula/public/docs/scientific/BE_TABULA_ScientificReport_VITO.pdf,Section 4.2.3 on printed pages 44-46 / PDF pages 55-57; post-2005 applicability on printed page 54 / PDF page 65; service measures on printed pages 49-50 / PDF pages 60-61,2026-07-27,268.8,0.83921323759,20,13.44,0.0419606618795,60.76,4.5024,0.651972027972
Flemish Region,BE_TABULA_04,"Apartment, enclosed",pre-1946,4,3244134,0.0240501622584,0.0140900351137,78021.9490881,Statbel 2025 regional T8 dwelling counts by R1-R4 type; R5/R6 retained as an excluded residual; R4 split equally between apartment archetypes,"Statbel Census 2021 HC37 conventional dwellings in residential buildings with 2 or 3+ dwellings, jointly classified by building size and construction period",R1-R3 building-age profiles are applied to the matching dwelling totals; each resulting house-category dwelling retains its whole-house TABULA geometry; national absolute heat-demand and capacity results are conditional on this mapping,2021 conventional dwellings in RES2+RES3+,85002.5,0.155948146015,"Occupied and unoccupied HC37 conventional dwellings in RES2 and RES3+ are summed, unknown construction periods are excluded, and the exact HC37 2001-2005/2006-2010 split is retained. The resulting age profile is scaled to the regional 2025 T8 R4 dwelling total and then split 50/50 by apartment position.",official_Statbel_type_by_age_profiles_scaled_to_2025_type_totals,"Statbel R4 apartment dwellings are split 50/50 between Apartment, enclosed and Apartment, exposed because apartment position is not identified.",162267,0.0476359066358,100.1,320.3,44.8,0,17.9,0,0,0,0,13.4,0,13.4,0,26.8,TABULA_advanced_A_proxy,0.09,9,0.085,0.095,8.5,9.5,0.5,reported_share,reported value plus or minus half the printed unit,EPC A target family including A+,2024-01-01,Flemish houses and apartments in the weighted EPC label distribution,The weighted regional label distribution is referenced to 1 January 2024; EPC A supplies a calibration anchor for the TABULA advanced physical proxy; the source reports whole percentages.,Advanced Measures,fixed_TABULA_low_energy_package,balanced_mechanical_HRV,0.8,True,TABULA applies the Low Energy package to every dwelling type.,2025,7021.97541793,6631.86567249,7412.08516337,"independence/null assumption: P(state | region, archetype) = P(state | region)",regional marginal calibrated; archetype-state joint distribution unavailable,False,False,VITO EPB2010 standard measures apply through 1991-2005; post-2005 existing cells retain the complete standard calibration state and remain eligible for advanced renovation,0.25,0.15,0.25,1.6,1.6,2.5,https://publicaties.vlaanderen.be/view-file/70827,Flemish Housing and Energy Policy Note 2024-2029 PDF page 21 / printed page 20 and footnote 3,2026-07-27,https://episcope.eu/fileadmin/tabula/public/docs/scientific/BE_TABULA_ScientificReport_VITO.pdf,Section 4.2.3 on printed pages 44-46 / PDF pages 55-57; service measures on printed pages 49-50 / PDF pages 60-61,2026-07-27,112,0.349672182329,20,5.6,0.0174836091165,47.355,1.876,0.491818181818
Flemish Region,BE_TABULA_05,"Apartment, exposed",pre-1946,5,3244134,0.0240501622584,0.0140900351137,78021.9490881,Statbel 2025 regional T8 dwelling counts by R1-R4 type; R5/R6 retained as an excluded residual; R4 split equally between apartment archetypes,"Statbel Census 2021 HC37 conventional dwellings in residential buildings with 2 or 3+ dwellings, jointly classified by building size and construction period",R1-R3 building-age profiles are applied to the matching dwelling totals; each resulting house-category dwelling retains its whole-house TABULA geometry; national absolute heat-demand and capacity results are conditional on this mapping,2021 conventional dwellings in RES2+RES3+,85002.5,0.155948146015,"Occupied and unoccupied HC37 conventional dwellings in RES2 and RES3+ are summed, unknown construction periods are excluded, and the exact HC37 2001-2005/2006-2010 split is retained. The resulting age profile is scaled to the regional 2025 T8 R4 dwelling total and then split 50/50 by apartment position.",official_Statbel_type_by_age_profiles_scaled_to_2025_type_totals,"Statbel R4 apartment dwellings are split 50/50 between Apartment, enclosed and Apartment, exposed because apartment position is not identified.",162267,0.0476359066358,100.1,320.3,190.7,100.1,63.7,0,0,0,0,13.4,0,13.4,0,26.8,TABULA_existing,0.69,69,0.68,0.7,68,70,1,derived_residual,Existing=1-B-A; lower=1-B_upper-A_upper; upper=1-B_lower-A_lower,residual below EPC B,2024-01-01,Flemish houses and apartments in the weighted EPC label distribution,The weighted regional label distribution is referenced to 1 January 2024; EPC labels include standardised system and energy-performance effects; the whole-percentage A and B shares each have a 0.5 percentage-point rounding interval.,Existing State,age_and_type_specific,existing_unspecified,,,Physical parameters are read from each base archetype row.,2025,53835.1448708,53054.9253799,54615.3643617,"independence/null assumption: P(state | region, archetype) = P(state | region)",regional marginal calibrated; archetype-state joint distribution unavailable,True,True,VITO EPB2010 standard measures apply through 1991-2005; post-2005 existing cells retain the complete standard calibration state and remain eligible for advanced renovation,2.2,1.7,0.85,5,4,14.9,https://publicaties.vlaanderen.be/view-file/70827,Flemish Housing and Energy Policy Note 2024-2029 PDF page 21 / printed page 20 and footnote 3,2026-07-27,https://episcope.eu/fileadmin/tabula/public/docs/scientific/BE_TABULA_ScientificReport_VITO.pdf,Tables 9 and 10 on printed pages 45-48 / PDF pages 56-59; Table 19 on printed pages 85-86 / PDF pages 96-97,2026-07-27,2841.43,8.87115204496,20,142.0715,0.443557602248,444.31,47.5939525,4.9141253996
Flemish Region,BE_TABULA_05,"Apartment, exposed",pre-1946,5,3244134,0.0240501622584,0.0140900351137,78021.9490881,Statbel 2025 regional T8 dwelling counts by R1-R4 type; R5/R6 retained as an excluded residual; R4 split equally between apartment archetypes,"Statbel Census 2021 HC37 conventional dwellings in residential buildings with 2 or 3+ dwellings, jointly classified by building size and construction period",R1-R3 building-age profiles are applied to the matching dwelling totals; each resulting house-category dwelling retains its whole-house TABULA geometry; national absolute heat-demand and capacity results are conditional on this mapping,2021 conventional dwellings in RES2+RES3+,85002.5,0.155948146015,"Occupied and unoccupied HC37 conventional dwellings in RES2 and RES3+ are summed, unknown construction periods are excluded, and the exact HC37 2001-2005/2006-2010 split is retained. The resulting age profile is scaled to the regional 2025 T8 R4 dwelling total and then split 50/50 by apartment position.",official_Statbel_type_by_age_profiles_scaled_to_2025_type_totals,"Statbel R4 apartment dwellings are split 50/50 between Apartment, enclosed and Apartment, exposed because apartment position is not identified.",162267,0.0476359066358,100.1,320.3,190.7,100.1,63.7,0,0,0,0,13.4,0,13.4,0,26.8,TABULA_standard_B_proxy,0.22,22,0.215,0.225,21.5,22.5,0.5,reported_share,reported value plus or minus half the printed unit,EPC B,2024-01-01,Flemish houses and apartments in the weighted EPC label distribution,The weighted regional label distribution is referenced to 1 January 2024; EPC B supplies a calibration anchor for the TABULA standard physical proxy; the source reports whole percentages.,Standard Measures,fixed_TABULA_EPB2010_package,exhaust_air_ventilation,0,False,TABULA states that the EPB2010 upgrade measures are already achieved by the post-2005 class; the same physical values preserve a complete state matrix while post-2005 existing cells are ineligible for medium transitions.,2025,17164.8287994,16774.7190539,17554.9385448,"independence/null assumption: P(state | region, archetype) = P(state | region)",regional marginal calibrated; archetype-state joint distribution unavailable,False,True,VITO EPB2010 standard measures apply through 1991-2005; post-2005 existing cells retain the complete standard calibration state and remain eligible for advanced renovation,0.4,0.3,0.4,2,2.9,6,https://publicaties.vlaanderen.be/view-file/70827,Flemish Housing and Energy Policy Note 2024-2029 PDF page 21 / printed page 20 and footnote 3,2026-07-27,https://episcope.eu/fileadmin/tabula/public/docs/scientific/BE_TABULA_ScientificReport_VITO.pdf,Section 4.2.3 on printed pages 44-46 / PDF pages 55-57; post-2005 applicability on printed page 54 / PDF page 65; service measures on printed pages 49-50 / PDF pages 60-61,2026-07-27,1144.2,3.57227599126,20,57.21,0.178613799563,109.11,19.16535,1.28147202797
Flemish Region,BE_TABULA_05,"Apartment, exposed",pre-1946,5,3244134,0.0240501622584,0.0140900351137,78021.9490881,Statbel 2025 regional T8 dwelling counts by R1-R4 type; R5/R6 retained as an excluded residual; R4 split equally between apartment archetypes,"Statbel Census 2021 HC37 conventional dwellings in residential buildings with 2 or 3+ dwellings, jointly classified by building size and construction period",R1-R3 building-age profiles are applied to the matching dwelling totals; each resulting house-category dwelling retains its whole-house TABULA geometry; national absolute heat-demand and capacity results are conditional on this mapping,2021 conventional dwellings in RES2+RES3+,85002.5,0.155948146015,"Occupied and unoccupied HC37 conventional dwellings in RES2 and RES3+ are summed, unknown construction periods are excluded, and the exact HC37 2001-2005/2006-2010 split is retained. The resulting age profile is scaled to the regional 2025 T8 R4 dwelling total and then split 50/50 by apartment position.",official_Statbel_type_by_age_profiles_scaled_to_2025_type_totals,"Statbel R4 apartment dwellings are split 50/50 between Apartment, enclosed and Apartment, exposed because apartment position is not identified.",162267,0.0476359066358,100.1,320.3,190.7,100.1,63.7,0,0,0,0,13.4,0,13.4,0,26.8,TABULA_advanced_A_proxy,0.09,9,0.085,0.095,8.5,9.5,0.5,reported_share,reported value plus or minus half the printed unit,EPC A target family including A+,2024-01-01,Flemish houses and apartments in the weighted EPC label distribution,The weighted regional label distribution is referenced to 1 January 2024; EPC A supplies a calibration anchor for the TABULA advanced physical proxy; the source reports whole percentages.,Advanced Measures,fixed_TABULA_low_energy_package,balanced_mechanical_HRV,0.8,True,TABULA applies the Low Energy package to every dwelling type.,2025,7021.97541793,6631.86567249,7412.08516337,"independence/null assumption: P(state | region, archetype) = P(state | region)",regional marginal calibrated; archetype-state joint distribution unavailable,False,False,VITO EPB2010 standard measures apply through 1991-2005; post-2005 existing cells retain the complete standard calibration state and remain eligible for advanced renovation,0.25,0.15,0.25,1.6,1.6,2.5,https://publicaties.vlaanderen.be/view-file/70827,Flemish Housing and Energy Policy Note 2024-2029 PDF page 21 / printed page 20 and footnote 3,2026-07-27,https://episcope.eu/fileadmin/tabula/public/docs/scientific/BE_TABULA_ScientificReport_VITO.pdf,Section 4.2.3 on printed pages 44-46 / PDF pages 55-57; service measures on printed pages 49-50 / PDF pages 60-61,2026-07-27,476.75,1.48844832969,20,23.8375,0.0744224164845,73.82,7.9855625,0.817238386613
Flemish Region,BE_TABULA_06,Detached house,1946-1970,6,3244134,0.0629451746667,0.0368770784896,204202.581272,Statbel 2025 regional T8 dwelling counts by R1-R4 type; R5/R6 retained as an excluded residual; R4 split equally between apartment archetypes,Statbel 2025 cadastral T3.* building counts jointly classified by R1-R3 building type and construction period,R1-R3 building-age profiles are applied to the matching dwelling totals; each resulting house-category dwelling retains its whole-house TABULA geometry; national absolute heat-demand and capacity results are conditional on this mapping,2025 cadastral buildings,202761,0.22171351466,Known-period T3.* building counts are rebinned to TABULA periods; the 1982-1991 and 2002-2011 source bins are allocated uniformly across years at the 1990 and 2005 TABULA cut-offs. The resulting age profile is scaled to the region/type 2025 T8 dwelling total.,official_Statbel_type_by_age_profiles_scaled_to_2025_type_totals,,162267,0.0476359066358,235.8,648.5,538.8,158.2,183,19.9,56.3,70.4,9.5,9.5,9.7,12.7,9.7,41.6,TABULA_existing,0.69,69,0.68,0.7,68,70,1,derived_residual,Existing=1-B-A; lower=1-B_upper-A_upper; upper=1-B_lower-A_lower,residual below EPC B,2024-01-01,Flemish houses and apartments in the weighted EPC label distribution,The weighted regional label distribution is referenced to 1 January 2024; EPC labels include standardised system and energy-performance effects; the whole-percentage A and B shares each have a 0.5 percentage-point rounding interval.,Existing State,age_and_type_specific,existing_unspecified,,,Physical parameters are read from each base archetype row.,2025,140899.781078,138857.755265,142941.806891,"independence/null assumption: P(state | region, archetype) = P(state | region)",regional marginal calibrated; archetype-state joint distribution unavailable,True,True,VITO EPB2010 standard measures apply through 1991-2005; post-2005 existing cells retain the complete standard calibration state and remain eligible for advanced renovation,1.7,1.9,0.85,5,4,18,https://publicaties.vlaanderen.be/view-file/70827,Flemish Housing and Energy Policy Note 2024-2029 PDF page 21 / printed page 20 and footnote 3,2026-07-27,https://episcope.eu/fileadmin/tabula/public/docs/scientific/BE_TABULA_ScientificReport_VITO.pdf,Tables 9 and 10 on printed pages 45-48 / PDF pages 56-59; Table 19 on printed pages 85-86 / PDF pages 96-97,2026-07-27,9698.4,14.9551272167,20,484.92,0.747756360833,999.205,162.4482,4.92643426633
Flemish Region,BE_TABULA_06,Detached house,1946-1970,6,3244134,0.0629451746667,0.0368770784896,204202.581272,Statbel 2025 regional T8 dwelling counts by R1-R4 type; R5/R6 retained as an excluded residual; R4 split equally between apartment archetypes,Statbel 2025 cadastral T3.* building counts jointly classified by R1-R3 building type and construction period,R1-R3 building-age profiles are applied to the matching dwelling totals; each resulting house-category dwelling retains its whole-house TABULA geometry; national absolute heat-demand and capacity results are conditional on this mapping,2025 cadastral buildings,202761,0.22171351466,Known-period T3.* building counts are rebinned to TABULA periods; the 1982-1991 and 2002-2011 source bins are allocated uniformly across years at the 1990 and 2005 TABULA cut-offs. The resulting age profile is scaled to the region/type 2025 T8 dwelling total.,official_Statbel_type_by_age_profiles_scaled_to_2025_type_totals,,162267,0.0476359066358,235.8,648.5,538.8,158.2,183,19.9,56.3,70.4,9.5,9.5,9.7,12.7,9.7,41.6,TABULA_standard_B_proxy,0.22,22,0.215,0.225,21.5,22.5,0.5,reported_share,reported value plus or minus half the printed unit,EPC B,2024-01-01,Flemish houses and apartments in the weighted EPC label distribution,The weighted regional label distribution is referenced to 1 January 2024; EPC B supplies a calibration anchor for the TABULA standard physical proxy; the source reports whole percentages.,Standard Measures,fixed_TABULA_EPB2010_package,exhaust_air_ventilation,0,False,TABULA states that the EPB2010 upgrade measures are already achieved by the post-2005 class; the same physical values preserve a complete state matrix while post-2005 existing cells are ineligible for medium transitions.,2025,44924.5678799,43903.5549735,45945.5807863,"independence/null assumption: P(state | region, archetype) = P(state | region)",regional marginal calibrated; archetype-state joint distribution unavailable,False,True,VITO EPB2010 standard measures apply through 1991-2005; post-2005 existing cells retain the complete standard calibration state and remain eligible for advanced renovation,0.4,0.3,0.4,2,2.9,6,https://publicaties.vlaanderen.be/view-file/70827,Flemish Housing and Energy Policy Note 2024-2029 PDF page 21 / printed page 20 and footnote 3,2026-07-27,https://episcope.eu/fileadmin/tabula/public/docs/scientific/BE_TABULA_ScientificReport_VITO.pdf,Section 4.2.3 on printed pages 44-46 / PDF pages 55-57; post-2005 applicability on printed page 54 / PDF page 65; service measures on printed pages 49-50 / PDF pages 60-61,2026-07-27,3232.8,4.98504240555,20,161.64,0.249252120278,290.05,54.1494,1.45970907549
Flemish Region,BE_TABULA_06,Detached house,1946-1970,6,3244134,0.0629451746667,0.0368770784896,204202.581272,Statbel 2025 regional T8 dwelling counts by R1-R4 type; R5/R6 retained as an excluded residual; R4 split equally between apartment archetypes,Statbel 2025 cadastral T3.* building counts jointly classified by R1-R3 building type and construction period,R1-R3 building-age profiles are applied to the matching dwelling totals; each resulting house-category dwelling retains its whole-house TABULA geometry; national absolute heat-demand and capacity results are conditional on this mapping,2025 cadastral buildings,202761,0.22171351466,Known-period T3.* building counts are rebinned to TABULA periods; the 1982-1991 and 2002-2011 source bins are allocated uniformly across years at the 1990 and 2005 TABULA cut-offs. The resulting age profile is scaled to the region/type 2025 T8 dwelling total.,official_Statbel_type_by_age_profiles_scaled_to_2025_type_totals,,162267,0.0476359066358,235.8,648.5,538.8,158.2,183,19.9,56.3,70.4,9.5,9.5,9.7,12.7,9.7,41.6,TABULA_advanced_A_proxy,0.09,9,0.085,0.095,8.5,9.5,0.5,reported_share,reported value plus or minus half the printed unit,EPC A target family including A+,2024-01-01,Flemish houses and apartments in the weighted EPC label distribution,The weighted regional label distribution is referenced to 1 January 2024; EPC A supplies a calibration anchor for the TABULA advanced physical proxy; the source reports whole percentages.,Advanced Measures,fixed_TABULA_low_energy_package,balanced_mechanical_HRV,0.8,True,TABULA applies the Low Energy package to every dwelling type.,2025,18378.2323145,17357.2194081,19399.2452209,"independence/null assumption: P(state | region, archetype) = P(state | region)",regional marginal calibrated; archetype-state joint distribution unavailable,False,False,VITO EPB2010 standard measures apply through 1991-2005; post-2005 existing cells retain the complete standard calibration state and remain eligible for advanced renovation,0.25,0.15,0.25,1.6,1.6,2.5,https://publicaties.vlaanderen.be/view-file/70827,Flemish Housing and Energy Policy Note 2024-2029 PDF page 21 / printed page 20 and footnote 3,2026-07-27,https://episcope.eu/fileadmin/tabula/public/docs/scientific/BE_TABULA_ScientificReport_VITO.pdf,Section 4.2.3 on printed pages 44-46 / PDF pages 55-57; service measures on printed pages 49-50 / PDF pages 60-61,2026-07-27,1347,2.07710100231,20,67.35,0.103855050116,187.89,22.56225,0.892503180662
Flemish Region,BE_TABULA_07,Semi-detached house,1946-1970,7,3244134,0.0599408011533,0.035116935342,194455.991009,Statbel 2025 regional T8 dwelling counts by R1-R4 type; R5/R6 retained as an excluded residual; R4 split equally between apartment archetypes,Statbel 2025 cadastral T3.* building counts jointly classified by R1-R3 building type and construction period,R1-R3 building-age profiles are applied to the matching dwelling totals; each resulting house-category dwelling retains its whole-house TABULA geometry; national absolute heat-demand and capacity results are conditional on this mapping,2025 cadastral buildings,192627,0.311901604465,Known-period T3.* building counts are rebinned to TABULA periods; the 1982-1991 and 2002-2011 source bins are allocated uniformly across years at the 1990 and 2005 TABULA cut-offs. The resulting age profile is scaled to the region/type 2025 T8 dwelling total.,official_Statbel_type_by_age_profiles_scaled_to_2025_type_totals,,162267,0.0476359066358,193.4,531.7,381.4,101.4,133.1,18,43.7,45.1,9.5,7.4,7.3,8.4,7.5,30.6,TABULA_existing,0.69,69,0.68,0.7,68,70,1,derived_residual,Existing=1-B-A; lower=1-B_upper-A_upper; upper=1-B_lower-A_lower,residual below EPC B,2024-01-01,Flemish houses and apartments in the weighted EPC label distribution,The weighted regional label distribution is referenced to 1 January 2024; EPC labels include standardised system and energy-performance effects; the whole-percentage A and B shares each have a 0.5 percentage-point rounding interval.,Existing State,age_and_type_specific,existing_unspecified,,,Physical parameters are read from each base archetype row.,2025,134174.633796,132230.073886,136119.193706,"independence/null assumption: P(state | region, archetype) = P(state | region)",regional marginal calibrated; archetype-state joint distribution unavailable,True,True,VITO EPB2010 standard measures apply through 1991-2005; post-2005 existing cells retain the complete standard calibration state and remain eligible for advanced renovation,1.7,1.9,0.85,5,4,18,https://publicaties.vlaanderen.be/view-file/70827,Flemish Housing and Energy Policy Note 2024-2029 PDF page 21 / printed page 20 and footnote 3,2026-07-27,https://episcope.eu/fileadmin/tabula/public/docs/scientific/BE_TABULA_ScientificReport_VITO.pdf,Tables 9 and 10 on printed pages 45-48 / PDF pages 56-59; Table 19 on printed pages 85-86 / PDF pages 96-97,2026-07-27,6865.2,12.9117923641,20,343.26,0.645589618206,716.01,114.9921,4.29680506722
Flemish Region,BE_TABULA_07,Semi-detached house,1946-1970,7,3244134,0.0599408011533,0.035116935342,194455.991009,Statbel 2025 regional T8 dwelling counts by R1-R4 type; R5/R6 retained as an excluded residual; R4 split equally between apartment archetypes,Statbel 2025 cadastral T3.* building counts jointly classified by R1-R3 building type and construction period,R1-R3 building-age profiles are applied to the matching dwelling totals; each resulting house-category dwelling retains its whole-house TABULA geometry; national absolute heat-demand and capacity results are conditional on this mapping,2025 cadastral buildings,192627,0.311901604465,Known-period T3.* building counts are rebinned to TABULA periods; the 1982-1991 and 2002-2011 source bins are allocated uniformly across years at the 1990 and 2005 TABULA cut-offs. The resulting age profile is scaled to the region/type 2025 T8 dwelling total.,official_Statbel_type_by_age_profiles_scaled_to_2025_type_totals,,162267,0.0476359066358,193.4,531.7,381.4,101.4,133.1,18,43.7,45.1,9.5,7.4,7.3,8.4,7.5,30.6,TABULA_standard_B_proxy,0.22,22,0.215,0.225,21.5,22.5,0.5,reported_share,reported value plus or minus half the printed unit,EPC B,2024-01-01,Flemish houses and apartments in the weighted EPC label distribution,The weighted regional label distribution is referenced to 1 January 2024; EPC B supplies a calibration anchor for the TABULA standard physical proxy; the source reports whole percentages.,Standard Measures,fixed_TABULA_EPB2010_package,exhaust_air_ventilation,0,False,TABULA states that the EPB2010 upgrade measures are already achieved by the post-2005 class; the same physical values preserve a complete state matrix while post-2005 existing cells are ineligible for medium transitions.,2025,42780.3180219,41808.0380668,43752.5979769,"independence/null assumption: P(state | region, archetype) = P(state | region)",regional marginal calibrated; archetype-state joint distribution unavailable,False,True,VITO EPB2010 standard measures apply through 1991-2005; post-2005 existing cells retain the complete standard calibration state and remain eligible for advanced renovation,0.4,0.3,0.4,2,2.9,6,https://publicaties.vlaanderen.be/view-file/70827,Flemish Housing and Energy Policy Note 2024-2029 PDF page 21 / printed page 20 and footnote 3,2026-07-27,https://episcope.eu/fileadmin/tabula/public/docs/scientific/BE_TABULA_ScientificReport_VITO.pdf,Section 4.2.3 on printed pages 44-46 / PDF pages 55-57; post-2005 applicability on printed page 54 / PDF page 65; service measures on printed pages 49-50 / PDF pages 60-61,2026-07-27,2288.4,4.30393078804,20,114.42,0.215196539402,215.13,38.3307,1.31055170631
Flemish Region,BE_TABULA_07,Semi-detached house,1946-1970,7,3244134,0.0599408011533,0.035116935342,194455.991009,Statbel 2025 regional T8 dwelling counts by R1-R4 type; R5/R6 retained as an excluded residual; R4 split equally between apartment archetypes,Statbel 2025 cadastral T3.* building counts jointly classified by R1-R3 building type and construction period,R1-R3 building-age profiles are applied to the matching dwelling totals; each resulting house-category dwelling retains its whole-house TABULA geometry; national absolute heat-demand and capacity results are conditional on this mapping,2025 cadastral buildings,192627,0.311901604465,Known-period T3.* building counts are rebinned to TABULA periods; the 1982-1991 and 2002-2011 source bins are allocated uniformly across years at the 1990 and 2005 TABULA cut-offs. The resulting age profile is scaled to the region/type 2025 T8 dwelling total.,official_Statbel_type_by_age_profiles_scaled_to_2025_type_totals,,162267,0.0476359066358,193.4,531.7,381.4,101.4,133.1,18,43.7,45.1,9.5,7.4,7.3,8.4,7.5,30.6,TABULA_advanced_A_proxy,0.09,9,0.085,0.095,8.5,9.5,0.5,reported_share,reported value plus or minus half the printed unit,EPC A target family including A+,2024-01-01,Flemish houses and apartments in the weighted EPC label distribution,The weighted regional label distribution is referenced to 1 January 2024; EPC A supplies a calibration anchor for the TABULA advanced physical proxy; the source reports whole percentages.,Advanced Measures,fixed_TABULA_low_energy_package,balanced_mechanical_HRV,0.8,True,TABULA applies the Low Energy package to every dwelling type.,2025,17501.0391908,16528.7592357,18473.3191458,"independence/null assumption: P(state | region, archetype) = P(state | region)",regional marginal calibrated; archetype-state joint distribution unavailable,False,False,VITO EPB2010 standard measures apply through 1991-2005; post-2005 existing cells retain the complete standard calibration state and remain eligible for advanced renovation,0.25,0.15,0.25,1.6,1.6,2.5,https://publicaties.vlaanderen.be/view-file/70827,Flemish Housing and Energy Policy Note 2024-2029 PDF page 21 / printed page 20 and footnote 3,2026-07-27,https://episcope.eu/fileadmin/tabula/public/docs/scientific/BE_TABULA_ScientificReport_VITO.pdf,Section 4.2.3 on printed pages 44-46 / PDF pages 55-57; service measures on printed pages 49-50 / PDF pages 60-61,2026-07-27,953.5,1.79330449502,20,47.675,0.0896652247508,139.345,15.971125,0.803082342296
Flemish Region,BE_TABULA_08,Terraced house,1946-1970,8,3244134,0.0514091625451,0.030118587045,166778.212124,Statbel 2025 regional T8 dwelling counts by R1-R4 type; R5/R6 retained as an excluded residual; R4 split equally between apartment archetypes,Statbel 2025 cadastral T3.* building counts jointly classified by R1-R3 building type and construction period,R1-R3 building-age profiles are applied to the matching dwelling totals; each resulting house-category dwelling retains its whole-house TABULA geometry; national absolute heat-demand and capacity results are conditional on this mapping,2025 cadastral buildings,157006,0.238579397557,Known-period T3.* building counts are rebinned to TABULA periods; the 1982-1991 and 2002-2011 source bins are allocated uniformly across years at the 1990 and 2005 TABULA cut-offs. The resulting age profile is scaled to the region/type 2025 T8 dwelling total.,official_Statbel_type_by_age_profiles_scaled_to_2025_type_totals,,162267,0.0476359066358,198.8,546.6,296.8,90.8,79.1,13.1,35.7,38.8,9.5,6.8,7.6,7.8,7.6,29.8,TABULA_existing,0.69,69,0.68,0.7,68,70,1,derived_residual,Existing=1-B-A; lower=1-B_upper-A_upper; upper=1-B_lower-A_lower,residual below EPC B,2024-01-01,Flemish houses and apartments in the weighted EPC label distribution,The weighted regional label distribution is referenced to 1 January 2024; EPC labels include standardised system and energy-performance effects; the whole-percentage A and B shares each have a 0.5 percentage-point rounding interval.,Existing State,age_and_type_specific,existing_unspecified,,,Physical parameters are read from each base archetype row.,2025,115076.966366,113409.184244,116744.748487,"independence/null assumption: P(state | region, archetype) = P(state | region)",regional marginal calibrated; archetype-state joint distribution unavailable,True,True,VITO EPB2010 standard measures apply through 1991-2005; post-2005 existing cells retain the complete standard calibration state and remain eligible for advanced renovation,1.7,1.9,0.85,5,4,14.9,https://publicaties.vlaanderen.be/view-file/70827,Flemish Housing and Energy Policy Note 2024-2029 PDF page 21 / printed page 20 and footnote 3,2026-07-27,https://episcope.eu/fileadmin/tabula/public/docs/scientific/BE_TABULA_ScientificReport_VITO.pdf,Tables 9 and 10 on printed pages 45-48 / PDF pages 56-59; Table 19 on printed pages 85-86 / PDF pages 96-97,2026-07-27,4422.32,8.0905964142,20,221.116,0.40452982071,579.585,74.07386,3.28802243461
Flemish Region,BE_TABULA_08,Terraced house,1946-1970,8,3244134,0.0514091625451,0.030118587045,166778.212124,Statbel 2025 regional T8 dwelling counts by R1-R4 type; R5/R6 retained as an excluded residual; R4 split equally between apartment archetypes,Statbel 2025 cadastral T3.* building counts jointly classified by R1-R3 building type and construction period,R1-R3 building-age profiles are applied to the matching dwelling totals; each resulting house-category dwelling retains its whole-house TABULA geometry; national absolute heat-demand and capacity results are conditional on this mapping,2025 cadastral buildings,157006,0.238579397557,Known-period T3.* building counts are rebinned to TABULA periods; the 1982-1991 and 2002-2011 source bins are allocated uniformly across years at the 1990 and 2005 TABULA cut-offs. The resulting age profile is scaled to the region/type 2025 T8 dwelling total.,official_Statbel_type_by_age_profiles_scaled_to_2025_type_totals,,162267,0.0476359066358,198.8,546.6,296.8,90.8,79.1,13.1,35.7,38.8,9.5,6.8,7.6,7.8,7.6,29.8,TABULA_standard_B_proxy,0.22,22,0.215,0.225,21.5,22.5,0.5,reported_share,reported value plus or minus half the printed unit,EPC B,2024-01-01,Flemish houses and apartments in the weighted EPC label distribution,The weighted regional label distribution is referenced to 1 January 2024; EPC B supplies a calibration anchor for the TABULA standard physical proxy; the source reports whole percentages.,Standard Measures,fixed_TABULA_EPB2010_package,exhaust_air_ventilation,0,False,TABULA states that the EPB2010 upgrade measures are already achieved by the post-2005 class; the same physical values preserve a complete state matrix while post-2005 existing cells are ineligible for medium transitions.,2025,36691.2066673,35857.3156066,37525.0977279,"independence/null assumption: P(state | region, archetype) = P(state | region)",regional marginal calibrated; archetype-state joint distribution unavailable,False,True,VITO EPB2010 standard measures apply through 1991-2005; post-2005 existing cells retain the complete standard calibration state and remain eligible for advanced renovation,0.4,0.3,0.4,2,2.9,6,https://publicaties.vlaanderen.be/view-file/70827,Flemish Housing and Energy Policy Note 2024-2029 PDF page 21 / printed page 20 and footnote 3,2026-07-27,https://episcope.eu/fileadmin/tabula/public/docs/scientific/BE_TABULA_ScientificReport_VITO.pdf,Section 4.2.3 on printed pages 44-46 / PDF pages 55-57; post-2005 applicability on printed page 54 / PDF page 65; service measures on printed pages 49-50 / PDF pages 60-61,2026-07-27,1780.8,3.2579582876,20,89.04,0.16289791438,181.07,29.8284,1.06085714286
Flemish Region,BE_TABULA_08,Terraced house,1946-1970,8,3244134,0.0514091625451,0.030118587045,166778.212124,Statbel 2025 regional T8 dwelling counts by R1-R4 type; R5/R6 retained as an excluded residual; R4 split equally between apartment archetypes,Statbel 2025 cadastral T3.* building counts jointly classified by R1-R3 building type and construction period,R1-R3 building-age profiles are applied to the matching dwelling totals; each resulting house-category dwelling retains its whole-house TABULA geometry; national absolute heat-demand and capacity results are conditional on this mapping,2025 cadastral buildings,157006,0.238579397557,Known-period T3.* building counts are rebinned to TABULA periods; the 1982-1991 and 2002-2011 source bins are allocated uniformly across years at the 1990 and 2005 TABULA cut-offs. The resulting age profile is scaled to the region/type 2025 T8 dwelling total.,official_Statbel_type_by_age_profiles_scaled_to_2025_type_totals,,162267,0.0476359066358,198.8,546.6,296.8,90.8,79.1,13.1,35.7,38.8,9.5,6.8,7.6,7.8,7.6,29.8,TABULA_advanced_A_proxy,0.09,9,0.085,0.095,8.5,9.5,0.5,reported_share,reported value plus or minus half the printed unit,EPC A target family including A+,2024-01-01,Flemish houses and apartments in the weighted EPC label distribution,The weighted regional label distribution is referenced to 1 January 2024; EPC A supplies a calibration anchor for the TABULA advanced physical proxy; the source reports whole percentages.,Advanced Measures,fixed_TABULA_low_energy_package,balanced_mechanical_HRV,0.8,True,TABULA applies the Low Energy package to every dwelling type.,2025,15010.0390912,14176.1480305,15843.9301518,"independence/null assumption: P(state | region, archetype) = P(state | region)",regional marginal calibrated; archetype-state joint distribution unavailable,False,False,VITO EPB2010 standard measures apply through 1991-2005; post-2005 existing cells retain the complete standard calibration state and remain eligible for advanced renovation,0.25,0.15,0.25,1.6,1.6,2.5,https://publicaties.vlaanderen.be/view-file/70827,Flemish Housing and Energy Policy Note 2024-2029 PDF page 21 / printed page 20 and footnote 3,2026-07-27,https://episcope.eu/fileadmin/tabula/public/docs/scientific/BE_TABULA_ScientificReport_VITO.pdf,Section 4.2.3 on printed pages 44-46 / PDF pages 55-57; service measures on printed pages 49-50 / PDF pages 60-61,2026-07-27,742,1.35748261983,20,37.1,0.0678741309916,118.175,12.4285,0.656959255533
Flemish Region,BE_TABULA_09,"Apartment, enclosed",1946-1970,9,3244134,0.0323987183334,0.0189811226241,105105.783702,Statbel 2025 regional T8 dwelling counts by R1-R4 type; R5/R6 retained as an excluded residual; R4 split equally between apartment archetypes,"Statbel Census 2021 HC37 conventional dwellings in residential buildings with 2 or 3+ dwellings, jointly classified by building size and construction period",R1-R3 building-age profiles are applied to the matching dwelling totals; each resulting house-category dwelling retains its whole-house TABULA geometry; national absolute heat-demand and capacity results are conditional on this mapping,2021 conventional dwellings in RES2+RES3+,114509.5,0.210082576701,"Occupied and unoccupied HC37 conventional dwellings in RES2 and RES3+ are summed, unknown construction periods are excluded, and the exact HC37 2001-2005/2006-2010 split is retained. The resulting age profile is scaled to the regional 2025 T8 R4 dwelling total and then split 50/50 by apartment position.",official_Statbel_type_by_age_profiles_scaled_to_2025_type_totals,"Statbel R4 apartment dwellings are split 50/50 between Apartment, enclosed and Apartment, exposed because apartment position is not identified.",162267,0.0476359066358,100.1,320.3,44.8,0,17.9,0,0,0,0,13.4,0,13.4,0,26.8,TABULA_existing,0.69,69,0.68,0.7,68,70,1,derived_residual,Existing=1-B-A; lower=1-B_upper-A_upper; upper=1-B_lower-A_lower,residual below EPC B,2024-01-01,Flemish houses and apartments in the weighted EPC label distribution,The weighted regional label distribution is referenced to 1 January 2024; EPC labels include standardised system and energy-performance effects; the whole-percentage A and B shares each have a 0.5 percentage-point rounding interval.,Existing State,age_and_type_specific,existing_unspecified,,,Physical parameters are read from each base archetype row.,2025,72522.9907542,71471.9329172,73574.0485912,"independence/null assumption: P(state | region, archetype) = P(state | region)",regional marginal calibrated; archetype-state joint distribution unavailable,True,True,VITO EPB2010 standard measures apply through 1991-2005; post-2005 existing cells retain the complete standard calibration state and remain eligible for advanced renovation,1.7,1.9,0.85,5,4,14.9,https://publicaties.vlaanderen.be/view-file/70827,Flemish Housing and Energy Policy Note 2024-2029 PDF page 21 / printed page 20 and footnote 3,2026-07-27,https://episcope.eu/fileadmin/tabula/public/docs/scientific/BE_TABULA_ScientificReport_VITO.pdf,Tables 9 and 10 on printed pages 45-48 / PDF pages 56-59; Table 19 on printed pages 85-86 / PDF pages 96-97,2026-07-27,667.52,2.08404620668,20,33.376,0.104202310334,164.43,11.18096,1.75435524476
Flemish Region,BE_TABULA_09,"Apartment, enclosed",1946-1970,9,3244134,0.0323987183334,0.0189811226241,105105.783702,Statbel 2025 regional T8 dwelling counts by R1-R4 type; R5/R6 retained as an excluded residual; R4 split equally between apartment archetypes,"Statbel Census 2021 HC37 conventional dwellings in residential buildings with 2 or 3+ dwellings, jointly classified by building size and construction period",R1-R3 building-age profiles are applied to the matching dwelling totals; each resulting house-category dwelling retains its whole-house TABULA geometry; national absolute heat-demand and capacity results are conditional on this mapping,2021 conventional dwellings in RES2+RES3+,114509.5,0.210082576701,"Occupied and unoccupied HC37 conventional dwellings in RES2 and RES3+ are summed, unknown construction periods are excluded, and the exact HC37 2001-2005/2006-2010 split is retained. The resulting age profile is scaled to the regional 2025 T8 R4 dwelling total and then split 50/50 by apartment position.",official_Statbel_type_by_age_profiles_scaled_to_2025_type_totals,"Statbel R4 apartment dwellings are split 50/50 between Apartment, enclosed and Apartment, exposed because apartment position is not identified.",162267,0.0476359066358,100.1,320.3,44.8,0,17.9,0,0,0,0,13.4,0,13.4,0,26.8,TABULA_standard_B_proxy,0.22,22,0.215,0.225,21.5,22.5,0.5,reported_share,reported value plus or minus half the printed unit,EPC B,2024-01-01,Flemish houses and apartments in the weighted EPC label distribution,The weighted regional label distribution is referenced to 1 January 2024; EPC B supplies a calibration anchor for the TABULA standard physical proxy; the source reports whole percentages.,Standard Measures,fixed_TABULA_EPB2010_package,exhaust_air_ventilation,0,False,TABULA states that the EPB2010 upgrade measures are already achieved by the post-2005 class; the same physical values preserve a complete state matrix while post-2005 existing cells are ineligible for medium transitions.,2025,23123.2724144,22597.7434959,23648.8013329,"independence/null assumption: P(state | region, archetype) = P(state | region)",regional marginal calibrated; archetype-state joint distribution unavailable,False,True,VITO EPB2010 standard measures apply through 1991-2005; post-2005 existing cells retain the complete standard calibration state and remain eligible for advanced renovation,0.4,0.3,0.4,2,2.9,6,https://publicaties.vlaanderen.be/view-file/70827,Flemish Housing and Energy Policy Note 2024-2029 PDF page 21 / printed page 20 and footnote 3,2026-07-27,https://episcope.eu/fileadmin/tabula/public/docs/scientific/BE_TABULA_ScientificReport_VITO.pdf,Section 4.2.3 on printed pages 44-46 / PDF pages 55-57; post-2005 applicability on printed page 54 / PDF page 65; service measures on printed pages 49-50 / PDF pages 60-61,2026-07-27,268.8,0.83921323759,20,13.44,0.0419606618795,60.76,4.5024,0.651972027972
Flemish Region,BE_TABULA_09,"Apartment, enclosed",1946-1970,9,3244134,0.0323987183334,0.0189811226241,105105.783702,Statbel 2025 regional T8 dwelling counts by R1-R4 type; R5/R6 retained as an excluded residual; R4 split equally between apartment archetypes,"Statbel Census 2021 HC37 conventional dwellings in residential buildings with 2 or 3+ dwellings, jointly classified by building size and construction period",R1-R3 building-age profiles are applied to the matching dwelling totals; each resulting house-category dwelling retains its whole-house TABULA geometry; national absolute heat-demand and capacity results are conditional on this mapping,2021 conventional dwellings in RES2+RES3+,114509.5,0.210082576701,"Occupied and unoccupied HC37 conventional dwellings in RES2 and RES3+ are summed, unknown construction periods are excluded, and the exact HC37 2001-2005/2006-2010 split is retained. The resulting age profile is scaled to the regional 2025 T8 R4 dwelling total and then split 50/50 by apartment position.",official_Statbel_type_by_age_profiles_scaled_to_2025_type_totals,"Statbel R4 apartment dwellings are split 50/50 between Apartment, enclosed and Apartment, exposed because apartment position is not identified.",162267,0.0476359066358,100.1,320.3,44.8,0,17.9,0,0,0,0,13.4,0,13.4,0,26.8,TABULA_advanced_A_proxy,0.09,9,0.085,0.095,8.5,9.5,0.5,reported_share,reported value plus or minus half the printed unit,EPC A target family including A+,2024-01-01,Flemish houses and apartments in the weighted EPC label distribution,The weighted regional label distribution is referenced to 1 January 2024; EPC A supplies a calibration anchor for the TABULA advanced physical proxy; the source reports whole percentages.,Advanced Measures,fixed_TABULA_low_energy_package,balanced_mechanical_HRV,0.8,True,TABULA applies the Low Energy package to every dwelling type.,2025,9459.52053315,8933.99161464,9985.04945166,"independence/null assumption: P(state | region, archetype) = P(state | region)",regional marginal calibrated; archetype-state joint distribution unavailable,False,False,VITO EPB2010 standard measures apply through 1991-2005; post-2005 existing cells retain the complete standard calibration state and remain eligible for advanced renovation,0.25,0.15,0.25,1.6,1.6,2.5,https://publicaties.vlaanderen.be/view-file/70827,Flemish Housing and Energy Policy Note 2024-2029 PDF page 21 / printed page 20 and footnote 3,2026-07-27,https://episcope.eu/fileadmin/tabula/public/docs/scientific/BE_TABULA_ScientificReport_VITO.pdf,Section 4.2.3 on printed pages 44-46 / PDF pages 55-57; service measures on printed pages 49-50 / PDF pages 60-61,2026-07-27,112,0.349672182329,20,5.6,0.0174836091165,47.355,1.876,0.491818181818
Flemish Region,BE_TABULA_10,"Apartment, exposed",1946-1970,10,3244134,0.0323987183334,0.0189811226241,105105.783702,Statbel 2025 regional T8 dwelling counts by R1-R4 type; R5/R6 retained as an excluded residual; R4 split equally between apartment archetypes,"Statbel Census 2021 HC37 conventional dwellings in residential buildings with 2 or 3+ dwellings, jointly classified by building size and construction period",R1-R3 building-age profiles are applied to the matching dwelling totals; each resulting house-category dwelling retains its whole-house TABULA geometry; national absolute heat-demand and capacity results are conditional on this mapping,2021 conventional dwellings in RES2+RES3+,114509.5,0.210082576701,"Occupied and unoccupied HC37 conventional dwellings in RES2 and RES3+ are summed, unknown construction periods are excluded, and the exact HC37 2001-2005/2006-2010 split is retained. The resulting age profile is scaled to the regional 2025 T8 R4 dwelling total and then split 50/50 by apartment position.",official_Statbel_type_by_age_profiles_scaled_to_2025_type_totals,"Statbel R4 apartment dwellings are split 50/50 between Apartment, enclosed and Apartment, exposed because apartment position is not identified.",162267,0.0476359066358,100.1,320.3,190.7,100.1,63.7,0,0,0,0,13.4,0,13.4,0,26.8,TABULA_existing,0.69,69,0.68,0.7,68,70,1,derived_residual,Existing=1-B-A; lower=1-B_upper-A_upper; upper=1-B_lower-A_lower,residual below EPC B,2024-01-01,Flemish houses and apartments in the weighted EPC label distribution,The weighted regional label distribution is referenced to 1 January 2024; EPC labels include standardised system and energy-performance effects; the whole-percentage A and B shares each have a 0.5 percentage-point rounding interval.,Existing State,age_and_type_specific,existing_unspecified,,,Physical parameters are read from each base archetype row.,2025,72522.9907542,71471.9329172,73574.0485912,"independence/null assumption: P(state | region, archetype) = P(state | region)",regional marginal calibrated; archetype-state joint distribution unavailable,True,True,VITO EPB2010 standard measures apply through 1991-2005; post-2005 existing cells retain the complete standard calibration state and remain eligible for advanced renovation,1.7,1.9,0.85,5,4,14.9,https://publicaties.vlaanderen.be/view-file/70827,Flemish Housing and Energy Policy Note 2024-2029 PDF page 21 / printed page 20 and footnote 3,2026-07-27,https://episcope.eu/fileadmin/tabula/public/docs/scientific/BE_TABULA_ScientificReport_VITO.pdf,Tables 9 and 10 on printed pages 45-48 / PDF pages 56-59; Table 19 on printed pages 85-86 / PDF pages 96-97,2026-07-27,2841.43,8.87115204496,20,142.0715,0.443557602248,432.48,47.5939525,4.79594358142
Flemish Region,BE_TABULA_10,"Apartment, exposed",1946-1970,10,3244134,0.0323987183334,0.0189811226241,105105.783702,Statbel 2025 regional T8 dwelling counts by R1-R4 type; R5/R6 retained as an excluded residual; R4 split equally between apartment archetypes,"Statbel Census 2021 HC37 conventional dwellings in residential buildings with 2 or 3+ dwellings, jointly classified by building size and construction period",R1-R3 building-age profiles are applied to the matching dwelling totals; each resulting house-category dwelling retains its whole-house TABULA geometry; national absolute heat-demand and capacity results are conditional on this mapping,2021 conventional dwellings in RES2+RES3+,114509.5,0.210082576701,"Occupied and unoccupied HC37 conventional dwellings in RES2 and RES3+ are summed, unknown construction periods are excluded, and the exact HC37 2001-2005/2006-2010 split is retained. The resulting age profile is scaled to the regional 2025 T8 R4 dwelling total and then split 50/50 by apartment position.",official_Statbel_type_by_age_profiles_scaled_to_2025_type_totals,"Statbel R4 apartment dwellings are split 50/50 between Apartment, enclosed and Apartment, exposed because apartment position is not identified.",162267,0.0476359066358,100.1,320.3,190.7,100.1,63.7,0,0,0,0,13.4,0,13.4,0,26.8,TABULA_standard_B_proxy,0.22,22,0.215,0.225,21.5,22.5,0.5,reported_share,reported value plus or minus half the printed unit,EPC B,2024-01-01,Flemish houses and apartments in the weighted EPC label distribution,The weighted regional label distribution is referenced to 1 January 2024; EPC B supplies a calibration anchor for the TABULA standard physical proxy; the source reports whole percentages.,Standard Measures,fixed_TABULA_EPB2010_package,exhaust_air_ventilation,0,False,TABULA states that the EPB2010 upgrade measures are already achieved by the post-2005 class; the same physical values preserve a complete state matrix while post-2005 existing cells are ineligible for medium transitions.,2025,23123.2724144,22597.7434959,23648.8013329,"independence/null assumption: P(state | region, archetype) = P(state | region)",regional marginal calibrated; archetype-state joint distribution unavailable,False,True,VITO EPB2010 standard measures apply through 1991-2005; post-2005 existing cells retain the complete standard calibration state and remain eligible for advanced renovation,0.4,0.3,0.4,2,2.9,6,https://publicaties.vlaanderen.be/view-file/70827,Flemish Housing and Energy Policy Note 2024-2029 PDF page 21 / printed page 20 and footnote 3,2026-07-27,https://episcope.eu/fileadmin/tabula/public/docs/scientific/BE_TABULA_ScientificReport_VITO.pdf,Section 4.2.3 on printed pages 44-46 / PDF pages 55-57; post-2005 applicability on printed page 54 / PDF page 65; service measures on printed pages 49-50 / PDF pages 60-61,2026-07-27,1144.2,3.57227599126,20,57.21,0.178613799563,109.11,19.16535,1.28147202797
Flemish Region,BE_TABULA_10,"Apartment, exposed",1946-1970,10,3244134,0.0323987183334,0.0189811226241,105105.783702,Statbel 2025 regional T8 dwelling counts by R1-R4 type; R5/R6 retained as an excluded residual; R4 split equally between apartment archetypes,"Statbel Census 2021 HC37 conventional dwellings in residential buildings with 2 or 3+ dwellings, jointly classified by building size and construction period",R1-R3 building-age profiles are applied to the matching dwelling totals; each resulting house-category dwelling retains its whole-house TABULA geometry; national absolute heat-demand and capacity results are conditional on this mapping,2021 conventional dwellings in RES2+RES3+,114509.5,0.210082576701,"Occupied and unoccupied HC37 conventional dwellings in RES2 and RES3+ are summed, unknown construction periods are excluded, and the exact HC37 2001-2005/2006-2010 split is retained. The resulting age profile is scaled to the regional 2025 T8 R4 dwelling total and then split 50/50 by apartment position.",official_Statbel_type_by_age_profiles_scaled_to_2025_type_totals,"Statbel R4 apartment dwellings are split 50/50 between Apartment, enclosed and Apartment, exposed because apartment position is not identified.",162267,0.0476359066358,100.1,320.3,190.7,100.1,63.7,0,0,0,0,13.4,0,13.4,0,26.8,TABULA_advanced_A_proxy,0.09,9,0.085,0.095,8.5,9.5,0.5,reported_share,reported value plus or minus half the printed unit,EPC A target family including A+,2024-01-01,Flemish houses and apartments in the weighted EPC label distribution,The weighted regional label distribution is referenced to 1 January 2024; EPC A supplies a calibration anchor for the TABULA advanced physical proxy; the source reports whole percentages.,Advanced Measures,fixed_TABULA_low_energy_package,balanced_mechanical_HRV,0.8,True,TABULA applies the Low Energy package to every dwelling type.,2025,9459.52053315,8933.99161464,9985.04945166,"independence/null assumption: P(state | region, archetype) = P(state | region)",regional marginal calibrated; archetype-state joint distribution unavailable,False,False,VITO EPB2010 standard measures apply through 1991-2005; post-2005 existing cells retain the complete standard calibration state and remain eligible for advanced renovation,0.25,0.15,0.25,1.6,1.6,2.5,https://publicaties.vlaanderen.be/view-file/70827,Flemish Housing and Energy Policy Note 2024-2029 PDF page 21 / printed page 20 and footnote 3,2026-07-27,https://episcope.eu/fileadmin/tabula/public/docs/scientific/BE_TABULA_ScientificReport_VITO.pdf,Section 4.2.3 on printed pages 44-46 / PDF pages 55-57; service measures on printed pages 49-50 / PDF pages 60-61,2026-07-27,476.75,1.48844832969,20,23.8375,0.0744224164845,73.82,7.9855625,0.817238386613
Flemish Region,BE_TABULA_11,Detached house,1971-1990,11,3244134,0.0930746112329,0.0545287190321,301946.510837,Statbel 2025 regional T8 dwelling counts by R1-R4 type; R5/R6 retained as an excluded residual; R4 split equally between apartment archetypes,Statbel 2025 cadastral T3.* building counts jointly classified by R1-R3 building type and construction period,R1-R3 building-age profiles are applied to the matching dwelling totals; each resulting house-category dwelling retains its whole-house TABULA geometry; national absolute heat-demand and capacity results are conditional on this mapping,2025 cadastral buildings,299814.9,0.327839255214,Known-period T3.* building counts are rebinned to TABULA periods; the 1982-1991 and 2002-2011 source bins are allocated uniformly across years at the 1990 and 2005 TABULA cut-offs. The resulting age profile is scaled to the region/type 2025 T8 dwelling total.,official_Statbel_type_by_age_profiles_scaled_to_2025_type_totals,,162267,0.0476359066358,238.4,655.7,548.8,170,159.4,23.5,54.8,91.6,9.5,8.6,9.5,11.9,10.2,40.2,TABULA_existing,0.69,69,0.68,0.7,68,70,1,derived_residual,Existing=1-B-A; lower=1-B_upper-A_upper; upper=1-B_lower-A_lower,residual below EPC B,2024-01-01,Flemish houses and apartments in the weighted EPC label distribution,The weighted regional label distribution is referenced to 1 January 2024; EPC labels include standardised system and energy-performance effects; the whole-percentage A and B shares each have a 0.5 percentage-point rounding interval.,Existing State,age_and_type_specific,existing_unspecified,,,Physical parameters are read from each base archetype row.,2025,208343.092478,205323.627369,211362.557586,"independence/null assumption: P(state | region, archetype) = P(state | region)",regional marginal calibrated; archetype-state joint distribution unavailable,True,True,VITO EPB2010 standard measures apply through 1991-2005; post-2005 existing cells retain the complete standard calibration state and remain eligible for advanced renovation,1,0.85,0.85,3.5,4,17.1,https://publicaties.vlaanderen.be/view-file/70827,Flemish Housing and Energy Policy Note 2024-2029 PDF page 21 / printed page 20 and footnote 3,2026-07-27,https://episcope.eu/fileadmin/tabula/public/docs/scientific/BE_TABULA_ScientificReport_VITO.pdf,Tables 9 and 10 on printed pages 45-48 / PDF pages 56-59; Table 19 on printed pages 85-86 / PDF pages 96-97,2026-07-27,9384.48,14.3121549489,20,469.224,0.715607747445,630.54,157.19004,3.30423674497
Flemish Region,BE_TABULA_11,Detached house,1971-1990,11,3244134,0.0930746112329,0.0545287190321,301946.510837,Statbel 2025 regional T8 dwelling counts by R1-R4 type; R5/R6 retained as an excluded residual; R4 split equally between apartment archetypes,Statbel 2025 cadastral T3.* building counts jointly classified by R1-R3 building type and construction period,R1-R3 building-age profiles are applied to the matching dwelling totals; each resulting house-category dwelling retains its whole-house TABULA geometry; national absolute heat-demand and capacity results are conditional on this mapping,2025 cadastral buildings,299814.9,0.327839255214,Known-period T3.* building counts are rebinned to TABULA periods; the 1982-1991 and 2002-2011 source bins are allocated uniformly across years at the 1990 and 2005 TABULA cut-offs. The resulting age profile is scaled to the region/type 2025 T8 dwelling total.,official_Statbel_type_by_age_profiles_scaled_to_2025_type_totals,,162267,0.0476359066358,238.4,655.7,548.8,170,159.4,23.5,54.8,91.6,9.5,8.6,9.5,11.9,10.2,40.2,TABULA_standard_B_proxy,0.22,22,0.215,0.225,21.5,22.5,0.5,reported_share,reported value plus or minus half the printed unit,EPC B,2024-01-01,Flemish houses and apartments in the weighted EPC label distribution,The weighted regional label distribution is referenced to 1 January 2024; EPC B supplies a calibration anchor for the TABULA standard physical proxy; the source reports whole percentages.,Standard Measures,fixed_TABULA_EPB2010_package,exhaust_air_ventilation,0,False,TABULA states that the EPB2010 upgrade measures are already achieved by the post-2005 class; the same physical values preserve a complete state matrix while post-2005 existing cells are ineligible for medium transitions.,2025,66428.2323842,64918.49983,67937.9649384,"independence/null assumption: P(state | region, archetype) = P(state | region)",regional marginal calibrated; archetype-state joint distribution unavailable,False,True,VITO EPB2010 standard measures apply through 1991-2005; post-2005 existing cells retain the complete standard calibration state and remain eligible for advanced renovation,0.4,0.3,0.4,2,2.9,6,https://publicaties.vlaanderen.be/view-file/70827,Flemish Housing and Energy Policy Note 2024-2029 PDF page 21 / printed page 20 and footnote 3,2026-07-27,https://episcope.eu/fileadmin/tabula/public/docs/scientific/BE_TABULA_ScientificReport_VITO.pdf,Section 4.2.3 on printed pages 44-46 / PDF pages 55-57; post-2005 applicability on printed page 54 / PDF page 65; service measures on printed pages 49-50 / PDF pages 60-61,2026-07-27,3292.8,5.021808754,20,164.64,0.2510904377,290.67,55.1544,1.4506057047
Flemish Region,BE_TABULA_11,Detached house,1971-1990,11,3244134,0.0930746112329,0.0545287190321,301946.510837,Statbel 2025 regional T8 dwelling counts by R1-R4 type; R5/R6 retained as an excluded residual; R4 split equally between apartment archetypes,Statbel 2025 cadastral T3.* building counts jointly classified by R1-R3 building type and construction period,R1-R3 building-age profiles are applied to the matching dwelling totals; each resulting house-category dwelling retains its whole-house TABULA geometry; national absolute heat-demand and capacity results are conditional on this mapping,2025 cadastral buildings,299814.9,0.327839255214,Known-period T3.* building counts are rebinned to TABULA periods; the 1982-1991 and 2002-2011 source bins are allocated uniformly across years at the 1990 and 2005 TABULA cut-offs. The resulting age profile is scaled to the region/type 2025 T8 dwelling total.,official_Statbel_type_by_age_profiles_scaled_to_2025_type_totals,,162267,0.0476359066358,238.4,655.7,548.8,170,159.4,23.5,54.8,91.6,9.5,8.6,9.5,11.9,10.2,40.2,TABULA_advanced_A_proxy,0.09,9,0.085,0.095,8.5,9.5,0.5,reported_share,reported value plus or minus half the printed unit,EPC A target family including A+,2024-01-01,Flemish houses and apartments in the weighted EPC label distribution,The weighted regional label distribution is referenced to 1 January 2024; EPC A supplies a calibration anchor for the TABULA advanced physical proxy; the source reports whole percentages.,Advanced Measures,fixed_TABULA_low_energy_package,balanced_mechanical_HRV,0.8,True,TABULA applies the Low Energy package to every dwelling type.,2025,27175.1859754,25665.4534212,28684.9185296,"independence/null assumption: P(state | region, archetype) = P(state | region)",regional marginal calibrated; archetype-state joint distribution unavailable,False,False,VITO EPB2010 standard measures apply through 1991-2005; post-2005 existing cells retain the complete standard calibration state and remain eligible for advanced renovation,0.25,0.15,0.25,1.6,1.6,2.5,https://publicaties.vlaanderen.be/view-file/70827,Flemish Housing and Energy Policy Note 2024-2029 PDF page 21 / printed page 20 and footnote 3,2026-07-27,https://episcope.eu/fileadmin/tabula/public/docs/scientific/BE_TABULA_ScientificReport_VITO.pdf,Section 4.2.3 on printed pages 44-46 / PDF pages 55-57; service measures on printed pages 49-50 / PDF pages 60-61,2026-07-27,1372,2.09242031417,20,68.6,0.104621015708,187.345,22.981,0.882239932886
Flemish Region,BE_TABULA_12,Semi-detached house,1971-1990,12,3244134,0.0369963386175,0.021674685792,120021.079985,Statbel 2025 regional T8 dwelling counts by R1-R4 type; R5/R6 retained as an excluded residual; R4 split equally between apartment archetypes,Statbel 2025 cadastral T3.* building counts jointly classified by R1-R3 building type and construction period,R1-R3 building-age profiles are applied to the matching dwelling totals; each resulting house-category dwelling retains its whole-house TABULA geometry; national absolute heat-demand and capacity results are conditional on this mapping,2025 cadastral buildings,118892.2,0.192510229295,Known-period T3.* building counts are rebinned to TABULA periods; the 1982-1991 and 2002-2011 source bins are allocated uniformly across years at the 1990 and 2005 TABULA cut-offs. The resulting age profile is scaled to the region/type 2025 T8 dwelling total.,official_Statbel_type_by_age_profiles_scaled_to_2025_type_totals,,162267,0.0476359066358,185.3,509.6,389.6,108.5,122.9,20.3,52.5,43.5,9.5,7.8,8,9.1,7.4,32.3,TABULA_existing,0.69,69,0.68,0.7,68,70,1,derived_residual,Existing=1-B-A; lower=1-B_upper-A_upper; upper=1-B_lower-A_lower,residual below EPC B,2024-01-01,Flemish houses and apartments in the weighted EPC label distribution,The weighted regional label distribution is referenced to 1 January 2024; EPC labels include standardised system and energy-performance effects; the whole-percentage A and B shares each have a 0.5 percentage-point rounding interval.,Existing State,age_and_type_specific,existing_unspecified,,,Physical parameters are read from each base archetype row.,2025,82814.5451894,81614.3343895,84014.7559892,"independence/null assumption: P(state | region, archetype) = P(state | region)",regional marginal calibrated; archetype-state joint distribution unavailable,True,True,VITO EPB2010 standard measures apply through 1991-2005; post-2005 existing cells retain the complete standard calibration state and remain eligible for advanced renovation,1,0.85,0.85,3.5,4,16.3,https://publicaties.vlaanderen.be/view-file/70827,Flemish Housing and Energy Policy Note 2024-2029 PDF page 21 / printed page 20 and footnote 3,2026-07-27,https://episcope.eu/fileadmin/tabula/public/docs/scientific/BE_TABULA_ScientificReport_VITO.pdf,Tables 9 and 10 on printed pages 45-48 / PDF pages 56-59; Table 19 on printed pages 85-86 / PDF pages 96-97,2026-07-27,6350.48,12.4616954474,20,317.524,0.62308477237,468.075,106.37054,3.100083864
Flemish Region,BE_TABULA_12,Semi-detached house,1971-1990,12,3244134,0.0369963386175,0.021674685792,120021.079985,Statbel 2025 regional T8 dwelling counts by R1-R4 type; R5/R6 retained as an excluded residual; R4 split equally between apartment archetypes,Statbel 2025 cadastral T3.* building counts jointly classified by R1-R3 building type and construction period,R1-R3 building-age profiles are applied to the matching dwelling totals; each resulting house-category dwelling retains its whole-house TABULA geometry; national absolute heat-demand and capacity results are conditional on this mapping,2025 cadastral buildings,118892.2,0.192510229295,Known-period T3.* building counts are rebinned to TABULA periods; the 1982-1991 and 2002-2011 source bins are allocated uniformly across years at the 1990 and 2005 TABULA cut-offs. The resulting age profile is scaled to the region/type 2025 T8 dwelling total.,official_Statbel_type_by_age_profiles_scaled_to_2025_type_totals,,162267,0.0476359066358,185.3,509.6,389.6,108.5,122.9,20.3,52.5,43.5,9.5,7.8,8,9.1,7.4,32.3,TABULA_standard_B_proxy,0.22,22,0.215,0.225,21.5,22.5,0.5,reported_share,reported value plus or minus half the printed unit,EPC B,2024-01-01,Flemish houses and apartments in the weighted EPC label distribution,The weighted regional label distribution is referenced to 1 January 2024; EPC B supplies a calibration anchor for the TABULA standard physical proxy; the source reports whole percentages.,Standard Measures,fixed_TABULA_EPB2010_package,exhaust_air_ventilation,0,False,TABULA states that the EPB2010 upgrade measures are already achieved by the post-2005 class; the same physical values preserve a complete state matrix while post-2005 existing cells are ineligible for medium transitions.,2025,26404.6375966,25804.5321967,27004.7429965,"independence/null assumption: P(state | region, archetype) = P(state | region)",regional marginal calibrated; archetype-state joint distribution unavailable,False,True,VITO EPB2010 standard measures apply through 1991-2005; post-2005 existing cells retain the complete standard calibration state and remain eligible for advanced renovation,0.4,0.3,0.4,2,2.9,6,https://publicaties.vlaanderen.be/view-file/70827,Flemish Housing and Energy Policy Note 2024-2029 PDF page 21 / printed page 20 and footnote 3,2026-07-27,https://episcope.eu/fileadmin/tabula/public/docs/scientific/BE_TABULA_ScientificReport_VITO.pdf,Section 4.2.3 on printed pages 44-46 / PDF pages 55-57; post-2005 applicability on printed page 54 / PDF page 65; service measures on printed pages 49-50 / PDF pages 60-61,2026-07-27,2337.6,4.58712715856,20,116.88,0.229356357928,220.38,39.1548,1.40061953589
Flemish Region,BE_TABULA_12,Semi-detached house,1971-1990,12,3244134,0.0369963386175,0.021674685792,120021.079985,Statbel 2025 regional T8 dwelling counts by R1-R4 type; R5/R6 retained as an excluded residual; R4 split equally between apartment archetypes,Statbel 2025 cadastral T3.* building counts jointly classified by R1-R3 building type and construction period,R1-R3 building-age profiles are applied to the matching dwelling totals; each resulting house-category dwelling retains its whole-house TABULA geometry; national absolute heat-demand and capacity results are conditional on this mapping,2025 cadastral buildings,118892.2,0.192510229295,Known-period T3.* building counts are rebinned to TABULA periods; the 1982-1991 and 2002-2011 source bins are allocated uniformly across years at the 1990 and 2005 TABULA cut-offs. The resulting age profile is scaled to the region/type 2025 T8 dwelling total.,official_Statbel_type_by_age_profiles_scaled_to_2025_type_totals,,162267,0.0476359066358,185.3,509.6,389.6,108.5,122.9,20.3,52.5,43.5,9.5,7.8,8,9.1,7.4,32.3,TABULA_advanced_A_proxy,0.09,9,0.085,0.095,8.5,9.5,0.5,reported_share,reported value plus or minus half the printed unit,EPC A target family including A+,2024-01-01,Flemish houses and apartments in the weighted EPC label distribution,The weighted regional label distribution is referenced to 1 January 2024; EPC A supplies a calibration anchor for the TABULA advanced physical proxy; the source reports whole percentages.,Advanced Measures,fixed_TABULA_low_energy_package,balanced_mechanical_HRV,0.8,True,TABULA applies the Low Energy package to every dwelling type.,2025,10801.8971986,10201.7917987,11402.0025985,"independence/null assumption: P(state | region, archetype) = P(state | region)",regional marginal calibrated; archetype-state joint distribution unavailable,False,False,VITO EPB2010 standard measures apply through 1991-2005; post-2005 existing cells retain the complete standard calibration state and remain eligible for advanced renovation,0.25,0.15,0.25,1.6,1.6,2.5,https://publicaties.vlaanderen.be/view-file/70827,Flemish Housing and Energy Policy Note 2024-2029 PDF page 21 / printed page 20 and footnote 3,2026-07-27,https://episcope.eu/fileadmin/tabula/public/docs/scientific/BE_TABULA_ScientificReport_VITO.pdf,Section 4.2.3 on printed pages 44-46 / PDF pages 55-57; service measures on printed pages 49-50 / PDF pages 60-61,2026-07-27,974,1.91130298273,20,48.7,0.0955651491366,142.955,16.3145,0.859522396114
Flemish Region,BE_TABULA_13,Terraced house,1971-1990,13,3244134,0.0240724191097,0.0141030745191,78094.153296,Statbel 2025 regional T8 dwelling counts by R1-R4 type; R5/R6 retained as an excluded residual; R4 split equally between apartment archetypes,Statbel 2025 cadastral T3.* building counts jointly classified by R1-R3 building type and construction period,R1-R3 building-age profiles are applied to the matching dwelling totals; each resulting house-category dwelling retains its whole-house TABULA geometry; national absolute heat-demand and capacity results are conditional on this mapping,2025 cadastral buildings,73518.3,0.111715168359,Known-period T3.* building counts are rebinned to TABULA periods; the 1982-1991 and 2002-2011 source bins are allocated uniformly across years at the 1990 and 2005 TABULA cut-offs. The resulting age profile is scaled to the region/type 2025 T8 dwelling total.,official_Statbel_type_by_age_profiles_scaled_to_2025_type_totals,,162267,0.0476359066358,168.3,462.8,256.9,78.6,70.1,12.5,34.9,27.1,9.5,5.7,6.3,5.9,6.5,24.4,TABULA_existing,0.69,69,0.68,0.7,68,70,1,derived_residual,Existing=1-B-A; lower=1-B_upper-A_upper; upper=1-B_lower-A_lower,residual below EPC B,2024-01-01,Flemish houses and apartments in the weighted EPC label distribution,The weighted regional label distribution is referenced to 1 January 2024; EPC labels include standardised system and energy-performance effects; the whole-percentage A and B shares each have a 0.5 percentage-point rounding interval.,Existing State,age_and_type_specific,existing_unspecified,,,Physical parameters are read from each base archetype row.,2025,53884.9657742,53104.0242413,54665.9073072,"independence/null assumption: P(state | region, archetype) = P(state | region)",regional marginal calibrated; archetype-state joint distribution unavailable,True,True,VITO EPB2010 standard measures apply through 1991-2005; post-2005 existing cells retain the complete standard calibration state and remain eligible for advanced renovation,1,0.85,0.85,3.5,4,14.1,https://publicaties.vlaanderen.be/view-file/70827,Flemish Housing and Energy Policy Note 2024-2029 PDF page 21 / printed page 20 and footnote 3,2026-07-27,https://episcope.eu/fileadmin/tabula/public/docs/scientific/BE_TABULA_ScientificReport_VITO.pdf,Tables 9 and 10 on printed pages 45-48 / PDF pages 56-59; Table 19 on printed pages 85-86 / PDF pages 96-97,2026-07-27,3622.29,7.82690146932,20,181.1145,0.391345073466,325.51,60.6733575,2.29461293821
Flemish Region,BE_TABULA_13,Terraced house,1971-1990,13,3244134,0.0240724191097,0.0141030745191,78094.153296,Statbel 2025 regional T8 dwelling counts by R1-R4 type; R5/R6 retained as an excluded residual; R4 split equally between apartment archetypes,Statbel 2025 cadastral T3.* building counts jointly classified by R1-R3 building type and construction period,R1-R3 building-age profiles are applied to the matching dwelling totals; each resulting house-category dwelling retains its whole-house TABULA geometry; national absolute heat-demand and capacity results are conditional on this mapping,2025 cadastral buildings,73518.3,0.111715168359,Known-period T3.* building counts are rebinned to TABULA periods; the 1982-1991 and 2002-2011 source bins are allocated uniformly across years at the 1990 and 2005 TABULA cut-offs. The resulting age profile is scaled to the region/type 2025 T8 dwelling total.,official_Statbel_type_by_age_profiles_scaled_to_2025_type_totals,,162267,0.0476359066358,168.3,462.8,256.9,78.6,70.1,12.5,34.9,27.1,9.5,5.7,6.3,5.9,6.5,24.4,TABULA_standard_B_proxy,0.22,22,0.215,0.225,21.5,22.5,0.5,reported_share,reported value plus or minus half the printed unit,EPC B,2024-01-01,Flemish houses and apartments in the weighted EPC label distribution,The weighted regional label distribution is referenced to 1 January 2024; EPC B supplies a calibration anchor for the TABULA standard physical proxy; the source reports whole percentages.,Standard Measures,fixed_TABULA_EPB2010_package,exhaust_air_ventilation,0,False,TABULA states that the EPB2010 upgrade measures are already achieved by the post-2005 class; the same physical values preserve a complete state matrix while post-2005 existing cells are ineligible for medium transitions.,2025,17180.7137251,16790.2429586,17571.1844916,"independence/null assumption: P(state | region, archetype) = P(state | region)",regional marginal calibrated; archetype-state joint distribution unavailable,False,True,VITO EPB2010 standard measures apply through 1991-2005; post-2005 existing cells retain the complete standard calibration state and remain eligible for advanced renovation,0.4,0.3,0.4,2,2.9,6,https://publicaties.vlaanderen.be/view-file/70827,Flemish Housing and Energy Policy Note 2024-2029 PDF page 21 / printed page 20 and footnote 3,2026-07-27,https://episcope.eu/fileadmin/tabula/public/docs/scientific/BE_TABULA_ScientificReport_VITO.pdf,Section 4.2.3 on printed pages 44-46 / PDF pages 55-57; post-2005 applicability on printed page 54 / PDF page 65; service measures on printed pages 49-50 / PDF pages 60-61,2026-07-27,1541.4,3.33059636992,20,77.07,0.166529818496,157.77,25.81845,1.09084046346
Flemish Region,BE_TABULA_13,Terraced house,1971-1990,13,3244134,0.0240724191097,0.0141030745191,78094.153296,Statbel 2025 regional T8 dwelling counts by R1-R4 type; R5/R6 retained as an excluded residual; R4 split equally between apartment archetypes,Statbel 2025 cadastral T3.* building counts jointly classified by R1-R3 building type and construction period,R1-R3 building-age profiles are applied to the matching dwelling totals; each resulting house-category dwelling retains its whole-house TABULA geometry; national absolute heat-demand and capacity results are conditional on this mapping,2025 cadastral buildings,73518.3,0.111715168359,Known-period T3.* building counts are rebinned to TABULA periods; the 1982-1991 and 2002-2011 source bins are allocated uniformly across years at the 1990 and 2005 TABULA cut-offs. The resulting age profile is scaled to the region/type 2025 T8 dwelling total.,official_Statbel_type_by_age_profiles_scaled_to_2025_type_totals,,162267,0.0476359066358,168.3,462.8,256.9,78.6,70.1,12.5,34.9,27.1,9.5,5.7,6.3,5.9,6.5,24.4,TABULA_advanced_A_proxy,0.09,9,0.085,0.095,8.5,9.5,0.5,reported_share,reported value plus or minus half the printed unit,EPC A target family including A+,2024-01-01,Flemish houses and apartments in the weighted EPC label distribution,The weighted regional label distribution is referenced to 1 January 2024; EPC A supplies a calibration anchor for the TABULA advanced physical proxy; the source reports whole percentages.,Advanced Measures,fixed_TABULA_low_energy_package,balanced_mechanical_HRV,0.8,True,TABULA applies the Low Energy package to every dwelling type.,2025,7028.47379664,6638.00303016,7418.94456312,"independence/null assumption: P(state | region, archetype) = P(state | region)",regional marginal calibrated; archetype-state joint distribution unavailable,False,False,VITO EPB2010 standard measures apply through 1991-2005; post-2005 existing cells retain the complete standard calibration state and remain eligible for advanced renovation,0.25,0.15,0.25,1.6,1.6,2.5,https://publicaties.vlaanderen.be/view-file/70827,Flemish Housing and Energy Policy Note 2024-2029 PDF page 21 / printed page 20 and footnote 3,2026-07-27,https://episcope.eu/fileadmin/tabula/public/docs/scientific/BE_TABULA_ScientificReport_VITO.pdf,Section 4.2.3 on printed pages 44-46 / PDF pages 55-57; service measures on printed pages 49-50 / PDF pages 60-61,2026-07-27,642.25,1.38774848747,20,32.1125,0.0693874243734,102.18,10.7576875,0.671049836601
Flemish Region,BE_TABULA_14,"Apartment, enclosed",1971-1990,14,3244134,0.0331015282866,0.0193928710694,107385.793367,Statbel 2025 regional T8 dwelling counts by R1-R4 type; R5/R6 retained as an excluded residual; R4 split equally between apartment archetypes,"Statbel Census 2021 HC37 conventional dwellings in residential buildings with 2 or 3+ dwellings, jointly classified by building size and construction period",R1-R3 building-age profiles are applied to the matching dwelling totals; each resulting house-category dwelling retains its whole-house TABULA geometry; national absolute heat-demand and capacity results are conditional on this mapping,2021 conventional dwellings in RES2+RES3+,116993.5,0.214639797897,"Occupied and unoccupied HC37 conventional dwellings in RES2 and RES3+ are summed, unknown construction periods are excluded, and the exact HC37 2001-2005/2006-2010 split is retained. The resulting age profile is scaled to the regional 2025 T8 R4 dwelling total and then split 50/50 by apartment position.",official_Statbel_type_by_age_profiles_scaled_to_2025_type_totals,"Statbel R4 apartment dwellings are split 50/50 between Apartment, enclosed and Apartment, exposed because apartment position is not identified.",162267,0.0476359066358,100.1,320.3,44.8,0,17.9,0,0,0,0,13.4,0,13.4,0,26.8,TABULA_existing,0.69,69,0.68,0.7,68,70,1,derived_residual,Existing=1-B-A; lower=1-B_upper-A_upper; upper=1-B_lower-A_lower,residual below EPC B,2024-01-01,Flemish houses and apartments in the weighted EPC label distribution,The weighted regional label distribution is referenced to 1 January 2024; EPC labels include standardised system and energy-performance effects; the whole-percentage A and B shares each have a 0.5 percentage-point rounding interval.,Existing State,age_and_type_specific,existing_unspecified,,,Physical parameters are read from each base archetype row.,2025,74096.1974229,73022.3394892,75170.0553566,"independence/null assumption: P(state | region, archetype) = P(state | region)",regional marginal calibrated; archetype-state joint distribution unavailable,True,True,VITO EPB2010 standard measures apply through 1991-2005; post-2005 existing cells retain the complete standard calibration state and remain eligible for advanced renovation,1,0.85,0.85,3.5,4,14.1,https://publicaties.vlaanderen.be/view-file/70827,Flemish Housing and Energy Policy Note 2024-2029 PDF page 21 / printed page 20 and footnote 3,2026-07-27,https://episcope.eu/fileadmin/tabula/public/docs/scientific/BE_TABULA_ScientificReport_VITO.pdf,Tables 9 and 10 on printed pages 45-48 / PDF pages 56-59; Table 19 on printed pages 85-86 / PDF pages 96-97,2026-07-27,631.68,1.97215110834,20,31.584,0.0986075554168,111.7,10.58064,1.22158481518
Flemish Region,BE_TABULA_14,"Apartment, enclosed",1971-1990,14,3244134,0.0331015282866,0.0193928710694,107385.793367,Statbel 2025 regional T8 dwelling counts by R1-R4 type; R5/R6 retained as an excluded residual; R4 split equally between apartment archetypes,"Statbel Census 2021 HC37 conventional dwellings in residential buildings with 2 or 3+ dwellings, jointly classified by building size and construction period",R1-R3 building-age profiles are applied to the matching dwelling totals; each resulting house-category dwelling retains its whole-house TABULA geometry; national absolute heat-demand and capacity results are conditional on this mapping,2021 conventional dwellings in RES2+RES3+,116993.5,0.214639797897,"Occupied and unoccupied HC37 conventional dwellings in RES2 and RES3+ are summed, unknown construction periods are excluded, and the exact HC37 2001-2005/2006-2010 split is retained. The resulting age profile is scaled to the regional 2025 T8 R4 dwelling total and then split 50/50 by apartment position.",official_Statbel_type_by_age_profiles_scaled_to_2025_type_totals,"Statbel R4 apartment dwellings are split 50/50 between Apartment, enclosed and Apartment, exposed because apartment position is not identified.",162267,0.0476359066358,100.1,320.3,44.8,0,17.9,0,0,0,0,13.4,0,13.4,0,26.8,TABULA_standard_B_proxy,0.22,22,0.215,0.225,21.5,22.5,0.5,reported_share,reported value plus or minus half the printed unit,EPC B,2024-01-01,Flemish houses and apartments in the weighted EPC label distribution,The weighted regional label distribution is referenced to 1 January 2024; EPC B supplies a calibration anchor for the TABULA standard physical proxy; the source reports whole percentages.,Standard Measures,fixed_TABULA_EPB2010_package,exhaust_air_ventilation,0,False,TABULA states that the EPB2010 upgrade measures are already achieved by the post-2005 class; the same physical values preserve a complete state matrix while post-2005 existing cells are ineligible for medium transitions.,2025,23624.8745406,23087.9455738,24161.8035075,"independence/null assumption: P(state | region, archetype) = P(state | region)",regional marginal calibrated; archetype-state joint distribution unavailable,False,True,VITO EPB2010 standard measures apply through 1991-2005; post-2005 existing cells retain the complete standard calibration state and remain eligible for advanced renovation,0.4,0.3,0.4,2,2.9,6,https://publicaties.vlaanderen.be/view-file/70827,Flemish Housing and Energy Policy Note 2024-2029 PDF page 21 / printed page 20 and footnote 3,2026-07-27,https://episcope.eu/fileadmin/tabula/public/docs/scientific/BE_TABULA_ScientificReport_VITO.pdf,Section 4.2.3 on printed pages 44-46 / PDF pages 55-57; post-2005 applicability on printed page 54 / PDF page 65; service measures on printed pages 49-50 / PDF pages 60-61,2026-07-27,268.8,0.83921323759,20,13.44,0.0419606618795,60.76,4.5024,0.651972027972
Flemish Region,BE_TABULA_14,"Apartment, enclosed",1971-1990,14,3244134,0.0331015282866,0.0193928710694,107385.793367,Statbel 2025 regional T8 dwelling counts by R1-R4 type; R5/R6 retained as an excluded residual; R4 split equally between apartment archetypes,"Statbel Census 2021 HC37 conventional dwellings in residential buildings with 2 or 3+ dwellings, jointly classified by building size and construction period",R1-R3 building-age profiles are applied to the matching dwelling totals; each resulting house-category dwelling retains its whole-house TABULA geometry; national absolute heat-demand and capacity results are conditional on this mapping,2021 conventional dwellings in RES2+RES3+,116993.5,0.214639797897,"Occupied and unoccupied HC37 conventional dwellings in RES2 and RES3+ are summed, unknown construction periods are excluded, and the exact HC37 2001-2005/2006-2010 split is retained. The resulting age profile is scaled to the regional 2025 T8 R4 dwelling total and then split 50/50 by apartment position.",official_Statbel_type_by_age_profiles_scaled_to_2025_type_totals,"Statbel R4 apartment dwellings are split 50/50 between Apartment, enclosed and Apartment, exposed because apartment position is not identified.",162267,0.0476359066358,100.1,320.3,44.8,0,17.9,0,0,0,0,13.4,0,13.4,0,26.8,TABULA_advanced_A_proxy,0.09,9,0.085,0.095,8.5,9.5,0.5,reported_share,reported value plus or minus half the printed unit,EPC A target family including A+,2024-01-01,Flemish houses and apartments in the weighted EPC label distribution,The weighted regional label distribution is referenced to 1 January 2024; EPC A supplies a calibration anchor for the TABULA advanced physical proxy; the source reports whole percentages.,Advanced Measures,fixed_TABULA_low_energy_package,balanced_mechanical_HRV,0.8,True,TABULA applies the Low Energy package to every dwelling type.,2025,9664.72140299,9127.79243615,10201.6503698,"independence/null assumption: P(state | region, archetype) = P(state | region)",regional marginal calibrated; archetype-state joint distribution unavailable,False,False,VITO EPB2010 standard measures apply through 1991-2005; post-2005 existing cells retain the complete standard calibration state and remain eligible for advanced renovation,0.25,0.15,0.25,1.6,1.6,2.5,https://publicaties.vlaanderen.be/view-file/70827,Flemish Housing and Energy Policy Note 2024-2029 PDF page 21 / printed page 20 and footnote 3,2026-07-27,https://episcope.eu/fileadmin/tabula/public/docs/scientific/BE_TABULA_ScientificReport_VITO.pdf,Section 4.2.3 on printed pages 44-46 / PDF pages 55-57; service measures on printed pages 49-50 / PDF pages 60-61,2026-07-27,112,0.349672182329,20,5.6,0.0174836091165,47.355,1.876,0.491818181818
Flemish Region,BE_TABULA_15,"Apartment, exposed",1971-1990,15,3244134,0.0331015282866,0.0193928710694,107385.793367,Statbel 2025 regional T8 dwelling counts by R1-R4 type; R5/R6 retained as an excluded residual; R4 split equally between apartment archetypes,"Statbel Census 2021 HC37 conventional dwellings in residential buildings with 2 or 3+ dwellings, jointly classified by building size and construction period",R1-R3 building-age profiles are applied to the matching dwelling totals; each resulting house-category dwelling retains its whole-house TABULA geometry; national absolute heat-demand and capacity results are conditional on this mapping,2021 conventional dwellings in RES2+RES3+,116993.5,0.214639797897,"Occupied and unoccupied HC37 conventional dwellings in RES2 and RES3+ are summed, unknown construction periods are excluded, and the exact HC37 2001-2005/2006-2010 split is retained. The resulting age profile is scaled to the regional 2025 T8 R4 dwelling total and then split 50/50 by apartment position.",official_Statbel_type_by_age_profiles_scaled_to_2025_type_totals,"Statbel R4 apartment dwellings are split 50/50 between Apartment, enclosed and Apartment, exposed because apartment position is not identified.",162267,0.0476359066358,100.1,320.3,190.7,100.1,63.7,0,0,0,0,13.4,0,13.4,0,26.8,TABULA_existing,0.69,69,0.68,0.7,68,70,1,derived_residual,Existing=1-B-A; lower=1-B_upper-A_upper; upper=1-B_lower-A_lower,residual below EPC B,2024-01-01,Flemish houses and apartments in the weighted EPC label distribution,The weighted regional label distribution is referenced to 1 January 2024; EPC labels include standardised system and energy-performance effects; the whole-percentage A and B shares each have a 0.5 percentage-point rounding interval.,Existing State,age_and_type_specific,existing_unspecified,,,Physical parameters are read from each base archetype row.,2025,74096.1974229,73022.3394892,75170.0553566,"independence/null assumption: P(state | region, archetype) = P(state | region)",regional marginal calibrated; archetype-state joint distribution unavailable,True,True,VITO EPB2010 standard measures apply through 1991-2005; post-2005 existing cells retain the complete standard calibration state and remain eligible for advanced renovation,1,0.85,0.85,3.5,4,14.1,https://publicaties.vlaanderen.be/view-file/70827,Flemish Housing and Energy Policy Note 2024-2029 PDF page 21 / printed page 20 and footnote 3,2026-07-27,https://episcope.eu/fileadmin/tabula/public/docs/scientific/BE_TABULA_ScientificReport_VITO.pdf,Tables 9 and 10 on printed pages 45-48 / PDF pages 56-59; Table 19 on printed pages 85-86 / PDF pages 96-97,2026-07-27,2688.87,8.39484857946,20,134.4435,0.419742428973,242.585,45.0385725,2.87336236264
Flemish Region,BE_TABULA_15,"Apartment, exposed",1971-1990,15,3244134,0.0331015282866,0.0193928710694,107385.793367,Statbel 2025 regional T8 dwelling counts by R1-R4 type; R5/R6 retained as an excluded residual; R4 split equally between apartment archetypes,"Statbel Census 2021 HC37 conventional dwellings in residential buildings with 2 or 3+ dwellings, jointly classified by building size and construction period",R1-R3 building-age profiles are applied to the matching dwelling totals; each resulting house-category dwelling retains its whole-house TABULA geometry; national absolute heat-demand and capacity results are conditional on this mapping,2021 conventional dwellings in RES2+RES3+,116993.5,0.214639797897,"Occupied and unoccupied HC37 conventional dwellings in RES2 and RES3+ are summed, unknown construction periods are excluded, and the exact HC37 2001-2005/2006-2010 split is retained. The resulting age profile is scaled to the regional 2025 T8 R4 dwelling total and then split 50/50 by apartment position.",official_Statbel_type_by_age_profiles_scaled_to_2025_type_totals,"Statbel R4 apartment dwellings are split 50/50 between Apartment, enclosed and Apartment, exposed because apartment position is not identified.",162267,0.0476359066358,100.1,320.3,190.7,100.1,63.7,0,0,0,0,13.4,0,13.4,0,26.8,TABULA_standard_B_proxy,0.22,22,0.215,0.225,21.5,22.5,0.5,reported_share,reported value plus or minus half the printed unit,EPC B,2024-01-01,Flemish houses and apartments in the weighted EPC label distribution,The weighted regional label distribution is referenced to 1 January 2024; EPC B supplies a calibration anchor for the TABULA standard physical proxy; the source reports whole percentages.,Standard Measures,fixed_TABULA_EPB2010_package,exhaust_air_ventilation,0,False,TABULA states that the EPB2010 upgrade measures are already achieved by the post-2005 class; the same physical values preserve a complete state matrix while post-2005 existing cells are ineligible for medium transitions.,2025,23624.8745406,23087.9455738,24161.8035075,"independence/null assumption: P(state | region, archetype) = P(state | region)",regional marginal calibrated; archetype-state joint distribution unavailable,False,True,VITO EPB2010 standard measures apply through 1991-2005; post-2005 existing cells retain the complete standard calibration state and remain eligible for advanced renovation,0.4,0.3,0.4,2,2.9,6,https://publicaties.vlaanderen.be/view-file/70827,Flemish Housing and Energy Policy Note 2024-2029 PDF page 21 / printed page 20 and footnote 3,2026-07-27,https://episcope.eu/fileadmin/tabula/public/docs/scientific/BE_TABULA_ScientificReport_VITO.pdf,Section 4.2.3 on printed pages 44-46 / PDF pages 55-57; post-2005 applicability on printed page 54 / PDF page 65; service measures on printed pages 49-50 / PDF pages 60-61,2026-07-27,1144.2,3.57227599126,20,57.21,0.178613799563,109.11,19.16535,1.28147202797
Flemish Region,BE_TABULA_15,"Apartment, exposed",1971-1990,15,3244134,0.0331015282866,0.0193928710694,107385.793367,Statbel 2025 regional T8 dwelling counts by R1-R4 type; R5/R6 retained as an excluded residual; R4 split equally between apartment archetypes,"Statbel Census 2021 HC37 conventional dwellings in residential buildings with 2 or 3+ dwellings, jointly classified by building size and construction period",R1-R3 building-age profiles are applied to the matching dwelling totals; each resulting house-category dwelling retains its whole-house TABULA geometry; national absolute heat-demand and capacity results are conditional on this mapping,2021 conventional dwellings in RES2+RES3+,116993.5,0.214639797897,"Occupied and unoccupied HC37 conventional dwellings in RES2 and RES3+ are summed, unknown construction periods are excluded, and the exact HC37 2001-2005/2006-2010 split is retained. The resulting age profile is scaled to the regional 2025 T8 R4 dwelling total and then split 50/50 by apartment position.",official_Statbel_type_by_age_profiles_scaled_to_2025_type_totals,"Statbel R4 apartment dwellings are split 50/50 between Apartment, enclosed and Apartment, exposed because apartment position is not identified.",162267,0.0476359066358,100.1,320.3,190.7,100.1,63.7,0,0,0,0,13.4,0,13.4,0,26.8,TABULA_advanced_A_proxy,0.09,9,0.085,0.095,8.5,9.5,0.5,reported_share,reported value plus or minus half the printed unit,EPC A target family including A+,2024-01-01,Flemish houses and apartments in the weighted EPC label distribution,The weighted regional label distribution is referenced to 1 January 2024; EPC A supplies a calibration anchor for the TABULA advanced physical proxy; the source reports whole percentages.,Advanced Measures,fixed_TABULA_low_energy_package,balanced_mechanical_HRV,0.8,True,TABULA applies the Low Energy package to every dwelling type.,2025,9664.72140299,9127.79243615,10201.6503698,"independence/null assumption: P(state | region, archetype) = P(state | region)",regional marginal calibrated; archetype-state joint distribution unavailable,False,False,VITO EPB2010 standard measures apply through 1991-2005; post-2005 existing cells retain the complete standard calibration state and remain eligible for advanced renovation,0.25,0.15,0.25,1.6,1.6,2.5,https://publicaties.vlaanderen.be/view-file/70827,Flemish Housing and Energy Policy Note 2024-2029 PDF page 21 / printed page 20 and footnote 3,2026-07-27,https://episcope.eu/fileadmin/tabula/public/docs/scientific/BE_TABULA_ScientificReport_VITO.pdf,Section 4.2.3 on printed pages 44-46 / PDF pages 55-57; service measures on printed pages 49-50 / PDF pages 60-61,2026-07-27,476.75,1.48844832969,20,23.8375,0.0744224164845,73.82,7.9855625,0.817238386613
Flemish Region,BE_TABULA_16,Detached house,1991-2005,16,3244134,0.0587365052112,0.0344113861682,190549.093597,Statbel 2025 regional T8 dwelling counts by R1-R4 type; R5/R6 retained as an excluded residual; R4 split equally between apartment archetypes,Statbel 2025 cadastral T3.* building counts jointly classified by R1-R3 building type and construction period,R1-R3 building-age profiles are applied to the matching dwelling totals; each resulting house-category dwelling retains its whole-house TABULA geometry; national absolute heat-demand and capacity results are conditional on this mapping,2025 cadastral buildings,189203.9,0.206889202837,Known-period T3.* building counts are rebinned to TABULA periods; the 1982-1991 and 2002-2011 source bins are allocated uniformly across years at the 1990 and 2005 TABULA cut-offs. The resulting age profile is scaled to the region/type 2025 T8 dwelling total.,official_Statbel_type_by_age_profiles_scaled_to_2025_type_totals,,162267,0.0476359066358,258.4,710.5,558.1,161.6,183.4,17.6,50.7,88.1,11.5,9.9,11.1,13,11.4,45.4,TABULA_existing,0.69,69,0.68,0.7,68,70,1,derived_residual,Existing=1-B-A; lower=1-B_upper-A_upper; upper=1-B_lower-A_lower,residual below EPC B,2024-01-01,Flemish houses and apartments in the weighted EPC label distribution,The weighted regional label distribution is referenced to 1 January 2024; EPC labels include standardised system and energy-performance effects; the whole-percentage A and B shares each have a 0.5 percentage-point rounding interval.,Existing State,age_and_type_specific,existing_unspecified,,,Physical parameters are read from each base archetype row.,2025,131478.874582,129573.383646,133384.365518,"independence/null assumption: P(state | region, archetype) = P(state | region)",regional marginal calibrated; archetype-state joint distribution unavailable,True,True,VITO EPB2010 standard measures apply through 1991-2005; post-2005 existing cells retain the complete standard calibration state and remain eligible for advanced renovation,0.6,0.6,0.7,3.5,3.5,12,https://publicaties.vlaanderen.be/view-file/70827,Flemish Housing and Energy Policy Note 2024-2029 PDF page 21 / printed page 20 and footnote 3,2026-07-27,https://episcope.eu/fileadmin/tabula/public/docs/scientific/BE_TABULA_ScientificReport_VITO.pdf,Tables 9 and 10 on printed pages 45-48 / PDF pages 56-59; Table 19 on printed pages 85-86 / PDF pages 96-97,2026-07-27,6697.2,9.42603800141,20,334.86,0.47130190007,513.87,112.1781,2.42278676471
Flemish Region,BE_TABULA_16,Detached house,1991-2005,16,3244134,0.0587365052112,0.0344113861682,190549.093597,Statbel 2025 regional T8 dwelling counts by R1-R4 type; R5/R6 retained as an excluded residual; R4 split equally between apartment archetypes,Statbel 2025 cadastral T3.* building counts jointly classified by R1-R3 building type and construction period,R1-R3 building-age profiles are applied to the matching dwelling totals; each resulting house-category dwelling retains its whole-house TABULA geometry; national absolute heat-demand and capacity results are conditional on this mapping,2025 cadastral buildings,189203.9,0.206889202837,Known-period T3.* building counts are rebinned to TABULA periods; the 1982-1991 and 2002-2011 source bins are allocated uniformly across years at the 1990 and 2005 TABULA cut-offs. The resulting age profile is scaled to the region/type 2025 T8 dwelling total.,official_Statbel_type_by_age_profiles_scaled_to_2025_type_totals,,162267,0.0476359066358,258.4,710.5,558.1,161.6,183.4,17.6,50.7,88.1,11.5,9.9,11.1,13,11.4,45.4,TABULA_standard_B_proxy,0.22,22,0.215,0.225,21.5,22.5,0.5,reported_share,reported value plus or minus half the printed unit,EPC B,2024-01-01,Flemish houses and apartments in the weighted EPC label distribution,The weighted regional label distribution is referenced to 1 January 2024; EPC B supplies a calibration anchor for the TABULA standard physical proxy; the source reports whole percentages.,Standard Measures,fixed_TABULA_EPB2010_package,exhaust_air_ventilation,0,False,TABULA states that the EPB2010 upgrade measures are already achieved by the post-2005 class; the same physical values preserve a complete state matrix while post-2005 existing cells are ineligible for medium transitions.,2025,41920.8005913,40968.0551233,42873.5460593,"independence/null assumption: P(state | region, archetype) = P(state | region)",regional marginal calibrated; archetype-state joint distribution unavailable,False,True,VITO EPB2010 standard measures apply through 1991-2005; post-2005 existing cells retain the complete standard calibration state and remain eligible for advanced renovation,0.4,0.3,0.4,2,2.9,6,https://publicaties.vlaanderen.be/view-file/70827,Flemish Housing and Energy Policy Note 2024-2029 PDF page 21 / printed page 20 and footnote 3,2026-07-27,https://episcope.eu/fileadmin/tabula/public/docs/scientific/BE_TABULA_ScientificReport_VITO.pdf,Section 4.2.3 on printed pages 44-46 / PDF pages 55-57; post-2005 applicability on printed page 54 / PDF page 65; service measures on printed pages 49-50 / PDF pages 60-61,2026-07-27,3348.6,4.7130190007,20,167.43,0.235650950035,308.55,56.08905,1.41114183437
Flemish Region,BE_TABULA_16,Detached house,1991-2005,16,3244134,0.0587365052112,0.0344113861682,190549.093597,Statbel 2025 regional T8 dwelling counts by R1-R4 type; R5/R6 retained as an excluded residual; R4 split equally between apartment archetypes,Statbel 2025 cadastral T3.* building counts jointly classified by R1-R3 building type and construction period,R1-R3 building-age profiles are applied to the matching dwelling totals; each resulting house-category dwelling retains its whole-house TABULA geometry; national absolute heat-demand and capacity results are conditional on this mapping,2025 cadastral buildings,189203.9,0.206889202837,Known-period T3.* building counts are rebinned to TABULA periods; the 1982-1991 and 2002-2011 source bins are allocated uniformly across years at the 1990 and 2005 TABULA cut-offs. The resulting age profile is scaled to the region/type 2025 T8 dwelling total.,official_Statbel_type_by_age_profiles_scaled_to_2025_type_totals,,162267,0.0476359066358,258.4,710.5,558.1,161.6,183.4,17.6,50.7,88.1,11.5,9.9,11.1,13,11.4,45.4,TABULA_advanced_A_proxy,0.09,9,0.085,0.095,8.5,9.5,0.5,reported_share,reported value plus or minus half the printed unit,EPC A target family including A+,2024-01-01,Flemish houses and apartments in the weighted EPC label distribution,The weighted regional label distribution is referenced to 1 January 2024; EPC A supplies a calibration anchor for the TABULA advanced physical proxy; the source reports whole percentages.,Advanced Measures,fixed_TABULA_low_energy_package,balanced_mechanical_HRV,0.8,True,TABULA applies the Low Energy package to every dwelling type.,2025,17149.4184237,16196.6729557,18102.1638917,"independence/null assumption: P(state | region, archetype) = P(state | region)",regional marginal calibrated; archetype-state joint distribution unavailable,False,False,VITO EPB2010 standard measures apply through 1991-2005; post-2005 existing cells retain the complete standard calibration state and remain eligible for advanced renovation,0.25,0.15,0.25,1.6,1.6,2.5,https://publicaties.vlaanderen.be/view-file/70827,Flemish Housing and Energy Policy Note 2024-2029 PDF page 21 / printed page 20 and footnote 3,2026-07-27,https://episcope.eu/fileadmin/tabula/public/docs/scientific/BE_TABULA_ScientificReport_VITO.pdf,Section 4.2.3 on printed pages 44-46 / PDF pages 55-57; service measures on printed pages 49-50 / PDF pages 60-61,2026-07-27,1395.25,1.96375791696,20,69.7625,0.098187895848,200.23,23.3704375,0.865326770511
Flemish Region,BE_TABULA_17,Semi-detached house,1991-2005,17,3244134,0.0202522344295,0.0118649800021,65700.9622888,Statbel 2025 regional T8 dwelling counts by R1-R4 type; R5/R6 retained as an excluded residual; R4 split equally between apartment archetypes,Statbel 2025 cadastral T3.* building counts jointly classified by R1-R3 building type and construction period,R1-R3 building-age profiles are applied to the matching dwelling totals; each resulting house-category dwelling retains its whole-house TABULA geometry; national absolute heat-demand and capacity results are conditional on this mapping,2025 cadastral buildings,65083,0.105382382134,Known-period T3.* building counts are rebinned to TABULA periods; the 1982-1991 and 2002-2011 source bins are allocated uniformly across years at the 1990 and 2005 TABULA cut-offs. The resulting age profile is scaled to the region/type 2025 T8 dwelling total.,official_Statbel_type_by_age_profiles_scaled_to_2025_type_totals,,162267,0.0476359066358,224,615.9,410,125.2,121.4,16.5,65.7,37.7,9.5,8.1,6.9,9,10.1,34.1,TABULA_existing,0.69,69,0.68,0.7,68,70,1,derived_residual,Existing=1-B-A; lower=1-B_upper-A_upper; upper=1-B_lower-A_lower,residual below EPC B,2024-01-01,Flemish houses and apartments in the weighted EPC label distribution,The weighted regional label distribution is referenced to 1 January 2024; EPC labels include standardised system and energy-performance effects; the whole-percentage A and B shares each have a 0.5 percentage-point rounding interval.,Existing State,age_and_type_specific,existing_unspecified,,,Physical parameters are read from each base archetype row.,2025,45333.6639793,44676.6543564,45990.6736022,"independence/null assumption: P(state | region, archetype) = P(state | region)",regional marginal calibrated; archetype-state joint distribution unavailable,True,True,VITO EPB2010 standard measures apply through 1991-2005; post-2005 existing cells retain the complete standard calibration state and remain eligible for advanced renovation,0.6,0.6,0.7,3.5,3.5,12,https://publicaties.vlaanderen.be/view-file/70827,Flemish Housing and Energy Policy Note 2024-2029 PDF page 21 / printed page 20 and footnote 3,2026-07-27,https://episcope.eu/fileadmin/tabula/public/docs/scientific/BE_TABULA_ScientificReport_VITO.pdf,Tables 9 and 10 on printed pages 45-48 / PDF pages 56-59; Table 19 on printed pages 85-86 / PDF pages 96-97,2026-07-27,4920,7.98830979055,20,246,0.399415489528,382.84,82.41,2.07700892857
Flemish Region,BE_TABULA_17,Semi-detached house,1991-2005,17,3244134,0.0202522344295,0.0118649800021,65700.9622888,Statbel 2025 regional T8 dwelling counts by R1-R4 type; R5/R6 retained as an excluded residual; R4 split equally between apartment archetypes,Statbel 2025 cadastral T3.* building counts jointly classified by R1-R3 building type and construction period,R1-R3 building-age profiles are applied to the matching dwelling totals; each resulting house-category dwelling retains its whole-house TABULA geometry; national absolute heat-demand and capacity results are conditional on this mapping,2025 cadastral buildings,65083,0.105382382134,Known-period T3.* building counts are rebinned to TABULA periods; the 1982-1991 and 2002-2011 source bins are allocated uniformly across years at the 1990 and 2005 TABULA cut-offs. The resulting age profile is scaled to the region/type 2025 T8 dwelling total.,official_Statbel_type_by_age_profiles_scaled_to_2025_type_totals,,162267,0.0476359066358,224,615.9,410,125.2,121.4,16.5,65.7,37.7,9.5,8.1,6.9,9,10.1,34.1,TABULA_standard_B_proxy,0.22,22,0.215,0.225,21.5,22.5,0.5,reported_share,reported value plus or minus half the printed unit,EPC B,2024-01-01,Flemish houses and apartments in the weighted EPC label distribution,The weighted regional label distribution is referenced to 1 January 2024; EPC B supplies a calibration anchor for the TABULA standard physical proxy; the source reports whole percentages.,Standard Measures,fixed_TABULA_EPB2010_package,exhaust_air_ventilation,0,False,TABULA states that the EPB2010 upgrade measures are already achieved by the post-2005 class; the same physical values preserve a complete state matrix while post-2005 existing cells are ineligible for medium transitions.,2025,14454.2117035,14125.7068921,14782.716515,"independence/null assumption: P(state | region, archetype) = P(state | region)",regional marginal calibrated; archetype-state joint distribution unavailable,False,True,VITO EPB2010 standard measures apply through 1991-2005; post-2005 existing cells retain the complete standard calibration state and remain eligible for advanced renovation,0.4,0.3,0.4,2,2.9,6,https://publicaties.vlaanderen.be/view-file/70827,Flemish Housing and Energy Policy Note 2024-2029 PDF page 21 / printed page 20 and footnote 3,2026-07-27,https://episcope.eu/fileadmin/tabula/public/docs/scientific/BE_TABULA_ScientificReport_VITO.pdf,Section 4.2.3 on printed pages 44-46 / PDF pages 55-57; post-2005 applicability on printed page 54 / PDF page 65; service measures on printed pages 49-50 / PDF pages 60-61,2026-07-27,2460,3.99415489528,20,123,0.199707744764,229.83,41.205,1.20997767857
Flemish Region,BE_TABULA_17,Semi-detached house,1991-2005,17,3244134,0.0202522344295,0.0118649800021,65700.9622888,Statbel 2025 regional T8 dwelling counts by R1-R4 type; R5/R6 retained as an excluded residual; R4 split equally between apartment archetypes,Statbel 2025 cadastral T3.* building counts jointly classified by R1-R3 building type and construction period,R1-R3 building-age profiles are applied to the matching dwelling totals; each resulting house-category dwelling retains its whole-house TABULA geometry; national absolute heat-demand and capacity results are conditional on this mapping,2025 cadastral buildings,65083,0.105382382134,Known-period T3.* building counts are rebinned to TABULA periods; the 1982-1991 and 2002-2011 source bins are allocated uniformly across years at the 1990 and 2005 TABULA cut-offs. The resulting age profile is scaled to the region/type 2025 T8 dwelling total.,official_Statbel_type_by_age_profiles_scaled_to_2025_type_totals,,162267,0.0476359066358,224,615.9,410,125.2,121.4,16.5,65.7,37.7,9.5,8.1,6.9,9,10.1,34.1,TABULA_advanced_A_proxy,0.09,9,0.085,0.095,8.5,9.5,0.5,reported_share,reported value plus or minus half the printed unit,EPC A target family including A+,2024-01-01,Flemish houses and apartments in the weighted EPC label distribution,The weighted regional label distribution is referenced to 1 January 2024; EPC A supplies a calibration anchor for the TABULA advanced physical proxy; the source reports whole percentages.,Advanced Measures,fixed_TABULA_low_energy_package,balanced_mechanical_HRV,0.8,True,TABULA applies the Low Energy package to every dwelling type.,2025,5913.086606,5584.58179455,6241.59141744,"independence/null assumption: P(state | region, archetype) = P(state | region)",regional marginal calibrated; archetype-state joint distribution unavailable,False,False,VITO EPB2010 standard measures apply through 1991-2005; post-2005 existing cells retain the complete standard calibration state and remain eligible for advanced renovation,0.25,0.15,0.25,1.6,1.6,2.5,https://publicaties.vlaanderen.be/view-file/70827,Flemish Housing and Energy Policy Note 2024-2029 PDF page 21 / printed page 20 and footnote 3,2026-07-27,https://episcope.eu/fileadmin/tabula/public/docs/scientific/BE_TABULA_ScientificReport_VITO.pdf,Section 4.2.3 on printed pages 44-46 / PDF pages 55-57; service measures on printed pages 49-50 / PDF pages 60-61,2026-07-27,1025,1.66423120636,20,51.25,0.0832115603182,148.865,17.16875,0.741222098214
Flemish Region,BE_TABULA_18,Terraced house,1991-2005,18,3244134,0.0101067533451,0.00592114547866,32787.6621564,Statbel 2025 regional T8 dwelling counts by R1-R4 type; R5/R6 retained as an excluded residual; R4 split equally between apartment archetypes,Statbel 2025 cadastral T3.* building counts jointly classified by R1-R3 building type and construction period,R1-R3 building-age profiles are applied to the matching dwelling totals; each resulting house-category dwelling retains its whole-house TABULA geometry; national absolute heat-demand and capacity results are conditional on this mapping,2025 cadastral buildings,30866.5,0.0469033729583,Known-period T3.* building counts are rebinned to TABULA periods; the 1982-1991 and 2002-2011 source bins are allocated uniformly across years at the 1990 and 2005 TABULA cut-offs. The resulting age profile is scaled to the region/type 2025 T8 dwelling total.,official_Statbel_type_by_age_profiles_scaled_to_2025_type_totals,,162267,0.0476359066358,191.6,526.9,264.5,80.9,75.2,9,37.9,25.3,9.5,6.2,6.5,6.1,7.9,26.7,TABULA_existing,0.69,69,0.68,0.7,68,70,1,derived_residual,Existing=1-B-A; lower=1-B_upper-A_upper; upper=1-B_lower-A_lower,residual below EPC B,2024-01-01,Flemish houses and apartments in the weighted EPC label distribution,The weighted regional label distribution is referenced to 1 January 2024; EPC labels include standardised system and energy-performance effects; the whole-percentage A and B shares each have a 0.5 percentage-point rounding interval.,Existing State,age_and_type_specific,existing_unspecified,,,Physical parameters are read from each base archetype row.,2025,22623.4868879,22295.6102663,22951.3635095,"independence/null assumption: P(state | region, archetype) = P(state | region)",regional marginal calibrated; archetype-state joint distribution unavailable,True,True,VITO EPB2010 standard measures apply through 1991-2005; post-2005 existing cells retain the complete standard calibration state and remain eligible for advanced renovation,0.6,0.6,0.7,3.5,3.5,10,https://publicaties.vlaanderen.be/view-file/70827,Flemish Housing and Energy Policy Note 2024-2029 PDF page 21 / printed page 20 and footnote 3,2026-07-27,https://episcope.eu/fileadmin/tabula/public/docs/scientific/BE_TABULA_ScientificReport_VITO.pdf,Tables 9 and 10 on printed pages 45-48 / PDF pages 56-59; Table 19 on printed pages 85-86 / PDF pages 96-97,2026-07-27,2645,5.01992788005,20,132.25,0.250996394003,270,44.30375,1.64041623173
Flemish Region,BE_TABULA_18,Terraced house,1991-2005,18,3244134,0.0101067533451,0.00592114547866,32787.6621564,Statbel 2025 regional T8 dwelling counts by R1-R4 type; R5/R6 retained as an excluded residual; R4 split equally between apartment archetypes,Statbel 2025 cadastral T3.* building counts jointly classified by R1-R3 building type and construction period,R1-R3 building-age profiles are applied to the matching dwelling totals; each resulting house-category dwelling retains its whole-house TABULA geometry; national absolute heat-demand and capacity results are conditional on this mapping,2025 cadastral buildings,30866.5,0.0469033729583,Known-period T3.* building counts are rebinned to TABULA periods; the 1982-1991 and 2002-2011 source bins are allocated uniformly across years at the 1990 and 2005 TABULA cut-offs. The resulting age profile is scaled to the region/type 2025 T8 dwelling total.,official_Statbel_type_by_age_profiles_scaled_to_2025_type_totals,,162267,0.0476359066358,191.6,526.9,264.5,80.9,75.2,9,37.9,25.3,9.5,6.2,6.5,6.1,7.9,26.7,TABULA_standard_B_proxy,0.22,22,0.215,0.225,21.5,22.5,0.5,reported_share,reported value plus or minus half the printed unit,EPC B,2024-01-01,Flemish houses and apartments in the weighted EPC label distribution,The weighted regional label distribution is referenced to 1 January 2024; EPC B supplies a calibration anchor for the TABULA standard physical proxy; the source reports whole percentages.,Standard Measures,fixed_TABULA_EPB2010_package,exhaust_air_ventilation,0,False,TABULA states that the EPB2010 upgrade measures are already achieved by the post-2005 class; the same physical values preserve a complete state matrix while post-2005 existing cells are ineligible for medium transitions.,2025,7213.2856744,7049.34736362,7377.22398518,"independence/null assumption: P(state | region, archetype) = P(state | region)",regional marginal calibrated; archetype-state joint distribution unavailable,False,True,VITO EPB2010 standard measures apply through 1991-2005; post-2005 existing cells retain the complete standard calibration state and remain eligible for advanced renovation,0.4,0.3,0.4,2,2.9,6,https://publicaties.vlaanderen.be/view-file/70827,Flemish Housing and Energy Policy Note 2024-2029 PDF page 21 / printed page 20 and footnote 3,2026-07-27,https://episcope.eu/fileadmin/tabula/public/docs/scientific/BE_TABULA_ScientificReport_VITO.pdf,Section 4.2.3 on printed pages 44-46 / PDF pages 55-57; post-2005 applicability on printed page 54 / PDF page 65; service measures on printed pages 49-50 / PDF pages 60-61,2026-07-27,1587,3.01195672803,20,79.35,0.150597836402,164.18,26.58225,0.995627609603
Flemish Region,BE_TABULA_18,Terraced house,1991-2005,18,3244134,0.0101067533451,0.00592114547866,32787.6621564,Statbel 2025 regional T8 dwelling counts by R1-R4 type; R5/R6 retained as an excluded residual; R4 split equally between apartment archetypes,Statbel 2025 cadastral T3.* building counts jointly classified by R1-R3 building type and construction period,R1-R3 building-age profiles are applied to the matching dwelling totals; each resulting house-category dwelling retains its whole-house TABULA geometry; national absolute heat-demand and capacity results are conditional on this mapping,2025 cadastral buildings,30866.5,0.0469033729583,Known-period T3.* building counts are rebinned to TABULA periods; the 1982-1991 and 2002-2011 source bins are allocated uniformly across years at the 1990 and 2005 TABULA cut-offs. The resulting age profile is scaled to the region/type 2025 T8 dwelling total.,official_Statbel_type_by_age_profiles_scaled_to_2025_type_totals,,162267,0.0476359066358,191.6,526.9,264.5,80.9,75.2,9,37.9,25.3,9.5,6.2,6.5,6.1,7.9,26.7,TABULA_advanced_A_proxy,0.09,9,0.085,0.095,8.5,9.5,0.5,reported_share,reported value plus or minus half the printed unit,EPC A target family including A+,2024-01-01,Flemish houses and apartments in the weighted EPC label distribution,The weighted regional label distribution is referenced to 1 January 2024; EPC A supplies a calibration anchor for the TABULA advanced physical proxy; the source reports whole percentages.,Advanced Measures,fixed_TABULA_low_energy_package,balanced_mechanical_HRV,0.8,True,TABULA applies the Low Energy package to every dwelling type.,2025,2950.88959407,2786.95128329,3114.82790486,"independence/null assumption: P(state | region, archetype) = P(state | region)",regional marginal calibrated; archetype-state joint distribution unavailable,False,False,VITO EPB2010 standard measures apply through 1991-2005; post-2005 existing cells retain the complete standard calibration state and remain eligible for advanced renovation,0.25,0.15,0.25,1.6,1.6,2.5,https://publicaties.vlaanderen.be/view-file/70827,Flemish Housing and Energy Policy Note 2024-2029 PDF page 21 / printed page 20 and footnote 3,2026-07-27,https://episcope.eu/fileadmin/tabula/public/docs/scientific/BE_TABULA_ScientificReport_VITO.pdf,Section 4.2.3 on printed pages 44-46 / PDF pages 55-57; service measures on printed pages 49-50 / PDF pages 60-61,2026-07-27,661.25,1.25498197001,20,33.0625,0.0627490985007,106.905,11.0759375,0.615766897182
Flemish Region,BE_TABULA_19,"Apartment, enclosed",1991-2005,19,3244134,0.0261301571744,0.0153086215451,84769.7313148,Statbel 2025 regional T8 dwelling counts by R1-R4 type; R5/R6 retained as an excluded residual; R4 split equally between apartment archetypes,"Statbel Census 2021 HC37 conventional dwellings in residential buildings with 2 or 3+ dwellings, jointly classified by building size and construction period",R1-R3 building-age profiles are applied to the matching dwelling totals; each resulting house-category dwelling retains its whole-house TABULA geometry; national absolute heat-demand and capacity results are conditional on this mapping,2021 conventional dwellings in RES2+RES3+,92354,0.169435429276,"Occupied and unoccupied HC37 conventional dwellings in RES2 and RES3+ are summed, unknown construction periods are excluded, and the exact HC37 2001-2005/2006-2010 split is retained. The resulting age profile is scaled to the regional 2025 T8 R4 dwelling total and then split 50/50 by apartment position.",official_Statbel_type_by_age_profiles_scaled_to_2025_type_totals,"Statbel R4 apartment dwellings are split 50/50 between Apartment, enclosed and Apartment, exposed because apartment position is not identified.",162267,0.0476359066358,100.1,320.3,44.8,0,17.9,0,0,0,0,13.4,0,13.4,0,26.8,TABULA_existing,0.69,69,0.68,0.7,68,70,1,derived_residual,Existing=1-B-A; lower=1-B_upper-A_upper; upper=1-B_lower-A_lower,residual below EPC B,2024-01-01,Flemish houses and apartments in the weighted EPC label distribution,The weighted regional label distribution is referenced to 1 January 2024; EPC labels include standardised system and energy-performance effects; the whole-percentage A and B shares each have a 0.5 percentage-point rounding interval.,Existing State,age_and_type_specific,existing_unspecified,,,Physical parameters are read from each base archetype row.,2025,58491.1146072,57643.417294,59338.8119203,"independence/null assumption: P(state | region, archetype) = P(state | region)",regional marginal calibrated; archetype-state joint distribution unavailable,True,True,VITO EPB2010 standard measures apply through 1991-2005; post-2005 existing cells retain the complete standard calibration state and remain eligible for advanced renovation,0.6,0.6,0.7,3.5,3.5,10,https://publicaties.vlaanderen.be/view-file/70827,Flemish Housing and Energy Policy Note 2024-2029 PDF page 21 / printed page 20 and footnote 3,2026-07-27,https://episcope.eu/fileadmin/tabula/public/docs/scientific/BE_TABULA_ScientificReport_VITO.pdf,Tables 9 and 10 on printed pages 45-48 / PDF pages 56-59; Table 19 on printed pages 85-86 / PDF pages 96-97,2026-07-27,448,1.39868872932,20,22.4,0.0699344364658,104.54,7.504,1.11932067932
Flemish Region,BE_TABULA_19,"Apartment, enclosed",1991-2005,19,3244134,0.0261301571744,0.0153086215451,84769.7313148,Statbel 2025 regional T8 dwelling counts by R1-R4 type; R5/R6 retained as an excluded residual; R4 split equally between apartment archetypes,"Statbel Census 2021 HC37 conventional dwellings in residential buildings with 2 or 3+ dwellings, jointly classified by building size and construction period",R1-R3 building-age profiles are applied to the matching dwelling totals; each resulting house-category dwelling retains its whole-house TABULA geometry; national absolute heat-demand and capacity results are conditional on this mapping,2021 conventional dwellings in RES2+RES3+,92354,0.169435429276,"Occupied and unoccupied HC37 conventional dwellings in RES2 and RES3+ are summed, unknown construction periods are excluded, and the exact HC37 2001-2005/2006-2010 split is retained. The resulting age profile is scaled to the regional 2025 T8 R4 dwelling total and then split 50/50 by apartment position.",official_Statbel_type_by_age_profiles_scaled_to_2025_type_totals,"Statbel R4 apartment dwellings are split 50/50 between Apartment, enclosed and Apartment, exposed because apartment position is not identified.",162267,0.0476359066358,100.1,320.3,44.8,0,17.9,0,0,0,0,13.4,0,13.4,0,26.8,TABULA_standard_B_proxy,0.22,22,0.215,0.225,21.5,22.5,0.5,reported_share,reported value plus or minus half the printed unit,EPC B,2024-01-01,Flemish houses and apartments in the weighted EPC label distribution,The weighted regional label distribution is referenced to 1 January 2024; EPC B supplies a calibration anchor for the TABULA standard physical proxy; the source reports whole percentages.,Standard Measures,fixed_TABULA_EPB2010_package,exhaust_air_ventilation,0,False,TABULA states that the EPB2010 upgrade measures are already achieved by the post-2005 class; the same physical values preserve a complete state matrix while post-2005 existing cells are ineligible for medium transitions.,2025,18649.3408892,18225.4922327,19073.1895458,"independence/null assumption: P(state | region, archetype) = P(state | region)",regional marginal calibrated; archetype-state joint distribution unavailable,False,True,VITO EPB2010 standard measures apply through 1991-2005; post-2005 existing cells retain the complete standard calibration state and remain eligible for advanced renovation,0.4,0.3,0.4,2,2.9,6,https://publicaties.vlaanderen.be/view-file/70827,Flemish Housing and Energy Policy Note 2024-2029 PDF page 21 / printed page 20 and footnote 3,2026-07-27,https://episcope.eu/fileadmin/tabula/public/docs/scientific/BE_TABULA_ScientificReport_VITO.pdf,Section 4.2.3 on printed pages 44-46 / PDF pages 55-57; post-2005 applicability on printed page 54 / PDF page 65; service measures on printed pages 49-50 / PDF pages 60-61,2026-07-27,268.8,0.83921323759,20,13.44,0.0419606618795,60.76,4.5024,0.651972027972
Flemish Region,BE_TABULA_19,"Apartment, enclosed",1991-2005,19,3244134,0.0261301571744,0.0153086215451,84769.7313148,Statbel 2025 regional T8 dwelling counts by R1-R4 type; R5/R6 retained as an excluded residual; R4 split equally between apartment archetypes,"Statbel Census 2021 HC37 conventional dwellings in residential buildings with 2 or 3+ dwellings, jointly classified by building size and construction period",R1-R3 building-age profiles are applied to the matching dwelling totals; each resulting house-category dwelling retains its whole-house TABULA geometry; national absolute heat-demand and capacity results are conditional on this mapping,2021 conventional dwellings in RES2+RES3+,92354,0.169435429276,"Occupied and unoccupied HC37 conventional dwellings in RES2 and RES3+ are summed, unknown construction periods are excluded, and the exact HC37 2001-2005/2006-2010 split is retained. The resulting age profile is scaled to the regional 2025 T8 R4 dwelling total and then split 50/50 by apartment position.",official_Statbel_type_by_age_profiles_scaled_to_2025_type_totals,"Statbel R4 apartment dwellings are split 50/50 between Apartment, enclosed and Apartment, exposed because apartment position is not identified.",162267,0.0476359066358,100.1,320.3,44.8,0,17.9,0,0,0,0,13.4,0,13.4,0,26.8,TABULA_advanced_A_proxy,0.09,9,0.085,0.095,8.5,9.5,0.5,reported_share,reported value plus or minus half the printed unit,EPC A target family including A+,2024-01-01,Flemish houses and apartments in the weighted EPC label distribution,The weighted regional label distribution is referenced to 1 January 2024; EPC A supplies a calibration anchor for the TABULA advanced physical proxy; the source reports whole percentages.,Advanced Measures,fixed_TABULA_low_energy_package,balanced_mechanical_HRV,0.8,True,TABULA applies the Low Energy package to every dwelling type.,2025,7629.27581833,7205.42716175,8053.1244749,"independence/null assumption: P(state | region, archetype) = P(state | region)",regional marginal calibrated; archetype-state joint distribution unavailable,False,False,VITO EPB2010 standard measures apply through 1991-2005; post-2005 existing cells retain the complete standard calibration state and remain eligible for advanced renovation,0.25,0.15,0.25,1.6,1.6,2.5,https://publicaties.vlaanderen.be/view-file/70827,Flemish Housing and Energy Policy Note 2024-2029 PDF page 21 / printed page 20 and footnote 3,2026-07-27,https://episcope.eu/fileadmin/tabula/public/docs/scientific/BE_TABULA_ScientificReport_VITO.pdf,Section 4.2.3 on printed pages 44-46 / PDF pages 55-57; service measures on printed pages 49-50 / PDF pages 60-61,2026-07-27,112,0.349672182329,20,5.6,0.0174836091165,47.355,1.876,0.491818181818
Flemish Region,BE_TABULA_20,"Apartment, exposed",1991-2005,20,3244134,0.0261301571744,0.0153086215451,84769.7313148,Statbel 2025 regional T8 dwelling counts by R1-R4 type; R5/R6 retained as an excluded residual; R4 split equally between apartment archetypes,"Statbel Census 2021 HC37 conventional dwellings in residential buildings with 2 or 3+ dwellings, jointly classified by building size and construction period",R1-R3 building-age profiles are applied to the matching dwelling totals; each resulting house-category dwelling retains its whole-house TABULA geometry; national absolute heat-demand and capacity results are conditional on this mapping,2021 conventional dwellings in RES2+RES3+,92354,0.169435429276,"Occupied and unoccupied HC37 conventional dwellings in RES2 and RES3+ are summed, unknown construction periods are excluded, and the exact HC37 2001-2005/2006-2010 split is retained. The resulting age profile is scaled to the regional 2025 T8 R4 dwelling total and then split 50/50 by apartment position.",official_Statbel_type_by_age_profiles_scaled_to_2025_type_totals,"Statbel R4 apartment dwellings are split 50/50 between Apartment, enclosed and Apartment, exposed because apartment position is not identified.",162267,0.0476359066358,100.1,320.3,190.7,100.1,63.7,0,0,0,0,13.4,0,13.4,0,26.8,TABULA_existing,0.69,69,0.68,0.7,68,70,1,derived_residual,Existing=1-B-A; lower=1-B_upper-A_upper; upper=1-B_lower-A_lower,residual below EPC B,2024-01-01,Flemish houses and apartments in the weighted EPC label distribution,The weighted regional label distribution is referenced to 1 January 2024; EPC labels include standardised system and energy-performance effects; the whole-percentage A and B shares each have a 0.5 percentage-point rounding interval.,Existing State,age_and_type_specific,existing_unspecified,,,Physical parameters are read from each base archetype row.,2025,58491.1146072,57643.417294,59338.8119203,"independence/null assumption: P(state | region, archetype) = P(state | region)",regional marginal calibrated; archetype-state joint distribution unavailable,True,True,VITO EPB2010 standard measures apply through 1991-2005; post-2005 existing cells retain the complete standard calibration state and remain eligible for advanced renovation,0.6,0.6,0.7,3.5,3.5,10,https://publicaties.vlaanderen.be/view-file/70827,Flemish Housing and Energy Policy Note 2024-2029 PDF page 21 / printed page 20 and footnote 3,2026-07-27,https://episcope.eu/fileadmin/tabula/public/docs/scientific/BE_TABULA_ScientificReport_VITO.pdf,Tables 9 and 10 on printed pages 45-48 / PDF pages 56-59; Table 19 on printed pages 85-86 / PDF pages 96-97,2026-07-27,1907,5.95379331876,20,95.35,0.297689665938,192.08,31.94225,2.23798451548
Flemish Region,BE_TABULA_20,"Apartment, exposed",1991-2005,20,3244134,0.0261301571744,0.0153086215451,84769.7313148,Statbel 2025 regional T8 dwelling counts by R1-R4 type; R5/R6 retained as an excluded residual; R4 split equally between apartment archetypes,"Statbel Census 2021 HC37 conventional dwellings in residential buildings with 2 or 3+ dwellings, jointly classified by building size and construction period",R1-R3 building-age profiles are applied to the matching dwelling totals; each resulting house-category dwelling retains its whole-house TABULA geometry; national absolute heat-demand and capacity results are conditional on this mapping,2021 conventional dwellings in RES2+RES3+,92354,0.169435429276,"Occupied and unoccupied HC37 conventional dwellings in RES2 and RES3+ are summed, unknown construction periods are excluded, and the exact HC37 2001-2005/2006-2010 split is retained. The resulting age profile is scaled to the regional 2025 T8 R4 dwelling total and then split 50/50 by apartment position.",official_Statbel_type_by_age_profiles_scaled_to_2025_type_totals,"Statbel R4 apartment dwellings are split 50/50 between Apartment, enclosed and Apartment, exposed because apartment position is not identified.",162267,0.0476359066358,100.1,320.3,190.7,100.1,63.7,0,0,0,0,13.4,0,13.4,0,26.8,TABULA_standard_B_proxy,0.22,22,0.215,0.225,21.5,22.5,0.5,reported_share,reported value plus or minus half the printed unit,EPC B,2024-01-01,Flemish houses and apartments in the weighted EPC label distribution,The weighted regional label distribution is referenced to 1 January 2024; EPC B supplies a calibration anchor for the TABULA standard physical proxy; the source reports whole percentages.,Standard Measures,fixed_TABULA_EPB2010_package,exhaust_air_ventilation,0,False,TABULA states that the EPB2010 upgrade measures are already achieved by the post-2005 class; the same physical values preserve a complete state matrix while post-2005 existing cells are ineligible for medium transitions.,2025,18649.3408892,18225.4922327,19073.1895458,"independence/null assumption: P(state | region, archetype) = P(state | region)",regional marginal calibrated; archetype-state joint distribution unavailable,False,True,VITO EPB2010 standard measures apply through 1991-2005; post-2005 existing cells retain the complete standard calibration state and remain eligible for advanced renovation,0.4,0.3,0.4,2,2.9,6,https://publicaties.vlaanderen.be/view-file/70827,Flemish Housing and Energy Policy Note 2024-2029 PDF page 21 / printed page 20 and footnote 3,2026-07-27,https://episcope.eu/fileadmin/tabula/public/docs/scientific/BE_TABULA_ScientificReport_VITO.pdf,Section 4.2.3 on printed pages 44-46 / PDF pages 55-57; post-2005 applicability on printed page 54 / PDF page 65; service measures on printed pages 49-50 / PDF pages 60-61,2026-07-27,1144.2,3.57227599126,20,57.21,0.178613799563,109.11,19.16535,1.28147202797
Flemish Region,BE_TABULA_20,"Apartment, exposed",1991-2005,20,3244134,0.0261301571744,0.0153086215451,84769.7313148,Statbel 2025 regional T8 dwelling counts by R1-R4 type; R5/R6 retained as an excluded residual; R4 split equally between apartment archetypes,"Statbel Census 2021 HC37 conventional dwellings in residential buildings with 2 or 3+ dwellings, jointly classified by building size and construction period",R1-R3 building-age profiles are applied to the matching dwelling totals; each resulting house-category dwelling retains its whole-house TABULA geometry; national absolute heat-demand and capacity results are conditional on this mapping,2021 conventional dwellings in RES2+RES3+,92354,0.169435429276,"Occupied and unoccupied HC37 conventional dwellings in RES2 and RES3+ are summed, unknown construction periods are excluded, and the exact HC37 2001-2005/2006-2010 split is retained. The resulting age profile is scaled to the regional 2025 T8 R4 dwelling total and then split 50/50 by apartment position.",official_Statbel_type_by_age_profiles_scaled_to_2025_type_totals,"Statbel R4 apartment dwellings are split 50/50 between Apartment, enclosed and Apartment, exposed because apartment position is not identified.",162267,0.0476359066358,100.1,320.3,190.7,100.1,63.7,0,0,0,0,13.4,0,13.4,0,26.8,TABULA_advanced_A_proxy,0.09,9,0.085,0.095,8.5,9.5,0.5,reported_share,reported value plus or minus half the printed unit,EPC A target family including A+,2024-01-01,Flemish houses and apartments in the weighted EPC label distribution,The weighted regional label distribution is referenced to 1 January 2024; EPC A supplies a calibration anchor for the TABULA advanced physical proxy; the source reports whole percentages.,Advanced Measures,fixed_TABULA_low_energy_package,balanced_mechanical_HRV,0.8,True,TABULA applies the Low Energy package to every dwelling type.,2025,7629.27581833,7205.42716175,8053.1244749,"independence/null assumption: P(state | region, archetype) = P(state | region)",regional marginal calibrated; archetype-state joint distribution unavailable,False,False,VITO EPB2010 standard measures apply through 1991-2005; post-2005 existing cells retain the complete standard calibration state and remain eligible for advanced renovation,0.25,0.15,0.25,1.6,1.6,2.5,https://publicaties.vlaanderen.be/view-file/70827,Flemish Housing and Energy Policy Note 2024-2029 PDF page 21 / printed page 20 and footnote 3,2026-07-27,https://episcope.eu/fileadmin/tabula/public/docs/scientific/BE_TABULA_ScientificReport_VITO.pdf,Section 4.2.3 on printed pages 44-46 / PDF pages 55-57; service measures on printed pages 49-50 / PDF pages 60-61,2026-07-27,476.75,1.48844832969,20,23.8375,0.0744224164845,73.82,7.9855625,0.817238386613
Flemish Region,BE_TABULA_21,Detached house,post-2005,21,3244134,0.0359667376389,0.0210714834608,116680.916443,Statbel 2025 regional T8 dwelling counts by R1-R4 type; R5/R6 retained as an excluded residual; R4 split equally between apartment archetypes,Statbel 2025 cadastral T3.* building counts jointly classified by R1-R3 building type and construction period,R1-R3 building-age profiles are applied to the matching dwelling totals; each resulting house-category dwelling retains its whole-house TABULA geometry; national absolute heat-demand and capacity results are conditional on this mapping,2025 cadastral buildings,115857.2,0.126686626179,Known-period T3.* building counts are rebinned to TABULA periods; the 1982-1991 and 2002-2011 source bins are allocated uniformly across years at the 1990 and 2005 TABULA cut-offs. The resulting age profile is scaled to the region/type 2025 T8 dwelling total.,official_Statbel_type_by_age_profiles_scaled_to_2025_type_totals,,162267,0.0476359066358,269.6,741.4,557.9,152.3,173.2,28,48,83.9,9.5,16.2,14.7,20.2,11.8,62.9,TABULA_existing,0.69,69,0.68,0.7,68,70,1,derived_residual,Existing=1-B-A; lower=1-B_upper-A_upper; upper=1-B_lower-A_lower,residual below EPC B,2024-01-01,Flemish houses and apartments in the weighted EPC label distribution,The weighted regional label distribution is referenced to 1 January 2024; EPC labels include standardised system and energy-performance effects; the whole-percentage A and B shares each have a 0.5 percentage-point rounding interval.,Existing State,age_and_type_specific,existing_unspecified,,,Physical parameters are read from each base archetype row.,2025,80509.832346,79343.0231815,81676.6415104,"independence/null assumption: P(state | region, archetype) = P(state | region)",regional marginal calibrated; archetype-state joint distribution unavailable,False,True,VITO EPB2010 standard measures apply through 1991-2005; post-2005 existing cells retain the complete standard calibration state and remain eligible for advanced renovation,0.4,0.3,0.4,2,2.9,6.1,https://publicaties.vlaanderen.be/view-file/70827,Flemish Housing and Energy Policy Note 2024-2029 PDF page 21 / printed page 20 and footnote 3,2026-07-27,https://episcope.eu/fileadmin/tabula/public/docs/scientific/BE_TABULA_ScientificReport_VITO.pdf,Tables 9 and 10 on printed pages 45-48 / PDF pages 56-59; Table 19 on printed pages 85-86 / PDF pages 96-97,2026-07-27,3403.19,4.59022120313,20,170.1595,0.229511060156,332.28,57.0034325,1.44392964577
Flemish Region,BE_TABULA_21,Detached house,post-2005,21,3244134,0.0359667376389,0.0210714834608,116680.916443,Statbel 2025 regional T8 dwelling counts by R1-R4 type; R5/R6 retained as an excluded residual; R4 split equally between apartment archetypes,Statbel 2025 cadastral T3.* building counts jointly classified by R1-R3 building type and construction period,R1-R3 building-age profiles are applied to the matching dwelling totals; each resulting house-category dwelling retains its whole-house TABULA geometry; national absolute heat-demand and capacity results are conditional on this mapping,2025 cadastral buildings,115857.2,0.126686626179,Known-period T3.* building counts are rebinned to TABULA periods; the 1982-1991 and 2002-2011 source bins are allocated uniformly across years at the 1990 and 2005 TABULA cut-offs. The resulting age profile is scaled to the region/type 2025 T8 dwelling total.,official_Statbel_type_by_age_profiles_scaled_to_2025_type_totals,,162267,0.0476359066358,269.6,741.4,557.9,152.3,173.2,28,48,83.9,9.5,16.2,14.7,20.2,11.8,62.9,TABULA_standard_B_proxy,0.22,22,0.215,0.225,21.5,22.5,0.5,reported_share,reported value plus or minus half the printed unit,EPC B,2024-01-01,Flemish houses and apartments in the weighted EPC label distribution,The weighted regional label distribution is referenced to 1 January 2024; EPC B supplies a calibration anchor for the TABULA standard physical proxy; the source reports whole percentages.,Standard Measures,fixed_TABULA_EPB2010_package,exhaust_air_ventilation,0,False,TABULA states that the EPB2010 upgrade measures are already achieved by the post-2005 class; the same physical values preserve a complete state matrix while post-2005 existing cells are ineligible for medium transitions.,2025,25669.8016176,25086.3970353,26253.2061998,"independence/null assumption: P(state | region, archetype) = P(state | region)",regional marginal calibrated; archetype-state joint distribution unavailable,False,True,VITO EPB2010 standard measures apply through 1991-2005; post-2005 existing cells retain the complete standard calibration state and remain eligible for advanced renovation,0.4,0.3,0.4,2,2.9,6,https://publicaties.vlaanderen.be/view-file/70827,Flemish Housing and Energy Policy Note 2024-2029 PDF page 21 / printed page 20 and footnote 3,2026-07-27,https://episcope.eu/fileadmin/tabula/public/docs/scientific/BE_TABULA_ScientificReport_VITO.pdf,Section 4.2.3 on printed pages 44-46 / PDF pages 55-57; post-2005 applicability on printed page 54 / PDF page 65; service measures on printed pages 49-50 / PDF pages 60-61,2026-07-27,3347.4,4.51497167521,20,167.37,0.22574858376,332.28,56.06895,1.44046346439
Flemish Region,BE_TABULA_21,Detached house,post-2005,21,3244134,0.0359667376389,0.0210714834608,116680.916443,Statbel 2025 regional T8 dwelling counts by R1-R4 type; R5/R6 retained as an excluded residual; R4 split equally between apartment archetypes,Statbel 2025 cadastral T3.* building counts jointly classified by R1-R3 building type and construction period,R1-R3 building-age profiles are applied to the matching dwelling totals; each resulting house-category dwelling retains its whole-house TABULA geometry; national absolute heat-demand and capacity results are conditional on this mapping,2025 cadastral buildings,115857.2,0.126686626179,Known-period T3.* building counts are rebinned to TABULA periods; the 1982-1991 and 2002-2011 source bins are allocated uniformly across years at the 1990 and 2005 TABULA cut-offs. The resulting age profile is scaled to the region/type 2025 T8 dwelling total.,official_Statbel_type_by_age_profiles_scaled_to_2025_type_totals,,162267,0.0476359066358,269.6,741.4,557.9,152.3,173.2,28,48,83.9,9.5,16.2,14.7,20.2,11.8,62.9,TABULA_advanced_A_proxy,0.09,9,0.085,0.095,8.5,9.5,0.5,reported_share,reported value plus or minus half the printed unit,EPC A target family including A+,2024-01-01,Flemish houses and apartments in the weighted EPC label distribution,The weighted regional label distribution is referenced to 1 January 2024; EPC A supplies a calibration anchor for the TABULA advanced physical proxy; the source reports whole percentages.,Advanced Measures,fixed_TABULA_low_energy_package,balanced_mechanical_HRV,0.8,True,TABULA applies the Low Energy package to every dwelling type.,2025,10501.2824799,9917.87789769,11084.6870621,"independence/null assumption: P(state | region, archetype) = P(state | region)",regional marginal calibrated; archetype-state joint distribution unavailable,False,False,VITO EPB2010 standard measures apply through 1991-2005; post-2005 existing cells retain the complete standard calibration state and remain eligible for advanced renovation,0.25,0.15,0.25,1.6,1.6,2.5,https://publicaties.vlaanderen.be/view-file/70827,Flemish Housing and Energy Policy Note 2024-2029 PDF page 21 / printed page 20 and footnote 3,2026-07-27,https://episcope.eu/fileadmin/tabula/public/docs/scientific/BE_TABULA_ScientificReport_VITO.pdf,Section 4.2.3 on printed pages 44-46 / PDF pages 55-57; service measures on printed pages 49-50 / PDF pages 60-61,2026-07-27,1394.75,1.881238198,20,69.7375,0.0940619099002,221.96,23.3620625,0.909948303042
Flemish Region,BE_TABULA_22,Semi-detached house,post-2005,22,3244134,0.0329412863343,0.0192989916722,106865.947001,Statbel 2025 regional T8 dwelling counts by R1-R4 type; R5/R6 retained as an excluded residual; R4 split equally between apartment archetypes,Statbel 2025 cadastral T3.* building counts jointly classified by R1-R3 building type and construction period,R1-R3 building-age profiles are applied to the matching dwelling totals; each resulting house-category dwelling retains its whole-house TABULA geometry; national absolute heat-demand and capacity results are conditional on this mapping,2025 cadastral buildings,105860.8,0.171409788711,Known-period T3.* building counts are rebinned to TABULA periods; the 1982-1991 and 2002-2011 source bins are allocated uniformly across years at the 1990 and 2005 TABULA cut-offs. The resulting age profile is scaled to the region/type 2025 T8 dwelling total.,official_Statbel_type_by_age_profiles_scaled_to_2025_type_totals,,162267,0.0476359066358,233.7,642.7,407.9,118,118.3,16.9,62.2,35.8,9.5,13.4,9.2,13.9,10.6,47.1,TABULA_existing,0.69,69,0.68,0.7,68,70,1,derived_residual,Existing=1-B-A; lower=1-B_upper-A_upper; upper=1-B_lower-A_lower,residual below EPC B,2024-01-01,Flemish houses and apartments in the weighted EPC label distribution,The weighted regional label distribution is referenced to 1 January 2024; EPC labels include standardised system and energy-performance effects; the whole-percentage A and B shares each have a 0.5 percentage-point rounding interval.,Existing State,age_and_type_specific,existing_unspecified,,,Physical parameters are read from each base archetype row.,2025,73737.5034307,72668.8439607,74806.1629007,"independence/null assumption: P(state | region, archetype) = P(state | region)",regional marginal calibrated; archetype-state joint distribution unavailable,False,True,VITO EPB2010 standard measures apply through 1991-2005; post-2005 existing cells retain the complete standard calibration state and remain eligible for advanced renovation,0.4,0.3,0.4,2,2.9,6.3,https://publicaties.vlaanderen.be/view-file/70827,Flemish Housing and Energy Policy Note 2024-2029 PDF page 21 / printed page 20 and footnote 3,2026-07-27,https://episcope.eu/fileadmin/tabula/public/docs/scientific/BE_TABULA_ScientificReport_VITO.pdf,Tables 9 and 10 on printed pages 45-48 / PDF pages 56-59; Table 19 on printed pages 85-86 / PDF pages 96-97,2026-07-27,2569.77,3.99839738603,20,128.4885,0.199919869301,250.43,43.0436475,1.25577084938
Flemish Region,BE_TABULA_22,Semi-detached house,post-2005,22,3244134,0.0329412863343,0.0192989916722,106865.947001,Statbel 2025 regional T8 dwelling counts by R1-R4 type; R5/R6 retained as an excluded residual; R4 split equally between apartment archetypes,Statbel 2025 cadastral T3.* building counts jointly classified by R1-R3 building type and construction period,R1-R3 building-age profiles are applied to the matching dwelling totals; each resulting house-category dwelling retains its whole-house TABULA geometry; national absolute heat-demand and capacity results are conditional on this mapping,2025 cadastral buildings,105860.8,0.171409788711,Known-period T3.* building counts are rebinned to TABULA periods; the 1982-1991 and 2002-2011 source bins are allocated uniformly across years at the 1990 and 2005 TABULA cut-offs. The resulting age profile is scaled to the region/type 2025 T8 dwelling total.,official_Statbel_type_by_age_profiles_scaled_to_2025_type_totals,,162267,0.0476359066358,233.7,642.7,407.9,118,118.3,16.9,62.2,35.8,9.5,13.4,9.2,13.9,10.6,47.1,TABULA_standard_B_proxy,0.22,22,0.215,0.225,21.5,22.5,0.5,reported_share,reported value plus or minus half the printed unit,EPC B,2024-01-01,Flemish houses and apartments in the weighted EPC label distribution,The weighted regional label distribution is referenced to 1 January 2024; EPC B supplies a calibration anchor for the TABULA standard physical proxy; the source reports whole percentages.,Standard Measures,fixed_TABULA_EPB2010_package,exhaust_air_ventilation,0,False,TABULA states that the EPB2010 upgrade measures are already achieved by the post-2005 class; the same physical values preserve a complete state matrix while post-2005 existing cells are ineligible for medium transitions.,2025,23510.5083402,22976.1786052,24044.8380752,"independence/null assumption: P(state | region, archetype) = P(state | region)",regional marginal calibrated; archetype-state joint distribution unavailable,False,True,VITO EPB2010 standard measures apply through 1991-2005; post-2005 existing cells retain the complete standard calibration state and remain eligible for advanced renovation,0.4,0.3,0.4,2,2.9,6,https://publicaties.vlaanderen.be/view-file/70827,Flemish Housing and Energy Policy Note 2024-2029 PDF page 21 / printed page 20 and footnote 3,2026-07-27,https://episcope.eu/fileadmin/tabula/public/docs/scientific/BE_TABULA_ScientificReport_VITO.pdf,Section 4.2.3 on printed pages 44-46 / PDF pages 55-57; post-2005 applicability on printed page 54 / PDF page 65; service measures on printed pages 49-50 / PDF pages 60-61,2026-07-27,2447.4,3.8079975105,20,122.37,0.190399875525,250.43,40.99395,1.24700021395
Flemish Region,BE_TABULA_22,Semi-detached house,post-2005,22,3244134,0.0329412863343,0.0192989916722,106865.947001,Statbel 2025 regional T8 dwelling counts by R1-R4 type; R5/R6 retained as an excluded residual; R4 split equally between apartment archetypes,Statbel 2025 cadastral T3.* building counts jointly classified by R1-R3 building type and construction period,R1-R3 building-age profiles are applied to the matching dwelling totals; each resulting house-category dwelling retains its whole-house TABULA geometry; national absolute heat-demand and capacity results are conditional on this mapping,2025 cadastral buildings,105860.8,0.171409788711,Known-period T3.* building counts are rebinned to TABULA periods; the 1982-1991 and 2002-2011 source bins are allocated uniformly across years at the 1990 and 2005 TABULA cut-offs. The resulting age profile is scaled to the region/type 2025 T8 dwelling total.,official_Statbel_type_by_age_profiles_scaled_to_2025_type_totals,,162267,0.0476359066358,233.7,642.7,407.9,118,118.3,16.9,62.2,35.8,9.5,13.4,9.2,13.9,10.6,47.1,TABULA_advanced_A_proxy,0.09,9,0.085,0.095,8.5,9.5,0.5,reported_share,reported value plus or minus half the printed unit,EPC A target family including A+,2024-01-01,Flemish houses and apartments in the weighted EPC label distribution,The weighted regional label distribution is referenced to 1 January 2024; EPC A supplies a calibration anchor for the TABULA advanced physical proxy; the source reports whole percentages.,Advanced Measures,fixed_TABULA_low_energy_package,balanced_mechanical_HRV,0.8,True,TABULA applies the Low Energy package to every dwelling type.,2025,9617.93523009,9083.60549508,10152.2649651,"independence/null assumption: P(state | region, archetype) = P(state | region)",regional marginal calibrated; archetype-state joint distribution unavailable,False,False,VITO EPB2010 standard measures apply through 1991-2005; post-2005 existing cells retain the complete standard calibration state and remain eligible for advanced renovation,0.25,0.15,0.25,1.6,1.6,2.5,https://publicaties.vlaanderen.be/view-file/70827,Flemish Housing and Energy Policy Note 2024-2029 PDF page 21 / printed page 20 and footnote 3,2026-07-27,https://episcope.eu/fileadmin/tabula/public/docs/scientific/BE_TABULA_ScientificReport_VITO.pdf,Section 4.2.3 on printed pages 44-46 / PDF pages 55-57; service measures on printed pages 49-50 / PDF pages 60-61,2026-07-27,1019.75,1.58666562938,20,50.9875,0.0793332814688,166.56,17.0808125,0.785797229354
Flemish Region,BE_TABULA_23,Terraced house,post-2005,23,3244134,0.0157830575572,0.00924666672903,51202.3536453,Statbel 2025 regional T8 dwelling counts by R1-R4 type; R5/R6 retained as an excluded residual; R4 split equally between apartment archetypes,Statbel 2025 cadastral T3.* building counts jointly classified by R1-R3 building type and construction period,R1-R3 building-age profiles are applied to the matching dwelling totals; each resulting house-category dwelling retains its whole-house TABULA geometry; national absolute heat-demand and capacity results are conditional on this mapping,2025 cadastral buildings,48202.2,0.0732459386069,Known-period T3.* building counts are rebinned to TABULA periods; the 1982-1991 and 2002-2011 source bins are allocated uniformly across years at the 1990 and 2005 TABULA cut-offs. The resulting age profile is scaled to the region/type 2025 T8 dwelling total.,official_Statbel_type_by_age_profiles_scaled_to_2025_type_totals,,162267,0.0476359066358,199.9,549.8,267.7,76.3,72,13.3,35.9,24.1,9.5,10.3,8.6,9.5,8.2,36.6,TABULA_existing,0.69,69,0.68,0.7,68,70,1,derived_residual,Existing=1-B-A; lower=1-B_upper-A_upper; upper=1-B_lower-A_lower,residual below EPC B,2024-01-01,Flemish houses and apartments in the weighted EPC label distribution,The weighted regional label distribution is referenced to 1 January 2024; EPC labels include standardised system and energy-performance effects; the whole-percentage A and B shares each have a 0.5 percentage-point rounding interval.,Existing State,age_and_type_specific,existing_unspecified,,,Physical parameters are read from each base archetype row.,2025,35329.6240153,34817.6004788,35841.6475517,"independence/null assumption: P(state | region, archetype) = P(state | region)",regional marginal calibrated; archetype-state joint distribution unavailable,False,True,VITO EPB2010 standard measures apply through 1991-2005; post-2005 existing cells retain the complete standard calibration state and remain eligible for advanced renovation,0.4,0.3,0.4,2,2.9,6,https://publicaties.vlaanderen.be/view-file/70827,Flemish Housing and Energy Policy Note 2024-2029 PDF page 21 / printed page 20 and footnote 3,2026-07-27,https://episcope.eu/fileadmin/tabula/public/docs/scientific/BE_TABULA_ScientificReport_VITO.pdf,Tables 9 and 10 on printed pages 45-48 / PDF pages 56-59; Table 19 on printed pages 85-86 / PDF pages 96-97,2026-07-27,1606.2,2.92142597308,20,80.31,0.146071298654,181.76,26.90385,1.04384117059
Flemish Region,BE_TABULA_23,Terraced house,post-2005,23,3244134,0.0157830575572,0.00924666672903,51202.3536453,Statbel 2025 regional T8 dwelling counts by R1-R4 type; R5/R6 retained as an excluded residual; R4 split equally between apartment archetypes,Statbel 2025 cadastral T3.* building counts jointly classified by R1-R3 building type and construction period,R1-R3 building-age profiles are applied to the matching dwelling totals; each resulting house-category dwelling retains its whole-house TABULA geometry; national absolute heat-demand and capacity results are conditional on this mapping,2025 cadastral buildings,48202.2,0.0732459386069,Known-period T3.* building counts are rebinned to TABULA periods; the 1982-1991 and 2002-2011 source bins are allocated uniformly across years at the 1990 and 2005 TABULA cut-offs. The resulting age profile is scaled to the region/type 2025 T8 dwelling total.,official_Statbel_type_by_age_profiles_scaled_to_2025_type_totals,,162267,0.0476359066358,199.9,549.8,267.7,76.3,72,13.3,35.9,24.1,9.5,10.3,8.6,9.5,8.2,36.6,TABULA_standard_B_proxy,0.22,22,0.215,0.225,21.5,22.5,0.5,reported_share,reported value plus or minus half the printed unit,EPC B,2024-01-01,Flemish houses and apartments in the weighted EPC label distribution,The weighted regional label distribution is referenced to 1 January 2024; EPC B supplies a calibration anchor for the TABULA standard physical proxy; the source reports whole percentages.,Standard Measures,fixed_TABULA_EPB2010_package,exhaust_air_ventilation,0,False,TABULA states that the EPB2010 upgrade measures are already achieved by the post-2005 class; the same physical values preserve a complete state matrix while post-2005 existing cells are ineligible for medium transitions.,2025,11264.517802,11008.5060337,11520.5295702,"independence/null assumption: P(state | region, archetype) = P(state | region)",regional marginal calibrated; archetype-state joint distribution unavailable,False,True,VITO EPB2010 standard measures apply through 1991-2005; post-2005 existing cells retain the complete standard calibration state and remain eligible for advanced renovation,0.4,0.3,0.4,2,2.9,6,https://publicaties.vlaanderen.be/view-file/70827,Flemish Housing and Energy Policy Note 2024-2029 PDF page 21 / printed page 20 and footnote 3,2026-07-27,https://episcope.eu/fileadmin/tabula/public/docs/scientific/BE_TABULA_ScientificReport_VITO.pdf,Section 4.2.3 on printed pages 44-46 / PDF pages 55-57; post-2005 applicability on printed page 54 / PDF page 65; service measures on printed pages 49-50 / PDF pages 60-61,2026-07-27,1606.2,2.92142597308,20,80.31,0.146071298654,181.76,26.90385,1.04384117059
Flemish Region,BE_TABULA_23,Terraced house,post-2005,23,3244134,0.0157830575572,0.00924666672903,51202.3536453,Statbel 2025 regional T8 dwelling counts by R1-R4 type; R5/R6 retained as an excluded residual; R4 split equally between apartment archetypes,Statbel 2025 cadastral T3.* building counts jointly classified by R1-R3 building type and construction period,R1-R3 building-age profiles are applied to the matching dwelling totals; each resulting house-category dwelling retains its whole-house TABULA geometry; national absolute heat-demand and capacity results are conditional on this mapping,2025 cadastral buildings,48202.2,0.0732459386069,Known-period T3.* building counts are rebinned to TABULA periods; the 1982-1991 and 2002-2011 source bins are allocated uniformly across years at the 1990 and 2005 TABULA cut-offs. The resulting age profile is scaled to the region/type 2025 T8 dwelling total.,official_Statbel_type_by_age_profiles_scaled_to_2025_type_totals,,162267,0.0476359066358,199.9,549.8,267.7,76.3,72,13.3,35.9,24.1,9.5,10.3,8.6,9.5,8.2,36.6,TABULA_advanced_A_proxy,0.09,9,0.085,0.095,8.5,9.5,0.5,reported_share,reported value plus or minus half the printed unit,EPC A target family including A+,2024-01-01,Flemish houses and apartments in the weighted EPC label distribution,The weighted regional label distribution is referenced to 1 January 2024; EPC A supplies a calibration anchor for the TABULA advanced physical proxy; the source reports whole percentages.,Advanced Measures,fixed_TABULA_low_energy_package,balanced_mechanical_HRV,0.8,True,TABULA applies the Low Energy package to every dwelling type.,2025,4608.21182808,4352.20005985,4864.22359631,"independence/null assumption: P(state | region, archetype) = P(state | region)",regional marginal calibrated; archetype-state joint distribution unavailable,False,False,VITO EPB2010 standard measures apply through 1991-2005; post-2005 existing cells retain the complete standard calibration state and remain eligible for advanced renovation,0.25,0.15,0.25,1.6,1.6,2.5,https://publicaties.vlaanderen.be/view-file/70827,Flemish Housing and Energy Policy Note 2024-2029 PDF page 21 / printed page 20 and footnote 3,2026-07-27,https://episcope.eu/fileadmin/tabula/public/docs/scientific/BE_TABULA_ScientificReport_VITO.pdf,Section 4.2.3 on printed pages 44-46 / PDF pages 55-57; service measures on printed pages 49-50 / PDF pages 60-61,2026-07-27,669.25,1.21726082212,20,33.4625,0.0608630411059,121.53,11.2099375,0.664031703352
Flemish Region,BE_TABULA_24,"Apartment, enclosed",post-2005,24,3244134,0.0385384027074,0.022578119912,125023.742529,Statbel 2025 regional T8 dwelling counts by R1-R4 type; R5/R6 retained as an excluded residual; R4 split equally between apartment archetypes,"Statbel Census 2021 HC37 conventional dwellings in residential buildings with 2 or 3+ dwellings, jointly classified by building size and construction period",R1-R3 building-age profiles are applied to the matching dwelling totals; each resulting house-category dwelling retains its whole-house TABULA geometry; national absolute heat-demand and capacity results are conditional on this mapping,2021 conventional dwellings in RES2+RES3+,136209.5,0.249894050111,"Occupied and unoccupied HC37 conventional dwellings in RES2 and RES3+ are summed, unknown construction periods are excluded, and the exact HC37 2001-2005/2006-2010 split is retained. The resulting age profile is scaled to the regional 2025 T8 R4 dwelling total and then split 50/50 by apartment position.",official_Statbel_type_by_age_profiles_scaled_to_2025_type_totals,"Statbel R4 apartment dwellings are split 50/50 between Apartment, enclosed and Apartment, exposed because apartment position is not identified.",162267,0.0476359066358,100.1,320.3,44.8,0,17.9,0,0,0,0,13.4,0,13.4,0,26.8,TABULA_existing,0.69,69,0.68,0.7,68,70,1,derived_residual,Existing=1-B-A; lower=1-B_upper-A_upper; upper=1-B_lower-A_lower,residual below EPC B,2024-01-01,Flemish houses and apartments in the weighted EPC label distribution,The weighted regional label distribution is referenced to 1 January 2024; EPC labels include standardised system and energy-performance effects; the whole-percentage A and B shares each have a 0.5 percentage-point rounding interval.,Existing State,age_and_type_specific,existing_unspecified,,,Physical parameters are read from each base archetype row.,2025,86266.382345,85016.1449197,87516.6197702,"independence/null assumption: P(state | region, archetype) = P(state | region)",regional marginal calibrated; archetype-state joint distribution unavailable,False,True,VITO EPB2010 standard measures apply through 1991-2005; post-2005 existing cells retain the complete standard calibration state and remain eligible for advanced renovation,0.4,0.3,0.4,2,2.9,6,https://publicaties.vlaanderen.be/view-file/70827,Flemish Housing and Energy Policy Note 2024-2029 PDF page 21 / printed page 20 and footnote 3,2026-07-27,https://episcope.eu/fileadmin/tabula/public/docs/scientific/BE_TABULA_ScientificReport_VITO.pdf,Tables 9 and 10 on printed pages 45-48 / PDF pages 56-59; Table 19 on printed pages 85-86 / PDF pages 96-97,2026-07-27,268.8,0.83921323759,20,13.44,0.0419606618795,60.76,4.5024,0.651972027972
Flemish Region,BE_TABULA_24,"Apartment, enclosed",post-2005,24,3244134,0.0385384027074,0.022578119912,125023.742529,Statbel 2025 regional T8 dwelling counts by R1-R4 type; R5/R6 retained as an excluded residual; R4 split equally between apartment archetypes,"Statbel Census 2021 HC37 conventional dwellings in residential buildings with 2 or 3+ dwellings, jointly classified by building size and construction period",R1-R3 building-age profiles are applied to the matching dwelling totals; each resulting house-category dwelling retains its whole-house TABULA geometry; national absolute heat-demand and capacity results are conditional on this mapping,2021 conventional dwellings in RES2+RES3+,136209.5,0.249894050111,"Occupied and unoccupied HC37 conventional dwellings in RES2 and RES3+ are summed, unknown construction periods are excluded, and the exact HC37 2001-2005/2006-2010 split is retained. The resulting age profile is scaled to the regional 2025 T8 R4 dwelling total and then split 50/50 by apartment position.",official_Statbel_type_by_age_profiles_scaled_to_2025_type_totals,"Statbel R4 apartment dwellings are split 50/50 between Apartment, enclosed and Apartment, exposed because apartment position is not identified.",162267,0.0476359066358,100.1,320.3,44.8,0,17.9,0,0,0,0,13.4,0,13.4,0,26.8,TABULA_standard_B_proxy,0.22,22,0.215,0.225,21.5,22.5,0.5,reported_share,reported value plus or minus half the printed unit,EPC B,2024-01-01,Flemish houses and apartments in the weighted EPC label distribution,The weighted regional label distribution is referenced to 1 January 2024; EPC B supplies a calibration anchor for the TABULA standard physical proxy; the source reports whole percentages.,Standard Measures,fixed_TABULA_EPB2010_package,exhaust_air_ventilation,0,False,TABULA states that the EPB2010 upgrade measures are already achieved by the post-2005 class; the same physical values preserve a complete state matrix while post-2005 existing cells are ineligible for medium transitions.,2025,27505.2233564,26880.1046437,28130.342069,"independence/null assumption: P(state | region, archetype) = P(state | region)",regional marginal calibrated; archetype-state joint distribution unavailable,False,True,VITO EPB2010 standard measures apply through 1991-2005; post-2005 existing cells retain the complete standard calibration state and remain eligible for advanced renovation,0.4,0.3,0.4,2,2.9,6,https://publicaties.vlaanderen.be/view-file/70827,Flemish Housing and Energy Policy Note 2024-2029 PDF page 21 / printed page 20 and footnote 3,2026-07-27,https://episcope.eu/fileadmin/tabula/public/docs/scientific/BE_TABULA_ScientificReport_VITO.pdf,Section 4.2.3 on printed pages 44-46 / PDF pages 55-57; post-2005 applicability on printed page 54 / PDF page 65; service measures on printed pages 49-50 / PDF pages 60-61,2026-07-27,268.8,0.83921323759,20,13.44,0.0419606618795,60.76,4.5024,0.651972027972
Flemish Region,BE_TABULA_24,"Apartment, enclosed",post-2005,24,3244134,0.0385384027074,0.022578119912,125023.742529,Statbel 2025 regional T8 dwelling counts by R1-R4 type; R5/R6 retained as an excluded residual; R4 split equally between apartment archetypes,"Statbel Census 2021 HC37 conventional dwellings in residential buildings with 2 or 3+ dwellings, jointly classified by building size and construction period",R1-R3 building-age profiles are applied to the matching dwelling totals; each resulting house-category dwelling retains its whole-house TABULA geometry; national absolute heat-demand and capacity results are conditional on this mapping,2021 conventional dwellings in RES2+RES3+,136209.5,0.249894050111,"Occupied and unoccupied HC37 conventional dwellings in RES2 and RES3+ are summed, unknown construction periods are excluded, and the exact HC37 2001-2005/2006-2010 split is retained. The resulting age profile is scaled to the regional 2025 T8 R4 dwelling total and then split 50/50 by apartment position.",official_Statbel_type_by_age_profiles_scaled_to_2025_type_totals,"Statbel R4 apartment dwellings are split 50/50 between Apartment, enclosed and Apartment, exposed because apartment position is not identified.",162267,0.0476359066358,100.1,320.3,44.8,0,17.9,0,0,0,0,13.4,0,13.4,0,26.8,TABULA_advanced_A_proxy,0.09,9,0.085,0.095,8.5,9.5,0.5,reported_share,reported value plus or minus half the printed unit,EPC A target family including A+,2024-01-01,Flemish houses and apartments in the weighted EPC label distribution,The weighted regional label distribution is referenced to 1 January 2024; EPC A supplies a calibration anchor for the TABULA advanced physical proxy; the source reports whole percentages.,Advanced Measures,fixed_TABULA_low_energy_package,balanced_mechanical_HRV,0.8,True,TABULA applies the Low Energy package to every dwelling type.,2025,11252.1368276,10627.018115,11877.2555402,"independence/null assumption: P(state | region, archetype) = P(state | region)",regional marginal calibrated; archetype-state joint distribution unavailable,False,False,VITO EPB2010 standard measures apply through 1991-2005; post-2005 existing cells retain the complete standard calibration state and remain eligible for advanced renovation,0.25,0.15,0.25,1.6,1.6,2.5,https://publicaties.vlaanderen.be/view-file/70827,Flemish Housing and Energy Policy Note 2024-2029 PDF page 21 / printed page 20 and footnote 3,2026-07-27,https://episcope.eu/fileadmin/tabula/public/docs/scientific/BE_TABULA_ScientificReport_VITO.pdf,Section 4.2.3 on printed pages 44-46 / PDF pages 55-57; service measures on printed pages 49-50 / PDF pages 60-61,2026-07-27,112,0.349672182329,20,5.6,0.0174836091165,47.355,1.876,0.491818181818
Flemish Region,BE_TABULA_25,"Apartment, exposed",post-2005,25,3244134,0.0385384027074,0.022578119912,125023.742529,Statbel 2025 regional T8 dwelling counts by R1-R4 type; R5/R6 retained as an excluded residual; R4 split equally between apartment archetypes,"Statbel Census 2021 HC37 conventional dwellings in residential buildings with 2 or 3+ dwellings, jointly classified by building size and construction period",R1-R3 building-age profiles are applied to the matching dwelling totals; each resulting house-category dwelling retains its whole-house TABULA geometry; national absolute heat-demand and capacity results are conditional on this mapping,2021 conventional dwellings in RES2+RES3+,136209.5,0.249894050111,"Occupied and unoccupied HC37 conventional dwellings in RES2 and RES3+ are summed, unknown construction periods are excluded, and the exact HC37 2001-2005/2006-2010 split is retained. The resulting age profile is scaled to the regional 2025 T8 R4 dwelling total and then split 50/50 by apartment position.",official_Statbel_type_by_age_profiles_scaled_to_2025_type_totals,"Statbel R4 apartment dwellings are split 50/50 between Apartment, enclosed and Apartment, exposed because apartment position is not identified.",162267,0.0476359066358,100.1,320.3,190.7,100.1,63.7,0,0,0,0,13.4,0,13.4,0,26.8,TABULA_existing,0.69,69,0.68,0.7,68,70,1,derived_residual,Existing=1-B-A; lower=1-B_upper-A_upper; upper=1-B_lower-A_lower,residual below EPC B,2024-01-01,Flemish houses and apartments in the weighted EPC label distribution,The weighted regional label distribution is referenced to 1 January 2024; EPC labels include standardised system and energy-performance effects; the whole-percentage A and B shares each have a 0.5 percentage-point rounding interval.,Existing State,age_and_type_specific,existing_unspecified,,,Physical parameters are read from each base archetype row.,2025,86266.382345,85016.1449197,87516.6197702,"independence/null assumption: P(state | region, archetype) = P(state | region)",regional marginal calibrated; archetype-state joint distribution unavailable,False,True,VITO EPB2010 standard measures apply through 1991-2005; post-2005 existing cells retain the complete standard calibration state and remain eligible for advanced renovation,0.4,0.3,0.4,2,2.9,6,https://publicaties.vlaanderen.be/view-file/70827,Flemish Housing and Energy Policy Note 2024-2029 PDF page 21 / printed page 20 and footnote 3,2026-07-27,https://episcope.eu/fileadmin/tabula/public/docs/scientific/BE_TABULA_ScientificReport_VITO.pdf,Tables 9 and 10 on printed pages 45-48 / PDF pages 56-59; Table 19 on printed pages 85-86 / PDF pages 96-97,2026-07-27,1144.2,3.57227599126,20,57.21,0.178613799563,109.11,19.16535,1.28147202797
Flemish Region,BE_TABULA_25,"Apartment, exposed",post-2005,25,3244134,0.0385384027074,0.022578119912,125023.742529,Statbel 2025 regional T8 dwelling counts by R1-R4 type; R5/R6 retained as an excluded residual; R4 split equally between apartment archetypes,"Statbel Census 2021 HC37 conventional dwellings in residential buildings with 2 or 3+ dwellings, jointly classified by building size and construction period",R1-R3 building-age profiles are applied to the matching dwelling totals; each resulting house-category dwelling retains its whole-house TABULA geometry; national absolute heat-demand and capacity results are conditional on this mapping,2021 conventional dwellings in RES2+RES3+,136209.5,0.249894050111,"Occupied and unoccupied HC37 conventional dwellings in RES2 and RES3+ are summed, unknown construction periods are excluded, and the exact HC37 2001-2005/2006-2010 split is retained. The resulting age profile is scaled to the regional 2025 T8 R4 dwelling total and then split 50/50 by apartment position.",official_Statbel_type_by_age_profiles_scaled_to_2025_type_totals,"Statbel R4 apartment dwellings are split 50/50 between Apartment, enclosed and Apartment, exposed because apartment position is not identified.",162267,0.0476359066358,100.1,320.3,190.7,100.1,63.7,0,0,0,0,13.4,0,13.4,0,26.8,TABULA_standard_B_proxy,0.22,22,0.215,0.225,21.5,22.5,0.5,reported_share,reported value plus or minus half the printed unit,EPC B,2024-01-01,Flemish houses and apartments in the weighted EPC label distribution,The weighted regional label distribution is referenced to 1 January 2024; EPC B supplies a calibration anchor for the TABULA standard physical proxy; the source reports whole percentages.,Standard Measures,fixed_TABULA_EPB2010_package,exhaust_air_ventilation,0,False,TABULA states that the EPB2010 upgrade measures are already achieved by the post-2005 class; the same physical values preserve a complete state matrix while post-2005 existing cells are ineligible for medium transitions.,2025,27505.2233564,26880.1046437,28130.342069,"independence/null assumption: P(state | region, archetype) = P(state | region)",regional marginal calibrated; archetype-state joint distribution unavailable,False,True,VITO EPB2010 standard measures apply through 1991-2005; post-2005 existing cells retain the complete standard calibration state and remain eligible for advanced renovation,0.4,0.3,0.4,2,2.9,6,https://publicaties.vlaanderen.be/view-file/70827,Flemish Housing and Energy Policy Note 2024-2029 PDF page 21 / printed page 20 and footnote 3,2026-07-27,https://episcope.eu/fileadmin/tabula/public/docs/scientific/BE_TABULA_ScientificReport_VITO.pdf,Section 4.2.3 on printed pages 44-46 / PDF pages 55-57; post-2005 applicability on printed page 54 / PDF page 65; service measures on printed pages 49-50 / PDF pages 60-61,2026-07-27,1144.2,3.57227599126,20,57.21,0.178613799563,109.11,19.16535,1.28147202797
Flemish Region,BE_TABULA_25,"Apartment, exposed",post-2005,25,3244134,0.0385384027074,0.022578119912,125023.742529,Statbel 2025 regional T8 dwelling counts by R1-R4 type; R5/R6 retained as an excluded residual; R4 split equally between apartment archetypes,"Statbel Census 2021 HC37 conventional dwellings in residential buildings with 2 or 3+ dwellings, jointly classified by building size and construction period",R1-R3 building-age profiles are applied to the matching dwelling totals; each resulting house-category dwelling retains its whole-house TABULA geometry; national absolute heat-demand and capacity results are conditional on this mapping,2021 conventional dwellings in RES2+RES3+,136209.5,0.249894050111,"Occupied and unoccupied HC37 conventional dwellings in RES2 and RES3+ are summed, unknown construction periods are excluded, and the exact HC37 2001-2005/2006-2010 split is retained. The resulting age profile is scaled to the regional 2025 T8 R4 dwelling total and then split 50/50 by apartment position.",official_Statbel_type_by_age_profiles_scaled_to_2025_type_totals,"Statbel R4 apartment dwellings are split 50/50 between Apartment, enclosed and Apartment, exposed because apartment position is not identified.",162267,0.0476359066358,100.1,320.3,190.7,100.1,63.7,0,0,0,0,13.4,0,13.4,0,26.8,TABULA_advanced_A_proxy,0.09,9,0.085,0.095,8.5,9.5,0.5,reported_share,reported value plus or minus half the printed unit,EPC A target family including A+,2024-01-01,Flemish houses and apartments in the weighted EPC label distribution,The weighted regional label distribution is referenced to 1 January 2024; EPC A supplies a calibration anchor for the TABULA advanced physical proxy; the source reports whole percentages.,Advanced Measures,fixed_TABULA_low_energy_package,balanced_mechanical_HRV,0.8,True,TABULA applies the Low Energy package to every dwelling type.,2025,11252.1368276,10627.018115,11877.2555402,"independence/null assumption: P(state | region, archetype) = P(state | region)",regional marginal calibrated; archetype-state joint distribution unavailable,False,False,VITO EPB2010 standard measures apply through 1991-2005; post-2005 existing cells retain the complete standard calibration state and remain eligible for advanced renovation,0.25,0.15,0.25,1.6,1.6,2.5,https://publicaties.vlaanderen.be/view-file/70827,Flemish Housing and Energy Policy Note 2024-2029 PDF page 21 / printed page 20 and footnote 3,2026-07-27,https://episcope.eu/fileadmin/tabula/public/docs/scientific/BE_TABULA_ScientificReport_VITO.pdf,Section 4.2.3 on printed pages 44-46 / PDF pages 55-57; service measures on printed pages 49-50 / PDF pages 60-61,2026-07-27,476.75,1.48844832969,20,23.8375,0.0744224164845,73.82,7.9855625,0.817238386613
Walloon Region,BE_TABULA_01,Detached house,pre-1946,1,1727209,0.0790712006542,0.0246637157089,136572.489411,Statbel 2025 regional T8 dwelling counts by R1-R4 type; R5/R6 retained as an excluded residual; R4 split equally between apartment archetypes,Statbel 2025 cadastral T3.* building counts jointly classified by R1-R3 building type and construction period,R1-R3 building-age profiles are applied to the matching dwelling totals; each resulting house-category dwelling retains its whole-house TABULA geometry; national absolute heat-demand and capacity results are conditional on this mapping,2025 cadastral buildings,134032,0.256770710606,Known-period T3.* building counts are rebinned to TABULA periods; the 1982-1991 and 2002-2011 source bins are allocated uniformly across years at the 1990 and 2005 TABULA cut-offs. The resulting age profile is scaled to the region/type 2025 T8 dwelling total.,official_Statbel_type_by_age_profiles_scaled_to_2025_type_totals,,85063,0.0469372147227,279,766,599.2,158.4,228.9,26.9,87.3,47,9.5,10.8,9.3,12.2,8.9,41.2,TABULA_existing,0.878,87.8,0.877,0.879,87.7,87.9,0.1,derived_residual,Existing=1-B-A; lower=1-B_upper-A_upper; upper=1-B_lower-A_lower,residual below PEB B,2024-08-20,790073 cumulative certificates for existing dwellings with a pre-May-2010 planning permit,Certificates arise from transactions and audits and describe pre-May-2010 dwellings through 20 August 2024; the source flags selection and timing effects; the one-decimal A-family and B shares each have a 0.05 percentage-point rounding interval.,Existing State,age_and_type_specific,existing_unspecified,,,Physical parameters are read from each base archetype row.,2025,119910.645703,119774.073213,120047.218192,"independence/null assumption: P(state | region, archetype) = P(state | region)",regional marginal calibrated; archetype-state joint distribution unavailable,True,True,VITO EPB2010 standard measures apply through 1991-2005; post-2005 existing cells retain the complete standard calibration state and remain eligible for advanced renovation,2.2,1.7,0.85,5,4,18,https://etat.environnement.wallonie.be/contents/indicatorsheets/MEN%2010.html,HTML cumulative-performance pie chart; exact counts archived in data/raw/provenance/wallonia_men10_certificate_counts_2024.csv,2026-07-27,https://episcope.eu/fileadmin/tabula/public/docs/scientific/BE_TABULA_ScientificReport_VITO.pdf,Tables 9 and 10 on printed pages 45-48 / PDF pages 56-59; Table 19 on printed pages 85-86 / PDF pages 96-97,2026-07-27,10785.6,14.0804177546,20,539.28,0.704020887728,1190.195,180.6588,4.91345448029
Walloon Region,BE_TABULA_01,Detached house,pre-1946,1,1727209,0.0790712006542,0.0246637157089,136572.489411,Statbel 2025 regional T8 dwelling counts by R1-R4 type; R5/R6 retained as an excluded residual; R4 split equally between apartment archetypes,Statbel 2025 cadastral T3.* building counts jointly classified by R1-R3 building type and construction period,R1-R3 building-age profiles are applied to the matching dwelling totals; each resulting house-category dwelling retains its whole-house TABULA geometry; national absolute heat-demand and capacity results are conditional on this mapping,2025 cadastral buildings,134032,0.256770710606,Known-period T3.* building counts are rebinned to TABULA periods; the 1982-1991 and 2002-2011 source bins are allocated uniformly across years at the 1990 and 2005 TABULA cut-offs. The resulting age profile is scaled to the region/type 2025 T8 dwelling total.,official_Statbel_type_by_age_profiles_scaled_to_2025_type_totals,,85063,0.0469372147227,279,766,599.2,158.4,228.9,26.9,87.3,47,9.5,10.8,9.3,12.2,8.9,41.2,TABULA_standard_B_proxy,0.11,11,0.1095,0.1105,10.95,11.05,0.05,reported_share,reported value plus or minus half the printed unit,PEB B,2024-08-20,790073 cumulative certificates for existing dwellings with a pre-May-2010 planning permit,Certificates arise from transactions and audits and describe pre-May-2010 dwellings through 20 August 2024; PEB B supplies a calibration anchor for the TABULA standard physical proxy; the source reports one decimal.,Standard Measures,fixed_TABULA_EPB2010_package,exhaust_air_ventilation,0,False,TABULA states that the EPB2010 upgrade measures are already achieved by the post-2005 class; the same physical values preserve a complete state matrix while post-2005 existing cells are ineligible for medium transitions.,2025,15022.9738352,14954.6875905,15091.2600799,"independence/null assumption: P(state | region, archetype) = P(state | region)",regional marginal calibrated; archetype-state joint distribution unavailable,False,True,VITO EPB2010 standard measures apply through 1991-2005; post-2005 existing cells retain the complete standard calibration state and remain eligible for advanced renovation,0.4,0.3,0.4,2,2.9,6,https://etat.environnement.wallonie.be/contents/indicatorsheets/MEN%2010.html,HTML cumulative-performance pie chart; B count=86782; exact counts archived in data/raw/provenance/wallonia_men10_certificate_counts_2024.csv,2026-07-27,https://episcope.eu/fileadmin/tabula/public/docs/scientific/BE_TABULA_ScientificReport_VITO.pdf,Section 4.2.3 on printed pages 44-46 / PDF pages 55-57; post-2005 applicability on printed page 54 / PDF page 65; service measures on printed pages 49-50 / PDF pages 60-61,2026-07-27,3595.2,4.69347258486,20,179.76,0.234673629243,313.51,60.2196,1.33953261649
Walloon Region,BE_TABULA_01,Detached house,pre-1946,1,1727209,0.0790712006542,0.0246637157089,136572.489411,Statbel 2025 regional T8 dwelling counts by R1-R4 type; R5/R6 retained as an excluded residual; R4 split equally between apartment archetypes,Statbel 2025 cadastral T3.* building counts jointly classified by R1-R3 building type and construction period,R1-R3 building-age profiles are applied to the matching dwelling totals; each resulting house-category dwelling retains its whole-house TABULA geometry; national absolute heat-demand and capacity results are conditional on this mapping,2025 cadastral buildings,134032,0.256770710606,Known-period T3.* building counts are rebinned to TABULA periods; the 1982-1991 and 2002-2011 source bins are allocated uniformly across years at the 1990 and 2005 TABULA cut-offs. The resulting age profile is scaled to the region/type 2025 T8 dwelling total.,official_Statbel_type_by_age_profiles_scaled_to_2025_type_totals,,85063,0.0469372147227,279,766,599.2,158.4,228.9,26.9,87.3,47,9.5,10.8,9.3,12.2,8.9,41.2,TABULA_advanced_A_proxy,0.012,1.2,0.0115,0.0125,1.15,1.25,0.05,reported_share,reported value plus or minus half the printed unit,PEB A/A+/A++,2024-08-20,790073 cumulative certificates for existing dwellings with a pre-May-2010 planning permit,Certificates arise from transactions and audits and describe pre-May-2010 dwellings through 20 August 2024; PEB A-family labels supply a calibration anchor for the TABULA advanced physical proxy; the source reports one decimal.,Advanced Measures,fixed_TABULA_low_energy_package,balanced_mechanical_HRV,0.8,True,TABULA applies the Low Energy package to every dwelling type.,2025,1638.86987293,1570.58362822,1707.15611763,"independence/null assumption: P(state | region, archetype) = P(state | region)",regional marginal calibrated; archetype-state joint distribution unavailable,False,False,VITO EPB2010 standard measures apply through 1991-2005; post-2005 existing cells retain the complete standard calibration state and remain eligible for advanced renovation,0.25,0.15,0.25,1.6,1.6,2.5,https://etat.environnement.wallonie.be/contents/indicatorsheets/MEN%2010.html,HTML cumulative-performance pie chart; A-family count=9391; exact counts archived in data/raw/provenance/wallonia_men10_certificate_counts_2024.csv,2026-07-27,https://episcope.eu/fileadmin/tabula/public/docs/scientific/BE_TABULA_ScientificReport_VITO.pdf,Section 4.2.3 on printed pages 44-46 / PDF pages 55-57; service measures on printed pages 49-50 / PDF pages 60-61,2026-07-27,1498,1.95561357702,20,74.9,0.0977806788512,202.405,25.0915,0.815399641577
Walloon Region,BE_TABULA_02,Semi-detached house,pre-1946,2,1727209,0.134043113119,0.0418104342332,231520.471367,Statbel 2025 regional T8 dwelling counts by R1-R4 type; R5/R6 retained as an excluded residual; R4 split equally between apartment archetypes,Statbel 2025 cadastral T3.* building counts jointly classified by R1-R3 building type and construction period,R1-R3 building-age profiles are applied to the matching dwelling totals; each resulting house-category dwelling retains its whole-house TABULA geometry; national absolute heat-demand and capacity results are conditional on this mapping,2025 cadastral buildings,224609,0.588060186046,Known-period T3.* building counts are rebinned to TABULA periods; the 1982-1991 and 2002-2011 source bins are allocated uniformly across years at the 1990 and 2005 TABULA cut-offs. The resulting age profile is scaled to the region/type 2025 T8 dwelling total.,official_Statbel_type_by_age_profiles_scaled_to_2025_type_totals,,85063,0.0469372147227,237,651.8,447.1,119.9,158.2,27.2,61.9,40.6,9.5,7.5,7.3,7.6,7.4,29.8,TABULA_existing,0.878,87.8,0.877,0.879,87.7,87.9,0.1,derived_residual,Existing=1-B-A; lower=1-B_upper-A_upper; upper=1-B_lower-A_lower,residual below PEB B,2024-08-20,790073 cumulative certificates for existing dwellings with a pre-May-2010 planning permit,Certificates arise from transactions and audits and describe pre-May-2010 dwellings through 20 August 2024; the source flags selection and timing effects; the one-decimal A-family and B shares each have a 0.05 percentage-point rounding interval.,Existing State,age_and_type_specific,existing_unspecified,,,Physical parameters are read from each base archetype row.,2025,203274.97386,203043.453389,203506.494331,"independence/null assumption: P(state | region, archetype) = P(state | region)",regional marginal calibrated; archetype-state joint distribution unavailable,True,True,VITO EPB2010 standard measures apply through 1991-2005; post-2005 existing cells retain the complete standard calibration state and remain eligible for advanced renovation,2.2,1.7,0.85,5,4,18,https://etat.environnement.wallonie.be/contents/indicatorsheets/MEN%2010.html,HTML cumulative-performance pie chart; exact counts archived in data/raw/provenance/wallonia_men10_certificate_counts_2024.csv,2026-07-27,https://episcope.eu/fileadmin/tabula/public/docs/scientific/BE_TABULA_ScientificReport_VITO.pdf,Tables 9 and 10 on printed pages 45-48 / PDF pages 56-59; Table 19 on printed pages 85-86 / PDF pages 96-97,2026-07-27,8047.8,12.347038969,20,402.39,0.61735194845,885.835,134.80065,4.30647953586
Walloon Region,BE_TABULA_02,Semi-detached house,pre-1946,2,1727209,0.134043113119,0.0418104342332,231520.471367,Statbel 2025 regional T8 dwelling counts by R1-R4 type; R5/R6 retained as an excluded residual; R4 split equally between apartment archetypes,Statbel 2025 cadastral T3.* building counts jointly classified by R1-R3 building type and construction period,R1-R3 building-age profiles are applied to the matching dwelling totals; each resulting house-category dwelling retains its whole-house TABULA geometry; national absolute heat-demand and capacity results are conditional on this mapping,2025 cadastral buildings,224609,0.588060186046,Known-period T3.* building counts are rebinned to TABULA periods; the 1982-1991 and 2002-2011 source bins are allocated uniformly across years at the 1990 and 2005 TABULA cut-offs. The resulting age profile is scaled to the region/type 2025 T8 dwelling total.,official_Statbel_type_by_age_profiles_scaled_to_2025_type_totals,,85063,0.0469372147227,237,651.8,447.1,119.9,158.2,27.2,61.9,40.6,9.5,7.5,7.3,7.6,7.4,29.8,TABULA_standard_B_proxy,0.11,11,0.1095,0.1105,10.95,11.05,0.05,reported_share,reported value plus or minus half the printed unit,PEB B,2024-08-20,790073 cumulative certificates for existing dwellings with a pre-May-2010 planning permit,Certificates arise from transactions and audits and describe pre-May-2010 dwellings through 20 August 2024; PEB B supplies a calibration anchor for the TABULA standard physical proxy; the source reports one decimal.,Standard Measures,fixed_TABULA_EPB2010_package,exhaust_air_ventilation,0,False,TABULA states that the EPB2010 upgrade measures are already achieved by the post-2005 class; the same physical values preserve a complete state matrix while post-2005 existing cells are ineligible for medium transitions.,2025,25467.2518503,25351.4916146,25583.012086,"independence/null assumption: P(state | region, archetype) = P(state | region)",regional marginal calibrated; archetype-state joint distribution unavailable,False,True,VITO EPB2010 standard measures apply through 1991-2005; post-2005 existing cells retain the complete standard calibration state and remain eligible for advanced renovation,0.4,0.3,0.4,2,2.9,6,https://etat.environnement.wallonie.be/contents/indicatorsheets/MEN%2010.html,HTML cumulative-performance pie chart; B count=86782; exact counts archived in data/raw/provenance/wallonia_men10_certificate_counts_2024.csv,2026-07-27,https://episcope.eu/fileadmin/tabula/public/docs/scientific/BE_TABULA_ScientificReport_VITO.pdf,Section 4.2.3 on printed pages 44-46 / PDF pages 55-57; post-2005 applicability on printed page 54 / PDF page 65; service measures on printed pages 49-50 / PDF pages 60-61,2026-07-27,2682.6,4.11567965634,20,134.13,0.205783982817,238.28,44.93355,1.19499388186
Walloon Region,BE_TABULA_02,Semi-detached house,pre-1946,2,1727209,0.134043113119,0.0418104342332,231520.471367,Statbel 2025 regional T8 dwelling counts by R1-R4 type; R5/R6 retained as an excluded residual; R4 split equally between apartment archetypes,Statbel 2025 cadastral T3.* building counts jointly classified by R1-R3 building type and construction period,R1-R3 building-age profiles are applied to the matching dwelling totals; each resulting house-category dwelling retains its whole-house TABULA geometry; national absolute heat-demand and capacity results are conditional on this mapping,2025 cadastral buildings,224609,0.588060186046,Known-period T3.* building counts are rebinned to TABULA periods; the 1982-1991 and 2002-2011 source bins are allocated uniformly across years at the 1990 and 2005 TABULA cut-offs. The resulting age profile is scaled to the region/type 2025 T8 dwelling total.,official_Statbel_type_by_age_profiles_scaled_to_2025_type_totals,,85063,0.0469372147227,237,651.8,447.1,119.9,158.2,27.2,61.9,40.6,9.5,7.5,7.3,7.6,7.4,29.8,TABULA_advanced_A_proxy,0.012,1.2,0.0115,0.0125,1.15,1.25,0.05,reported_share,reported value plus or minus half the printed unit,PEB A/A+/A++,2024-08-20,790073 cumulative certificates for existing dwellings with a pre-May-2010 planning permit,Certificates arise from transactions and audits and describe pre-May-2010 dwellings through 20 August 2024; PEB A-family labels supply a calibration anchor for the TABULA advanced physical proxy; the source reports one decimal.,Advanced Measures,fixed_TABULA_low_energy_package,balanced_mechanical_HRV,0.8,True,TABULA applies the Low Energy package to every dwelling type.,2025,2778.2456564,2662.48542072,2894.00589208,"independence/null assumption: P(state | region, archetype) = P(state | region)",regional marginal calibrated; archetype-state joint distribution unavailable,False,False,VITO EPB2010 standard measures apply through 1991-2005; post-2005 existing cells retain the complete standard calibration state and remain eligible for advanced renovation,0.25,0.15,0.25,1.6,1.6,2.5,https://etat.environnement.wallonie.be/contents/indicatorsheets/MEN%2010.html,HTML cumulative-performance pie chart; A-family count=9391; exact counts archived in data/raw/provenance/wallonia_men10_certificate_counts_2024.csv,2026-07-27,https://episcope.eu/fileadmin/tabula/public/docs/scientific/BE_TABULA_ScientificReport_VITO.pdf,Section 4.2.3 on printed pages 44-46 / PDF pages 55-57; service measures on printed pages 49-50 / PDF pages 60-61,2026-07-27,1117.75,1.71486652347,20,55.8875,0.0857433261737,152.84,18.7223125,0.723891613924
Walloon Region,BE_TABULA_03,Terraced house,pre-1946,3,1727209,0.196996106148,0.0614465939254,340253.447503,Statbel 2025 regional T8 dwelling counts by R1-R4 type; R5/R6 retained as an excluded residual; R4 split equally between apartment archetypes,Statbel 2025 cadastral T3.* building counts jointly classified by R1-R3 building type and construction period,R1-R3 building-age profiles are applied to the matching dwelling totals; each resulting house-category dwelling retains its whole-house TABULA geometry; national absolute heat-demand and capacity results are conditional on this mapping,2025 cadastral buildings,314483,0.74324250868,Known-period T3.* building counts are rebinned to TABULA periods; the 1982-1991 and 2002-2011 source bins are allocated uniformly across years at the 1990 and 2005 TABULA cut-offs. The resulting age profile is scaled to the region/type 2025 T8 dwelling total.,official_Statbel_type_by_age_profiles_scaled_to_2025_type_totals,,85063,0.0469372147227,225.9,621.3,323,90,92,24.3,41.4,34.3,9.5,8.4,7.9,8.1,7.1,31.5,TABULA_existing,0.878,87.8,0.877,0.879,87.7,87.9,0.1,derived_residual,Existing=1-B-A; lower=1-B_upper-A_upper; upper=1-B_lower-A_lower,residual below PEB B,2024-08-20,790073 cumulative certificates for existing dwellings with a pre-May-2010 planning permit,Certificates arise from transactions and audits and describe pre-May-2010 dwellings through 20 August 2024; the source flags selection and timing effects; the one-decimal A-family and B shares each have a 0.05 percentage-point rounding interval.,Existing State,age_and_type_specific,existing_unspecified,,,Physical parameters are read from each base archetype row.,2025,298742.526908,298402.273461,299082.780356,"independence/null assumption: P(state | region, archetype) = P(state | region)",regional marginal calibrated; archetype-state joint distribution unavailable,True,True,VITO EPB2010 standard measures apply through 1991-2005; post-2005 existing cells retain the complete standard calibration state and remain eligible for advanced renovation,2.2,1.7,0.85,5,4,14.9,https://etat.environnement.wallonie.be/contents/indicatorsheets/MEN%2010.html,HTML cumulative-performance pie chart; exact counts archived in data/raw/provenance/wallonia_men10_certificate_counts_2024.csv,2026-07-27,https://episcope.eu/fileadmin/tabula/public/docs/scientific/BE_TABULA_ScientificReport_VITO.pdf,Tables 9 and 10 on printed pages 45-48 / PDF pages 56-59; Table 19 on printed pages 85-86 / PDF pages 96-97,2026-07-27,4812.7,7.74617737003,20,240.635,0.387308868502,668.705,80.612725,3.31703286853
Walloon Region,BE_TABULA_03,Terraced house,pre-1946,3,1727209,0.196996106148,0.0614465939254,340253.447503,Statbel 2025 regional T8 dwelling counts by R1-R4 type; R5/R6 retained as an excluded residual; R4 split equally between apartment archetypes,Statbel 2025 cadastral T3.* building counts jointly classified by R1-R3 building type and construction period,R1-R3 building-age profiles are applied to the matching dwelling totals; each resulting house-category dwelling retains its whole-house TABULA geometry; national absolute heat-demand and capacity results are conditional on this mapping,2025 cadastral buildings,314483,0.74324250868,Known-period T3.* building counts are rebinned to TABULA periods; the 1982-1991 and 2002-2011 source bins are allocated uniformly across years at the 1990 and 2005 TABULA cut-offs. The resulting age profile is scaled to the region/type 2025 T8 dwelling total.,official_Statbel_type_by_age_profiles_scaled_to_2025_type_totals,,85063,0.0469372147227,225.9,621.3,323,90,92,24.3,41.4,34.3,9.5,8.4,7.9,8.1,7.1,31.5,TABULA_standard_B_proxy,0.11,11,0.1095,0.1105,10.95,11.05,0.05,reported_share,reported value plus or minus half the printed unit,PEB B,2024-08-20,790073 cumulative certificates for existing dwellings with a pre-May-2010 planning permit,Certificates arise from transactions and audits and describe pre-May-2010 dwellings through 20 August 2024; PEB B supplies a calibration anchor for the TABULA standard physical proxy; the source reports one decimal.,Standard Measures,fixed_TABULA_EPB2010_package,exhaust_air_ventilation,0,False,TABULA states that the EPB2010 upgrade measures are already achieved by the post-2005 class; the same physical values preserve a complete state matrix while post-2005 existing cells are ineligible for medium transitions.,2025,37427.8792254,37257.7525016,37598.0059491,"independence/null assumption: P(state | region, archetype) = P(state | region)",regional marginal calibrated; archetype-state joint distribution unavailable,False,True,VITO EPB2010 standard measures apply through 1991-2005; post-2005 existing cells retain the complete standard calibration state and remain eligible for advanced renovation,0.4,0.3,0.4,2,2.9,6,https://etat.environnement.wallonie.be/contents/indicatorsheets/MEN%2010.html,HTML cumulative-performance pie chart; B count=86782; exact counts archived in data/raw/provenance/wallonia_men10_certificate_counts_2024.csv,2026-07-27,https://episcope.eu/fileadmin/tabula/public/docs/scientific/BE_TABULA_ScientificReport_VITO.pdf,Section 4.2.3 on printed pages 44-46 / PDF pages 55-57; post-2005 applicability on printed page 54 / PDF page 65; service measures on printed pages 49-50 / PDF pages 60-61,2026-07-27,1938,3.11926605505,20,96.9,0.155963302752,194.35,32.4615,1.00403497123
Walloon Region,BE_TABULA_03,Terraced house,pre-1946,3,1727209,0.196996106148,0.0614465939254,340253.447503,Statbel 2025 regional T8 dwelling counts by R1-R4 type; R5/R6 retained as an excluded residual; R4 split equally between apartment archetypes,Statbel 2025 cadastral T3.* building counts jointly classified by R1-R3 building type and construction period,R1-R3 building-age profiles are applied to the matching dwelling totals; each resulting house-category dwelling retains its whole-house TABULA geometry; national absolute heat-demand and capacity results are conditional on this mapping,2025 cadastral buildings,314483,0.74324250868,Known-period T3.* building counts are rebinned to TABULA periods; the 1982-1991 and 2002-2011 source bins are allocated uniformly across years at the 1990 and 2005 TABULA cut-offs. The resulting age profile is scaled to the region/type 2025 T8 dwelling total.,official_Statbel_type_by_age_profiles_scaled_to_2025_type_totals,,85063,0.0469372147227,225.9,621.3,323,90,92,24.3,41.4,34.3,9.5,8.4,7.9,8.1,7.1,31.5,TABULA_advanced_A_proxy,0.012,1.2,0.0115,0.0125,1.15,1.25,0.05,reported_share,reported value plus or minus half the printed unit,PEB A/A+/A++,2024-08-20,790073 cumulative certificates for existing dwellings with a pre-May-2010 planning permit,Certificates arise from transactions and audits and describe pre-May-2010 dwellings through 20 August 2024; PEB A-family labels supply a calibration anchor for the TABULA advanced physical proxy; the source reports one decimal.,Advanced Measures,fixed_TABULA_low_energy_package,balanced_mechanical_HRV,0.8,True,TABULA applies the Low Energy package to every dwelling type.,2025,4083.04137004,3912.91464629,4253.16809379,"independence/null assumption: P(state | region, archetype) = P(state | region)",regional marginal calibrated; archetype-state joint distribution unavailable,False,False,VITO EPB2010 standard measures apply through 1991-2005; post-2005 existing cells retain the complete standard calibration state and remain eligible for advanced renovation,0.25,0.15,0.25,1.6,1.6,2.5,https://etat.environnement.wallonie.be/contents/indicatorsheets/MEN%2010.html,HTML cumulative-performance pie chart; A-family count=9391; exact counts archived in data/raw/provenance/wallonia_men10_certificate_counts_2024.csv,2026-07-27,https://episcope.eu/fileadmin/tabula/public/docs/scientific/BE_TABULA_ScientificReport_VITO.pdf,Section 4.2.3 on printed pages 44-46 / PDF pages 55-57; service measures on printed pages 49-50 / PDF pages 60-61,2026-07-27,807.5,1.2996941896,20,40.375,0.0649847094801,127.1,13.525625,0.62251272687
Walloon Region,BE_TABULA_04,"Apartment, enclosed",pre-1946,4,1727209,0.0425097310509,0.0132595421952,73423.1900587,Statbel 2025 regional T8 dwelling counts by R1-R4 type; R5/R6 retained as an excluded residual; R4 split equally between apartment archetypes,"Statbel Census 2021 HC37 conventional dwellings in residential buildings with 2 or 3+ dwellings, jointly classified by building size and construction period",R1-R3 building-age profiles are applied to the matching dwelling totals; each resulting house-category dwelling retains its whole-house TABULA geometry; national absolute heat-demand and capacity results are conditional on this mapping,2021 conventional dwellings in RES2+RES3+,104865.5,0.427095042601,"Occupied and unoccupied HC37 conventional dwellings in RES2 and RES3+ are summed, unknown construction periods are excluded, and the exact HC37 2001-2005/2006-2010 split is retained. The resulting age profile is scaled to the regional 2025 T8 R4 dwelling total and then split 50/50 by apartment position.",official_Statbel_type_by_age_profiles_scaled_to_2025_type_totals,"Statbel R4 apartment dwellings are split 50/50 between Apartment, enclosed and Apartment, exposed because apartment position is not identified.",85063,0.0469372147227,100.1,320.3,44.8,0,17.9,0,0,0,0,13.4,0,13.4,0,26.8,TABULA_existing,0.878,87.8,0.877,0.879,87.7,87.9,0.1,derived_residual,Existing=1-B-A; lower=1-B_upper-A_upper; upper=1-B_lower-A_lower,residual below PEB B,2024-08-20,790073 cumulative certificates for existing dwellings with a pre-May-2010 planning permit,Certificates arise from transactions and audits and describe pre-May-2010 dwellings through 20 August 2024; the source flags selection and timing effects; the one-decimal A-family and B shares each have a 0.05 percentage-point rounding interval.,Existing State,age_and_type_specific,existing_unspecified,,,Physical parameters are read from each base archetype row.,2025,64465.5608716,64392.1376815,64538.9840616,"independence/null assumption: P(state | region, archetype) = P(state | region)",regional marginal calibrated; archetype-state joint distribution unavailable,True,True,VITO EPB2010 standard measures apply through 1991-2005; post-2005 existing cells retain the complete standard calibration state and remain eligible for advanced renovation,2.2,1.7,0.85,5,4,14.9,https://etat.environnement.wallonie.be/contents/indicatorsheets/MEN%2010.html,HTML cumulative-performance pie chart; exact counts archived in data/raw/provenance/wallonia_men10_certificate_counts_2024.csv,2026-07-27,https://episcope.eu/fileadmin/tabula/public/docs/scientific/BE_TABULA_ScientificReport_VITO.pdf,Tables 9 and 10 on printed pages 45-48 / PDF pages 56-59; Table 19 on printed pages 85-86 / PDF pages 96-97,2026-07-27,667.52,2.08404620668,20,33.376,0.104202310334,173.38,11.18096,1.84376583417
Walloon Region,BE_TABULA_04,"Apartment, enclosed",pre-1946,4,1727209,0.0425097310509,0.0132595421952,73423.1900587,Statbel 2025 regional T8 dwelling counts by R1-R4 type; R5/R6 retained as an excluded residual; R4 split equally between apartment archetypes,"Statbel Census 2021 HC37 conventional dwellings in residential buildings with 2 or 3+ dwellings, jointly classified by building size and construction period",R1-R3 building-age profiles are applied to the matching dwelling totals; each resulting house-category dwelling retains its whole-house TABULA geometry; national absolute heat-demand and capacity results are conditional on this mapping,2021 conventional dwellings in RES2+RES3+,104865.5,0.427095042601,"Occupied and unoccupied HC37 conventional dwellings in RES2 and RES3+ are summed, unknown construction periods are excluded, and the exact HC37 2001-2005/2006-2010 split is retained. The resulting age profile is scaled to the regional 2025 T8 R4 dwelling total and then split 50/50 by apartment position.",official_Statbel_type_by_age_profiles_scaled_to_2025_type_totals,"Statbel R4 apartment dwellings are split 50/50 between Apartment, enclosed and Apartment, exposed because apartment position is not identified.",85063,0.0469372147227,100.1,320.3,44.8,0,17.9,0,0,0,0,13.4,0,13.4,0,26.8,TABULA_standard_B_proxy,0.11,11,0.1095,0.1105,10.95,11.05,0.05,reported_share,reported value plus or minus half the printed unit,PEB B,2024-08-20,790073 cumulative certificates for existing dwellings with a pre-May-2010 planning permit,Certificates arise from transactions and audits and describe pre-May-2010 dwellings through 20 August 2024; PEB B supplies a calibration anchor for the TABULA standard physical proxy; the source reports one decimal.,Standard Measures,fixed_TABULA_EPB2010_package,exhaust_air_ventilation,0,False,TABULA states that the EPB2010 upgrade measures are already achieved by the post-2005 class; the same physical values preserve a complete state matrix while post-2005 existing cells are ineligible for medium transitions.,2025,8076.55090646,8039.83931143,8113.26250149,"independence/null assumption: P(state | region, archetype) = P(state | region)",regional marginal calibrated; archetype-state joint distribution unavailable,False,True,VITO EPB2010 standard measures apply through 1991-2005; post-2005 existing cells retain the complete standard calibration state and remain eligible for advanced renovation,0.4,0.3,0.4,2,2.9,6,https://etat.environnement.wallonie.be/contents/indicatorsheets/MEN%2010.html,HTML cumulative-performance pie chart; B count=86782; exact counts archived in data/raw/provenance/wallonia_men10_certificate_counts_2024.csv,2026-07-27,https://episcope.eu/fileadmin/tabula/public/docs/scientific/BE_TABULA_ScientificReport_VITO.pdf,Section 4.2.3 on printed pages 44-46 / PDF pages 55-57; post-2005 applicability on printed page 54 / PDF page 65; service measures on printed pages 49-50 / PDF pages 60-61,2026-07-27,268.8,0.83921323759,20,13.44,0.0419606618795,60.76,4.5024,0.651972027972
Walloon Region,BE_TABULA_04,"Apartment, enclosed",pre-1946,4,1727209,0.0425097310509,0.0132595421952,73423.1900587,Statbel 2025 regional T8 dwelling counts by R1-R4 type; R5/R6 retained as an excluded residual; R4 split equally between apartment archetypes,"Statbel Census 2021 HC37 conventional dwellings in residential buildings with 2 or 3+ dwellings, jointly classified by building size and construction period",R1-R3 building-age profiles are applied to the matching dwelling totals; each resulting house-category dwelling retains its whole-house TABULA geometry; national absolute heat-demand and capacity results are conditional on this mapping,2021 conventional dwellings in RES2+RES3+,104865.5,0.427095042601,"Occupied and unoccupied HC37 conventional dwellings in RES2 and RES3+ are summed, unknown construction periods are excluded, and the exact HC37 2001-2005/2006-2010 split is retained. The resulting age profile is scaled to the regional 2025 T8 R4 dwelling total and then split 50/50 by apartment position.",official_Statbel_type_by_age_profiles_scaled_to_2025_type_totals,"Statbel R4 apartment dwellings are split 50/50 between Apartment, enclosed and Apartment, exposed because apartment position is not identified.",85063,0.0469372147227,100.1,320.3,44.8,0,17.9,0,0,0,0,13.4,0,13.4,0,26.8,TABULA_advanced_A_proxy,0.012,1.2,0.0115,0.0125,1.15,1.25,0.05,reported_share,reported value plus or minus half the printed unit,PEB A/A+/A++,2024-08-20,790073 cumulative certificates for existing dwellings with a pre-May-2010 planning permit,Certificates arise from transactions and audits and describe pre-May-2010 dwellings through 20 August 2024; PEB A-family labels supply a calibration anchor for the TABULA advanced physical proxy; the source reports one decimal.,Advanced Measures,fixed_TABULA_low_energy_package,balanced_mechanical_HRV,0.8,True,TABULA applies the Low Energy package to every dwelling type.,2025,881.078280705,844.366685675,917.789875734,"independence/null assumption: P(state | region, archetype) = P(state | region)",regional marginal calibrated; archetype-state joint distribution unavailable,False,False,VITO EPB2010 standard measures apply through 1991-2005; post-2005 existing cells retain the complete standard calibration state and remain eligible for advanced renovation,0.25,0.15,0.25,1.6,1.6,2.5,https://etat.environnement.wallonie.be/contents/indicatorsheets/MEN%2010.html,HTML cumulative-performance pie chart; A-family count=9391; exact counts archived in data/raw/provenance/wallonia_men10_certificate_counts_2024.csv,2026-07-27,https://episcope.eu/fileadmin/tabula/public/docs/scientific/BE_TABULA_ScientificReport_VITO.pdf,Section 4.2.3 on printed pages 44-46 / PDF pages 55-57; service measures on printed pages 49-50 / PDF pages 60-61,2026-07-27,112,0.349672182329,20,5.6,0.0174836091165,47.355,1.876,0.491818181818
Walloon Region,BE_TABULA_05,"Apartment, exposed",pre-1946,5,1727209,0.0425097310509,0.0132595421952,73423.1900587,Statbel 2025 regional T8 dwelling counts by R1-R4 type; R5/R6 retained as an excluded residual; R4 split equally between apartment archetypes,"Statbel Census 2021 HC37 conventional dwellings in residential buildings with 2 or 3+ dwellings, jointly classified by building size and construction period",R1-R3 building-age profiles are applied to the matching dwelling totals; each resulting house-category dwelling retains its whole-house TABULA geometry; national absolute heat-demand and capacity results are conditional on this mapping,2021 conventional dwellings in RES2+RES3+,104865.5,0.427095042601,"Occupied and unoccupied HC37 conventional dwellings in RES2 and RES3+ are summed, unknown construction periods are excluded, and the exact HC37 2001-2005/2006-2010 split is retained. The resulting age profile is scaled to the regional 2025 T8 R4 dwelling total and then split 50/50 by apartment position.",official_Statbel_type_by_age_profiles_scaled_to_2025_type_totals,"Statbel R4 apartment dwellings are split 50/50 between Apartment, enclosed and Apartment, exposed because apartment position is not identified.",85063,0.0469372147227,100.1,320.3,190.7,100.1,63.7,0,0,0,0,13.4,0,13.4,0,26.8,TABULA_existing,0.878,87.8,0.877,0.879,87.7,87.9,0.1,derived_residual,Existing=1-B-A; lower=1-B_upper-A_upper; upper=1-B_lower-A_lower,residual below PEB B,2024-08-20,790073 cumulative certificates for existing dwellings with a pre-May-2010 planning permit,Certificates arise from transactions and audits and describe pre-May-2010 dwellings through 20 August 2024; the source flags selection and timing effects; the one-decimal A-family and B shares each have a 0.05 percentage-point rounding interval.,Existing State,age_and_type_specific,existing_unspecified,,,Physical parameters are read from each base archetype row.,2025,64465.5608716,64392.1376815,64538.9840616,"independence/null assumption: P(state | region, archetype) = P(state | region)",regional marginal calibrated; archetype-state joint distribution unavailable,True,True,VITO EPB2010 standard measures apply through 1991-2005; post-2005 existing cells retain the complete standard calibration state and remain eligible for advanced renovation,2.2,1.7,0.85,5,4,14.9,https://etat.environnement.wallonie.be/contents/indicatorsheets/MEN%2010.html,HTML cumulative-performance pie chart; exact counts archived in data/raw/provenance/wallonia_men10_certificate_counts_2024.csv,2026-07-27,https://episcope.eu/fileadmin/tabula/public/docs/scientific/BE_TABULA_ScientificReport_VITO.pdf,Tables 9 and 10 on printed pages 45-48 / PDF pages 56-59; Table 19 on printed pages 85-86 / PDF pages 96-97,2026-07-27,2841.43,8.87115204496,20,142.0715,0.443557602248,444.31,47.5939525,4.9141253996
Walloon Region,BE_TABULA_05,"Apartment, exposed",pre-1946,5,1727209,0.0425097310509,0.0132595421952,73423.1900587,Statbel 2025 regional T8 dwelling counts by R1-R4 type; R5/R6 retained as an excluded residual; R4 split equally between apartment archetypes,"Statbel Census 2021 HC37 conventional dwellings in residential buildings with 2 or 3+ dwellings, jointly classified by building size and construction period",R1-R3 building-age profiles are applied to the matching dwelling totals; each resulting house-category dwelling retains its whole-house TABULA geometry; national absolute heat-demand and capacity results are conditional on this mapping,2021 conventional dwellings in RES2+RES3+,104865.5,0.427095042601,"Occupied and unoccupied HC37 conventional dwellings in RES2 and RES3+ are summed, unknown construction periods are excluded, and the exact HC37 2001-2005/2006-2010 split is retained. The resulting age profile is scaled to the regional 2025 T8 R4 dwelling total and then split 50/50 by apartment position.",official_Statbel_type_by_age_profiles_scaled_to_2025_type_totals,"Statbel R4 apartment dwellings are split 50/50 between Apartment, enclosed and Apartment, exposed because apartment position is not identified.",85063,0.0469372147227,100.1,320.3,190.7,100.1,63.7,0,0,0,0,13.4,0,13.4,0,26.8,TABULA_standard_B_proxy,0.11,11,0.1095,0.1105,10.95,11.05,0.05,reported_share,reported value plus or minus half the printed unit,PEB B,2024-08-20,790073 cumulative certificates for existing dwellings with a pre-May-2010 planning permit,Certificates arise from transactions and audits and describe pre-May-2010 dwellings through 20 August 2024; PEB B supplies a calibration anchor for the TABULA standard physical proxy; the source reports one decimal.,Standard Measures,fixed_TABULA_EPB2010_package,exhaust_air_ventilation,0,False,TABULA states that the EPB2010 upgrade measures are already achieved by the post-2005 class; the same physical values preserve a complete state matrix while post-2005 existing cells are ineligible for medium transitions.,2025,8076.55090646,8039.83931143,8113.26250149,"independence/null assumption: P(state | region, archetype) = P(state | region)",regional marginal calibrated; archetype-state joint distribution unavailable,False,True,VITO EPB2010 standard measures apply through 1991-2005; post-2005 existing cells retain the complete standard calibration state and remain eligible for advanced renovation,0.4,0.3,0.4,2,2.9,6,https://etat.environnement.wallonie.be/contents/indicatorsheets/MEN%2010.html,HTML cumulative-performance pie chart; B count=86782; exact counts archived in data/raw/provenance/wallonia_men10_certificate_counts_2024.csv,2026-07-27,https://episcope.eu/fileadmin/tabula/public/docs/scientific/BE_TABULA_ScientificReport_VITO.pdf,Section 4.2.3 on printed pages 44-46 / PDF pages 55-57; post-2005 applicability on printed page 54 / PDF page 65; service measures on printed pages 49-50 / PDF pages 60-61,2026-07-27,1144.2,3.57227599126,20,57.21,0.178613799563,109.11,19.16535,1.28147202797
Walloon Region,BE_TABULA_05,"Apartment, exposed",pre-1946,5,1727209,0.0425097310509,0.0132595421952,73423.1900587,Statbel 2025 regional T8 dwelling counts by R1-R4 type; R5/R6 retained as an excluded residual; R4 split equally between apartment archetypes,"Statbel Census 2021 HC37 conventional dwellings in residential buildings with 2 or 3+ dwellings, jointly classified by building size and construction period",R1-R3 building-age profiles are applied to the matching dwelling totals; each resulting house-category dwelling retains its whole-house TABULA geometry; national absolute heat-demand and capacity results are conditional on this mapping,2021 conventional dwellings in RES2+RES3+,104865.5,0.427095042601,"Occupied and unoccupied HC37 conventional dwellings in RES2 and RES3+ are summed, unknown construction periods are excluded, and the exact HC37 2001-2005/2006-2010 split is retained. The resulting age profile is scaled to the regional 2025 T8 R4 dwelling total and then split 50/50 by apartment position.",official_Statbel_type_by_age_profiles_scaled_to_2025_type_totals,"Statbel R4 apartment dwellings are split 50/50 between Apartment, enclosed and Apartment, exposed because apartment position is not identified.",85063,0.0469372147227,100.1,320.3,190.7,100.1,63.7,0,0,0,0,13.4,0,13.4,0,26.8,TABULA_advanced_A_proxy,0.012,1.2,0.0115,0.0125,1.15,1.25,0.05,reported_share,reported value plus or minus half the printed unit,PEB A/A+/A++,2024-08-20,790073 cumulative certificates for existing dwellings with a pre-May-2010 planning permit,Certificates arise from transactions and audits and describe pre-May-2010 dwellings through 20 August 2024; PEB A-family labels supply a calibration anchor for the TABULA advanced physical proxy; the source reports one decimal.,Advanced Measures,fixed_TABULA_low_energy_package,balanced_mechanical_HRV,0.8,True,TABULA applies the Low Energy package to every dwelling type.,2025,881.078280705,844.366685675,917.789875734,"independence/null assumption: P(state | region, archetype) = P(state | region)",regional marginal calibrated; archetype-state joint distribution unavailable,False,False,VITO EPB2010 standard measures apply through 1991-2005; post-2005 existing cells retain the complete standard calibration state and remain eligible for advanced renovation,0.25,0.15,0.25,1.6,1.6,2.5,https://etat.environnement.wallonie.be/contents/indicatorsheets/MEN%2010.html,HTML cumulative-performance pie chart; A-family count=9391; exact counts archived in data/raw/provenance/wallonia_men10_certificate_counts_2024.csv,2026-07-27,https://episcope.eu/fileadmin/tabula/public/docs/scientific/BE_TABULA_ScientificReport_VITO.pdf,Section 4.2.3 on printed pages 44-46 / PDF pages 55-57; service measures on printed pages 49-50 / PDF pages 60-61,2026-07-27,476.75,1.48844832969,20,23.8375,0.0744224164845,73.82,7.9855625,0.817238386613
Walloon Region,BE_TABULA_06,Detached house,1946-1970,6,1727209,0.052294291211,0.0163115207681,90323.1704282,Statbel 2025 regional T8 dwelling counts by R1-R4 type; R5/R6 retained as an excluded residual; R4 split equally between apartment archetypes,Statbel 2025 cadastral T3.* building counts jointly classified by R1-R3 building type and construction period,R1-R3 building-age profiles are applied to the matching dwelling totals; each resulting house-category dwelling retains its whole-house TABULA geometry; national absolute heat-demand and capacity results are conditional on this mapping,2025 cadastral buildings,88643,0.169817104126,Known-period T3.* building counts are rebinned to TABULA periods; the 1982-1991 and 2002-2011 source bins are allocated uniformly across years at the 1990 and 2005 TABULA cut-offs. The resulting age profile is scaled to the region/type 2025 T8 dwelling total.,official_Statbel_type_by_age_profiles_scaled_to_2025_type_totals,,85063,0.0469372147227,235.8,648.5,538.8,158.2,183,19.9,56.3,70.4,9.5,9.5,9.7,12.7,9.7,41.6,TABULA_existing,0.878,87.8,0.877,0.879,87.7,87.9,0.1,derived_residual,Existing=1-B-A; lower=1-B_upper-A_upper; upper=1-B_lower-A_lower,residual below PEB B,2024-08-20,790073 cumulative certificates for existing dwellings with a pre-May-2010 planning permit,Certificates arise from transactions and audits and describe pre-May-2010 dwellings through 20 August 2024; the source flags selection and timing effects; the one-decimal A-family and B shares each have a 0.05 percentage-point rounding interval.,Existing State,age_and_type_specific,existing_unspecified,,,Physical parameters are read from each base archetype row.,2025,79303.743636,79213.4204656,79394.0668064,"independence/null assumption: P(state | region, archetype) = P(state | region)",regional marginal calibrated; archetype-state joint distribution unavailable,True,True,VITO EPB2010 standard measures apply through 1991-2005; post-2005 existing cells retain the complete standard calibration state and remain eligible for advanced renovation,1.7,1.9,0.85,5,4,18,https://etat.environnement.wallonie.be/contents/indicatorsheets/MEN%2010.html,HTML cumulative-performance pie chart; exact counts archived in data/raw/provenance/wallonia_men10_certificate_counts_2024.csv,2026-07-27,https://episcope.eu/fileadmin/tabula/public/docs/scientific/BE_TABULA_ScientificReport_VITO.pdf,Tables 9 and 10 on printed pages 45-48 / PDF pages 56-59; Table 19 on printed pages 85-86 / PDF pages 96-97,2026-07-27,9698.4,14.9551272167,20,484.92,0.747756360833,999.205,162.4482,4.92643426633
Walloon Region,BE_TABULA_06,Detached house,1946-1970,6,1727209,0.052294291211,0.0163115207681,90323.1704282,Statbel 2025 regional T8 dwelling counts by R1-R4 type; R5/R6 retained as an excluded residual; R4 split equally between apartment archetypes,Statbel 2025 cadastral T3.* building counts jointly classified by R1-R3 building type and construction period,R1-R3 building-age profiles are applied to the matching dwelling totals; each resulting house-category dwelling retains its whole-house TABULA geometry; national absolute heat-demand and capacity results are conditional on this mapping,2025 cadastral buildings,88643,0.169817104126,Known-period T3.* building counts are rebinned to TABULA periods; the 1982-1991 and 2002-2011 source bins are allocated uniformly across years at the 1990 and 2005 TABULA cut-offs. The resulting age profile is scaled to the region/type 2025 T8 dwelling total.,official_Statbel_type_by_age_profiles_scaled_to_2025_type_totals,,85063,0.0469372147227,235.8,648.5,538.8,158.2,183,19.9,56.3,70.4,9.5,9.5,9.7,12.7,9.7,41.6,TABULA_standard_B_proxy,0.11,11,0.1095,0.1105,10.95,11.05,0.05,reported_share,reported value plus or minus half the printed unit,PEB B,2024-08-20,790073 cumulative certificates for existing dwellings with a pre-May-2010 planning permit,Certificates arise from transactions and audits and describe pre-May-2010 dwellings through 20 August 2024; PEB B supplies a calibration anchor for the TABULA standard physical proxy; the source reports one decimal.,Standard Measures,fixed_TABULA_EPB2010_package,exhaust_air_ventilation,0,False,TABULA states that the EPB2010 upgrade measures are already achieved by the post-2005 class; the same physical values preserve a complete state matrix while post-2005 existing cells are ineligible for medium transitions.,2025,9935.5487471,9890.38716189,9980.71033232,"independence/null assumption: P(state | region, archetype) = P(state | region)",regional marginal calibrated; archetype-state joint distribution unavailable,False,True,VITO EPB2010 standard measures apply through 1991-2005; post-2005 existing cells retain the complete standard calibration state and remain eligible for advanced renovation,0.4,0.3,0.4,2,2.9,6,https://etat.environnement.wallonie.be/contents/indicatorsheets/MEN%2010.html,HTML cumulative-performance pie chart; B count=86782; exact counts archived in data/raw/provenance/wallonia_men10_certificate_counts_2024.csv,2026-07-27,https://episcope.eu/fileadmin/tabula/public/docs/scientific/BE_TABULA_ScientificReport_VITO.pdf,Section 4.2.3 on printed pages 44-46 / PDF pages 55-57; post-2005 applicability on printed page 54 / PDF page 65; service measures on printed pages 49-50 / PDF pages 60-61,2026-07-27,3232.8,4.98504240555,20,161.64,0.249252120278,290.05,54.1494,1.45970907549
Walloon Region,BE_TABULA_06,Detached house,1946-1970,6,1727209,0.052294291211,0.0163115207681,90323.1704282,Statbel 2025 regional T8 dwelling counts by R1-R4 type; R5/R6 retained as an excluded residual; R4 split equally between apartment archetypes,Statbel 2025 cadastral T3.* building counts jointly classified by R1-R3 building type and construction period,R1-R3 building-age profiles are applied to the matching dwelling totals; each resulting house-category dwelling retains its whole-house TABULA geometry; national absolute heat-demand and capacity results are conditional on this mapping,2025 cadastral buildings,88643,0.169817104126,Known-period T3.* building counts are rebinned to TABULA periods; the 1982-1991 and 2002-2011 source bins are allocated uniformly across years at the 1990 and 2005 TABULA cut-offs. The resulting age profile is scaled to the region/type 2025 T8 dwelling total.,official_Statbel_type_by_age_profiles_scaled_to_2025_type_totals,,85063,0.0469372147227,235.8,648.5,538.8,158.2,183,19.9,56.3,70.4,9.5,9.5,9.7,12.7,9.7,41.6,TABULA_advanced_A_proxy,0.012,1.2,0.0115,0.0125,1.15,1.25,0.05,reported_share,reported value plus or minus half the printed unit,PEB A/A+/A++,2024-08-20,790073 cumulative certificates for existing dwellings with a pre-May-2010 planning permit,Certificates arise from transactions and audits and describe pre-May-2010 dwellings through 20 August 2024; PEB A-family labels supply a calibration anchor for the TABULA advanced physical proxy; the source reports one decimal.,Advanced Measures,fixed_TABULA_low_energy_package,balanced_mechanical_HRV,0.8,True,TABULA applies the Low Energy package to every dwelling type.,2025,1083.87804514,1038.71645992,1129.03963035,"independence/null assumption: P(state | region, archetype) = P(state | region)",regional marginal calibrated; archetype-state joint distribution unavailable,False,False,VITO EPB2010 standard measures apply through 1991-2005; post-2005 existing cells retain the complete standard calibration state and remain eligible for advanced renovation,0.25,0.15,0.25,1.6,1.6,2.5,https://etat.environnement.wallonie.be/contents/indicatorsheets/MEN%2010.html,HTML cumulative-performance pie chart; A-family count=9391; exact counts archived in data/raw/provenance/wallonia_men10_certificate_counts_2024.csv,2026-07-27,https://episcope.eu/fileadmin/tabula/public/docs/scientific/BE_TABULA_ScientificReport_VITO.pdf,Section 4.2.3 on printed pages 44-46 / PDF pages 55-57; service measures on printed pages 49-50 / PDF pages 60-61,2026-07-27,1347,2.07710100231,20,67.35,0.103855050116,187.89,22.56225,0.892503180662
Walloon Region,BE_TABULA_07,Semi-detached house,1946-1970,7,1727209,0.0414001168398,0.012913433761,71506.6544067,Statbel 2025 regional T8 dwelling counts by R1-R4 type; R5/R6 retained as an excluded residual; R4 split equally between apartment archetypes,Statbel 2025 cadastral T3.* building counts jointly classified by R1-R3 building type and construction period,R1-R3 building-age profiles are applied to the matching dwelling totals; each resulting house-category dwelling retains its whole-house TABULA geometry; national absolute heat-demand and capacity results are conditional on this mapping,2025 cadastral buildings,69372,0.181626342784,Known-period T3.* building counts are rebinned to TABULA periods; the 1982-1991 and 2002-2011 source bins are allocated uniformly across years at the 1990 and 2005 TABULA cut-offs. The resulting age profile is scaled to the region/type 2025 T8 dwelling total.,official_Statbel_type_by_age_profiles_scaled_to_2025_type_totals,,85063,0.0469372147227,193.4,531.7,381.4,101.4,133.1,18,43.7,45.1,9.5,7.4,7.3,8.4,7.5,30.6,TABULA_existing,0.878,87.8,0.877,0.879,87.7,87.9,0.1,derived_residual,Existing=1-B-A; lower=1-B_upper-A_upper; upper=1-B_lower-A_lower,residual below PEB B,2024-08-20,790073 cumulative certificates for existing dwellings with a pre-May-2010 planning permit,Certificates arise from transactions and audits and describe pre-May-2010 dwellings through 20 August 2024; the source flags selection and timing effects; the one-decimal A-family and B shares each have a 0.05 percentage-point rounding interval.,Existing State,age_and_type_specific,existing_unspecified,,,Physical parameters are read from each base archetype row.,2025,62782.8425691,62711.3359147,62854.3492235,"independence/null assumption: P(state | region, archetype) = P(state | region)",regional marginal calibrated; archetype-state joint distribution unavailable,True,True,VITO EPB2010 standard measures apply through 1991-2005; post-2005 existing cells retain the complete standard calibration state and remain eligible for advanced renovation,1.7,1.9,0.85,5,4,18,https://etat.environnement.wallonie.be/contents/indicatorsheets/MEN%2010.html,HTML cumulative-performance pie chart; exact counts archived in data/raw/provenance/wallonia_men10_certificate_counts_2024.csv,2026-07-27,https://episcope.eu/fileadmin/tabula/public/docs/scientific/BE_TABULA_ScientificReport_VITO.pdf,Tables 9 and 10 on printed pages 45-48 / PDF pages 56-59; Table 19 on printed pages 85-86 / PDF pages 96-97,2026-07-27,6865.2,12.9117923641,20,343.26,0.645589618206,716.01,114.9921,4.29680506722
Walloon Region,BE_TABULA_07,Semi-detached house,1946-1970,7,1727209,0.0414001168398,0.012913433761,71506.6544067,Statbel 2025 regional T8 dwelling counts by R1-R4 type; R5/R6 retained as an excluded residual; R4 split equally between apartment archetypes,Statbel 2025 cadastral T3.* building counts jointly classified by R1-R3 building type and construction period,R1-R3 building-age profiles are applied to the matching dwelling totals; each resulting house-category dwelling retains its whole-house TABULA geometry; national absolute heat-demand and capacity results are conditional on this mapping,2025 cadastral buildings,69372,0.181626342784,Known-period T3.* building counts are rebinned to TABULA periods; the 1982-1991 and 2002-2011 source bins are allocated uniformly across years at the 1990 and 2005 TABULA cut-offs. The resulting age profile is scaled to the region/type 2025 T8 dwelling total.,official_Statbel_type_by_age_profiles_scaled_to_2025_type_totals,,85063,0.0469372147227,193.4,531.7,381.4,101.4,133.1,18,43.7,45.1,9.5,7.4,7.3,8.4,7.5,30.6,TABULA_standard_B_proxy,0.11,11,0.1095,0.1105,10.95,11.05,0.05,reported_share,reported value plus or minus half the printed unit,PEB B,2024-08-20,790073 cumulative certificates for existing dwellings with a pre-May-2010 planning permit,Certificates arise from transactions and audits and describe pre-May-2010 dwellings through 20 August 2024; PEB B supplies a calibration anchor for the TABULA standard physical proxy; the source reports one decimal.,Standard Measures,fixed_TABULA_EPB2010_package,exhaust_air_ventilation,0,False,TABULA states that the EPB2010 upgrade measures are already achieved by the post-2005 class; the same physical values preserve a complete state matrix while post-2005 existing cells are ineligible for medium transitions.,2025,7865.73198474,7829.97865754,7901.48531194,"independence/null assumption: P(state | region, archetype) = P(state | region)",regional marginal calibrated; archetype-state joint distribution unavailable,False,True,VITO EPB2010 standard measures apply through 1991-2005; post-2005 existing cells retain the complete standard calibration state and remain eligible for advanced renovation,0.4,0.3,0.4,2,2.9,6,https://etat.environnement.wallonie.be/contents/indicatorsheets/MEN%2010.html,HTML cumulative-performance pie chart; B count=86782; exact counts archived in data/raw/provenance/wallonia_men10_certificate_counts_2024.csv,2026-07-27,https://episcope.eu/fileadmin/tabula/public/docs/scientific/BE_TABULA_ScientificReport_VITO.pdf,Section 4.2.3 on printed pages 44-46 / PDF pages 55-57; post-2005 applicability on printed page 54 / PDF page 65; service measures on printed pages 49-50 / PDF pages 60-61,2026-07-27,2288.4,4.30393078804,20,114.42,0.215196539402,215.13,38.3307,1.31055170631
Walloon Region,BE_TABULA_07,Semi-detached house,1946-1970,7,1727209,0.0414001168398,0.012913433761,71506.6544067,Statbel 2025 regional T8 dwelling counts by R1-R4 type; R5/R6 retained as an excluded residual; R4 split equally between apartment archetypes,Statbel 2025 cadastral T3.* building counts jointly classified by R1-R3 building type and construction period,R1-R3 building-age profiles are applied to the matching dwelling totals; each resulting house-category dwelling retains its whole-house TABULA geometry; national absolute heat-demand and capacity results are conditional on this mapping,2025 cadastral buildings,69372,0.181626342784,Known-period T3.* building counts are rebinned to TABULA periods; the 1982-1991 and 2002-2011 source bins are allocated uniformly across years at the 1990 and 2005 TABULA cut-offs. The resulting age profile is scaled to the region/type 2025 T8 dwelling total.,official_Statbel_type_by_age_profiles_scaled_to_2025_type_totals,,85063,0.0469372147227,193.4,531.7,381.4,101.4,133.1,18,43.7,45.1,9.5,7.4,7.3,8.4,7.5,30.6,TABULA_advanced_A_proxy,0.012,1.2,0.0115,0.0125,1.15,1.25,0.05,reported_share,reported value plus or minus half the printed unit,PEB A/A+/A++,2024-08-20,790073 cumulative certificates for existing dwellings with a pre-May-2010 planning permit,Certificates arise from transactions and audits and describe pre-May-2010 dwellings through 20 August 2024; PEB A-family labels supply a calibration anchor for the TABULA advanced physical proxy; the source reports one decimal.,Advanced Measures,fixed_TABULA_low_energy_package,balanced_mechanical_HRV,0.8,True,TABULA applies the Low Energy package to every dwelling type.,2025,858.079852881,822.326525678,893.833180084,"independence/null assumption: P(state | region, archetype) = P(state | region)",regional marginal calibrated; archetype-state joint distribution unavailable,False,False,VITO EPB2010 standard measures apply through 1991-2005; post-2005 existing cells retain the complete standard calibration state and remain eligible for advanced renovation,0.25,0.15,0.25,1.6,1.6,2.5,https://etat.environnement.wallonie.be/contents/indicatorsheets/MEN%2010.html,HTML cumulative-performance pie chart; A-family count=9391; exact counts archived in data/raw/provenance/wallonia_men10_certificate_counts_2024.csv,2026-07-27,https://episcope.eu/fileadmin/tabula/public/docs/scientific/BE_TABULA_ScientificReport_VITO.pdf,Section 4.2.3 on printed pages 44-46 / PDF pages 55-57; service measures on printed pages 49-50 / PDF pages 60-61,2026-07-27,953.5,1.79330449502,20,47.675,0.0896652247508,139.345,15.971125,0.803082342296
Walloon Region,BE_TABULA_08,Terraced house,1946-1970,8,1727209,0.0370454133339,0.0115551241821,63985.171319,Statbel 2025 regional T8 dwelling counts by R1-R4 type; R5/R6 retained as an excluded residual; R4 split equally between apartment archetypes,Statbel 2025 cadastral T3.* building counts jointly classified by R1-R3 building type and construction period,R1-R3 building-age profiles are applied to the matching dwelling totals; each resulting house-category dwelling retains its whole-house TABULA geometry; national absolute heat-demand and capacity results are conditional on this mapping,2025 cadastral buildings,59139,0.139767868918,Known-period T3.* building counts are rebinned to TABULA periods; the 1982-1991 and 2002-2011 source bins are allocated uniformly across years at the 1990 and 2005 TABULA cut-offs. The resulting age profile is scaled to the region/type 2025 T8 dwelling total.,official_Statbel_type_by_age_profiles_scaled_to_2025_type_totals,,85063,0.0469372147227,198.8,546.6,296.8,90.8,79.1,13.1,35.7,38.8,9.5,6.8,7.6,7.8,7.6,29.8,TABULA_existing,0.878,87.8,0.877,0.879,87.7,87.9,0.1,derived_residual,Existing=1-B-A; lower=1-B_upper-A_upper; upper=1-B_lower-A_lower,residual below PEB B,2024-08-20,790073 cumulative certificates for existing dwellings with a pre-May-2010 planning permit,Certificates arise from transactions and audits and describe pre-May-2010 dwellings through 20 August 2024; the source flags selection and timing effects; the one-decimal A-family and B shares each have a 0.05 percentage-point rounding interval.,Existing State,age_and_type_specific,existing_unspecified,,,Physical parameters are read from each base archetype row.,2025,56178.9804181,56114.9952467,56242.9655894,"independence/null assumption: P(state | region, archetype) = P(state | region)",regional marginal calibrated; archetype-state joint distribution unavailable,True,True,VITO EPB2010 standard measures apply through 1991-2005; post-2005 existing cells retain the complete standard calibration state and remain eligible for advanced renovation,1.7,1.9,0.85,5,4,14.9,https://etat.environnement.wallonie.be/contents/indicatorsheets/MEN%2010.html,HTML cumulative-performance pie chart; exact counts archived in data/raw/provenance/wallonia_men10_certificate_counts_2024.csv,2026-07-27,https://episcope.eu/fileadmin/tabula/public/docs/scientific/BE_TABULA_ScientificReport_VITO.pdf,Tables 9 and 10 on printed pages 45-48 / PDF pages 56-59; Table 19 on printed pages 85-86 / PDF pages 96-97,2026-07-27,4422.32,8.0905964142,20,221.116,0.40452982071,579.585,74.07386,3.28802243461
Walloon Region,BE_TABULA_08,Terraced house,1946-1970,8,1727209,0.0370454133339,0.0115551241821,63985.171319,Statbel 2025 regional T8 dwelling counts by R1-R4 type; R5/R6 retained as an excluded residual; R4 split equally between apartment archetypes,Statbel 2025 cadastral T3.* building counts jointly classified by R1-R3 building type and construction period,R1-R3 building-age profiles are applied to the matching dwelling totals; each resulting house-category dwelling retains its whole-house TABULA geometry; national absolute heat-demand and capacity results are conditional on this mapping,2025 cadastral buildings,59139,0.139767868918,Known-period T3.* building counts are rebinned to TABULA periods; the 1982-1991 and 2002-2011 source bins are allocated uniformly across years at the 1990 and 2005 TABULA cut-offs. The resulting age profile is scaled to the region/type 2025 T8 dwelling total.,official_Statbel_type_by_age_profiles_scaled_to_2025_type_totals,,85063,0.0469372147227,198.8,546.6,296.8,90.8,79.1,13.1,35.7,38.8,9.5,6.8,7.6,7.8,7.6,29.8,TABULA_standard_B_proxy,0.11,11,0.1095,0.1105,10.95,11.05,0.05,reported_share,reported value plus or minus half the printed unit,PEB B,2024-08-20,790073 cumulative certificates for existing dwellings with a pre-May-2010 planning permit,Certificates arise from transactions and audits and describe pre-May-2010 dwellings through 20 August 2024; PEB B supplies a calibration anchor for the TABULA standard physical proxy; the source reports one decimal.,Standard Measures,fixed_TABULA_EPB2010_package,exhaust_air_ventilation,0,False,TABULA states that the EPB2010 upgrade measures are already achieved by the post-2005 class; the same physical values preserve a complete state matrix while post-2005 existing cells are ineligible for medium transitions.,2025,7038.36884509,7006.37625943,7070.36143075,"independence/null assumption: P(state | region, archetype) = P(state | region)",regional marginal calibrated; archetype-state joint distribution unavailable,False,True,VITO EPB2010 standard measures apply through 1991-2005; post-2005 existing cells retain the complete standard calibration state and remain eligible for advanced renovation,0.4,0.3,0.4,2,2.9,6,https://etat.environnement.wallonie.be/contents/indicatorsheets/MEN%2010.html,HTML cumulative-performance pie chart; B count=86782; exact counts archived in data/raw/provenance/wallonia_men10_certificate_counts_2024.csv,2026-07-27,https://episcope.eu/fileadmin/tabula/public/docs/scientific/BE_TABULA_ScientificReport_VITO.pdf,Section 4.2.3 on printed pages 44-46 / PDF pages 55-57; post-2005 applicability on printed page 54 / PDF page 65; service measures on printed pages 49-50 / PDF pages 60-61,2026-07-27,1780.8,3.2579582876,20,89.04,0.16289791438,181.07,29.8284,1.06085714286
Walloon Region,BE_TABULA_08,Terraced house,1946-1970,8,1727209,0.0370454133339,0.0115551241821,63985.171319,Statbel 2025 regional T8 dwelling counts by R1-R4 type; R5/R6 retained as an excluded residual; R4 split equally between apartment archetypes,Statbel 2025 cadastral T3.* building counts jointly classified by R1-R3 building type and construction period,R1-R3 building-age profiles are applied to the matching dwelling totals; each resulting house-category dwelling retains its whole-house TABULA geometry; national absolute heat-demand and capacity results are conditional on this mapping,2025 cadastral buildings,59139,0.139767868918,Known-period T3.* building counts are rebinned to TABULA periods; the 1982-1991 and 2002-2011 source bins are allocated uniformly across years at the 1990 and 2005 TABULA cut-offs. The resulting age profile is scaled to the region/type 2025 T8 dwelling total.,official_Statbel_type_by_age_profiles_scaled_to_2025_type_totals,,85063,0.0469372147227,198.8,546.6,296.8,90.8,79.1,13.1,35.7,38.8,9.5,6.8,7.6,7.8,7.6,29.8,TABULA_advanced_A_proxy,0.012,1.2,0.0115,0.0125,1.15,1.25,0.05,reported_share,reported value plus or minus half the printed unit,PEB A/A+/A++,2024-08-20,790073 cumulative certificates for existing dwellings with a pre-May-2010 planning permit,Certificates arise from transactions and audits and describe pre-May-2010 dwellings through 20 August 2024; PEB A-family labels supply a calibration anchor for the TABULA advanced physical proxy; the source reports one decimal.,Advanced Measures,fixed_TABULA_low_energy_package,balanced_mechanical_HRV,0.8,True,TABULA applies the Low Energy package to every dwelling type.,2025,767.822055828,735.829470168,799.814641487,"independence/null assumption: P(state | region, archetype) = P(state | region)",regional marginal calibrated; archetype-state joint distribution unavailable,False,False,VITO EPB2010 standard measures apply through 1991-2005; post-2005 existing cells retain the complete standard calibration state and remain eligible for advanced renovation,0.25,0.15,0.25,1.6,1.6,2.5,https://etat.environnement.wallonie.be/contents/indicatorsheets/MEN%2010.html,HTML cumulative-performance pie chart; A-family count=9391; exact counts archived in data/raw/provenance/wallonia_men10_certificate_counts_2024.csv,2026-07-27,https://episcope.eu/fileadmin/tabula/public/docs/scientific/BE_TABULA_ScientificReport_VITO.pdf,Section 4.2.3 on printed pages 44-46 / PDF pages 55-57; service measures on printed pages 49-50 / PDF pages 60-61,2026-07-27,742,1.35748261983,20,37.1,0.0678741309916,118.175,12.4285,0.656959255533
Walloon Region,BE_TABULA_09,"Apartment, enclosed",1946-1970,9,1727209,0.016542090535,0.00515977264554,28571.6476508,Statbel 2025 regional T8 dwelling counts by R1-R4 type; R5/R6 retained as an excluded residual; R4 split equally between apartment archetypes,"Statbel Census 2021 HC37 conventional dwellings in residential buildings with 2 or 3+ dwellings, jointly classified by building size and construction period",R1-R3 building-age profiles are applied to the matching dwelling totals; each resulting house-category dwelling retains its whole-house TABULA geometry; national absolute heat-demand and capacity results are conditional on this mapping,2021 conventional dwellings in RES2+RES3+,40807,0.166198295945,"Occupied and unoccupied HC37 conventional dwellings in RES2 and RES3+ are summed, unknown construction periods are excluded, and the exact HC37 2001-2005/2006-2010 split is retained. The resulting age profile is scaled to the regional 2025 T8 R4 dwelling total and then split 50/50 by apartment position.",official_Statbel_type_by_age_profiles_scaled_to_2025_type_totals,"Statbel R4 apartment dwellings are split 50/50 between Apartment, enclosed and Apartment, exposed because apartment position is not identified.",85063,0.0469372147227,100.1,320.3,44.8,0,17.9,0,0,0,0,13.4,0,13.4,0,26.8,TABULA_existing,0.878,87.8,0.877,0.879,87.7,87.9,0.1,derived_residual,Existing=1-B-A; lower=1-B_upper-A_upper; upper=1-B_lower-A_lower,residual below PEB B,2024-08-20,790073 cumulative certificates for existing dwellings with a pre-May-2010 planning permit,Certificates arise from transactions and audits and describe pre-May-2010 dwellings through 20 August 2024; the source flags selection and timing effects; the one-decimal A-family and B shares each have a 0.05 percentage-point rounding interval.,Existing State,age_and_type_specific,existing_unspecified,,,Physical parameters are read from each base archetype row.,2025,25085.9066374,25057.3349898,25114.4782851,"independence/null assumption: P(state | region, archetype) = P(state | region)",regional marginal calibrated; archetype-state joint distribution unavailable,True,True,VITO EPB2010 standard measures apply through 1991-2005; post-2005 existing cells retain the complete standard calibration state and remain eligible for advanced renovation,1.7,1.9,0.85,5,4,14.9,https://etat.environnement.wallonie.be/contents/indicatorsheets/MEN%2010.html,HTML cumulative-performance pie chart; exact counts archived in data/raw/provenance/wallonia_men10_certificate_counts_2024.csv,2026-07-27,https://episcope.eu/fileadmin/tabula/public/docs/scientific/BE_TABULA_ScientificReport_VITO.pdf,Tables 9 and 10 on printed pages 45-48 / PDF pages 56-59; Table 19 on printed pages 85-86 / PDF pages 96-97,2026-07-27,667.52,2.08404620668,20,33.376,0.104202310334,164.43,11.18096,1.75435524476
Walloon Region,BE_TABULA_09,"Apartment, enclosed",1946-1970,9,1727209,0.016542090535,0.00515977264554,28571.6476508,Statbel 2025 regional T8 dwelling counts by R1-R4 type; R5/R6 retained as an excluded residual; R4 split equally between apartment archetypes,"Statbel Census 2021 HC37 conventional dwellings in residential buildings with 2 or 3+ dwellings, jointly classified by building size and construction period",R1-R3 building-age profiles are applied to the matching dwelling totals; each resulting house-category dwelling retains its whole-house TABULA geometry; national absolute heat-demand and capacity results are conditional on this mapping,2021 conventional dwellings in RES2+RES3+,40807,0.166198295945,"Occupied and unoccupied HC37 conventional dwellings in RES2 and RES3+ are summed, unknown construction periods are excluded, and the exact HC37 2001-2005/2006-2010 split is retained. The resulting age profile is scaled to the regional 2025 T8 R4 dwelling total and then split 50/50 by apartment position.",official_Statbel_type_by_age_profiles_scaled_to_2025_type_totals,"Statbel R4 apartment dwellings are split 50/50 between Apartment, enclosed and Apartment, exposed because apartment position is not identified.",85063,0.0469372147227,100.1,320.3,44.8,0,17.9,0,0,0,0,13.4,0,13.4,0,26.8,TABULA_standard_B_proxy,0.11,11,0.1095,0.1105,10.95,11.05,0.05,reported_share,reported value plus or minus half the printed unit,PEB B,2024-08-20,790073 cumulative certificates for existing dwellings with a pre-May-2010 planning permit,Certificates arise from transactions and audits and describe pre-May-2010 dwellings through 20 August 2024; PEB B supplies a calibration anchor for the TABULA standard physical proxy; the source reports one decimal.,Standard Measures,fixed_TABULA_EPB2010_package,exhaust_air_ventilation,0,False,TABULA states that the EPB2010 upgrade measures are already achieved by the post-2005 class; the same physical values preserve a complete state matrix while post-2005 existing cells are ineligible for medium transitions.,2025,3142.88124159,3128.59541776,3157.16706542,"independence/null assumption: P(state | region, archetype) = P(state | region)",regional marginal calibrated; archetype-state joint distribution unavailable,False,True,VITO EPB2010 standard measures apply through 1991-2005; post-2005 existing cells retain the complete standard calibration state and remain eligible for advanced renovation,0.4,0.3,0.4,2,2.9,6,https://etat.environnement.wallonie.be/contents/indicatorsheets/MEN%2010.html,HTML cumulative-performance pie chart; B count=86782; exact counts archived in data/raw/provenance/wallonia_men10_certificate_counts_2024.csv,2026-07-27,https://episcope.eu/fileadmin/tabula/public/docs/scientific/BE_TABULA_ScientificReport_VITO.pdf,Section 4.2.3 on printed pages 44-46 / PDF pages 55-57; post-2005 applicability on printed page 54 / PDF page 65; service measures on printed pages 49-50 / PDF pages 60-61,2026-07-27,268.8,0.83921323759,20,13.44,0.0419606618795,60.76,4.5024,0.651972027972
Walloon Region,BE_TABULA_09,"Apartment, enclosed",1946-1970,9,1727209,0.016542090535,0.00515977264554,28571.6476508,Statbel 2025 regional T8 dwelling counts by R1-R4 type; R5/R6 retained as an excluded residual; R4 split equally between apartment archetypes,"Statbel Census 2021 HC37 conventional dwellings in residential buildings with 2 or 3+ dwellings, jointly classified by building size and construction period",R1-R3 building-age profiles are applied to the matching dwelling totals; each resulting house-category dwelling retains its whole-house TABULA geometry; national absolute heat-demand and capacity results are conditional on this mapping,2021 conventional dwellings in RES2+RES3+,40807,0.166198295945,"Occupied and unoccupied HC37 conventional dwellings in RES2 and RES3+ are summed, unknown construction periods are excluded, and the exact HC37 2001-2005/2006-2010 split is retained. The resulting age profile is scaled to the regional 2025 T8 R4 dwelling total and then split 50/50 by apartment position.",official_Statbel_type_by_age_profiles_scaled_to_2025_type_totals,"Statbel R4 apartment dwellings are split 50/50 between Apartment, enclosed and Apartment, exposed because apartment position is not identified.",85063,0.0469372147227,100.1,320.3,44.8,0,17.9,0,0,0,0,13.4,0,13.4,0,26.8,TABULA_advanced_A_proxy,0.012,1.2,0.0115,0.0125,1.15,1.25,0.05,reported_share,reported value plus or minus half the printed unit,PEB A/A+/A++,2024-08-20,790073 cumulative certificates for existing dwellings with a pre-May-2010 planning permit,Certificates arise from transactions and audits and describe pre-May-2010 dwellings through 20 August 2024; PEB A-family labels supply a calibration anchor for the TABULA advanced physical proxy; the source reports one decimal.,Advanced Measures,fixed_TABULA_low_energy_package,balanced_mechanical_HRV,0.8,True,TABULA applies the Low Energy package to every dwelling type.,2025,342.85977181,328.573947984,357.145595635,"independence/null assumption: P(state | region, archetype) = P(state | region)",regional marginal calibrated; archetype-state joint distribution unavailable,False,False,VITO EPB2010 standard measures apply through 1991-2005; post-2005 existing cells retain the complete standard calibration state and remain eligible for advanced renovation,0.25,0.15,0.25,1.6,1.6,2.5,https://etat.environnement.wallonie.be/contents/indicatorsheets/MEN%2010.html,HTML cumulative-performance pie chart; A-family count=9391; exact counts archived in data/raw/provenance/wallonia_men10_certificate_counts_2024.csv,2026-07-27,https://episcope.eu/fileadmin/tabula/public/docs/scientific/BE_TABULA_ScientificReport_VITO.pdf,Section 4.2.3 on printed pages 44-46 / PDF pages 55-57; service measures on printed pages 49-50 / PDF pages 60-61,2026-07-27,112,0.349672182329,20,5.6,0.0174836091165,47.355,1.876,0.491818181818
Walloon Region,BE_TABULA_10,"Apartment, exposed",1946-1970,10,1727209,0.016542090535,0.00515977264554,28571.6476508,Statbel 2025 regional T8 dwelling counts by R1-R4 type; R5/R6 retained as an excluded residual; R4 split equally between apartment archetypes,"Statbel Census 2021 HC37 conventional dwellings in residential buildings with 2 or 3+ dwellings, jointly classified by building size and construction period",R1-R3 building-age profiles are applied to the matching dwelling totals; each resulting house-category dwelling retains its whole-house TABULA geometry; national absolute heat-demand and capacity results are conditional on this mapping,2021 conventional dwellings in RES2+RES3+,40807,0.166198295945,"Occupied and unoccupied HC37 conventional dwellings in RES2 and RES3+ are summed, unknown construction periods are excluded, and the exact HC37 2001-2005/2006-2010 split is retained. The resulting age profile is scaled to the regional 2025 T8 R4 dwelling total and then split 50/50 by apartment position.",official_Statbel_type_by_age_profiles_scaled_to_2025_type_totals,"Statbel R4 apartment dwellings are split 50/50 between Apartment, enclosed and Apartment, exposed because apartment position is not identified.",85063,0.0469372147227,100.1,320.3,190.7,100.1,63.7,0,0,0,0,13.4,0,13.4,0,26.8,TABULA_existing,0.878,87.8,0.877,0.879,87.7,87.9,0.1,derived_residual,Existing=1-B-A; lower=1-B_upper-A_upper; upper=1-B_lower-A_lower,residual below PEB B,2024-08-20,790073 cumulative certificates for existing dwellings with a pre-May-2010 planning permit,Certificates arise from transactions and audits and describe pre-May-2010 dwellings through 20 August 2024; the source flags selection and timing effects; the one-decimal A-family and B shares each have a 0.05 percentage-point rounding interval.,Existing State,age_and_type_specific,existing_unspecified,,,Physical parameters are read from each base archetype row.,2025,25085.9066374,25057.3349898,25114.4782851,"independence/null assumption: P(state | region, archetype) = P(state | region)",regional marginal calibrated; archetype-state joint distribution unavailable,True,True,VITO EPB2010 standard measures apply through 1991-2005; post-2005 existing cells retain the complete standard calibration state and remain eligible for advanced renovation,1.7,1.9,0.85,5,4,14.9,https://etat.environnement.wallonie.be/contents/indicatorsheets/MEN%2010.html,HTML cumulative-performance pie chart; exact counts archived in data/raw/provenance/wallonia_men10_certificate_counts_2024.csv,2026-07-27,https://episcope.eu/fileadmin/tabula/public/docs/scientific/BE_TABULA_ScientificReport_VITO.pdf,Tables 9 and 10 on printed pages 45-48 / PDF pages 56-59; Table 19 on printed pages 85-86 / PDF pages 96-97,2026-07-27,2841.43,8.87115204496,20,142.0715,0.443557602248,432.48,47.5939525,4.79594358142
Walloon Region,BE_TABULA_10,"Apartment, exposed",1946-1970,10,1727209,0.016542090535,0.00515977264554,28571.6476508,Statbel 2025 regional T8 dwelling counts by R1-R4 type; R5/R6 retained as an excluded residual; R4 split equally between apartment archetypes,"Statbel Census 2021 HC37 conventional dwellings in residential buildings with 2 or 3+ dwellings, jointly classified by building size and construction period",R1-R3 building-age profiles are applied to the matching dwelling totals; each resulting house-category dwelling retains its whole-house TABULA geometry; national absolute heat-demand and capacity results are conditional on this mapping,2021 conventional dwellings in RES2+RES3+,40807,0.166198295945,"Occupied and unoccupied HC37 conventional dwellings in RES2 and RES3+ are summed, unknown construction periods are excluded, and the exact HC37 2001-2005/2006-2010 split is retained. The resulting age profile is scaled to the regional 2025 T8 R4 dwelling total and then split 50/50 by apartment position.",official_Statbel_type_by_age_profiles_scaled_to_2025_type_totals,"Statbel R4 apartment dwellings are split 50/50 between Apartment, enclosed and Apartment, exposed because apartment position is not identified.",85063,0.0469372147227,100.1,320.3,190.7,100.1,63.7,0,0,0,0,13.4,0,13.4,0,26.8,TABULA_standard_B_proxy,0.11,11,0.1095,0.1105,10.95,11.05,0.05,reported_share,reported value plus or minus half the printed unit,PEB B,2024-08-20,790073 cumulative certificates for existing dwellings with a pre-May-2010 planning permit,Certificates arise from transactions and audits and describe pre-May-2010 dwellings through 20 August 2024; PEB B supplies a calibration anchor for the TABULA standard physical proxy; the source reports one decimal.,Standard Measures,fixed_TABULA_EPB2010_package,exhaust_air_ventilation,0,False,TABULA states that the EPB2010 upgrade measures are already achieved by the post-2005 class; the same physical values preserve a complete state matrix while post-2005 existing cells are ineligible for medium transitions.,2025,3142.88124159,3128.59541776,3157.16706542,"independence/null assumption: P(state | region, archetype) = P(state | region)",regional marginal calibrated; archetype-state joint distribution unavailable,False,True,VITO EPB2010 standard measures apply through 1991-2005; post-2005 existing cells retain the complete standard calibration state and remain eligible for advanced renovation,0.4,0.3,0.4,2,2.9,6,https://etat.environnement.wallonie.be/contents/indicatorsheets/MEN%2010.html,HTML cumulative-performance pie chart; B count=86782; exact counts archived in data/raw/provenance/wallonia_men10_certificate_counts_2024.csv,2026-07-27,https://episcope.eu/fileadmin/tabula/public/docs/scientific/BE_TABULA_ScientificReport_VITO.pdf,Section 4.2.3 on printed pages 44-46 / PDF pages 55-57; post-2005 applicability on printed page 54 / PDF page 65; service measures on printed pages 49-50 / PDF pages 60-61,2026-07-27,1144.2,3.57227599126,20,57.21,0.178613799563,109.11,19.16535,1.28147202797
Walloon Region,BE_TABULA_10,"Apartment, exposed",1946-1970,10,1727209,0.016542090535,0.00515977264554,28571.6476508,Statbel 2025 regional T8 dwelling counts by R1-R4 type; R5/R6 retained as an excluded residual; R4 split equally between apartment archetypes,"Statbel Census 2021 HC37 conventional dwellings in residential buildings with 2 or 3+ dwellings, jointly classified by building size and construction period",R1-R3 building-age profiles are applied to the matching dwelling totals; each resulting house-category dwelling retains its whole-house TABULA geometry; national absolute heat-demand and capacity results are conditional on this mapping,2021 conventional dwellings in RES2+RES3+,40807,0.166198295945,"Occupied and unoccupied HC37 conventional dwellings in RES2 and RES3+ are summed, unknown construction periods are excluded, and the exact HC37 2001-2005/2006-2010 split is retained. The resulting age profile is scaled to the regional 2025 T8 R4 dwelling total and then split 50/50 by apartment position.",official_Statbel_type_by_age_profiles_scaled_to_2025_type_totals,"Statbel R4 apartment dwellings are split 50/50 between Apartment, enclosed and Apartment, exposed because apartment position is not identified.",85063,0.0469372147227,100.1,320.3,190.7,100.1,63.7,0,0,0,0,13.4,0,13.4,0,26.8,TABULA_advanced_A_proxy,0.012,1.2,0.0115,0.0125,1.15,1.25,0.05,reported_share,reported value plus or minus half the printed unit,PEB A/A+/A++,2024-08-20,790073 cumulative certificates for existing dwellings with a pre-May-2010 planning permit,Certificates arise from transactions and audits and describe pre-May-2010 dwellings through 20 August 2024; PEB A-family labels supply a calibration anchor for the TABULA advanced physical proxy; the source reports one decimal.,Advanced Measures,fixed_TABULA_low_energy_package,balanced_mechanical_HRV,0.8,True,TABULA applies the Low Energy package to every dwelling type.,2025,342.85977181,328.573947984,357.145595635,"independence/null assumption: P(state | region, archetype) = P(state | region)",regional marginal calibrated; archetype-state joint distribution unavailable,False,False,VITO EPB2010 standard measures apply through 1991-2005; post-2005 existing cells retain the complete standard calibration state and remain eligible for advanced renovation,0.25,0.15,0.25,1.6,1.6,2.5,https://etat.environnement.wallonie.be/contents/indicatorsheets/MEN%2010.html,HTML cumulative-performance pie chart; A-family count=9391; exact counts archived in data/raw/provenance/wallonia_men10_certificate_counts_2024.csv,2026-07-27,https://episcope.eu/fileadmin/tabula/public/docs/scientific/BE_TABULA_ScientificReport_VITO.pdf,Section 4.2.3 on printed pages 44-46 / PDF pages 55-57; service measures on printed pages 49-50 / PDF pages 60-61,2026-07-27,476.75,1.48844832969,20,23.8375,0.0744224164845,73.82,7.9855625,0.817238386613
Walloon Region,BE_TABULA_11,Detached house,1971-1990,11,1727209,0.0792355586918,0.024714981908,136856.370093,Statbel 2025 regional T8 dwelling counts by R1-R4 type; R5/R6 retained as an excluded residual; R4 split equally between apartment archetypes,Statbel 2025 cadastral T3.* building counts jointly classified by R1-R3 building type and construction period,R1-R3 building-age profiles are applied to the matching dwelling totals; each resulting house-category dwelling retains its whole-house TABULA geometry; national absolute heat-demand and capacity results are conditional on this mapping,2025 cadastral buildings,134310.6,0.257304436283,Known-period T3.* building counts are rebinned to TABULA periods; the 1982-1991 and 2002-2011 source bins are allocated uniformly across years at the 1990 and 2005 TABULA cut-offs. The resulting age profile is scaled to the region/type 2025 T8 dwelling total.,official_Statbel_type_by_age_profiles_scaled_to_2025_type_totals,,85063,0.0469372147227,238.4,655.7,548.8,170,159.4,23.5,54.8,91.6,9.5,8.6,9.5,11.9,10.2,40.2,TABULA_existing,0.878,87.8,0.877,0.879,87.7,87.9,0.1,derived_residual,Existing=1-B-A; lower=1-B_upper-A_upper; upper=1-B_lower-A_lower,residual below PEB B,2024-08-20,790073 cumulative certificates for existing dwellings with a pre-May-2010 planning permit,Certificates arise from transactions and audits and describe pre-May-2010 dwellings through 20 August 2024; the source flags selection and timing effects; the one-decimal A-family and B shares each have a 0.05 percentage-point rounding interval.,Existing State,age_and_type_specific,existing_unspecified,,,Physical parameters are read from each base archetype row.,2025,120159.892941,120023.036571,120296.749311,"independence/null assumption: P(state | region, archetype) = P(state | region)",regional marginal calibrated; archetype-state joint distribution unavailable,True,True,VITO EPB2010 standard measures apply through 1991-2005; post-2005 existing cells retain the complete standard calibration state and remain eligible for advanced renovation,1,0.85,0.85,3.5,4,17.1,https://etat.environnement.wallonie.be/contents/indicatorsheets/MEN%2010.html,HTML cumulative-performance pie chart; exact counts archived in data/raw/provenance/wallonia_men10_certificate_counts_2024.csv,2026-07-27,https://episcope.eu/fileadmin/tabula/public/docs/scientific/BE_TABULA_ScientificReport_VITO.pdf,Tables 9 and 10 on printed pages 45-48 / PDF pages 56-59; Table 19 on printed pages 85-86 / PDF pages 96-97,2026-07-27,9384.48,14.3121549489,20,469.224,0.715607747445,630.54,157.19004,3.30423674497
Walloon Region,BE_TABULA_11,Detached house,1971-1990,11,1727209,0.0792355586918,0.024714981908,136856.370093,Statbel 2025 regional T8 dwelling counts by R1-R4 type; R5/R6 retained as an excluded residual; R4 split equally between apartment archetypes,Statbel 2025 cadastral T3.* building counts jointly classified by R1-R3 building type and construction period,R1-R3 building-age profiles are applied to the matching dwelling totals; each resulting house-category dwelling retains its whole-house TABULA geometry; national absolute heat-demand and capacity results are conditional on this mapping,2025 cadastral buildings,134310.6,0.257304436283,Known-period T3.* building counts are rebinned to TABULA periods; the 1982-1991 and 2002-2011 source bins are allocated uniformly across years at the 1990 and 2005 TABULA cut-offs. The resulting age profile is scaled to the region/type 2025 T8 dwelling total.,official_Statbel_type_by_age_profiles_scaled_to_2025_type_totals,,85063,0.0469372147227,238.4,655.7,548.8,170,159.4,23.5,54.8,91.6,9.5,8.6,9.5,11.9,10.2,40.2,TABULA_standard_B_proxy,0.11,11,0.1095,0.1105,10.95,11.05,0.05,reported_share,reported value plus or minus half the printed unit,PEB B,2024-08-20,790073 cumulative certificates for existing dwellings with a pre-May-2010 planning permit,Certificates arise from transactions and audits and describe pre-May-2010 dwellings through 20 August 2024; PEB B supplies a calibration anchor for the TABULA standard physical proxy; the source reports one decimal.,Standard Measures,fixed_TABULA_EPB2010_package,exhaust_air_ventilation,0,False,TABULA states that the EPB2010 upgrade measures are already achieved by the post-2005 class; the same physical values preserve a complete state matrix while post-2005 existing cells are ineligible for medium transitions.,2025,15054.2007102,14985.7725251,15122.6288952,"independence/null assumption: P(state | region, archetype) = P(state | region)",regional marginal calibrated; archetype-state joint distribution unavailable,False,True,VITO EPB2010 standard measures apply through 1991-2005; post-2005 existing cells retain the complete standard calibration state and remain eligible for advanced renovation,0.4,0.3,0.4,2,2.9,6,https://etat.environnement.wallonie.be/contents/indicatorsheets/MEN%2010.html,HTML cumulative-performance pie chart; B count=86782; exact counts archived in data/raw/provenance/wallonia_men10_certificate_counts_2024.csv,2026-07-27,https://episcope.eu/fileadmin/tabula/public/docs/scientific/BE_TABULA_ScientificReport_VITO.pdf,Section 4.2.3 on printed pages 44-46 / PDF pages 55-57; post-2005 applicability on printed page 54 / PDF page 65; service measures on printed pages 49-50 / PDF pages 60-61,2026-07-27,3292.8,5.021808754,20,164.64,0.2510904377,290.67,55.1544,1.4506057047
Walloon Region,BE_TABULA_11,Detached house,1971-1990,11,1727209,0.0792355586918,0.024714981908,136856.370093,Statbel 2025 regional T8 dwelling counts by R1-R4 type; R5/R6 retained as an excluded residual; R4 split equally between apartment archetypes,Statbel 2025 cadastral T3.* building counts jointly classified by R1-R3 building type and construction period,R1-R3 building-age profiles are applied to the matching dwelling totals; each resulting house-category dwelling retains its whole-house TABULA geometry; national absolute heat-demand and capacity results are conditional on this mapping,2025 cadastral buildings,134310.6,0.257304436283,Known-period T3.* building counts are rebinned to TABULA periods; the 1982-1991 and 2002-2011 source bins are allocated uniformly across years at the 1990 and 2005 TABULA cut-offs. The resulting age profile is scaled to the region/type 2025 T8 dwelling total.,official_Statbel_type_by_age_profiles_scaled_to_2025_type_totals,,85063,0.0469372147227,238.4,655.7,548.8,170,159.4,23.5,54.8,91.6,9.5,8.6,9.5,11.9,10.2,40.2,TABULA_advanced_A_proxy,0.012,1.2,0.0115,0.0125,1.15,1.25,0.05,reported_share,reported value plus or minus half the printed unit,PEB A/A+/A++,2024-08-20,790073 cumulative certificates for existing dwellings with a pre-May-2010 planning permit,Certificates arise from transactions and audits and describe pre-May-2010 dwellings through 20 August 2024; PEB A-family labels supply a calibration anchor for the TABULA advanced physical proxy; the source reports one decimal.,Advanced Measures,fixed_TABULA_low_energy_package,balanced_mechanical_HRV,0.8,True,TABULA applies the Low Energy package to every dwelling type.,2025,1642.27644111,1573.84825606,1710.70462616,"independence/null assumption: P(state | region, archetype) = P(state | region)",regional marginal calibrated; archetype-state joint distribution unavailable,False,False,VITO EPB2010 standard measures apply through 1991-2005; post-2005 existing cells retain the complete standard calibration state and remain eligible for advanced renovation,0.25,0.15,0.25,1.6,1.6,2.5,https://etat.environnement.wallonie.be/contents/indicatorsheets/MEN%2010.html,HTML cumulative-performance pie chart; A-family count=9391; exact counts archived in data/raw/provenance/wallonia_men10_certificate_counts_2024.csv,2026-07-27,https://episcope.eu/fileadmin/tabula/public/docs/scientific/BE_TABULA_ScientificReport_VITO.pdf,Section 4.2.3 on printed pages 44-46 / PDF pages 55-57; service measures on printed pages 49-50 / PDF pages 60-61,2026-07-27,1372,2.09242031417,20,68.6,0.104621015708,187.345,22.981,0.882239932886
Walloon Region,BE_TABULA_12,Semi-detached house,1971-1990,12,1727209,0.0246139485524,0.00767752891757,42513.4334652,Statbel 2025 regional T8 dwelling counts by R1-R4 type; R5/R6 retained as an excluded residual; R4 split equally between apartment archetypes,Statbel 2025 cadastral T3.* building counts jointly classified by R1-R3 building type and construction period,R1-R3 building-age profiles are applied to the matching dwelling totals; each resulting house-category dwelling retains its whole-house TABULA geometry; national absolute heat-demand and capacity results are conditional on this mapping,2025 cadastral buildings,41244.3,0.107983788412,Known-period T3.* building counts are rebinned to TABULA periods; the 1982-1991 and 2002-2011 source bins are allocated uniformly across years at the 1990 and 2005 TABULA cut-offs. The resulting age profile is scaled to the region/type 2025 T8 dwelling total.,official_Statbel_type_by_age_profiles_scaled_to_2025_type_totals,,85063,0.0469372147227,185.3,509.6,389.6,108.5,122.9,20.3,52.5,43.5,9.5,7.8,8,9.1,7.4,32.3,TABULA_existing,0.878,87.8,0.877,0.879,87.7,87.9,0.1,derived_residual,Existing=1-B-A; lower=1-B_upper-A_upper; upper=1-B_lower-A_lower,residual below PEB B,2024-08-20,790073 cumulative certificates for existing dwellings with a pre-May-2010 planning permit,Certificates arise from transactions and audits and describe pre-May-2010 dwellings through 20 August 2024; the source flags selection and timing effects; the one-decimal A-family and B shares each have a 0.05 percentage-point rounding interval.,Existing State,age_and_type_specific,existing_unspecified,,,Physical parameters are read from each base archetype row.,2025,37326.7945824,37284.281149,37369.3080159,"independence/null assumption: P(state | region, archetype) = P(state | region)",regional marginal calibrated; archetype-state joint distribution unavailable,True,True,VITO EPB2010 standard measures apply through 1991-2005; post-2005 existing cells retain the complete standard calibration state and remain eligible for advanced renovation,1,0.85,0.85,3.5,4,16.3,https://etat.environnement.wallonie.be/contents/indicatorsheets/MEN%2010.html,HTML cumulative-performance pie chart; exact counts archived in data/raw/provenance/wallonia_men10_certificate_counts_2024.csv,2026-07-27,https://episcope.eu/fileadmin/tabula/public/docs/scientific/BE_TABULA_ScientificReport_VITO.pdf,Tables 9 and 10 on printed pages 45-48 / PDF pages 56-59; Table 19 on printed pages 85-86 / PDF pages 96-97,2026-07-27,6350.48,12.4616954474,20,317.524,0.62308477237,468.075,106.37054,3.100083864
Walloon Region,BE_TABULA_12,Semi-detached house,1971-1990,12,1727209,0.0246139485524,0.00767752891757,42513.4334652,Statbel 2025 regional T8 dwelling counts by R1-R4 type; R5/R6 retained as an excluded residual; R4 split equally between apartment archetypes,Statbel 2025 cadastral T3.* building counts jointly classified by R1-R3 building type and construction period,R1-R3 building-age profiles are applied to the matching dwelling totals; each resulting house-category dwelling retains its whole-house TABULA geometry; national absolute heat-demand and capacity results are conditional on this mapping,2025 cadastral buildings,41244.3,0.107983788412,Known-period T3.* building counts are rebinned to TABULA periods; the 1982-1991 and 2002-2011 source bins are allocated uniformly across years at the 1990 and 2005 TABULA cut-offs. The resulting age profile is scaled to the region/type 2025 T8 dwelling total.,official_Statbel_type_by_age_profiles_scaled_to_2025_type_totals,,85063,0.0469372147227,185.3,509.6,389.6,108.5,122.9,20.3,52.5,43.5,9.5,7.8,8,9.1,7.4,32.3,TABULA_standard_B_proxy,0.11,11,0.1095,0.1105,10.95,11.05,0.05,reported_share,reported value plus or minus half the printed unit,PEB B,2024-08-20,790073 cumulative certificates for existing dwellings with a pre-May-2010 planning permit,Certificates arise from transactions and audits and describe pre-May-2010 dwellings through 20 August 2024; PEB B supplies a calibration anchor for the TABULA standard physical proxy; the source reports one decimal.,Standard Measures,fixed_TABULA_EPB2010_package,exhaust_air_ventilation,0,False,TABULA states that the EPB2010 upgrade measures are already achieved by the post-2005 class; the same physical values preserve a complete state matrix while post-2005 existing cells are ineligible for medium transitions.,2025,4676.47768117,4655.22096444,4697.7343979,"independence/null assumption: P(state | region, archetype) = P(state | region)",regional marginal calibrated; archetype-state joint distribution unavailable,False,True,VITO EPB2010 standard measures apply through 1991-2005; post-2005 existing cells retain the complete standard calibration state and remain eligible for advanced renovation,0.4,0.3,0.4,2,2.9,6,https://etat.environnement.wallonie.be/contents/indicatorsheets/MEN%2010.html,HTML cumulative-performance pie chart; B count=86782; exact counts archived in data/raw/provenance/wallonia_men10_certificate_counts_2024.csv,2026-07-27,https://episcope.eu/fileadmin/tabula/public/docs/scientific/BE_TABULA_ScientificReport_VITO.pdf,Section 4.2.3 on printed pages 44-46 / PDF pages 55-57; post-2005 applicability on printed page 54 / PDF page 65; service measures on printed pages 49-50 / PDF pages 60-61,2026-07-27,2337.6,4.58712715856,20,116.88,0.229356357928,220.38,39.1548,1.40061953589
Walloon Region,BE_TABULA_12,Semi-detached house,1971-1990,12,1727209,0.0246139485524,0.00767752891757,42513.4334652,Statbel 2025 regional T8 dwelling counts by R1-R4 type; R5/R6 retained as an excluded residual; R4 split equally between apartment archetypes,Statbel 2025 cadastral T3.* building counts jointly classified by R1-R3 building type and construction period,R1-R3 building-age profiles are applied to the matching dwelling totals; each resulting house-category dwelling retains its whole-house TABULA geometry; national absolute heat-demand and capacity results are conditional on this mapping,2025 cadastral buildings,41244.3,0.107983788412,Known-period T3.* building counts are rebinned to TABULA periods; the 1982-1991 and 2002-2011 source bins are allocated uniformly across years at the 1990 and 2005 TABULA cut-offs. The resulting age profile is scaled to the region/type 2025 T8 dwelling total.,official_Statbel_type_by_age_profiles_scaled_to_2025_type_totals,,85063,0.0469372147227,185.3,509.6,389.6,108.5,122.9,20.3,52.5,43.5,9.5,7.8,8,9.1,7.4,32.3,TABULA_advanced_A_proxy,0.012,1.2,0.0115,0.0125,1.15,1.25,0.05,reported_share,reported value plus or minus half the printed unit,PEB A/A+/A++,2024-08-20,790073 cumulative certificates for existing dwellings with a pre-May-2010 planning permit,Certificates arise from transactions and audits and describe pre-May-2010 dwellings through 20 August 2024; PEB A-family labels supply a calibration anchor for the TABULA advanced physical proxy; the source reports one decimal.,Advanced Measures,fixed_TABULA_low_energy_package,balanced_mechanical_HRV,0.8,True,TABULA applies the Low Energy package to every dwelling type.,2025,510.161201582,488.90448485,531.417918315,"independence/null assumption: P(state | region, archetype) = P(state | region)",regional marginal calibrated; archetype-state joint distribution unavailable,False,False,VITO EPB2010 standard measures apply through 1991-2005; post-2005 existing cells retain the complete standard calibration state and remain eligible for advanced renovation,0.25,0.15,0.25,1.6,1.6,2.5,https://etat.environnement.wallonie.be/contents/indicatorsheets/MEN%2010.html,HTML cumulative-performance pie chart; A-family count=9391; exact counts archived in data/raw/provenance/wallonia_men10_certificate_counts_2024.csv,2026-07-27,https://episcope.eu/fileadmin/tabula/public/docs/scientific/BE_TABULA_ScientificReport_VITO.pdf,Section 4.2.3 on printed pages 44-46 / PDF pages 55-57; service measures on printed pages 49-50 / PDF pages 60-61,2026-07-27,974,1.91130298273,20,48.7,0.0955651491366,142.955,16.3145,0.859522396114
Walloon Region,BE_TABULA_13,Terraced house,1971-1990,13,1727209,0.0177245317626,0.0055285971232,30613.9707811,Statbel 2025 regional T8 dwelling counts by R1-R4 type; R5/R6 retained as an excluded residual; R4 split equally between apartment archetypes,Statbel 2025 cadastral T3.* building counts jointly classified by R1-R3 building type and construction period,R1-R3 building-age profiles are applied to the matching dwelling totals; each resulting house-category dwelling retains its whole-house TABULA geometry; national absolute heat-demand and capacity results are conditional on this mapping,2025 cadastral buildings,28295.3,0.066872516975,Known-period T3.* building counts are rebinned to TABULA periods; the 1982-1991 and 2002-2011 source bins are allocated uniformly across years at the 1990 and 2005 TABULA cut-offs. The resulting age profile is scaled to the region/type 2025 T8 dwelling total.,official_Statbel_type_by_age_profiles_scaled_to_2025_type_totals,,85063,0.0469372147227,168.3,462.8,256.9,78.6,70.1,12.5,34.9,27.1,9.5,5.7,6.3,5.9,6.5,24.4,TABULA_existing,0.878,87.8,0.877,0.879,87.7,87.9,0.1,derived_residual,Existing=1-B-A; lower=1-B_upper-A_upper; upper=1-B_lower-A_lower,residual below PEB B,2024-08-20,790073 cumulative certificates for existing dwellings with a pre-May-2010 planning permit,Certificates arise from transactions and audits and describe pre-May-2010 dwellings through 20 August 2024; the source flags selection and timing effects; the one-decimal A-family and B shares each have a 0.05 percentage-point rounding interval.,Existing State,age_and_type_specific,existing_unspecified,,,Physical parameters are read from each base archetype row.,2025,26879.0663458,26848.452375,26909.6803166,"independence/null assumption: P(state | region, archetype) = P(state | region)",regional marginal calibrated; archetype-state joint distribution unavailable,True,True,VITO EPB2010 standard measures apply through 1991-2005; post-2005 existing cells retain the complete standard calibration state and remain eligible for advanced renovation,1,0.85,0.85,3.5,4,14.1,https://etat.environnement.wallonie.be/contents/indicatorsheets/MEN%2010.html,HTML cumulative-performance pie chart; exact counts archived in data/raw/provenance/wallonia_men10_certificate_counts_2024.csv,2026-07-27,https://episcope.eu/fileadmin/tabula/public/docs/scientific/BE_TABULA_ScientificReport_VITO.pdf,Tables 9 and 10 on printed pages 45-48 / PDF pages 56-59; Table 19 on printed pages 85-86 / PDF pages 96-97,2026-07-27,3622.29,7.82690146932,20,181.1145,0.391345073466,325.51,60.6733575,2.29461293821
Walloon Region,BE_TABULA_13,Terraced house,1971-1990,13,1727209,0.0177245317626,0.0055285971232,30613.9707811,Statbel 2025 regional T8 dwelling counts by R1-R4 type; R5/R6 retained as an excluded residual; R4 split equally between apartment archetypes,Statbel 2025 cadastral T3.* building counts jointly classified by R1-R3 building type and construction period,R1-R3 building-age profiles are applied to the matching dwelling totals; each resulting house-category dwelling retains its whole-house TABULA geometry; national absolute heat-demand and capacity results are conditional on this mapping,2025 cadastral buildings,28295.3,0.066872516975,Known-period T3.* building counts are rebinned to TABULA periods; the 1982-1991 and 2002-2011 source bins are allocated uniformly across years at the 1990 and 2005 TABULA cut-offs. The resulting age profile is scaled to the region/type 2025 T8 dwelling total.,official_Statbel_type_by_age_profiles_scaled_to_2025_type_totals,,85063,0.0469372147227,168.3,462.8,256.9,78.6,70.1,12.5,34.9,27.1,9.5,5.7,6.3,5.9,6.5,24.4,TABULA_standard_B_proxy,0.11,11,0.1095,0.1105,10.95,11.05,0.05,reported_share,reported value plus or minus half the printed unit,PEB B,2024-08-20,790073 cumulative certificates for existing dwellings with a pre-May-2010 planning permit,Certificates arise from transactions and audits and describe pre-May-2010 dwellings through 20 August 2024; PEB B supplies a calibration anchor for the TABULA standard physical proxy; the source reports one decimal.,Standard Measures,fixed_TABULA_EPB2010_package,exhaust_air_ventilation,0,False,TABULA states that the EPB2010 upgrade measures are already achieved by the post-2005 class; the same physical values preserve a complete state matrix while post-2005 existing cells are ineligible for medium transitions.,2025,3367.53678592,3352.22980053,3382.84377131,"independence/null assumption: P(state | region, archetype) = P(state | region)",regional marginal calibrated; archetype-state joint distribution unavailable,False,True,VITO EPB2010 standard measures apply through 1991-2005; post-2005 existing cells retain the complete standard calibration state and remain eligible for advanced renovation,0.4,0.3,0.4,2,2.9,6,https://etat.environnement.wallonie.be/contents/indicatorsheets/MEN%2010.html,HTML cumulative-performance pie chart; B count=86782; exact counts archived in data/raw/provenance/wallonia_men10_certificate_counts_2024.csv,2026-07-27,https://episcope.eu/fileadmin/tabula/public/docs/scientific/BE_TABULA_ScientificReport_VITO.pdf,Section 4.2.3 on printed pages 44-46 / PDF pages 55-57; post-2005 applicability on printed page 54 / PDF page 65; service measures on printed pages 49-50 / PDF pages 60-61,2026-07-27,1541.4,3.33059636992,20,77.07,0.166529818496,157.77,25.81845,1.09084046346
Walloon Region,BE_TABULA_13,Terraced house,1971-1990,13,1727209,0.0177245317626,0.0055285971232,30613.9707811,Statbel 2025 regional T8 dwelling counts by R1-R4 type; R5/R6 retained as an excluded residual; R4 split equally between apartment archetypes,Statbel 2025 cadastral T3.* building counts jointly classified by R1-R3 building type and construction period,R1-R3 building-age profiles are applied to the matching dwelling totals; each resulting house-category dwelling retains its whole-house TABULA geometry; national absolute heat-demand and capacity results are conditional on this mapping,2025 cadastral buildings,28295.3,0.066872516975,Known-period T3.* building counts are rebinned to TABULA periods; the 1982-1991 and 2002-2011 source bins are allocated uniformly across years at the 1990 and 2005 TABULA cut-offs. The resulting age profile is scaled to the region/type 2025 T8 dwelling total.,official_Statbel_type_by_age_profiles_scaled_to_2025_type_totals,,85063,0.0469372147227,168.3,462.8,256.9,78.6,70.1,12.5,34.9,27.1,9.5,5.7,6.3,5.9,6.5,24.4,TABULA_advanced_A_proxy,0.012,1.2,0.0115,0.0125,1.15,1.25,0.05,reported_share,reported value plus or minus half the printed unit,PEB A/A+/A++,2024-08-20,790073 cumulative certificates for existing dwellings with a pre-May-2010 planning permit,Certificates arise from transactions and audits and describe pre-May-2010 dwellings through 20 August 2024; PEB A-family labels supply a calibration anchor for the TABULA advanced physical proxy; the source reports one decimal.,Advanced Measures,fixed_TABULA_low_energy_package,balanced_mechanical_HRV,0.8,True,TABULA applies the Low Energy package to every dwelling type.,2025,367.367649373,352.060663982,382.674634763,"independence/null assumption: P(state | region, archetype) = P(state | region)",regional marginal calibrated; archetype-state joint distribution unavailable,False,False,VITO EPB2010 standard measures apply through 1991-2005; post-2005 existing cells retain the complete standard calibration state and remain eligible for advanced renovation,0.25,0.15,0.25,1.6,1.6,2.5,https://etat.environnement.wallonie.be/contents/indicatorsheets/MEN%2010.html,HTML cumulative-performance pie chart; A-family count=9391; exact counts archived in data/raw/provenance/wallonia_men10_certificate_counts_2024.csv,2026-07-27,https://episcope.eu/fileadmin/tabula/public/docs/scientific/BE_TABULA_ScientificReport_VITO.pdf,Section 4.2.3 on printed pages 44-46 / PDF pages 55-57; service measures on printed pages 49-50 / PDF pages 60-61,2026-07-27,642.25,1.38774848747,20,32.1125,0.0693874243734,102.18,10.7576875,0.671049836601
Walloon Region,BE_TABULA_14,"Apartment, enclosed",1971-1990,14,1727209,0.0158172820983,0.0049336919856,27319.7519957,Statbel 2025 regional T8 dwelling counts by R1-R4 type; R5/R6 retained as an excluded residual; R4 split equally between apartment archetypes,"Statbel Census 2021 HC37 conventional dwellings in residential buildings with 2 or 3+ dwellings, jointly classified by building size and construction period",R1-R3 building-age profiles are applied to the matching dwelling totals; each resulting house-category dwelling retains its whole-house TABULA geometry; national absolute heat-demand and capacity results are conditional on this mapping,2021 conventional dwellings in RES2+RES3+,39019,0.158916149422,"Occupied and unoccupied HC37 conventional dwellings in RES2 and RES3+ are summed, unknown construction periods are excluded, and the exact HC37 2001-2005/2006-2010 split is retained. The resulting age profile is scaled to the regional 2025 T8 R4 dwelling total and then split 50/50 by apartment position.",official_Statbel_type_by_age_profiles_scaled_to_2025_type_totals,"Statbel R4 apartment dwellings are split 50/50 between Apartment, enclosed and Apartment, exposed because apartment position is not identified.",85063,0.0469372147227,100.1,320.3,44.8,0,17.9,0,0,0,0,13.4,0,13.4,0,26.8,TABULA_existing,0.878,87.8,0.877,0.879,87.7,87.9,0.1,derived_residual,Existing=1-B-A; lower=1-B_upper-A_upper; upper=1-B_lower-A_lower,residual below PEB B,2024-08-20,790073 cumulative certificates for existing dwellings with a pre-May-2010 planning permit,Certificates arise from transactions and audits and describe pre-May-2010 dwellings through 20 August 2024; the source flags selection and timing effects; the one-decimal A-family and B shares each have a 0.05 percentage-point rounding interval.,Existing State,age_and_type_specific,existing_unspecified,,,Physical parameters are read from each base archetype row.,2025,23986.7422522,23959.4225002,24014.0620042,"independence/null assumption: P(state | region, archetype) = P(state | region)",regional marginal calibrated; archetype-state joint distribution unavailable,True,True,VITO EPB2010 standard measures apply through 1991-2005; post-2005 existing cells retain the complete standard calibration state and remain eligible for advanced renovation,1,0.85,0.85,3.5,4,14.1,https://etat.environnement.wallonie.be/contents/indicatorsheets/MEN%2010.html,HTML cumulative-performance pie chart; exact counts archived in data/raw/provenance/wallonia_men10_certificate_counts_2024.csv,2026-07-27,https://episcope.eu/fileadmin/tabula/public/docs/scientific/BE_TABULA_ScientificReport_VITO.pdf,Tables 9 and 10 on printed pages 45-48 / PDF pages 56-59; Table 19 on printed pages 85-86 / PDF pages 96-97,2026-07-27,631.68,1.97215110834,20,31.584,0.0986075554168,111.7,10.58064,1.22158481518
Walloon Region,BE_TABULA_14,"Apartment, enclosed",1971-1990,14,1727209,0.0158172820983,0.0049336919856,27319.7519957,Statbel 2025 regional T8 dwelling counts by R1-R4 type; R5/R6 retained as an excluded residual; R4 split equally between apartment archetypes,"Statbel Census 2021 HC37 conventional dwellings in residential buildings with 2 or 3+ dwellings, jointly classified by building size and construction period",R1-R3 building-age profiles are applied to the matching dwelling totals; each resulting house-category dwelling retains its whole-house TABULA geometry; national absolute heat-demand and capacity results are conditional on this mapping,2021 conventional dwellings in RES2+RES3+,39019,0.158916149422,"Occupied and unoccupied HC37 conventional dwellings in RES2 and RES3+ are summed, unknown construction periods are excluded, and the exact HC37 2001-2005/2006-2010 split is retained. The resulting age profile is scaled to the regional 2025 T8 R4 dwelling total and then split 50/50 by apartment position.",official_Statbel_type_by_age_profiles_scaled_to_2025_type_totals,"Statbel R4 apartment dwellings are split 50/50 between Apartment, enclosed and Apartment, exposed because apartment position is not identified.",85063,0.0469372147227,100.1,320.3,44.8,0,17.9,0,0,0,0,13.4,0,13.4,0,26.8,TABULA_standard_B_proxy,0.11,11,0.1095,0.1105,10.95,11.05,0.05,reported_share,reported value plus or minus half the printed unit,PEB B,2024-08-20,790073 cumulative certificates for existing dwellings with a pre-May-2010 planning permit,Certificates arise from transactions and audits and describe pre-May-2010 dwellings through 20 August 2024; PEB B supplies a calibration anchor for the TABULA standard physical proxy; the source reports one decimal.,Standard Measures,fixed_TABULA_EPB2010_package,exhaust_air_ventilation,0,False,TABULA states that the EPB2010 upgrade measures are already achieved by the post-2005 class; the same physical values preserve a complete state matrix while post-2005 existing cells are ineligible for medium transitions.,2025,3005.17271952,2991.51284353,3018.83259552,"independence/null assumption: P(state | region, archetype) = P(state | region)",regional marginal calibrated; archetype-state joint distribution unavailable,False,True,VITO EPB2010 standard measures apply through 1991-2005; post-2005 existing cells retain the complete standard calibration state and remain eligible for advanced renovation,0.4,0.3,0.4,2,2.9,6,https://etat.environnement.wallonie.be/contents/indicatorsheets/MEN%2010.html,HTML cumulative-performance pie chart; B count=86782; exact counts archived in data/raw/provenance/wallonia_men10_certificate_counts_2024.csv,2026-07-27,https://episcope.eu/fileadmin/tabula/public/docs/scientific/BE_TABULA_ScientificReport_VITO.pdf,Section 4.2.3 on printed pages 44-46 / PDF pages 55-57; post-2005 applicability on printed page 54 / PDF page 65; service measures on printed pages 49-50 / PDF pages 60-61,2026-07-27,268.8,0.83921323759,20,13.44,0.0419606618795,60.76,4.5024,0.651972027972
Walloon Region,BE_TABULA_14,"Apartment, enclosed",1971-1990,14,1727209,0.0158172820983,0.0049336919856,27319.7519957,Statbel 2025 regional T8 dwelling counts by R1-R4 type; R5/R6 retained as an excluded residual; R4 split equally between apartment archetypes,"Statbel Census 2021 HC37 conventional dwellings in residential buildings with 2 or 3+ dwellings, jointly classified by building size and construction period",R1-R3 building-age profiles are applied to the matching dwelling totals; each resulting house-category dwelling retains its whole-house TABULA geometry; national absolute heat-demand and capacity results are conditional on this mapping,2021 conventional dwellings in RES2+RES3+,39019,0.158916149422,"Occupied and unoccupied HC37 conventional dwellings in RES2 and RES3+ are summed, unknown construction periods are excluded, and the exact HC37 2001-2005/2006-2010 split is retained. The resulting age profile is scaled to the regional 2025 T8 R4 dwelling total and then split 50/50 by apartment position.",official_Statbel_type_by_age_profiles_scaled_to_2025_type_totals,"Statbel R4 apartment dwellings are split 50/50 between Apartment, enclosed and Apartment, exposed because apartment position is not identified.",85063,0.0469372147227,100.1,320.3,44.8,0,17.9,0,0,0,0,13.4,0,13.4,0,26.8,TABULA_advanced_A_proxy,0.012,1.2,0.0115,0.0125,1.15,1.25,0.05,reported_share,reported value plus or minus half the printed unit,PEB A/A+/A++,2024-08-20,790073 cumulative certificates for existing dwellings with a pre-May-2010 planning permit,Certificates arise from transactions and audits and describe pre-May-2010 dwellings through 20 August 2024; PEB A-family labels supply a calibration anchor for the TABULA advanced physical proxy; the source reports one decimal.,Advanced Measures,fixed_TABULA_low_energy_package,balanced_mechanical_HRV,0.8,True,TABULA applies the Low Energy package to every dwelling type.,2025,327.837023948,314.17714795,341.496899946,"independence/null assumption: P(state | region, archetype) = P(state | region)",regional marginal calibrated; archetype-state joint distribution unavailable,False,False,VITO EPB2010 standard measures apply through 1991-2005; post-2005 existing cells retain the complete standard calibration state and remain eligible for advanced renovation,0.25,0.15,0.25,1.6,1.6,2.5,https://etat.environnement.wallonie.be/contents/indicatorsheets/MEN%2010.html,HTML cumulative-performance pie chart; A-family count=9391; exact counts archived in data/raw/provenance/wallonia_men10_certificate_counts_2024.csv,2026-07-27,https://episcope.eu/fileadmin/tabula/public/docs/scientific/BE_TABULA_ScientificReport_VITO.pdf,Section 4.2.3 on printed pages 44-46 / PDF pages 55-57; service measures on printed pages 49-50 / PDF pages 60-61,2026-07-27,112,0.349672182329,20,5.6,0.0174836091165,47.355,1.876,0.491818181818
Walloon Region,BE_TABULA_15,"Apartment, exposed",1971-1990,15,1727209,0.0158172820983,0.0049336919856,27319.7519957,Statbel 2025 regional T8 dwelling counts by R1-R4 type; R5/R6 retained as an excluded residual; R4 split equally between apartment archetypes,"Statbel Census 2021 HC37 conventional dwellings in residential buildings with 2 or 3+ dwellings, jointly classified by building size and construction period",R1-R3 building-age profiles are applied to the matching dwelling totals; each resulting house-category dwelling retains its whole-house TABULA geometry; national absolute heat-demand and capacity results are conditional on this mapping,2021 conventional dwellings in RES2+RES3+,39019,0.158916149422,"Occupied and unoccupied HC37 conventional dwellings in RES2 and RES3+ are summed, unknown construction periods are excluded, and the exact HC37 2001-2005/2006-2010 split is retained. The resulting age profile is scaled to the regional 2025 T8 R4 dwelling total and then split 50/50 by apartment position.",official_Statbel_type_by_age_profiles_scaled_to_2025_type_totals,"Statbel R4 apartment dwellings are split 50/50 between Apartment, enclosed and Apartment, exposed because apartment position is not identified.",85063,0.0469372147227,100.1,320.3,190.7,100.1,63.7,0,0,0,0,13.4,0,13.4,0,26.8,TABULA_existing,0.878,87.8,0.877,0.879,87.7,87.9,0.1,derived_residual,Existing=1-B-A; lower=1-B_upper-A_upper; upper=1-B_lower-A_lower,residual below PEB B,2024-08-20,790073 cumulative certificates for existing dwellings with a pre-May-2010 planning permit,Certificates arise from transactions and audits and describe pre-May-2010 dwellings through 20 August 2024; the source flags selection and timing effects; the one-decimal A-family and B shares each have a 0.05 percentage-point rounding interval.,Existing State,age_and_type_specific,existing_unspecified,,,Physical parameters are read from each base archetype row.,2025,23986.7422522,23959.4225002,24014.0620042,"independence/null assumption: P(state | region, archetype) = P(state | region)",regional marginal calibrated; archetype-state joint distribution unavailable,True,True,VITO EPB2010 standard measures apply through 1991-2005; post-2005 existing cells retain the complete standard calibration state and remain eligible for advanced renovation,1,0.85,0.85,3.5,4,14.1,https://etat.environnement.wallonie.be/contents/indicatorsheets/MEN%2010.html,HTML cumulative-performance pie chart; exact counts archived in data/raw/provenance/wallonia_men10_certificate_counts_2024.csv,2026-07-27,https://episcope.eu/fileadmin/tabula/public/docs/scientific/BE_TABULA_ScientificReport_VITO.pdf,Tables 9 and 10 on printed pages 45-48 / PDF pages 56-59; Table 19 on printed pages 85-86 / PDF pages 96-97,2026-07-27,2688.87,8.39484857946,20,134.4435,0.419742428973,242.585,45.0385725,2.87336236264
Walloon Region,BE_TABULA_15,"Apartment, exposed",1971-1990,15,1727209,0.0158172820983,0.0049336919856,27319.7519957,Statbel 2025 regional T8 dwelling counts by R1-R4 type; R5/R6 retained as an excluded residual; R4 split equally between apartment archetypes,"Statbel Census 2021 HC37 conventional dwellings in residential buildings with 2 or 3+ dwellings, jointly classified by building size and construction period",R1-R3 building-age profiles are applied to the matching dwelling totals; each resulting house-category dwelling retains its whole-house TABULA geometry; national absolute heat-demand and capacity results are conditional on this mapping,2021 conventional dwellings in RES2+RES3+,39019,0.158916149422,"Occupied and unoccupied HC37 conventional dwellings in RES2 and RES3+ are summed, unknown construction periods are excluded, and the exact HC37 2001-2005/2006-2010 split is retained. The resulting age profile is scaled to the regional 2025 T8 R4 dwelling total and then split 50/50 by apartment position.",official_Statbel_type_by_age_profiles_scaled_to_2025_type_totals,"Statbel R4 apartment dwellings are split 50/50 between Apartment, enclosed and Apartment, exposed because apartment position is not identified.",85063,0.0469372147227,100.1,320.3,190.7,100.1,63.7,0,0,0,0,13.4,0,13.4,0,26.8,TABULA_standard_B_proxy,0.11,11,0.1095,0.1105,10.95,11.05,0.05,reported_share,reported value plus or minus half the printed unit,PEB B,2024-08-20,790073 cumulative certificates for existing dwellings with a pre-May-2010 planning permit,Certificates arise from transactions and audits and describe pre-May-2010 dwellings through 20 August 2024; PEB B supplies a calibration anchor for the TABULA standard physical proxy; the source reports one decimal.,Standard Measures,fixed_TABULA_EPB2010_package,exhaust_air_ventilation,0,False,TABULA states that the EPB2010 upgrade measures are already achieved by the post-2005 class; the same physical values preserve a complete state matrix while post-2005 existing cells are ineligible for medium transitions.,2025,3005.17271952,2991.51284353,3018.83259552,"independence/null assumption: P(state | region, archetype) = P(state | region)",regional marginal calibrated; archetype-state joint distribution unavailable,False,True,VITO EPB2010 standard measures apply through 1991-2005; post-2005 existing cells retain the complete standard calibration state and remain eligible for advanced renovation,0.4,0.3,0.4,2,2.9,6,https://etat.environnement.wallonie.be/contents/indicatorsheets/MEN%2010.html,HTML cumulative-performance pie chart; B count=86782; exact counts archived in data/raw/provenance/wallonia_men10_certificate_counts_2024.csv,2026-07-27,https://episcope.eu/fileadmin/tabula/public/docs/scientific/BE_TABULA_ScientificReport_VITO.pdf,Section 4.2.3 on printed pages 44-46 / PDF pages 55-57; post-2005 applicability on printed page 54 / PDF page 65; service measures on printed pages 49-50 / PDF pages 60-61,2026-07-27,1144.2,3.57227599126,20,57.21,0.178613799563,109.11,19.16535,1.28147202797
Walloon Region,BE_TABULA_15,"Apartment, exposed",1971-1990,15,1727209,0.0158172820983,0.0049336919856,27319.7519957,Statbel 2025 regional T8 dwelling counts by R1-R4 type; R5/R6 retained as an excluded residual; R4 split equally between apartment archetypes,"Statbel Census 2021 HC37 conventional dwellings in residential buildings with 2 or 3+ dwellings, jointly classified by building size and construction period",R1-R3 building-age profiles are applied to the matching dwelling totals; each resulting house-category dwelling retains its whole-house TABULA geometry; national absolute heat-demand and capacity results are conditional on this mapping,2021 conventional dwellings in RES2+RES3+,39019,0.158916149422,"Occupied and unoccupied HC37 conventional dwellings in RES2 and RES3+ are summed, unknown construction periods are excluded, and the exact HC37 2001-2005/2006-2010 split is retained. The resulting age profile is scaled to the regional 2025 T8 R4 dwelling total and then split 50/50 by apartment position.",official_Statbel_type_by_age_profiles_scaled_to_2025_type_totals,"Statbel R4 apartment dwellings are split 50/50 between Apartment, enclosed and Apartment, exposed because apartment position is not identified.",85063,0.0469372147227,100.1,320.3,190.7,100.1,63.7,0,0,0,0,13.4,0,13.4,0,26.8,TABULA_advanced_A_proxy,0.012,1.2,0.0115,0.0125,1.15,1.25,0.05,reported_share,reported value plus or minus half the printed unit,PEB A/A+/A++,2024-08-20,790073 cumulative certificates for existing dwellings with a pre-May-2010 planning permit,Certificates arise from transactions and audits and describe pre-May-2010 dwellings through 20 August 2024; PEB A-family labels supply a calibration anchor for the TABULA advanced physical proxy; the source reports one decimal.,Advanced Measures,fixed_TABULA_low_energy_package,balanced_mechanical_HRV,0.8,True,TABULA applies the Low Energy package to every dwelling type.,2025,327.837023948,314.17714795,341.496899946,"independence/null assumption: P(state | region, archetype) = P(state | region)",regional marginal calibrated; archetype-state joint distribution unavailable,False,False,VITO EPB2010 standard measures apply through 1991-2005; post-2005 existing cells retain the complete standard calibration state and remain eligible for advanced renovation,0.25,0.15,0.25,1.6,1.6,2.5,https://etat.environnement.wallonie.be/contents/indicatorsheets/MEN%2010.html,HTML cumulative-performance pie chart; A-family count=9391; exact counts archived in data/raw/provenance/wallonia_men10_certificate_counts_2024.csv,2026-07-27,https://episcope.eu/fileadmin/tabula/public/docs/scientific/BE_TABULA_ScientificReport_VITO.pdf,Section 4.2.3 on printed pages 44-46 / PDF pages 55-57; service measures on printed pages 49-50 / PDF pages 60-61,2026-07-27,476.75,1.48844832969,20,23.8375,0.0744224164845,73.82,7.9855625,0.817238386613
Walloon Region,BE_TABULA_16,Detached house,1991-2005,16,1727209,0.0545969555776,0.0170297627935,94300.3530463,Statbel 2025 regional T8 dwelling counts by R1-R4 type; R5/R6 retained as an excluded residual; R4 split equally between apartment archetypes,Statbel 2025 cadastral T3.* building counts jointly classified by R1-R3 building type and construction period,R1-R3 building-age profiles are applied to the matching dwelling totals; each resulting house-category dwelling retains its whole-house TABULA geometry; national absolute heat-demand and capacity results are conditional on this mapping,2025 cadastral buildings,92546.2,0.177294627685,Known-period T3.* building counts are rebinned to TABULA periods; the 1982-1991 and 2002-2011 source bins are allocated uniformly across years at the 1990 and 2005 TABULA cut-offs. The resulting age profile is scaled to the region/type 2025 T8 dwelling total.,official_Statbel_type_by_age_profiles_scaled_to_2025_type_totals,,85063,0.0469372147227,258.4,710.5,558.1,161.6,183.4,17.6,50.7,88.1,11.5,9.9,11.1,13,11.4,45.4,TABULA_existing,0.878,87.8,0.877,0.879,87.7,87.9,0.1,derived_residual,Existing=1-B-A; lower=1-B_upper-A_upper; upper=1-B_lower-A_lower,residual below PEB B,2024-08-20,790073 cumulative certificates for existing dwellings with a pre-May-2010 planning permit,Certificates arise from transactions and audits and describe pre-May-2010 dwellings through 20 August 2024; the source flags selection and timing effects; the one-decimal A-family and B shares each have a 0.05 percentage-point rounding interval.,Existing State,age_and_type_specific,existing_unspecified,,,Physical parameters are read from each base archetype row.,2025,82795.7099747,82701.4096216,82890.0103277,"independence/null assumption: P(state | region, archetype) = P(state | region)",regional marginal calibrated; archetype-state joint distribution unavailable,True,True,VITO EPB2010 standard measures apply through 1991-2005; post-2005 existing cells retain the complete standard calibration state and remain eligible for advanced renovation,0.6,0.6,0.7,3.5,3.5,12,https://etat.environnement.wallonie.be/contents/indicatorsheets/MEN%2010.html,HTML cumulative-performance pie chart; exact counts archived in data/raw/provenance/wallonia_men10_certificate_counts_2024.csv,2026-07-27,https://episcope.eu/fileadmin/tabula/public/docs/scientific/BE_TABULA_ScientificReport_VITO.pdf,Tables 9 and 10 on printed pages 45-48 / PDF pages 56-59; Table 19 on printed pages 85-86 / PDF pages 96-97,2026-07-27,6697.2,9.42603800141,20,334.86,0.47130190007,513.87,112.1781,2.42278676471
Walloon Region,BE_TABULA_16,Detached house,1991-2005,16,1727209,0.0545969555776,0.0170297627935,94300.3530463,Statbel 2025 regional T8 dwelling counts by R1-R4 type; R5/R6 retained as an excluded residual; R4 split equally between apartment archetypes,Statbel 2025 cadastral T3.* building counts jointly classified by R1-R3 building type and construction period,R1-R3 building-age profiles are applied to the matching dwelling totals; each resulting house-category dwelling retains its whole-house TABULA geometry; national absolute heat-demand and capacity results are conditional on this mapping,2025 cadastral buildings,92546.2,0.177294627685,Known-period T3.* building counts are rebinned to TABULA periods; the 1982-1991 and 2002-2011 source bins are allocated uniformly across years at the 1990 and 2005 TABULA cut-offs. The resulting age profile is scaled to the region/type 2025 T8 dwelling total.,official_Statbel_type_by_age_profiles_scaled_to_2025_type_totals,,85063,0.0469372147227,258.4,710.5,558.1,161.6,183.4,17.6,50.7,88.1,11.5,9.9,11.1,13,11.4,45.4,TABULA_standard_B_proxy,0.11,11,0.1095,0.1105,10.95,11.05,0.05,reported_share,reported value plus or minus half the printed unit,PEB B,2024-08-20,790073 cumulative certificates for existing dwellings with a pre-May-2010 planning permit,Certificates arise from transactions and audits and describe pre-May-2010 dwellings through 20 August 2024; PEB B supplies a calibration anchor for the TABULA standard physical proxy; the source reports one decimal.,Standard Measures,fixed_TABULA_EPB2010_package,exhaust_air_ventilation,0,False,TABULA states that the EPB2010 upgrade measures are already achieved by the post-2005 class; the same physical values preserve a complete state matrix while post-2005 existing cells are ineligible for medium transitions.,2025,10373.0388351,10325.8886586,10420.1890116,"independence/null assumption: P(state | region, archetype) = P(state | region)",regional marginal calibrated; archetype-state joint distribution unavailable,False,True,VITO EPB2010 standard measures apply through 1991-2005; post-2005 existing cells retain the complete standard calibration state and remain eligible for advanced renovation,0.4,0.3,0.4,2,2.9,6,https://etat.environnement.wallonie.be/contents/indicatorsheets/MEN%2010.html,HTML cumulative-performance pie chart; B count=86782; exact counts archived in data/raw/provenance/wallonia_men10_certificate_counts_2024.csv,2026-07-27,https://episcope.eu/fileadmin/tabula/public/docs/scientific/BE_TABULA_ScientificReport_VITO.pdf,Section 4.2.3 on printed pages 44-46 / PDF pages 55-57; post-2005 applicability on printed page 54 / PDF page 65; service measures on printed pages 49-50 / PDF pages 60-61,2026-07-27,3348.6,4.7130190007,20,167.43,0.235650950035,308.55,56.08905,1.41114183437
Walloon Region,BE_TABULA_16,Detached house,1991-2005,16,1727209,0.0545969555776,0.0170297627935,94300.3530463,Statbel 2025 regional T8 dwelling counts by R1-R4 type; R5/R6 retained as an excluded residual; R4 split equally between apartment archetypes,Statbel 2025 cadastral T3.* building counts jointly classified by R1-R3 building type and construction period,R1-R3 building-age profiles are applied to the matching dwelling totals; each resulting house-category dwelling retains its whole-house TABULA geometry; national absolute heat-demand and capacity results are conditional on this mapping,2025 cadastral buildings,92546.2,0.177294627685,Known-period T3.* building counts are rebinned to TABULA periods; the 1982-1991 and 2002-2011 source bins are allocated uniformly across years at the 1990 and 2005 TABULA cut-offs. The resulting age profile is scaled to the region/type 2025 T8 dwelling total.,official_Statbel_type_by_age_profiles_scaled_to_2025_type_totals,,85063,0.0469372147227,258.4,710.5,558.1,161.6,183.4,17.6,50.7,88.1,11.5,9.9,11.1,13,11.4,45.4,TABULA_advanced_A_proxy,0.012,1.2,0.0115,0.0125,1.15,1.25,0.05,reported_share,reported value plus or minus half the printed unit,PEB A/A+/A++,2024-08-20,790073 cumulative certificates for existing dwellings with a pre-May-2010 planning permit,Certificates arise from transactions and audits and describe pre-May-2010 dwellings through 20 August 2024; PEB A-family labels supply a calibration anchor for the TABULA advanced physical proxy; the source reports one decimal.,Advanced Measures,fixed_TABULA_low_energy_package,balanced_mechanical_HRV,0.8,True,TABULA applies the Low Energy package to every dwelling type.,2025,1131.60423656,1084.45406003,1178.75441308,"independence/null assumption: P(state | region, archetype) = P(state | region)",regional marginal calibrated; archetype-state joint distribution unavailable,False,False,VITO EPB2010 standard measures apply through 1991-2005; post-2005 existing cells retain the complete standard calibration state and remain eligible for advanced renovation,0.25,0.15,0.25,1.6,1.6,2.5,https://etat.environnement.wallonie.be/contents/indicatorsheets/MEN%2010.html,HTML cumulative-performance pie chart; A-family count=9391; exact counts archived in data/raw/provenance/wallonia_men10_certificate_counts_2024.csv,2026-07-27,https://episcope.eu/fileadmin/tabula/public/docs/scientific/BE_TABULA_ScientificReport_VITO.pdf,Section 4.2.3 on printed pages 44-46 / PDF pages 55-57; service measures on printed pages 49-50 / PDF pages 60-61,2026-07-27,1395.25,1.96375791696,20,69.7625,0.098187895848,200.23,23.3704375,0.865326770511
Walloon Region,BE_TABULA_17,Semi-detached house,1991-2005,17,1727209,0.00885025071675,0.0027605508178,15286.2326902,Statbel 2025 regional T8 dwelling counts by R1-R4 type; R5/R6 retained as an excluded residual; R4 split equally between apartment archetypes,Statbel 2025 cadastral T3.* building counts jointly classified by R1-R3 building type and construction period,R1-R3 building-age profiles are applied to the matching dwelling totals; each resulting house-category dwelling retains its whole-house TABULA geometry; national absolute heat-demand and capacity results are conditional on this mapping,2025 cadastral buildings,14829.9,0.0388269114463,Known-period T3.* building counts are rebinned to TABULA periods; the 1982-1991 and 2002-2011 source bins are allocated uniformly across years at the 1990 and 2005 TABULA cut-offs. The resulting age profile is scaled to the region/type 2025 T8 dwelling total.,official_Statbel_type_by_age_profiles_scaled_to_2025_type_totals,,85063,0.0469372147227,224,615.9,410,125.2,121.4,16.5,65.7,37.7,9.5,8.1,6.9,9,10.1,34.1,TABULA_existing,0.878,87.8,0.877,0.879,87.7,87.9,0.1,derived_residual,Existing=1-B-A; lower=1-B_upper-A_upper; upper=1-B_lower-A_lower,residual below PEB B,2024-08-20,790073 cumulative certificates for existing dwellings with a pre-May-2010 planning permit,Certificates arise from transactions and audits and describe pre-May-2010 dwellings through 20 August 2024; the source flags selection and timing effects; the one-decimal A-family and B shares each have a 0.05 percentage-point rounding interval.,Existing State,age_and_type_specific,existing_unspecified,,,Physical parameters are read from each base archetype row.,2025,13421.312302,13406.0260693,13436.5985347,"independence/null assumption: P(state | region, archetype) = P(state | region)",regional marginal calibrated; archetype-state joint distribution unavailable,True,True,VITO EPB2010 standard measures apply through 1991-2005; post-2005 existing cells retain the complete standard calibration state and remain eligible for advanced renovation,0.6,0.6,0.7,3.5,3.5,12,https://etat.environnement.wallonie.be/contents/indicatorsheets/MEN%2010.html,HTML cumulative-performance pie chart; exact counts archived in data/raw/provenance/wallonia_men10_certificate_counts_2024.csv,2026-07-27,https://episcope.eu/fileadmin/tabula/public/docs/scientific/BE_TABULA_ScientificReport_VITO.pdf,Tables 9 and 10 on printed pages 45-48 / PDF pages 56-59; Table 19 on printed pages 85-86 / PDF pages 96-97,2026-07-27,4920,7.98830979055,20,246,0.399415489528,382.84,82.41,2.07700892857
Walloon Region,BE_TABULA_17,Semi-detached house,1991-2005,17,1727209,0.00885025071675,0.0027605508178,15286.2326902,Statbel 2025 regional T8 dwelling counts by R1-R4 type; R5/R6 retained as an excluded residual; R4 split equally between apartment archetypes,Statbel 2025 cadastral T3.* building counts jointly classified by R1-R3 building type and construction period,R1-R3 building-age profiles are applied to the matching dwelling totals; each resulting house-category dwelling retains its whole-house TABULA geometry; national absolute heat-demand and capacity results are conditional on this mapping,2025 cadastral buildings,14829.9,0.0388269114463,Known-period T3.* building counts are rebinned to TABULA periods; the 1982-1991 and 2002-2011 source bins are allocated uniformly across years at the 1990 and 2005 TABULA cut-offs. The resulting age profile is scaled to the region/type 2025 T8 dwelling total.,official_Statbel_type_by_age_profiles_scaled_to_2025_type_totals,,85063,0.0469372147227,224,615.9,410,125.2,121.4,16.5,65.7,37.7,9.5,8.1,6.9,9,10.1,34.1,TABULA_standard_B_proxy,0.11,11,0.1095,0.1105,10.95,11.05,0.05,reported_share,reported value plus or minus half the printed unit,PEB B,2024-08-20,790073 cumulative certificates for existing dwellings with a pre-May-2010 planning permit,Certificates arise from transactions and audits and describe pre-May-2010 dwellings through 20 August 2024; PEB B supplies a calibration anchor for the TABULA standard physical proxy; the source reports one decimal.,Standard Measures,fixed_TABULA_EPB2010_package,exhaust_air_ventilation,0,False,TABULA states that the EPB2010 upgrade measures are already achieved by the post-2005 class; the same physical values preserve a complete state matrix while post-2005 existing cells are ineligible for medium transitions.,2025,1681.48559593,1673.84247958,1689.12871227,"independence/null assumption: P(state | region, archetype) = P(state | region)",regional marginal calibrated; archetype-state joint distribution unavailable,False,True,VITO EPB2010 standard measures apply through 1991-2005; post-2005 existing cells retain the complete standard calibration state and remain eligible for advanced renovation,0.4,0.3,0.4,2,2.9,6,https://etat.environnement.wallonie.be/contents/indicatorsheets/MEN%2010.html,HTML cumulative-performance pie chart; B count=86782; exact counts archived in data/raw/provenance/wallonia_men10_certificate_counts_2024.csv,2026-07-27,https://episcope.eu/fileadmin/tabula/public/docs/scientific/BE_TABULA_ScientificReport_VITO.pdf,Section 4.2.3 on printed pages 44-46 / PDF pages 55-57; post-2005 applicability on printed page 54 / PDF page 65; service measures on printed pages 49-50 / PDF pages 60-61,2026-07-27,2460,3.99415489528,20,123,0.199707744764,229.83,41.205,1.20997767857
Walloon Region,BE_TABULA_17,Semi-detached house,1991-2005,17,1727209,0.00885025071675,0.0027605508178,15286.2326902,Statbel 2025 regional T8 dwelling counts by R1-R4 type; R5/R6 retained as an excluded residual; R4 split equally between apartment archetypes,Statbel 2025 cadastral T3.* building counts jointly classified by R1-R3 building type and construction period,R1-R3 building-age profiles are applied to the matching dwelling totals; each resulting house-category dwelling retains its whole-house TABULA geometry; national absolute heat-demand and capacity results are conditional on this mapping,2025 cadastral buildings,14829.9,0.0388269114463,Known-period T3.* building counts are rebinned to TABULA periods; the 1982-1991 and 2002-2011 source bins are allocated uniformly across years at the 1990 and 2005 TABULA cut-offs. The resulting age profile is scaled to the region/type 2025 T8 dwelling total.,official_Statbel_type_by_age_profiles_scaled_to_2025_type_totals,,85063,0.0469372147227,224,615.9,410,125.2,121.4,16.5,65.7,37.7,9.5,8.1,6.9,9,10.1,34.1,TABULA_advanced_A_proxy,0.012,1.2,0.0115,0.0125,1.15,1.25,0.05,reported_share,reported value plus or minus half the printed unit,PEB A/A+/A++,2024-08-20,790073 cumulative certificates for existing dwellings with a pre-May-2010 planning permit,Certificates arise from transactions and audits and describe pre-May-2010 dwellings through 20 August 2024; PEB A-family labels supply a calibration anchor for the TABULA advanced physical proxy; the source reports one decimal.,Advanced Measures,fixed_TABULA_low_energy_package,balanced_mechanical_HRV,0.8,True,TABULA applies the Low Energy package to every dwelling type.,2025,183.434792283,175.791675938,191.077908628,"independence/null assumption: P(state | region, archetype) = P(state | region)",regional marginal calibrated; archetype-state joint distribution unavailable,False,False,VITO EPB2010 standard measures apply through 1991-2005; post-2005 existing cells retain the complete standard calibration state and remain eligible for advanced renovation,0.25,0.15,0.25,1.6,1.6,2.5,https://etat.environnement.wallonie.be/contents/indicatorsheets/MEN%2010.html,HTML cumulative-performance pie chart; A-family count=9391; exact counts archived in data/raw/provenance/wallonia_men10_certificate_counts_2024.csv,2026-07-27,https://episcope.eu/fileadmin/tabula/public/docs/scientific/BE_TABULA_ScientificReport_VITO.pdf,Section 4.2.3 on printed pages 44-46 / PDF pages 55-57; service measures on printed pages 49-50 / PDF pages 60-61,2026-07-27,1025,1.66423120636,20,51.25,0.0832115603182,148.865,17.16875,0.741222098214
Walloon Region,BE_TABULA_18,Terraced house,1991-2005,18,1727209,0.00486528383677,0.00151756867735,8403.36203043,Statbel 2025 regional T8 dwelling counts by R1-R4 type; R5/R6 retained as an excluded residual; R4 split equally between apartment archetypes,Statbel 2025 cadastral T3.* building counts jointly classified by R1-R3 building type and construction period,R1-R3 building-age profiles are applied to the matching dwelling totals; each resulting house-category dwelling retains its whole-house TABULA geometry; national absolute heat-demand and capacity results are conditional on this mapping,2025 cadastral buildings,7766.9,0.0183561281235,Known-period T3.* building counts are rebinned to TABULA periods; the 1982-1991 and 2002-2011 source bins are allocated uniformly across years at the 1990 and 2005 TABULA cut-offs. The resulting age profile is scaled to the region/type 2025 T8 dwelling total.,official_Statbel_type_by_age_profiles_scaled_to_2025_type_totals,,85063,0.0469372147227,191.6,526.9,264.5,80.9,75.2,9,37.9,25.3,9.5,6.2,6.5,6.1,7.9,26.7,TABULA_existing,0.878,87.8,0.877,0.879,87.7,87.9,0.1,derived_residual,Existing=1-B-A; lower=1-B_upper-A_upper; upper=1-B_lower-A_lower,residual below PEB B,2024-08-20,790073 cumulative certificates for existing dwellings with a pre-May-2010 planning permit,Certificates arise from transactions and audits and describe pre-May-2010 dwellings through 20 August 2024; the source flags selection and timing effects; the one-decimal A-family and B shares each have a 0.05 percentage-point rounding interval.,Existing State,age_and_type_specific,existing_unspecified,,,Physical parameters are read from each base archetype row.,2025,7378.15186271,7369.74850068,7386.55522474,"independence/null assumption: P(state | region, archetype) = P(state | region)",regional marginal calibrated; archetype-state joint distribution unavailable,True,True,VITO EPB2010 standard measures apply through 1991-2005; post-2005 existing cells retain the complete standard calibration state and remain eligible for advanced renovation,0.6,0.6,0.7,3.5,3.5,10,https://etat.environnement.wallonie.be/contents/indicatorsheets/MEN%2010.html,HTML cumulative-performance pie chart; exact counts archived in data/raw/provenance/wallonia_men10_certificate_counts_2024.csv,2026-07-27,https://episcope.eu/fileadmin/tabula/public/docs/scientific/BE_TABULA_ScientificReport_VITO.pdf,Tables 9 and 10 on printed pages 45-48 / PDF pages 56-59; Table 19 on printed pages 85-86 / PDF pages 96-97,2026-07-27,2645,5.01992788005,20,132.25,0.250996394003,270,44.30375,1.64041623173
Walloon Region,BE_TABULA_18,Terraced house,1991-2005,18,1727209,0.00486528383677,0.00151756867735,8403.36203043,Statbel 2025 regional T8 dwelling counts by R1-R4 type; R5/R6 retained as an excluded residual; R4 split equally between apartment archetypes,Statbel 2025 cadastral T3.* building counts jointly classified by R1-R3 building type and construction period,R1-R3 building-age profiles are applied to the matching dwelling totals; each resulting house-category dwelling retains its whole-house TABULA geometry; national absolute heat-demand and capacity results are conditional on this mapping,2025 cadastral buildings,7766.9,0.0183561281235,Known-period T3.* building counts are rebinned to TABULA periods; the 1982-1991 and 2002-2011 source bins are allocated uniformly across years at the 1990 and 2005 TABULA cut-offs. The resulting age profile is scaled to the region/type 2025 T8 dwelling total.,official_Statbel_type_by_age_profiles_scaled_to_2025_type_totals,,85063,0.0469372147227,191.6,526.9,264.5,80.9,75.2,9,37.9,25.3,9.5,6.2,6.5,6.1,7.9,26.7,TABULA_standard_B_proxy,0.11,11,0.1095,0.1105,10.95,11.05,0.05,reported_share,reported value plus or minus half the printed unit,PEB B,2024-08-20,790073 cumulative certificates for existing dwellings with a pre-May-2010 planning permit,Certificates arise from transactions and audits and describe pre-May-2010 dwellings through 20 August 2024; PEB B supplies a calibration anchor for the TABULA standard physical proxy; the source reports one decimal.,Standard Measures,fixed_TABULA_EPB2010_package,exhaust_air_ventilation,0,False,TABULA states that the EPB2010 upgrade measures are already achieved by the post-2005 class; the same physical values preserve a complete state matrix while post-2005 existing cells are ineligible for medium transitions.,2025,924.369823347,920.168142332,928.571504362,"independence/null assumption: P(state | region, archetype) = P(state | region)",regional marginal calibrated; archetype-state joint distribution unavailable,False,True,VITO EPB2010 standard measures apply through 1991-2005; post-2005 existing cells retain the complete standard calibration state and remain eligible for advanced renovation,0.4,0.3,0.4,2,2.9,6,https://etat.environnement.wallonie.be/contents/indicatorsheets/MEN%2010.html,HTML cumulative-performance pie chart; B count=86782; exact counts archived in data/raw/provenance/wallonia_men10_certificate_counts_2024.csv,2026-07-27,https://episcope.eu/fileadmin/tabula/public/docs/scientific/BE_TABULA_ScientificReport_VITO.pdf,Section 4.2.3 on printed pages 44-46 / PDF pages 55-57; post-2005 applicability on printed page 54 / PDF page 65; service measures on printed pages 49-50 / PDF pages 60-61,2026-07-27,1587,3.01195672803,20,79.35,0.150597836402,164.18,26.58225,0.995627609603
Walloon Region,BE_TABULA_18,Terraced house,1991-2005,18,1727209,0.00486528383677,0.00151756867735,8403.36203043,Statbel 2025 regional T8 dwelling counts by R1-R4 type; R5/R6 retained as an excluded residual; R4 split equally between apartment archetypes,Statbel 2025 cadastral T3.* building counts jointly classified by R1-R3 building type and construction period,R1-R3 building-age profiles are applied to the matching dwelling totals; each resulting house-category dwelling retains its whole-house TABULA geometry; national absolute heat-demand and capacity results are conditional on this mapping,2025 cadastral buildings,7766.9,0.0183561281235,Known-period T3.* building counts are rebinned to TABULA periods; the 1982-1991 and 2002-2011 source bins are allocated uniformly across years at the 1990 and 2005 TABULA cut-offs. The resulting age profile is scaled to the region/type 2025 T8 dwelling total.,official_Statbel_type_by_age_profiles_scaled_to_2025_type_totals,,85063,0.0469372147227,191.6,526.9,264.5,80.9,75.2,9,37.9,25.3,9.5,6.2,6.5,6.1,7.9,26.7,TABULA_advanced_A_proxy,0.012,1.2,0.0115,0.0125,1.15,1.25,0.05,reported_share,reported value plus or minus half the printed unit,PEB A/A+/A++,2024-08-20,790073 cumulative certificates for existing dwellings with a pre-May-2010 planning permit,Certificates arise from transactions and audits and describe pre-May-2010 dwellings through 20 August 2024; PEB A-family labels supply a calibration anchor for the TABULA advanced physical proxy; the source reports one decimal.,Advanced Measures,fixed_TABULA_low_energy_package,balanced_mechanical_HRV,0.8,True,TABULA applies the Low Energy package to every dwelling type.,2025,100.840344365,96.6386633499,105.04202538,"independence/null assumption: P(state | region, archetype) = P(state | region)",regional marginal calibrated; archetype-state joint distribution unavailable,False,False,VITO EPB2010 standard measures apply through 1991-2005; post-2005 existing cells retain the complete standard calibration state and remain eligible for advanced renovation,0.25,0.15,0.25,1.6,1.6,2.5,https://etat.environnement.wallonie.be/contents/indicatorsheets/MEN%2010.html,HTML cumulative-performance pie chart; A-family count=9391; exact counts archived in data/raw/provenance/wallonia_men10_certificate_counts_2024.csv,2026-07-27,https://episcope.eu/fileadmin/tabula/public/docs/scientific/BE_TABULA_ScientificReport_VITO.pdf,Section 4.2.3 on printed pages 44-46 / PDF pages 55-57; service measures on printed pages 49-50 / PDF pages 60-61,2026-07-27,661.25,1.25498197001,20,33.0625,0.0627490985007,106.905,11.0759375,0.615766897182
Walloon Region,BE_TABULA_19,"Apartment, enclosed",1991-2005,19,1727209,0.00898288174111,0.0028019207964,15515.3141892,Statbel 2025 regional T8 dwelling counts by R1-R4 type; R5/R6 retained as an excluded residual; R4 split equally between apartment archetypes,"Statbel Census 2021 HC37 conventional dwellings in residential buildings with 2 or 3+ dwellings, jointly classified by building size and construction period",R1-R3 building-age profiles are applied to the matching dwelling totals; each resulting house-category dwelling retains its whole-house TABULA geometry; national absolute heat-demand and capacity results are conditional on this mapping,2021 conventional dwellings in RES2+RES3+,22159.5,0.090250965251,"Occupied and unoccupied HC37 conventional dwellings in RES2 and RES3+ are summed, unknown construction periods are excluded, and the exact HC37 2001-2005/2006-2010 split is retained. The resulting age profile is scaled to the regional 2025 T8 R4 dwelling total and then split 50/50 by apartment position.",official_Statbel_type_by_age_profiles_scaled_to_2025_type_totals,"Statbel R4 apartment dwellings are split 50/50 between Apartment, enclosed and Apartment, exposed because apartment position is not identified.",85063,0.0469372147227,100.1,320.3,44.8,0,17.9,0,0,0,0,13.4,0,13.4,0,26.8,TABULA_existing,0.878,87.8,0.877,0.879,87.7,87.9,0.1,derived_residual,Existing=1-B-A; lower=1-B_upper-A_upper; upper=1-B_lower-A_lower,residual below PEB B,2024-08-20,790073 cumulative certificates for existing dwellings with a pre-May-2010 planning permit,Certificates arise from transactions and audits and describe pre-May-2010 dwellings through 20 August 2024; the source flags selection and timing effects; the one-decimal A-family and B shares each have a 0.05 percentage-point rounding interval.,Existing State,age_and_type_specific,existing_unspecified,,,Physical parameters are read from each base archetype row.,2025,13622.4458581,13606.9305439,13637.9611723,"independence/null assumption: P(state | region, archetype) = P(state | region)",regional marginal calibrated; archetype-state joint distribution unavailable,True,True,VITO EPB2010 standard measures apply through 1991-2005; post-2005 existing cells retain the complete standard calibration state and remain eligible for advanced renovation,0.6,0.6,0.7,3.5,3.5,10,https://etat.environnement.wallonie.be/contents/indicatorsheets/MEN%2010.html,HTML cumulative-performance pie chart; exact counts archived in data/raw/provenance/wallonia_men10_certificate_counts_2024.csv,2026-07-27,https://episcope.eu/fileadmin/tabula/public/docs/scientific/BE_TABULA_ScientificReport_VITO.pdf,Tables 9 and 10 on printed pages 45-48 / PDF pages 56-59; Table 19 on printed pages 85-86 / PDF pages 96-97,2026-07-27,448,1.39868872932,20,22.4,0.0699344364658,104.54,7.504,1.11932067932
Walloon Region,BE_TABULA_19,"Apartment, enclosed",1991-2005,19,1727209,0.00898288174111,0.0028019207964,15515.3141892,Statbel 2025 regional T8 dwelling counts by R1-R4 type; R5/R6 retained as an excluded residual; R4 split equally between apartment archetypes,"Statbel Census 2021 HC37 conventional dwellings in residential buildings with 2 or 3+ dwellings, jointly classified by building size and construction period",R1-R3 building-age profiles are applied to the matching dwelling totals; each resulting house-category dwelling retains its whole-house TABULA geometry; national absolute heat-demand and capacity results are conditional on this mapping,2021 conventional dwellings in RES2+RES3+,22159.5,0.090250965251,"Occupied and unoccupied HC37 conventional dwellings in RES2 and RES3+ are summed, unknown construction periods are excluded, and the exact HC37 2001-2005/2006-2010 split is retained. The resulting age profile is scaled to the regional 2025 T8 R4 dwelling total and then split 50/50 by apartment position.",official_Statbel_type_by_age_profiles_scaled_to_2025_type_totals,"Statbel R4 apartment dwellings are split 50/50 between Apartment, enclosed and Apartment, exposed because apartment position is not identified.",85063,0.0469372147227,100.1,320.3,44.8,0,17.9,0,0,0,0,13.4,0,13.4,0,26.8,TABULA_standard_B_proxy,0.11,11,0.1095,0.1105,10.95,11.05,0.05,reported_share,reported value plus or minus half the printed unit,PEB B,2024-08-20,790073 cumulative certificates for existing dwellings with a pre-May-2010 planning permit,Certificates arise from transactions and audits and describe pre-May-2010 dwellings through 20 August 2024; PEB B supplies a calibration anchor for the TABULA standard physical proxy; the source reports one decimal.,Standard Measures,fixed_TABULA_EPB2010_package,exhaust_air_ventilation,0,False,TABULA states that the EPB2010 upgrade measures are already achieved by the post-2005 class; the same physical values preserve a complete state matrix while post-2005 existing cells are ineligible for medium transitions.,2025,1706.68456081,1698.92690372,1714.44221791,"independence/null assumption: P(state | region, archetype) = P(state | region)",regional marginal calibrated; archetype-state joint distribution unavailable,False,True,VITO EPB2010 standard measures apply through 1991-2005; post-2005 existing cells retain the complete standard calibration state and remain eligible for advanced renovation,0.4,0.3,0.4,2,2.9,6,https://etat.environnement.wallonie.be/contents/indicatorsheets/MEN%2010.html,HTML cumulative-performance pie chart; B count=86782; exact counts archived in data/raw/provenance/wallonia_men10_certificate_counts_2024.csv,2026-07-27,https://episcope.eu/fileadmin/tabula/public/docs/scientific/BE_TABULA_ScientificReport_VITO.pdf,Section 4.2.3 on printed pages 44-46 / PDF pages 55-57; post-2005 applicability on printed page 54 / PDF page 65; service measures on printed pages 49-50 / PDF pages 60-61,2026-07-27,268.8,0.83921323759,20,13.44,0.0419606618795,60.76,4.5024,0.651972027972
Walloon Region,BE_TABULA_19,"Apartment, enclosed",1991-2005,19,1727209,0.00898288174111,0.0028019207964,15515.3141892,Statbel 2025 regional T8 dwelling counts by R1-R4 type; R5/R6 retained as an excluded residual; R4 split equally between apartment archetypes,"Statbel Census 2021 HC37 conventional dwellings in residential buildings with 2 or 3+ dwellings, jointly classified by building size and construction period",R1-R3 building-age profiles are applied to the matching dwelling totals; each resulting house-category dwelling retains its whole-house TABULA geometry; national absolute heat-demand and capacity results are conditional on this mapping,2021 conventional dwellings in RES2+RES3+,22159.5,0.090250965251,"Occupied and unoccupied HC37 conventional dwellings in RES2 and RES3+ are summed, unknown construction periods are excluded, and the exact HC37 2001-2005/2006-2010 split is retained. The resulting age profile is scaled to the regional 2025 T8 R4 dwelling total and then split 50/50 by apartment position.",official_Statbel_type_by_age_profiles_scaled_to_2025_type_totals,"Statbel R4 apartment dwellings are split 50/50 between Apartment, enclosed and Apartment, exposed because apartment position is not identified.",85063,0.0469372147227,100.1,320.3,44.8,0,17.9,0,0,0,0,13.4,0,13.4,0,26.8,TABULA_advanced_A_proxy,0.012,1.2,0.0115,0.0125,1.15,1.25,0.05,reported_share,reported value plus or minus half the printed unit,PEB A/A+/A++,2024-08-20,790073 cumulative certificates for existing dwellings with a pre-May-2010 planning permit,Certificates arise from transactions and audits and describe pre-May-2010 dwellings through 20 August 2024; PEB A-family labels supply a calibration anchor for the TABULA advanced physical proxy; the source reports one decimal.,Advanced Measures,fixed_TABULA_low_energy_package,balanced_mechanical_HRV,0.8,True,TABULA applies the Low Energy package to every dwelling type.,2025,186.18377027,178.426113176,193.941427365,"independence/null assumption: P(state | region, archetype) = P(state | region)",regional marginal calibrated; archetype-state joint distribution unavailable,False,False,VITO EPB2010 standard measures apply through 1991-2005; post-2005 existing cells retain the complete standard calibration state and remain eligible for advanced renovation,0.25,0.15,0.25,1.6,1.6,2.5,https://etat.environnement.wallonie.be/contents/indicatorsheets/MEN%2010.html,HTML cumulative-performance pie chart; A-family count=9391; exact counts archived in data/raw/provenance/wallonia_men10_certificate_counts_2024.csv,2026-07-27,https://episcope.eu/fileadmin/tabula/public/docs/scientific/BE_TABULA_ScientificReport_VITO.pdf,Section 4.2.3 on printed pages 44-46 / PDF pages 55-57; service measures on printed pages 49-50 / PDF pages 60-61,2026-07-27,112,0.349672182329,20,5.6,0.0174836091165,47.355,1.876,0.491818181818
Walloon Region,BE_TABULA_20,"Apartment, exposed",1991-2005,20,1727209,0.00898288174111,0.0028019207964,15515.3141892,Statbel 2025 regional T8 dwelling counts by R1-R4 type; R5/R6 retained as an excluded residual; R4 split equally between apartment archetypes,"Statbel Census 2021 HC37 conventional dwellings in residential buildings with 2 or 3+ dwellings, jointly classified by building size and construction period",R1-R3 building-age profiles are applied to the matching dwelling totals; each resulting house-category dwelling retains its whole-house TABULA geometry; national absolute heat-demand and capacity results are conditional on this mapping,2021 conventional dwellings in RES2+RES3+,22159.5,0.090250965251,"Occupied and unoccupied HC37 conventional dwellings in RES2 and RES3+ are summed, unknown construction periods are excluded, and the exact HC37 2001-2005/2006-2010 split is retained. The resulting age profile is scaled to the regional 2025 T8 R4 dwelling total and then split 50/50 by apartment position.",official_Statbel_type_by_age_profiles_scaled_to_2025_type_totals,"Statbel R4 apartment dwellings are split 50/50 between Apartment, enclosed and Apartment, exposed because apartment position is not identified.",85063,0.0469372147227,100.1,320.3,190.7,100.1,63.7,0,0,0,0,13.4,0,13.4,0,26.8,TABULA_existing,0.878,87.8,0.877,0.879,87.7,87.9,0.1,derived_residual,Existing=1-B-A; lower=1-B_upper-A_upper; upper=1-B_lower-A_lower,residual below PEB B,2024-08-20,790073 cumulative certificates for existing dwellings with a pre-May-2010 planning permit,Certificates arise from transactions and audits and describe pre-May-2010 dwellings through 20 August 2024; the source flags selection and timing effects; the one-decimal A-family and B shares each have a 0.05 percentage-point rounding interval.,Existing State,age_and_type_specific,existing_unspecified,,,Physical parameters are read from each base archetype row.,2025,13622.4458581,13606.9305439,13637.9611723,"independence/null assumption: P(state | region, archetype) = P(state | region)",regional marginal calibrated; archetype-state joint distribution unavailable,True,True,VITO EPB2010 standard measures apply through 1991-2005; post-2005 existing cells retain the complete standard calibration state and remain eligible for advanced renovation,0.6,0.6,0.7,3.5,3.5,10,https://etat.environnement.wallonie.be/contents/indicatorsheets/MEN%2010.html,HTML cumulative-performance pie chart; exact counts archived in data/raw/provenance/wallonia_men10_certificate_counts_2024.csv,2026-07-27,https://episcope.eu/fileadmin/tabula/public/docs/scientific/BE_TABULA_ScientificReport_VITO.pdf,Tables 9 and 10 on printed pages 45-48 / PDF pages 56-59; Table 19 on printed pages 85-86 / PDF pages 96-97,2026-07-27,1907,5.95379331876,20,95.35,0.297689665938,192.08,31.94225,2.23798451548
Walloon Region,BE_TABULA_20,"Apartment, exposed",1991-2005,20,1727209,0.00898288174111,0.0028019207964,15515.3141892,Statbel 2025 regional T8 dwelling counts by R1-R4 type; R5/R6 retained as an excluded residual; R4 split equally between apartment archetypes,"Statbel Census 2021 HC37 conventional dwellings in residential buildings with 2 or 3+ dwellings, jointly classified by building size and construction period",R1-R3 building-age profiles are applied to the matching dwelling totals; each resulting house-category dwelling retains its whole-house TABULA geometry; national absolute heat-demand and capacity results are conditional on this mapping,2021 conventional dwellings in RES2+RES3+,22159.5,0.090250965251,"Occupied and unoccupied HC37 conventional dwellings in RES2 and RES3+ are summed, unknown construction periods are excluded, and the exact HC37 2001-2005/2006-2010 split is retained. The resulting age profile is scaled to the regional 2025 T8 R4 dwelling total and then split 50/50 by apartment position.",official_Statbel_type_by_age_profiles_scaled_to_2025_type_totals,"Statbel R4 apartment dwellings are split 50/50 between Apartment, enclosed and Apartment, exposed because apartment position is not identified.",85063,0.0469372147227,100.1,320.3,190.7,100.1,63.7,0,0,0,0,13.4,0,13.4,0,26.8,TABULA_standard_B_proxy,0.11,11,0.1095,0.1105,10.95,11.05,0.05,reported_share,reported value plus or minus half the printed unit,PEB B,2024-08-20,790073 cumulative certificates for existing dwellings with a pre-May-2010 planning permit,Certificates arise from transactions and audits and describe pre-May-2010 dwellings through 20 August 2024; PEB B supplies a calibration anchor for the TABULA standard physical proxy; the source reports one decimal.,Standard Measures,fixed_TABULA_EPB2010_package,exhaust_air_ventilation,0,False,TABULA states that the EPB2010 upgrade measures are already achieved by the post-2005 class; the same physical values preserve a complete state matrix while post-2005 existing cells are ineligible for medium transitions.,2025,1706.68456081,1698.92690372,1714.44221791,"independence/null assumption: P(state | region, archetype) = P(state | region)",regional marginal calibrated; archetype-state joint distribution unavailable,False,True,VITO EPB2010 standard measures apply through 1991-2005; post-2005 existing cells retain the complete standard calibration state and remain eligible for advanced renovation,0.4,0.3,0.4,2,2.9,6,https://etat.environnement.wallonie.be/contents/indicatorsheets/MEN%2010.html,HTML cumulative-performance pie chart; B count=86782; exact counts archived in data/raw/provenance/wallonia_men10_certificate_counts_2024.csv,2026-07-27,https://episcope.eu/fileadmin/tabula/public/docs/scientific/BE_TABULA_ScientificReport_VITO.pdf,Section 4.2.3 on printed pages 44-46 / PDF pages 55-57; post-2005 applicability on printed page 54 / PDF page 65; service measures on printed pages 49-50 / PDF pages 60-61,2026-07-27,1144.2,3.57227599126,20,57.21,0.178613799563,109.11,19.16535,1.28147202797
Walloon Region,BE_TABULA_20,"Apartment, exposed",1991-2005,20,1727209,0.00898288174111,0.0028019207964,15515.3141892,Statbel 2025 regional T8 dwelling counts by R1-R4 type; R5/R6 retained as an excluded residual; R4 split equally between apartment archetypes,"Statbel Census 2021 HC37 conventional dwellings in residential buildings with 2 or 3+ dwellings, jointly classified by building size and construction period",R1-R3 building-age profiles are applied to the matching dwelling totals; each resulting house-category dwelling retains its whole-house TABULA geometry; national absolute heat-demand and capacity results are conditional on this mapping,2021 conventional dwellings in RES2+RES3+,22159.5,0.090250965251,"Occupied and unoccupied HC37 conventional dwellings in RES2 and RES3+ are summed, unknown construction periods are excluded, and the exact HC37 2001-2005/2006-2010 split is retained. The resulting age profile is scaled to the regional 2025 T8 R4 dwelling total and then split 50/50 by apartment position.",official_Statbel_type_by_age_profiles_scaled_to_2025_type_totals,"Statbel R4 apartment dwellings are split 50/50 between Apartment, enclosed and Apartment, exposed because apartment position is not identified.",85063,0.0469372147227,100.1,320.3,190.7,100.1,63.7,0,0,0,0,13.4,0,13.4,0,26.8,TABULA_advanced_A_proxy,0.012,1.2,0.0115,0.0125,1.15,1.25,0.05,reported_share,reported value plus or minus half the printed unit,PEB A/A+/A++,2024-08-20,790073 cumulative certificates for existing dwellings with a pre-May-2010 planning permit,Certificates arise from transactions and audits and describe pre-May-2010 dwellings through 20 August 2024; PEB A-family labels supply a calibration anchor for the TABULA advanced physical proxy; the source reports one decimal.,Advanced Measures,fixed_TABULA_low_energy_package,balanced_mechanical_HRV,0.8,True,TABULA applies the Low Energy package to every dwelling type.,2025,186.18377027,178.426113176,193.941427365,"independence/null assumption: P(state | region, archetype) = P(state | region)",regional marginal calibrated; archetype-state joint distribution unavailable,False,False,VITO EPB2010 standard measures apply through 1991-2005; post-2005 existing cells retain the complete standard calibration state and remain eligible for advanced renovation,0.25,0.15,0.25,1.6,1.6,2.5,https://etat.environnement.wallonie.be/contents/indicatorsheets/MEN%2010.html,HTML cumulative-performance pie chart; A-family count=9391; exact counts archived in data/raw/provenance/wallonia_men10_certificate_counts_2024.csv,2026-07-27,https://episcope.eu/fileadmin/tabula/public/docs/scientific/BE_TABULA_ScientificReport_VITO.pdf,Section 4.2.3 on printed pages 44-46 / PDF pages 55-57; service measures on printed pages 49-50 / PDF pages 60-61,2026-07-27,476.75,1.48844832969,20,23.8375,0.0744224164845,73.82,7.9855625,0.817238386613
Walloon Region,BE_TABULA_21,Detached house,post-2005,21,1727209,0.0427467764597,0.0133334808799,73832.6170221,Statbel 2025 regional T8 dwelling counts by R1-R4 type; R5/R6 retained as an excluded residual; R4 split equally between apartment archetypes,Statbel 2025 cadastral T3.* building counts jointly classified by R1-R3 building type and construction period,R1-R3 building-age profiles are applied to the matching dwelling totals; each resulting house-category dwelling retains its whole-house TABULA geometry; national absolute heat-demand and capacity results are conditional on this mapping,2025 cadastral buildings,72459.2,0.138813121299,Known-period T3.* building counts are rebinned to TABULA periods; the 1982-1991 and 2002-2011 source bins are allocated uniformly across years at the 1990 and 2005 TABULA cut-offs. The resulting age profile is scaled to the region/type 2025 T8 dwelling total.,official_Statbel_type_by_age_profiles_scaled_to_2025_type_totals,,85063,0.0469372147227,269.6,741.4,557.9,152.3,173.2,28,48,83.9,9.5,16.2,14.7,20.2,11.8,62.9,TABULA_existing,0.878,87.8,0.877,0.879,87.7,87.9,0.1,derived_residual,Existing=1-B-A; lower=1-B_upper-A_upper; upper=1-B_lower-A_lower,residual below PEB B,2024-08-20,790073 cumulative certificates for existing dwellings with a pre-May-2010 planning permit,Certificates arise from transactions and audits and describe pre-May-2010 dwellings through 20 August 2024; the source flags selection and timing effects; the one-decimal A-family and B shares each have a 0.05 percentage-point rounding interval.,Existing State,age_and_type_specific,existing_unspecified,,,Physical parameters are read from each base archetype row.,2025,64825.0377454,64751.2051284,64898.8703625,"independence/null assumption: P(state | region, archetype) = P(state | region)",regional marginal calibrated; archetype-state joint distribution unavailable,False,True,VITO EPB2010 standard measures apply through 1991-2005; post-2005 existing cells retain the complete standard calibration state and remain eligible for advanced renovation,0.4,0.3,0.4,2,2.9,6.1,https://etat.environnement.wallonie.be/contents/indicatorsheets/MEN%2010.html,HTML cumulative-performance pie chart; exact counts archived in data/raw/provenance/wallonia_men10_certificate_counts_2024.csv,2026-07-27,https://episcope.eu/fileadmin/tabula/public/docs/scientific/BE_TABULA_ScientificReport_VITO.pdf,Tables 9 and 10 on printed pages 45-48 / PDF pages 56-59; Table 19 on printed pages 85-86 / PDF pages 96-97,2026-07-27,3403.19,4.59022120313,20,170.1595,0.229511060156,332.28,57.0034325,1.44392964577
Walloon Region,BE_TABULA_21,Detached house,post-2005,21,1727209,0.0427467764597,0.0133334808799,73832.6170221,Statbel 2025 regional T8 dwelling counts by R1-R4 type; R5/R6 retained as an excluded residual; R4 split equally between apartment archetypes,Statbel 2025 cadastral T3.* building counts jointly classified by R1-R3 building type and construction period,R1-R3 building-age profiles are applied to the matching dwelling totals; each resulting house-category dwelling retains its whole-house TABULA geometry; national absolute heat-demand and capacity results are conditional on this mapping,2025 cadastral buildings,72459.2,0.138813121299,Known-period T3.* building counts are rebinned to TABULA periods; the 1982-1991 and 2002-2011 source bins are allocated uniformly across years at the 1990 and 2005 TABULA cut-offs. The resulting age profile is scaled to the region/type 2025 T8 dwelling total.,official_Statbel_type_by_age_profiles_scaled_to_2025_type_totals,,85063,0.0469372147227,269.6,741.4,557.9,152.3,173.2,28,48,83.9,9.5,16.2,14.7,20.2,11.8,62.9,TABULA_standard_B_proxy,0.11,11,0.1095,0.1105,10.95,11.05,0.05,reported_share,reported value plus or minus half the printed unit,PEB B,2024-08-20,790073 cumulative certificates for existing dwellings with a pre-May-2010 planning permit,Certificates arise from transactions and audits and describe pre-May-2010 dwellings through 20 August 2024; PEB B supplies a calibration anchor for the TABULA standard physical proxy; the source reports one decimal.,Standard Measures,fixed_TABULA_EPB2010_package,exhaust_air_ventilation,0,False,TABULA states that the EPB2010 upgrade measures are already achieved by the post-2005 class; the same physical values preserve a complete state matrix while post-2005 existing cells are ineligible for medium transitions.,2025,8121.58787243,8084.67156392,8158.50418095,"independence/null assumption: P(state | region, archetype) = P(state | region)",regional marginal calibrated; archetype-state joint distribution unavailable,False,True,VITO EPB2010 standard measures apply through 1991-2005; post-2005 existing cells retain the complete standard calibration state and remain eligible for advanced renovation,0.4,0.3,0.4,2,2.9,6,https://etat.environnement.wallonie.be/contents/indicatorsheets/MEN%2010.html,HTML cumulative-performance pie chart; B count=86782; exact counts archived in data/raw/provenance/wallonia_men10_certificate_counts_2024.csv,2026-07-27,https://episcope.eu/fileadmin/tabula/public/docs/scientific/BE_TABULA_ScientificReport_VITO.pdf,Section 4.2.3 on printed pages 44-46 / PDF pages 55-57; post-2005 applicability on printed page 54 / PDF page 65; service measures on printed pages 49-50 / PDF pages 60-61,2026-07-27,3347.4,4.51497167521,20,167.37,0.22574858376,332.28,56.06895,1.44046346439
Walloon Region,BE_TABULA_21,Detached house,post-2005,21,1727209,0.0427467764597,0.0133334808799,73832.6170221,Statbel 2025 regional T8 dwelling counts by R1-R4 type; R5/R6 retained as an excluded residual; R4 split equally between apartment archetypes,Statbel 2025 cadastral T3.* building counts jointly classified by R1-R3 building type and construction period,R1-R3 building-age profiles are applied to the matching dwelling totals; each resulting house-category dwelling retains its whole-house TABULA geometry; national absolute heat-demand and capacity results are conditional on this mapping,2025 cadastral buildings,72459.2,0.138813121299,Known-period T3.* building counts are rebinned to TABULA periods; the 1982-1991 and 2002-2011 source bins are allocated uniformly across years at the 1990 and 2005 TABULA cut-offs. The resulting age profile is scaled to the region/type 2025 T8 dwelling total.,official_Statbel_type_by_age_profiles_scaled_to_2025_type_totals,,85063,0.0469372147227,269.6,741.4,557.9,152.3,173.2,28,48,83.9,9.5,16.2,14.7,20.2,11.8,62.9,TABULA_advanced_A_proxy,0.012,1.2,0.0115,0.0125,1.15,1.25,0.05,reported_share,reported value plus or minus half the printed unit,PEB A/A+/A++,2024-08-20,790073 cumulative certificates for existing dwellings with a pre-May-2010 planning permit,Certificates arise from transactions and audits and describe pre-May-2010 dwellings through 20 August 2024; PEB A-family labels supply a calibration anchor for the TABULA advanced physical proxy; the source reports one decimal.,Advanced Measures,fixed_TABULA_low_energy_package,balanced_mechanical_HRV,0.8,True,TABULA applies the Low Energy package to every dwelling type.,2025,885.991404266,849.075095755,922.907712777,"independence/null assumption: P(state | region, archetype) = P(state | region)",regional marginal calibrated; archetype-state joint distribution unavailable,False,False,VITO EPB2010 standard measures apply through 1991-2005; post-2005 existing cells retain the complete standard calibration state and remain eligible for advanced renovation,0.25,0.15,0.25,1.6,1.6,2.5,https://etat.environnement.wallonie.be/contents/indicatorsheets/MEN%2010.html,HTML cumulative-performance pie chart; A-family count=9391; exact counts archived in data/raw/provenance/wallonia_men10_certificate_counts_2024.csv,2026-07-27,https://episcope.eu/fileadmin/tabula/public/docs/scientific/BE_TABULA_ScientificReport_VITO.pdf,Section 4.2.3 on printed pages 44-46 / PDF pages 55-57; service measures on printed pages 49-50 / PDF pages 60-61,2026-07-27,1394.75,1.881238198,20,69.7375,0.0940619099002,221.96,23.3620625,0.909948303042
Walloon Region,BE_TABULA_22,Semi-detached house,post-2005,22,1727209,0.0190337174431,0.00593695545302,32875.2080712,Statbel 2025 regional T8 dwelling counts by R1-R4 type; R5/R6 retained as an excluded residual; R4 split equally between apartment archetypes,Statbel 2025 cadastral T3.* building counts jointly classified by R1-R3 building type and construction period,R1-R3 building-age profiles are applied to the matching dwelling totals; each resulting house-category dwelling retains its whole-house TABULA geometry; national absolute heat-demand and capacity results are conditional on this mapping,2025 cadastral buildings,31893.8,0.0835027713124,Known-period T3.* building counts are rebinned to TABULA periods; the 1982-1991 and 2002-2011 source bins are allocated uniformly across years at the 1990 and 2005 TABULA cut-offs. The resulting age profile is scaled to the region/type 2025 T8 dwelling total.,official_Statbel_type_by_age_profiles_scaled_to_2025_type_totals,,85063,0.0469372147227,233.7,642.7,407.9,118,118.3,16.9,62.2,35.8,9.5,13.4,9.2,13.9,10.6,47.1,TABULA_existing,0.878,87.8,0.877,0.879,87.7,87.9,0.1,derived_residual,Existing=1-B-A; lower=1-B_upper-A_upper; upper=1-B_lower-A_lower,residual below PEB B,2024-08-20,790073 cumulative certificates for existing dwellings with a pre-May-2010 planning permit,Certificates arise from transactions and audits and describe pre-May-2010 dwellings through 20 August 2024; the source flags selection and timing effects; the one-decimal A-family and B shares each have a 0.05 percentage-point rounding interval.,Existing State,age_and_type_specific,existing_unspecified,,,Physical parameters are read from each base archetype row.,2025,28864.4326865,28831.5574785,28897.3078946,"independence/null assumption: P(state | region, archetype) = P(state | region)",regional marginal calibrated; archetype-state joint distribution unavailable,False,True,VITO EPB2010 standard measures apply through 1991-2005; post-2005 existing cells retain the complete standard calibration state and remain eligible for advanced renovation,0.4,0.3,0.4,2,2.9,6.3,https://etat.environnement.wallonie.be/contents/indicatorsheets/MEN%2010.html,HTML cumulative-performance pie chart; exact counts archived in data/raw/provenance/wallonia_men10_certificate_counts_2024.csv,2026-07-27,https://episcope.eu/fileadmin/tabula/public/docs/scientific/BE_TABULA_ScientificReport_VITO.pdf,Tables 9 and 10 on printed pages 45-48 / PDF pages 56-59; Table 19 on printed pages 85-86 / PDF pages 96-97,2026-07-27,2569.77,3.99839738603,20,128.4885,0.199919869301,250.43,43.0436475,1.25577084938
Walloon Region,BE_TABULA_22,Semi-detached house,post-2005,22,1727209,0.0190337174431,0.00593695545302,32875.2080712,Statbel 2025 regional T8 dwelling counts by R1-R4 type; R5/R6 retained as an excluded residual; R4 split equally between apartment archetypes,Statbel 2025 cadastral T3.* building counts jointly classified by R1-R3 building type and construction period,R1-R3 building-age profiles are applied to the matching dwelling totals; each resulting house-category dwelling retains its whole-house TABULA geometry; national absolute heat-demand and capacity results are conditional on this mapping,2025 cadastral buildings,31893.8,0.0835027713124,Known-period T3.* building counts are rebinned to TABULA periods; the 1982-1991 and 2002-2011 source bins are allocated uniformly across years at the 1990 and 2005 TABULA cut-offs. The resulting age profile is scaled to the region/type 2025 T8 dwelling total.,official_Statbel_type_by_age_profiles_scaled_to_2025_type_totals,,85063,0.0469372147227,233.7,642.7,407.9,118,118.3,16.9,62.2,35.8,9.5,13.4,9.2,13.9,10.6,47.1,TABULA_standard_B_proxy,0.11,11,0.1095,0.1105,10.95,11.05,0.05,reported_share,reported value plus or minus half the printed unit,PEB B,2024-08-20,790073 cumulative certificates for existing dwellings with a pre-May-2010 planning permit,Certificates arise from transactions and audits and describe pre-May-2010 dwellings through 20 August 2024; PEB B supplies a calibration anchor for the TABULA standard physical proxy; the source reports one decimal.,Standard Measures,fixed_TABULA_EPB2010_package,exhaust_air_ventilation,0,False,TABULA states that the EPB2010 upgrade measures are already achieved by the post-2005 class; the same physical values preserve a complete state matrix while post-2005 existing cells are ineligible for medium transitions.,2025,3616.27288784,3599.8352838,3632.71049187,"independence/null assumption: P(state | region, archetype) = P(state | region)",regional marginal calibrated; archetype-state joint distribution unavailable,False,True,VITO EPB2010 standard measures apply through 1991-2005; post-2005 existing cells retain the complete standard calibration state and remain eligible for advanced renovation,0.4,0.3,0.4,2,2.9,6,https://etat.environnement.wallonie.be/contents/indicatorsheets/MEN%2010.html,HTML cumulative-performance pie chart; B count=86782; exact counts archived in data/raw/provenance/wallonia_men10_certificate_counts_2024.csv,2026-07-27,https://episcope.eu/fileadmin/tabula/public/docs/scientific/BE_TABULA_ScientificReport_VITO.pdf,Section 4.2.3 on printed pages 44-46 / PDF pages 55-57; post-2005 applicability on printed page 54 / PDF page 65; service measures on printed pages 49-50 / PDF pages 60-61,2026-07-27,2447.4,3.8079975105,20,122.37,0.190399875525,250.43,40.99395,1.24700021395
Walloon Region,BE_TABULA_22,Semi-detached house,post-2005,22,1727209,0.0190337174431,0.00593695545302,32875.2080712,Statbel 2025 regional T8 dwelling counts by R1-R4 type; R5/R6 retained as an excluded residual; R4 split equally between apartment archetypes,Statbel 2025 cadastral T3.* building counts jointly classified by R1-R3 building type and construction period,R1-R3 building-age profiles are applied to the matching dwelling totals; each resulting house-category dwelling retains its whole-house TABULA geometry; national absolute heat-demand and capacity results are conditional on this mapping,2025 cadastral buildings,31893.8,0.0835027713124,Known-period T3.* building counts are rebinned to TABULA periods; the 1982-1991 and 2002-2011 source bins are allocated uniformly across years at the 1990 and 2005 TABULA cut-offs. The resulting age profile is scaled to the region/type 2025 T8 dwelling total.,official_Statbel_type_by_age_profiles_scaled_to_2025_type_totals,,85063,0.0469372147227,233.7,642.7,407.9,118,118.3,16.9,62.2,35.8,9.5,13.4,9.2,13.9,10.6,47.1,TABULA_advanced_A_proxy,0.012,1.2,0.0115,0.0125,1.15,1.25,0.05,reported_share,reported value plus or minus half the printed unit,PEB A/A+/A++,2024-08-20,790073 cumulative certificates for existing dwellings with a pre-May-2010 planning permit,Certificates arise from transactions and audits and describe pre-May-2010 dwellings through 20 August 2024; PEB A-family labels supply a calibration anchor for the TABULA advanced physical proxy; the source reports one decimal.,Advanced Measures,fixed_TABULA_low_energy_package,balanced_mechanical_HRV,0.8,True,TABULA applies the Low Energy package to every dwelling type.,2025,394.502496855,378.064892819,410.94010089,"independence/null assumption: P(state | region, archetype) = P(state | region)",regional marginal calibrated; archetype-state joint distribution unavailable,False,False,VITO EPB2010 standard measures apply through 1991-2005; post-2005 existing cells retain the complete standard calibration state and remain eligible for advanced renovation,0.25,0.15,0.25,1.6,1.6,2.5,https://etat.environnement.wallonie.be/contents/indicatorsheets/MEN%2010.html,HTML cumulative-performance pie chart; A-family count=9391; exact counts archived in data/raw/provenance/wallonia_men10_certificate_counts_2024.csv,2026-07-27,https://episcope.eu/fileadmin/tabula/public/docs/scientific/BE_TABULA_ScientificReport_VITO.pdf,Section 4.2.3 on printed pages 44-46 / PDF pages 55-57; service measures on printed pages 49-50 / PDF pages 60-61,2026-07-27,1019.75,1.58666562938,20,50.9875,0.0793332814688,166.56,17.0808125,0.785797229354
Walloon Region,BE_TABULA_23,Terraced house,post-2005,23,1727209,0.00841823332676,0.00262579689981,14540.0483661,Statbel 2025 regional T8 dwelling counts by R1-R4 type; R5/R6 retained as an excluded residual; R4 split equally between apartment archetypes,Statbel 2025 cadastral T3.* building counts jointly classified by R1-R3 building type and construction period,R1-R3 building-age profiles are applied to the matching dwelling totals; each resulting house-category dwelling retains its whole-house TABULA geometry; national absolute heat-demand and capacity results are conditional on this mapping,2025 cadastral buildings,13438.8,0.0317609773045,Known-period T3.* building counts are rebinned to TABULA periods; the 1982-1991 and 2002-2011 source bins are allocated uniformly across years at the 1990 and 2005 TABULA cut-offs. The resulting age profile is scaled to the region/type 2025 T8 dwelling total.,official_Statbel_type_by_age_profiles_scaled_to_2025_type_totals,,85063,0.0469372147227,199.9,549.8,267.7,76.3,72,13.3,35.9,24.1,9.5,10.3,8.6,9.5,8.2,36.6,TABULA_existing,0.878,87.8,0.877,0.879,87.7,87.9,0.1,derived_residual,Existing=1-B-A; lower=1-B_upper-A_upper; upper=1-B_lower-A_lower,residual below PEB B,2024-08-20,790073 cumulative certificates for existing dwellings with a pre-May-2010 planning permit,Certificates arise from transactions and audits and describe pre-May-2010 dwellings through 20 August 2024; the source flags selection and timing effects; the one-decimal A-family and B shares each have a 0.05 percentage-point rounding interval.,Existing State,age_and_type_specific,existing_unspecified,,,Physical parameters are read from each base archetype row.,2025,12766.1624654,12751.6224171,12780.7025138,"independence/null assumption: P(state | region, archetype) = P(state | region)",regional marginal calibrated; archetype-state joint distribution unavailable,False,True,VITO EPB2010 standard measures apply through 1991-2005; post-2005 existing cells retain the complete standard calibration state and remain eligible for advanced renovation,0.4,0.3,0.4,2,2.9,6,https://etat.environnement.wallonie.be/contents/indicatorsheets/MEN%2010.html,HTML cumulative-performance pie chart; exact counts archived in data/raw/provenance/wallonia_men10_certificate_counts_2024.csv,2026-07-27,https://episcope.eu/fileadmin/tabula/public/docs/scientific/BE_TABULA_ScientificReport_VITO.pdf,Tables 9 and 10 on printed pages 45-48 / PDF pages 56-59; Table 19 on printed pages 85-86 / PDF pages 96-97,2026-07-27,1606.2,2.92142597308,20,80.31,0.146071298654,181.76,26.90385,1.04384117059
Walloon Region,BE_TABULA_23,Terraced house,post-2005,23,1727209,0.00841823332676,0.00262579689981,14540.0483661,Statbel 2025 regional T8 dwelling counts by R1-R4 type; R5/R6 retained as an excluded residual; R4 split equally between apartment archetypes,Statbel 2025 cadastral T3.* building counts jointly classified by R1-R3 building type and construction period,R1-R3 building-age profiles are applied to the matching dwelling totals; each resulting house-category dwelling retains its whole-house TABULA geometry; national absolute heat-demand and capacity results are conditional on this mapping,2025 cadastral buildings,13438.8,0.0317609773045,Known-period T3.* building counts are rebinned to TABULA periods; the 1982-1991 and 2002-2011 source bins are allocated uniformly across years at the 1990 and 2005 TABULA cut-offs. The resulting age profile is scaled to the region/type 2025 T8 dwelling total.,official_Statbel_type_by_age_profiles_scaled_to_2025_type_totals,,85063,0.0469372147227,199.9,549.8,267.7,76.3,72,13.3,35.9,24.1,9.5,10.3,8.6,9.5,8.2,36.6,TABULA_standard_B_proxy,0.11,11,0.1095,0.1105,10.95,11.05,0.05,reported_share,reported value plus or minus half the printed unit,PEB B,2024-08-20,790073 cumulative certificates for existing dwellings with a pre-May-2010 planning permit,Certificates arise from transactions and audits and describe pre-May-2010 dwellings through 20 August 2024; PEB B supplies a calibration anchor for the TABULA standard physical proxy; the source reports one decimal.,Standard Measures,fixed_TABULA_EPB2010_package,exhaust_air_ventilation,0,False,TABULA states that the EPB2010 upgrade measures are already achieved by the post-2005 class; the same physical values preserve a complete state matrix while post-2005 existing cells are ineligible for medium transitions.,2025,1599.40532027,1592.13529609,1606.67534445,"independence/null assumption: P(state | region, archetype) = P(state | region)",regional marginal calibrated; archetype-state joint distribution unavailable,False,True,VITO EPB2010 standard measures apply through 1991-2005; post-2005 existing cells retain the complete standard calibration state and remain eligible for advanced renovation,0.4,0.3,0.4,2,2.9,6,https://etat.environnement.wallonie.be/contents/indicatorsheets/MEN%2010.html,HTML cumulative-performance pie chart; B count=86782; exact counts archived in data/raw/provenance/wallonia_men10_certificate_counts_2024.csv,2026-07-27,https://episcope.eu/fileadmin/tabula/public/docs/scientific/BE_TABULA_ScientificReport_VITO.pdf,Section 4.2.3 on printed pages 44-46 / PDF pages 55-57; post-2005 applicability on printed page 54 / PDF page 65; service measures on printed pages 49-50 / PDF pages 60-61,2026-07-27,1606.2,2.92142597308,20,80.31,0.146071298654,181.76,26.90385,1.04384117059
Walloon Region,BE_TABULA_23,Terraced house,post-2005,23,1727209,0.00841823332676,0.00262579689981,14540.0483661,Statbel 2025 regional T8 dwelling counts by R1-R4 type; R5/R6 retained as an excluded residual; R4 split equally between apartment archetypes,Statbel 2025 cadastral T3.* building counts jointly classified by R1-R3 building type and construction period,R1-R3 building-age profiles are applied to the matching dwelling totals; each resulting house-category dwelling retains its whole-house TABULA geometry; national absolute heat-demand and capacity results are conditional on this mapping,2025 cadastral buildings,13438.8,0.0317609773045,Known-period T3.* building counts are rebinned to TABULA periods; the 1982-1991 and 2002-2011 source bins are allocated uniformly across years at the 1990 and 2005 TABULA cut-offs. The resulting age profile is scaled to the region/type 2025 T8 dwelling total.,official_Statbel_type_by_age_profiles_scaled_to_2025_type_totals,,85063,0.0469372147227,199.9,549.8,267.7,76.3,72,13.3,35.9,24.1,9.5,10.3,8.6,9.5,8.2,36.6,TABULA_advanced_A_proxy,0.012,1.2,0.0115,0.0125,1.15,1.25,0.05,reported_share,reported value plus or minus half the printed unit,PEB A/A+/A++,2024-08-20,790073 cumulative certificates for existing dwellings with a pre-May-2010 planning permit,Certificates arise from transactions and audits and describe pre-May-2010 dwellings through 20 August 2024; PEB A-family labels supply a calibration anchor for the TABULA advanced physical proxy; the source reports one decimal.,Advanced Measures,fixed_TABULA_low_energy_package,balanced_mechanical_HRV,0.8,True,TABULA applies the Low Energy package to every dwelling type.,2025,174.480580393,167.21055621,181.750604576,"independence/null assumption: P(state | region, archetype) = P(state | region)",regional marginal calibrated; archetype-state joint distribution unavailable,False,False,VITO EPB2010 standard measures apply through 1991-2005; post-2005 existing cells retain the complete standard calibration state and remain eligible for advanced renovation,0.25,0.15,0.25,1.6,1.6,2.5,https://etat.environnement.wallonie.be/contents/indicatorsheets/MEN%2010.html,HTML cumulative-performance pie chart; A-family count=9391; exact counts archived in data/raw/provenance/wallonia_men10_certificate_counts_2024.csv,2026-07-27,https://episcope.eu/fileadmin/tabula/public/docs/scientific/BE_TABULA_ScientificReport_VITO.pdf,Section 4.2.3 on printed pages 44-46 / PDF pages 55-57; service measures on printed pages 49-50 / PDF pages 60-61,2026-07-27,669.25,1.21726082212,20,33.4625,0.0608630411059,121.53,11.2099375,0.664031703352
Walloon Region,BE_TABULA_24,"Apartment, enclosed",post-2005,24,1727209,0.0156802657383,0.00489095414272,27083.0961056,Statbel 2025 regional T8 dwelling counts by R1-R4 type; R5/R6 retained as an excluded residual; R4 split equally between apartment archetypes,"Statbel Census 2021 HC37 conventional dwellings in residential buildings with 2 or 3+ dwellings, jointly classified by building size and construction period",R1-R3 building-age profiles are applied to the matching dwelling totals; each resulting house-category dwelling retains its whole-house TABULA geometry; national absolute heat-demand and capacity results are conditional on this mapping,2021 conventional dwellings in RES2+RES3+,38681,0.15753954678,"Occupied and unoccupied HC37 conventional dwellings in RES2 and RES3+ are summed, unknown construction periods are excluded, and the exact HC37 2001-2005/2006-2010 split is retained. The resulting age profile is scaled to the regional 2025 T8 R4 dwelling total and then split 50/50 by apartment position.",official_Statbel_type_by_age_profiles_scaled_to_2025_type_totals,"Statbel R4 apartment dwellings are split 50/50 between Apartment, enclosed and Apartment, exposed because apartment position is not identified.",85063,0.0469372147227,100.1,320.3,44.8,0,17.9,0,0,0,0,13.4,0,13.4,0,26.8,TABULA_existing,0.878,87.8,0.877,0.879,87.7,87.9,0.1,derived_residual,Existing=1-B-A; lower=1-B_upper-A_upper; upper=1-B_lower-A_lower,residual below PEB B,2024-08-20,790073 cumulative certificates for existing dwellings with a pre-May-2010 planning permit,Certificates arise from transactions and audits and describe pre-May-2010 dwellings through 20 August 2024; the source flags selection and timing effects; the one-decimal A-family and B shares each have a 0.05 percentage-point rounding interval.,Existing State,age_and_type_specific,existing_unspecified,,,Physical parameters are read from each base archetype row.,2025,23778.9583807,23751.8752846,23806.0414768,"independence/null assumption: P(state | region, archetype) = P(state | region)",regional marginal calibrated; archetype-state joint distribution unavailable,False,True,VITO EPB2010 standard measures apply through 1991-2005; post-2005 existing cells retain the complete standard calibration state and remain eligible for advanced renovation,0.4,0.3,0.4,2,2.9,6,https://etat.environnement.wallonie.be/contents/indicatorsheets/MEN%2010.html,HTML cumulative-performance pie chart; exact counts archived in data/raw/provenance/wallonia_men10_certificate_counts_2024.csv,2026-07-27,https://episcope.eu/fileadmin/tabula/public/docs/scientific/BE_TABULA_ScientificReport_VITO.pdf,Tables 9 and 10 on printed pages 45-48 / PDF pages 56-59; Table 19 on printed pages 85-86 / PDF pages 96-97,2026-07-27,268.8,0.83921323759,20,13.44,0.0419606618795,60.76,4.5024,0.651972027972
Walloon Region,BE_TABULA_24,"Apartment, enclosed",post-2005,24,1727209,0.0156802657383,0.00489095414272,27083.0961056,Statbel 2025 regional T8 dwelling counts by R1-R4 type; R5/R6 retained as an excluded residual; R4 split equally between apartment archetypes,"Statbel Census 2021 HC37 conventional dwellings in residential buildings with 2 or 3+ dwellings, jointly classified by building size and construction period",R1-R3 building-age profiles are applied to the matching dwelling totals; each resulting house-category dwelling retains its whole-house TABULA geometry; national absolute heat-demand and capacity results are conditional on this mapping,2021 conventional dwellings in RES2+RES3+,38681,0.15753954678,"Occupied and unoccupied HC37 conventional dwellings in RES2 and RES3+ are summed, unknown construction periods are excluded, and the exact HC37 2001-2005/2006-2010 split is retained. The resulting age profile is scaled to the regional 2025 T8 R4 dwelling total and then split 50/50 by apartment position.",official_Statbel_type_by_age_profiles_scaled_to_2025_type_totals,"Statbel R4 apartment dwellings are split 50/50 between Apartment, enclosed and Apartment, exposed because apartment position is not identified.",85063,0.0469372147227,100.1,320.3,44.8,0,17.9,0,0,0,0,13.4,0,13.4,0,26.8,TABULA_standard_B_proxy,0.11,11,0.1095,0.1105,10.95,11.05,0.05,reported_share,reported value plus or minus half the printed unit,PEB B,2024-08-20,790073 cumulative certificates for existing dwellings with a pre-May-2010 planning permit,Certificates arise from transactions and audits and describe pre-May-2010 dwellings through 20 August 2024; PEB B supplies a calibration anchor for the TABULA standard physical proxy; the source reports one decimal.,Standard Measures,fixed_TABULA_EPB2010_package,exhaust_air_ventilation,0,False,TABULA states that the EPB2010 upgrade measures are already achieved by the post-2005 class; the same physical values preserve a complete state matrix while post-2005 existing cells are ineligible for medium transitions.,2025,2979.14057162,2965.59902356,2992.68211967,"independence/null assumption: P(state | region, archetype) = P(state | region)",regional marginal calibrated; archetype-state joint distribution unavailable,False,True,VITO EPB2010 standard measures apply through 1991-2005; post-2005 existing cells retain the complete standard calibration state and remain eligible for advanced renovation,0.4,0.3,0.4,2,2.9,6,https://etat.environnement.wallonie.be/contents/indicatorsheets/MEN%2010.html,HTML cumulative-performance pie chart; B count=86782; exact counts archived in data/raw/provenance/wallonia_men10_certificate_counts_2024.csv,2026-07-27,https://episcope.eu/fileadmin/tabula/public/docs/scientific/BE_TABULA_ScientificReport_VITO.pdf,Section 4.2.3 on printed pages 44-46 / PDF pages 55-57; post-2005 applicability on printed page 54 / PDF page 65; service measures on printed pages 49-50 / PDF pages 60-61,2026-07-27,268.8,0.83921323759,20,13.44,0.0419606618795,60.76,4.5024,0.651972027972
Walloon Region,BE_TABULA_24,"Apartment, enclosed",post-2005,24,1727209,0.0156802657383,0.00489095414272,27083.0961056,Statbel 2025 regional T8 dwelling counts by R1-R4 type; R5/R6 retained as an excluded residual; R4 split equally between apartment archetypes,"Statbel Census 2021 HC37 conventional dwellings in residential buildings with 2 or 3+ dwellings, jointly classified by building size and construction period",R1-R3 building-age profiles are applied to the matching dwelling totals; each resulting house-category dwelling retains its whole-house TABULA geometry; national absolute heat-demand and capacity results are conditional on this mapping,2021 conventional dwellings in RES2+RES3+,38681,0.15753954678,"Occupied and unoccupied HC37 conventional dwellings in RES2 and RES3+ are summed, unknown construction periods are excluded, and the exact HC37 2001-2005/2006-2010 split is retained. The resulting age profile is scaled to the regional 2025 T8 R4 dwelling total and then split 50/50 by apartment position.",official_Statbel_type_by_age_profiles_scaled_to_2025_type_totals,"Statbel R4 apartment dwellings are split 50/50 between Apartment, enclosed and Apartment, exposed because apartment position is not identified.",85063,0.0469372147227,100.1,320.3,44.8,0,17.9,0,0,0,0,13.4,0,13.4,0,26.8,TABULA_advanced_A_proxy,0.012,1.2,0.0115,0.0125,1.15,1.25,0.05,reported_share,reported value plus or minus half the printed unit,PEB A/A+/A++,2024-08-20,790073 cumulative certificates for existing dwellings with a pre-May-2010 planning permit,Certificates arise from transactions and audits and describe pre-May-2010 dwellings through 20 August 2024; PEB A-family labels supply a calibration anchor for the TABULA advanced physical proxy; the source reports one decimal.,Advanced Measures,fixed_TABULA_low_energy_package,balanced_mechanical_HRV,0.8,True,TABULA applies the Low Energy package to every dwelling type.,2025,324.997153267,311.455605214,338.53870132,"independence/null assumption: P(state | region, archetype) = P(state | region)",regional marginal calibrated; archetype-state joint distribution unavailable,False,False,VITO EPB2010 standard measures apply through 1991-2005; post-2005 existing cells retain the complete standard calibration state and remain eligible for advanced renovation,0.25,0.15,0.25,1.6,1.6,2.5,https://etat.environnement.wallonie.be/contents/indicatorsheets/MEN%2010.html,HTML cumulative-performance pie chart; A-family count=9391; exact counts archived in data/raw/provenance/wallonia_men10_certificate_counts_2024.csv,2026-07-27,https://episcope.eu/fileadmin/tabula/public/docs/scientific/BE_TABULA_ScientificReport_VITO.pdf,Section 4.2.3 on printed pages 44-46 / PDF pages 55-57; service measures on printed pages 49-50 / PDF pages 60-61,2026-07-27,112,0.349672182329,20,5.6,0.0174836091165,47.355,1.876,0.491818181818
Walloon Region,BE_TABULA_25,"Apartment, exposed",post-2005,25,1727209,0.0156802657383,0.00489095414272,27083.0961056,Statbel 2025 regional T8 dwelling counts by R1-R4 type; R5/R6 retained as an excluded residual; R4 split equally between apartment archetypes,"Statbel Census 2021 HC37 conventional dwellings in residential buildings with 2 or 3+ dwellings, jointly classified by building size and construction period",R1-R3 building-age profiles are applied to the matching dwelling totals; each resulting house-category dwelling retains its whole-house TABULA geometry; national absolute heat-demand and capacity results are conditional on this mapping,2021 conventional dwellings in RES2+RES3+,38681,0.15753954678,"Occupied and unoccupied HC37 conventional dwellings in RES2 and RES3+ are summed, unknown construction periods are excluded, and the exact HC37 2001-2005/2006-2010 split is retained. The resulting age profile is scaled to the regional 2025 T8 R4 dwelling total and then split 50/50 by apartment position.",official_Statbel_type_by_age_profiles_scaled_to_2025_type_totals,"Statbel R4 apartment dwellings are split 50/50 between Apartment, enclosed and Apartment, exposed because apartment position is not identified.",85063,0.0469372147227,100.1,320.3,190.7,100.1,63.7,0,0,0,0,13.4,0,13.4,0,26.8,TABULA_existing,0.878,87.8,0.877,0.879,87.7,87.9,0.1,derived_residual,Existing=1-B-A; lower=1-B_upper-A_upper; upper=1-B_lower-A_lower,residual below PEB B,2024-08-20,790073 cumulative certificates for existing dwellings with a pre-May-2010 planning permit,Certificates arise from transactions and audits and describe pre-May-2010 dwellings through 20 August 2024; the source flags selection and timing effects; the one-decimal A-family and B shares each have a 0.05 percentage-point rounding interval.,Existing State,age_and_type_specific,existing_unspecified,,,Physical parameters are read from each base archetype row.,2025,23778.9583807,23751.8752846,23806.0414768,"independence/null assumption: P(state | region, archetype) = P(state | region)",regional marginal calibrated; archetype-state joint distribution unavailable,False,True,VITO EPB2010 standard measures apply through 1991-2005; post-2005 existing cells retain the complete standard calibration state and remain eligible for advanced renovation,0.4,0.3,0.4,2,2.9,6,https://etat.environnement.wallonie.be/contents/indicatorsheets/MEN%2010.html,HTML cumulative-performance pie chart; exact counts archived in data/raw/provenance/wallonia_men10_certificate_counts_2024.csv,2026-07-27,https://episcope.eu/fileadmin/tabula/public/docs/scientific/BE_TABULA_ScientificReport_VITO.pdf,Tables 9 and 10 on printed pages 45-48 / PDF pages 56-59; Table 19 on printed pages 85-86 / PDF pages 96-97,2026-07-27,1144.2,3.57227599126,20,57.21,0.178613799563,109.11,19.16535,1.28147202797
Walloon Region,BE_TABULA_25,"Apartment, exposed",post-2005,25,1727209,0.0156802657383,0.00489095414272,27083.0961056,Statbel 2025 regional T8 dwelling counts by R1-R4 type; R5/R6 retained as an excluded residual; R4 split equally between apartment archetypes,"Statbel Census 2021 HC37 conventional dwellings in residential buildings with 2 or 3+ dwellings, jointly classified by building size and construction period",R1-R3 building-age profiles are applied to the matching dwelling totals; each resulting house-category dwelling retains its whole-house TABULA geometry; national absolute heat-demand and capacity results are conditional on this mapping,2021 conventional dwellings in RES2+RES3+,38681,0.15753954678,"Occupied and unoccupied HC37 conventional dwellings in RES2 and RES3+ are summed, unknown construction periods are excluded, and the exact HC37 2001-2005/2006-2010 split is retained. The resulting age profile is scaled to the regional 2025 T8 R4 dwelling total and then split 50/50 by apartment position.",official_Statbel_type_by_age_profiles_scaled_to_2025_type_totals,"Statbel R4 apartment dwellings are split 50/50 between Apartment, enclosed and Apartment, exposed because apartment position is not identified.",85063,0.0469372147227,100.1,320.3,190.7,100.1,63.7,0,0,0,0,13.4,0,13.4,0,26.8,TABULA_standard_B_proxy,0.11,11,0.1095,0.1105,10.95,11.05,0.05,reported_share,reported value plus or minus half the printed unit,PEB B,2024-08-20,790073 cumulative certificates for existing dwellings with a pre-May-2010 planning permit,Certificates arise from transactions and audits and describe pre-May-2010 dwellings through 20 August 2024; PEB B supplies a calibration anchor for the TABULA standard physical proxy; the source reports one decimal.,Standard Measures,fixed_TABULA_EPB2010_package,exhaust_air_ventilation,0,False,TABULA states that the EPB2010 upgrade measures are already achieved by the post-2005 class; the same physical values preserve a complete state matrix while post-2005 existing cells are ineligible for medium transitions.,2025,2979.14057162,2965.59902356,2992.68211967,"independence/null assumption: P(state | region, archetype) = P(state | region)",regional marginal calibrated; archetype-state joint distribution unavailable,False,True,VITO EPB2010 standard measures apply through 1991-2005; post-2005 existing cells retain the complete standard calibration state and remain eligible for advanced renovation,0.4,0.3,0.4,2,2.9,6,https://etat.environnement.wallonie.be/contents/indicatorsheets/MEN%2010.html,HTML cumulative-performance pie chart; B count=86782; exact counts archived in data/raw/provenance/wallonia_men10_certificate_counts_2024.csv,2026-07-27,https://episcope.eu/fileadmin/tabula/public/docs/scientific/BE_TABULA_ScientificReport_VITO.pdf,Section 4.2.3 on printed pages 44-46 / PDF pages 55-57; post-2005 applicability on printed page 54 / PDF page 65; service measures on printed pages 49-50 / PDF pages 60-61,2026-07-27,1144.2,3.57227599126,20,57.21,0.178613799563,109.11,19.16535,1.28147202797
Walloon Region,BE_TABULA_25,"Apartment, exposed",post-2005,25,1727209,0.0156802657383,0.00489095414272,27083.0961056,Statbel 2025 regional T8 dwelling counts by R1-R4 type; R5/R6 retained as an excluded residual; R4 split equally between apartment archetypes,"Statbel Census 2021 HC37 conventional dwellings in residential buildings with 2 or 3+ dwellings, jointly classified by building size and construction period",R1-R3 building-age profiles are applied to the matching dwelling totals; each resulting house-category dwelling retains its whole-house TABULA geometry; national absolute heat-demand and capacity results are conditional on this mapping,2021 conventional dwellings in RES2+RES3+,38681,0.15753954678,"Occupied and unoccupied HC37 conventional dwellings in RES2 and RES3+ are summed, unknown construction periods are excluded, and the exact HC37 2001-2005/2006-2010 split is retained. The resulting age profile is scaled to the regional 2025 T8 R4 dwelling total and then split 50/50 by apartment position.",official_Statbel_type_by_age_profiles_scaled_to_2025_type_totals,"Statbel R4 apartment dwellings are split 50/50 between Apartment, enclosed and Apartment, exposed because apartment position is not identified.",85063,0.0469372147227,100.1,320.3,190.7,100.1,63.7,0,0,0,0,13.4,0,13.4,0,26.8,TABULA_advanced_A_proxy,0.012,1.2,0.0115,0.0125,1.15,1.25,0.05,reported_share,reported value plus or minus half the printed unit,PEB A/A+/A++,2024-08-20,790073 cumulative certificates for existing dwellings with a pre-May-2010 planning permit,Certificates arise from transactions and audits and describe pre-May-2010 dwellings through 20 August 2024; PEB A-family labels supply a calibration anchor for the TABULA advanced physical proxy; the source reports one decimal.,Advanced Measures,fixed_TABULA_low_energy_package,balanced_mechanical_HRV,0.8,True,TABULA applies the Low Energy package to every dwelling type.,2025,324.997153267,311.455605214,338.53870132,"independence/null assumption: P(state | region, archetype) = P(state | region)",regional marginal calibrated; archetype-state joint distribution unavailable,False,False,VITO EPB2010 standard measures apply through 1991-2005; post-2005 existing cells retain the complete standard calibration state and remain eligible for advanced renovation,0.25,0.15,0.25,1.6,1.6,2.5,https://etat.environnement.wallonie.be/contents/indicatorsheets/MEN%2010.html,HTML cumulative-performance pie chart; A-family count=9391; exact counts archived in data/raw/provenance/wallonia_men10_certificate_counts_2024.csv,2026-07-27,https://episcope.eu/fileadmin/tabula/public/docs/scientific/BE_TABULA_ScientificReport_VITO.pdf,Section 4.2.3 on printed pages 44-46 / PDF pages 55-57; service measures on printed pages 49-50 / PDF pages 60-61,2026-07-27,476.75,1.48844832969,20,23.8375,0.0744224164845,73.82,7.9855625,0.817238386613
Brussels-Capital Region,BE_TABULA_01,Detached house,pre-1946,1,566042,0.00349491467621,0.000357256808611,1978.26849315,Statbel 2025 regional T8 dwelling counts by R1-R4 type; R5/R6 retained as an excluded residual; R4 split equally between apartment archetypes,Statbel 2025 cadastral T3.* building counts jointly classified by R1-R3 building type and construction period,R1-R3 building-age profiles are applied to the matching dwelling totals; each resulting house-category dwelling retains its whole-house TABULA geometry; national absolute heat-demand and capacity results are conditional on this mapping,2025 cadastral buildings,1861,0.318664383562,Known-period T3.* building counts are rebinned to TABULA periods; the 1982-1991 and 2002-2011 source bins are allocated uniformly across years at the 1990 and 2005 TABULA cut-offs. The resulting age profile is scaled to the region/type 2025 T8 dwelling total.,official_Statbel_type_by_age_profiles_scaled_to_2025_type_totals,,43108,0.0707674628581,279,766,599.2,158.4,228.9,26.9,87.3,47,9.5,10.8,9.3,12.2,8.9,41.2,TABULA_existing,0.9283,92.83,0.9282,0.9284,92.82,92.84,0.01,derived_residual,Existing=1-B-A; lower=1-B_upper-A_upper; upper=1-B_lower-A_lower,residual below PEB B,2025-01-01,406785 residential PEB certificates established through 2025-01-01 including existing and new dwellings and expired certificates,The certificate set includes existing and new dwellings and expired certificates through 1 January 2025; transaction timing and conservative conventional inputs affect the distribution; the two-decimal A and B shares each have a 0.005 percentage-point rounding interval.,Existing State,age_and_type_specific,existing_unspecified,,,Physical parameters are read from each base archetype row.,2025,1836.42664219,1836.22881534,1836.62446904,"independence/null assumption: P(state | region, archetype) = P(state | region)",regional marginal calibrated; archetype-state joint distribution unavailable,True,True,VITO EPB2010 standard measures apply through 1991-2005; post-2005 existing cells retain the complete standard calibration state and remain eligible for advanced renovation,2.2,1.7,0.85,5,4,18,https://document.environnement.brussels/opac_css/elecfile/Statistiques_certificatsPEB_residentiel_donnees_2024.pdf,Brussels Environment residential PEB statistics 2024 PDF page 8,2026-07-27,https://episcope.eu/fileadmin/tabula/public/docs/scientific/BE_TABULA_ScientificReport_VITO.pdf,Tables 9 and 10 on printed pages 45-48 / PDF pages 56-59; Table 19 on printed pages 85-86 / PDF pages 96-97,2026-07-27,10785.6,14.0804177546,20,539.28,0.704020887728,1190.195,180.6588,4.91345448029
Brussels-Capital Region,BE_TABULA_01,Detached house,pre-1946,1,566042,0.00349491467621,0.000357256808611,1978.26849315,Statbel 2025 regional T8 dwelling counts by R1-R4 type; R5/R6 retained as an excluded residual; R4 split equally between apartment archetypes,Statbel 2025 cadastral T3.* building counts jointly classified by R1-R3 building type and construction period,R1-R3 building-age profiles are applied to the matching dwelling totals; each resulting house-category dwelling retains its whole-house TABULA geometry; national absolute heat-demand and capacity results are conditional on this mapping,2025 cadastral buildings,1861,0.318664383562,Known-period T3.* building counts are rebinned to TABULA periods; the 1982-1991 and 2002-2011 source bins are allocated uniformly across years at the 1990 and 2005 TABULA cut-offs. The resulting age profile is scaled to the region/type 2025 T8 dwelling total.,official_Statbel_type_by_age_profiles_scaled_to_2025_type_totals,,43108,0.0707674628581,279,766,599.2,158.4,228.9,26.9,87.3,47,9.5,10.8,9.3,12.2,8.9,41.2,TABULA_standard_B_proxy,0.0562,5.62,0.05615,0.05625,5.615,5.625,0.005,reported_share,reported value plus or minus half the printed unit,PEB B family,2025-01-01,406785 residential PEB certificates established through 2025-01-01 including existing and new dwellings and expired certificates,The certificate set includes existing and new dwellings and expired certificates through 1 January 2025; transaction timing and conservative conventional inputs affect the distribution; the B family supplies a calibration anchor for the TABULA standard physical proxy.,Standard Measures,fixed_TABULA_EPB2010_package,exhaust_air_ventilation,0,False,TABULA states that the EPB2010 upgrade measures are already achieved by the post-2005 class; the same physical values preserve a complete state matrix while post-2005 existing cells are ineligible for medium transitions.,2025,111.178689315,111.07977589,111.27760274,"independence/null assumption: P(state | region, archetype) = P(state | region)",regional marginal calibrated; archetype-state joint distribution unavailable,False,True,VITO EPB2010 standard measures apply through 1991-2005; post-2005 existing cells retain the complete standard calibration state and remain eligible for advanced renovation,0.4,0.3,0.4,2,2.9,6,https://document.environnement.brussels/opac_css/elecfile/Statistiques_certificatsPEB_residentiel_donnees_2024.pdf,Brussels Environment residential PEB statistics 2024 PDF page 8,2026-07-27,https://episcope.eu/fileadmin/tabula/public/docs/scientific/BE_TABULA_ScientificReport_VITO.pdf,Section 4.2.3 on printed pages 44-46 / PDF pages 55-57; post-2005 applicability on printed page 54 / PDF page 65; service measures on printed pages 49-50 / PDF pages 60-61,2026-07-27,3595.2,4.69347258486,20,179.76,0.234673629243,313.51,60.2196,1.33953261649
Brussels-Capital Region,BE_TABULA_01,Detached house,pre-1946,1,566042,0.00349491467621,0.000357256808611,1978.26849315,Statbel 2025 regional T8 dwelling counts by R1-R4 type; R5/R6 retained as an excluded residual; R4 split equally between apartment archetypes,Statbel 2025 cadastral T3.* building counts jointly classified by R1-R3 building type and construction period,R1-R3 building-age profiles are applied to the matching dwelling totals; each resulting house-category dwelling retains its whole-house TABULA geometry; national absolute heat-demand and capacity results are conditional on this mapping,2025 cadastral buildings,1861,0.318664383562,Known-period T3.* building counts are rebinned to TABULA periods; the 1982-1991 and 2002-2011 source bins are allocated uniformly across years at the 1990 and 2005 TABULA cut-offs. The resulting age profile is scaled to the region/type 2025 T8 dwelling total.,official_Statbel_type_by_age_profiles_scaled_to_2025_type_totals,,43108,0.0707674628581,279,766,599.2,158.4,228.9,26.9,87.3,47,9.5,10.8,9.3,12.2,8.9,41.2,TABULA_advanced_A_proxy,0.0155,1.55,0.01545,0.01555,1.545,1.555,0.005,reported_share,reported value plus or minus half the printed unit,PEB A family including A-/A/A+/A++,2025-01-01,406785 residential PEB certificates established through 2025-01-01 including existing and new dwellings and expired certificates,The certificate set includes existing and new dwellings and expired certificates through 1 January 2025; transaction timing and conservative conventional inputs affect the distribution; the A family supplies a calibration anchor for the TABULA advanced physical proxy.,Advanced Measures,fixed_TABULA_low_energy_package,balanced_mechanical_HRV,0.8,True,TABULA applies the Low Energy package to every dwelling type.,2025,30.6631616438,30.5642482192,30.7620750685,"independence/null assumption: P(state | region, archetype) = P(state | region)",regional marginal calibrated; archetype-state joint distribution unavailable,False,False,VITO EPB2010 standard measures apply through 1991-2005; post-2005 existing cells retain the complete standard calibration state and remain eligible for advanced renovation,0.25,0.15,0.25,1.6,1.6,2.5,https://document.environnement.brussels/opac_css/elecfile/Statistiques_certificatsPEB_residentiel_donnees_2024.pdf,Brussels Environment residential PEB statistics 2024 PDF page 8,2026-07-27,https://episcope.eu/fileadmin/tabula/public/docs/scientific/BE_TABULA_ScientificReport_VITO.pdf,Section 4.2.3 on printed pages 44-46 / PDF pages 55-57; service measures on printed pages 49-50 / PDF pages 60-61,2026-07-27,1498,1.95561357702,20,74.9,0.0977806788512,202.405,25.0915,0.815399641577
Brussels-Capital Region,BE_TABULA_02,Semi-detached house,pre-1946,2,566042,0.0117468526457,0.00120078556309,6649.21196526,Statbel 2025 regional T8 dwelling counts by R1-R4 type; R5/R6 retained as an excluded residual; R4 split equally between apartment archetypes,Statbel 2025 cadastral T3.* building counts jointly classified by R1-R3 building type and construction period,R1-R3 building-age profiles are applied to the matching dwelling totals; each resulting house-category dwelling retains its whole-house TABULA geometry; national absolute heat-demand and capacity results are conditional on this mapping,2025 cadastral buildings,6000,0.385976198134,Known-period T3.* building counts are rebinned to TABULA periods; the 1982-1991 and 2002-2011 source bins are allocated uniformly across years at the 1990 and 2005 TABULA cut-offs. The resulting age profile is scaled to the region/type 2025 T8 dwelling total.,official_Statbel_type_by_age_profiles_scaled_to_2025_type_totals,,43108,0.0707674628581,237,651.8,447.1,119.9,158.2,27.2,61.9,40.6,9.5,7.5,7.3,7.6,7.4,29.8,TABULA_existing,0.9283,92.83,0.9282,0.9284,92.82,92.84,0.01,derived_residual,Existing=1-B-A; lower=1-B_upper-A_upper; upper=1-B_lower-A_lower,residual below PEB B,2025-01-01,406785 residential PEB certificates established through 2025-01-01 including existing and new dwellings and expired certificates,The certificate set includes existing and new dwellings and expired certificates through 1 January 2025; transaction timing and conservative conventional inputs affect the distribution; the two-decimal A and B shares each have a 0.005 percentage-point rounding interval.,Existing State,age_and_type_specific,existing_unspecified,,,Physical parameters are read from each base archetype row.,2025,6172.46346735,6171.79854616,6173.12838855,"independence/null assumption: P(state | region, archetype) = P(state | region)",regional marginal calibrated; archetype-state joint distribution unavailable,True,True,VITO EPB2010 standard measures apply through 1991-2005; post-2005 existing cells retain the complete standard calibration state and remain eligible for advanced renovation,2.2,1.7,0.85,5,4,18,https://document.environnement.brussels/opac_css/elecfile/Statistiques_certificatsPEB_residentiel_donnees_2024.pdf,Brussels Environment residential PEB statistics 2024 PDF page 8,2026-07-27,https://episcope.eu/fileadmin/tabula/public/docs/scientific/BE_TABULA_ScientificReport_VITO.pdf,Tables 9 and 10 on printed pages 45-48 / PDF pages 56-59; Table 19 on printed pages 85-86 / PDF pages 96-97,2026-07-27,8047.8,12.347038969,20,402.39,0.61735194845,885.835,134.80065,4.30647953586
Brussels-Capital Region,BE_TABULA_02,Semi-detached house,pre-1946,2,566042,0.0117468526457,0.00120078556309,6649.21196526,Statbel 2025 regional T8 dwelling counts by R1-R4 type; R5/R6 retained as an excluded residual; R4 split equally between apartment archetypes,Statbel 2025 cadastral T3.* building counts jointly classified by R1-R3 building type and construction period,R1-R3 building-age profiles are applied to the matching dwelling totals; each resulting house-category dwelling retains its whole-house TABULA geometry; national absolute heat-demand and capacity results are conditional on this mapping,2025 cadastral buildings,6000,0.385976198134,Known-period T3.* building counts are rebinned to TABULA periods; the 1982-1991 and 2002-2011 source bins are allocated uniformly across years at the 1990 and 2005 TABULA cut-offs. The resulting age profile is scaled to the region/type 2025 T8 dwelling total.,official_Statbel_type_by_age_profiles_scaled_to_2025_type_totals,,43108,0.0707674628581,237,651.8,447.1,119.9,158.2,27.2,61.9,40.6,9.5,7.5,7.3,7.6,7.4,29.8,TABULA_standard_B_proxy,0.0562,5.62,0.05615,0.05625,5.615,5.625,0.005,reported_share,reported value plus or minus half the printed unit,PEB B family,2025-01-01,406785 residential PEB certificates established through 2025-01-01 including existing and new dwellings and expired certificates,The certificate set includes existing and new dwellings and expired certificates through 1 January 2025; transaction timing and conservative conventional inputs affect the distribution; the B family supplies a calibration anchor for the TABULA standard physical proxy.,Standard Measures,fixed_TABULA_EPB2010_package,exhaust_air_ventilation,0,False,TABULA states that the EPB2010 upgrade measures are already achieved by the post-2005 class; the same physical values preserve a complete state matrix while post-2005 existing cells are ineligible for medium transitions.,2025,373.685712448,373.353251849,374.018173046,"independence/null assumption: P(state | region, archetype) = P(state | region)",regional marginal calibrated; archetype-state joint distribution unavailable,False,True,VITO EPB2010 standard measures apply through 1991-2005; post-2005 existing cells retain the complete standard calibration state and remain eligible for advanced renovation,0.4,0.3,0.4,2,2.9,6,https://document.environnement.brussels/opac_css/elecfile/Statistiques_certificatsPEB_residentiel_donnees_2024.pdf,Brussels Environment residential PEB statistics 2024 PDF page 8,2026-07-27,https://episcope.eu/fileadmin/tabula/public/docs/scientific/BE_TABULA_ScientificReport_VITO.pdf,Section 4.2.3 on printed pages 44-46 / PDF pages 55-57; post-2005 applicability on printed page 54 / PDF page 65; service measures on printed pages 49-50 / PDF pages 60-61,2026-07-27,2682.6,4.11567965634,20,134.13,0.205783982817,238.28,44.93355,1.19499388186
Brussels-Capital Region,BE_TABULA_02,Semi-detached house,pre-1946,2,566042,0.0117468526457,0.00120078556309,6649.21196526,Statbel 2025 regional T8 dwelling counts by R1-R4 type; R5/R6 retained as an excluded residual; R4 split equally between apartment archetypes,Statbel 2025 cadastral T3.* building counts jointly classified by R1-R3 building type and construction period,R1-R3 building-age profiles are applied to the matching dwelling totals; each resulting house-category dwelling retains its whole-house TABULA geometry; national absolute heat-demand and capacity results are conditional on this mapping,2025 cadastral buildings,6000,0.385976198134,Known-period T3.* building counts are rebinned to TABULA periods; the 1982-1991 and 2002-2011 source bins are allocated uniformly across years at the 1990 and 2005 TABULA cut-offs. The resulting age profile is scaled to the region/type 2025 T8 dwelling total.,official_Statbel_type_by_age_profiles_scaled_to_2025_type_totals,,43108,0.0707674628581,237,651.8,447.1,119.9,158.2,27.2,61.9,40.6,9.5,7.5,7.3,7.6,7.4,29.8,TABULA_advanced_A_proxy,0.0155,1.55,0.01545,0.01555,1.545,1.555,0.005,reported_share,reported value plus or minus half the printed unit,PEB A family including A-/A/A+/A++,2025-01-01,406785 residential PEB certificates established through 2025-01-01 including existing and new dwellings and expired certificates,The certificate set includes existing and new dwellings and expired certificates through 1 January 2025; transaction timing and conservative conventional inputs affect the distribution; the A family supplies a calibration anchor for the TABULA advanced physical proxy.,Advanced Measures,fixed_TABULA_low_energy_package,balanced_mechanical_HRV,0.8,True,TABULA applies the Low Energy package to every dwelling type.,2025,103.062785462,102.730324863,103.39524606,"independence/null assumption: P(state | region, archetype) = P(state | region)",regional marginal calibrated; archetype-state joint distribution unavailable,False,False,VITO EPB2010 standard measures apply through 1991-2005; post-2005 existing cells retain the complete standard calibration state and remain eligible for advanced renovation,0.25,0.15,0.25,1.6,1.6,2.5,https://document.environnement.brussels/opac_css/elecfile/Statistiques_certificatsPEB_residentiel_donnees_2024.pdf,Brussels Environment residential PEB statistics 2024 PDF page 8,2026-07-27,https://episcope.eu/fileadmin/tabula/public/docs/scientific/BE_TABULA_ScientificReport_VITO.pdf,Section 4.2.3 on printed pages 44-46 / PDF pages 55-57; service measures on printed pages 49-50 / PDF pages 60-61,2026-07-27,1117.75,1.71486652347,20,55.8875,0.0857433261737,152.84,18.7223125,0.723891613924
Brussels-Capital Region,BE_TABULA_03,Terraced house,pre-1946,3,566042,0.23792641389,0.0243212894121,134676.343171,Statbel 2025 regional T8 dwelling counts by R1-R4 type; R5/R6 retained as an excluded residual; R4 split equally between apartment archetypes,Statbel 2025 cadastral T3.* building counts jointly classified by R1-R3 building type and construction period,R1-R3 building-age profiles are applied to the matching dwelling totals; each resulting house-category dwelling retains its whole-house TABULA geometry; national absolute heat-demand and capacity results are conditional on this mapping,2025 cadastral buildings,78335,0.760762948072,Known-period T3.* building counts are rebinned to TABULA periods; the 1982-1991 and 2002-2011 source bins are allocated uniformly across years at the 1990 and 2005 TABULA cut-offs. The resulting age profile is scaled to the region/type 2025 T8 dwelling total.,official_Statbel_type_by_age_profiles_scaled_to_2025_type_totals,,43108,0.0707674628581,225.9,621.3,323,90,92,24.3,41.4,34.3,9.5,8.4,7.9,8.1,7.1,31.5,TABULA_existing,0.9283,92.83,0.9282,0.9284,92.82,92.84,0.01,derived_residual,Existing=1-B-A; lower=1-B_upper-A_upper; upper=1-B_lower-A_lower,residual below PEB B,2025-01-01,406785 residential PEB certificates established through 2025-01-01 including existing and new dwellings and expired certificates,The certificate set includes existing and new dwellings and expired certificates through 1 January 2025; transaction timing and conservative conventional inputs affect the distribution; the two-decimal A and B shares each have a 0.005 percentage-point rounding interval.,Existing State,age_and_type_specific,existing_unspecified,,,Physical parameters are read from each base archetype row.,2025,125020.049366,125006.581732,125033.517,"independence/null assumption: P(state | region, archetype) = P(state | region)",regional marginal calibrated; archetype-state joint distribution unavailable,True,True,VITO EPB2010 standard measures apply through 1991-2005; post-2005 existing cells retain the complete standard calibration state and remain eligible for advanced renovation,2.2,1.7,0.85,5,4,14.9,https://document.environnement.brussels/opac_css/elecfile/Statistiques_certificatsPEB_residentiel_donnees_2024.pdf,Brussels Environment residential PEB statistics 2024 PDF page 8,2026-07-27,https://episcope.eu/fileadmin/tabula/public/docs/scientific/BE_TABULA_ScientificReport_VITO.pdf,Tables 9 and 10 on printed pages 45-48 / PDF pages 56-59; Table 19 on printed pages 85-86 / PDF pages 96-97,2026-07-27,4812.7,7.74617737003,20,240.635,0.387308868502,668.705,80.612725,3.31703286853
Brussels-Capital Region,BE_TABULA_03,Terraced house,pre-1946,3,566042,0.23792641389,0.0243212894121,134676.343171,Statbel 2025 regional T8 dwelling counts by R1-R4 type; R5/R6 retained as an excluded residual; R4 split equally between apartment archetypes,Statbel 2025 cadastral T3.* building counts jointly classified by R1-R3 building type and construction period,R1-R3 building-age profiles are applied to the matching dwelling totals; each resulting house-category dwelling retains its whole-house TABULA geometry; national absolute heat-demand and capacity results are conditional on this mapping,2025 cadastral buildings,78335,0.760762948072,Known-period T3.* building counts are rebinned to TABULA periods; the 1982-1991 and 2002-2011 source bins are allocated uniformly across years at the 1990 and 2005 TABULA cut-offs. The resulting age profile is scaled to the region/type 2025 T8 dwelling total.,official_Statbel_type_by_age_profiles_scaled_to_2025_type_totals,,43108,0.0707674628581,225.9,621.3,323,90,92,24.3,41.4,34.3,9.5,8.4,7.9,8.1,7.1,31.5,TABULA_standard_B_proxy,0.0562,5.62,0.05615,0.05625,5.615,5.625,0.005,reported_share,reported value plus or minus half the printed unit,PEB B family,2025-01-01,406785 residential PEB certificates established through 2025-01-01 including existing and new dwellings and expired certificates,The certificate set includes existing and new dwellings and expired certificates through 1 January 2025; transaction timing and conservative conventional inputs affect the distribution; the B family supplies a calibration anchor for the TABULA standard physical proxy.,Standard Measures,fixed_TABULA_EPB2010_package,exhaust_air_ventilation,0,False,TABULA states that the EPB2010 upgrade measures are already achieved by the post-2005 class; the same physical values preserve a complete state matrix while post-2005 existing cells are ineligible for medium transitions.,2025,7568.81048622,7562.07666907,7575.54430338,"independence/null assumption: P(state | region, archetype) = P(state | region)",regional marginal calibrated; archetype-state joint distribution unavailable,False,True,VITO EPB2010 standard measures apply through 1991-2005; post-2005 existing cells retain the complete standard calibration state and remain eligible for advanced renovation,0.4,0.3,0.4,2,2.9,6,https://document.environnement.brussels/opac_css/elecfile/Statistiques_certificatsPEB_residentiel_donnees_2024.pdf,Brussels Environment residential PEB statistics 2024 PDF page 8,2026-07-27,https://episcope.eu/fileadmin/tabula/public/docs/scientific/BE_TABULA_ScientificReport_VITO.pdf,Section 4.2.3 on printed pages 44-46 / PDF pages 55-57; post-2005 applicability on printed page 54 / PDF page 65; service measures on printed pages 49-50 / PDF pages 60-61,2026-07-27,1938,3.11926605505,20,96.9,0.155963302752,194.35,32.4615,1.00403497123
Brussels-Capital Region,BE_TABULA_03,Terraced house,pre-1946,3,566042,0.23792641389,0.0243212894121,134676.343171,Statbel 2025 regional T8 dwelling counts by R1-R4 type; R5/R6 retained as an excluded residual; R4 split equally between apartment archetypes,Statbel 2025 cadastral T3.* building counts jointly classified by R1-R3 building type and construction period,R1-R3 building-age profiles are applied to the matching dwelling totals; each resulting house-category dwelling retains its whole-house TABULA geometry; national absolute heat-demand and capacity results are conditional on this mapping,2025 cadastral buildings,78335,0.760762948072,Known-period T3.* building counts are rebinned to TABULA periods; the 1982-1991 and 2002-2011 source bins are allocated uniformly across years at the 1990 and 2005 TABULA cut-offs. The resulting age profile is scaled to the region/type 2025 T8 dwelling total.,official_Statbel_type_by_age_profiles_scaled_to_2025_type_totals,,43108,0.0707674628581,225.9,621.3,323,90,92,24.3,41.4,34.3,9.5,8.4,7.9,8.1,7.1,31.5,TABULA_advanced_A_proxy,0.0155,1.55,0.01545,0.01555,1.545,1.555,0.005,reported_share,reported value plus or minus half the printed unit,PEB A family including A-/A/A+/A++,2025-01-01,406785 residential PEB certificates established through 2025-01-01 including existing and new dwellings and expired certificates,The certificate set includes existing and new dwellings and expired certificates through 1 January 2025; transaction timing and conservative conventional inputs affect the distribution; the A family supplies a calibration anchor for the TABULA advanced physical proxy.,Advanced Measures,fixed_TABULA_low_energy_package,balanced_mechanical_HRV,0.8,True,TABULA applies the Low Energy package to every dwelling type.,2025,2087.48331915,2080.749502,2094.21713631,"independence/null assumption: P(state | region, archetype) = P(state | region)",regional marginal calibrated; archetype-state joint distribution unavailable,False,False,VITO EPB2010 standard measures apply through 1991-2005; post-2005 existing cells retain the complete standard calibration state and remain eligible for advanced renovation,0.25,0.15,0.25,1.6,1.6,2.5,https://document.environnement.brussels/opac_css/elecfile/Statistiques_certificatsPEB_residentiel_donnees_2024.pdf,Brussels Environment residential PEB statistics 2024 PDF page 8,2026-07-27,https://episcope.eu/fileadmin/tabula/public/docs/scientific/BE_TABULA_ScientificReport_VITO.pdf,Section 4.2.3 on printed pages 44-46 / PDF pages 55-57; service measures on printed pages 49-50 / PDF pages 60-61,2026-07-27,807.5,1.2996941896,20,40.375,0.0649847094801,127.1,13.525625,0.62251272687
Brussels-Capital Region,BE_TABULA_04,"Apartment, enclosed",pre-1946,4,566042,0.153905222167,0.0157324837926,87116.8197657,Statbel 2025 regional T8 dwelling counts by R1-R4 type; R5/R6 retained as an excluded residual; R4 split equally between apartment archetypes,"Statbel Census 2021 HC37 conventional dwellings in residential buildings with 2 or 3+ dwellings, jointly classified by building size and construction period",R1-R3 building-age profiles are applied to the matching dwelling totals; each resulting house-category dwelling retains its whole-house TABULA geometry; national absolute heat-demand and capacity results are conditional on this mapping,2021 conventional dwellings in RES2+RES3+,126212.5,0.476596411532,"Occupied and unoccupied HC37 conventional dwellings in RES2 and RES3+ are summed, unknown construction periods are excluded, and the exact HC37 2001-2005/2006-2010 split is retained. The resulting age profile is scaled to the regional 2025 T8 R4 dwelling total and then split 50/50 by apartment position.",official_Statbel_type_by_age_profiles_scaled_to_2025_type_totals,"Statbel R4 apartment dwellings are split 50/50 between Apartment, enclosed and Apartment, exposed because apartment position is not identified.",43108,0.0707674628581,100.1,320.3,44.8,0,17.9,0,0,0,0,13.4,0,13.4,0,26.8,TABULA_existing,0.9283,92.83,0.9282,0.9284,92.82,92.84,0.01,derived_residual,Existing=1-B-A; lower=1-B_upper-A_upper; upper=1-B_lower-A_lower,residual below PEB B,2025-01-01,406785 residential PEB certificates established through 2025-01-01 including existing and new dwellings and expired certificates,The certificate set includes existing and new dwellings and expired certificates through 1 January 2025; transaction timing and conservative conventional inputs affect the distribution; the two-decimal A and B shares each have a 0.005 percentage-point rounding interval.,Existing State,age_and_type_specific,existing_unspecified,,,Physical parameters are read from each base archetype row.,2025,80870.5437885,80861.8321065,80879.2554704,"independence/null assumption: P(state | region, archetype) = P(state | region)",regional marginal calibrated; archetype-state joint distribution unavailable,True,True,VITO EPB2010 standard measures apply through 1991-2005; post-2005 existing cells retain the complete standard calibration state and remain eligible for advanced renovation,2.2,1.7,0.85,5,4,14.9,https://document.environnement.brussels/opac_css/elecfile/Statistiques_certificatsPEB_residentiel_donnees_2024.pdf,Brussels Environment residential PEB statistics 2024 PDF page 8,2026-07-27,https://episcope.eu/fileadmin/tabula/public/docs/scientific/BE_TABULA_ScientificReport_VITO.pdf,Tables 9 and 10 on printed pages 45-48 / PDF pages 56-59; Table 19 on printed pages 85-86 / PDF pages 96-97,2026-07-27,667.52,2.08404620668,20,33.376,0.104202310334,173.38,11.18096,1.84376583417
Brussels-Capital Region,BE_TABULA_04,"Apartment, enclosed",pre-1946,4,566042,0.153905222167,0.0157324837926,87116.8197657,Statbel 2025 regional T8 dwelling counts by R1-R4 type; R5/R6 retained as an excluded residual; R4 split equally between apartment archetypes,"Statbel Census 2021 HC37 conventional dwellings in residential buildings with 2 or 3+ dwellings, jointly classified by building size and construction period",R1-R3 building-age profiles are applied to the matching dwelling totals; each resulting house-category dwelling retains its whole-house TABULA geometry; national absolute heat-demand and capacity results are conditional on this mapping,2021 conventional dwellings in RES2+RES3+,126212.5,0.476596411532,"Occupied and unoccupied HC37 conventional dwellings in RES2 and RES3+ are summed, unknown construction periods are excluded, and the exact HC37 2001-2005/2006-2010 split is retained. The resulting age profile is scaled to the regional 2025 T8 R4 dwelling total and then split 50/50 by apartment position.",official_Statbel_type_by_age_profiles_scaled_to_2025_type_totals,"Statbel R4 apartment dwellings are split 50/50 between Apartment, enclosed and Apartment, exposed because apartment position is not identified.",43108,0.0707674628581,100.1,320.3,44.8,0,17.9,0,0,0,0,13.4,0,13.4,0,26.8,TABULA_standard_B_proxy,0.0562,5.62,0.05615,0.05625,5.615,5.625,0.005,reported_share,reported value plus or minus half the printed unit,PEB B family,2025-01-01,406785 residential PEB certificates established through 2025-01-01 including existing and new dwellings and expired certificates,The certificate set includes existing and new dwellings and expired certificates through 1 January 2025; transaction timing and conservative conventional inputs affect the distribution; the B family supplies a calibration anchor for the TABULA standard physical proxy.,Standard Measures,fixed_TABULA_EPB2010_package,exhaust_air_ventilation,0,False,TABULA states that the EPB2010 upgrade measures are already achieved by the post-2005 class; the same physical values preserve a complete state matrix while post-2005 existing cells are ineligible for medium transitions.,2025,4895.96527083,4891.60942984,4900.32111182,"independence/null assumption: P(state | region, archetype) = P(state | region)",regional marginal calibrated; archetype-state joint distribution unavailable,False,True,VITO EPB2010 standard measures apply through 1991-2005; post-2005 existing cells retain the complete standard calibration state and remain eligible for advanced renovation,0.4,0.3,0.4,2,2.9,6,https://document.environnement.brussels/opac_css/elecfile/Statistiques_certificatsPEB_residentiel_donnees_2024.pdf,Brussels Environment residential PEB statistics 2024 PDF page 8,2026-07-27,https://episcope.eu/fileadmin/tabula/public/docs/scientific/BE_TABULA_ScientificReport_VITO.pdf,Section 4.2.3 on printed pages 44-46 / PDF pages 55-57; post-2005 applicability on printed page 54 / PDF page 65; service measures on printed pages 49-50 / PDF pages 60-61,2026-07-27,268.8,0.83921323759,20,13.44,0.0419606618795,60.76,4.5024,0.651972027972
Brussels-Capital Region,BE_TABULA_04,"Apartment, enclosed",pre-1946,4,566042,0.153905222167,0.0157324837926,87116.8197657,Statbel 2025 regional T8 dwelling counts by R1-R4 type; R5/R6 retained as an excluded residual; R4 split equally between apartment archetypes,"Statbel Census 2021 HC37 conventional dwellings in residential buildings with 2 or 3+ dwellings, jointly classified by building size and construction period",R1-R3 building-age profiles are applied to the matching dwelling totals; each resulting house-category dwelling retains its whole-house TABULA geometry; national absolute heat-demand and capacity results are conditional on this mapping,2021 conventional dwellings in RES2+RES3+,126212.5,0.476596411532,"Occupied and unoccupied HC37 conventional dwellings in RES2 and RES3+ are summed, unknown construction periods are excluded, and the exact HC37 2001-2005/2006-2010 split is retained. The resulting age profile is scaled to the regional 2025 T8 R4 dwelling total and then split 50/50 by apartment position.",official_Statbel_type_by_age_profiles_scaled_to_2025_type_totals,"Statbel R4 apartment dwellings are split 50/50 between Apartment, enclosed and Apartment, exposed because apartment position is not identified.",43108,0.0707674628581,100.1,320.3,44.8,0,17.9,0,0,0,0,13.4,0,13.4,0,26.8,TABULA_advanced_A_proxy,0.0155,1.55,0.01545,0.01555,1.545,1.555,0.005,reported_share,reported value plus or minus half the printed unit,PEB A family including A-/A/A+/A++,2025-01-01,406785 residential PEB certificates established through 2025-01-01 including existing and new dwellings and expired certificates,The certificate set includes existing and new dwellings and expired certificates through 1 January 2025; transaction timing and conservative conventional inputs affect the distribution; the A family supplies a calibration anchor for the TABULA advanced physical proxy.,Advanced Measures,fixed_TABULA_low_energy_package,balanced_mechanical_HRV,0.8,True,TABULA applies the Low Energy package to every dwelling type.,2025,1350.31070637,1345.95486538,1354.66654736,"independence/null assumption: P(state | region, archetype) = P(state | region)",regional marginal calibrated; archetype-state joint distribution unavailable,False,False,VITO EPB2010 standard measures apply through 1991-2005; post-2005 existing cells retain the complete standard calibration state and remain eligible for advanced renovation,0.25,0.15,0.25,1.6,1.6,2.5,https://document.environnement.brussels/opac_css/elecfile/Statistiques_certificatsPEB_residentiel_donnees_2024.pdf,Brussels Environment residential PEB statistics 2024 PDF page 8,2026-07-27,https://episcope.eu/fileadmin/tabula/public/docs/scientific/BE_TABULA_ScientificReport_VITO.pdf,Section 4.2.3 on printed pages 44-46 / PDF pages 55-57; service measures on printed pages 49-50 / PDF pages 60-61,2026-07-27,112,0.349672182329,20,5.6,0.0174836091165,47.355,1.876,0.491818181818
Brussels-Capital Region,BE_TABULA_05,"Apartment, exposed",pre-1946,5,566042,0.153905222167,0.0157324837926,87116.8197657,Statbel 2025 regional T8 dwelling counts by R1-R4 type; R5/R6 retained as an excluded residual; R4 split equally between apartment archetypes,"Statbel Census 2021 HC37 conventional dwellings in residential buildings with 2 or 3+ dwellings, jointly classified by building size and construction period",R1-R3 building-age profiles are applied to the matching dwelling totals; each resulting house-category dwelling retains its whole-house TABULA geometry; national absolute heat-demand and capacity results are conditional on this mapping,2021 conventional dwellings in RES2+RES3+,126212.5,0.476596411532,"Occupied and unoccupied HC37 conventional dwellings in RES2 and RES3+ are summed, unknown construction periods are excluded, and the exact HC37 2001-2005/2006-2010 split is retained. The resulting age profile is scaled to the regional 2025 T8 R4 dwelling total and then split 50/50 by apartment position.",official_Statbel_type_by_age_profiles_scaled_to_2025_type_totals,"Statbel R4 apartment dwellings are split 50/50 between Apartment, enclosed and Apartment, exposed because apartment position is not identified.",43108,0.0707674628581,100.1,320.3,190.7,100.1,63.7,0,0,0,0,13.4,0,13.4,0,26.8,TABULA_existing,0.9283,92.83,0.9282,0.9284,92.82,92.84,0.01,derived_residual,Existing=1-B-A; lower=1-B_upper-A_upper; upper=1-B_lower-A_lower,residual below PEB B,2025-01-01,406785 residential PEB certificates established through 2025-01-01 including existing and new dwellings and expired certificates,The certificate set includes existing and new dwellings and expired certificates through 1 January 2025; transaction timing and conservative conventional inputs affect the distribution; the two-decimal A and B shares each have a 0.005 percentage-point rounding interval.,Existing State,age_and_type_specific,existing_unspecified,,,Physical parameters are read from each base archetype row.,2025,80870.5437885,80861.8321065,80879.2554704,"independence/null assumption: P(state | region, archetype) = P(state | region)",regional marginal calibrated; archetype-state joint distribution unavailable,True,True,VITO EPB2010 standard measures apply through 1991-2005; post-2005 existing cells retain the complete standard calibration state and remain eligible for advanced renovation,2.2,1.7,0.85,5,4,14.9,https://document.environnement.brussels/opac_css/elecfile/Statistiques_certificatsPEB_residentiel_donnees_2024.pdf,Brussels Environment residential PEB statistics 2024 PDF page 8,2026-07-27,https://episcope.eu/fileadmin/tabula/public/docs/scientific/BE_TABULA_ScientificReport_VITO.pdf,Tables 9 and 10 on printed pages 45-48 / PDF pages 56-59; Table 19 on printed pages 85-86 / PDF pages 96-97,2026-07-27,2841.43,8.87115204496,20,142.0715,0.443557602248,444.31,47.5939525,4.9141253996
Brussels-Capital Region,BE_TABULA_05,"Apartment, exposed",pre-1946,5,566042,0.153905222167,0.0157324837926,87116.8197657,Statbel 2025 regional T8 dwelling counts by R1-R4 type; R5/R6 retained as an excluded residual; R4 split equally between apartment archetypes,"Statbel Census 2021 HC37 conventional dwellings in residential buildings with 2 or 3+ dwellings, jointly classified by building size and construction period",R1-R3 building-age profiles are applied to the matching dwelling totals; each resulting house-category dwelling retains its whole-house TABULA geometry; national absolute heat-demand and capacity results are conditional on this mapping,2021 conventional dwellings in RES2+RES3+,126212.5,0.476596411532,"Occupied and unoccupied HC37 conventional dwellings in RES2 and RES3+ are summed, unknown construction periods are excluded, and the exact HC37 2001-2005/2006-2010 split is retained. The resulting age profile is scaled to the regional 2025 T8 R4 dwelling total and then split 50/50 by apartment position.",official_Statbel_type_by_age_profiles_scaled_to_2025_type_totals,"Statbel R4 apartment dwellings are split 50/50 between Apartment, enclosed and Apartment, exposed because apartment position is not identified.",43108,0.0707674628581,100.1,320.3,190.7,100.1,63.7,0,0,0,0,13.4,0,13.4,0,26.8,TABULA_standard_B_proxy,0.0562,5.62,0.05615,0.05625,5.615,5.625,0.005,reported_share,reported value plus or minus half the printed unit,PEB B family,2025-01-01,406785 residential PEB certificates established through 2025-01-01 including existing and new dwellings and expired certificates,The certificate set includes existing and new dwellings and expired certificates through 1 January 2025; transaction timing and conservative conventional inputs affect the distribution; the B family supplies a calibration anchor for the TABULA standard physical proxy.,Standard Measures,fixed_TABULA_EPB2010_package,exhaust_air_ventilation,0,False,TABULA states that the EPB2010 upgrade measures are already achieved by the post-2005 class; the same physical values preserve a complete state matrix while post-2005 existing cells are ineligible for medium transitions.,2025,4895.96527083,4891.60942984,4900.32111182,"independence/null assumption: P(state | region, archetype) = P(state | region)",regional marginal calibrated; archetype-state joint distribution unavailable,False,True,VITO EPB2010 standard measures apply through 1991-2005; post-2005 existing cells retain the complete standard calibration state and remain eligible for advanced renovation,0.4,0.3,0.4,2,2.9,6,https://document.environnement.brussels/opac_css/elecfile/Statistiques_certificatsPEB_residentiel_donnees_2024.pdf,Brussels Environment residential PEB statistics 2024 PDF page 8,2026-07-27,https://episcope.eu/fileadmin/tabula/public/docs/scientific/BE_TABULA_ScientificReport_VITO.pdf,Section 4.2.3 on printed pages 44-46 / PDF pages 55-57; post-2005 applicability on printed page 54 / PDF page 65; service measures on printed pages 49-50 / PDF pages 60-61,2026-07-27,1144.2,3.57227599126,20,57.21,0.178613799563,109.11,19.16535,1.28147202797
Brussels-Capital Region,BE_TABULA_05,"Apartment, exposed",pre-1946,5,566042,0.153905222167,0.0157324837926,87116.8197657,Statbel 2025 regional T8 dwelling counts by R1-R4 type; R5/R6 retained as an excluded residual; R4 split equally between apartment archetypes,"Statbel Census 2021 HC37 conventional dwellings in residential buildings with 2 or 3+ dwellings, jointly classified by building size and construction period",R1-R3 building-age profiles are applied to the matching dwelling totals; each resulting house-category dwelling retains its whole-house TABULA geometry; national absolute heat-demand and capacity results are conditional on this mapping,2021 conventional dwellings in RES2+RES3+,126212.5,0.476596411532,"Occupied and unoccupied HC37 conventional dwellings in RES2 and RES3+ are summed, unknown construction periods are excluded, and the exact HC37 2001-2005/2006-2010 split is retained. The resulting age profile is scaled to the regional 2025 T8 R4 dwelling total and then split 50/50 by apartment position.",official_Statbel_type_by_age_profiles_scaled_to_2025_type_totals,"Statbel R4 apartment dwellings are split 50/50 between Apartment, enclosed and Apartment, exposed because apartment position is not identified.",43108,0.0707674628581,100.1,320.3,190.7,100.1,63.7,0,0,0,0,13.4,0,13.4,0,26.8,TABULA_advanced_A_proxy,0.0155,1.55,0.01545,0.01555,1.545,1.555,0.005,reported_share,reported value plus or minus half the printed unit,PEB A family including A-/A/A+/A++,2025-01-01,406785 residential PEB certificates established through 2025-01-01 including existing and new dwellings and expired certificates,The certificate set includes existing and new dwellings and expired certificates through 1 January 2025; transaction timing and conservative conventional inputs affect the distribution; the A family supplies a calibration anchor for the TABULA advanced physical proxy.,Advanced Measures,fixed_TABULA_low_energy_package,balanced_mechanical_HRV,0.8,True,TABULA applies the Low Energy package to every dwelling type.,2025,1350.31070637,1345.95486538,1354.66654736,"independence/null assumption: P(state | region, archetype) = P(state | region)",regional marginal calibrated; archetype-state joint distribution unavailable,False,False,VITO EPB2010 standard measures apply through 1991-2005; post-2005 existing cells retain the complete standard calibration state and remain eligible for advanced renovation,0.25,0.15,0.25,1.6,1.6,2.5,https://document.environnement.brussels/opac_css/elecfile/Statistiques_certificatsPEB_residentiel_donnees_2024.pdf,Brussels Environment residential PEB statistics 2024 PDF page 8,2026-07-27,https://episcope.eu/fileadmin/tabula/public/docs/scientific/BE_TABULA_ScientificReport_VITO.pdf,Section 4.2.3 on printed pages 44-46 / PDF pages 55-57; service measures on printed pages 49-50 / PDF pages 60-61,2026-07-27,476.75,1.48844832969,20,23.8375,0.0744224164845,73.82,7.9855625,0.817238386613
Brussels-Capital Region,BE_TABULA_06,Detached house,1946-1970,6,566042,0.00470996561415,0.000481461620632,2666.03835616,Statbel 2025 regional T8 dwelling counts by R1-R4 type; R5/R6 retained as an excluded residual; R4 split equally between apartment archetypes,Statbel 2025 cadastral T3.* building counts jointly classified by R1-R3 building type and construction period,R1-R3 building-age profiles are applied to the matching dwelling totals; each resulting house-category dwelling retains its whole-house TABULA geometry; national absolute heat-demand and capacity results are conditional on this mapping,2025 cadastral buildings,2508,0.429452054795,Known-period T3.* building counts are rebinned to TABULA periods; the 1982-1991 and 2002-2011 source bins are allocated uniformly across years at the 1990 and 2005 TABULA cut-offs. The resulting age profile is scaled to the region/type 2025 T8 dwelling total.,official_Statbel_type_by_age_profiles_scaled_to_2025_type_totals,,43108,0.0707674628581,235.8,648.5,538.8,158.2,183,19.9,56.3,70.4,9.5,9.5,9.7,12.7,9.7,41.6,TABULA_existing,0.9283,92.83,0.9282,0.9284,92.82,92.84,0.01,derived_residual,Existing=1-B-A; lower=1-B_upper-A_upper; upper=1-B_lower-A_lower,residual below PEB B,2025-01-01,406785 residential PEB certificates established through 2025-01-01 including existing and new dwellings and expired certificates,The certificate set includes existing and new dwellings and expired certificates through 1 January 2025; transaction timing and conservative conventional inputs affect the distribution; the two-decimal A and B shares each have a 0.005 percentage-point rounding interval.,Existing State,age_and_type_specific,existing_unspecified,,,Physical parameters are read from each base archetype row.,2025,2474.88340603,2474.61680219,2475.15000986,"independence/null assumption: P(state | region, archetype) = P(state | region)",regional marginal calibrated; archetype-state joint distribution unavailable,True,True,VITO EPB2010 standard measures apply through 1991-2005; post-2005 existing cells retain the complete standard calibration state and remain eligible for advanced renovation,1.7,1.9,0.85,5,4,18,https://document.environnement.brussels/opac_css/elecfile/Statistiques_certificatsPEB_residentiel_donnees_2024.pdf,Brussels Environment residential PEB statistics 2024 PDF page 8,2026-07-27,https://episcope.eu/fileadmin/tabula/public/docs/scientific/BE_TABULA_ScientificReport_VITO.pdf,Tables 9 and 10 on printed pages 45-48 / PDF pages 56-59; Table 19 on printed pages 85-86 / PDF pages 96-97,2026-07-27,9698.4,14.9551272167,20,484.92,0.747756360833,999.205,162.4482,4.92643426633
Brussels-Capital Region,BE_TABULA_06,Detached house,1946-1970,6,566042,0.00470996561415,0.000481461620632,2666.03835616,Statbel 2025 regional T8 dwelling counts by R1-R4 type; R5/R6 retained as an excluded residual; R4 split equally between apartment archetypes,Statbel 2025 cadastral T3.* building counts jointly classified by R1-R3 building type and construction period,R1-R3 building-age profiles are applied to the matching dwelling totals; each resulting house-category dwelling retains its whole-house TABULA geometry; national absolute heat-demand and capacity results are conditional on this mapping,2025 cadastral buildings,2508,0.429452054795,Known-period T3.* building counts are rebinned to TABULA periods; the 1982-1991 and 2002-2011 source bins are allocated uniformly across years at the 1990 and 2005 TABULA cut-offs. The resulting age profile is scaled to the region/type 2025 T8 dwelling total.,official_Statbel_type_by_age_profiles_scaled_to_2025_type_totals,,43108,0.0707674628581,235.8,648.5,538.8,158.2,183,19.9,56.3,70.4,9.5,9.5,9.7,12.7,9.7,41.6,TABULA_standard_B_proxy,0.0562,5.62,0.05615,0.05625,5.615,5.625,0.005,reported_share,reported value plus or minus half the printed unit,PEB B family,2025-01-01,406785 residential PEB certificates established through 2025-01-01 including existing and new dwellings and expired certificates,The certificate set includes existing and new dwellings and expired certificates through 1 January 2025; transaction timing and conservative conventional inputs affect the distribution; the B family supplies a calibration anchor for the TABULA standard physical proxy.,Standard Measures,fixed_TABULA_EPB2010_package,exhaust_air_ventilation,0,False,TABULA states that the EPB2010 upgrade measures are already achieved by the post-2005 class; the same physical values preserve a complete state matrix while post-2005 existing cells are ineligible for medium transitions.,2025,149.831355616,149.698053699,149.964657534,"independence/null assumption: P(state | region, archetype) = P(state | region)",regional marginal calibrated; archetype-state joint distribution unavailable,False,True,VITO EPB2010 standard measures apply through 1991-2005; post-2005 existing cells retain the complete standard calibration state and remain eligible for advanced renovation,0.4,0.3,0.4,2,2.9,6,https://document.environnement.brussels/opac_css/elecfile/Statistiques_certificatsPEB_residentiel_donnees_2024.pdf,Brussels Environment residential PEB statistics 2024 PDF page 8,2026-07-27,https://episcope.eu/fileadmin/tabula/public/docs/scientific/BE_TABULA_ScientificReport_VITO.pdf,Section 4.2.3 on printed pages 44-46 / PDF pages 55-57; post-2005 applicability on printed page 54 / PDF page 65; service measures on printed pages 49-50 / PDF pages 60-61,2026-07-27,3232.8,4.98504240555,20,161.64,0.249252120278,290.05,54.1494,1.45970907549
Brussels-Capital Region,BE_TABULA_06,Detached house,1946-1970,6,566042,0.00470996561415,0.000481461620632,2666.03835616,Statbel 2025 regional T8 dwelling counts by R1-R4 type; R5/R6 retained as an excluded residual; R4 split equally between apartment archetypes,Statbel 2025 cadastral T3.* building counts jointly classified by R1-R3 building type and construction period,R1-R3 building-age profiles are applied to the matching dwelling totals; each resulting house-category dwelling retains its whole-house TABULA geometry; national absolute heat-demand and capacity results are conditional on this mapping,2025 cadastral buildings,2508,0.429452054795,Known-period T3.* building counts are rebinned to TABULA periods; the 1982-1991 and 2002-2011 source bins are allocated uniformly across years at the 1990 and 2005 TABULA cut-offs. The resulting age profile is scaled to the region/type 2025 T8 dwelling total.,official_Statbel_type_by_age_profiles_scaled_to_2025_type_totals,,43108,0.0707674628581,235.8,648.5,538.8,158.2,183,19.9,56.3,70.4,9.5,9.5,9.7,12.7,9.7,41.6,TABULA_advanced_A_proxy,0.0155,1.55,0.01545,0.01555,1.545,1.555,0.005,reported_share,reported value plus or minus half the printed unit,PEB A family including A-/A/A+/A++,2025-01-01,406785 residential PEB certificates established through 2025-01-01 including existing and new dwellings and expired certificates,The certificate set includes existing and new dwellings and expired certificates through 1 January 2025; transaction timing and conservative conventional inputs affect the distribution; the A family supplies a calibration anchor for the TABULA advanced physical proxy.,Advanced Measures,fixed_TABULA_low_energy_package,balanced_mechanical_HRV,0.8,True,TABULA applies the Low Energy package to every dwelling type.,2025,41.3235945205,41.1902926027,41.4568964384,"independence/null assumption: P(state | region, archetype) = P(state | region)",regional marginal calibrated; archetype-state joint distribution unavailable,False,False,VITO EPB2010 standard measures apply through 1991-2005; post-2005 existing cells retain the complete standard calibration state and remain eligible for advanced renovation,0.25,0.15,0.25,1.6,1.6,2.5,https://document.environnement.brussels/opac_css/elecfile/Statistiques_certificatsPEB_residentiel_donnees_2024.pdf,Brussels Environment residential PEB statistics 2024 PDF page 8,2026-07-27,https://episcope.eu/fileadmin/tabula/public/docs/scientific/BE_TABULA_ScientificReport_VITO.pdf,Section 4.2.3 on printed pages 44-46 / PDF pages 55-57; service measures on printed pages 49-50 / PDF pages 60-61,2026-07-27,1347,2.07710100231,20,67.35,0.103855050116,187.89,22.56225,0.892503180662
Brussels-Capital Region,BE_TABULA_07,Semi-detached house,1946-1970,7,566042,0.0137516488305,0.00140571963252,7784.01080733,Statbel 2025 regional T8 dwelling counts by R1-R4 type; R5/R6 retained as an excluded residual; R4 split equally between apartment archetypes,Statbel 2025 cadastral T3.* building counts jointly classified by R1-R3 building type and construction period,R1-R3 building-age profiles are applied to the matching dwelling totals; each resulting house-category dwelling retains its whole-house TABULA geometry; national absolute heat-demand and capacity results are conditional on this mapping,2025 cadastral buildings,7024,0.451849469283,Known-period T3.* building counts are rebinned to TABULA periods; the 1982-1991 and 2002-2011 source bins are allocated uniformly across years at the 1990 and 2005 TABULA cut-offs. The resulting age profile is scaled to the region/type 2025 T8 dwelling total.,official_Statbel_type_by_age_profiles_scaled_to_2025_type_totals,,43108,0.0707674628581,193.4,531.7,381.4,101.4,133.1,18,43.7,45.1,9.5,7.4,7.3,8.4,7.5,30.6,TABULA_existing,0.9283,92.83,0.9282,0.9284,92.82,92.84,0.01,derived_residual,Existing=1-B-A; lower=1-B_upper-A_upper; upper=1-B_lower-A_lower,residual below PEB B,2025-01-01,406785 residential PEB certificates established through 2025-01-01 including existing and new dwellings and expired certificates,The certificate set includes existing and new dwellings and expired certificates through 1 January 2025; transaction timing and conservative conventional inputs affect the distribution; the two-decimal A and B shares each have a 0.005 percentage-point rounding interval.,Existing State,age_and_type_specific,existing_unspecified,,,Physical parameters are read from each base archetype row.,2025,7225.89723245,7225.11883137,7226.67563353,"independence/null assumption: P(state | region, archetype) = P(state | region)",regional marginal calibrated; archetype-state joint distribution unavailable,True,True,VITO EPB2010 standard measures apply through 1991-2005; post-2005 existing cells retain the complete standard calibration state and remain eligible for advanced renovation,1.7,1.9,0.85,5,4,18,https://document.environnement.brussels/opac_css/elecfile/Statistiques_certificatsPEB_residentiel_donnees_2024.pdf,Brussels Environment residential PEB statistics 2024 PDF page 8,2026-07-27,https://episcope.eu/fileadmin/tabula/public/docs/scientific/BE_TABULA_ScientificReport_VITO.pdf,Tables 9 and 10 on printed pages 45-48 / PDF pages 56-59; Table 19 on printed pages 85-86 / PDF pages 96-97,2026-07-27,6865.2,12.9117923641,20,343.26,0.645589618206,716.01,114.9921,4.29680506722
Brussels-Capital Region,BE_TABULA_07,Semi-detached house,1946-1970,7,566042,0.0137516488305,0.00140571963252,7784.01080733,Statbel 2025 regional T8 dwelling counts by R1-R4 type; R5/R6 retained as an excluded residual; R4 split equally between apartment archetypes,Statbel 2025 cadastral T3.* building counts jointly classified by R1-R3 building type and construction period,R1-R3 building-age profiles are applied to the matching dwelling totals; each resulting house-category dwelling retains its whole-house TABULA geometry; national absolute heat-demand and capacity results are conditional on this mapping,2025 cadastral buildings,7024,0.451849469283,Known-period T3.* building counts are rebinned to TABULA periods; the 1982-1991 and 2002-2011 source bins are allocated uniformly across years at the 1990 and 2005 TABULA cut-offs. The resulting age profile is scaled to the region/type 2025 T8 dwelling total.,official_Statbel_type_by_age_profiles_scaled_to_2025_type_totals,,43108,0.0707674628581,193.4,531.7,381.4,101.4,133.1,18,43.7,45.1,9.5,7.4,7.3,8.4,7.5,30.6,TABULA_standard_B_proxy,0.0562,5.62,0.05615,0.05625,5.615,5.625,0.005,reported_share,reported value plus or minus half the printed unit,PEB B family,2025-01-01,406785 residential PEB certificates established through 2025-01-01 including existing and new dwellings and expired certificates,The certificate set includes existing and new dwellings and expired certificates through 1 January 2025; transaction timing and conservative conventional inputs affect the distribution; the B family supplies a calibration anchor for the TABULA standard physical proxy.,Standard Measures,fixed_TABULA_EPB2010_package,exhaust_air_ventilation,0,False,TABULA states that the EPB2010 upgrade measures are already achieved by the post-2005 class; the same physical values preserve a complete state matrix while post-2005 existing cells are ineligible for medium transitions.,2025,437.461407372,437.072206832,437.850607913,"independence/null assumption: P(state | region, archetype) = P(state | region)",regional marginal calibrated; archetype-state joint distribution unavailable,False,True,VITO EPB2010 standard measures apply through 1991-2005; post-2005 existing cells retain the complete standard calibration state and remain eligible for advanced renovation,0.4,0.3,0.4,2,2.9,6,https://document.environnement.brussels/opac_css/elecfile/Statistiques_certificatsPEB_residentiel_donnees_2024.pdf,Brussels Environment residential PEB statistics 2024 PDF page 8,2026-07-27,https://episcope.eu/fileadmin/tabula/public/docs/scientific/BE_TABULA_ScientificReport_VITO.pdf,Section 4.2.3 on printed pages 44-46 / PDF pages 55-57; post-2005 applicability on printed page 54 / PDF page 65; service measures on printed pages 49-50 / PDF pages 60-61,2026-07-27,2288.4,4.30393078804,20,114.42,0.215196539402,215.13,38.3307,1.31055170631
Brussels-Capital Region,BE_TABULA_07,Semi-detached house,1946-1970,7,566042,0.0137516488305,0.00140571963252,7784.01080733,Statbel 2025 regional T8 dwelling counts by R1-R4 type; R5/R6 retained as an excluded residual; R4 split equally between apartment archetypes,Statbel 2025 cadastral T3.* building counts jointly classified by R1-R3 building type and construction period,R1-R3 building-age profiles are applied to the matching dwelling totals; each resulting house-category dwelling retains its whole-house TABULA geometry; national absolute heat-demand and capacity results are conditional on this mapping,2025 cadastral buildings,7024,0.451849469283,Known-period T3.* building counts are rebinned to TABULA periods; the 1982-1991 and 2002-2011 source bins are allocated uniformly across years at the 1990 and 2005 TABULA cut-offs. The resulting age profile is scaled to the region/type 2025 T8 dwelling total.,official_Statbel_type_by_age_profiles_scaled_to_2025_type_totals,,43108,0.0707674628581,193.4,531.7,381.4,101.4,133.1,18,43.7,45.1,9.5,7.4,7.3,8.4,7.5,30.6,TABULA_advanced_A_proxy,0.0155,1.55,0.01545,0.01555,1.545,1.555,0.005,reported_share,reported value plus or minus half the printed unit,PEB A family including A-/A/A+/A++,2025-01-01,406785 residential PEB certificates established through 2025-01-01 including existing and new dwellings and expired certificates,The certificate set includes existing and new dwellings and expired certificates through 1 January 2025; transaction timing and conservative conventional inputs affect the distribution; the A family supplies a calibration anchor for the TABULA advanced physical proxy.,Advanced Measures,fixed_TABULA_low_energy_package,balanced_mechanical_HRV,0.8,True,TABULA applies the Low Energy package to every dwelling type.,2025,120.652167514,120.262966973,121.041368054,"independence/null assumption: P(state | region, archetype) = P(state | region)",regional marginal calibrated; archetype-state joint distribution unavailable,False,False,VITO EPB2010 standard measures apply through 1991-2005; post-2005 existing cells retain the complete standard calibration state and remain eligible for advanced renovation,0.25,0.15,0.25,1.6,1.6,2.5,https://document.environnement.brussels/opac_css/elecfile/Statistiques_certificatsPEB_residentiel_donnees_2024.pdf,Brussels Environment residential PEB statistics 2024 PDF page 8,2026-07-27,https://episcope.eu/fileadmin/tabula/public/docs/scientific/BE_TABULA_ScientificReport_VITO.pdf,Section 4.2.3 on printed pages 44-46 / PDF pages 55-57; service measures on printed pages 49-50 / PDF pages 60-61,2026-07-27,953.5,1.79330449502,20,47.675,0.0896652247508,139.345,15.971125,0.803082342296
Brussels-Capital Region,BE_TABULA_08,Terraced house,1946-1970,8,566042,0.0592424165817,0.00605587221527,33533.6959667,Statbel 2025 regional T8 dwelling counts by R1-R4 type; R5/R6 retained as an excluded residual; R4 split equally between apartment archetypes,Statbel 2025 cadastral T3.* building counts jointly classified by R1-R3 building type and construction period,R1-R3 building-age profiles are applied to the matching dwelling totals; each resulting house-category dwelling retains its whole-house TABULA geometry; national absolute heat-demand and capacity results are conditional on this mapping,2025 cadastral buildings,19505,0.189425943731,Known-period T3.* building counts are rebinned to TABULA periods; the 1982-1991 and 2002-2011 source bins are allocated uniformly across years at the 1990 and 2005 TABULA cut-offs. The resulting age profile is scaled to the region/type 2025 T8 dwelling total.,official_Statbel_type_by_age_profiles_scaled_to_2025_type_totals,,43108,0.0707674628581,198.8,546.6,296.8,90.8,79.1,13.1,35.7,38.8,9.5,6.8,7.6,7.8,7.6,29.8,TABULA_existing,0.9283,92.83,0.9282,0.9284,92.82,92.84,0.01,derived_residual,Existing=1-B-A; lower=1-B_upper-A_upper; upper=1-B_lower-A_lower,residual below PEB B,2025-01-01,406785 residential PEB certificates established through 2025-01-01 including existing and new dwellings and expired certificates,The certificate set includes existing and new dwellings and expired certificates through 1 January 2025; transaction timing and conservative conventional inputs affect the distribution; the two-decimal A and B shares each have a 0.005 percentage-point rounding interval.,Existing State,age_and_type_specific,existing_unspecified,,,Physical parameters are read from each base archetype row.,2025,31129.3299659,31125.9765963,31132.6833355,"independence/null assumption: P(state | region, archetype) = P(state | region)",regional marginal calibrated; archetype-state joint distribution unavailable,True,True,VITO EPB2010 standard measures apply through 1991-2005; post-2005 existing cells retain the complete standard calibration state and remain eligible for advanced renovation,1.7,1.9,0.85,5,4,14.9,https://document.environnement.brussels/opac_css/elecfile/Statistiques_certificatsPEB_residentiel_donnees_2024.pdf,Brussels Environment residential PEB statistics 2024 PDF page 8,2026-07-27,https://episcope.eu/fileadmin/tabula/public/docs/scientific/BE_TABULA_ScientificReport_VITO.pdf,Tables 9 and 10 on printed pages 45-48 / PDF pages 56-59; Table 19 on printed pages 85-86 / PDF pages 96-97,2026-07-27,4422.32,8.0905964142,20,221.116,0.40452982071,579.585,74.07386,3.28802243461
Brussels-Capital Region,BE_TABULA_08,Terraced house,1946-1970,8,566042,0.0592424165817,0.00605587221527,33533.6959667,Statbel 2025 regional T8 dwelling counts by R1-R4 type; R5/R6 retained as an excluded residual; R4 split equally between apartment archetypes,Statbel 2025 cadastral T3.* building counts jointly classified by R1-R3 building type and construction period,R1-R3 building-age profiles are applied to the matching dwelling totals; each resulting house-category dwelling retains its whole-house TABULA geometry; national absolute heat-demand and capacity results are conditional on this mapping,2025 cadastral buildings,19505,0.189425943731,Known-period T3.* building counts are rebinned to TABULA periods; the 1982-1991 and 2002-2011 source bins are allocated uniformly across years at the 1990 and 2005 TABULA cut-offs. The resulting age profile is scaled to the region/type 2025 T8 dwelling total.,official_Statbel_type_by_age_profiles_scaled_to_2025_type_totals,,43108,0.0707674628581,198.8,546.6,296.8,90.8,79.1,13.1,35.7,38.8,9.5,6.8,7.6,7.8,7.6,29.8,TABULA_standard_B_proxy,0.0562,5.62,0.05615,0.05625,5.615,5.625,0.005,reported_share,reported value plus or minus half the printed unit,PEB B family,2025-01-01,406785 residential PEB certificates established through 2025-01-01 including existing and new dwellings and expired certificates,The certificate set includes existing and new dwellings and expired certificates through 1 January 2025; transaction timing and conservative conventional inputs affect the distribution; the B family supplies a calibration anchor for the TABULA standard physical proxy.,Standard Measures,fixed_TABULA_EPB2010_package,exhaust_air_ventilation,0,False,TABULA states that the EPB2010 upgrade measures are already achieved by the post-2005 class; the same physical values preserve a complete state matrix while post-2005 existing cells are ineligible for medium transitions.,2025,1884.59371333,1882.91702853,1886.27039813,"independence/null assumption: P(state | region, archetype) = P(state | region)",regional marginal calibrated; archetype-state joint distribution unavailable,False,True,VITO EPB2010 standard measures apply through 1991-2005; post-2005 existing cells retain the complete standard calibration state and remain eligible for advanced renovation,0.4,0.3,0.4,2,2.9,6,https://document.environnement.brussels/opac_css/elecfile/Statistiques_certificatsPEB_residentiel_donnees_2024.pdf,Brussels Environment residential PEB statistics 2024 PDF page 8,2026-07-27,https://episcope.eu/fileadmin/tabula/public/docs/scientific/BE_TABULA_ScientificReport_VITO.pdf,Section 4.2.3 on printed pages 44-46 / PDF pages 55-57; post-2005 applicability on printed page 54 / PDF page 65; service measures on printed pages 49-50 / PDF pages 60-61,2026-07-27,1780.8,3.2579582876,20,89.04,0.16289791438,181.07,29.8284,1.06085714286
Brussels-Capital Region,BE_TABULA_08,Terraced house,1946-1970,8,566042,0.0592424165817,0.00605587221527,33533.6959667,Statbel 2025 regional T8 dwelling counts by R1-R4 type; R5/R6 retained as an excluded residual; R4 split equally between apartment archetypes,Statbel 2025 cadastral T3.* building counts jointly classified by R1-R3 building type and construction period,R1-R3 building-age profiles are applied to the matching dwelling totals; each resulting house-category dwelling retains its whole-house TABULA geometry; national absolute heat-demand and capacity results are conditional on this mapping,2025 cadastral buildings,19505,0.189425943731,Known-period T3.* building counts are rebinned to TABULA periods; the 1982-1991 and 2002-2011 source bins are allocated uniformly across years at the 1990 and 2005 TABULA cut-offs. The resulting age profile is scaled to the region/type 2025 T8 dwelling total.,official_Statbel_type_by_age_profiles_scaled_to_2025_type_totals,,43108,0.0707674628581,198.8,546.6,296.8,90.8,79.1,13.1,35.7,38.8,9.5,6.8,7.6,7.8,7.6,29.8,TABULA_advanced_A_proxy,0.0155,1.55,0.01545,0.01555,1.545,1.555,0.005,reported_share,reported value plus or minus half the printed unit,PEB A family including A-/A/A+/A++,2025-01-01,406785 residential PEB certificates established through 2025-01-01 including existing and new dwellings and expired certificates,The certificate set includes existing and new dwellings and expired certificates through 1 January 2025; transaction timing and conservative conventional inputs affect the distribution; the A family supplies a calibration anchor for the TABULA advanced physical proxy.,Advanced Measures,fixed_TABULA_low_energy_package,balanced_mechanical_HRV,0.8,True,TABULA applies the Low Energy package to every dwelling type.,2025,519.772287485,518.095602686,521.448972283,"independence/null assumption: P(state | region, archetype) = P(state | region)",regional marginal calibrated; archetype-state joint distribution unavailable,False,False,VITO EPB2010 standard measures apply through 1991-2005; post-2005 existing cells retain the complete standard calibration state and remain eligible for advanced renovation,0.25,0.15,0.25,1.6,1.6,2.5,https://document.environnement.brussels/opac_css/elecfile/Statistiques_certificatsPEB_residentiel_donnees_2024.pdf,Brussels Environment residential PEB statistics 2024 PDF page 8,2026-07-27,https://episcope.eu/fileadmin/tabula/public/docs/scientific/BE_TABULA_ScientificReport_VITO.pdf,Section 4.2.3 on printed pages 44-46 / PDF pages 55-57; service measures on printed pages 49-50 / PDF pages 60-61,2026-07-27,742,1.35748261983,20,37.1,0.0678741309916,118.175,12.4285,0.656959255533
Brussels-Capital Region,BE_TABULA_09,"Apartment, enclosed",1946-1970,9,566042,0.0782174477017,0.007995535895,44274.3605319,Statbel 2025 regional T8 dwelling counts by R1-R4 type; R5/R6 retained as an excluded residual; R4 split equally between apartment archetypes,"Statbel Census 2021 HC37 conventional dwellings in residential buildings with 2 or 3+ dwellings, jointly classified by building size and construction period",R1-R3 building-age profiles are applied to the matching dwelling totals; each resulting house-category dwelling retains its whole-house TABULA geometry; national absolute heat-demand and capacity results are conditional on this mapping,2021 conventional dwellings in RES2+RES3+,64143.5,0.24221500979,"Occupied and unoccupied HC37 conventional dwellings in RES2 and RES3+ are summed, unknown construction periods are excluded, and the exact HC37 2001-2005/2006-2010 split is retained. The resulting age profile is scaled to the regional 2025 T8 R4 dwelling total and then split 50/50 by apartment position.",official_Statbel_type_by_age_profiles_scaled_to_2025_type_totals,"Statbel R4 apartment dwellings are split 50/50 between Apartment, enclosed and Apartment, exposed because apartment position is not identified.",43108,0.0707674628581,100.1,320.3,44.8,0,17.9,0,0,0,0,13.4,0,13.4,0,26.8,TABULA_existing,0.9283,92.83,0.9282,0.9284,92.82,92.84,0.01,derived_residual,Existing=1-B-A; lower=1-B_upper-A_upper; upper=1-B_lower-A_lower,residual below PEB B,2025-01-01,406785 residential PEB certificates established through 2025-01-01 including existing and new dwellings and expired certificates,The certificate set includes existing and new dwellings and expired certificates through 1 January 2025; transaction timing and conservative conventional inputs affect the distribution; the two-decimal A and B shares each have a 0.005 percentage-point rounding interval.,Existing State,age_and_type_specific,existing_unspecified,,,Physical parameters are read from each base archetype row.,2025,41099.8888818,41095.4614458,41104.3163179,"independence/null assumption: P(state | region, archetype) = P(state | region)",regional marginal calibrated; archetype-state joint distribution unavailable,True,True,VITO EPB2010 standard measures apply through 1991-2005; post-2005 existing cells retain the complete standard calibration state and remain eligible for advanced renovation,1.7,1.9,0.85,5,4,14.9,https://document.environnement.brussels/opac_css/elecfile/Statistiques_certificatsPEB_residentiel_donnees_2024.pdf,Brussels Environment residential PEB statistics 2024 PDF page 8,2026-07-27,https://episcope.eu/fileadmin/tabula/public/docs/scientific/BE_TABULA_ScientificReport_VITO.pdf,Tables 9 and 10 on printed pages 45-48 / PDF pages 56-59; Table 19 on printed pages 85-86 / PDF pages 96-97,2026-07-27,667.52,2.08404620668,20,33.376,0.104202310334,164.43,11.18096,1.75435524476
Brussels-Capital Region,BE_TABULA_09,"Apartment, enclosed",1946-1970,9,566042,0.0782174477017,0.007995535895,44274.3605319,Statbel 2025 regional T8 dwelling counts by R1-R4 type; R5/R6 retained as an excluded residual; R4 split equally between apartment archetypes,"Statbel Census 2021 HC37 conventional dwellings in residential buildings with 2 or 3+ dwellings, jointly classified by building size and construction period",R1-R3 building-age profiles are applied to the matching dwelling totals; each resulting house-category dwelling retains its whole-house TABULA geometry; national absolute heat-demand and capacity results are conditional on this mapping,2021 conventional dwellings in RES2+RES3+,64143.5,0.24221500979,"Occupied and unoccupied HC37 conventional dwellings in RES2 and RES3+ are summed, unknown construction periods are excluded, and the exact HC37 2001-2005/2006-2010 split is retained. The resulting age profile is scaled to the regional 2025 T8 R4 dwelling total and then split 50/50 by apartment position.",official_Statbel_type_by_age_profiles_scaled_to_2025_type_totals,"Statbel R4 apartment dwellings are split 50/50 between Apartment, enclosed and Apartment, exposed because apartment position is not identified.",43108,0.0707674628581,100.1,320.3,44.8,0,17.9,0,0,0,0,13.4,0,13.4,0,26.8,TABULA_standard_B_proxy,0.0562,5.62,0.05615,0.05625,5.615,5.625,0.005,reported_share,reported value plus or minus half the printed unit,PEB B family,2025-01-01,406785 residential PEB certificates established through 2025-01-01 including existing and new dwellings and expired certificates,The certificate set includes existing and new dwellings and expired certificates through 1 January 2025; transaction timing and conservative conventional inputs affect the distribution; the B family supplies a calibration anchor for the TABULA standard physical proxy.,Standard Measures,fixed_TABULA_EPB2010_package,exhaust_air_ventilation,0,False,TABULA states that the EPB2010 upgrade measures are already achieved by the post-2005 class; the same physical values preserve a complete state matrix while post-2005 existing cells are ineligible for medium transitions.,2025,2488.2190619,2486.00534387,2490.43277992,"independence/null assumption: P(state | region, archetype) = P(state | region)",regional marginal calibrated; archetype-state joint distribution unavailable,False,True,VITO EPB2010 standard measures apply through 1991-2005; post-2005 existing cells retain the complete standard calibration state and remain eligible for advanced renovation,0.4,0.3,0.4,2,2.9,6,https://document.environnement.brussels/opac_css/elecfile/Statistiques_certificatsPEB_residentiel_donnees_2024.pdf,Brussels Environment residential PEB statistics 2024 PDF page 8,2026-07-27,https://episcope.eu/fileadmin/tabula/public/docs/scientific/BE_TABULA_ScientificReport_VITO.pdf,Section 4.2.3 on printed pages 44-46 / PDF pages 55-57; post-2005 applicability on printed page 54 / PDF page 65; service measures on printed pages 49-50 / PDF pages 60-61,2026-07-27,268.8,0.83921323759,20,13.44,0.0419606618795,60.76,4.5024,0.651972027972
Brussels-Capital Region,BE_TABULA_09,"Apartment, enclosed",1946-1970,9,566042,0.0782174477017,0.007995535895,44274.3605319,Statbel 2025 regional T8 dwelling counts by R1-R4 type; R5/R6 retained as an excluded residual; R4 split equally between apartment archetypes,"Statbel Census 2021 HC37 conventional dwellings in residential buildings with 2 or 3+ dwellings, jointly classified by building size and construction period",R1-R3 building-age profiles are applied to the matching dwelling totals; each resulting house-category dwelling retains its whole-house TABULA geometry; national absolute heat-demand and capacity results are conditional on this mapping,2021 conventional dwellings in RES2+RES3+,64143.5,0.24221500979,"Occupied and unoccupied HC37 conventional dwellings in RES2 and RES3+ are summed, unknown construction periods are excluded, and the exact HC37 2001-2005/2006-2010 split is retained. The resulting age profile is scaled to the regional 2025 T8 R4 dwelling total and then split 50/50 by apartment position.",official_Statbel_type_by_age_profiles_scaled_to_2025_type_totals,"Statbel R4 apartment dwellings are split 50/50 between Apartment, enclosed and Apartment, exposed because apartment position is not identified.",43108,0.0707674628581,100.1,320.3,44.8,0,17.9,0,0,0,0,13.4,0,13.4,0,26.8,TABULA_advanced_A_proxy,0.0155,1.55,0.01545,0.01555,1.545,1.555,0.005,reported_share,reported value plus or minus half the printed unit,PEB A family including A-/A/A+/A++,2025-01-01,406785 residential PEB certificates established through 2025-01-01 including existing and new dwellings and expired certificates,The certificate set includes existing and new dwellings and expired certificates through 1 January 2025; transaction timing and conservative conventional inputs affect the distribution; the A family supplies a calibration anchor for the TABULA advanced physical proxy.,Advanced Measures,fixed_TABULA_low_energy_package,balanced_mechanical_HRV,0.8,True,TABULA applies the Low Energy package to every dwelling type.,2025,686.252588245,684.038870219,688.466306272,"independence/null assumption: P(state | region, archetype) = P(state | region)",regional marginal calibrated; archetype-state joint distribution unavailable,False,False,VITO EPB2010 standard measures apply through 1991-2005; post-2005 existing cells retain the complete standard calibration state and remain eligible for advanced renovation,0.25,0.15,0.25,1.6,1.6,2.5,https://document.environnement.brussels/opac_css/elecfile/Statistiques_certificatsPEB_residentiel_donnees_2024.pdf,Brussels Environment residential PEB statistics 2024 PDF page 8,2026-07-27,https://episcope.eu/fileadmin/tabula/public/docs/scientific/BE_TABULA_ScientificReport_VITO.pdf,Section 4.2.3 on printed pages 44-46 / PDF pages 55-57; service measures on printed pages 49-50 / PDF pages 60-61,2026-07-27,112,0.349672182329,20,5.6,0.0174836091165,47.355,1.876,0.491818181818
Brussels-Capital Region,BE_TABULA_10,"Apartment, exposed",1946-1970,10,566042,0.0782174477017,0.007995535895,44274.3605319,Statbel 2025 regional T8 dwelling counts by R1-R4 type; R5/R6 retained as an excluded residual; R4 split equally between apartment archetypes,"Statbel Census 2021 HC37 conventional dwellings in residential buildings with 2 or 3+ dwellings, jointly classified by building size and construction period",R1-R3 building-age profiles are applied to the matching dwelling totals; each resulting house-category dwelling retains its whole-house TABULA geometry; national absolute heat-demand and capacity results are conditional on this mapping,2021 conventional dwellings in RES2+RES3+,64143.5,0.24221500979,"Occupied and unoccupied HC37 conventional dwellings in RES2 and RES3+ are summed, unknown construction periods are excluded, and the exact HC37 2001-2005/2006-2010 split is retained. The resulting age profile is scaled to the regional 2025 T8 R4 dwelling total and then split 50/50 by apartment position.",official_Statbel_type_by_age_profiles_scaled_to_2025_type_totals,"Statbel R4 apartment dwellings are split 50/50 between Apartment, enclosed and Apartment, exposed because apartment position is not identified.",43108,0.0707674628581,100.1,320.3,190.7,100.1,63.7,0,0,0,0,13.4,0,13.4,0,26.8,TABULA_existing,0.9283,92.83,0.9282,0.9284,92.82,92.84,0.01,derived_residual,Existing=1-B-A; lower=1-B_upper-A_upper; upper=1-B_lower-A_lower,residual below PEB B,2025-01-01,406785 residential PEB certificates established through 2025-01-01 including existing and new dwellings and expired certificates,The certificate set includes existing and new dwellings and expired certificates through 1 January 2025; transaction timing and conservative conventional inputs affect the distribution; the two-decimal A and B shares each have a 0.005 percentage-point rounding interval.,Existing State,age_and_type_specific,existing_unspecified,,,Physical parameters are read from each base archetype row.,2025,41099.8888818,41095.4614458,41104.3163179,"independence/null assumption: P(state | region, archetype) = P(state | region)",regional marginal calibrated; archetype-state joint distribution unavailable,True,True,VITO EPB2010 standard measures apply through 1991-2005; post-2005 existing cells retain the complete standard calibration state and remain eligible for advanced renovation,1.7,1.9,0.85,5,4,14.9,https://document.environnement.brussels/opac_css/elecfile/Statistiques_certificatsPEB_residentiel_donnees_2024.pdf,Brussels Environment residential PEB statistics 2024 PDF page 8,2026-07-27,https://episcope.eu/fileadmin/tabula/public/docs/scientific/BE_TABULA_ScientificReport_VITO.pdf,Tables 9 and 10 on printed pages 45-48 / PDF pages 56-59; Table 19 on printed pages 85-86 / PDF pages 96-97,2026-07-27,2841.43,8.87115204496,20,142.0715,0.443557602248,432.48,47.5939525,4.79594358142
Brussels-Capital Region,BE_TABULA_10,"Apartment, exposed",1946-1970,10,566042,0.0782174477017,0.007995535895,44274.3605319,Statbel 2025 regional T8 dwelling counts by R1-R4 type; R5/R6 retained as an excluded residual; R4 split equally between apartment archetypes,"Statbel Census 2021 HC37 conventional dwellings in residential buildings with 2 or 3+ dwellings, jointly classified by building size and construction period",R1-R3 building-age profiles are applied to the matching dwelling totals; each resulting house-category dwelling retains its whole-house TABULA geometry; national absolute heat-demand and capacity results are conditional on this mapping,2021 conventional dwellings in RES2+RES3+,64143.5,0.24221500979,"Occupied and unoccupied HC37 conventional dwellings in RES2 and RES3+ are summed, unknown construction periods are excluded, and the exact HC37 2001-2005/2006-2010 split is retained. The resulting age profile is scaled to the regional 2025 T8 R4 dwelling total and then split 50/50 by apartment position.",official_Statbel_type_by_age_profiles_scaled_to_2025_type_totals,"Statbel R4 apartment dwellings are split 50/50 between Apartment, enclosed and Apartment, exposed because apartment position is not identified.",43108,0.0707674628581,100.1,320.3,190.7,100.1,63.7,0,0,0,0,13.4,0,13.4,0,26.8,TABULA_standard_B_proxy,0.0562,5.62,0.05615,0.05625,5.615,5.625,0.005,reported_share,reported value plus or minus half the printed unit,PEB B family,2025-01-01,406785 residential PEB certificates established through 2025-01-01 including existing and new dwellings and expired certificates,The certificate set includes existing and new dwellings and expired certificates through 1 January 2025; transaction timing and conservative conventional inputs affect the distribution; the B family supplies a calibration anchor for the TABULA standard physical proxy.,Standard Measures,fixed_TABULA_EPB2010_package,exhaust_air_ventilation,0,False,TABULA states that the EPB2010 upgrade measures are already achieved by the post-2005 class; the same physical values preserve a complete state matrix while post-2005 existing cells are ineligible for medium transitions.,2025,2488.2190619,2486.00534387,2490.43277992,"independence/null assumption: P(state | region, archetype) = P(state | region)",regional marginal calibrated; archetype-state joint distribution unavailable,False,True,VITO EPB2010 standard measures apply through 1991-2005; post-2005 existing cells retain the complete standard calibration state and remain eligible for advanced renovation,0.4,0.3,0.4,2,2.9,6,https://document.environnement.brussels/opac_css/elecfile/Statistiques_certificatsPEB_residentiel_donnees_2024.pdf,Brussels Environment residential PEB statistics 2024 PDF page 8,2026-07-27,https://episcope.eu/fileadmin/tabula/public/docs/scientific/BE_TABULA_ScientificReport_VITO.pdf,Section 4.2.3 on printed pages 44-46 / PDF pages 55-57; post-2005 applicability on printed page 54 / PDF page 65; service measures on printed pages 49-50 / PDF pages 60-61,2026-07-27,1144.2,3.57227599126,20,57.21,0.178613799563,109.11,19.16535,1.28147202797
Brussels-Capital Region,BE_TABULA_10,"Apartment, exposed",1946-1970,10,566042,0.0782174477017,0.007995535895,44274.3605319,Statbel 2025 regional T8 dwelling counts by R1-R4 type; R5/R6 retained as an excluded residual; R4 split equally between apartment archetypes,"Statbel Census 2021 HC37 conventional dwellings in residential buildings with 2 or 3+ dwellings, jointly classified by building size and construction period",R1-R3 building-age profiles are applied to the matching dwelling totals; each resulting house-category dwelling retains its whole-house TABULA geometry; national absolute heat-demand and capacity results are conditional on this mapping,2021 conventional dwellings in RES2+RES3+,64143.5,0.24221500979,"Occupied and unoccupied HC37 conventional dwellings in RES2 and RES3+ are summed, unknown construction periods are excluded, and the exact HC37 2001-2005/2006-2010 split is retained. The resulting age profile is scaled to the regional 2025 T8 R4 dwelling total and then split 50/50 by apartment position.",official_Statbel_type_by_age_profiles_scaled_to_2025_type_totals,"Statbel R4 apartment dwellings are split 50/50 between Apartment, enclosed and Apartment, exposed because apartment position is not identified.",43108,0.0707674628581,100.1,320.3,190.7,100.1,63.7,0,0,0,0,13.4,0,13.4,0,26.8,TABULA_advanced_A_proxy,0.0155,1.55,0.01545,0.01555,1.545,1.555,0.005,reported_share,reported value plus or minus half the printed unit,PEB A family including A-/A/A+/A++,2025-01-01,406785 residential PEB certificates established through 2025-01-01 including existing and new dwellings and expired certificates,The certificate set includes existing and new dwellings and expired certificates through 1 January 2025; transaction timing and conservative conventional inputs affect the distribution; the A family supplies a calibration anchor for the TABULA advanced physical proxy.,Advanced Measures,fixed_TABULA_low_energy_package,balanced_mechanical_HRV,0.8,True,TABULA applies the Low Energy package to every dwelling type.,2025,686.252588245,684.038870219,688.466306272,"independence/null assumption: P(state | region, archetype) = P(state | region)",regional marginal calibrated; archetype-state joint distribution unavailable,False,False,VITO EPB2010 standard measures apply through 1991-2005; post-2005 existing cells retain the complete standard calibration state and remain eligible for advanced renovation,0.25,0.15,0.25,1.6,1.6,2.5,https://document.environnement.brussels/opac_css/elecfile/Statistiques_certificatsPEB_residentiel_donnees_2024.pdf,Brussels Environment residential PEB statistics 2024 PDF page 8,2026-07-27,https://episcope.eu/fileadmin/tabula/public/docs/scientific/BE_TABULA_ScientificReport_VITO.pdf,Section 4.2.3 on printed pages 44-46 / PDF pages 55-57; service measures on printed pages 49-50 / PDF pages 60-61,2026-07-27,476.75,1.48844832969,20,23.8375,0.0744224164845,73.82,7.9855625,0.817238386613
Brussels-Capital Region,BE_TABULA_11,Detached house,1971-1990,11,566042,0.00152397810841,0.00015578393347,862.635616438,Statbel 2025 regional T8 dwelling counts by R1-R4 type; R5/R6 retained as an excluded residual; R4 split equally between apartment archetypes,Statbel 2025 cadastral T3.* building counts jointly classified by R1-R3 building type and construction period,R1-R3 building-age profiles are applied to the matching dwelling totals; each resulting house-category dwelling retains its whole-house TABULA geometry; national absolute heat-demand and capacity results are conditional on this mapping,2025 cadastral buildings,811.5,0.138955479452,Known-period T3.* building counts are rebinned to TABULA periods; the 1982-1991 and 2002-2011 source bins are allocated uniformly across years at the 1990 and 2005 TABULA cut-offs. The resulting age profile is scaled to the region/type 2025 T8 dwelling total.,official_Statbel_type_by_age_profiles_scaled_to_2025_type_totals,,43108,0.0707674628581,238.4,655.7,548.8,170,159.4,23.5,54.8,91.6,9.5,8.6,9.5,11.9,10.2,40.2,TABULA_existing,0.9283,92.83,0.9282,0.9284,92.82,92.84,0.01,derived_residual,Existing=1-B-A; lower=1-B_upper-A_upper; upper=1-B_lower-A_lower,residual below PEB B,2025-01-01,406785 residential PEB certificates established through 2025-01-01 including existing and new dwellings and expired certificates,The certificate set includes existing and new dwellings and expired certificates through 1 January 2025; transaction timing and conservative conventional inputs affect the distribution; the two-decimal A and B shares each have a 0.005 percentage-point rounding interval.,Existing State,age_and_type_specific,existing_unspecified,,,Physical parameters are read from each base archetype row.,2025,800.78464274,800.698379178,800.870906301,"independence/null assumption: P(state | region, archetype) = P(state | region)",regional marginal calibrated; archetype-state joint distribution unavailable,True,True,VITO EPB2010 standard measures apply through 1991-2005; post-2005 existing cells retain the complete standard calibration state and remain eligible for advanced renovation,1,0.85,0.85,3.5,4,17.1,https://document.environnement.brussels/opac_css/elecfile/Statistiques_certificatsPEB_residentiel_donnees_2024.pdf,Brussels Environment residential PEB statistics 2024 PDF page 8,2026-07-27,https://episcope.eu/fileadmin/tabula/public/docs/scientific/BE_TABULA_ScientificReport_VITO.pdf,Tables 9 and 10 on printed pages 45-48 / PDF pages 56-59; Table 19 on printed pages 85-86 / PDF pages 96-97,2026-07-27,9384.48,14.3121549489,20,469.224,0.715607747445,630.54,157.19004,3.30423674497
Brussels-Capital Region,BE_TABULA_11,Detached house,1971-1990,11,566042,0.00152397810841,0.00015578393347,862.635616438,Statbel 2025 regional T8 dwelling counts by R1-R4 type; R5/R6 retained as an excluded residual; R4 split equally between apartment archetypes,Statbel 2025 cadastral T3.* building counts jointly classified by R1-R3 building type and construction period,R1-R3 building-age profiles are applied to the matching dwelling totals; each resulting house-category dwelling retains its whole-house TABULA geometry; national absolute heat-demand and capacity results are conditional on this mapping,2025 cadastral buildings,811.5,0.138955479452,Known-period T3.* building counts are rebinned to TABULA periods; the 1982-1991 and 2002-2011 source bins are allocated uniformly across years at the 1990 and 2005 TABULA cut-offs. The resulting age profile is scaled to the region/type 2025 T8 dwelling total.,official_Statbel_type_by_age_profiles_scaled_to_2025_type_totals,,43108,0.0707674628581,238.4,655.7,548.8,170,159.4,23.5,54.8,91.6,9.5,8.6,9.5,11.9,10.2,40.2,TABULA_standard_B_proxy,0.0562,5.62,0.05615,0.05625,5.615,5.625,0.005,reported_share,reported value plus or minus half the printed unit,PEB B family,2025-01-01,406785 residential PEB certificates established through 2025-01-01 including existing and new dwellings and expired certificates,The certificate set includes existing and new dwellings and expired certificates through 1 January 2025; transaction timing and conservative conventional inputs affect the distribution; the B family supplies a calibration anchor for the TABULA standard physical proxy.,Standard Measures,fixed_TABULA_EPB2010_package,exhaust_air_ventilation,0,False,TABULA states that the EPB2010 upgrade measures are already achieved by the post-2005 class; the same physical values preserve a complete state matrix while post-2005 existing cells are ineligible for medium transitions.,2025,48.4801216438,48.436989863,48.5232534247,"independence/null assumption: P(state | region, archetype) = P(state | region)",regional marginal calibrated; archetype-state joint distribution unavailable,False,True,VITO EPB2010 standard measures apply through 1991-2005; post-2005 existing cells retain the complete standard calibration state and remain eligible for advanced renovation,0.4,0.3,0.4,2,2.9,6,https://document.environnement.brussels/opac_css/elecfile/Statistiques_certificatsPEB_residentiel_donnees_2024.pdf,Brussels Environment residential PEB statistics 2024 PDF page 8,2026-07-27,https://episcope.eu/fileadmin/tabula/public/docs/scientific/BE_TABULA_ScientificReport_VITO.pdf,Section 4.2.3 on printed pages 44-46 / PDF pages 55-57; post-2005 applicability on printed page 54 / PDF page 65; service measures on printed pages 49-50 / PDF pages 60-61,2026-07-27,3292.8,5.021808754,20,164.64,0.2510904377,290.67,55.1544,1.4506057047
Brussels-Capital Region,BE_TABULA_11,Detached house,1971-1990,11,566042,0.00152397810841,0.00015578393347,862.635616438,Statbel 2025 regional T8 dwelling counts by R1-R4 type; R5/R6 retained as an excluded residual; R4 split equally between apartment archetypes,Statbel 2025 cadastral T3.* building counts jointly classified by R1-R3 building type and construction period,R1-R3 building-age profiles are applied to the matching dwelling totals; each resulting house-category dwelling retains its whole-house TABULA geometry; national absolute heat-demand and capacity results are conditional on this mapping,2025 cadastral buildings,811.5,0.138955479452,Known-period T3.* building counts are rebinned to TABULA periods; the 1982-1991 and 2002-2011 source bins are allocated uniformly across years at the 1990 and 2005 TABULA cut-offs. The resulting age profile is scaled to the region/type 2025 T8 dwelling total.,official_Statbel_type_by_age_profiles_scaled_to_2025_type_totals,,43108,0.0707674628581,238.4,655.7,548.8,170,159.4,23.5,54.8,91.6,9.5,8.6,9.5,11.9,10.2,40.2,TABULA_advanced_A_proxy,0.0155,1.55,0.01545,0.01555,1.545,1.555,0.005,reported_share,reported value plus or minus half the printed unit,PEB A family including A-/A/A+/A++,2025-01-01,406785 residential PEB certificates established through 2025-01-01 including existing and new dwellings and expired certificates,The certificate set includes existing and new dwellings and expired certificates through 1 January 2025; transaction timing and conservative conventional inputs affect the distribution; the A family supplies a calibration anchor for the TABULA advanced physical proxy.,Advanced Measures,fixed_TABULA_low_energy_package,balanced_mechanical_HRV,0.8,True,TABULA applies the Low Energy package to every dwelling type.,2025,13.3708520548,13.327720274,13.4139838356,"independence/null assumption: P(state | region, archetype) = P(state | region)",regional marginal calibrated; archetype-state joint distribution unavailable,False,False,VITO EPB2010 standard measures apply through 1991-2005; post-2005 existing cells retain the complete standard calibration state and remain eligible for advanced renovation,0.25,0.15,0.25,1.6,1.6,2.5,https://document.environnement.brussels/opac_css/elecfile/Statistiques_certificatsPEB_residentiel_donnees_2024.pdf,Brussels Environment residential PEB statistics 2024 PDF page 8,2026-07-27,https://episcope.eu/fileadmin/tabula/public/docs/scientific/BE_TABULA_ScientificReport_VITO.pdf,Section 4.2.3 on printed pages 44-46 / PDF pages 55-57; service measures on printed pages 49-50 / PDF pages 60-61,2026-07-27,1372,2.09242031417,20,68.6,0.104621015708,187.345,22.981,0.882239932886
Brussels-Capital Region,BE_TABULA_12,Semi-detached house,1971-1990,12,566042,0.00223405559233,0.000228369401007,1264.56929559,Statbel 2025 regional T8 dwelling counts by R1-R4 type; R5/R6 retained as an excluded residual; R4 split equally between apartment archetypes,Statbel 2025 cadastral T3.* building counts jointly classified by R1-R3 building type and construction period,R1-R3 building-age profiles are applied to the matching dwelling totals; each resulting house-category dwelling retains its whole-house TABULA geometry; national absolute heat-demand and capacity results are conditional on this mapping,2025 cadastral buildings,1141.1,0.0734062399485,Known-period T3.* building counts are rebinned to TABULA periods; the 1982-1991 and 2002-2011 source bins are allocated uniformly across years at the 1990 and 2005 TABULA cut-offs. The resulting age profile is scaled to the region/type 2025 T8 dwelling total.,official_Statbel_type_by_age_profiles_scaled_to_2025_type_totals,,43108,0.0707674628581,185.3,509.6,389.6,108.5,122.9,20.3,52.5,43.5,9.5,7.8,8,9.1,7.4,32.3,TABULA_existing,0.9283,92.83,0.9282,0.9284,92.82,92.84,0.01,derived_residual,Existing=1-B-A; lower=1-B_upper-A_upper; upper=1-B_lower-A_lower,residual below PEB B,2025-01-01,406785 residential PEB certificates established through 2025-01-01 including existing and new dwellings and expired certificates,The certificate set includes existing and new dwellings and expired certificates through 1 January 2025; transaction timing and conservative conventional inputs affect the distribution; the two-decimal A and B shares each have a 0.005 percentage-point rounding interval.,Existing State,age_and_type_specific,existing_unspecified,,,Physical parameters are read from each base archetype row.,2025,1173.8996771,1173.77322017,1174.02613403,"independence/null assumption: P(state | region, archetype) = P(state | region)",regional marginal calibrated; archetype-state joint distribution unavailable,True,True,VITO EPB2010 standard measures apply through 1991-2005; post-2005 existing cells retain the complete standard calibration state and remain eligible for advanced renovation,1,0.85,0.85,3.5,4,16.3,https://document.environnement.brussels/opac_css/elecfile/Statistiques_certificatsPEB_residentiel_donnees_2024.pdf,Brussels Environment residential PEB statistics 2024 PDF page 8,2026-07-27,https://episcope.eu/fileadmin/tabula/public/docs/scientific/BE_TABULA_ScientificReport_VITO.pdf,Tables 9 and 10 on printed pages 45-48 / PDF pages 56-59; Table 19 on printed pages 85-86 / PDF pages 96-97,2026-07-27,6350.48,12.4616954474,20,317.524,0.62308477237,468.075,106.37054,3.100083864
Brussels-Capital Region,BE_TABULA_12,Semi-detached house,1971-1990,12,566042,0.00223405559233,0.000228369401007,1264.56929559,Statbel 2025 regional T8 dwelling counts by R1-R4 type; R5/R6 retained as an excluded residual; R4 split equally between apartment archetypes,Statbel 2025 cadastral T3.* building counts jointly classified by R1-R3 building type and construction period,R1-R3 building-age profiles are applied to the matching dwelling totals; each resulting house-category dwelling retains its whole-house TABULA geometry; national absolute heat-demand and capacity results are conditional on this mapping,2025 cadastral buildings,1141.1,0.0734062399485,Known-period T3.* building counts are rebinned to TABULA periods; the 1982-1991 and 2002-2011 source bins are allocated uniformly across years at the 1990 and 2005 TABULA cut-offs. The resulting age profile is scaled to the region/type 2025 T8 dwelling total.,official_Statbel_type_by_age_profiles_scaled_to_2025_type_totals,,43108,0.0707674628581,185.3,509.6,389.6,108.5,122.9,20.3,52.5,43.5,9.5,7.8,8,9.1,7.4,32.3,TABULA_standard_B_proxy,0.0562,5.62,0.05615,0.05625,5.615,5.625,0.005,reported_share,reported value plus or minus half the printed unit,PEB B family,2025-01-01,406785 residential PEB certificates established through 2025-01-01 including existing and new dwellings and expired certificates,The certificate set includes existing and new dwellings and expired certificates through 1 January 2025; transaction timing and conservative conventional inputs affect the distribution; the B family supplies a calibration anchor for the TABULA standard physical proxy.,Standard Measures,fixed_TABULA_EPB2010_package,exhaust_air_ventilation,0,False,TABULA states that the EPB2010 upgrade measures are already achieved by the post-2005 class; the same physical values preserve a complete state matrix while post-2005 existing cells are ineligible for medium transitions.,2025,71.0687944124,71.0055659476,71.1320228771,"independence/null assumption: P(state | region, archetype) = P(state | region)",regional marginal calibrated; archetype-state joint distribution unavailable,False,True,VITO EPB2010 standard measures apply through 1991-2005; post-2005 existing cells retain the complete standard calibration state and remain eligible for advanced renovation,0.4,0.3,0.4,2,2.9,6,https://document.environnement.brussels/opac_css/elecfile/Statistiques_certificatsPEB_residentiel_donnees_2024.pdf,Brussels Environment residential PEB statistics 2024 PDF page 8,2026-07-27,https://episcope.eu/fileadmin/tabula/public/docs/scientific/BE_TABULA_ScientificReport_VITO.pdf,Section 4.2.3 on printed pages 44-46 / PDF pages 55-57; post-2005 applicability on printed page 54 / PDF page 65; service measures on printed pages 49-50 / PDF pages 60-61,2026-07-27,2337.6,4.58712715856,20,116.88,0.229356357928,220.38,39.1548,1.40061953589
Brussels-Capital Region,BE_TABULA_12,Semi-detached house,1971-1990,12,566042,0.00223405559233,0.000228369401007,1264.56929559,Statbel 2025 regional T8 dwelling counts by R1-R4 type; R5/R6 retained as an excluded residual; R4 split equally between apartment archetypes,Statbel 2025 cadastral T3.* building counts jointly classified by R1-R3 building type and construction period,R1-R3 building-age profiles are applied to the matching dwelling totals; each resulting house-category dwelling retains its whole-house TABULA geometry; national absolute heat-demand and capacity results are conditional on this mapping,2025 cadastral buildings,1141.1,0.0734062399485,Known-period T3.* building counts are rebinned to TABULA periods; the 1982-1991 and 2002-2011 source bins are allocated uniformly across years at the 1990 and 2005 TABULA cut-offs. The resulting age profile is scaled to the region/type 2025 T8 dwelling total.,official_Statbel_type_by_age_profiles_scaled_to_2025_type_totals,,43108,0.0707674628581,185.3,509.6,389.6,108.5,122.9,20.3,52.5,43.5,9.5,7.8,8,9.1,7.4,32.3,TABULA_advanced_A_proxy,0.0155,1.55,0.01545,0.01555,1.545,1.555,0.005,reported_share,reported value plus or minus half the printed unit,PEB A family including A-/A/A+/A++,2025-01-01,406785 residential PEB certificates established through 2025-01-01 including existing and new dwellings and expired certificates,The certificate set includes existing and new dwellings and expired certificates through 1 January 2025; transaction timing and conservative conventional inputs affect the distribution; the A family supplies a calibration anchor for the TABULA advanced physical proxy.,Advanced Measures,fixed_TABULA_low_energy_package,balanced_mechanical_HRV,0.8,True,TABULA applies the Low Energy package to every dwelling type.,2025,19.6008240817,19.5375956169,19.6640525465,"independence/null assumption: P(state | region, archetype) = P(state | region)",regional marginal calibrated; archetype-state joint distribution unavailable,False,False,VITO EPB2010 standard measures apply through 1991-2005; post-2005 existing cells retain the complete standard calibration state and remain eligible for advanced renovation,0.25,0.15,0.25,1.6,1.6,2.5,https://document.environnement.brussels/opac_css/elecfile/Statistiques_certificatsPEB_residentiel_donnees_2024.pdf,Brussels Environment residential PEB statistics 2024 PDF page 8,2026-07-27,https://episcope.eu/fileadmin/tabula/public/docs/scientific/BE_TABULA_ScientificReport_VITO.pdf,Section 4.2.3 on printed pages 44-46 / PDF pages 55-57; service measures on printed pages 49-50 / PDF pages 60-61,2026-07-27,974,1.91130298273,20,48.7,0.0955651491366,142.955,16.3145,0.859522396114
Brussels-Capital Region,BE_TABULA_13,Terraced house,1971-1990,13,566042,0.00687795192767,0.000703077294616,3893.20966504,Statbel 2025 regional T8 dwelling counts by R1-R4 type; R5/R6 retained as an excluded residual; R4 split equally between apartment archetypes,Statbel 2025 cadastral T3.* building counts jointly classified by R1-R3 building type and construction period,R1-R3 building-age profiles are applied to the matching dwelling totals; each resulting house-category dwelling retains its whole-house TABULA geometry; national absolute heat-demand and capacity results are conditional on this mapping,2025 cadastral buildings,2264.5,0.0219920558615,Known-period T3.* building counts are rebinned to TABULA periods; the 1982-1991 and 2002-2011 source bins are allocated uniformly across years at the 1990 and 2005 TABULA cut-offs. The resulting age profile is scaled to the region/type 2025 T8 dwelling total.,official_Statbel_type_by_age_profiles_scaled_to_2025_type_totals,,43108,0.0707674628581,168.3,462.8,256.9,78.6,70.1,12.5,34.9,27.1,9.5,5.7,6.3,5.9,6.5,24.4,TABULA_existing,0.9283,92.83,0.9282,0.9284,92.82,92.84,0.01,derived_residual,Existing=1-B-A; lower=1-B_upper-A_upper; upper=1-B_lower-A_lower,residual below PEB B,2025-01-01,406785 residential PEB certificates established through 2025-01-01 including existing and new dwellings and expired certificates,The certificate set includes existing and new dwellings and expired certificates through 1 January 2025; transaction timing and conservative conventional inputs affect the distribution; the two-decimal A and B shares each have a 0.005 percentage-point rounding interval.,Existing State,age_and_type_specific,existing_unspecified,,,Physical parameters are read from each base archetype row.,2025,3614.06653206,3613.67721109,3614.45585303,"independence/null assumption: P(state | region, archetype) = P(state | region)",regional marginal calibrated; archetype-state joint distribution unavailable,True,True,VITO EPB2010 standard measures apply through 1991-2005; post-2005 existing cells retain the complete standard calibration state and remain eligible for advanced renovation,1,0.85,0.85,3.5,4,14.1,https://document.environnement.brussels/opac_css/elecfile/Statistiques_certificatsPEB_residentiel_donnees_2024.pdf,Brussels Environment residential PEB statistics 2024 PDF page 8,2026-07-27,https://episcope.eu/fileadmin/tabula/public/docs/scientific/BE_TABULA_ScientificReport_VITO.pdf,Tables 9 and 10 on printed pages 45-48 / PDF pages 56-59; Table 19 on printed pages 85-86 / PDF pages 96-97,2026-07-27,3622.29,7.82690146932,20,181.1145,0.391345073466,325.51,60.6733575,2.29461293821
Brussels-Capital Region,BE_TABULA_13,Terraced house,1971-1990,13,566042,0.00687795192767,0.000703077294616,3893.20966504,Statbel 2025 regional T8 dwelling counts by R1-R4 type; R5/R6 retained as an excluded residual; R4 split equally between apartment archetypes,Statbel 2025 cadastral T3.* building counts jointly classified by R1-R3 building type and construction period,R1-R3 building-age profiles are applied to the matching dwelling totals; each resulting house-category dwelling retains its whole-house TABULA geometry; national absolute heat-demand and capacity results are conditional on this mapping,2025 cadastral buildings,2264.5,0.0219920558615,Known-period T3.* building counts are rebinned to TABULA periods; the 1982-1991 and 2002-2011 source bins are allocated uniformly across years at the 1990 and 2005 TABULA cut-offs. The resulting age profile is scaled to the region/type 2025 T8 dwelling total.,official_Statbel_type_by_age_profiles_scaled_to_2025_type_totals,,43108,0.0707674628581,168.3,462.8,256.9,78.6,70.1,12.5,34.9,27.1,9.5,5.7,6.3,5.9,6.5,24.4,TABULA_standard_B_proxy,0.0562,5.62,0.05615,0.05625,5.615,5.625,0.005,reported_share,reported value plus or minus half the printed unit,PEB B family,2025-01-01,406785 residential PEB certificates established through 2025-01-01 including existing and new dwellings and expired certificates,The certificate set includes existing and new dwellings and expired certificates through 1 January 2025; transaction timing and conservative conventional inputs affect the distribution; the B family supplies a calibration anchor for the TABULA standard physical proxy.,Standard Measures,fixed_TABULA_EPB2010_package,exhaust_air_ventilation,0,False,TABULA states that the EPB2010 upgrade measures are already achieved by the post-2005 class; the same physical values preserve a complete state matrix while post-2005 existing cells are ineligible for medium transitions.,2025,218.798383176,218.603722692,218.993043659,"independence/null assumption: P(state | region, archetype) = P(state | region)",regional marginal calibrated; archetype-state joint distribution unavailable,False,True,VITO EPB2010 standard measures apply through 1991-2005; post-2005 existing cells retain the complete standard calibration state and remain eligible for advanced renovation,0.4,0.3,0.4,2,2.9,6,https://document.environnement.brussels/opac_css/elecfile/Statistiques_certificatsPEB_residentiel_donnees_2024.pdf,Brussels Environment residential PEB statistics 2024 PDF page 8,2026-07-27,https://episcope.eu/fileadmin/tabula/public/docs/scientific/BE_TABULA_ScientificReport_VITO.pdf,Section 4.2.3 on printed pages 44-46 / PDF pages 55-57; post-2005 applicability on printed page 54 / PDF page 65; service measures on printed pages 49-50 / PDF pages 60-61,2026-07-27,1541.4,3.33059636992,20,77.07,0.166529818496,157.77,25.81845,1.09084046346
Brussels-Capital Region,BE_TABULA_13,Terraced house,1971-1990,13,566042,0.00687795192767,0.000703077294616,3893.20966504,Statbel 2025 regional T8 dwelling counts by R1-R4 type; R5/R6 retained as an excluded residual; R4 split equally between apartment archetypes,Statbel 2025 cadastral T3.* building counts jointly classified by R1-R3 building type and construction period,R1-R3 building-age profiles are applied to the matching dwelling totals; each resulting house-category dwelling retains its whole-house TABULA geometry; national absolute heat-demand and capacity results are conditional on this mapping,2025 cadastral buildings,2264.5,0.0219920558615,Known-period T3.* building counts are rebinned to TABULA periods; the 1982-1991 and 2002-2011 source bins are allocated uniformly across years at the 1990 and 2005 TABULA cut-offs. The resulting age profile is scaled to the region/type 2025 T8 dwelling total.,official_Statbel_type_by_age_profiles_scaled_to_2025_type_totals,,43108,0.0707674628581,168.3,462.8,256.9,78.6,70.1,12.5,34.9,27.1,9.5,5.7,6.3,5.9,6.5,24.4,TABULA_advanced_A_proxy,0.0155,1.55,0.01545,0.01555,1.545,1.555,0.005,reported_share,reported value plus or minus half the printed unit,PEB A family including A-/A/A+/A++,2025-01-01,406785 residential PEB certificates established through 2025-01-01 including existing and new dwellings and expired certificates,The certificate set includes existing and new dwellings and expired certificates through 1 January 2025; transaction timing and conservative conventional inputs affect the distribution; the A family supplies a calibration anchor for the TABULA advanced physical proxy.,Advanced Measures,fixed_TABULA_low_energy_package,balanced_mechanical_HRV,0.8,True,TABULA applies the Low Energy package to every dwelling type.,2025,60.3447498082,60.1500893249,60.5394102914,"independence/null assumption: P(state | region, archetype) = P(state | region)",regional marginal calibrated; archetype-state joint distribution unavailable,False,False,VITO EPB2010 standard measures apply through 1991-2005; post-2005 existing cells retain the complete standard calibration state and remain eligible for advanced renovation,0.25,0.15,0.25,1.6,1.6,2.5,https://document.environnement.brussels/opac_css/elecfile/Statistiques_certificatsPEB_residentiel_donnees_2024.pdf,Brussels Environment residential PEB statistics 2024 PDF page 8,2026-07-27,https://episcope.eu/fileadmin/tabula/public/docs/scientific/BE_TABULA_ScientificReport_VITO.pdf,Section 4.2.3 on printed pages 44-46 / PDF pages 55-57; service measures on printed pages 49-50 / PDF pages 60-61,2026-07-27,642.25,1.38774848747,20,32.1125,0.0693874243734,102.18,10.7576875,0.671049836601
Brussels-Capital Region,BE_TABULA_14,"Apartment, enclosed",1971-1990,14,566042,0.0434726997948,0.00444386184765,24607.3739373,Statbel 2025 regional T8 dwelling counts by R1-R4 type; R5/R6 retained as an excluded residual; R4 split equally between apartment archetypes,"Statbel Census 2021 HC37 conventional dwellings in residential buildings with 2 or 3+ dwellings, jointly classified by building size and construction period",R1-R3 building-age profiles are applied to the matching dwelling totals; each resulting house-category dwelling retains its whole-house TABULA geometry; national absolute heat-demand and capacity results are conditional on this mapping,2021 conventional dwellings in RES2+RES3+,35650.5,0.134621375611,"Occupied and unoccupied HC37 conventional dwellings in RES2 and RES3+ are summed, unknown construction periods are excluded, and the exact HC37 2001-2005/2006-2010 split is retained. The resulting age profile is scaled to the regional 2025 T8 R4 dwelling total and then split 50/50 by apartment position.",official_Statbel_type_by_age_profiles_scaled_to_2025_type_totals,"Statbel R4 apartment dwellings are split 50/50 between Apartment, enclosed and Apartment, exposed because apartment position is not identified.",43108,0.0707674628581,100.1,320.3,44.8,0,17.9,0,0,0,0,13.4,0,13.4,0,26.8,TABULA_existing,0.9283,92.83,0.9282,0.9284,92.82,92.84,0.01,derived_residual,Existing=1-B-A; lower=1-B_upper-A_upper; upper=1-B_lower-A_lower,residual below PEB B,2025-01-01,406785 residential PEB certificates established through 2025-01-01 including existing and new dwellings and expired certificates,The certificate set includes existing and new dwellings and expired certificates through 1 January 2025; transaction timing and conservative conventional inputs affect the distribution; the two-decimal A and B shares each have a 0.005 percentage-point rounding interval.,Existing State,age_and_type_specific,existing_unspecified,,,Physical parameters are read from each base archetype row.,2025,22843.025226,22840.5644886,22845.4859633,"independence/null assumption: P(state | region, archetype) = P(state | region)",regional marginal calibrated; archetype-state joint distribution unavailable,True,True,VITO EPB2010 standard measures apply through 1991-2005; post-2005 existing cells retain the complete standard calibration state and remain eligible for advanced renovation,1,0.85,0.85,3.5,4,14.1,https://document.environnement.brussels/opac_css/elecfile/Statistiques_certificatsPEB_residentiel_donnees_2024.pdf,Brussels Environment residential PEB statistics 2024 PDF page 8,2026-07-27,https://episcope.eu/fileadmin/tabula/public/docs/scientific/BE_TABULA_ScientificReport_VITO.pdf,Tables 9 and 10 on printed pages 45-48 / PDF pages 56-59; Table 19 on printed pages 85-86 / PDF pages 96-97,2026-07-27,631.68,1.97215110834,20,31.584,0.0986075554168,111.7,10.58064,1.22158481518
Brussels-Capital Region,BE_TABULA_14,"Apartment, enclosed",1971-1990,14,566042,0.0434726997948,0.00444386184765,24607.3739373,Statbel 2025 regional T8 dwelling counts by R1-R4 type; R5/R6 retained as an excluded residual; R4 split equally between apartment archetypes,"Statbel Census 2021 HC37 conventional dwellings in residential buildings with 2 or 3+ dwellings, jointly classified by building size and construction period",R1-R3 building-age profiles are applied to the matching dwelling totals; each resulting house-category dwelling retains its whole-house TABULA geometry; national absolute heat-demand and capacity results are conditional on this mapping,2021 conventional dwellings in RES2+RES3+,35650.5,0.134621375611,"Occupied and unoccupied HC37 conventional dwellings in RES2 and RES3+ are summed, unknown construction periods are excluded, and the exact HC37 2001-2005/2006-2010 split is retained. The resulting age profile is scaled to the regional 2025 T8 R4 dwelling total and then split 50/50 by apartment position.",official_Statbel_type_by_age_profiles_scaled_to_2025_type_totals,"Statbel R4 apartment dwellings are split 50/50 between Apartment, enclosed and Apartment, exposed because apartment position is not identified.",43108,0.0707674628581,100.1,320.3,44.8,0,17.9,0,0,0,0,13.4,0,13.4,0,26.8,TABULA_standard_B_proxy,0.0562,5.62,0.05615,0.05625,5.615,5.625,0.005,reported_share,reported value plus or minus half the printed unit,PEB B family,2025-01-01,406785 residential PEB certificates established through 2025-01-01 including existing and new dwellings and expired certificates,The certificate set includes existing and new dwellings and expired certificates through 1 January 2025; transaction timing and conservative conventional inputs affect the distribution; the B family supplies a calibration anchor for the TABULA standard physical proxy.,Standard Measures,fixed_TABULA_EPB2010_package,exhaust_air_ventilation,0,False,TABULA states that the EPB2010 upgrade measures are already achieved by the post-2005 class; the same physical values preserve a complete state matrix while post-2005 existing cells are ineligible for medium transitions.,2025,1382.93441527,1381.70404658,1384.16478397,"independence/null assumption: P(state | region, archetype) = P(state | region)",regional marginal calibrated; archetype-state joint distribution unavailable,False,True,VITO EPB2010 standard measures apply through 1991-2005; post-2005 existing cells retain the complete standard calibration state and remain eligible for advanced renovation,0.4,0.3,0.4,2,2.9,6,https://document.environnement.brussels/opac_css/elecfile/Statistiques_certificatsPEB_residentiel_donnees_2024.pdf,Brussels Environment residential PEB statistics 2024 PDF page 8,2026-07-27,https://episcope.eu/fileadmin/tabula/public/docs/scientific/BE_TABULA_ScientificReport_VITO.pdf,Section 4.2.3 on printed pages 44-46 / PDF pages 55-57; post-2005 applicability on printed page 54 / PDF page 65; service measures on printed pages 49-50 / PDF pages 60-61,2026-07-27,268.8,0.83921323759,20,13.44,0.0419606618795,60.76,4.5024,0.651972027972
Brussels-Capital Region,BE_TABULA_14,"Apartment, enclosed",1971-1990,14,566042,0.0434726997948,0.00444386184765,24607.3739373,Statbel 2025 regional T8 dwelling counts by R1-R4 type; R5/R6 retained as an excluded residual; R4 split equally between apartment archetypes,"Statbel Census 2021 HC37 conventional dwellings in residential buildings with 2 or 3+ dwellings, jointly classified by building size and construction period",R1-R3 building-age profiles are applied to the matching dwelling totals; each resulting house-category dwelling retains its whole-house TABULA geometry; national absolute heat-demand and capacity results are conditional on this mapping,2021 conventional dwellings in RES2+RES3+,35650.5,0.134621375611,"Occupied and unoccupied HC37 conventional dwellings in RES2 and RES3+ are summed, unknown construction periods are excluded, and the exact HC37 2001-2005/2006-2010 split is retained. The resulting age profile is scaled to the regional 2025 T8 R4 dwelling total and then split 50/50 by apartment position.",official_Statbel_type_by_age_profiles_scaled_to_2025_type_totals,"Statbel R4 apartment dwellings are split 50/50 between Apartment, enclosed and Apartment, exposed because apartment position is not identified.",43108,0.0707674628581,100.1,320.3,44.8,0,17.9,0,0,0,0,13.4,0,13.4,0,26.8,TABULA_advanced_A_proxy,0.0155,1.55,0.01545,0.01555,1.545,1.555,0.005,reported_share,reported value plus or minus half the printed unit,PEB A family including A-/A/A+/A++,2025-01-01,406785 residential PEB certificates established through 2025-01-01 including existing and new dwellings and expired certificates,The certificate set includes existing and new dwellings and expired certificates through 1 January 2025; transaction timing and conservative conventional inputs affect the distribution; the A family supplies a calibration anchor for the TABULA advanced physical proxy.,Advanced Measures,fixed_TABULA_low_energy_package,balanced_mechanical_HRV,0.8,True,TABULA applies the Low Energy package to every dwelling type.,2025,381.414296027,380.183927331,382.644664724,"independence/null assumption: P(state | region, archetype) = P(state | region)",regional marginal calibrated; archetype-state joint distribution unavailable,False,False,VITO EPB2010 standard measures apply through 1991-2005; post-2005 existing cells retain the complete standard calibration state and remain eligible for advanced renovation,0.25,0.15,0.25,1.6,1.6,2.5,https://document.environnement.brussels/opac_css/elecfile/Statistiques_certificatsPEB_residentiel_donnees_2024.pdf,Brussels Environment residential PEB statistics 2024 PDF page 8,2026-07-27,https://episcope.eu/fileadmin/tabula/public/docs/scientific/BE_TABULA_ScientificReport_VITO.pdf,Section 4.2.3 on printed pages 44-46 / PDF pages 55-57; service measures on printed pages 49-50 / PDF pages 60-61,2026-07-27,112,0.349672182329,20,5.6,0.0174836091165,47.355,1.876,0.491818181818
Brussels-Capital Region,BE_TABULA_15,"Apartment, exposed",1971-1990,15,566042,0.0434726997948,0.00444386184765,24607.3739373,Statbel 2025 regional T8 dwelling counts by R1-R4 type; R5/R6 retained as an excluded residual; R4 split equally between apartment archetypes,"Statbel Census 2021 HC37 conventional dwellings in residential buildings with 2 or 3+ dwellings, jointly classified by building size and construction period",R1-R3 building-age profiles are applied to the matching dwelling totals; each resulting house-category dwelling retains its whole-house TABULA geometry; national absolute heat-demand and capacity results are conditional on this mapping,2021 conventional dwellings in RES2+RES3+,35650.5,0.134621375611,"Occupied and unoccupied HC37 conventional dwellings in RES2 and RES3+ are summed, unknown construction periods are excluded, and the exact HC37 2001-2005/2006-2010 split is retained. The resulting age profile is scaled to the regional 2025 T8 R4 dwelling total and then split 50/50 by apartment position.",official_Statbel_type_by_age_profiles_scaled_to_2025_type_totals,"Statbel R4 apartment dwellings are split 50/50 between Apartment, enclosed and Apartment, exposed because apartment position is not identified.",43108,0.0707674628581,100.1,320.3,190.7,100.1,63.7,0,0,0,0,13.4,0,13.4,0,26.8,TABULA_existing,0.9283,92.83,0.9282,0.9284,92.82,92.84,0.01,derived_residual,Existing=1-B-A; lower=1-B_upper-A_upper; upper=1-B_lower-A_lower,residual below PEB B,2025-01-01,406785 residential PEB certificates established through 2025-01-01 including existing and new dwellings and expired certificates,The certificate set includes existing and new dwellings and expired certificates through 1 January 2025; transaction timing and conservative conventional inputs affect the distribution; the two-decimal A and B shares each have a 0.005 percentage-point rounding interval.,Existing State,age_and_type_specific,existing_unspecified,,,Physical parameters are read from each base archetype row.,2025,22843.025226,22840.5644886,22845.4859633,"independence/null assumption: P(state | region, archetype) = P(state | region)",regional marginal calibrated; archetype-state joint distribution unavailable,True,True,VITO EPB2010 standard measures apply through 1991-2005; post-2005 existing cells retain the complete standard calibration state and remain eligible for advanced renovation,1,0.85,0.85,3.5,4,14.1,https://document.environnement.brussels/opac_css/elecfile/Statistiques_certificatsPEB_residentiel_donnees_2024.pdf,Brussels Environment residential PEB statistics 2024 PDF page 8,2026-07-27,https://episcope.eu/fileadmin/tabula/public/docs/scientific/BE_TABULA_ScientificReport_VITO.pdf,Tables 9 and 10 on printed pages 45-48 / PDF pages 56-59; Table 19 on printed pages 85-86 / PDF pages 96-97,2026-07-27,2688.87,8.39484857946,20,134.4435,0.419742428973,242.585,45.0385725,2.87336236264
Brussels-Capital Region,BE_TABULA_15,"Apartment, exposed",1971-1990,15,566042,0.0434726997948,0.00444386184765,24607.3739373,Statbel 2025 regional T8 dwelling counts by R1-R4 type; R5/R6 retained as an excluded residual; R4 split equally between apartment archetypes,"Statbel Census 2021 HC37 conventional dwellings in residential buildings with 2 or 3+ dwellings, jointly classified by building size and construction period",R1-R3 building-age profiles are applied to the matching dwelling totals; each resulting house-category dwelling retains its whole-house TABULA geometry; national absolute heat-demand and capacity results are conditional on this mapping,2021 conventional dwellings in RES2+RES3+,35650.5,0.134621375611,"Occupied and unoccupied HC37 conventional dwellings in RES2 and RES3+ are summed, unknown construction periods are excluded, and the exact HC37 2001-2005/2006-2010 split is retained. The resulting age profile is scaled to the regional 2025 T8 R4 dwelling total and then split 50/50 by apartment position.",official_Statbel_type_by_age_profiles_scaled_to_2025_type_totals,"Statbel R4 apartment dwellings are split 50/50 between Apartment, enclosed and Apartment, exposed because apartment position is not identified.",43108,0.0707674628581,100.1,320.3,190.7,100.1,63.7,0,0,0,0,13.4,0,13.4,0,26.8,TABULA_standard_B_proxy,0.0562,5.62,0.05615,0.05625,5.615,5.625,0.005,reported_share,reported value plus or minus half the printed unit,PEB B family,2025-01-01,406785 residential PEB certificates established through 2025-01-01 including existing and new dwellings and expired certificates,The certificate set includes existing and new dwellings and expired certificates through 1 January 2025; transaction timing and conservative conventional inputs affect the distribution; the B family supplies a calibration anchor for the TABULA standard physical proxy.,Standard Measures,fixed_TABULA_EPB2010_package,exhaust_air_ventilation,0,False,TABULA states that the EPB2010 upgrade measures are already achieved by the post-2005 class; the same physical values preserve a complete state matrix while post-2005 existing cells are ineligible for medium transitions.,2025,1382.93441527,1381.70404658,1384.16478397,"independence/null assumption: P(state | region, archetype) = P(state | region)",regional marginal calibrated; archetype-state joint distribution unavailable,False,True,VITO EPB2010 standard measures apply through 1991-2005; post-2005 existing cells retain the complete standard calibration state and remain eligible for advanced renovation,0.4,0.3,0.4,2,2.9,6,https://document.environnement.brussels/opac_css/elecfile/Statistiques_certificatsPEB_residentiel_donnees_2024.pdf,Brussels Environment residential PEB statistics 2024 PDF page 8,2026-07-27,https://episcope.eu/fileadmin/tabula/public/docs/scientific/BE_TABULA_ScientificReport_VITO.pdf,Section 4.2.3 on printed pages 44-46 / PDF pages 55-57; post-2005 applicability on printed page 54 / PDF page 65; service measures on printed pages 49-50 / PDF pages 60-61,2026-07-27,1144.2,3.57227599126,20,57.21,0.178613799563,109.11,19.16535,1.28147202797
Brussels-Capital Region,BE_TABULA_15,"Apartment, exposed",1971-1990,15,566042,0.0434726997948,0.00444386184765,24607.3739373,Statbel 2025 regional T8 dwelling counts by R1-R4 type; R5/R6 retained as an excluded residual; R4 split equally between apartment archetypes,"Statbel Census 2021 HC37 conventional dwellings in residential buildings with 2 or 3+ dwellings, jointly classified by building size and construction period",R1-R3 building-age profiles are applied to the matching dwelling totals; each resulting house-category dwelling retains its whole-house TABULA geometry; national absolute heat-demand and capacity results are conditional on this mapping,2021 conventional dwellings in RES2+RES3+,35650.5,0.134621375611,"Occupied and unoccupied HC37 conventional dwellings in RES2 and RES3+ are summed, unknown construction periods are excluded, and the exact HC37 2001-2005/2006-2010 split is retained. The resulting age profile is scaled to the regional 2025 T8 R4 dwelling total and then split 50/50 by apartment position.",official_Statbel_type_by_age_profiles_scaled_to_2025_type_totals,"Statbel R4 apartment dwellings are split 50/50 between Apartment, enclosed and Apartment, exposed because apartment position is not identified.",43108,0.0707674628581,100.1,320.3,190.7,100.1,63.7,0,0,0,0,13.4,0,13.4,0,26.8,TABULA_advanced_A_proxy,0.0155,1.55,0.01545,0.01555,1.545,1.555,0.005,reported_share,reported value plus or minus half the printed unit,PEB A family including A-/A/A+/A++,2025-01-01,406785 residential PEB certificates established through 2025-01-01 including existing and new dwellings and expired certificates,The certificate set includes existing and new dwellings and expired certificates through 1 January 2025; transaction timing and conservative conventional inputs affect the distribution; the A family supplies a calibration anchor for the TABULA advanced physical proxy.,Advanced Measures,fixed_TABULA_low_energy_package,balanced_mechanical_HRV,0.8,True,TABULA applies the Low Energy package to every dwelling type.,2025,381.414296027,380.183927331,382.644664724,"independence/null assumption: P(state | region, archetype) = P(state | region)",regional marginal calibrated; archetype-state joint distribution unavailable,False,False,VITO EPB2010 standard measures apply through 1991-2005; post-2005 existing cells retain the complete standard calibration state and remain eligible for advanced renovation,0.25,0.15,0.25,1.6,1.6,2.5,https://document.environnement.brussels/opac_css/elecfile/Statistiques_certificatsPEB_residentiel_donnees_2024.pdf,Brussels Environment residential PEB statistics 2024 PDF page 8,2026-07-27,https://episcope.eu/fileadmin/tabula/public/docs/scientific/BE_TABULA_ScientificReport_VITO.pdf,Section 4.2.3 on printed pages 44-46 / PDF pages 55-57; service measures on printed pages 49-50 / PDF pages 60-61,2026-07-27,476.75,1.48844832969,20,23.8375,0.0744224164845,73.82,7.9855625,0.817238386613
Brussels-Capital Region,BE_TABULA_16,Detached house,1991-2005,16,566042,0.000677761798304,6.92820968446e-05,383.641643836,Statbel 2025 regional T8 dwelling counts by R1-R4 type; R5/R6 retained as an excluded residual; R4 split equally between apartment archetypes,Statbel 2025 cadastral T3.* building counts jointly classified by R1-R3 building type and construction period,R1-R3 building-age profiles are applied to the matching dwelling totals; each resulting house-category dwelling retains its whole-house TABULA geometry; national absolute heat-demand and capacity results are conditional on this mapping,2025 cadastral buildings,360.9,0.0617979452055,Known-period T3.* building counts are rebinned to TABULA periods; the 1982-1991 and 2002-2011 source bins are allocated uniformly across years at the 1990 and 2005 TABULA cut-offs. The resulting age profile is scaled to the region/type 2025 T8 dwelling total.,official_Statbel_type_by_age_profiles_scaled_to_2025_type_totals,,43108,0.0707674628581,258.4,710.5,558.1,161.6,183.4,17.6,50.7,88.1,11.5,9.9,11.1,13,11.4,45.4,TABULA_existing,0.9283,92.83,0.9282,0.9284,92.82,92.84,0.01,derived_residual,Existing=1-B-A; lower=1-B_upper-A_upper; upper=1-B_lower-A_lower,residual below PEB B,2025-01-01,406785 residential PEB certificates established through 2025-01-01 including existing and new dwellings and expired certificates,The certificate set includes existing and new dwellings and expired certificates through 1 January 2025; transaction timing and conservative conventional inputs affect the distribution; the two-decimal A and B shares each have a 0.005 percentage-point rounding interval.,Existing State,age_and_type_specific,existing_unspecified,,,Physical parameters are read from each base archetype row.,2025,356.134537973,356.096173808,356.172902137,"independence/null assumption: P(state | region, archetype) = P(state | region)",regional marginal calibrated; archetype-state joint distribution unavailable,True,True,VITO EPB2010 standard measures apply through 1991-2005; post-2005 existing cells retain the complete standard calibration state and remain eligible for advanced renovation,0.6,0.6,0.7,3.5,3.5,12,https://document.environnement.brussels/opac_css/elecfile/Statistiques_certificatsPEB_residentiel_donnees_2024.pdf,Brussels Environment residential PEB statistics 2024 PDF page 8,2026-07-27,https://episcope.eu/fileadmin/tabula/public/docs/scientific/BE_TABULA_ScientificReport_VITO.pdf,Tables 9 and 10 on printed pages 45-48 / PDF pages 56-59; Table 19 on printed pages 85-86 / PDF pages 96-97,2026-07-27,6697.2,9.42603800141,20,334.86,0.47130190007,513.87,112.1781,2.42278676471
Brussels-Capital Region,BE_TABULA_16,Detached house,1991-2005,16,566042,0.000677761798304,6.92820968446e-05,383.641643836,Statbel 2025 regional T8 dwelling counts by R1-R4 type; R5/R6 retained as an excluded residual; R4 split equally between apartment archetypes,Statbel 2025 cadastral T3.* building counts jointly classified by R1-R3 building type and construction period,R1-R3 building-age profiles are applied to the matching dwelling totals; each resulting house-category dwelling retains its whole-house TABULA geometry; national absolute heat-demand and capacity results are conditional on this mapping,2025 cadastral buildings,360.9,0.0617979452055,Known-period T3.* building counts are rebinned to TABULA periods; the 1982-1991 and 2002-2011 source bins are allocated uniformly across years at the 1990 and 2005 TABULA cut-offs. The resulting age profile is scaled to the region/type 2025 T8 dwelling total.,official_Statbel_type_by_age_profiles_scaled_to_2025_type_totals,,43108,0.0707674628581,258.4,710.5,558.1,161.6,183.4,17.6,50.7,88.1,11.5,9.9,11.1,13,11.4,45.4,TABULA_standard_B_proxy,0.0562,5.62,0.05615,0.05625,5.615,5.625,0.005,reported_share,reported value plus or minus half the printed unit,PEB B family,2025-01-01,406785 residential PEB certificates established through 2025-01-01 including existing and new dwellings and expired certificates,The certificate set includes existing and new dwellings and expired certificates through 1 January 2025; transaction timing and conservative conventional inputs affect the distribution; the B family supplies a calibration anchor for the TABULA standard physical proxy.,Standard Measures,fixed_TABULA_EPB2010_package,exhaust_air_ventilation,0,False,TABULA states that the EPB2010 upgrade measures are already achieved by the post-2005 class; the same physical values preserve a complete state matrix while post-2005 existing cells are ineligible for medium transitions.,2025,21.5606603836,21.5414783014,21.5798424658,"independence/null assumption: P(state | region, archetype) = P(state | region)",regional marginal calibrated; archetype-state joint distribution unavailable,False,True,VITO EPB2010 standard measures apply through 1991-2005; post-2005 existing cells retain the complete standard calibration state and remain eligible for advanced renovation,0.4,0.3,0.4,2,2.9,6,https://document.environnement.brussels/opac_css/elecfile/Statistiques_certificatsPEB_residentiel_donnees_2024.pdf,Brussels Environment residential PEB statistics 2024 PDF page 8,2026-07-27,https://episcope.eu/fileadmin/tabula/public/docs/scientific/BE_TABULA_ScientificReport_VITO.pdf,Section 4.2.3 on printed pages 44-46 / PDF pages 55-57; post-2005 applicability on printed page 54 / PDF page 65; service measures on printed pages 49-50 / PDF pages 60-61,2026-07-27,3348.6,4.7130190007,20,167.43,0.235650950035,308.55,56.08905,1.41114183437
Brussels-Capital Region,BE_TABULA_16,Detached house,1991-2005,16,566042,0.000677761798304,6.92820968446e-05,383.641643836,Statbel 2025 regional T8 dwelling counts by R1-R4 type; R5/R6 retained as an excluded residual; R4 split equally between apartment archetypes,Statbel 2025 cadastral T3.* building counts jointly classified by R1-R3 building type and construction period,R1-R3 building-age profiles are applied to the matching dwelling totals; each resulting house-category dwelling retains its whole-house TABULA geometry; national absolute heat-demand and capacity results are conditional on this mapping,2025 cadastral buildings,360.9,0.0617979452055,Known-period T3.* building counts are rebinned to TABULA periods; the 1982-1991 and 2002-2011 source bins are allocated uniformly across years at the 1990 and 2005 TABULA cut-offs. The resulting age profile is scaled to the region/type 2025 T8 dwelling total.,official_Statbel_type_by_age_profiles_scaled_to_2025_type_totals,,43108,0.0707674628581,258.4,710.5,558.1,161.6,183.4,17.6,50.7,88.1,11.5,9.9,11.1,13,11.4,45.4,TABULA_advanced_A_proxy,0.0155,1.55,0.01545,0.01555,1.545,1.555,0.005,reported_share,reported value plus or minus half the printed unit,PEB A family including A-/A/A+/A++,2025-01-01,406785 residential PEB certificates established through 2025-01-01 including existing and new dwellings and expired certificates,The certificate set includes existing and new dwellings and expired certificates through 1 January 2025; transaction timing and conservative conventional inputs affect the distribution; the A family supplies a calibration anchor for the TABULA advanced physical proxy.,Advanced Measures,fixed_TABULA_low_energy_package,balanced_mechanical_HRV,0.8,True,TABULA applies the Low Energy package to every dwelling type.,2025,5.94644547945,5.92726339726,5.96562756164,"independence/null assumption: P(state | region, archetype) = P(state | region)",regional marginal calibrated; archetype-state joint distribution unavailable,False,False,VITO EPB2010 standard measures apply through 1991-2005; post-2005 existing cells retain the complete standard calibration state and remain eligible for advanced renovation,0.25,0.15,0.25,1.6,1.6,2.5,https://document.environnement.brussels/opac_css/elecfile/Statistiques_certificatsPEB_residentiel_donnees_2024.pdf,Brussels Environment residential PEB statistics 2024 PDF page 8,2026-07-27,https://episcope.eu/fileadmin/tabula/public/docs/scientific/BE_TABULA_ScientificReport_VITO.pdf,Section 4.2.3 on printed pages 44-46 / PDF pages 55-57; service measures on printed pages 49-50 / PDF pages 60-61,2026-07-27,1395.25,1.96375791696,20,69.7625,0.098187895848,200.23,23.3704375,0.865326770511
Brussels-Capital Region,BE_TABULA_17,Semi-detached house,1991-2005,17,566042,0.00147990765248,0.000151278967856,837.689887424,Statbel 2025 regional T8 dwelling counts by R1-R4 type; R5/R6 retained as an excluded residual; R4 split equally between apartment archetypes,Statbel 2025 cadastral T3.* building counts jointly classified by R1-R3 building type and construction period,R1-R3 building-age profiles are applied to the matching dwelling totals; each resulting house-category dwelling retains its whole-house TABULA geometry; national absolute heat-demand and capacity results are conditional on this mapping,2025 cadastral buildings,755.9,0.0486265680283,Known-period T3.* building counts are rebinned to TABULA periods; the 1982-1991 and 2002-2011 source bins are allocated uniformly across years at the 1990 and 2005 TABULA cut-offs. The resulting age profile is scaled to the region/type 2025 T8 dwelling total.,official_Statbel_type_by_age_profiles_scaled_to_2025_type_totals,,43108,0.0707674628581,224,615.9,410,125.2,121.4,16.5,65.7,37.7,9.5,8.1,6.9,9,10.1,34.1,TABULA_existing,0.9283,92.83,0.9282,0.9284,92.82,92.84,0.01,derived_residual,Existing=1-B-A; lower=1-B_upper-A_upper; upper=1-B_lower-A_lower,residual below PEB B,2025-01-01,406785 residential PEB certificates established through 2025-01-01 including existing and new dwellings and expired certificates,The certificate set includes existing and new dwellings and expired certificates through 1 January 2025; transaction timing and conservative conventional inputs affect the distribution; the two-decimal A and B shares each have a 0.005 percentage-point rounding interval.,Existing State,age_and_type_specific,existing_unspecified,,,Physical parameters are read from each base archetype row.,2025,777.627522495,777.543753507,777.711291484,"independence/null assumption: P(state | region, archetype) = P(state | region)",regional marginal calibrated; archetype-state joint distribution unavailable,True,True,VITO EPB2010 standard measures apply through 1991-2005; post-2005 existing cells retain the complete standard calibration state and remain eligible for advanced renovation,0.6,0.6,0.7,3.5,3.5,12,https://document.environnement.brussels/opac_css/elecfile/Statistiques_certificatsPEB_residentiel_donnees_2024.pdf,Brussels Environment residential PEB statistics 2024 PDF page 8,2026-07-27,https://episcope.eu/fileadmin/tabula/public/docs/scientific/BE_TABULA_ScientificReport_VITO.pdf,Tables 9 and 10 on printed pages 45-48 / PDF pages 56-59; Table 19 on printed pages 85-86 / PDF pages 96-97,2026-07-27,4920,7.98830979055,20,246,0.399415489528,382.84,82.41,2.07700892857
Brussels-Capital Region,BE_TABULA_17,Semi-detached house,1991-2005,17,566042,0.00147990765248,0.000151278967856,837.689887424,Statbel 2025 regional T8 dwelling counts by R1-R4 type; R5/R6 retained as an excluded residual; R4 split equally between apartment archetypes,Statbel 2025 cadastral T3.* building counts jointly classified by R1-R3 building type and construction period,R1-R3 building-age profiles are applied to the matching dwelling totals; each resulting house-category dwelling retains its whole-house TABULA geometry; national absolute heat-demand and capacity results are conditional on this mapping,2025 cadastral buildings,755.9,0.0486265680283,Known-period T3.* building counts are rebinned to TABULA periods; the 1982-1991 and 2002-2011 source bins are allocated uniformly across years at the 1990 and 2005 TABULA cut-offs. The resulting age profile is scaled to the region/type 2025 T8 dwelling total.,official_Statbel_type_by_age_profiles_scaled_to_2025_type_totals,,43108,0.0707674628581,224,615.9,410,125.2,121.4,16.5,65.7,37.7,9.5,8.1,6.9,9,10.1,34.1,TABULA_standard_B_proxy,0.0562,5.62,0.05615,0.05625,5.615,5.625,0.005,reported_share,reported value plus or minus half the printed unit,PEB B family,2025-01-01,406785 residential PEB certificates established through 2025-01-01 including existing and new dwellings and expired certificates,The certificate set includes existing and new dwellings and expired certificates through 1 January 2025; transaction timing and conservative conventional inputs affect the distribution; the B family supplies a calibration anchor for the TABULA standard physical proxy.,Standard Measures,fixed_TABULA_EPB2010_package,exhaust_air_ventilation,0,False,TABULA states that the EPB2010 upgrade measures are already achieved by the post-2005 class; the same physical values preserve a complete state matrix while post-2005 existing cells are ineligible for medium transitions.,2025,47.0781716732,47.0362871788,47.1200561676,"independence/null assumption: P(state | region, archetype) = P(state | region)",regional marginal calibrated; archetype-state joint distribution unavailable,False,True,VITO EPB2010 standard measures apply through 1991-2005; post-2005 existing cells retain the complete standard calibration state and remain eligible for advanced renovation,0.4,0.3,0.4,2,2.9,6,https://document.environnement.brussels/opac_css/elecfile/Statistiques_certificatsPEB_residentiel_donnees_2024.pdf,Brussels Environment residential PEB statistics 2024 PDF page 8,2026-07-27,https://episcope.eu/fileadmin/tabula/public/docs/scientific/BE_TABULA_ScientificReport_VITO.pdf,Section 4.2.3 on printed pages 44-46 / PDF pages 55-57; post-2005 applicability on printed page 54 / PDF page 65; service measures on printed pages 49-50 / PDF pages 60-61,2026-07-27,2460,3.99415489528,20,123,0.199707744764,229.83,41.205,1.20997767857
Brussels-Capital Region,BE_TABULA_17,Semi-detached house,1991-2005,17,566042,0.00147990765248,0.000151278967856,837.689887424,Statbel 2025 regional T8 dwelling counts by R1-R4 type; R5/R6 retained as an excluded residual; R4 split equally between apartment archetypes,Statbel 2025 cadastral T3.* building counts jointly classified by R1-R3 building type and construction period,R1-R3 building-age profiles are applied to the matching dwelling totals; each resulting house-category dwelling retains its whole-house TABULA geometry; national absolute heat-demand and capacity results are conditional on this mapping,2025 cadastral buildings,755.9,0.0486265680283,Known-period T3.* building counts are rebinned to TABULA periods; the 1982-1991 and 2002-2011 source bins are allocated uniformly across years at the 1990 and 2005 TABULA cut-offs. The resulting age profile is scaled to the region/type 2025 T8 dwelling total.,official_Statbel_type_by_age_profiles_scaled_to_2025_type_totals,,43108,0.0707674628581,224,615.9,410,125.2,121.4,16.5,65.7,37.7,9.5,8.1,6.9,9,10.1,34.1,TABULA_advanced_A_proxy,0.0155,1.55,0.01545,0.01555,1.545,1.555,0.005,reported_share,reported value plus or minus half the printed unit,PEB A family including A-/A/A+/A++,2025-01-01,406785 residential PEB certificates established through 2025-01-01 including existing and new dwellings and expired certificates,The certificate set includes existing and new dwellings and expired certificates through 1 January 2025; transaction timing and conservative conventional inputs affect the distribution; the A family supplies a calibration anchor for the TABULA advanced physical proxy.,Advanced Measures,fixed_TABULA_low_energy_package,balanced_mechanical_HRV,0.8,True,TABULA applies the Low Energy package to every dwelling type.,2025,12.9841932551,12.9423087607,13.0260777494,"independence/null assumption: P(state | region, archetype) = P(state | region)",regional marginal calibrated; archetype-state joint distribution unavailable,False,False,VITO EPB2010 standard measures apply through 1991-2005; post-2005 existing cells retain the complete standard calibration state and remain eligible for advanced renovation,0.25,0.15,0.25,1.6,1.6,2.5,https://document.environnement.brussels/opac_css/elecfile/Statistiques_certificatsPEB_residentiel_donnees_2024.pdf,Brussels Environment residential PEB statistics 2024 PDF page 8,2026-07-27,https://episcope.eu/fileadmin/tabula/public/docs/scientific/BE_TABULA_ScientificReport_VITO.pdf,Section 4.2.3 on printed pages 44-46 / PDF pages 55-57; service measures on printed pages 49-50 / PDF pages 60-61,2026-07-27,1025,1.66423120636,20,51.25,0.0832115603182,148.865,17.16875,0.741222098214
Brussels-Capital Region,BE_TABULA_18,Terraced house,1991-2005,18,566042,0.00460241137382,0.000470467222138,2605.15813886,Statbel 2025 regional T8 dwelling counts by R1-R4 type; R5/R6 retained as an excluded residual; R4 split equally between apartment archetypes,Statbel 2025 cadastral T3.* building counts jointly classified by R1-R3 building type and construction period,R1-R3 building-age profiles are applied to the matching dwelling totals; each resulting house-category dwelling retains its whole-house TABULA geometry; national absolute heat-demand and capacity results are conditional on this mapping,2025 cadastral buildings,1515.3,0.0147160795968,Known-period T3.* building counts are rebinned to TABULA periods; the 1982-1991 and 2002-2011 source bins are allocated uniformly across years at the 1990 and 2005 TABULA cut-offs. The resulting age profile is scaled to the region/type 2025 T8 dwelling total.,official_Statbel_type_by_age_profiles_scaled_to_2025_type_totals,,43108,0.0707674628581,191.6,526.9,264.5,80.9,75.2,9,37.9,25.3,9.5,6.2,6.5,6.1,7.9,26.7,TABULA_existing,0.9283,92.83,0.9282,0.9284,92.82,92.84,0.01,derived_residual,Existing=1-B-A; lower=1-B_upper-A_upper; upper=1-B_lower-A_lower,residual below PEB B,2025-01-01,406785 residential PEB certificates established through 2025-01-01 including existing and new dwellings and expired certificates,The certificate set includes existing and new dwellings and expired certificates through 1 January 2025; transaction timing and conservative conventional inputs affect the distribution; the two-decimal A and B shares each have a 0.005 percentage-point rounding interval.,Existing State,age_and_type_specific,existing_unspecified,,,Physical parameters are read from each base archetype row.,2025,2418.3683003,2418.10778449,2418.62881612,"independence/null assumption: P(state | region, archetype) = P(state | region)",regional marginal calibrated; archetype-state joint distribution unavailable,True,True,VITO EPB2010 standard measures apply through 1991-2005; post-2005 existing cells retain the complete standard calibration state and remain eligible for advanced renovation,0.6,0.6,0.7,3.5,3.5,10,https://document.environnement.brussels/opac_css/elecfile/Statistiques_certificatsPEB_residentiel_donnees_2024.pdf,Brussels Environment residential PEB statistics 2024 PDF page 8,2026-07-27,https://episcope.eu/fileadmin/tabula/public/docs/scientific/BE_TABULA_ScientificReport_VITO.pdf,Tables 9 and 10 on printed pages 45-48 / PDF pages 56-59; Table 19 on printed pages 85-86 / PDF pages 96-97,2026-07-27,2645,5.01992788005,20,132.25,0.250996394003,270,44.30375,1.64041623173
Brussels-Capital Region,BE_TABULA_18,Terraced house,1991-2005,18,566042,0.00460241137382,0.000470467222138,2605.15813886,Statbel 2025 regional T8 dwelling counts by R1-R4 type; R5/R6 retained as an excluded residual; R4 split equally between apartment archetypes,Statbel 2025 cadastral T3.* building counts jointly classified by R1-R3 building type and construction period,R1-R3 building-age profiles are applied to the matching dwelling totals; each resulting house-category dwelling retains its whole-house TABULA geometry; national absolute heat-demand and capacity results are conditional on this mapping,2025 cadastral buildings,1515.3,0.0147160795968,Known-period T3.* building counts are rebinned to TABULA periods; the 1982-1991 and 2002-2011 source bins are allocated uniformly across years at the 1990 and 2005 TABULA cut-offs. The resulting age profile is scaled to the region/type 2025 T8 dwelling total.,official_Statbel_type_by_age_profiles_scaled_to_2025_type_totals,,43108,0.0707674628581,191.6,526.9,264.5,80.9,75.2,9,37.9,25.3,9.5,6.2,6.5,6.1,7.9,26.7,TABULA_standard_B_proxy,0.0562,5.62,0.05615,0.05625,5.615,5.625,0.005,reported_share,reported value plus or minus half the printed unit,PEB B family,2025-01-01,406785 residential PEB certificates established through 2025-01-01 including existing and new dwellings and expired certificates,The certificate set includes existing and new dwellings and expired certificates through 1 January 2025; transaction timing and conservative conventional inputs affect the distribution; the B family supplies a calibration anchor for the TABULA standard physical proxy.,Standard Measures,fixed_TABULA_EPB2010_package,exhaust_air_ventilation,0,False,TABULA states that the EPB2010 upgrade measures are already achieved by the post-2005 class; the same physical values preserve a complete state matrix while post-2005 existing cells are ineligible for medium transitions.,2025,146.409887404,146.279629497,146.540145311,"independence/null assumption: P(state | region, archetype) = P(state | region)",regional marginal calibrated; archetype-state joint distribution unavailable,False,True,VITO EPB2010 standard measures apply through 1991-2005; post-2005 existing cells retain the complete standard calibration state and remain eligible for advanced renovation,0.4,0.3,0.4,2,2.9,6,https://document.environnement.brussels/opac_css/elecfile/Statistiques_certificatsPEB_residentiel_donnees_2024.pdf,Brussels Environment residential PEB statistics 2024 PDF page 8,2026-07-27,https://episcope.eu/fileadmin/tabula/public/docs/scientific/BE_TABULA_ScientificReport_VITO.pdf,Section 4.2.3 on printed pages 44-46 / PDF pages 55-57; post-2005 applicability on printed page 54 / PDF page 65; service measures on printed pages 49-50 / PDF pages 60-61,2026-07-27,1587,3.01195672803,20,79.35,0.150597836402,164.18,26.58225,0.995627609603
Brussels-Capital Region,BE_TABULA_18,Terraced house,1991-2005,18,566042,0.00460241137382,0.000470467222138,2605.15813886,Statbel 2025 regional T8 dwelling counts by R1-R4 type; R5/R6 retained as an excluded residual; R4 split equally between apartment archetypes,Statbel 2025 cadastral T3.* building counts jointly classified by R1-R3 building type and construction period,R1-R3 building-age profiles are applied to the matching dwelling totals; each resulting house-category dwelling retains its whole-house TABULA geometry; national absolute heat-demand and capacity results are conditional on this mapping,2025 cadastral buildings,1515.3,0.0147160795968,Known-period T3.* building counts are rebinned to TABULA periods; the 1982-1991 and 2002-2011 source bins are allocated uniformly across years at the 1990 and 2005 TABULA cut-offs. The resulting age profile is scaled to the region/type 2025 T8 dwelling total.,official_Statbel_type_by_age_profiles_scaled_to_2025_type_totals,,43108,0.0707674628581,191.6,526.9,264.5,80.9,75.2,9,37.9,25.3,9.5,6.2,6.5,6.1,7.9,26.7,TABULA_advanced_A_proxy,0.0155,1.55,0.01545,0.01555,1.545,1.555,0.005,reported_share,reported value plus or minus half the printed unit,PEB A family including A-/A/A+/A++,2025-01-01,406785 residential PEB certificates established through 2025-01-01 including existing and new dwellings and expired certificates,The certificate set includes existing and new dwellings and expired certificates through 1 January 2025; transaction timing and conservative conventional inputs affect the distribution; the A family supplies a calibration anchor for the TABULA advanced physical proxy.,Advanced Measures,fixed_TABULA_low_energy_package,balanced_mechanical_HRV,0.8,True,TABULA applies the Low Energy package to every dwelling type.,2025,40.3799511523,40.2496932453,40.5102090592,"independence/null assumption: P(state | region, archetype) = P(state | region)",regional marginal calibrated; archetype-state joint distribution unavailable,False,False,VITO EPB2010 standard measures apply through 1991-2005; post-2005 existing cells retain the complete standard calibration state and remain eligible for advanced renovation,0.25,0.15,0.25,1.6,1.6,2.5,https://document.environnement.brussels/opac_css/elecfile/Statistiques_certificatsPEB_residentiel_donnees_2024.pdf,Brussels Environment residential PEB statistics 2024 PDF page 8,2026-07-27,https://episcope.eu/fileadmin/tabula/public/docs/scientific/BE_TABULA_ScientificReport_VITO.pdf,Section 4.2.3 on printed pages 44-46 / PDF pages 55-57; service measures on printed pages 49-50 / PDF pages 60-61,2026-07-27,661.25,1.25498197001,20,33.0625,0.0627490985007,106.905,11.0759375,0.615766897182
Brussels-Capital Region,BE_TABULA_19,"Apartment, enclosed",1991-2005,19,566042,0.0204952918417,0.00209506761488,11601.1959846,Statbel 2025 regional T8 dwelling counts by R1-R4 type; R5/R6 retained as an excluded residual; R4 split equally between apartment archetypes,"Statbel Census 2021 HC37 conventional dwellings in residential buildings with 2 or 3+ dwellings, jointly classified by building size and construction period",R1-R3 building-age profiles are applied to the matching dwelling totals; each resulting house-category dwelling retains its whole-house TABULA geometry; national absolute heat-demand and capacity results are conditional on this mapping,2021 conventional dwellings in RES2+RES3+,16807.5,0.0634675185645,"Occupied and unoccupied HC37 conventional dwellings in RES2 and RES3+ are summed, unknown construction periods are excluded, and the exact HC37 2001-2005/2006-2010 split is retained. The resulting age profile is scaled to the regional 2025 T8 R4 dwelling total and then split 50/50 by apartment position.",official_Statbel_type_by_age_profiles_scaled_to_2025_type_totals,"Statbel R4 apartment dwellings are split 50/50 between Apartment, enclosed and Apartment, exposed because apartment position is not identified.",43108,0.0707674628581,100.1,320.3,44.8,0,17.9,0,0,0,0,13.4,0,13.4,0,26.8,TABULA_existing,0.9283,92.83,0.9282,0.9284,92.82,92.84,0.01,derived_residual,Existing=1-B-A; lower=1-B_upper-A_upper; upper=1-B_lower-A_lower,residual below PEB B,2025-01-01,406785 residential PEB certificates established through 2025-01-01 including existing and new dwellings and expired certificates,The certificate set includes existing and new dwellings and expired certificates through 1 January 2025; transaction timing and conservative conventional inputs affect the distribution; the two-decimal A and B shares each have a 0.005 percentage-point rounding interval.,Existing State,age_and_type_specific,existing_unspecified,,,Physical parameters are read from each base archetype row.,2025,10769.3902325,10768.2301129,10770.5503521,"independence/null assumption: P(state | region, archetype) = P(state | region)",regional marginal calibrated; archetype-state joint distribution unavailable,True,True,VITO EPB2010 standard measures apply through 1991-2005; post-2005 existing cells retain the complete standard calibration state and remain eligible for advanced renovation,0.6,0.6,0.7,3.5,3.5,10,https://document.environnement.brussels/opac_css/elecfile/Statistiques_certificatsPEB_residentiel_donnees_2024.pdf,Brussels Environment residential PEB statistics 2024 PDF page 8,2026-07-27,https://episcope.eu/fileadmin/tabula/public/docs/scientific/BE_TABULA_ScientificReport_VITO.pdf,Tables 9 and 10 on printed pages 45-48 / PDF pages 56-59; Table 19 on printed pages 85-86 / PDF pages 96-97,2026-07-27,448,1.39868872932,20,22.4,0.0699344364658,104.54,7.504,1.11932067932
Brussels-Capital Region,BE_TABULA_19,"Apartment, enclosed",1991-2005,19,566042,0.0204952918417,0.00209506761488,11601.1959846,Statbel 2025 regional T8 dwelling counts by R1-R4 type; R5/R6 retained as an excluded residual; R4 split equally between apartment archetypes,"Statbel Census 2021 HC37 conventional dwellings in residential buildings with 2 or 3+ dwellings, jointly classified by building size and construction period",R1-R3 building-age profiles are applied to the matching dwelling totals; each resulting house-category dwelling retains its whole-house TABULA geometry; national absolute heat-demand and capacity results are conditional on this mapping,2021 conventional dwellings in RES2+RES3+,16807.5,0.0634675185645,"Occupied and unoccupied HC37 conventional dwellings in RES2 and RES3+ are summed, unknown construction periods are excluded, and the exact HC37 2001-2005/2006-2010 split is retained. The resulting age profile is scaled to the regional 2025 T8 R4 dwelling total and then split 50/50 by apartment position.",official_Statbel_type_by_age_profiles_scaled_to_2025_type_totals,"Statbel R4 apartment dwellings are split 50/50 between Apartment, enclosed and Apartment, exposed because apartment position is not identified.",43108,0.0707674628581,100.1,320.3,44.8,0,17.9,0,0,0,0,13.4,0,13.4,0,26.8,TABULA_standard_B_proxy,0.0562,5.62,0.05615,0.05625,5.615,5.625,0.005,reported_share,reported value plus or minus half the printed unit,PEB B family,2025-01-01,406785 residential PEB certificates established through 2025-01-01 including existing and new dwellings and expired certificates,The certificate set includes existing and new dwellings and expired certificates through 1 January 2025; transaction timing and conservative conventional inputs affect the distribution; the B family supplies a calibration anchor for the TABULA standard physical proxy.,Standard Measures,fixed_TABULA_EPB2010_package,exhaust_air_ventilation,0,False,TABULA states that the EPB2010 upgrade measures are already achieved by the post-2005 class; the same physical values preserve a complete state matrix while post-2005 existing cells are ineligible for medium transitions.,2025,651.987214337,651.407154537,652.567274136,"independence/null assumption: P(state | region, archetype) = P(state | region)",regional marginal calibrated; archetype-state joint distribution unavailable,False,True,VITO EPB2010 standard measures apply through 1991-2005; post-2005 existing cells retain the complete standard calibration state and remain eligible for advanced renovation,0.4,0.3,0.4,2,2.9,6,https://document.environnement.brussels/opac_css/elecfile/Statistiques_certificatsPEB_residentiel_donnees_2024.pdf,Brussels Environment residential PEB statistics 2024 PDF page 8,2026-07-27,https://episcope.eu/fileadmin/tabula/public/docs/scientific/BE_TABULA_ScientificReport_VITO.pdf,Section 4.2.3 on printed pages 44-46 / PDF pages 55-57; post-2005 applicability on printed page 54 / PDF page 65; service measures on printed pages 49-50 / PDF pages 60-61,2026-07-27,268.8,0.83921323759,20,13.44,0.0419606618795,60.76,4.5024,0.651972027972
Brussels-Capital Region,BE_TABULA_19,"Apartment, enclosed",1991-2005,19,566042,0.0204952918417,0.00209506761488,11601.1959846,Statbel 2025 regional T8 dwelling counts by R1-R4 type; R5/R6 retained as an excluded residual; R4 split equally between apartment archetypes,"Statbel Census 2021 HC37 conventional dwellings in residential buildings with 2 or 3+ dwellings, jointly classified by building size and construction period",R1-R3 building-age profiles are applied to the matching dwelling totals; each resulting house-category dwelling retains its whole-house TABULA geometry; national absolute heat-demand and capacity results are conditional on this mapping,2021 conventional dwellings in RES2+RES3+,16807.5,0.0634675185645,"Occupied and unoccupied HC37 conventional dwellings in RES2 and RES3+ are summed, unknown construction periods are excluded, and the exact HC37 2001-2005/2006-2010 split is retained. The resulting age profile is scaled to the regional 2025 T8 R4 dwelling total and then split 50/50 by apartment position.",official_Statbel_type_by_age_profiles_scaled_to_2025_type_totals,"Statbel R4 apartment dwellings are split 50/50 between Apartment, enclosed and Apartment, exposed because apartment position is not identified.",43108,0.0707674628581,100.1,320.3,44.8,0,17.9,0,0,0,0,13.4,0,13.4,0,26.8,TABULA_advanced_A_proxy,0.0155,1.55,0.01545,0.01555,1.545,1.555,0.005,reported_share,reported value plus or minus half the printed unit,PEB A family including A-/A/A+/A++,2025-01-01,406785 residential PEB certificates established through 2025-01-01 including existing and new dwellings and expired certificates,The certificate set includes existing and new dwellings and expired certificates through 1 January 2025; transaction timing and conservative conventional inputs affect the distribution; the A family supplies a calibration anchor for the TABULA advanced physical proxy.,Advanced Measures,fixed_TABULA_low_energy_package,balanced_mechanical_HRV,0.8,True,TABULA applies the Low Energy package to every dwelling type.,2025,179.818537762,179.238477963,180.398597561,"independence/null assumption: P(state | region, archetype) = P(state | region)",regional marginal calibrated; archetype-state joint distribution unavailable,False,False,VITO EPB2010 standard measures apply through 1991-2005; post-2005 existing cells retain the complete standard calibration state and remain eligible for advanced renovation,0.25,0.15,0.25,1.6,1.6,2.5,https://document.environnement.brussels/opac_css/elecfile/Statistiques_certificatsPEB_residentiel_donnees_2024.pdf,Brussels Environment residential PEB statistics 2024 PDF page 8,2026-07-27,https://episcope.eu/fileadmin/tabula/public/docs/scientific/BE_TABULA_ScientificReport_VITO.pdf,Section 4.2.3 on printed pages 44-46 / PDF pages 55-57; service measures on printed pages 49-50 / PDF pages 60-61,2026-07-27,112,0.349672182329,20,5.6,0.0174836091165,47.355,1.876,0.491818181818
Brussels-Capital Region,BE_TABULA_20,"Apartment, exposed",1991-2005,20,566042,0.0204952918417,0.00209506761488,11601.1959846,Statbel 2025 regional T8 dwelling counts by R1-R4 type; R5/R6 retained as an excluded residual; R4 split equally between apartment archetypes,"Statbel Census 2021 HC37 conventional dwellings in residential buildings with 2 or 3+ dwellings, jointly classified by building size and construction period",R1-R3 building-age profiles are applied to the matching dwelling totals; each resulting house-category dwelling retains its whole-house TABULA geometry; national absolute heat-demand and capacity results are conditional on this mapping,2021 conventional dwellings in RES2+RES3+,16807.5,0.0634675185645,"Occupied and unoccupied HC37 conventional dwellings in RES2 and RES3+ are summed, unknown construction periods are excluded, and the exact HC37 2001-2005/2006-2010 split is retained. The resulting age profile is scaled to the regional 2025 T8 R4 dwelling total and then split 50/50 by apartment position.",official_Statbel_type_by_age_profiles_scaled_to_2025_type_totals,"Statbel R4 apartment dwellings are split 50/50 between Apartment, enclosed and Apartment, exposed because apartment position is not identified.",43108,0.0707674628581,100.1,320.3,190.7,100.1,63.7,0,0,0,0,13.4,0,13.4,0,26.8,TABULA_existing,0.9283,92.83,0.9282,0.9284,92.82,92.84,0.01,derived_residual,Existing=1-B-A; lower=1-B_upper-A_upper; upper=1-B_lower-A_lower,residual below PEB B,2025-01-01,406785 residential PEB certificates established through 2025-01-01 including existing and new dwellings and expired certificates,The certificate set includes existing and new dwellings and expired certificates through 1 January 2025; transaction timing and conservative conventional inputs affect the distribution; the two-decimal A and B shares each have a 0.005 percentage-point rounding interval.,Existing State,age_and_type_specific,existing_unspecified,,,Physical parameters are read from each base archetype row.,2025,10769.3902325,10768.2301129,10770.5503521,"independence/null assumption: P(state | region, archetype) = P(state | region)",regional marginal calibrated; archetype-state joint distribution unavailable,True,True,VITO EPB2010 standard measures apply through 1991-2005; post-2005 existing cells retain the complete standard calibration state and remain eligible for advanced renovation,0.6,0.6,0.7,3.5,3.5,10,https://document.environnement.brussels/opac_css/elecfile/Statistiques_certificatsPEB_residentiel_donnees_2024.pdf,Brussels Environment residential PEB statistics 2024 PDF page 8,2026-07-27,https://episcope.eu/fileadmin/tabula/public/docs/scientific/BE_TABULA_ScientificReport_VITO.pdf,Tables 9 and 10 on printed pages 45-48 / PDF pages 56-59; Table 19 on printed pages 85-86 / PDF pages 96-97,2026-07-27,1907,5.95379331876,20,95.35,0.297689665938,192.08,31.94225,2.23798451548
Brussels-Capital Region,BE_TABULA_20,"Apartment, exposed",1991-2005,20,566042,0.0204952918417,0.00209506761488,11601.1959846,Statbel 2025 regional T8 dwelling counts by R1-R4 type; R5/R6 retained as an excluded residual; R4 split equally between apartment archetypes,"Statbel Census 2021 HC37 conventional dwellings in residential buildings with 2 or 3+ dwellings, jointly classified by building size and construction period",R1-R3 building-age profiles are applied to the matching dwelling totals; each resulting house-category dwelling retains its whole-house TABULA geometry; national absolute heat-demand and capacity results are conditional on this mapping,2021 conventional dwellings in RES2+RES3+,16807.5,0.0634675185645,"Occupied and unoccupied HC37 conventional dwellings in RES2 and RES3+ are summed, unknown construction periods are excluded, and the exact HC37 2001-2005/2006-2010 split is retained. The resulting age profile is scaled to the regional 2025 T8 R4 dwelling total and then split 50/50 by apartment position.",official_Statbel_type_by_age_profiles_scaled_to_2025_type_totals,"Statbel R4 apartment dwellings are split 50/50 between Apartment, enclosed and Apartment, exposed because apartment position is not identified.",43108,0.0707674628581,100.1,320.3,190.7,100.1,63.7,0,0,0,0,13.4,0,13.4,0,26.8,TABULA_standard_B_proxy,0.0562,5.62,0.05615,0.05625,5.615,5.625,0.005,reported_share,reported value plus or minus half the printed unit,PEB B family,2025-01-01,406785 residential PEB certificates established through 2025-01-01 including existing and new dwellings and expired certificates,The certificate set includes existing and new dwellings and expired certificates through 1 January 2025; transaction timing and conservative conventional inputs affect the distribution; the B family supplies a calibration anchor for the TABULA standard physical proxy.,Standard Measures,fixed_TABULA_EPB2010_package,exhaust_air_ventilation,0,False,TABULA states that the EPB2010 upgrade measures are already achieved by the post-2005 class; the same physical values preserve a complete state matrix while post-2005 existing cells are ineligible for medium transitions.,2025,651.987214337,651.407154537,652.567274136,"independence/null assumption: P(state | region, archetype) = P(state | region)",regional marginal calibrated; archetype-state joint distribution unavailable,False,True,VITO EPB2010 standard measures apply through 1991-2005; post-2005 existing cells retain the complete standard calibration state and remain eligible for advanced renovation,0.4,0.3,0.4,2,2.9,6,https://document.environnement.brussels/opac_css/elecfile/Statistiques_certificatsPEB_residentiel_donnees_2024.pdf,Brussels Environment residential PEB statistics 2024 PDF page 8,2026-07-27,https://episcope.eu/fileadmin/tabula/public/docs/scientific/BE_TABULA_ScientificReport_VITO.pdf,Section 4.2.3 on printed pages 44-46 / PDF pages 55-57; post-2005 applicability on printed page 54 / PDF page 65; service measures on printed pages 49-50 / PDF pages 60-61,2026-07-27,1144.2,3.57227599126,20,57.21,0.178613799563,109.11,19.16535,1.28147202797
Brussels-Capital Region,BE_TABULA_20,"Apartment, exposed",1991-2005,20,566042,0.0204952918417,0.00209506761488,11601.1959846,Statbel 2025 regional T8 dwelling counts by R1-R4 type; R5/R6 retained as an excluded residual; R4 split equally between apartment archetypes,"Statbel Census 2021 HC37 conventional dwellings in residential buildings with 2 or 3+ dwellings, jointly classified by building size and construction period",R1-R3 building-age profiles are applied to the matching dwelling totals; each resulting house-category dwelling retains its whole-house TABULA geometry; national absolute heat-demand and capacity results are conditional on this mapping,2021 conventional dwellings in RES2+RES3+,16807.5,0.0634675185645,"Occupied and unoccupied HC37 conventional dwellings in RES2 and RES3+ are summed, unknown construction periods are excluded, and the exact HC37 2001-2005/2006-2010 split is retained. The resulting age profile is scaled to the regional 2025 T8 R4 dwelling total and then split 50/50 by apartment position.",official_Statbel_type_by_age_profiles_scaled_to_2025_type_totals,"Statbel R4 apartment dwellings are split 50/50 between Apartment, enclosed and Apartment, exposed because apartment position is not identified.",43108,0.0707674628581,100.1,320.3,190.7,100.1,63.7,0,0,0,0,13.4,0,13.4,0,26.8,TABULA_advanced_A_proxy,0.0155,1.55,0.01545,0.01555,1.545,1.555,0.005,reported_share,reported value plus or minus half the printed unit,PEB A family including A-/A/A+/A++,2025-01-01,406785 residential PEB certificates established through 2025-01-01 including existing and new dwellings and expired certificates,The certificate set includes existing and new dwellings and expired certificates through 1 January 2025; transaction timing and conservative conventional inputs affect the distribution; the A family supplies a calibration anchor for the TABULA advanced physical proxy.,Advanced Measures,fixed_TABULA_low_energy_package,balanced_mechanical_HRV,0.8,True,TABULA applies the Low Energy package to every dwelling type.,2025,179.818537762,179.238477963,180.398597561,"independence/null assumption: P(state | region, archetype) = P(state | region)",regional marginal calibrated; archetype-state joint distribution unavailable,False,False,VITO EPB2010 standard measures apply through 1991-2005; post-2005 existing cells retain the complete standard calibration state and remain eligible for advanced renovation,0.25,0.15,0.25,1.6,1.6,2.5,https://document.environnement.brussels/opac_css/elecfile/Statistiques_certificatsPEB_residentiel_donnees_2024.pdf,Brussels Environment residential PEB statistics 2024 PDF page 8,2026-07-27,https://episcope.eu/fileadmin/tabula/public/docs/scientific/BE_TABULA_ScientificReport_VITO.pdf,Section 4.2.3 on printed pages 44-46 / PDF pages 55-57; service measures on printed pages 49-50 / PDF pages 60-61,2026-07-27,476.75,1.48844832969,20,23.8375,0.0744224164845,73.82,7.9855625,0.817238386613
Brussels-Capital Region,BE_TABULA_21,Detached house,post-2005,21,566042,0.000560763848638,5.7322344466e-05,317.415890411,Statbel 2025 regional T8 dwelling counts by R1-R4 type; R5/R6 retained as an excluded residual; R4 split equally between apartment archetypes,Statbel 2025 cadastral T3.* building counts jointly classified by R1-R3 building type and construction period,R1-R3 building-age profiles are applied to the matching dwelling totals; each resulting house-category dwelling retains its whole-house TABULA geometry; national absolute heat-demand and capacity results are conditional on this mapping,2025 cadastral buildings,298.6,0.0511301369863,Known-period T3.* building counts are rebinned to TABULA periods; the 1982-1991 and 2002-2011 source bins are allocated uniformly across years at the 1990 and 2005 TABULA cut-offs. The resulting age profile is scaled to the region/type 2025 T8 dwelling total.,official_Statbel_type_by_age_profiles_scaled_to_2025_type_totals,,43108,0.0707674628581,269.6,741.4,557.9,152.3,173.2,28,48,83.9,9.5,16.2,14.7,20.2,11.8,62.9,TABULA_existing,0.9283,92.83,0.9282,0.9284,92.82,92.84,0.01,derived_residual,Existing=1-B-A; lower=1-B_upper-A_upper; upper=1-B_lower-A_lower,residual below PEB B,2025-01-01,406785 residential PEB certificates established through 2025-01-01 including existing and new dwellings and expired certificates,The certificate set includes existing and new dwellings and expired certificates through 1 January 2025; transaction timing and conservative conventional inputs affect the distribution; the two-decimal A and B shares each have a 0.005 percentage-point rounding interval.,Existing State,age_and_type_specific,existing_unspecified,,,Physical parameters are read from each base archetype row.,2025,294.657171068,294.625429479,294.688912658,"independence/null assumption: P(state | region, archetype) = P(state | region)",regional marginal calibrated; archetype-state joint distribution unavailable,False,True,VITO EPB2010 standard measures apply through 1991-2005; post-2005 existing cells retain the complete standard calibration state and remain eligible for advanced renovation,0.4,0.3,0.4,2,2.9,6.1,https://document.environnement.brussels/opac_css/elecfile/Statistiques_certificatsPEB_residentiel_donnees_2024.pdf,Brussels Environment residential PEB statistics 2024 PDF page 8,2026-07-27,https://episcope.eu/fileadmin/tabula/public/docs/scientific/BE_TABULA_ScientificReport_VITO.pdf,Tables 9 and 10 on printed pages 45-48 / PDF pages 56-59; Table 19 on printed pages 85-86 / PDF pages 96-97,2026-07-27,3403.19,4.59022120313,20,170.1595,0.229511060156,332.28,57.0034325,1.44392964577
Brussels-Capital Region,BE_TABULA_21,Detached house,post-2005,21,566042,0.000560763848638,5.7322344466e-05,317.415890411,Statbel 2025 regional T8 dwelling counts by R1-R4 type; R5/R6 retained as an excluded residual; R4 split equally between apartment archetypes,Statbel 2025 cadastral T3.* building counts jointly classified by R1-R3 building type and construction period,R1-R3 building-age profiles are applied to the matching dwelling totals; each resulting house-category dwelling retains its whole-house TABULA geometry; national absolute heat-demand and capacity results are conditional on this mapping,2025 cadastral buildings,298.6,0.0511301369863,Known-period T3.* building counts are rebinned to TABULA periods; the 1982-1991 and 2002-2011 source bins are allocated uniformly across years at the 1990 and 2005 TABULA cut-offs. The resulting age profile is scaled to the region/type 2025 T8 dwelling total.,official_Statbel_type_by_age_profiles_scaled_to_2025_type_totals,,43108,0.0707674628581,269.6,741.4,557.9,152.3,173.2,28,48,83.9,9.5,16.2,14.7,20.2,11.8,62.9,TABULA_standard_B_proxy,0.0562,5.62,0.05615,0.05625,5.615,5.625,0.005,reported_share,reported value plus or minus half the printed unit,PEB B family,2025-01-01,406785 residential PEB certificates established through 2025-01-01 including existing and new dwellings and expired certificates,The certificate set includes existing and new dwellings and expired certificates through 1 January 2025; transaction timing and conservative conventional inputs affect the distribution; the B family supplies a calibration anchor for the TABULA standard physical proxy.,Standard Measures,fixed_TABULA_EPB2010_package,exhaust_air_ventilation,0,False,TABULA states that the EPB2010 upgrade measures are already achieved by the post-2005 class; the same physical values preserve a complete state matrix while post-2005 existing cells are ineligible for medium transitions.,2025,17.8387730411,17.8229022466,17.8546438356,"independence/null assumption: P(state | region, archetype) = P(state | region)",regional marginal calibrated; archetype-state joint distribution unavailable,False,True,VITO EPB2010 standard measures apply through 1991-2005; post-2005 existing cells retain the complete standard calibration state and remain eligible for advanced renovation,0.4,0.3,0.4,2,2.9,6,https://document.environnement.brussels/opac_css/elecfile/Statistiques_certificatsPEB_residentiel_donnees_2024.pdf,Brussels Environment residential PEB statistics 2024 PDF page 8,2026-07-27,https://episcope.eu/fileadmin/tabula/public/docs/scientific/BE_TABULA_ScientificReport_VITO.pdf,Section 4.2.3 on printed pages 44-46 / PDF pages 55-57; post-2005 applicability on printed page 54 / PDF page 65; service measures on printed pages 49-50 / PDF pages 60-61,2026-07-27,3347.4,4.51497167521,20,167.37,0.22574858376,332.28,56.06895,1.44046346439
Brussels-Capital Region,BE_TABULA_21,Detached house,post-2005,21,566042,0.000560763848638,5.7322344466e-05,317.415890411,Statbel 2025 regional T8 dwelling counts by R1-R4 type; R5/R6 retained as an excluded residual; R4 split equally between apartment archetypes,Statbel 2025 cadastral T3.* building counts jointly classified by R1-R3 building type and construction period,R1-R3 building-age profiles are applied to the matching dwelling totals; each resulting house-category dwelling retains its whole-house TABULA geometry; national absolute heat-demand and capacity results are conditional on this mapping,2025 cadastral buildings,298.6,0.0511301369863,Known-period T3.* building counts are rebinned to TABULA periods; the 1982-1991 and 2002-2011 source bins are allocated uniformly across years at the 1990 and 2005 TABULA cut-offs. The resulting age profile is scaled to the region/type 2025 T8 dwelling total.,official_Statbel_type_by_age_profiles_scaled_to_2025_type_totals,,43108,0.0707674628581,269.6,741.4,557.9,152.3,173.2,28,48,83.9,9.5,16.2,14.7,20.2,11.8,62.9,TABULA_advanced_A_proxy,0.0155,1.55,0.01545,0.01555,1.545,1.555,0.005,reported_share,reported value plus or minus half the printed unit,PEB A family including A-/A/A+/A++,2025-01-01,406785 residential PEB certificates established through 2025-01-01 including existing and new dwellings and expired certificates,The certificate set includes existing and new dwellings and expired certificates through 1 January 2025; transaction timing and conservative conventional inputs affect the distribution; the A family supplies a calibration anchor for the TABULA advanced physical proxy.,Advanced Measures,fixed_TABULA_low_energy_package,balanced_mechanical_HRV,0.8,True,TABULA applies the Low Energy package to every dwelling type.,2025,4.91994630137,4.90407550685,4.93581709589,"independence/null assumption: P(state | region, archetype) = P(state | region)",regional marginal calibrated; archetype-state joint distribution unavailable,False,False,VITO EPB2010 standard measures apply through 1991-2005; post-2005 existing cells retain the complete standard calibration state and remain eligible for advanced renovation,0.25,0.15,0.25,1.6,1.6,2.5,https://document.environnement.brussels/opac_css/elecfile/Statistiques_certificatsPEB_residentiel_donnees_2024.pdf,Brussels Environment residential PEB statistics 2024 PDF page 8,2026-07-27,https://episcope.eu/fileadmin/tabula/public/docs/scientific/BE_TABULA_ScientificReport_VITO.pdf,Section 4.2.3 on printed pages 44-46 / PDF pages 55-57; service measures on printed pages 49-50 / PDF pages 60-61,2026-07-27,1394.75,1.881238198,20,69.7375,0.0940619099002,221.96,23.3620625,0.909948303042
Brussels-Capital Region,BE_TABULA_22,Semi-detached house,post-2005,22,566042,0.00122167267515,0.000124881698561,691.518044387,Statbel 2025 regional T8 dwelling counts by R1-R4 type; R5/R6 retained as an excluded residual; R4 split equally between apartment archetypes,Statbel 2025 cadastral T3.* building counts jointly classified by R1-R3 building type and construction period,R1-R3 building-age profiles are applied to the matching dwelling totals; each resulting house-category dwelling retains its whole-house TABULA geometry; national absolute heat-demand and capacity results are conditional on this mapping,2025 cadastral buildings,624,0.040141524606,Known-period T3.* building counts are rebinned to TABULA periods; the 1982-1991 and 2002-2011 source bins are allocated uniformly across years at the 1990 and 2005 TABULA cut-offs. The resulting age profile is scaled to the region/type 2025 T8 dwelling total.,official_Statbel_type_by_age_profiles_scaled_to_2025_type_totals,,43108,0.0707674628581,233.7,642.7,407.9,118,118.3,16.9,62.2,35.8,9.5,13.4,9.2,13.9,10.6,47.1,TABULA_existing,0.9283,92.83,0.9282,0.9284,92.82,92.84,0.01,derived_residual,Existing=1-B-A; lower=1-B_upper-A_upper; upper=1-B_lower-A_lower,residual below PEB B,2025-01-01,406785 residential PEB certificates established through 2025-01-01 including existing and new dwellings and expired certificates,The certificate set includes existing and new dwellings and expired certificates through 1 January 2025; transaction timing and conservative conventional inputs affect the distribution; the two-decimal A and B shares each have a 0.005 percentage-point rounding interval.,Existing State,age_and_type_specific,existing_unspecified,,,Physical parameters are read from each base archetype row.,2025,641.936200605,641.8670488,642.005352409,"independence/null assumption: P(state | region, archetype) = P(state | region)",regional marginal calibrated; archetype-state joint distribution unavailable,False,True,VITO EPB2010 standard measures apply through 1991-2005; post-2005 existing cells retain the complete standard calibration state and remain eligible for advanced renovation,0.4,0.3,0.4,2,2.9,6.3,https://document.environnement.brussels/opac_css/elecfile/Statistiques_certificatsPEB_residentiel_donnees_2024.pdf,Brussels Environment residential PEB statistics 2024 PDF page 8,2026-07-27,https://episcope.eu/fileadmin/tabula/public/docs/scientific/BE_TABULA_ScientificReport_VITO.pdf,Tables 9 and 10 on printed pages 45-48 / PDF pages 56-59; Table 19 on printed pages 85-86 / PDF pages 96-97,2026-07-27,2569.77,3.99839738603,20,128.4885,0.199919869301,250.43,43.0436475,1.25577084938
Brussels-Capital Region,BE_TABULA_22,Semi-detached house,post-2005,22,566042,0.00122167267515,0.000124881698561,691.518044387,Statbel 2025 regional T8 dwelling counts by R1-R4 type; R5/R6 retained as an excluded residual; R4 split equally between apartment archetypes,Statbel 2025 cadastral T3.* building counts jointly classified by R1-R3 building type and construction period,R1-R3 building-age profiles are applied to the matching dwelling totals; each resulting house-category dwelling retains its whole-house TABULA geometry; national absolute heat-demand and capacity results are conditional on this mapping,2025 cadastral buildings,624,0.040141524606,Known-period T3.* building counts are rebinned to TABULA periods; the 1982-1991 and 2002-2011 source bins are allocated uniformly across years at the 1990 and 2005 TABULA cut-offs. The resulting age profile is scaled to the region/type 2025 T8 dwelling total.,official_Statbel_type_by_age_profiles_scaled_to_2025_type_totals,,43108,0.0707674628581,233.7,642.7,407.9,118,118.3,16.9,62.2,35.8,9.5,13.4,9.2,13.9,10.6,47.1,TABULA_standard_B_proxy,0.0562,5.62,0.05615,0.05625,5.615,5.625,0.005,reported_share,reported value plus or minus half the printed unit,PEB B family,2025-01-01,406785 residential PEB certificates established through 2025-01-01 including existing and new dwellings and expired certificates,The certificate set includes existing and new dwellings and expired certificates through 1 January 2025; transaction timing and conservative conventional inputs affect the distribution; the B family supplies a calibration anchor for the TABULA standard physical proxy.,Standard Measures,fixed_TABULA_EPB2010_package,exhaust_air_ventilation,0,False,TABULA states that the EPB2010 upgrade measures are already achieved by the post-2005 class; the same physical values preserve a complete state matrix while post-2005 existing cells are ineligible for medium transitions.,2025,38.8633140946,38.8287381923,38.8978899968,"independence/null assumption: P(state | region, archetype) = P(state | region)",regional marginal calibrated; archetype-state joint distribution unavailable,False,True,VITO EPB2010 standard measures apply through 1991-2005; post-2005 existing cells retain the complete standard calibration state and remain eligible for advanced renovation,0.4,0.3,0.4,2,2.9,6,https://document.environnement.brussels/opac_css/elecfile/Statistiques_certificatsPEB_residentiel_donnees_2024.pdf,Brussels Environment residential PEB statistics 2024 PDF page 8,2026-07-27,https://episcope.eu/fileadmin/tabula/public/docs/scientific/BE_TABULA_ScientificReport_VITO.pdf,Section 4.2.3 on printed pages 44-46 / PDF pages 55-57; post-2005 applicability on printed page 54 / PDF page 65; service measures on printed pages 49-50 / PDF pages 60-61,2026-07-27,2447.4,3.8079975105,20,122.37,0.190399875525,250.43,40.99395,1.24700021395
Brussels-Capital Region,BE_TABULA_22,Semi-detached house,post-2005,22,566042,0.00122167267515,0.000124881698561,691.518044387,Statbel 2025 regional T8 dwelling counts by R1-R4 type; R5/R6 retained as an excluded residual; R4 split equally between apartment archetypes,Statbel 2025 cadastral T3.* building counts jointly classified by R1-R3 building type and construction period,R1-R3 building-age profiles are applied to the matching dwelling totals; each resulting house-category dwelling retains its whole-house TABULA geometry; national absolute heat-demand and capacity results are conditional on this mapping,2025 cadastral buildings,624,0.040141524606,Known-period T3.* building counts are rebinned to TABULA periods; the 1982-1991 and 2002-2011 source bins are allocated uniformly across years at the 1990 and 2005 TABULA cut-offs. The resulting age profile is scaled to the region/type 2025 T8 dwelling total.,official_Statbel_type_by_age_profiles_scaled_to_2025_type_totals,,43108,0.0707674628581,233.7,642.7,407.9,118,118.3,16.9,62.2,35.8,9.5,13.4,9.2,13.9,10.6,47.1,TABULA_advanced_A_proxy,0.0155,1.55,0.01545,0.01555,1.545,1.555,0.005,reported_share,reported value plus or minus half the printed unit,PEB A family including A-/A/A+/A++,2025-01-01,406785 residential PEB certificates established through 2025-01-01 including existing and new dwellings and expired certificates,The certificate set includes existing and new dwellings and expired certificates through 1 January 2025; transaction timing and conservative conventional inputs affect the distribution; the A family supplies a calibration anchor for the TABULA advanced physical proxy.,Advanced Measures,fixed_TABULA_low_energy_package,balanced_mechanical_HRV,0.8,True,TABULA applies the Low Energy package to every dwelling type.,2025,10.718529688,10.6839537858,10.7531055902,"independence/null assumption: P(state | region, archetype) = P(state | region)",regional marginal calibrated; archetype-state joint distribution unavailable,False,False,VITO EPB2010 standard measures apply through 1991-2005; post-2005 existing cells retain the complete standard calibration state and remain eligible for advanced renovation,0.25,0.15,0.25,1.6,1.6,2.5,https://document.environnement.brussels/opac_css/elecfile/Statistiques_certificatsPEB_residentiel_donnees_2024.pdf,Brussels Environment residential PEB statistics 2024 PDF page 8,2026-07-27,https://episcope.eu/fileadmin/tabula/public/docs/scientific/BE_TABULA_ScientificReport_VITO.pdf,Section 4.2.3 on printed pages 44-46 / PDF pages 55-57; service measures on printed pages 49-50 / PDF pages 60-61,2026-07-27,1019.75,1.58666562938,20,50.9875,0.0793332814688,166.56,17.0808125,0.785797229354
Brussels-Capital Region,BE_TABULA_23,Terraced house,post-2005,23,566042,0.00409791686501,0.000418896836341,2319.5930581,Statbel 2025 regional T8 dwelling counts by R1-R4 type; R5/R6 retained as an excluded residual; R4 split equally between apartment archetypes,Statbel 2025 cadastral T3.* building counts jointly classified by R1-R3 building type and construction period,R1-R3 building-age profiles are applied to the matching dwelling totals; each resulting house-category dwelling retains its whole-house TABULA geometry; national absolute heat-demand and capacity results are conditional on this mapping,2025 cadastral buildings,1349.2,0.0131029727394,Known-period T3.* building counts are rebinned to TABULA periods; the 1982-1991 and 2002-2011 source bins are allocated uniformly across years at the 1990 and 2005 TABULA cut-offs. The resulting age profile is scaled to the region/type 2025 T8 dwelling total.,official_Statbel_type_by_age_profiles_scaled_to_2025_type_totals,,43108,0.0707674628581,199.9,549.8,267.7,76.3,72,13.3,35.9,24.1,9.5,10.3,8.6,9.5,8.2,36.6,TABULA_existing,0.9283,92.83,0.9282,0.9284,92.82,92.84,0.01,derived_residual,Existing=1-B-A; lower=1-B_upper-A_upper; upper=1-B_lower-A_lower,residual below PEB B,2025-01-01,406785 residential PEB certificates established through 2025-01-01 including existing and new dwellings and expired certificates,The certificate set includes existing and new dwellings and expired certificates through 1 January 2025; transaction timing and conservative conventional inputs affect the distribution; the two-decimal A and B shares each have a 0.005 percentage-point rounding interval.,Existing State,age_and_type_specific,existing_unspecified,,,Physical parameters are read from each base archetype row.,2025,2153.27823584,2153.04627653,2153.51019514,"independence/null assumption: P(state | region, archetype) = P(state | region)",regional marginal calibrated; archetype-state joint distribution unavailable,False,True,VITO EPB2010 standard measures apply through 1991-2005; post-2005 existing cells retain the complete standard calibration state and remain eligible for advanced renovation,0.4,0.3,0.4,2,2.9,6,https://document.environnement.brussels/opac_css/elecfile/Statistiques_certificatsPEB_residentiel_donnees_2024.pdf,Brussels Environment residential PEB statistics 2024 PDF page 8,2026-07-27,https://episcope.eu/fileadmin/tabula/public/docs/scientific/BE_TABULA_ScientificReport_VITO.pdf,Tables 9 and 10 on printed pages 45-48 / PDF pages 56-59; Table 19 on printed pages 85-86 / PDF pages 96-97,2026-07-27,1606.2,2.92142597308,20,80.31,0.146071298654,181.76,26.90385,1.04384117059
Brussels-Capital Region,BE_TABULA_23,Terraced house,post-2005,23,566042,0.00409791686501,0.000418896836341,2319.5930581,Statbel 2025 regional T8 dwelling counts by R1-R4 type; R5/R6 retained as an excluded residual; R4 split equally between apartment archetypes,Statbel 2025 cadastral T3.* building counts jointly classified by R1-R3 building type and construction period,R1-R3 building-age profiles are applied to the matching dwelling totals; each resulting house-category dwelling retains its whole-house TABULA geometry; national absolute heat-demand and capacity results are conditional on this mapping,2025 cadastral buildings,1349.2,0.0131029727394,Known-period T3.* building counts are rebinned to TABULA periods; the 1982-1991 and 2002-2011 source bins are allocated uniformly across years at the 1990 and 2005 TABULA cut-offs. The resulting age profile is scaled to the region/type 2025 T8 dwelling total.,official_Statbel_type_by_age_profiles_scaled_to_2025_type_totals,,43108,0.0707674628581,199.9,549.8,267.7,76.3,72,13.3,35.9,24.1,9.5,10.3,8.6,9.5,8.2,36.6,TABULA_standard_B_proxy,0.0562,5.62,0.05615,0.05625,5.615,5.625,0.005,reported_share,reported value plus or minus half the printed unit,PEB B family,2025-01-01,406785 residential PEB certificates established through 2025-01-01 including existing and new dwellings and expired certificates,The certificate set includes existing and new dwellings and expired certificates through 1 January 2025; transaction timing and conservative conventional inputs affect the distribution; the B family supplies a calibration anchor for the TABULA standard physical proxy.,Standard Measures,fixed_TABULA_EPB2010_package,exhaust_air_ventilation,0,False,TABULA states that the EPB2010 upgrade measures are already achieved by the post-2005 class; the same physical values preserve a complete state matrix while post-2005 existing cells are ineligible for medium transitions.,2025,130.361129865,130.245150213,130.477109518,"independence/null assumption: P(state | region, archetype) = P(state | region)",regional marginal calibrated; archetype-state joint distribution unavailable,False,True,VITO EPB2010 standard measures apply through 1991-2005; post-2005 existing cells retain the complete standard calibration state and remain eligible for advanced renovation,0.4,0.3,0.4,2,2.9,6,https://document.environnement.brussels/opac_css/elecfile/Statistiques_certificatsPEB_residentiel_donnees_2024.pdf,Brussels Environment residential PEB statistics 2024 PDF page 8,2026-07-27,https://episcope.eu/fileadmin/tabula/public/docs/scientific/BE_TABULA_ScientificReport_VITO.pdf,Section 4.2.3 on printed pages 44-46 / PDF pages 55-57; post-2005 applicability on printed page 54 / PDF page 65; service measures on printed pages 49-50 / PDF pages 60-61,2026-07-27,1606.2,2.92142597308,20,80.31,0.146071298654,181.76,26.90385,1.04384117059
Brussels-Capital Region,BE_TABULA_23,Terraced house,post-2005,23,566042,0.00409791686501,0.000418896836341,2319.5930581,Statbel 2025 regional T8 dwelling counts by R1-R4 type; R5/R6 retained as an excluded residual; R4 split equally between apartment archetypes,Statbel 2025 cadastral T3.* building counts jointly classified by R1-R3 building type and construction period,R1-R3 building-age profiles are applied to the matching dwelling totals; each resulting house-category dwelling retains its whole-house TABULA geometry; national absolute heat-demand and capacity results are conditional on this mapping,2025 cadastral buildings,1349.2,0.0131029727394,Known-period T3.* building counts are rebinned to TABULA periods; the 1982-1991 and 2002-2011 source bins are allocated uniformly across years at the 1990 and 2005 TABULA cut-offs. The resulting age profile is scaled to the region/type 2025 T8 dwelling total.,official_Statbel_type_by_age_profiles_scaled_to_2025_type_totals,,43108,0.0707674628581,199.9,549.8,267.7,76.3,72,13.3,35.9,24.1,9.5,10.3,8.6,9.5,8.2,36.6,TABULA_advanced_A_proxy,0.0155,1.55,0.01545,0.01555,1.545,1.555,0.005,reported_share,reported value plus or minus half the printed unit,PEB A family including A-/A/A+/A++,2025-01-01,406785 residential PEB certificates established through 2025-01-01 including existing and new dwellings and expired certificates,The certificate set includes existing and new dwellings and expired certificates through 1 January 2025; transaction timing and conservative conventional inputs affect the distribution; the A family supplies a calibration anchor for the TABULA advanced physical proxy.,Advanced Measures,fixed_TABULA_low_energy_package,balanced_mechanical_HRV,0.8,True,TABULA applies the Low Energy package to every dwelling type.,2025,35.9536924006,35.8377127477,36.0696720535,"independence/null assumption: P(state | region, archetype) = P(state | region)",regional marginal calibrated; archetype-state joint distribution unavailable,False,False,VITO EPB2010 standard measures apply through 1991-2005; post-2005 existing cells retain the complete standard calibration state and remain eligible for advanced renovation,0.25,0.15,0.25,1.6,1.6,2.5,https://document.environnement.brussels/opac_css/elecfile/Statistiques_certificatsPEB_residentiel_donnees_2024.pdf,Brussels Environment residential PEB statistics 2024 PDF page 8,2026-07-27,https://episcope.eu/fileadmin/tabula/public/docs/scientific/BE_TABULA_ScientificReport_VITO.pdf,Section 4.2.3 on printed pages 44-46 / PDF pages 55-57; service measures on printed pages 49-50 / PDF pages 60-61,2026-07-27,669.25,1.21726082212,20,33.4625,0.0608630411059,121.53,11.2099375,0.664031703352
Brussels-Capital Region,BE_TABULA_24,"Apartment, enclosed",post-2005,24,566042,0.0268350224551,0.00274312690566,15189.7497805,Statbel 2025 regional T8 dwelling counts by R1-R4 type; R5/R6 retained as an excluded residual; R4 split equally between apartment archetypes,"Statbel Census 2021 HC37 conventional dwellings in residential buildings with 2 or 3+ dwellings, jointly classified by building size and construction period",R1-R3 building-age profiles are applied to the matching dwelling totals; each resulting house-category dwelling retains its whole-house TABULA geometry; national absolute heat-demand and capacity results are conditional on this mapping,2021 conventional dwellings in RES2+RES3+,22006.5,0.0830996845033,"Occupied and unoccupied HC37 conventional dwellings in RES2 and RES3+ are summed, unknown construction periods are excluded, and the exact HC37 2001-2005/2006-2010 split is retained. The resulting age profile is scaled to the regional 2025 T8 R4 dwelling total and then split 50/50 by apartment position.",official_Statbel_type_by_age_profiles_scaled_to_2025_type_totals,"Statbel R4 apartment dwellings are split 50/50 between Apartment, enclosed and Apartment, exposed because apartment position is not identified.",43108,0.0707674628581,100.1,320.3,44.8,0,17.9,0,0,0,0,13.4,0,13.4,0,26.8,TABULA_existing,0.9283,92.83,0.9282,0.9284,92.82,92.84,0.01,derived_residual,Existing=1-B-A; lower=1-B_upper-A_upper; upper=1-B_lower-A_lower,residual below PEB B,2025-01-01,406785 residential PEB certificates established through 2025-01-01 including existing and new dwellings and expired certificates,The certificate set includes existing and new dwellings and expired certificates through 1 January 2025; transaction timing and conservative conventional inputs affect the distribution; the two-decimal A and B shares each have a 0.005 percentage-point rounding interval.,Existing State,age_and_type_specific,existing_unspecified,,,Physical parameters are read from each base archetype row.,2025,14100.6447212,14099.1257463,14102.1636962,"independence/null assumption: P(state | region, archetype) = P(state | region)",regional marginal calibrated; archetype-state joint distribution unavailable,False,True,VITO EPB2010 standard measures apply through 1991-2005; post-2005 existing cells retain the complete standard calibration state and remain eligible for advanced renovation,0.4,0.3,0.4,2,2.9,6,https://document.environnement.brussels/opac_css/elecfile/Statistiques_certificatsPEB_residentiel_donnees_2024.pdf,Brussels Environment residential PEB statistics 2024 PDF page 8,2026-07-27,https://episcope.eu/fileadmin/tabula/public/docs/scientific/BE_TABULA_ScientificReport_VITO.pdf,Tables 9 and 10 on printed pages 45-48 / PDF pages 56-59; Table 19 on printed pages 85-86 / PDF pages 96-97,2026-07-27,268.8,0.83921323759,20,13.44,0.0419606618795,60.76,4.5024,0.651972027972
Brussels-Capital Region,BE_TABULA_24,"Apartment, enclosed",post-2005,24,566042,0.0268350224551,0.00274312690566,15189.7497805,Statbel 2025 regional T8 dwelling counts by R1-R4 type; R5/R6 retained as an excluded residual; R4 split equally between apartment archetypes,"Statbel Census 2021 HC37 conventional dwellings in residential buildings with 2 or 3+ dwellings, jointly classified by building size and construction period",R1-R3 building-age profiles are applied to the matching dwelling totals; each resulting house-category dwelling retains its whole-house TABULA geometry; national absolute heat-demand and capacity results are conditional on this mapping,2021 conventional dwellings in RES2+RES3+,22006.5,0.0830996845033,"Occupied and unoccupied HC37 conventional dwellings in RES2 and RES3+ are summed, unknown construction periods are excluded, and the exact HC37 2001-2005/2006-2010 split is retained. The resulting age profile is scaled to the regional 2025 T8 R4 dwelling total and then split 50/50 by apartment position.",official_Statbel_type_by_age_profiles_scaled_to_2025_type_totals,"Statbel R4 apartment dwellings are split 50/50 between Apartment, enclosed and Apartment, exposed because apartment position is not identified.",43108,0.0707674628581,100.1,320.3,44.8,0,17.9,0,0,0,0,13.4,0,13.4,0,26.8,TABULA_standard_B_proxy,0.0562,5.62,0.05615,0.05625,5.615,5.625,0.005,reported_share,reported value plus or minus half the printed unit,PEB B family,2025-01-01,406785 residential PEB certificates established through 2025-01-01 including existing and new dwellings and expired certificates,The certificate set includes existing and new dwellings and expired certificates through 1 January 2025; transaction timing and conservative conventional inputs affect the distribution; the B family supplies a calibration anchor for the TABULA standard physical proxy.,Standard Measures,fixed_TABULA_EPB2010_package,exhaust_air_ventilation,0,False,TABULA states that the EPB2010 upgrade measures are already achieved by the post-2005 class; the same physical values preserve a complete state matrix while post-2005 existing cells are ineligible for medium transitions.,2025,853.663937665,852.904450176,854.423425154,"independence/null assumption: P(state | region, archetype) = P(state | region)",regional marginal calibrated; archetype-state joint distribution unavailable,False,True,VITO EPB2010 standard measures apply through 1991-2005; post-2005 existing cells retain the complete standard calibration state and remain eligible for advanced renovation,0.4,0.3,0.4,2,2.9,6,https://document.environnement.brussels/opac_css/elecfile/Statistiques_certificatsPEB_residentiel_donnees_2024.pdf,Brussels Environment residential PEB statistics 2024 PDF page 8,2026-07-27,https://episcope.eu/fileadmin/tabula/public/docs/scientific/BE_TABULA_ScientificReport_VITO.pdf,Section 4.2.3 on printed pages 44-46 / PDF pages 55-57; post-2005 applicability on printed page 54 / PDF page 65; service measures on printed pages 49-50 / PDF pages 60-61,2026-07-27,268.8,0.83921323759,20,13.44,0.0419606618795,60.76,4.5024,0.651972027972
Brussels-Capital Region,BE_TABULA_24,"Apartment, enclosed",post-2005,24,566042,0.0268350224551,0.00274312690566,15189.7497805,Statbel 2025 regional T8 dwelling counts by R1-R4 type; R5/R6 retained as an excluded residual; R4 split equally between apartment archetypes,"Statbel Census 2021 HC37 conventional dwellings in residential buildings with 2 or 3+ dwellings, jointly classified by building size and construction period",R1-R3 building-age profiles are applied to the matching dwelling totals; each resulting house-category dwelling retains its whole-house TABULA geometry; national absolute heat-demand and capacity results are conditional on this mapping,2021 conventional dwellings in RES2+RES3+,22006.5,0.0830996845033,"Occupied and unoccupied HC37 conventional dwellings in RES2 and RES3+ are summed, unknown construction periods are excluded, and the exact HC37 2001-2005/2006-2010 split is retained. The resulting age profile is scaled to the regional 2025 T8 R4 dwelling total and then split 50/50 by apartment position.",official_Statbel_type_by_age_profiles_scaled_to_2025_type_totals,"Statbel R4 apartment dwellings are split 50/50 between Apartment, enclosed and Apartment, exposed because apartment position is not identified.",43108,0.0707674628581,100.1,320.3,44.8,0,17.9,0,0,0,0,13.4,0,13.4,0,26.8,TABULA_advanced_A_proxy,0.0155,1.55,0.01545,0.01555,1.545,1.555,0.005,reported_share,reported value plus or minus half the printed unit,PEB A family including A-/A/A+/A++,2025-01-01,406785 residential PEB certificates established through 2025-01-01 including existing and new dwellings and expired certificates,The certificate set includes existing and new dwellings and expired certificates through 1 January 2025; transaction timing and conservative conventional inputs affect the distribution; the A family supplies a calibration anchor for the TABULA advanced physical proxy.,Advanced Measures,fixed_TABULA_low_energy_package,balanced_mechanical_HRV,0.8,True,TABULA applies the Low Energy package to every dwelling type.,2025,235.441121598,234.681634109,236.200609087,"independence/null assumption: P(state | region, archetype) = P(state | region)",regional marginal calibrated; archetype-state joint distribution unavailable,False,False,VITO EPB2010 standard measures apply through 1991-2005; post-2005 existing cells retain the complete standard calibration state and remain eligible for advanced renovation,0.25,0.15,0.25,1.6,1.6,2.5,https://document.environnement.brussels/opac_css/elecfile/Statistiques_certificatsPEB_residentiel_donnees_2024.pdf,Brussels Environment residential PEB statistics 2024 PDF page 8,2026-07-27,https://episcope.eu/fileadmin/tabula/public/docs/scientific/BE_TABULA_ScientificReport_VITO.pdf,Section 4.2.3 on printed pages 44-46 / PDF pages 55-57; service measures on printed pages 49-50 / PDF pages 60-61,2026-07-27,112,0.349672182329,20,5.6,0.0174836091165,47.355,1.876,0.491818181818
Brussels-Capital Region,BE_TABULA_25,"Apartment, exposed",post-2005,25,566042,0.0268350224551,0.00274312690566,15189.7497805,Statbel 2025 regional T8 dwelling counts by R1-R4 type; R5/R6 retained as an excluded residual; R4 split equally between apartment archetypes,"Statbel Census 2021 HC37 conventional dwellings in residential buildings with 2 or 3+ dwellings, jointly classified by building size and construction period",R1-R3 building-age profiles are applied to the matching dwelling totals; each resulting house-category dwelling retains its whole-house TABULA geometry; national absolute heat-demand and capacity results are conditional on this mapping,2021 conventional dwellings in RES2+RES3+,22006.5,0.0830996845033,"Occupied and unoccupied HC37 conventional dwellings in RES2 and RES3+ are summed, unknown construction periods are excluded, and the exact HC37 2001-2005/2006-2010 split is retained. The resulting age profile is scaled to the regional 2025 T8 R4 dwelling total and then split 50/50 by apartment position.",official_Statbel_type_by_age_profiles_scaled_to_2025_type_totals,"Statbel R4 apartment dwellings are split 50/50 between Apartment, enclosed and Apartment, exposed because apartment position is not identified.",43108,0.0707674628581,100.1,320.3,190.7,100.1,63.7,0,0,0,0,13.4,0,13.4,0,26.8,TABULA_existing,0.9283,92.83,0.9282,0.9284,92.82,92.84,0.01,derived_residual,Existing=1-B-A; lower=1-B_upper-A_upper; upper=1-B_lower-A_lower,residual below PEB B,2025-01-01,406785 residential PEB certificates established through 2025-01-01 including existing and new dwellings and expired certificates,The certificate set includes existing and new dwellings and expired certificates through 1 January 2025; transaction timing and conservative conventional inputs affect the distribution; the two-decimal A and B shares each have a 0.005 percentage-point rounding interval.,Existing State,age_and_type_specific,existing_unspecified,,,Physical parameters are read from each base archetype row.,2025,14100.6447212,14099.1257463,14102.1636962,"independence/null assumption: P(state | region, archetype) = P(state | region)",regional marginal calibrated; archetype-state joint distribution unavailable,False,True,VITO EPB2010 standard measures apply through 1991-2005; post-2005 existing cells retain the complete standard calibration state and remain eligible for advanced renovation,0.4,0.3,0.4,2,2.9,6,https://document.environnement.brussels/opac_css/elecfile/Statistiques_certificatsPEB_residentiel_donnees_2024.pdf,Brussels Environment residential PEB statistics 2024 PDF page 8,2026-07-27,https://episcope.eu/fileadmin/tabula/public/docs/scientific/BE_TABULA_ScientificReport_VITO.pdf,Tables 9 and 10 on printed pages 45-48 / PDF pages 56-59; Table 19 on printed pages 85-86 / PDF pages 96-97,2026-07-27,1144.2,3.57227599126,20,57.21,0.178613799563,109.11,19.16535,1.28147202797
Brussels-Capital Region,BE_TABULA_25,"Apartment, exposed",post-2005,25,566042,0.0268350224551,0.00274312690566,15189.7497805,Statbel 2025 regional T8 dwelling counts by R1-R4 type; R5/R6 retained as an excluded residual; R4 split equally between apartment archetypes,"Statbel Census 2021 HC37 conventional dwellings in residential buildings with 2 or 3+ dwellings, jointly classified by building size and construction period",R1-R3 building-age profiles are applied to the matching dwelling totals; each resulting house-category dwelling retains its whole-house TABULA geometry; national absolute heat-demand and capacity results are conditional on this mapping,2021 conventional dwellings in RES2+RES3+,22006.5,0.0830996845033,"Occupied and unoccupied HC37 conventional dwellings in RES2 and RES3+ are summed, unknown construction periods are excluded, and the exact HC37 2001-2005/2006-2010 split is retained. The resulting age profile is scaled to the regional 2025 T8 R4 dwelling total and then split 50/50 by apartment position.",official_Statbel_type_by_age_profiles_scaled_to_2025_type_totals,"Statbel R4 apartment dwellings are split 50/50 between Apartment, enclosed and Apartment, exposed because apartment position is not identified.",43108,0.0707674628581,100.1,320.3,190.7,100.1,63.7,0,0,0,0,13.4,0,13.4,0,26.8,TABULA_standard_B_proxy,0.0562,5.62,0.05615,0.05625,5.615,5.625,0.005,reported_share,reported value plus or minus half the printed unit,PEB B family,2025-01-01,406785 residential PEB certificates established through 2025-01-01 including existing and new dwellings and expired certificates,The certificate set includes existing and new dwellings and expired certificates through 1 January 2025; transaction timing and conservative conventional inputs affect the distribution; the B family supplies a calibration anchor for the TABULA standard physical proxy.,Standard Measures,fixed_TABULA_EPB2010_package,exhaust_air_ventilation,0,False,TABULA states that the EPB2010 upgrade measures are already achieved by the post-2005 class; the same physical values preserve a complete state matrix while post-2005 existing cells are ineligible for medium transitions.,2025,853.663937665,852.904450176,854.423425154,"independence/null assumption: P(state | region, archetype) = P(state | region)",regional marginal calibrated; archetype-state joint distribution unavailable,False,True,VITO EPB2010 standard measures apply through 1991-2005; post-2005 existing cells retain the complete standard calibration state and remain eligible for advanced renovation,0.4,0.3,0.4,2,2.9,6,https://document.environnement.brussels/opac_css/elecfile/Statistiques_certificatsPEB_residentiel_donnees_2024.pdf,Brussels Environment residential PEB statistics 2024 PDF page 8,2026-07-27,https://episcope.eu/fileadmin/tabula/public/docs/scientific/BE_TABULA_ScientificReport_VITO.pdf,Section 4.2.3 on printed pages 44-46 / PDF pages 55-57; post-2005 applicability on printed page 54 / PDF page 65; service measures on printed pages 49-50 / PDF pages 60-61,2026-07-27,1144.2,3.57227599126,20,57.21,0.178613799563,109.11,19.16535,1.28147202797
Brussels-Capital Region,BE_TABULA_25,"Apartment, exposed",post-2005,25,566042,0.0268350224551,0.00274312690566,15189.7497805,Statbel 2025 regional T8 dwelling counts by R1-R4 type; R5/R6 retained as an excluded residual; R4 split equally between apartment archetypes,"Statbel Census 2021 HC37 conventional dwellings in residential buildings with 2 or 3+ dwellings, jointly classified by building size and construction period",R1-R3 building-age profiles are applied to the matching dwelling totals; each resulting house-category dwelling retains its whole-house TABULA geometry; national absolute heat-demand and capacity results are conditional on this mapping,2021 conventional dwellings in RES2+RES3+,22006.5,0.0830996845033,"Occupied and unoccupied HC37 conventional dwellings in RES2 and RES3+ are summed, unknown construction periods are excluded, and the exact HC37 2001-2005/2006-2010 split is retained. The resulting age profile is scaled to the regional 2025 T8 R4 dwelling total and then split 50/50 by apartment position.",official_Statbel_type_by_age_profiles_scaled_to_2025_type_totals,"Statbel R4 apartment dwellings are split 50/50 between Apartment, enclosed and Apartment, exposed because apartment position is not identified.",43108,0.0707674628581,100.1,320.3,190.7,100.1,63.7,0,0,0,0,13.4,0,13.4,0,26.8,TABULA_advanced_A_proxy,0.0155,1.55,0.01545,0.01555,1.545,1.555,0.005,reported_share,reported value plus or minus half the printed unit,PEB A family including A-/A/A+/A++,2025-01-01,406785 residential PEB certificates established through 2025-01-01 including existing and new dwellings and expired certificates,The certificate set includes existing and new dwellings and expired certificates through 1 January 2025; transaction timing and conservative conventional inputs affect the distribution; the A family supplies a calibration anchor for the TABULA advanced physical proxy.,Advanced Measures,fixed_TABULA_low_energy_package,balanced_mechanical_HRV,0.8,True,TABULA applies the Low Energy package to every dwelling type.,2025,235.441121598,234.681634109,236.200609087,"independence/null assumption: P(state | region, archetype) = P(state | region)",regional marginal calibrated; archetype-state joint distribution unavailable,False,False,VITO EPB2010 standard measures apply through 1991-2005; post-2005 existing cells retain the complete standard calibration state and remain eligible for advanced renovation,0.25,0.15,0.25,1.6,1.6,2.5,https://document.environnement.brussels/opac_css/elecfile/Statistiques_certificatsPEB_residentiel_donnees_2024.pdf,Brussels Environment residential PEB statistics 2024 PDF page 8,2026-07-27,https://episcope.eu/fileadmin/tabula/public/docs/scientific/BE_TABULA_ScientificReport_VITO.pdf,Section 4.2.3 on printed pages 44-46 / PDF pages 55-57; service measures on printed pages 49-50 / PDF pages 60-61,2026-07-27,476.75,1.48844832969,20,23.8375,0.0744224164845,73.82,7.9855625,0.817238386613
